Data Set 1:Time(s),Data Set 1:Force(N),Data Set 1:Respiration Rate(bpm)
0,2.7694778442382812,9.0270814895629883
0.10000000000000001,3.3903427124023438,
0.20000000000000001,4.1466217041015625,
0.29999999999999999,4.4608917236328125,
0.40000000000000002,4.57586669921875,
0.5,4.6244125366210938,
0.59999999999999998,4.9182357788085938,
0.69999999999999996,5.1660690307617188,
0.80000000000000004,5.1686248779296875,
0.90000000000000002,5.117523193359375,
1,5.2938156127929688,
1.1000000000000001,5.6029739379882812,
1.2,5.8738021850585938,
1.3,5.9504547119140625,
1.3999999999999999,5.8891372680664062,
1.5,5.9504547119140625,
1.6000000000000001,6.0449905395507812,
1.7,6.0066604614257812,
1.8,5.817596435546875,
1.8999999999999999,5.7818222045898438,
2,5.9581222534179688,
2.1000000000000001,5.9504547119140625,
2.2000000000000002,5.53143310546875,
2.2999999999999998,4.9821090698242188,
2.3999999999999999,4.6371841430664062,
2.5,4.3944625854492188,
2.6000000000000001,4.1542892456054688,
2.7000000000000002,3.921783447265625,
2.7999999999999998,3.69183349609375,
2.8999999999999999,3.518096923828125,
3,3.43377685546875,
3.1000000000000001,3.3060302734375,
3.2000000000000002,3.0403060913085938,
3.2999999999999998,2.8026962280273438,
3.3999999999999999,2.6851654052734375,
3.5,2.58807373046875,
3.6000000000000001,2.467987060546875,
3.7000000000000002,2.376007080078125,
3.7999999999999998,2.3453521728515625,
3.8999999999999999,2.3427963256835938,
4,2.3095779418945312,
4.0999999999999996,2.209930419921875,
4.2000000000000002,2.11029052734375,
4.2999999999999998,2.07196044921875,
4.4000000000000004,2.07196044921875,
4.5,2.0668563842773438,
4.5999999999999996,2.0413055419921875,
4.7000000000000002,2.0131988525390625,
4.7999999999999998,2.0336380004882812,
4.9000000000000004,2.0668563842773438,
5,2.0540771484375,
5.0999999999999996,2.0285263061523438,
5.2000000000000002,2.018310546875,
5.2999999999999998,2.0106430053710938,
5.4000000000000004,2.0157546997070312,
5.5,2.0336380004882812,
5.5999999999999996,2.046417236328125,
5.7000000000000002,2.0413055419921875,
5.7999999999999998,2.0438613891601562,
5.9000000000000004,2.0617446899414062,
6,2.0975112915039062,
6.0999999999999996,2.1639404296875,
6.2000000000000002,2.2865829467773438,
6.2999999999999998,2.47821044921875,
6.4000000000000004,2.7132720947265625,
6.5,2.973876953125,
6.5999999999999996,3.2523727416992188,
6.7000000000000002,3.5308685302734375,
6.7999999999999998,3.7710418701171875,
6.9000000000000004,3.9805526733398438,
7,4.16961669921875,
7.0999999999999996,4.3126983642578125,
7.2000000000000002,4.3893508911132812,
7.2999999999999998,4.4608917236328125,
7.4000000000000004,4.5579757690429688,
7.5,4.6627349853515625,
7.5999999999999996,4.7419357299804688,
7.7000000000000002,4.7725982666015625,
7.7999999999999998,4.7777099609375,
7.9000000000000004,4.7393875122070312,
8,4.6269607543945312,
8.0999999999999996,4.4966583251953125,
8.1999999999999993,4.4123458862304688,
8.3000000000000007,4.3689117431640625,
8.4000000000000004,4.3331375122070312,
8.5,4.3152542114257812,
8.5999999999999996,4.3050308227539062,
8.6999999999999993,4.3050308227539062,
8.8000000000000007,4.2922592163085938,
8.9000000000000004,4.20794677734375,
9,4.105743408203125,
9.0999999999999996,4.0495376586914062,
9.1999999999999993,4.0112075805664062,
9.3000000000000007,3.9831008911132812,
9.4000000000000004,3.9754409790039062,
9.5,3.9473342895507812,
9.5999999999999996,3.8987884521484375,
9.6999999999999993,3.8502426147460938,
9.8000000000000007,3.7735977172851562,
9.9000000000000004,3.6202926635742188,
10,3.4312210083007812,7.3952341079711914
10.1,3.2702560424804688,
10.199999999999999,3.1450653076171875,
10.300000000000001,3.037750244140625,
10.4,2.9253311157226562,
10.5,2.8154678344726562,
10.6,2.7132720947265625,
10.699999999999999,2.616180419921875,
10.800000000000001,2.5267562866210938,
10.9,2.4373321533203125,
11,2.3530120849609375,
11.1,2.2686996459960938,
11.199999999999999,2.1690521240234375,
11.300000000000001,2.0770721435546875,
11.4,2.0208663940429688,
11.5,1.9927597045898438,
11.6,1.97998046875,
11.699999999999999,1.9672088623046875,
11.800000000000001,1.9569854736328125,
11.9,1.9518814086914062,
12,1.954437255859375,
12.1,1.9569854736328125,
12.199999999999999,1.96209716796875,
12.300000000000001,1.9569854736328125,
12.4,1.933990478515625,
12.5,1.9212188720703125,
12.6,1.9314422607421875,
12.699999999999999,1.9518814086914062,
12.800000000000001,1.9774322509765625,
12.9,2.0029754638671875,
13,2.0310821533203125,
13.1,2.0515213012695312,
13.199999999999999,2.0694122314453125,
13.300000000000001,2.0847396850585938,
13.4,2.0924072265625,
13.5,2.082183837890625,
13.6,2.0489654541015625,
13.699999999999999,2.0310821533203125,
13.800000000000001,2.0745162963867188,
13.9,2.2124862670898438,
14,2.3990020751953125,
14.1,2.6085128784179688,
14.199999999999999,2.8767852783203125,
14.300000000000001,3.13995361328125,
14.4,3.3724594116210938,
14.5,3.6049652099609375,
14.6,3.8195877075195312,
14.699999999999999,3.9805526733398438,
14.800000000000001,4.1261825561523438,
14.9,4.3126983642578125,
15,4.5094375610351562,
15.1,4.7010574340820312,
15.199999999999999,4.8952407836914062,
15.300000000000001,5.0613174438476562,
15.4,5.1941757202148438,
15.5,5.32958984375,
15.6,5.3909072875976562,
15.699999999999999,5.301483154296875,
15.800000000000001,5.1584014892578125,
15.9,5.071533203125,
16,5.0102157592773438,
16.100000000000001,4.9258956909179688,
16.199999999999999,4.8032608032226562,
16.300000000000001,4.6729507446289062,
16.399999999999999,4.5886383056640625,
16.5,4.5452041625976562,
16.600000000000001,4.4481124877929688,
16.699999999999999,4.2283859252929688,
16.800000000000001,3.9268951416015625,
16.899999999999999,3.6611709594726562,
17,3.4669952392578125,
17.100000000000001,3.2830352783203125,
17.199999999999999,3.10418701171875,
17.300000000000001,2.9585494995117188,
17.399999999999999,2.8307952880859375,
17.5,2.708160400390625,
17.600000000000001,2.598297119140625,
17.699999999999999,2.5037612915039062,
17.800000000000001,2.393890380859375,
17.899999999999999,2.2763671875,
18,2.192047119140625,
18.100000000000001,2.1435012817382812,
18.199999999999999,2.1077346801757812,
18.300000000000001,2.0796279907226562,
18.399999999999999,2.0540771484375,
18.5,2.03619384765625,
18.600000000000001,2.03619384765625,
18.699999999999999,2.0438613891601562,
18.800000000000001,2.0310821533203125,
18.899999999999999,1.9927597045898438,
19,1.9391021728515625,
19.100000000000001,1.9288864135742188,
19.199999999999999,1.954437255859375,
19.300000000000001,2.0106430053710938,
19.399999999999999,2.1026229858398438,
19.5,2.2150421142578125,
19.600000000000001,2.340240478515625,
19.699999999999999,2.4628753662109375,
19.800000000000001,2.5829620361328125,
19.899999999999999,2.7515945434570312,
20,2.9713211059570312,7.0810389518737793
20.100000000000001,3.2012710571289062,
20.199999999999999,3.426116943359375,
20.300000000000001,3.6151809692382812,
20.399999999999999,3.7710418701171875,
20.5,3.8962326049804688,
20.600000000000001,3.9652175903320312,
20.699999999999999,4.0035476684570312,
20.800000000000001,4.05975341796875,
20.899999999999999,4.0980758666992188,
21,4.0929718017578125,
21.100000000000001,4.05975341796875,
21.199999999999999,4.0009918212890625,
21.300000000000001,3.9345626831054688,
21.399999999999999,3.8885726928710938,
21.5,3.8527984619140625,
21.600000000000001,3.7735977172851562,
21.699999999999999,3.65606689453125,
21.800000000000001,3.5691909790039062,
21.899999999999999,3.5257568359375,
22,3.4976577758789062,
22.100000000000001,3.4669952392578125,
22.199999999999999,3.444000244140625,
22.300000000000001,3.426116943359375,
22.399999999999999,3.4184494018554688,
22.5,3.4235610961914062,
22.600000000000001,3.4235610961914062,
22.699999999999999,3.4491119384765625,
22.800000000000001,3.4951019287109375,
22.899999999999999,3.4848785400390625,
23,3.4388885498046875,
23.100000000000001,3.4031219482421875,
23.199999999999999,3.3826751708984375,
23.300000000000001,3.369903564453125,
23.399999999999999,3.35968017578125,
23.5,3.35968017578125,
23.600000000000001,3.3724594116210938,
23.699999999999999,3.380126953125,
23.800000000000001,3.3826751708984375,
23.899999999999999,3.380126953125,
24,3.3826751708984375,
24.100000000000001,3.3571319580078125,
24.199999999999999,3.3366851806640625,
24.300000000000001,3.35968017578125,
24.399999999999999,3.380126953125,
24.5,3.3852310180664062,
24.600000000000001,3.387786865234375,
24.699999999999999,3.3903427124023438,
24.800000000000001,3.39801025390625,
24.899999999999999,3.4107818603515625,
25,3.4312210083007812,
25.100000000000001,3.4848785400390625,
25.199999999999999,3.6407318115234375,
25.300000000000001,3.9090118408203125,
25.399999999999999,4.1415176391601562,
25.5,4.345916748046875,
25.600000000000001,4.7547149658203125,
25.699999999999999,5.3525848388671875,
25.800000000000001,5.8814697265625,
25.899999999999999,6.2570571899414062,
26,6.6173095703125,
26.100000000000001,6.9366836547851562,
26.199999999999999,7.0976486206054688,
26.300000000000001,7.2586135864257812,
26.399999999999999,7.51922607421875,
26.5,7.7747268676757812,
26.600000000000001,7.8258209228515625,
26.699999999999999,7.6418609619140625,
26.800000000000001,7.6418609619140625,
26.899999999999999,7.8897018432617188,
27,8.124755859375,
27.100000000000001,8.3879241943359375,
27.199999999999999,8.7098541259765625,
27.300000000000001,8.9116973876953125,
27.399999999999999,8.8043899536132812,
27.5,8.27294921875,
27.600000000000001,7.5933151245117188,
27.699999999999999,7.158966064453125,
27.800000000000001,6.8344802856445312,
27.899999999999999,6.4077987670898438,
28,5.9146804809570312,
28.100000000000001,5.5467605590820312,
28.199999999999999,5.2938156127929688,
28.300000000000001,4.961669921875,
28.399999999999999,4.53753662109375,
28.5,4.2386016845703125,
28.600000000000001,4.0674209594726562,
28.699999999999999,3.8553543090820312,
28.800000000000001,3.709716796875,
28.899999999999999,3.6381759643554688,
29,3.4874343872070312,
29.100000000000001,3.295806884765625,
29.199999999999999,3.1450653076171875,
29.300000000000001,3.03009033203125,
29.399999999999999,2.9304428100585938,
29.5,2.835906982421875,
29.600000000000001,2.7234878540039062,
29.699999999999999,2.6212921142578125,
29.800000000000001,2.5727462768554688,
29.899999999999999,2.542083740234375,
30,2.5318603515625,2.3364486694335938
30.100000000000001,2.5471954345703125,
30.199999999999999,2.5190887451171875,
30.300000000000001,2.4628753662109375,
30.399999999999999,2.4296646118164062,
30.5,2.414337158203125,
30.600000000000001,2.3836746215820312,
30.699999999999999,2.2916946411132812,
30.800000000000001,2.2022705078125,
30.899999999999999,2.128173828125,
31,2.0566329956054688,
31.100000000000001,1.97998046875,
31.199999999999999,1.9135513305664062,
31.300000000000001,1.9007797241210938,
31.399999999999999,1.9237747192382812,
31.5,1.9953155517578125,
31.600000000000001,2.1051788330078125,
31.699999999999999,2.2175979614257812,
31.800000000000001,2.3274612426757812,
31.899999999999999,2.4526596069335938,
32,2.5574111938476562,
32.100000000000001,2.6493911743164062,
32.200000000000003,2.8154678344726562,
32.299999999999997,3.0224227905273438,
32.399999999999999,3.1731719970703125,
32.5,3.242156982421875,
32.600000000000001,3.24981689453125,
32.700000000000003,3.2166061401367188,
32.799999999999997,3.1655044555664062,
32.899999999999999,3.1322860717773438,
33,3.0786361694335938,
33.100000000000001,2.9815444946289062,
33.200000000000003,2.9074478149414062,
33.299999999999997,2.8793411254882812,
33.399999999999999,2.8665695190429688,
33.5,2.853790283203125,
33.600000000000001,2.8589019775390625,
33.700000000000003,2.8691253662109375,
33.799999999999997,2.88189697265625,
33.899999999999999,2.8946762084960938,
34,2.9048919677734375,
34.100000000000001,2.927886962890625,
34.200000000000003,2.9253311157226562,
34.299999999999997,2.892120361328125,
34.399999999999999,2.8767852783203125,
34.5,2.8767852783203125,
34.600000000000001,2.874237060546875,
34.700000000000003,2.8895645141601562,
34.799999999999997,2.9074478149414062,
34.899999999999999,2.910003662109375,
35,2.910003662109375,
35.100000000000001,2.9125595092773438,
35.200000000000003,2.9227752685546875,
35.299999999999997,2.9304428100585938,
35.399999999999999,2.9253311157226562,
35.5,2.88189697265625,
35.600000000000001,2.8154678344726562,
35.700000000000003,2.761810302734375,
35.799999999999997,2.7490386962890625,
35.899999999999999,2.7643661499023438,
36,2.7797012329101562,
36.100000000000001,2.7873611450195312,
36.200000000000003,2.7924728393554688,
36.299999999999997,2.8026962280273438,
36.399999999999999,2.8307952880859375,
36.5,2.8972320556640625,
36.600000000000001,2.9866561889648438,
36.700000000000003,3.0684127807617188,
36.799999999999997,3.1731719970703125,
36.899999999999999,3.3775711059570312,
37,3.6330718994140625,
37.100000000000001,3.8630218505859375,
37.200000000000003,4.0853042602539062,
37.299999999999997,4.3280258178710938,
37.399999999999999,4.5733108520507812,
37.5,4.7700424194335938,
37.600000000000001,4.9182357788085938,
37.700000000000003,5.0127716064453125,
37.799999999999997,5.0459823608398438,
37.899999999999999,4.9872207641601562,
38,4.8211441040039062,
38.100000000000001,4.6474075317382812,
38.200000000000003,4.5247650146484375,
38.299999999999997,4.4251174926757812,
38.399999999999999,4.3510208129882812,
38.5,4.2999267578125,
38.600000000000001,4.2692642211914062,
38.700000000000003,4.2590408325195312,
38.799999999999997,4.2641525268554688,
38.899999999999999,4.271820068359375,
39,4.2615966796875,
39.100000000000001,4.1747283935546875,
39.200000000000003,4.05975341796875,
39.299999999999997,3.9907684326171875,
39.399999999999999,3.94989013671875,
39.5,3.9141159057617188,
39.600000000000001,3.8885726928710938,
39.700000000000003,3.8553543090820312,
39.799999999999997,3.8068084716796875,
39.899999999999999,3.7608184814453125,
40,3.7122726440429688,0
40.100000000000001,3.599853515625,
40.200000000000003,3.4082260131835938,
40.299999999999997,3.168060302734375,
40.399999999999999,2.9125595092773438,
40.5,2.7132720947265625,
40.600000000000001,2.577850341796875,
40.700000000000003,2.4986495971679688,
40.799999999999997,2.4271087646484375,
40.899999999999999,2.3708953857421875,
41,2.3172454833984375,
41.100000000000001,2.2763671875,
41.200000000000003,2.2405929565429688,
41.299999999999997,2.2048263549804688,
41.399999999999999,2.1767196655273438,
41.5,2.1511688232421875,
41.600000000000001,2.11029052734375,
41.700000000000003,2.0617446899414062,
41.799999999999997,2.046417236328125,
41.899999999999999,2.0668563842773438,
42,2.1051788330078125,
42.100000000000001,2.1358413696289062,
42.200000000000003,2.1511688232421875,
42.299999999999997,2.1639404296875,
42.399999999999999,2.1792755126953125,
42.5,2.1869354248046875,
42.600000000000001,2.1946029663085938,
42.700000000000003,2.2022705078125,
42.799999999999997,2.2022705078125,
42.899999999999999,2.1792755126953125,
43,2.1588363647460938,
43.100000000000001,2.1613922119140625,
43.200000000000003,2.1767196655273438,
43.299999999999997,2.1946029663085938,
43.399999999999999,2.2405929565429688,
43.5,2.3351287841796875,
43.600000000000001,2.4654312133789062,
43.700000000000003,2.6085128784179688,
43.799999999999997,2.7745895385742188,
43.899999999999999,3.01220703125,
44,3.2830352783203125,
44.100000000000001,3.50787353515625,
44.200000000000003,3.709716796875,
44.299999999999997,3.903900146484375,
44.399999999999999,4.0623092651367188,
44.5,4.2411575317382812,
44.600000000000001,4.445556640625,
44.700000000000003,4.565643310546875,
44.799999999999997,4.6346282958984375,
44.899999999999999,4.6422958374023438,
45,4.6039657592773438,
45.100000000000001,4.5452041625976562,
45.200000000000003,4.4123458862304688,
45.299999999999997,4.2922592163085938,
45.399999999999999,4.2564926147460938,
45.5,4.2513809204101562,
45.600000000000001,4.2334976196289062,
45.700000000000003,4.2232742309570312,
45.799999999999997,4.20794677734375,
45.899999999999999,4.179840087890625,
46,4.13385009765625,
46.100000000000001,4.0060958862304688,
46.200000000000003,3.7684860229492188,
46.299999999999997,3.4746627807617188,
46.399999999999999,3.1987152099609375,
46.5,2.99176025390625,
46.600000000000001,2.8410186767578125,
46.700000000000003,2.7234878540039062,
46.799999999999997,2.6263961791992188,
46.899999999999999,2.5753021240234375,
47,2.5650787353515625,
47.100000000000001,2.5625228881835938,
47.200000000000003,2.5650787353515625,
47.299999999999997,2.5804061889648438,
47.399999999999999,2.6136245727539062,
47.5,2.6468353271484375,
47.600000000000001,2.651947021484375,
47.700000000000003,2.7388153076171875,
47.799999999999997,2.910003662109375,
47.899999999999999,3.0249786376953125,
48,3.10418701171875,
48.100000000000001,3.1706161499023438,
48.200000000000003,3.2191619873046875,
48.299999999999997,3.2651519775390625,
48.399999999999999,3.295806884765625,
48.5,3.3111419677734375,
48.600000000000001,3.3034744262695312,
48.700000000000003,3.2574844360351562,
48.799999999999997,3.2114944458007812,
48.899999999999999,3.1936111450195312,
49,3.1987152099609375,
49.100000000000001,3.2191619873046875,
49.200000000000003,3.2396011352539062,
49.299999999999997,3.24981689453125,
49.399999999999999,3.2625961303710938,
49.5,3.2830352783203125,
49.600000000000001,3.3034744262695312,
49.700000000000003,3.3162460327148438,
49.799999999999997,3.3060302734375,
49.899999999999999,3.2830352783203125,
50,3.2728118896484375,0
50.100000000000001,3.2728118896484375,
50.200000000000003,3.2804794311523438,
50.299999999999997,3.2906951904296875,
50.399999999999999,3.3034744262695312,
50.5,3.3085861206054688,
50.600000000000001,3.3162460327148438,
50.700000000000003,3.3264694213867188,
50.799999999999997,3.3290252685546875,
50.899999999999999,3.3264694213867188,
51,3.2804794311523438,
51.100000000000001,3.1936111450195312,
51.200000000000003,3.1425094604492188,
51.299999999999997,3.1450653076171875,
51.399999999999999,3.1833877563476562,
51.5,3.2191619873046875,
51.600000000000001,3.2242660522460938,
51.700000000000003,3.221710205078125,
51.799999999999997,3.2268218994140625,
51.899999999999999,3.23193359375,
52,3.2344894409179688,
52.100000000000001,3.221710205078125,
52.200000000000003,3.1731719970703125,
52.299999999999997,3.1169586181640625,
52.399999999999999,3.083740234375,
52.5,3.076080322265625,
52.600000000000001,3.083740234375,
52.700000000000003,3.0888519287109375,
52.799999999999997,3.1016311645507812,
52.899999999999999,3.1144027709960938,
53,3.1220703125,
53.100000000000001,3.1322860717773438,
53.200000000000003,3.1373977661132812,
53.299999999999997,3.1425094604492188,
53.399999999999999,3.13995361328125,
53.5,3.1425094604492188,
53.600000000000001,3.1603927612304688,
53.700000000000003,3.185943603515625,
53.799999999999997,3.2114944458007812,
53.899999999999999,3.221710205078125,
54,3.2114944458007812,
54.100000000000001,3.2063827514648438,
54.200000000000003,3.2166061401367188,
54.299999999999997,3.2344894409179688,
54.399999999999999,3.24981689453125,
54.5,3.2447052001953125,
54.600000000000001,3.1936111450195312,
54.700000000000003,3.1373977661132812,
54.799999999999997,3.1271820068359375,
54.899999999999999,3.13995361328125,
55,3.1603927612304688,
55.100000000000001,3.260040283203125,
55.200000000000003,3.4772109985351562,
55.299999999999997,3.737823486328125,
55.399999999999999,3.9907684326171875,
55.5,4.20794677734375,
55.600000000000001,4.3510208129882812,
55.700000000000003,4.4251174926757812,
55.799999999999997,4.5528717041015625,
55.899999999999999,4.7521591186523438,
56,4.9284515380859375,
56.100000000000001,5.1251907348632812,
56.200000000000003,5.3372573852539062,
56.299999999999997,5.5263214111328125,
56.399999999999999,5.7179489135742188,
56.5,5.8763580322265625,
56.600000000000001,5.9606704711914062,
56.700000000000003,5.9657821655273438,
56.799999999999997,5.8686904907226562,
56.899999999999999,5.7332763671875,
57,5.6208572387695312,
57.100000000000001,5.4931106567382812,
57.200000000000003,5.3551406860351562,
57.299999999999997,5.2043914794921875,
57.399999999999999,5.071533203125,
57.5,4.9412307739257812,
57.600000000000001,4.6831741333007812,
57.700000000000003,4.3331375122070312,
57.799999999999997,4.0495376586914062,
57.899999999999999,3.8834609985351562,
58,3.7582626342773438,
58.100000000000001,3.6024093627929688,
58.200000000000003,3.4388885498046875,
58.299999999999997,3.2983627319335938,
58.399999999999999,3.1578369140625,
58.5,3.019866943359375,
58.600000000000001,2.8895645141601562,
58.700000000000003,2.7669219970703125,
58.799999999999997,2.616180419921875,
58.899999999999999,2.4526596069335938,
59,2.3274612426757812,
59.100000000000001,2.25592041015625,
59.200000000000003,2.2048263549804688,
59.299999999999997,2.1537246704101562,
59.399999999999999,2.1077346801757812,
59.5,2.0668563842773438,
59.600000000000001,2.0336380004882812,
59.700000000000003,2.0131988525390625,
59.799999999999997,2.0029754638671875,
59.899999999999999,2.00042724609375,
60,1.97998046875,6.3626728057861328
60.100000000000001,1.954437255859375,
60.200000000000003,1.9595413208007812,
60.299999999999997,1.990203857421875,
60.399999999999999,2.0208663940429688,
60.5,2.0413055419921875,
60.600000000000001,2.0668563842773438,
60.700000000000003,2.0898513793945312,
60.799999999999997,2.1026229858398438,
60.899999999999999,2.1230621337890625,
61,2.128173828125,
61.100000000000001,2.1051788330078125,
61.200000000000003,2.0898513793945312,
61.299999999999997,2.1205062866210938,
61.399999999999999,2.192047119140625,
61.5,2.2968063354492188,
61.600000000000001,2.4347763061523438,
61.700000000000003,2.5855178833007812,
61.799999999999997,2.7592620849609375,
61.899999999999999,2.9585494995117188,
62,3.1067352294921875,
62.100000000000001,3.1936111450195312,
62.200000000000003,3.28814697265625,
62.299999999999997,3.4031219482421875,
62.399999999999999,3.5283126831054688,
62.5,3.6432876586914062,
62.600000000000001,3.7531509399414062,
62.700000000000003,3.8732376098632812,
62.799999999999997,4.0163192749023438,
62.899999999999999,4.1670608520507812,
63,4.2769317626953125,
63.100000000000001,4.3510208129882812,
63.200000000000003,4.4481124877929688,
63.299999999999997,4.5528717041015625,
63.399999999999999,4.6627349853515625,
63.5,4.7700424194335938,
63.600000000000001,4.841583251953125,
63.700000000000003,4.8824615478515625,
63.799999999999997,4.851806640625,
63.899999999999999,4.7802658081054688,
64,4.7623825073242188,
64.099999999999994,4.7240524291992188,
64.200000000000003,4.6244125366210938,
64.299999999999997,4.5452041625976562,
64.400000000000006,4.4966583251953125,
64.5,4.4404525756835938,
64.599999999999994,4.3893508911132812,
64.700000000000003,4.3510208129882812,
64.799999999999997,4.307586669921875,
64.900000000000006,4.2743759155273438,
65,4.253936767578125,
65.099999999999994,4.24371337890625,
65.200000000000003,4.1772842407226562,
65.299999999999997,4.0342025756835938,
65.400000000000006,3.8885726928710938,
65.5,3.7684860229492188,
65.599999999999994,3.6483993530273438,
65.700000000000003,3.5053176879882812,
65.799999999999997,3.3469085693359375,
65.900000000000006,3.1936111450195312,
66,3.0326461791992188,
66.099999999999994,2.853790283203125,
66.200000000000003,2.6800537109375,
66.299999999999997,2.5190887451171875,
66.400000000000006,2.3555679321289062,
66.5,2.2124862670898438,
66.599999999999994,2.1256179809570312,
66.700000000000003,2.082183837890625,
66.799999999999997,2.0515213012695312,
66.900000000000006,2.0208663940429688,
67,1.9953155517578125,
67.099999999999994,1.9748764038085938,
67.200000000000003,1.9569854736328125,
67.299999999999997,1.9416580200195312,
67.400000000000006,1.9365463256835938,
67.5,1.9467697143554688,
67.599999999999994,1.9237747192382812,
67.700000000000003,1.8675613403320312,
67.799999999999997,1.8471221923828125,
67.900000000000006,1.7985763549804688,
68,1.7449264526367188,
68.099999999999994,1.76025390625,
68.200000000000003,1.7985763549804688,
68.299999999999997,1.862457275390625,
68.400000000000006,1.9876480102539062,
68.5,2.1332855224609375,
68.599999999999994,2.284027099609375,
68.700000000000003,2.4194412231445312,
68.799999999999997,2.5114212036132812,
68.900000000000006,2.6110687255859375,
69,2.7592620849609375,
69.099999999999994,2.9381103515625,
69.200000000000003,3.1322860717773438,
69.299999999999997,3.334136962890625,
69.400000000000006,3.489990234375,
69.5,3.6202926635742188,
69.599999999999994,3.7889251708984375,
69.700000000000003,3.9524459838867188,
69.799999999999997,4.087860107421875,
69.900000000000006,4.1900558471679688,
70,4.2564926147460938,7.1599044799804688
70.099999999999994,4.3382492065429688,
70.200000000000003,4.3765716552734375,
70.299999999999997,4.3867950439453125,
70.400000000000006,4.4762191772460938,
70.5,4.6193008422851562,
70.599999999999994,4.75982666015625,
70.700000000000003,4.8160324096679688,
70.799999999999997,4.851806640625,
70.900000000000006,4.8850173950195312,
71,4.7802658081054688,
71.099999999999994,4.6422958374023438,
71.200000000000003,4.5503158569335938,
71.299999999999997,4.3944625854492188,
71.400000000000006,4.1900558471679688,
71.5,4.069976806640625,
71.599999999999994,3.995880126953125,
71.700000000000003,3.8987884521484375,
71.799999999999997,3.8195877075195312,
71.900000000000006,3.7506027221679688,
72,3.6535110473632812,
72.099999999999994,3.5666427612304688,
72.200000000000003,3.5232009887695312,
72.299999999999997,3.4976577758789062,
72.400000000000006,3.489990234375,
72.5,3.4925460815429688,
72.599999999999994,3.489990234375,
72.700000000000003,3.4874343872070312,
72.799999999999997,3.489990234375,
72.900000000000006,3.489990234375,
73,3.4644393920898438,
73.099999999999994,3.3852310180664062,
73.200000000000003,3.3009185791015625,
73.299999999999997,3.2574844360351562,
73.400000000000006,3.2293777465820312,
73.5,3.2114944458007812,
73.599999999999994,3.21405029296875,
73.700000000000003,3.277923583984375,
73.799999999999997,3.28814697265625,
73.900000000000006,3.1348419189453125,
74,2.9687652587890625,
74.099999999999994,2.835906982421875,
74.200000000000003,2.690277099609375,
74.299999999999997,2.5395278930664062,
74.400000000000006,2.4015579223632812,
74.5,2.3070220947265625,
74.599999999999994,2.2457046508789062,
74.700000000000003,2.2022705078125,
74.799999999999997,2.1588363647460938,
74.900000000000006,2.117950439453125,
75,2.0872955322265625,
75.099999999999994,2.0591888427734375,
75.200000000000003,2.0387496948242188,
75.299999999999997,2.0285263061523438,
75.400000000000006,2.0208663940429688,
75.5,1.9953155517578125,
75.599999999999994,1.9518814086914062,
75.700000000000003,1.9288864135742188,
75.799999999999997,1.9314422607421875,
75.900000000000006,1.9416580200195312,
76,1.9467697143554688,
76.099999999999994,1.9569854736328125,
76.200000000000003,1.9697647094726562,
76.299999999999997,1.9774322509765625,
76.400000000000006,1.97998046875,
76.5,1.9774322509765625,
76.599999999999994,1.97998046875,
76.700000000000003,1.972320556640625,
76.799999999999997,1.9442138671875,
76.900000000000006,1.9391021728515625,
77,1.9518814086914062,
77.099999999999994,1.9672088623046875,
77.200000000000003,1.9850921630859375,
77.299999999999997,2.00042724609375,
77.400000000000006,2.0029754638671875,
77.5,2.0131988525390625,
77.599999999999994,2.0131988525390625,
77.700000000000003,2.0157546997070312,
77.799999999999997,2.0540771484375,
77.900000000000006,2.0872955322265625,
78,2.0872955322265625,
78.099999999999994,2.0847396850585938,
78.200000000000003,2.1026229858398438,
78.299999999999997,2.1511688232421875,
78.400000000000006,2.2150421142578125,
78.5,2.3146896362304688,
78.599999999999994,2.485870361328125,
78.700000000000003,2.6877212524414062,
78.799999999999997,2.8589019775390625,
78.900000000000006,3.0326461791992188,
79,3.221710205078125,
79.099999999999994,3.3571319580078125,
79.200000000000003,3.4542160034179688,
79.299999999999997,3.5794143676757812,
79.400000000000006,3.709716796875,
79.5,3.7991409301757812,
79.599999999999994,3.8502426147460938,
79.700000000000003,3.8936767578125,
79.799999999999997,3.9601058959960938,
79.900000000000006,4.0188751220703125,
80,3.9882125854492188,7.7452669143676758
80.099999999999994,3.9013442993164062,
80.200000000000003,3.8144760131835938,
80.299999999999997,3.7173843383789062,
80.400000000000006,3.627960205078125,
80.5,3.5666427612304688,
80.599999999999994,3.5129852294921875,
80.700000000000003,3.3826751708984375,
80.799999999999997,3.1603927612304688,
80.900000000000006,2.927886962890625,
81,2.7209320068359375,
81.099999999999994,2.5548553466796875,
81.200000000000003,2.4373321533203125,
81.299999999999997,2.3249053955078125,
81.400000000000006,2.2073822021484375,
81.5,2.1026229858398438,
81.599999999999994,2.03619384765625,
81.700000000000003,2.008087158203125,
81.799999999999997,1.9953155517578125,
81.900000000000006,1.9850921630859375,
82,1.9748764038085938,
82.099999999999994,1.9672088623046875,
82.200000000000003,1.954437255859375,
82.299999999999997,1.9416580200195312,
82.400000000000006,1.9569854736328125,
82.5,1.9646530151367188,
82.599999999999994,1.9493255615234375,
82.700000000000003,1.9314422607421875,
82.799999999999997,1.92633056640625,
82.900000000000006,1.9416580200195312,
83,1.9518814086914062,
83.099999999999994,1.9569854736328125,
83.200000000000003,1.9697647094726562,
83.299999999999997,1.97998046875,
83.400000000000006,1.9850921630859375,
83.5,2.00042724609375,
83.599999999999994,2.0055313110351562,
83.700000000000003,1.9825363159179688,
83.799999999999997,1.9595413208007812,
83.900000000000006,1.96209716796875,
84,1.9774322509765625,
84.099999999999994,1.9978713989257812,
84.200000000000003,2.0157546997070312,
84.299999999999997,2.0387496948242188,
84.400000000000006,2.0566329956054688,
84.5,2.0745162963867188,
84.599999999999994,2.1026229858398438,
84.700000000000003,2.1230621337890625,
84.799999999999997,2.1154022216796875,
84.900000000000006,2.0796279907226562,
85,2.0566329956054688,
85.099999999999994,2.0591888427734375,
85.200000000000003,2.0668563842773438,
85.299999999999997,2.0796279907226562,
85.400000000000006,2.0924072265625,
85.5,2.0949554443359375,
85.599999999999994,2.100067138671875,
85.700000000000003,2.1128463745117188,
85.799999999999997,2.1256179809570312,
85.900000000000006,2.1358413696289062,
86,2.1690521240234375,
86.099999999999994,2.2354812622070312,
86.200000000000003,2.36834716796875,
86.299999999999997,2.5829620361328125,
86.400000000000006,2.8282470703125,
86.5,3.0862960815429688,
86.599999999999994,3.3622360229492188,
86.700000000000003,3.6049652099609375,
86.799999999999997,3.7991409301757812,
86.900000000000006,3.9013442993164062,
87,3.8732376098632812,
87.099999999999994,3.737823486328125,
87.200000000000003,3.5257568359375,
87.299999999999997,3.2728118896484375,
87.400000000000006,3.0530853271484375,
87.5,2.892120361328125,
87.599999999999994,2.7515945434570312,
87.700000000000003,2.634063720703125,
87.799999999999997,2.598297119140625,
87.900000000000006,2.577850341796875,
88,2.5344161987304688,
88.099999999999994,2.51397705078125,
88.200000000000003,2.4909820556640625,
88.299999999999997,2.4603271484375,
88.400000000000006,2.4347763061523438,
88.5,2.4271087646484375,
88.599999999999994,2.4373321533203125,
88.700000000000003,2.4603271484375,
88.799999999999997,2.4807662963867188,
88.900000000000006,2.4884262084960938,
89,2.4833221435546875,
89.099999999999994,2.485870361328125,
89.200000000000003,2.4807662963867188,
89.299999999999997,2.4654312133789062,
89.400000000000006,2.4577713012695312,
89.5,2.4271087646484375,
89.599999999999994,2.3632354736328125,
89.700000000000003,2.301910400390625,
89.799999999999997,2.2865829467773438,
89.900000000000006,2.3146896362304688,
90,2.3606796264648438,7.7586207389831543
90.099999999999994,2.4066696166992188,
90.200000000000003,2.4296646118164062,
90.299999999999997,2.4577713012695312,
90.400000000000006,2.5114212036132812,
90.5,2.5574111938476562,
90.599999999999994,2.5829620361328125,
90.700000000000003,2.5727462768554688,
90.799999999999997,2.5369720458984375,
90.900000000000006,2.5190887451171875,
91,2.5471954345703125,
91.099999999999994,2.6212921142578125,
91.200000000000003,2.7745895385742188,
91.299999999999997,2.9943161010742188,
91.400000000000006,3.2344894409179688,
91.5,3.4951019287109375,
91.599999999999994,3.7710418701171875,
91.700000000000003,4.07763671875,
91.799999999999997,4.4021224975585938,
91.900000000000006,4.6499557495117188,
92,4.7521591186523438,
92.099999999999994,4.70361328125,
92.200000000000003,4.5681991577148438,
92.299999999999997,4.3867950439453125,
92.400000000000006,4.1594009399414062,
92.5,3.886016845703125,
92.599999999999994,3.5947418212890625,
92.700000000000003,3.3366851806640625,
92.799999999999997,3.1348419189453125,
92.900000000000006,2.9789886474609375,
93,2.8205795288085938,
93.099999999999994,2.6672821044921875,
93.200000000000003,2.5701904296875,
93.299999999999997,2.5318603515625,
93.400000000000006,2.5088653564453125,
93.5,2.485870361328125,
93.599999999999994,2.4654312133789062,
93.700000000000003,2.4526596069335938,
93.799999999999997,2.4552154541015625,
93.900000000000006,2.4577713012695312,
94,2.4475479125976562,
94.099999999999994,2.450103759765625,
94.200000000000003,2.4552154541015625,
94.299999999999997,2.4552154541015625,
94.400000000000006,2.4756546020507812,
94.5,2.5267562866210938,
94.599999999999994,2.5855178833007812,
94.700000000000003,2.6468353271484375,
94.799999999999997,2.7056045532226562,
94.900000000000006,2.7515945434570312,
95,2.7797012329101562,
95.099999999999994,2.7950286865234375,
95.200000000000003,2.8767852783203125,
95.299999999999997,3.1016311645507812,
95.400000000000006,3.369903564453125,
95.5,3.5691909790039062,
95.599999999999994,3.7122726440429688,
95.700000000000003,3.8246917724609375,
95.799999999999997,3.9447784423828125,
95.900000000000006,4.0750808715820312,
96,4.1823959350585938,
96.099999999999994,4.2232742309570312,
96.200000000000003,4.1875076293945312,
96.299999999999997,4.1389617919921875,
96.400000000000006,4.0623092651367188,
96.5,3.9166717529296875,
96.599999999999994,3.7914810180664062,
96.700000000000003,3.7250518798828125,
96.799999999999997,3.6739501953125,
96.900000000000006,3.627960205078125,
97,3.5947418212890625,
97.099999999999994,3.5615310668945312,
97.200000000000003,3.5334243774414062,
97.299999999999997,3.5129852294921875,
97.400000000000006,3.4772109985351562,
97.5,3.4184494018554688,
97.599999999999994,3.3290252685546875,
97.700000000000003,3.2447052001953125,
97.799999999999997,3.1987152099609375,
97.900000000000006,3.1731719970703125,
98,3.1655044555664062,
98.099999999999994,3.1552810668945312,
98.200000000000003,3.1476211547851562,
98.299999999999997,3.1425094604492188,
98.400000000000006,3.1476211547851562,
98.5,3.1629486083984375,
98.599999999999994,3.1884994506835938,
98.700000000000003,3.1884994506835938,
98.799999999999997,3.1578369140625,
98.900000000000006,3.1271820068359375,
99,3.111846923828125,
99.099999999999994,3.1195144653320312,
99.200000000000003,3.1450653076171875,
99.299999999999997,3.1987152099609375,
99.400000000000006,3.2830352783203125,
99.5,3.3954544067382812,
99.599999999999994,3.5410919189453125,
99.700000000000003,3.6892776489257812,
99.799999999999997,3.8144760131835938,
99.900000000000006,3.87579345703125,
100,3.8655776977539062,9.5313739776611328
100.09999999999999,3.829803466796875,
100.2,3.8221359252929688,
100.3,3.8170318603515625,
100.40000000000001,3.7684860229492188,
100.5,3.7250518798828125,
100.59999999999999,3.7276077270507812,
100.7,3.748046875,
100.8,3.7403793334960938,
100.90000000000001,3.6381759643554688,
101,3.3928985595703125,
101.09999999999999,3.0735244750976562,
101.2,2.7899169921875,
101.3,2.598297119140625,
101.40000000000001,2.467987060546875,
101.5,2.3606796264648438,
101.59999999999999,2.2738113403320312,
101.7,2.2124862670898438,
101.8,2.1613922119140625,
101.90000000000001,2.1205062866210938,
102,2.0847396850585938,
102.09999999999999,2.07196044921875,
102.2,2.0745162963867188,
102.3,2.0489654541015625,
102.40000000000001,2.00042724609375,
102.5,1.972320556640625,
102.59999999999999,1.972320556640625,
102.7,1.9850921630859375,
102.8,2.0055313110351562,
102.90000000000001,2.0515213012695312,
103,2.1307296752929688,
103.09999999999999,2.230377197265625,
103.2,2.3632354736328125,
103.3,2.5190887451171875,
103.40000000000001,2.669830322265625,
103.5,2.7745895385742188,
103.59999999999999,2.8231353759765625,
103.7,2.8512420654296875,
103.8,2.8716812133789062,
103.90000000000001,2.88189697265625,
104,2.8793411254882812,
104.09999999999999,2.8767852783203125,
104.2,2.88189697265625,
104.3,2.8946762084960938,
104.40000000000001,2.910003662109375,
104.5,2.9227752685546875,
104.59999999999999,2.9329986572265625,
104.7,2.9151153564453125,
104.8,2.8665695190429688,
104.90000000000001,2.835906982421875,
105,2.8384628295898438,
105.09999999999999,2.8563461303710938,
105.2,2.8767852783203125,
105.3,2.8972320556640625,
105.40000000000001,2.9074478149414062,
105.5,2.910003662109375,
105.59999999999999,2.9151153564453125,
105.7,2.9253311157226562,
105.8,2.9355545043945312,
105.90000000000001,2.9227752685546875,
106,2.8767852783203125,
106.09999999999999,2.8282470703125,
106.2,2.818023681640625,
106.3,2.8410186767578125,
106.40000000000001,2.864013671875,
106.5,2.8665695190429688,
106.59999999999999,2.8793411254882812,
106.7,2.9023361206054688,
106.8,2.9253311157226562,
106.90000000000001,2.945770263671875,
107,2.9508819580078125,
107.09999999999999,2.9355545043945312,
107.2,2.9048919677734375,
107.3,2.8870086669921875,
107.40000000000001,2.8870086669921875,
107.5,2.9048919677734375,
107.59999999999999,2.9125595092773438,
107.7,2.892120361328125,
107.8,2.88189697265625,
107.90000000000001,2.8946762084960938,
108,2.9023361206054688,
108.09999999999999,2.9125595092773438,
108.2,2.9253311157226562,
108.3,2.9125595092773438,
108.40000000000001,2.9074478149414062,
108.5,2.9585494995117188,
108.59999999999999,3.150177001953125,
108.7,3.4082260131835938,
108.8,3.6254043579101562,
108.90000000000001,3.85791015625,
109,4.087860107421875,
109.09999999999999,4.2948150634765625,
109.2,4.5043258666992188,
109.3,4.7163925170898438,
109.40000000000001,4.8850173950195312,
109.5,5.0408706665039062,
109.59999999999999,5.1967315673828125,
109.7,5.3423614501953125,
109.8,5.5186614990234375,
109.90000000000001,5.697509765625,
110,5.8482513427734375,8.0053367614746094
110.09999999999999,5.963226318359375,
110.2,6.00921630859375,
110.3,5.9811172485351562,
110.40000000000001,5.9197921752929688,
110.5,5.8227005004882812,
110.59999999999999,5.6183013916015625,
110.7,5.34747314453125,
110.8,5.0945281982421875,
110.90000000000001,4.8926849365234375,
111,4.7189407348632812,
111.09999999999999,4.5503158569335938,
111.2,4.3740158081054688,
111.3,4.1568450927734375,
111.40000000000001,3.9345626831054688,
111.5,3.7531509399414062,
111.59999999999999,3.58197021484375,
111.7,3.43377685546875,
111.8,3.2932510375976562,
111.90000000000001,3.1552810668945312,
112,3.019866943359375,
112.09999999999999,2.864013671875,
112.2,2.7158203125,
112.3,2.5753021240234375,
112.40000000000001,2.414337158203125,
112.5,2.2508163452148438,
112.59999999999999,2.1486129760742188,
112.7,2.1205062866210938,
112.8,2.1051788330078125,
112.90000000000001,2.11029052734375,
113,2.1205062866210938,
113.09999999999999,2.064300537109375,
113.2,1.9876480102539062,
113.3,1.9391021728515625,
113.40000000000001,1.9033355712890625,
113.5,1.8599014282226562,
113.59999999999999,1.8087997436523438,
113.7,1.7474822998046875,
113.8,1.6989364624023438,
113.90000000000001,1.6938247680664062,
114,1.7117080688476562,
114.09999999999999,1.7347030639648438,
114.2,1.77813720703125,
114.3,1.842010498046875,
114.40000000000001,1.9237747192382812,
114.5,2.0055313110351562,
114.59999999999999,2.0872955322265625,
114.7,2.1613922119140625,
114.8,2.2124862670898438,
114.90000000000001,2.2584762573242188,
115,2.340240478515625,
115.09999999999999,2.4654312133789062,
115.2,2.6187362670898438,
115.3,2.7745895385742188,
115.40000000000001,2.8767852783203125,
115.5,2.95599365234375,
115.59999999999999,3.1552810668945312,
115.7,3.43377685546875,
115.8,3.6509552001953125,
115.90000000000001,3.8425827026367188,
116,4.0571975708007812,
116.09999999999999,4.2590408325195312,
116.2,4.4200057983398438,
116.3,4.5503158569335938,
116.40000000000001,4.6729507446289062,
116.5,4.7649307250976562,
116.59999999999999,4.8134765625,
116.7,4.851806640625,
116.8,4.9105682373046875,
116.90000000000001,4.841583251953125,
117,4.70361328125,
117.09999999999999,4.6780624389648438,
117.2,4.7444915771484375,
117.3,4.8007049560546875,
117.40000000000001,4.7444915771484375,
117.5,4.5681991577148438,
117.59999999999999,4.345916748046875,
117.7,4.1210708618164062,
117.8,3.8374710083007812,
117.90000000000001,3.5896377563476562,
118,3.4133377075195312,
118.09999999999999,3.2114944458007812,
118.2,3.0786361694335938,
118.3,3.0479736328125,
118.40000000000001,2.9023361206054688,
118.5,2.6545028686523438,
118.59999999999999,2.4909820556640625,
118.7,2.4194412231445312,
118.8,2.3657913208007812,
118.90000000000001,2.3504562377929688,
119,2.3172454833984375,
119.09999999999999,2.2584762573242188,
119.2,2.2073822021484375,
119.3,2.1435012817382812,
119.40000000000001,2.100067138671875,
119.5,2.0668563842773438,
119.59999999999999,1.9953155517578125,
119.7,1.9314422607421875,
119.8,1.9212188720703125,
119.90000000000001,1.9391021728515625,
120,1.954437255859375,9.6852302551269531
120.09999999999999,1.9850921630859375,
120.2,2.0413055419921875,
120.3,2.0847396850585938,
120.40000000000001,2.1154022216796875,
120.5,2.1511688232421875,
120.59999999999999,2.1946029663085938,
120.7,2.209930419921875,
120.8,2.18438720703125,
120.90000000000001,2.1588363647460938,
121,2.1664962768554688,
121.09999999999999,2.1767196655273438,
121.2,2.1894912719726562,
121.3,2.1997146606445312,
121.40000000000001,2.2048263549804688,
121.5,2.2124862670898438,
121.59999999999999,2.2150421142578125,
121.7,2.22015380859375,
121.8,2.2227096557617188,
121.90000000000001,2.2048263549804688,
122,2.1639404296875,
122.09999999999999,2.1332855224609375,
122.2,2.1332855224609375,
122.3,2.1511688232421875,
122.40000000000001,2.1613922119140625,
122.5,2.1664962768554688,
122.59999999999999,2.1690521240234375,
122.7,2.1690521240234375,
122.8,2.1716079711914062,
122.90000000000001,2.1818313598632812,
123,2.1690521240234375,
123.09999999999999,2.11029052734375,
123.2,2.0872955322265625,
123.3,2.07196044921875,
123.40000000000001,2.0668563842773438,
123.5,2.1435012817382812,
123.59999999999999,2.18438720703125,
123.7,2.1869354248046875,
123.8,2.1997146606445312,
123.90000000000001,2.2584762573242188,
124,2.3887863159179688,
124.09999999999999,2.5471954345703125,
124.2,2.6826095581054688,
124.3,2.782257080078125,
124.40000000000001,2.9125595092773438,
124.5,3.083740234375,
124.59999999999999,3.2702560424804688,
124.7,3.4567718505859375,
124.8,3.6202926635742188,
124.90000000000001,3.7148284912109375,
125,3.7250518798828125,
125.09999999999999,3.719940185546875,
125.2,3.702056884765625,
125.3,3.6024093627929688,
125.40000000000001,3.4695510864257812,
125.5,3.380126953125,
125.59999999999999,3.295806884765625,
125.7,3.2063827514648438,
125.8,3.1476211547851562,
125.90000000000001,3.0811920166015625,
126,3.0096511840820312,
126.09999999999999,3.0070953369140625,
126.2,3.0556411743164062,
126.3,3.0607452392578125,
126.40000000000001,3.0045394897460938,
126.5,2.9636611938476562,
126.59999999999999,2.9968719482421875,
126.7,3.0249786376953125,
126.8,3.0249786376953125,
126.90000000000001,3.0275344848632812,
127,3.0224227905273438,
127.09999999999999,3.0173110961914062,
127.2,3.019866943359375,
127.3,3.0147552490234375,
127.40000000000001,2.9994277954101562,
127.5,2.99176025390625,
127.59999999999999,2.9636611938476562,
127.7,2.9074478149414062,
127.8,2.8512420654296875,
127.90000000000001,2.8282470703125,
128,2.8691253662109375,
128.09999999999999,2.9687652587890625,
128.19999999999999,3.0147552490234375,
128.30000000000001,2.9866561889648438,
128.40000000000001,2.9483261108398438,
128.5,2.8563461303710938,
128.59999999999999,2.66217041015625,
128.69999999999999,2.5318603515625,
128.80000000000001,2.4909820556640625,
128.90000000000001,2.4424362182617188,
129,2.49609375,
129.09999999999999,2.7030487060546875,
129.19999999999999,2.8563461303710938,
129.30000000000001,2.84613037109375,
129.40000000000001,2.8231353759765625,
129.5,2.8410186767578125,
129.59999999999999,2.8052520751953125,
129.69999999999999,2.7413711547851562,
129.80000000000001,2.6596145629882812,
129.90000000000001,2.5471954345703125,
130,2.4168853759765625,7.1513710021972656
130.09999999999999,2.1818313598632812,
130.19999999999999,1.8777847290039062,
130.30000000000001,1.6631622314453125,
130.40000000000001,1.66827392578125,
130.5,1.7755813598632812,
130.59999999999999,1.8573455810546875,
130.69999999999999,1.9186630249023438,
130.80000000000001,2.0336380004882812,
130.90000000000001,2.3351287841796875,
131,2.743927001953125,
131.09999999999999,3.1144027709960938,
131.19999999999999,3.4925460815429688,
131.30000000000001,3.8962326049804688,
131.40000000000001,4.2130508422851562,
131.5,4.4813308715820312,
131.59999999999999,4.7649307250976562,
131.69999999999999,5.007659912109375,
131.80000000000001,5.2146148681640625,
131.90000000000001,5.3219223022460938,
132,5.2708206176757812,
132.09999999999999,5.173736572265625,
132.19999999999999,5.0459823608398438,
132.30000000000001,4.9003524780273438,
132.40000000000001,4.79559326171875,
132.5,4.6933975219726562,
132.59999999999999,4.5170974731445312,
132.69999999999999,4.3510208129882812,
132.80000000000001,4.2360458374023438,
132.90000000000001,4.123626708984375,
133,4.0750808715820312,
133.09999999999999,4.013763427734375,
133.19999999999999,3.87579345703125,
133.30000000000001,3.7633743286132812,
133.40000000000001,3.6969451904296875,
133.5,3.6586227416992188,
133.59999999999999,3.61773681640625,
133.69999999999999,3.553863525390625,
133.80000000000001,3.4823226928710938,
133.90000000000001,3.4312210083007812,
134,3.43377685546875,
134.09999999999999,3.3673477172851562,
134.19999999999999,3.1603927612304688,
134.30000000000001,2.9483261108398438,
134.40000000000001,2.8103561401367188,
134.5,2.6953811645507812,
134.59999999999999,2.5906295776367188,
134.69999999999999,2.4756546020507812,
134.80000000000001,2.340240478515625,
134.90000000000001,2.2124862670898438,
135,2.1409454345703125,
135.09999999999999,2.1664962768554688,
135.19999999999999,2.1818313598632812,
135.30000000000001,2.156280517578125,
135.40000000000001,2.156280517578125,
135.5,2.1588363647460938,
135.59999999999999,2.1435012817382812,
135.69999999999999,2.14605712890625,
135.80000000000001,2.1486129760742188,
135.90000000000001,2.1128463745117188,
136,2.0617446899414062,
136.09999999999999,2.0438613891601562,
136.19999999999999,2.0694122314453125,
136.30000000000001,2.1051788330078125,
136.40000000000001,2.1358413696289062,
136.5,2.1409454345703125,
136.59999999999999,2.1332855224609375,
136.69999999999999,2.1358413696289062,
136.80000000000001,2.1435012817382812,
136.90000000000001,2.156280517578125,
137,2.1639404296875,
137.09999999999999,2.1409454345703125,
137.19999999999999,2.1230621337890625,
137.30000000000001,2.192047119140625,
137.40000000000001,2.3121337890625,
137.5,2.4117813110351562,
137.59999999999999,2.51397705078125,
137.69999999999999,2.6187362670898438,
137.80000000000001,2.8026962280273438,
137.90000000000001,3.111846923828125,
138,3.4312210083007812,
138.09999999999999,3.709716796875,
138.19999999999999,3.9984359741210938,
138.30000000000001,4.4506683349609375,
138.40000000000001,4.9948806762695312,
138.5,5.6080856323242188,
138.59999999999999,6.1420822143554688,
138.69999999999999,6.387359619140625,
138.80000000000001,6.6760711669921875,
138.90000000000001,7.0567703247070312,
139,7.44512939453125,
139.09999999999999,7.795166015625,
139.19999999999999,8.0174484252929688,
139.30000000000001,8.318939208984375,
139.40000000000001,8.5540008544921875,
139.5,8.29083251953125,
139.59999999999999,7.7057418823242188,
139.69999999999999,7.2126235961914062,
139.80000000000001,6.78338623046875,
139.90000000000001,6.56109619140625,
140,6.2519454956054688,4.1124057769775391
140.09999999999999,5.7409439086914062,
140.19999999999999,5.4726715087890625,
140.30000000000001,5.2248306274414062,
140.40000000000001,4.79559326171875,
140.5,4.4404525756835938,
140.59999999999999,4.3561325073242188,
140.69999999999999,4.16961669921875,
140.80000000000001,3.6662826538085938,
140.90000000000001,3.2268218994140625,
141,3.0275344848632812,
141.09999999999999,2.910003662109375,
141.19999999999999,2.80780029296875,
141.30000000000001,2.7337112426757812,
141.40000000000001,2.6800537109375,
141.5,2.58807373046875,
141.59999999999999,2.4986495971679688,
141.69999999999999,2.47821044921875,
141.80000000000001,2.4756546020507812,
141.90000000000001,2.4449920654296875,
142,2.4015579223632812,
142.09999999999999,2.301910400390625,
142.19999999999999,2.238037109375,
142.30000000000001,2.2686996459960938,
142.40000000000001,2.3070220947265625,
142.5,2.3249053955078125,
142.59999999999999,2.3964462280273438,
142.69999999999999,2.5957412719726562,
142.80000000000001,2.8129119873046875,
142.90000000000001,2.9304428100585938,
143,3.01220703125,
143.09999999999999,3.1425094604492188,
143.19999999999999,3.3034744262695312,
143.30000000000001,3.461883544921875,
143.40000000000001,3.5947418212890625,
143.5,3.6816177368164062,
143.59999999999999,3.755706787109375,
143.69999999999999,3.794036865234375,
143.80000000000001,3.8170318603515625,
143.90000000000001,3.87579345703125,
144,3.9345626831054688,
144.09999999999999,3.9473342895507812,
144.19999999999999,3.9141159057617188,
144.30000000000001,3.8834609985351562,
144.40000000000001,3.8553543090820312,
144.5,3.794036865234375,
144.59999999999999,3.7327117919921875,
144.69999999999999,3.6867218017578125,
144.80000000000001,3.6381759643554688,
144.90000000000001,3.5972976684570312,
145,3.5640869140625,
145.09999999999999,3.4772109985351562,
145.19999999999999,3.3162460327148438,
145.30000000000001,3.1552810668945312,
145.40000000000001,3.0326461791992188,
145.5,2.9483261108398438,
145.59999999999999,2.8972320556640625,
145.69999999999999,2.84613037109375,
145.80000000000001,2.7975845336914062,
145.90000000000001,2.7490386962890625,
146,2.6928253173828125,
146.09999999999999,2.6289520263671875,
146.19999999999999,2.5701904296875,
146.30000000000001,2.506317138671875,
146.40000000000001,2.4628753662109375,
146.5,2.4066696166992188,
146.59999999999999,2.3351287841796875,
146.69999999999999,2.3070220947265625,
146.80000000000001,2.3095779418945312,
146.90000000000001,2.301910400390625,
147,2.2891387939453125,
147.09999999999999,2.2686996459960938,
147.19999999999999,2.2457046508789062,
147.30000000000001,2.2278213500976562,
147.40000000000001,2.2124862670898438,
147.5,2.2584762573242188,
147.59999999999999,2.4117813110351562,
147.69999999999999,2.559967041015625,
147.80000000000001,2.6391754150390625,
147.90000000000001,2.7183761596679688,
148,2.80780029296875,
148.09999999999999,2.892120361328125,
148.19999999999999,2.984100341796875,
148.30000000000001,3.0709686279296875,
148.40000000000001,3.1655044555664062,
148.5,3.2906951904296875,
148.59999999999999,3.4133377075195312,
148.69999999999999,3.4669952392578125,
148.80000000000001,3.4491119384765625,
148.90000000000001,3.369903564453125,
149,3.2344894409179688,
149.09999999999999,3.1016311645507812,
149.19999999999999,2.9994277954101562,
149.30000000000001,2.92022705078125,
149.40000000000001,2.8384628295898438,
149.5,2.7669219970703125,
149.59999999999999,2.7209320068359375,
149.69999999999999,2.708160400390625,
149.80000000000001,2.7797012329101562,
149.90000000000001,2.8972320556640625,
150,2.9968719482421875,8
150.09999999999999,3.0352020263671875,
150.19999999999999,2.9943161010742188,
150.30000000000001,2.927886962890625,
150.40000000000001,2.8870086669921875,
150.5,2.8563461303710938,
150.59999999999999,2.8435745239257812,
150.69999999999999,2.8486862182617188,
150.80000000000001,2.8844528198242188,
150.90000000000001,3.1527252197265625,
151,3.5666427612304688,
151.09999999999999,3.9294509887695312,
151.19999999999999,4.2820358276367188,
151.30000000000001,4.59375,
151.40000000000001,4.8620223999023438,
151.5,5.0970840454101562,
151.59999999999999,5.301483154296875,
151.69999999999999,5.577423095703125,
151.80000000000001,5.9376754760742188,
151.90000000000001,6.26727294921875,
152,6.5202178955078125,
152.09999999999999,6.6939620971679688,
152.19999999999999,6.7603912353515625,
152.30000000000001,6.7118453979492188,
152.40000000000001,6.5381011962890625,
152.5,6.2493896484375,
152.59999999999999,5.9019088745117188,
152.69999999999999,5.5697555541992188,
152.80000000000001,5.265716552734375,
152.90000000000001,4.9565582275390625,
153,4.6525115966796875,
153.09999999999999,4.3612442016601562,
153.19999999999999,4.0980758666992188,
153.30000000000001,3.847686767578125,
153.40000000000001,3.5794143676757812,
153.5,3.32391357421875,
153.59999999999999,3.1067352294921875,
153.69999999999999,2.9432220458984375,
153.80000000000001,2.8231353759765625,
153.90000000000001,2.7004928588867188,
154,2.5829620361328125,
154.09999999999999,2.49609375,
154.19999999999999,2.4347763061523438,
154.30000000000001,2.393890380859375,
154.40000000000001,2.3811187744140625,
154.5,2.4015579223632812,
154.59999999999999,2.4066696166992188,
154.69999999999999,2.3785629272460938,
154.80000000000001,2.3606796264648438,
154.90000000000001,2.3734512329101562,
155,2.3964462280273438,
155.09999999999999,2.4117813110351562,
155.19999999999999,2.414337158203125,
155.30000000000001,2.4271087646484375,
155.40000000000001,2.4526596069335938,
155.5,2.4577713012695312,
155.59999999999999,2.467987060546875,
155.69999999999999,2.51397705078125,
155.80000000000001,2.5318603515625,
155.90000000000001,2.4935379028320312,
156,2.4526596069335938,
156.09999999999999,2.4449920654296875,
156.19999999999999,2.4654312133789062,
156.30000000000001,2.49609375,
156.40000000000001,2.5114212036132812,
156.5,2.5216445922851562,
156.59999999999999,2.5344161987304688,
156.69999999999999,2.5446395874023438,
156.80000000000001,2.5446395874023438,
156.90000000000001,2.5471954345703125,
157,2.542083740234375,
157.09999999999999,2.5012054443359375,
157.19999999999999,2.4705429077148438,
157.30000000000001,2.467987060546875,
157.40000000000001,2.4756546020507812,
157.5,2.485870361328125,
157.59999999999999,2.4909820556640625,
157.69999999999999,2.4935379028320312,
157.80000000000001,2.506317138671875,
157.90000000000001,2.5114212036132812,
158,2.51397705078125,
158.09999999999999,2.5165328979492188,
158.19999999999999,2.5165328979492188,
158.30000000000001,2.5037612915039062,
158.40000000000001,2.4705429077148438,
158.5,2.4526596069335938,
158.59999999999999,2.4628753662109375,
158.69999999999999,2.47821044921875,
158.80000000000001,2.4935379028320312,
158.90000000000001,2.5446395874023438,
159,2.6570587158203125,
159.09999999999999,2.8052520751953125,
159.19999999999999,2.9636611938476562,
159.30000000000001,3.1322860717773438,
159.40000000000001,3.3060302734375,
159.5,3.4669952392578125,
159.59999999999999,3.6049652099609375,
159.69999999999999,3.7403793334960938,
159.80000000000001,3.8195877075195312,
159.90000000000001,3.7991409301757812,
160,3.7327117919921875,5.9171595573425293
160.09999999999999,3.6765060424804688,
160.19999999999999,3.627960205078125,
160.30000000000001,3.5615310668945312,
160.40000000000001,3.4695510864257812,
160.5,3.3366851806640625,
160.59999999999999,3.1603927612304688,
160.69999999999999,2.9968719482421875,
160.80000000000001,2.892120361328125,
160.90000000000001,2.818023681640625,
161,2.7464828491210938,
161.09999999999999,2.6596145629882812,
161.19999999999999,2.5753021240234375,
161.30000000000001,2.5190887451171875,
161.40000000000001,2.4986495971679688,
161.5,2.5037612915039062,
161.59999999999999,2.506317138671875,
161.69999999999999,2.4807662963867188,
161.80000000000001,2.4577713012695312,
161.90000000000001,2.4552154541015625,
162,2.4730987548828125,
162.09999999999999,2.5114212036132812,
162.19999999999999,2.5676345825195312,
162.30000000000001,2.6187362670898438,
162.40000000000001,2.66217041015625,
162.5,2.69793701171875,
162.59999999999999,2.7183761596679688,
162.69999999999999,2.7132720947265625,
162.80000000000001,2.6774978637695312,
162.90000000000001,2.6212921142578125,
163,2.5548553466796875,
163.09999999999999,2.5114212036132812,
163.19999999999999,2.4884262084960938,
163.30000000000001,2.4705429077148438,
163.40000000000001,2.4552154541015625,
163.5,2.4577713012695312,
163.59999999999999,2.4884262084960938,
163.69999999999999,2.5267562866210938,
163.80000000000001,2.5548553466796875,
163.90000000000001,2.559967041015625,
164,2.5471954345703125,
164.09999999999999,2.5676345825195312,
164.19999999999999,2.634063720703125,
164.30000000000001,2.726043701171875,
164.40000000000001,2.8307952880859375,
164.5,2.927886962890625,
164.59999999999999,3.03009033203125,
164.69999999999999,3.1910552978515625,
164.80000000000001,3.35968017578125,
164.90000000000001,3.4388885498046875,
165,3.4005661010742188,
165.09999999999999,3.2830352783203125,
165.19999999999999,3.1782760620117188,
165.30000000000001,3.1271820068359375,
165.40000000000001,3.0862960815429688,
165.5,3.0352020263671875,
165.59999999999999,2.9892120361328125,
165.69999999999999,2.973876953125,
165.80000000000001,2.984100341796875,
165.90000000000001,2.9789886474609375,
166,2.9585494995117188,
166.09999999999999,2.9176712036132812,
166.19999999999999,2.8512420654296875,
166.30000000000001,2.8103561401367188,
166.40000000000001,2.8231353759765625,
166.5,2.8870086669921875,
166.59999999999999,2.9508819580078125,
166.69999999999999,2.973876953125,
166.80000000000001,2.9713211059570312,
166.90000000000001,2.9687652587890625,
167,3.0249786376953125,
167.09999999999999,3.1450653076171875,
167.19999999999999,3.3085861206054688,
167.30000000000001,3.5104293823242188,
167.40000000000001,3.6995010375976562,
167.5,3.8783493041992188,
167.59999999999999,4.1108551025390625,
167.69999999999999,4.4506683349609375,
167.80000000000001,4.8569107055664062,
167.90000000000001,5.2069473266601562,
168,5.467559814453125,
168.09999999999999,5.6183013916015625,
168.19999999999999,5.6898422241210938,
168.30000000000001,5.5902023315429688,
168.40000000000001,5.3423614501953125,
168.5,5.1839523315429688,
168.59999999999999,5.0792007446289062,
168.69999999999999,4.9872207641601562,
168.80000000000001,4.9207916259765625,
168.90000000000001,4.8722457885742188,
169,4.805816650390625,
169.09999999999999,4.7163925170898438,
169.19999999999999,4.6295166015625,
169.30000000000001,4.5170974731445312,
169.40000000000001,4.3254776000976562,
169.5,4.069976806640625,
169.59999999999999,3.7991409301757812,
169.69999999999999,3.5283126831054688,
169.80000000000001,3.2804794311523438,
169.90000000000001,3.058197021484375,
170,2.8767852783203125,4.2583394050598145
170.09999999999999,2.754150390625,
170.19999999999999,2.7132720947265625,
170.30000000000001,2.6596145629882812,
170.40000000000001,2.5957412719726562,
170.5,2.5114212036132812,
170.59999999999999,2.4066696166992188,
170.69999999999999,2.4552154541015625,
170.80000000000001,2.5855178833007812,
170.90000000000001,2.6263961791992188,
171,2.6110687255859375,
171.09999999999999,2.644287109375,
171.19999999999999,2.669830322265625,
171.30000000000001,2.690277099609375,
171.40000000000001,2.7873611450195312,
171.5,2.8972320556640625,
171.59999999999999,2.9023361206054688,
171.69999999999999,2.8589019775390625,
171.80000000000001,2.8793411254882812,
171.90000000000001,2.910003662109375,
172,2.9611053466796875,
172.09999999999999,3.0352020263671875,
172.19999999999999,3.0428619384765625,
172.30000000000001,2.973876953125,
172.40000000000001,2.9355545043945312,
172.5,2.9713211059570312,
172.59999999999999,2.9508819580078125,
172.69999999999999,2.8895645141601562,
172.80000000000001,2.8307952880859375,
172.90000000000001,2.7745895385742188,
173,2.754150390625,
173.09999999999999,2.7490386962890625,
173.19999999999999,2.7515945434570312,
173.30000000000001,2.7643661499023438,
173.40000000000001,2.7004928588867188,
173.5,2.5957412719726562,
173.59999999999999,2.5829620361328125,
173.69999999999999,2.6315078735351562,
173.80000000000001,2.6851654052734375,
173.90000000000001,2.7490386962890625,
174,2.8333511352539062,
174.09999999999999,2.9227752685546875,
174.19999999999999,3.0096511840820312,
174.30000000000001,3.1271820068359375,
174.40000000000001,3.2574844360351562,
174.5,3.405670166015625,
174.59999999999999,3.6126327514648438,
174.69999999999999,3.9013442993164062,
174.80000000000001,4.2028350830078125,
174.90000000000001,4.3126983642578125,
175,4.2334976196289062,
175.09999999999999,4.1261825561523438,
175.19999999999999,4.0444259643554688,
175.30000000000001,3.9677734375,
175.40000000000001,3.9141159057617188,
175.5,4.1517333984375,
175.59999999999999,4.4941024780273438,
175.69999999999999,4.4532241821289062,
175.80000000000001,4.2564926147460938,
175.90000000000001,4.087860107421875,
176,3.829803466796875,
176.09999999999999,3.5487518310546875,
176.19999999999999,3.2983627319335938,
176.30000000000001,3.076080322265625,
176.40000000000001,2.8997802734375,
176.5,2.754150390625,
176.59999999999999,2.616180419921875,
176.69999999999999,2.47821044921875,
176.80000000000001,2.358123779296875,
176.90000000000001,2.2814712524414062,
177,2.22015380859375,
177.09999999999999,2.1511688232421875,
177.19999999999999,2.0975112915039062,
177.30000000000001,2.0745162963867188,
177.40000000000001,2.0617446899414062,
177.5,2.0515213012695312,
177.59999999999999,2.046417236328125,
177.69999999999999,2.0413055419921875,
177.80000000000001,2.0157546997070312,
177.90000000000001,1.972320556640625,
178,1.9442138671875,
178.09999999999999,1.9391021728515625,
178.19999999999999,1.9442138671875,
178.30000000000001,1.9569854736328125,
178.40000000000001,1.9646530151367188,
178.5,1.9672088623046875,
178.59999999999999,1.97998046875,
178.69999999999999,1.9876480102539062,
178.80000000000001,1.9953155517578125,
178.90000000000001,2.0131988525390625,
179,2.0234222412109375,
179.09999999999999,2.0234222412109375,
179.19999999999999,2.0540771484375,
179.30000000000001,2.1307296752929688,
179.40000000000001,2.2354812622070312,
179.5,2.3555679321289062,
179.59999999999999,2.4628753662109375,
179.69999999999999,2.577850341796875,
179.80000000000001,2.7132720947265625,
179.90000000000001,2.8563461303710938,
180,3.019866943359375,5.1194539070129395
180.09999999999999,3.185943603515625,
180.19999999999999,3.313690185546875,
180.30000000000001,3.4031219482421875,
180.40000000000001,3.5002059936523438,
180.5,3.6126327514648438,
180.59999999999999,3.6995010375976562,
180.69999999999999,3.7608184814453125,
180.80000000000001,3.7991409301757812,
180.90000000000001,3.8221359252929688,
181,3.84002685546875,
181.09999999999999,3.8272476196289062,
181.19999999999999,3.7889251708984375,
181.30000000000001,3.702056884765625,
181.40000000000001,3.553863525390625,
181.5,3.4031219482421875,
181.59999999999999,3.2651519775390625,
181.69999999999999,3.1169586181640625,
181.80000000000001,2.9585494995117188,
181.90000000000001,2.80780029296875,
182,2.6800537109375,
182.09999999999999,2.5650787353515625,
182.19999999999999,2.467987060546875,
182.30000000000001,2.4194412231445312,
182.40000000000001,2.414337158203125,
182.5,2.3172454833984375,
182.59999999999999,2.1767196655273438,
182.69999999999999,2.1205062866210938,
182.80000000000001,2.0847396850585938,
182.90000000000001,2.0515213012695312,
183,2.0540771484375,
183.09999999999999,2.0847396850585938,
183.19999999999999,2.0924072265625,
183.30000000000001,2.082183837890625,
183.40000000000001,2.1026229858398438,
183.5,2.1486129760742188,
183.59999999999999,2.1690521240234375,
183.69999999999999,2.174163818359375,
183.80000000000001,2.2329254150390625,
183.90000000000001,2.3530120849609375,
184,2.4935379028320312,
184.09999999999999,2.6545028686523438,
184.19999999999999,2.8384628295898438,
184.30000000000001,3.0428619384765625,
184.40000000000001,3.2293777465820312,
184.5,3.4158935546875,
184.59999999999999,3.6254043579101562,
184.69999999999999,3.8246917724609375,
184.80000000000001,3.9473342895507812,
184.90000000000001,4.0163192749023438,
185,4.2053909301757812,
185.09999999999999,4.5400924682617188,
185.19999999999999,4.8441390991210938,
185.30000000000001,5.0740890502929688,
185.40000000000001,5.3168106079101562,
185.5,5.5288772583007812,
185.59999999999999,5.7307205200195312,
185.69999999999999,5.8865814208984375,
185.80000000000001,5.9785614013671875,
185.90000000000001,6.1037521362304688,
186,6.2008438110351562,
186.09999999999999,6.2493896484375,
186.19999999999999,6.2877120971679688,
186.30000000000001,6.28515625,
186.40000000000001,6.2570571899414062,
186.5,6.2110671997070312,
186.59999999999999,6.1522979736328125,
186.69999999999999,6.055206298828125,
186.80000000000001,5.9121322631835938,
186.90000000000001,5.82525634765625,
187,5.7460556030273438,
187.09999999999999,5.6310806274414062,
187.19999999999999,5.5339889526367188,
187.30000000000001,5.4087905883789062,
187.40000000000001,5.2427215576171875,
187.5,5.081756591796875,
187.59999999999999,4.915679931640625,
187.69999999999999,4.7470474243164062,
187.80000000000001,4.5963058471679688,
187.90000000000001,4.455780029296875,
188,4.3050308227539062,
188.09999999999999,4.1185226440429688,
188.19999999999999,3.8911209106445312,
188.30000000000001,3.6688385009765625,
188.40000000000001,3.4669952392578125,
188.5,3.2677001953125,
188.59999999999999,3.0505294799804688,
188.69999999999999,2.8231353759765625,
188.80000000000001,2.6417312622070312,
188.90000000000001,2.5293121337890625,
189,2.4603271484375,
189.09999999999999,2.4092254638671875,
189.19999999999999,2.3657913208007812,
189.30000000000001,2.322357177734375,
189.40000000000001,2.2916946411132812,
189.5,2.2712554931640625,
189.59999999999999,2.2508163452148438,
189.69999999999999,2.2405929565429688,
189.80000000000001,2.2354812622070312,
189.90000000000001,2.1971588134765625,
190,2.138397216796875,6.6518850326538086
190.09999999999999,2.1077346801757812,
190.19999999999999,2.1051788330078125,
190.30000000000001,2.1154022216796875,
190.40000000000001,2.117950439453125,
190.5,2.1128463745117188,
190.59999999999999,2.1077346801757812,
190.69999999999999,2.1077346801757812,
190.80000000000001,2.1128463745117188,
190.90000000000001,2.1205062866210938,
191,2.1332855224609375,
191.09999999999999,2.1205062866210938,
191.19999999999999,2.0898513793945312,
191.30000000000001,2.07196044921875,
191.40000000000001,2.0975112915039062,
191.5,2.117950439453125,
191.59999999999999,2.11029052734375,
191.69999999999999,2.1792755126953125,
191.80000000000001,2.248260498046875,
191.90000000000001,2.2252655029296875,
192,2.1946029663085938,
192.09999999999999,2.2022705078125,
192.19999999999999,2.2508163452148438,
192.30000000000001,2.3249053955078125,
192.40000000000001,2.4219970703125,
192.5,2.5446395874023438,
192.59999999999999,2.690277099609375,
192.69999999999999,2.8205795288085938,
192.80000000000001,2.9534378051757812,
192.90000000000001,3.13995361328125,
193,3.352020263671875,
193.09999999999999,3.5155410766601562,
193.19999999999999,3.61773681640625,
193.30000000000001,3.6995010375976562,
193.40000000000001,3.7889251708984375,
193.5,3.8834609985351562,
193.59999999999999,3.9805526733398438,
193.69999999999999,4.0495376586914062,
193.80000000000001,4.0725326538085938,
193.90000000000001,4.0853042602539062,
194,4.0980758666992188,
194.09999999999999,4.069976806640625,
194.19999999999999,4.0214309692382812,
194.30000000000001,3.9831008911132812,
194.40000000000001,3.9754409790039062,
194.5,3.9805526733398438,
194.59999999999999,3.9652175903320312,
194.69999999999999,3.9447784423828125,
194.80000000000001,3.9320068359375,
194.90000000000001,3.903900146484375,
195,3.9320068359375,
195.09999999999999,4.1134109497070312,
195.19999999999999,4.2922592163085938,
195.30000000000001,4.3842391967773438,
195.40000000000001,4.4711074829101562,
195.5,4.6014175415039062,
195.59999999999999,4.6627349853515625,
195.69999999999999,4.5886383056640625,
195.80000000000001,4.4941024780273438,
195.90000000000001,4.39190673828125,
196,4.2871475219726562,
196.09999999999999,4.1951675415039062,
196.19999999999999,4.0827484130859375,
196.30000000000001,3.8987884521484375,
196.40000000000001,3.6586227416992188,
196.5,3.4133377075195312,
196.59999999999999,3.1910552978515625,
196.69999999999999,2.9789886474609375,
196.80000000000001,2.7669219970703125,
196.90000000000001,2.5753021240234375,
197,2.4219970703125,
197.09999999999999,2.3249053955078125,
197.19999999999999,2.2533721923828125,
197.30000000000001,2.1792755126953125,
197.40000000000001,2.1128463745117188,
197.5,2.0745162963867188,
197.59999999999999,2.082183837890625,
197.69999999999999,2.1077346801757812,
197.80000000000001,2.1230621337890625,
197.90000000000001,2.100067138671875,
198,2.0591888427734375,
198.09999999999999,2.0566329956054688,
198.19999999999999,2.0872955322265625,
198.30000000000001,2.1230621337890625,
198.40000000000001,2.1358413696289062,
198.5,2.1256179809570312,
198.59999999999999,2.1154022216796875,
198.69999999999999,2.100067138671875,
198.80000000000001,2.064300537109375,
198.90000000000001,2.025970458984375,
199,2.0234222412109375,
199.09999999999999,2.03619384765625,
199.19999999999999,2.046417236328125,
199.30000000000001,2.0617446899414062,
199.40000000000001,2.0796279907226562,
199.5,2.0872955322265625,
199.59999999999999,2.0924072265625,
199.69999999999999,2.11029052734375,
199.80000000000001,2.1307296752929688,
199.90000000000001,2.128173828125,
200,2.1256179809570312,6.0180544853210449
200.09999999999999,2.2124862670898438,
200.19999999999999,2.3811187744140625,
200.30000000000001,2.58807373046875,
200.40000000000001,2.7924728393554688,
200.5,2.9815444946289062,
200.59999999999999,3.2089385986328125,
200.69999999999999,3.3724594116210938,
200.80000000000001,3.4158935546875,
200.90000000000001,3.571746826171875,
201,3.8987884521484375,
201.09999999999999,4.2130508422851562,
201.19999999999999,4.4481124877929688,
201.30000000000001,4.639739990234375,
201.40000000000001,4.8160324096679688,
201.5,4.9846649169921875,
201.59999999999999,5.1456298828125,
201.69999999999999,5.2861557006835938,
201.80000000000001,5.32958984375,
201.90000000000001,5.2529373168945312,
202,5.0970840454101562,
202.09999999999999,4.9131240844726562,
202.19999999999999,4.7572708129882812,
202.30000000000001,4.6193008422851562,
202.40000000000001,4.48388671875,
202.5,4.3433609008789062,
202.59999999999999,4.197723388671875,
202.69999999999999,4.0904159545898438,
202.80000000000001,3.9524459838867188,
202.90000000000001,3.8042526245117188,
203,3.6305160522460938,
203.09999999999999,3.47210693359375,
203.19999999999999,3.3443527221679688,
203.30000000000001,3.1910552978515625,
203.40000000000001,2.9866561889648438,
203.5,2.8103561401367188,
203.59999999999999,2.6800537109375,
203.69999999999999,2.5676345825195312,
203.80000000000001,2.4833221435546875,
203.90000000000001,2.4194412231445312,
204,2.358123779296875,
204.09999999999999,2.2712554931640625,
204.19999999999999,2.1894912719726562,
204.30000000000001,2.1409454345703125,
204.40000000000001,2.1026229858398438,
204.5,2.0694122314453125,
204.59999999999999,2.0413055419921875,
204.69999999999999,2.0234222412109375,
204.80000000000001,2.00042724609375,
204.90000000000001,1.9825363159179688,
205,1.9774322509765625,
205.09999999999999,1.97998046875,
205.19999999999999,1.9748764038085938,
205.30000000000001,1.9467697143554688,
205.40000000000001,1.92633056640625,
205.5,1.933990478515625,
205.59999999999999,1.9442138671875,
205.69999999999999,1.9493255615234375,
205.80000000000001,1.9569854736328125,
205.90000000000001,1.9569854736328125,
206,1.954437255859375,
206.09999999999999,1.954437255859375,
206.19999999999999,1.954437255859375,
206.30000000000001,1.9595413208007812,
206.40000000000001,1.954437255859375,
206.5,1.9314422607421875,
206.59999999999999,1.916107177734375,
206.69999999999999,1.9314422607421875,
206.80000000000001,1.9518814086914062,
206.90000000000001,1.9850921630859375,
207,2.046417236328125,
207.09999999999999,2.1537246704101562,
207.19999999999999,2.3274612426757812,
207.30000000000001,2.542083740234375,
207.40000000000001,2.7694778442382812,
207.5,2.9968719482421875,
207.59999999999999,3.1936111450195312,
207.69999999999999,3.3622360229492188,
207.80000000000001,3.5410919189453125,
207.90000000000001,3.7276077270507812,
208,3.9064559936523438,
208.09999999999999,4.0623092651367188,
208.19999999999999,4.2130508422851562,
208.30000000000001,4.3663558959960938,
208.40000000000001,4.5068817138671875,
208.5,4.675506591796875,
208.59999999999999,4.8185882568359375,
208.69999999999999,4.8083724975585938,
208.80000000000001,4.6550674438476562,
208.90000000000001,4.4481124877929688,
209,4.2590408325195312,
209.09999999999999,4.1082992553710938,
209.19999999999999,3.9907684326171875,
209.30000000000001,3.9141159057617188,
209.40000000000001,3.8809051513671875,
209.5,3.8783493041992188,
209.59999999999999,3.8783493041992188,
209.69999999999999,3.829803466796875,
209.80000000000001,3.737823486328125,
209.90000000000001,3.6790618896484375,
210,3.6841659545898438,8.0428953170776367
210.09999999999999,3.6841659545898438,
210.19999999999999,3.6892776489257812,
210.30000000000001,3.7148284912109375,
210.40000000000001,3.719940185546875,
210.5,3.702056884765625,
210.59999999999999,3.6611709594726562,
210.69999999999999,3.6202926635742188,
210.80000000000001,3.5743026733398438,
210.90000000000001,3.518096923828125,
211,3.5002059936523438,
211.09999999999999,3.518096923828125,
211.19999999999999,3.5308685302734375,
211.30000000000001,3.5334243774414062,
211.40000000000001,3.5334243774414062,
211.5,3.5232009887695312,
211.59999999999999,3.4772109985351562,
211.69999999999999,3.4465560913085938,
211.80000000000001,3.444000244140625,
211.90000000000001,3.43377685546875,
212,3.4312210083007812,
212.09999999999999,3.4107818603515625,
212.19999999999999,3.3571319580078125,
212.30000000000001,3.3315811157226562,
212.40000000000001,3.3469085693359375,
212.5,3.3647918701171875,
212.59999999999999,3.3750152587890625,
212.69999999999999,3.3928985595703125,
212.80000000000001,3.43377685546875,
212.90000000000001,3.4542160034179688,
213,3.4976577758789062,
213.09999999999999,3.6381759643554688,
213.19999999999999,3.8195877075195312,
213.30000000000001,3.9677734375,
213.40000000000001,4.0648651123046875,
213.5,4.161956787109375,
213.59999999999999,4.3280258178710938,
213.69999999999999,4.5222091674804688,
213.80000000000001,4.5963058471679688,
213.90000000000001,4.4992141723632812,
214,4.3663558959960938,
214.09999999999999,4.2794876098632812,
214.19999999999999,4.2283859252929688,
214.30000000000001,4.1721725463867188,
214.40000000000001,4.1082992553710938,
214.5,4.013763427734375,
214.59999999999999,3.8732376098632812,
214.69999999999999,3.7735977172851562,
214.80000000000001,3.7250518798828125,
214.90000000000001,3.6892776489257812,
215,3.6509552001953125,
215.09999999999999,3.6202926635742188,
215.19999999999999,3.5896377563476562,
215.30000000000001,3.5487518310546875,
215.40000000000001,3.5206527709960938,
215.5,3.4465560913085938,
215.59999999999999,3.2728118896484375,
215.69999999999999,3.037750244140625,
215.80000000000001,2.77203369140625,
215.90000000000001,2.542083740234375,
216,2.393890380859375,
216.09999999999999,2.3095779418945312,
216.19999999999999,2.2814712524414062,
216.30000000000001,2.2763671875,
216.40000000000001,2.25592041015625,
216.5,2.2175979614257812,
216.59999999999999,2.1869354248046875,
216.69999999999999,2.1613922119140625,
216.80000000000001,2.1307296752929688,
216.90000000000001,2.1792755126953125,
217,2.2916946411132812,
217.09999999999999,2.3964462280273438,
217.19999999999999,2.5190887451171875,
217.30000000000001,2.7311553955078125,
217.40000000000001,2.9483261108398438,
217.5,3.01220703125,
217.59999999999999,3.0479736328125,
217.69999999999999,3.1961669921875,
217.80000000000001,3.4210052490234375,
217.90000000000001,3.6509552001953125,
218,3.8553543090820312,
218.09999999999999,4.0444259643554688,
218.19999999999999,4.24371337890625,
218.30000000000001,4.48388671875,
218.40000000000001,4.8032608032226562,
218.5,5.173736572265625,
218.59999999999999,5.5109939575195312,
218.69999999999999,5.7230606079101562,
218.80000000000001,5.8508071899414062,
218.90000000000001,5.9760055541992188,
219,6.1088638305664062,
219.09999999999999,6.3030471801757812,
219.19999999999999,6.571319580078125,
219.30000000000001,6.8319320678710938,
219.40000000000001,7.013336181640625,
219.5,7.1794052124023438,
219.59999999999999,7.4093551635742188,
219.69999999999999,7.8207168579101562,
219.80000000000001,8.520782470703125,
219.90000000000001,9.0982131958007812,
220,9.28472900390625,0
220.09999999999999,9.2361831665039062,
220.19999999999999,8.9832382202148438,
220.30000000000001,8.7635116577148438,
220.40000000000001,8.43902587890625,
220.5,7.6878509521484375,
220.59999999999999,6.9034652709960938,
220.69999999999999,6.3030471801757812,
220.80000000000001,5.7562713623046875,
220.90000000000001,5.2759323120117188,
221,4.9207916259765625,
221.09999999999999,4.6627349853515625,
221.19999999999999,4.4174575805664062,
221.30000000000001,4.1542892456054688,
221.40000000000001,3.903900146484375,
221.5,3.6535110473632812,
221.59999999999999,3.4312210083007812,
221.69999999999999,3.3162460327148438,
221.80000000000001,3.32391357421875,
221.90000000000001,3.3750152587890625,
222,3.4005661010742188,
222.09999999999999,3.3647918701171875,
222.19999999999999,3.2677001953125,
222.30000000000001,3.1476211547851562,
222.40000000000001,2.9968719482421875,
222.5,2.8205795288085938,
222.59999999999999,2.6596145629882812,
222.69999999999999,2.5318603515625,
222.80000000000001,2.450103759765625,
222.90000000000001,2.4219970703125,
223,2.4296646118164062,
223.09999999999999,2.3198013305664062,
223.19999999999999,2.0745162963867188,
223.30000000000001,1.9442138671875,
223.40000000000001,1.9774322509765625,
223.5,2.0438613891601562,
223.59999999999999,2.07196044921875,
223.69999999999999,2.0591888427734375,
223.80000000000001,2.0310821533203125,
223.90000000000001,2.008087158203125,
224,1.9876480102539062,
224.09999999999999,1.9672088623046875,
224.19999999999999,1.9646530151367188,
224.30000000000001,1.9672088623046875,
224.40000000000001,1.9365463256835938,
224.5,1.8777847290039062,
224.59999999999999,1.8650054931640625,
224.69999999999999,1.8905563354492188,
224.80000000000001,1.9033355712890625,
224.90000000000001,1.9135513305664062,
225,1.9237747192382812,
225.09999999999999,1.9186630249023438,
225.19999999999999,1.9109954833984375,
225.30000000000001,1.9186630249023438,
225.40000000000001,1.9518814086914062,
225.5,2.0055313110351562,
225.59999999999999,2.0515213012695312,
225.69999999999999,2.1051788330078125,
225.80000000000001,2.2022705078125,
225.90000000000001,2.347900390625,
226,2.5012054443359375,
226.09999999999999,2.6545028686523438,
226.19999999999999,2.835906982421875,
226.30000000000001,3.0096511840820312,
226.40000000000001,3.1450653076171875,
226.5,3.2447052001953125,
226.59999999999999,3.3264694213867188,
226.69999999999999,3.380126953125,
226.80000000000001,3.4465560913085938,
226.90000000000001,3.5206527709960938,
227,3.5053176879882812,
227.09999999999999,3.4491119384765625,
227.19999999999999,3.3903427124023438,
227.30000000000001,3.3034744262695312,
227.40000000000001,3.1578369140625,
227.5,2.9636611938476562,
227.59999999999999,2.7694778442382812,
227.69999999999999,2.5650787353515625,
227.80000000000001,2.3632354736328125,
227.90000000000001,2.2124862670898438,
228,2.1230621337890625,
228.09999999999999,2.0617446899414062,
228.19999999999999,2.0208663940429688,
228.30000000000001,2.0106430053710938,
228.40000000000001,2.008087158203125,
228.5,1.9876480102539062,
228.59999999999999,1.9493255615234375,
228.69999999999999,1.9237747192382812,
228.80000000000001,1.9135513305664062,
228.90000000000001,1.8777847290039062,
229,1.824127197265625,
229.09999999999999,1.7985763549804688,
229.19999999999999,1.806243896484375,
229.30000000000001,1.8215713500976562,
229.40000000000001,1.8292388916015625,
229.5,1.8394622802734375,
229.59999999999999,1.8496780395507812,
229.69999999999999,1.8547897338867188,
229.80000000000001,1.862457275390625,
229.90000000000001,1.8675613403320312,
230,1.8675613403320312,0
230.09999999999999,1.85223388671875,
230.19999999999999,1.8215713500976562,
230.30000000000001,1.8036880493164062,
230.40000000000001,1.8113555908203125,
230.5,1.8292388916015625,
230.59999999999999,1.8445663452148438,
230.69999999999999,1.8599014282226562,
230.80000000000001,1.8828964233398438,
230.90000000000001,1.9365463256835938,
231,2.0387496948242188,
231.09999999999999,2.2073822021484375,
231.19999999999999,2.38623046875,
231.30000000000001,2.5369720458984375,
231.40000000000001,2.6877212524414062,
231.5,2.835906982421875,
231.59999999999999,2.9611053466796875,
231.69999999999999,3.1016311645507812,
231.80000000000001,3.2523727416992188,
231.90000000000001,3.32391357421875,
232,3.2906951904296875,
232.09999999999999,3.1936111450195312,
232.19999999999999,3.037750244140625,
232.30000000000001,2.7975845336914062,
232.40000000000001,2.524200439453125,
232.5,2.33001708984375,
232.59999999999999,2.2354812622070312,
232.69999999999999,2.1664962768554688,
232.80000000000001,2.1026229858398438,
232.90000000000001,2.0489654541015625,
233,2.0131988525390625,
233.09999999999999,1.9876480102539062,
233.19999999999999,1.9672088623046875,
233.30000000000001,1.9493255615234375,
233.40000000000001,1.9416580200195312,
233.5,1.9109954833984375,
233.59999999999999,1.862457275390625,
233.69999999999999,1.8317947387695312,
233.80000000000001,1.8317947387695312,
233.90000000000001,1.8394622802734375,
234,1.8445663452148438,
234.09999999999999,1.85223388671875,
234.19999999999999,1.8573455810546875,
234.30000000000001,1.8573455810546875,
234.40000000000001,1.862457275390625,
234.5,1.8701171875,
234.59999999999999,1.8828964233398438,
234.69999999999999,1.8752288818359375,
234.80000000000001,1.842010498046875,
234.90000000000001,1.824127197265625,
235,1.824127197265625,
235.09999999999999,1.8292388916015625,
235.19999999999999,1.8292388916015625,
235.30000000000001,1.8292388916015625,
235.40000000000001,1.8369064331054688,
235.5,1.8547897338867188,
235.59999999999999,1.8650054931640625,
235.69999999999999,1.8726730346679688,
235.80000000000001,1.880340576171875,
235.90000000000001,1.8701171875,
236,1.842010498046875,
236.09999999999999,1.8190155029296875,
236.19999999999999,1.8190155029296875,
236.30000000000001,1.8266830444335938,
236.40000000000001,1.8292388916015625,
236.5,1.8343505859375,
236.59999999999999,1.8369064331054688,
236.69999999999999,1.8369064331054688,
236.80000000000001,1.8343505859375,
236.90000000000001,1.8317947387695312,
237,1.8394622802734375,
237.09999999999999,1.8343505859375,
237.19999999999999,1.806243896484375,
237.30000000000001,1.8011322021484375,
237.40000000000001,1.8317947387695312,
237.5,1.8752288818359375,
237.59999999999999,1.916107177734375,
237.69999999999999,1.9493255615234375,
237.80000000000001,1.9774322509765625,
237.90000000000001,2.00042724609375,
238,2.0234222412109375,
238.09999999999999,2.03619384765625,
238.19999999999999,2.0336380004882812,
238.30000000000001,2.0234222412109375,
238.40000000000001,2.0310821533203125,
238.5,2.0515213012695312,
238.59999999999999,2.0668563842773438,
238.69999999999999,2.07196044921875,
238.80000000000001,2.0591888427734375,
238.90000000000001,2.0515213012695312,
239,2.0617446899414062,
239.09999999999999,2.0770721435546875,
239.19999999999999,2.0975112915039062,
239.30000000000001,2.1154022216796875,
239.40000000000001,2.1307296752929688,
239.5,2.1511688232421875,
239.59999999999999,2.1690521240234375,
239.69999999999999,2.1767196655273438,
239.80000000000001,2.1767196655273438,
239.90000000000001,2.174163818359375,
240,2.1716079711914062,0
240.09999999999999,2.1588363647460938,
240.19999999999999,2.1307296752929688,
240.30000000000001,2.1077346801757812,
240.40000000000001,2.100067138671875,
240.5,2.0745162963867188,
240.59999999999999,2.0208663940429688,
240.69999999999999,1.9825363159179688,
240.80000000000001,1.97998046875,
240.90000000000001,1.9850921630859375,
241,1.9927597045898438,
241.09999999999999,2.008087158203125,
241.19999999999999,2.0336380004882812,
241.30000000000001,2.0745162963867188,
241.40000000000001,2.1332855224609375,
241.5,2.2278213500976562,
241.59999999999999,2.3351287841796875,
241.69999999999999,2.4015579223632812,
241.80000000000001,2.4909820556640625,
241.90000000000001,2.6749420166015625,
242,2.8946762084960938,
242.09999999999999,3.1092910766601562,
242.19999999999999,3.32391357421875,
242.30000000000001,3.4951019287109375,
242.40000000000001,3.6305160522460938,
242.5,3.7863693237304688,
242.59999999999999,3.9371109008789062,
242.69999999999999,4.0086517333984375,
242.80000000000001,3.8911209106445312,
242.90000000000001,3.663726806640625,
243,3.479766845703125,
243.09999999999999,3.3009185791015625,
243.19999999999999,3.0888519287109375,
243.30000000000001,2.8895645141601562,
243.40000000000001,2.73626708984375,
243.5,2.6034011840820312,
243.59999999999999,2.4756546020507812,
243.69999999999999,2.3504562377929688,
243.80000000000001,2.209930419921875,
243.90000000000001,2.0847396850585938,
244,2.0234222412109375,
244.09999999999999,2.008087158203125,
244.19999999999999,1.9850921630859375,
244.30000000000001,1.9442138671875,
244.40000000000001,1.9135513305664062,
244.5,1.9186630249023438,
244.59999999999999,1.9595413208007812,
244.69999999999999,1.9927597045898438,
244.80000000000001,2.0106430053710938,
244.90000000000001,2.0208663940429688,
245,1.9953155517578125,
245.09999999999999,1.9569854736328125,
245.19999999999999,1.9391021728515625,
245.30000000000001,1.933990478515625,
245.40000000000001,1.9314422607421875,
245.5,1.9365463256835938,
245.59999999999999,1.9365463256835938,
245.69999999999999,1.933990478515625,
245.80000000000001,1.9314422607421875,
245.90000000000001,1.92633056640625,
246,1.916107177734375,
246.09999999999999,1.9007797241210938,
246.19999999999999,1.8701171875,
246.30000000000001,1.8445663452148438,
246.40000000000001,1.8394622802734375,
246.5,1.8369064331054688,
246.59999999999999,1.8369064331054688,
246.69999999999999,1.8547897338867188,
246.80000000000001,1.8777847290039062,
246.90000000000001,1.8828964233398438,
247,1.8854522705078125,
247.09999999999999,1.898223876953125,
247.19999999999999,1.9569854736328125,
247.30000000000001,2.025970458984375,
247.40000000000001,2.0847396850585938,
247.5,2.174163818359375,
247.59999999999999,2.3172454833984375,
247.69999999999999,2.4986495971679688,
247.80000000000001,2.6826095581054688,
247.90000000000001,2.8614578247070312,
248,3.0454177856445312,
248.09999999999999,3.2191619873046875,
248.19999999999999,3.4005661010742188,
248.30000000000001,3.5972976684570312,
248.40000000000001,3.7684860229492188,
248.5,3.8936767578125,
248.59999999999999,3.98565673828125,
248.69999999999999,4.0393142700195312,
248.80000000000001,4.0495376586914062,
248.90000000000001,3.9933242797851562,
249,3.8885726928710938,
249.09999999999999,3.7863693237304688,
249.19999999999999,3.6483993530273438,
249.30000000000001,3.4542160034179688,
249.40000000000001,3.24981689453125,
249.5,3.0607452392578125,
249.59999999999999,2.8972320556640625,
249.69999999999999,2.7848052978515625,
249.80000000000001,2.6953811645507812,
249.90000000000001,2.5906295776367188,
250,2.4833221435546875,0
250.09999999999999,2.3887863159179688,
250.19999999999999,2.301910400390625,
250.30000000000001,2.22015380859375,
250.40000000000001,2.14605712890625,
250.5,2.0847396850585938,
250.59999999999999,2.008087158203125,
250.69999999999999,1.9365463256835938,
250.80000000000001,1.9058914184570312,
250.90000000000001,1.898223876953125,
251,1.898223876953125,
251.09999999999999,1.9007797241210938,
251.19999999999999,1.9007797241210938,
251.30000000000001,1.9186630249023438,
251.40000000000001,1.9365463256835938,
251.5,1.9493255615234375,
251.59999999999999,1.9646530151367188,
251.69999999999999,1.9672088623046875,
251.80000000000001,1.9467697143554688,
251.90000000000001,1.9237747192382812,
252,1.9212188720703125,
252.09999999999999,1.954437255859375,
252.19999999999999,1.9850921630859375,
252.30000000000001,2.0285263061523438,
252.40000000000001,2.1230621337890625,
252.5,2.2329254150390625,
252.59999999999999,2.340240478515625,
252.69999999999999,2.4526596069335938,
252.80000000000001,2.542083740234375,
252.90000000000001,2.6136245727539062,
253,2.69793701171875,
253.09999999999999,2.8333511352539062,
253.19999999999999,3.0249786376953125,
253.30000000000001,3.2012710571289062,
253.40000000000001,3.3188018798828125,
253.5,3.3852310180664062,
253.59999999999999,3.489990234375,
253.69999999999999,3.65606689453125,
253.80000000000001,3.7889251708984375,
253.90000000000001,3.8451309204101562,
254,3.8272476196289062,
254.09999999999999,3.7582626342773438,
254.19999999999999,3.69183349609375,
254.30000000000001,3.6330718994140625,
254.40000000000001,3.5589752197265625,
254.5,3.461883544921875,
254.59999999999999,3.352020263671875,
254.69999999999999,3.2472610473632812,
254.80000000000001,3.1092910766601562,
254.90000000000001,2.9636611938476562,
255,2.8665695190429688,
255.09999999999999,2.7797012329101562,
255.19999999999999,2.6953811645507812,
255.30000000000001,2.6289520263671875,
255.40000000000001,2.5625228881835938,
255.5,2.4730987548828125,
255.59999999999999,2.376007080078125,
255.69999999999999,2.2916946411132812,
255.80000000000001,2.2175979614257812,
255.90000000000001,2.1128463745117188,
256,2.018310546875,
256.10000000000002,1.972320556640625,
256.19999999999999,1.9569854736328125,
256.30000000000001,1.9416580200195312,
256.39999999999998,1.9288864135742188,
256.5,1.92633056640625,
256.60000000000002,1.92633056640625,
256.69999999999999,1.9288864135742188,
256.80000000000001,1.9365463256835938,
256.89999999999998,1.9518814086914062,
257,1.9493255615234375,
257.10000000000002,1.9212188720703125,
257.19999999999999,1.908447265625,
257.30000000000001,1.9212188720703125,
257.39999999999998,1.92633056640625,
257.5,1.9288864135742188,
257.60000000000002,1.8956680297851562,
257.69999999999999,1.8445663452148438,
257.80000000000001,1.8369064331054688,
257.89999999999998,1.8675613403320312,
258,1.9058914184570312,
258.10000000000002,1.9365463256835938,
258.19999999999999,1.9518814086914062,
258.30000000000001,1.9748764038085938,
258.39999999999998,2.018310546875,
258.5,2.11029052734375,
258.60000000000002,2.248260498046875,
258.69999999999999,2.3785629272460938,
258.80000000000001,2.5012054443359375,
258.89999999999998,2.6749420166015625,
259,2.874237060546875,
259.10000000000002,3.0403060913085938,
259.19999999999999,3.13995361328125,
259.30000000000001,3.2268218994140625,
259.39999999999998,3.3060302734375,
259.5,3.4005661010742188,
259.60000000000002,3.4976577758789062,
259.69999999999999,3.5896377563476562,
259.80000000000001,3.6995010375976562,
259.89999999999998,3.8323593139648438,
260,3.9345626831054688,8.5470085144042969
260.10000000000002,3.9882125854492188,
260.19999999999999,3.9831008911132812,
260.30000000000001,3.9166717529296875,
260.39999999999998,3.8323593139648438,
260.5,3.755706787109375,
260.60000000000002,3.6790618896484375,
260.69999999999999,3.5615310668945312,
260.80000000000001,3.4286651611328125,
260.89999999999998,3.2830352783203125,
261,3.0990753173828125,
261.10000000000002,2.910003662109375,
261.19999999999999,2.7285995483398438,
261.30000000000001,2.6008453369140625,
261.39999999999998,2.524200439453125,
261.5,2.4347763061523438,
261.60000000000002,2.3504562377929688,
261.69999999999999,2.2891387939453125,
261.80000000000001,2.230377197265625,
261.89999999999998,2.1818313598632812,
262,2.1511688232421875,
262.10000000000002,2.1486129760742188,
262.19999999999999,2.138397216796875,
262.30000000000001,2.07196044921875,
262.39999999999998,1.9953155517578125,
262.5,1.9595413208007812,
262.60000000000002,1.9569854736328125,
262.69999999999999,1.9569854736328125,
262.80000000000001,1.954437255859375,
262.89999999999998,1.9493255615234375,
263,1.96209716796875,
263.10000000000002,1.9825363159179688,
263.19999999999999,2.0131988525390625,
263.30000000000001,2.0438613891601562,
263.39999999999998,2.0285263061523438,
263.5,1.9927597045898438,
263.60000000000002,1.9774322509765625,
263.69999999999999,1.9876480102539062,
263.80000000000001,2.00042724609375,
263.89999999999998,2.008087158203125,
264,2.0131988525390625,
264.10000000000002,2.0234222412109375,
264.19999999999999,2.0310821533203125,
264.30000000000001,2.0489654541015625,
264.39999999999998,2.0668563842773438,
264.5,2.0617446899414062,
264.60000000000002,2.0336380004882812,
264.69999999999999,2.008087158203125,
264.80000000000001,2.0157546997070312,
264.89999999999998,2.0285263061523438,
265,2.0387496948242188,
265.10000000000002,2.0387496948242188,
265.19999999999999,2.0336380004882812,
265.30000000000001,2.0387496948242188,
265.39999999999998,2.0515213012695312,
265.5,2.0668563842773438,
265.60000000000002,2.0847396850585938,
265.69999999999999,2.1026229858398438,
265.80000000000001,2.1486129760742188,
265.89999999999998,2.2712554931640625,
266,2.4373321533203125,
266.10000000000002,2.6289520263671875,
266.19999999999999,2.8870086669921875,
266.30000000000001,3.1936111450195312,
266.39999999999998,3.47210693359375,
266.5,3.709716796875,
266.60000000000002,3.9192276000976562,
266.69999999999999,4.0853042602539062,
266.80000000000001,4.24371337890625,
266.89999999999998,4.4430007934570312,
267,4.6678466796875,
267.10000000000002,4.8466949462890625,
267.19999999999999,4.9667816162109375,
267.30000000000001,5.0562057495117188,
267.39999999999998,5.081756591796875,
267.5,4.97955322265625,
267.60000000000002,4.7751541137695312,
267.69999999999999,4.5809707641601562,
267.80000000000001,4.4404525756835938,
267.89999999999998,4.3254776000976562,
268,4.2462692260742188,
268.10000000000002,4.2283859252929688,
268.19999999999999,4.2181625366210938,
268.30000000000001,4.179840087890625,
268.39999999999998,4.115966796875,
268.5,4.0086517333984375,
268.60000000000002,3.8732376098632812,
268.69999999999999,3.7684860229492188,
268.80000000000001,3.69183349609375,
268.89999999999998,3.599853515625,
269,3.4925460815429688,
269.10000000000002,3.3852310180664062,
269.19999999999999,3.2906951904296875,
269.30000000000001,3.1936111450195312,
269.39999999999998,3.058197021484375,
269.5,2.892120361328125,
269.60000000000002,2.708160400390625,
269.69999999999999,2.5727462768554688,
269.80000000000001,2.4986495971679688,
269.89999999999998,2.4271087646484375,
270,2.3376846313476562,9.7323598861694336
270.10000000000002,2.248260498046875,
270.19999999999999,2.1690521240234375,
270.30000000000001,2.11029052734375,
270.39999999999998,2.082183837890625,
270.5,2.07196044921875,
270.60000000000002,2.0489654541015625,
270.69999999999999,2.0131988525390625,
270.80000000000001,1.9697647094726562,
270.89999999999998,1.92633056640625,
271,1.9237747192382812,
271.10000000000002,1.9416580200195312,
271.19999999999999,1.9518814086914062,
271.30000000000001,1.9518814086914062,
271.39999999999998,1.954437255859375,
271.5,1.96209716796875,
271.60000000000002,2.0387496948242188,
271.69999999999999,2.1997146606445312,
271.80000000000001,2.414337158203125,
271.89999999999998,2.6366195678710938,
272,2.8103561401367188,
272.10000000000002,2.9815444946289062,
272.19999999999999,3.221710205078125,
272.30000000000001,3.47210693359375,
272.39999999999998,3.6892776489257812,
272.5,3.9141159057617188,
272.60000000000002,4.1364059448242188,
272.69999999999999,4.3586883544921875,
272.80000000000001,4.565643310546875,
272.89999999999998,4.72149658203125,
273,4.7981491088867188,
273.10000000000002,4.805816650390625,
273.19999999999999,4.86968994140625,
273.30000000000001,5.0306549072265625,
273.39999999999998,5.181396484375,
273.5,5.2580490112304688,
273.60000000000002,5.2938156127929688,
273.69999999999999,5.301483154296875,
273.80000000000001,5.2248306274414062,
273.89999999999998,5.1200790405273438,
274,5.0127716064453125,
274.10000000000002,4.8748016357421875,
274.19999999999999,4.7470474243164062,
274.30000000000001,4.5988616943359375,
274.39999999999998,4.345916748046875,
274.5,4.0342025756835938,
274.60000000000002,3.755706787109375,
274.69999999999999,3.5206527709960938,
274.80000000000001,3.277923583984375,
274.89999999999998,3.0505294799804688,
275,2.8691253662109375,
275.10000000000002,2.7183761596679688,
275.19999999999999,2.616180419921875,
275.30000000000001,2.5446395874023438,
275.39999999999998,2.485870361328125,
275.5,2.4730987548828125,
275.60000000000002,2.485870361328125,
275.69999999999999,2.4935379028320312,
275.80000000000001,2.4756546020507812,
275.89999999999998,2.414337158203125,
276,2.3504562377929688,
276.10000000000002,2.322357177734375,
276.19999999999999,2.3198013305664062,
276.30000000000001,2.3121337890625,
276.39999999999998,2.2916946411132812,
276.5,2.2738113403320312,
276.60000000000002,2.266143798828125,
276.69999999999999,2.2610321044921875,
276.80000000000001,2.2508163452148438,
276.89999999999998,2.2457046508789062,
277,2.238037109375,
277.10000000000002,2.209930419921875,
277.19999999999999,2.1971588134765625,
277.30000000000001,2.209930419921875,
277.39999999999998,2.29425048828125,
277.5,2.506317138671875,
277.60000000000002,2.7413711547851562,
277.69999999999999,2.9815444946289062,
277.80000000000001,3.2702560424804688,
277.89999999999998,3.5615310668945312,
278,3.84002685546875,
278.10000000000002,4.0444259643554688,
278.19999999999999,4.1517333984375,
278.30000000000001,4.2053909301757812,
278.39999999999998,4.2948150634765625,
278.5,4.4072341918945312,
278.60000000000002,4.5119857788085938,
278.69999999999999,4.6014175415039062,
278.80000000000001,4.6704025268554688,
278.89999999999998,4.7393875122070312,
279,4.8109207153320312,
279.10000000000002,4.8569107055664062,
279.19999999999999,4.8671340942382812,
279.30000000000001,4.8824615478515625,
279.39999999999998,4.9131240844726562,
279.5,4.915679931640625,
279.60000000000002,4.8901290893554688,
279.69999999999999,4.8364715576171875,
279.80000000000001,4.7547149658203125,
279.89999999999998,4.6729507446289062,
280,4.6065216064453125,9.4043893814086914
280.10000000000002,4.5196533203125,
280.19999999999999,4.3689117431640625,
280.30000000000001,4.2130508422851562,
280.39999999999998,4.0929718017578125,
280.5,3.9728851318359375,
280.60000000000002,3.8374710083007812,
280.69999999999999,3.6867218017578125,
280.80000000000001,3.5334243774414062,
280.89999999999998,3.380126953125,
281,3.2268218994140625,
281.10000000000002,3.0786361694335938,
281.19999999999999,2.9151153564453125,
281.30000000000001,2.7183761596679688,
281.39999999999998,2.5369720458984375,
281.5,2.4219970703125,
281.60000000000002,2.3606796264648438,
281.69999999999999,2.3146896362304688,
281.80000000000001,2.266143798828125,
281.89999999999998,2.2329254150390625,
282,2.2175979614257812,
282.10000000000002,2.1690521240234375,
282.19999999999999,2.1154022216796875,
282.30000000000001,2.1230621337890625,
282.39999999999998,2.1588363647460938,
282.5,2.1486129760742188,
282.60000000000002,2.1077346801757812,
282.69999999999999,2.0924072265625,
282.80000000000001,2.1077346801757812,
282.89999999999998,2.1332855224609375,
283,2.156280517578125,
283.10000000000002,2.1690521240234375,
283.19999999999999,2.1792755126953125,
283.30000000000001,2.1894912719726562,
283.39999999999998,2.2022705078125,
283.5,2.2073822021484375,
283.60000000000002,2.2048263549804688,
283.69999999999999,2.209930419921875,
283.80000000000001,2.2431488037109375,
283.89999999999998,2.3376846313476562,
284,2.485870361328125,
284.10000000000002,2.6263961791992188,
284.19999999999999,2.7515945434570312,
284.30000000000001,2.9253311157226562,
284.39999999999998,3.1450653076171875,
284.5,3.3571319580078125,
284.60000000000002,3.5461959838867188,
284.69999999999999,3.6765060424804688,
284.80000000000001,3.7761459350585938,
284.89999999999998,3.8911209106445312,
285,4.0009918212890625,
285.10000000000002,4.123626708984375,
285.19999999999999,4.2360458374023438,
285.30000000000001,4.335693359375,
285.39999999999998,4.4583358764648438,
285.5,4.59375,
285.60000000000002,4.731719970703125,
285.69999999999999,4.8160324096679688,
285.80000000000001,4.8313674926757812,
285.89999999999998,4.8390274047851562,
286,4.86968994140625,
286.10000000000002,4.9207916259765625,
286.19999999999999,4.9821090698242188,
286.30000000000001,5.0204315185546875,
286.39999999999998,5.0025482177734375,
286.5,4.989776611328125,
286.60000000000002,5.0127716064453125,
286.69999999999999,4.9821090698242188,
286.80000000000001,4.9284515380859375,
286.89999999999998,4.8926849365234375,
287,4.8441390991210938,
287.10000000000002,4.805816650390625,
287.19999999999999,4.7930374145507812,
287.30000000000001,4.767486572265625,
287.39999999999998,4.7189407348632812,
287.5,4.6678466796875,
287.60000000000002,4.6141891479492188,
287.69999999999999,4.5247650146484375,
287.80000000000001,4.3970108032226562,
287.89999999999998,4.2564926147460938,
288,4.1185226440429688,
288.10000000000002,4.0086517333984375,
288.19999999999999,3.886016845703125,
288.30000000000001,3.7403793334960938,
288.39999999999998,3.5870819091796875,
288.5,3.4107818603515625,
288.60000000000002,3.2396011352539062,
288.69999999999999,3.0862960815429688,
288.80000000000001,2.9125595092773438,
288.89999999999998,2.743927001953125,
289,2.6212921142578125,
289.10000000000002,2.5344161987304688,
289.19999999999999,2.4756546020507812,
289.30000000000001,2.4271087646484375,
289.39999999999998,2.376007080078125,
289.5,2.3376846313476562,
289.60000000000002,2.3172454833984375,
289.69999999999999,2.29425048828125,
289.80000000000001,2.2686996459960938,
289.89999999999998,2.25592041015625,
290,2.248260498046875,9.1603050231933594
290.10000000000002,2.2124862670898438,
290.19999999999999,2.1664962768554688,
290.30000000000001,2.1537246704101562,
290.39999999999998,2.1639404296875,
290.5,2.1792755126953125,
290.60000000000002,2.192047119140625,
290.69999999999999,2.1997146606445312,
290.80000000000001,2.2048263549804688,
290.89999999999998,2.2124862670898438,
291,2.22015380859375,
291.10000000000002,2.2329254150390625,
291.19999999999999,2.2431488037109375,
291.30000000000001,2.2329254150390625,
291.39999999999998,2.2150421142578125,
291.5,2.2354812622070312,
291.60000000000002,2.3095779418945312,
291.69999999999999,2.4092254638671875,
291.80000000000001,2.542083740234375,
291.89999999999998,2.7413711547851562,
292,2.9611053466796875,
292.10000000000002,3.1629486083984375,
292.19999999999999,3.3647918701171875,
292.30000000000001,3.5794143676757812,
292.39999999999998,3.7684860229492188,
292.5,3.9141159057617188,
292.60000000000002,4.05975341796875,
292.69999999999999,4.2334976196289062,
292.80000000000001,4.4302291870117188,
292.89999999999998,4.6269607543945312,
293,4.8185882568359375,
293.10000000000002,5.0332107543945312,
293.19999999999999,5.2682723999023438,
293.30000000000001,5.5084381103515625,
293.39999999999998,5.7486114501953125,
293.5,5.9760055541992188,
293.60000000000002,6.147186279296875,
293.69999999999999,6.2723846435546875,
293.80000000000001,6.34136962890625,
293.89999999999998,6.2621612548828125,
294,6.0782012939453125,
294.10000000000002,5.8482513427734375,
294.19999999999999,5.5825347900390625,
294.30000000000001,5.301483154296875,
294.39999999999998,5.043426513671875,
294.5,4.8339157104492188,
294.60000000000002,4.6550674438476562,
294.69999999999999,4.48388671875,
294.80000000000001,4.2999267578125,
294.89999999999998,4.13385009765625,
295,4.0009918212890625,
295.10000000000002,3.8502426147460938,
295.19999999999999,3.6816177368164062,
295.30000000000001,3.5129852294921875,
295.39999999999998,3.3469085693359375,
295.5,3.1731719970703125,
295.60000000000002,2.9764328002929688,
295.69999999999999,2.800140380859375,
295.80000000000001,2.6749420166015625,
295.89999999999998,2.5701904296875,
296,2.4730987548828125,
296.10000000000002,2.393890380859375,
296.19999999999999,2.3351287841796875,
296.30000000000001,2.2916946411132812,
296.39999999999998,2.2508163452148438,
296.5,2.2150421142578125,
296.60000000000002,2.1971588134765625,
296.69999999999999,2.1664962768554688,
296.80000000000001,2.1128463745117188,
296.89999999999998,2.07196044921875,
297,2.0591888427734375,
297.10000000000002,2.064300537109375,
297.19999999999999,2.0770721435546875,
297.30000000000001,2.100067138671875,
297.39999999999998,2.1358413696289062,
297.5,2.1997146606445312,
297.60000000000002,2.3121337890625,
297.69999999999999,2.4807662963867188,
297.80000000000001,2.6749420166015625,
297.89999999999998,2.892120361328125,
298,3.1144027709960938,
298.10000000000002,3.3034744262695312,
298.19999999999999,3.5053176879882812,
298.30000000000001,3.719940185546875,
298.39999999999998,3.9090118408203125,
298.5,4.0163192749023438,
298.60000000000002,4.0571975708007812,
298.69999999999999,4.0801925659179688,
298.80000000000001,4.1517333984375,
298.89999999999998,4.3280258178710938,
299,4.547760009765625,
299.10000000000002,4.7010574340820312,
299.19999999999999,4.79559326171875,
299.30000000000001,4.8926849365234375,
299.39999999999998,4.9923324584960938,
299.5,5.0740890502929688,
299.60000000000002,5.1303024291992188,
299.69999999999999,5.1660690307617188,
299.80000000000001,5.173736572265625,
299.89999999999998,5.1507415771484375,
300,5.1379623413085938,9.1954021453857422
