Data Set 1:Time(s),Data Set 1:Force(N),Data Set 1:Respiration Rate(bpm)
0,5.6029739379882812,9.7008886337280273
0.10000000000000001,5.191619873046875,
0.20000000000000001,4.6295166015625,
0.29999999999999999,4.3663558959960938,
0.40000000000000002,4.179840087890625,
0.5,4.0623092651367188,
0.59999999999999998,3.9933242797851562,
0.69999999999999996,3.9422225952148438,
0.80000000000000004,3.8809051513671875,
0.90000000000000002,3.7914810180664062,
1,3.663726806640625,
1.1000000000000001,3.5308685302734375,
1.2,3.4516677856445312,
1.3,3.4158935546875,
1.3999999999999999,3.3826751708984375,
1.5,3.3366851806640625,
1.6000000000000001,3.2983627319335938,
1.7,3.2753677368164062,
1.8,3.2344894409179688,
1.8999999999999999,3.1782760620117188,
2,3.1195144653320312,
2.1000000000000001,3.0556411743164062,
2.2000000000000002,2.9892120361328125,
2.2999999999999998,2.9687652587890625,
2.3999999999999999,3.0249786376953125,
2.5,3.1373977661132812,
2.6000000000000001,3.221710205078125,
2.7000000000000002,3.2344894409179688,
2.7999999999999998,3.334136962890625,
2.8999999999999999,3.5947418212890625,
3,3.9166717529296875,
3.1000000000000001,4.2309417724609375,
3.2000000000000002,4.4889907836914062,
3.2999999999999998,4.6959457397460938,
3.3999999999999999,4.8952407836914062,
3.5,5.1430740356445312,
3.6000000000000001,5.4368972778320312,
3.7000000000000002,5.725616455078125,
3.7999999999999998,5.9836654663085938,
3.8999999999999999,6.2366104125976562,
4,6.5048904418945312,
4.0999999999999996,6.7936019897460938,
4.2000000000000002,7.0644302368164062,
4.2999999999999998,7.233062744140625,
4.4000000000000004,7.3454818725585938,
4.5,7.5422210693359375,
4.5999999999999996,7.8104934692382812,
4.7000000000000002,8.0455551147460938,
4.7999999999999998,8.244842529296875,
4.9000000000000004,8.446685791015625,
5,8.5514450073242188,
5.0999999999999996,8.5540008544921875,
5.2000000000000002,8.5744400024414062,
5.2999999999999998,8.5105667114257812,
5.4000000000000004,8.3393783569335938,
5.5,8.1988525390625,
5.5999999999999996,8.0097808837890625,
5.7000000000000002,7.6060943603515625,
5.7999999999999998,7.1359710693359375,
5.9000000000000004,6.9264602661132812,
6,6.69140625,
6.0999999999999996,6.221282958984375,
6.2000000000000002,5.6923980712890625,
6.2999999999999998,5.135406494140625,
6.4000000000000004,4.6985015869140625,
6.5,4.455780029296875,
6.5999999999999996,4.3229217529296875,
6.7000000000000002,4.215606689453125,
6.7999999999999998,4.0904159545898438,
6.9000000000000004,3.9371109008789062,
7,3.811920166015625,
7.0999999999999996,3.6790618896484375,
7.2000000000000002,3.5487518310546875,
7.2999999999999998,3.4542160034179688,
7.4000000000000004,3.2983627319335938,
7.5,3.1603927612304688,
7.5999999999999996,3.1220703125,
7.7000000000000002,3.058197021484375,
7.7999999999999998,2.9687652587890625,
7.9000000000000004,2.9483261108398438,
8,3.001983642578125,
8.0999999999999996,3.037750244140625,
8.1999999999999993,3.03009033203125,
8.3000000000000007,3.0275344848632812,
8.4000000000000004,3.0505294799804688,
8.5,3.0862960815429688,
8.5999999999999996,3.1578369140625,
8.6999999999999993,3.3111419677734375,
8.8000000000000007,3.4567718505859375,
8.9000000000000004,3.5513076782226562,
9,3.7071609497070312,
9.0999999999999996,3.8911209106445312,
9.1999999999999993,4.0393142700195312,
9.3000000000000007,4.1951675415039062,
9.4000000000000004,4.3612442016601562,
9.5,4.4685516357421875,
9.5999999999999996,4.4864425659179688,
9.6999999999999993,4.5170974731445312,
9.8000000000000007,4.6601791381835938,
9.9000000000000004,4.8901290893554688,
10,5.1047515869140625,9.5137424468994141
10.1,5.2606048583984375,
10.199999999999999,5.4011306762695312,
10.300000000000001,5.5569839477539062,
10.4,5.6923980712890625,
10.5,5.7511672973632812,
10.6,5.7281723022460938,
10.699999999999999,5.6923980712890625,
10.800000000000001,5.6898422241210938,
10.9,5.7026214599609375,
11,5.71539306640625,
11.1,5.7026214599609375,
11.199999999999999,5.6770706176757812,
11.300000000000001,5.6847305297851562,
11.4,5.7281723022460938,
11.5,5.7690505981445312,
11.6,5.7460556030273438,
11.699999999999999,5.6489639282226562,
11.800000000000001,5.5646514892578125,
11.9,5.5288772583007812,
12,5.5212173461914062,
12.1,5.5237655639648438,
12.199999999999999,5.5186614990234375,
12.300000000000001,5.5007705688476562,
12.4,5.4420089721679688,
12.5,5.2299423217773438,
12.6,4.9003524780273438,
12.699999999999999,4.621856689453125,
12.800000000000001,4.4149017333984375,
12.9,4.197723388671875,
13,3.9805526733398438,
13.1,3.8144760131835938,
13.199999999999999,3.6867218017578125,
13.300000000000001,3.5921859741210938,
13.4,3.535980224609375,
13.5,3.4772109985351562,
13.6,3.4082260131835938,
13.699999999999999,3.3647918701171875,
13.800000000000001,3.2855911254882812,
13.9,3.1629486083984375,
14,3.083740234375,
14.1,3.0811920166015625,
14.199999999999999,3.129730224609375,
14.300000000000001,3.1603927612304688,
14.4,3.1603927612304688,
14.5,3.1655044555664062,
14.6,3.1833877563476562,
14.699999999999999,3.1833877563476562,
14.800000000000001,3.185943603515625,
14.9,3.17572021484375,
15,3.129730224609375,
15.1,3.0888519287109375,
15.199999999999999,3.0888519287109375,
15.300000000000001,3.1220703125,
15.4,3.1425094604492188,
15.5,3.1629486083984375,
15.6,3.242156982421875,
15.699999999999999,3.4235610961914062,
15.800000000000001,3.6611709594726562,
15.9,3.8783493041992188,
16,4.0648651123046875,
16.100000000000001,4.2462692260742188,
16.199999999999999,4.437896728515625,
16.300000000000001,4.6704025268554688,
16.399999999999999,4.8952407836914062,
16.5,5.0613174438476562,
16.600000000000001,5.1865081787109375,
16.699999999999999,5.283599853515625,
16.800000000000001,5.34747314453125,
16.899999999999999,5.3679122924804688,
17,5.2887115478515625,
17.100000000000001,5.1430740356445312,
17.199999999999999,5.0664215087890625,
17.300000000000001,5.0613174438476562,
17.399999999999999,5.05364990234375,
17.5,5.0945281982421875,
17.600000000000001,5.1456298828125,
17.699999999999999,5.1226348876953125,
17.800000000000001,5.0127716064453125,
17.899999999999999,4.7163925170898438,
18,4.3305816650390625,
18.100000000000001,4.031646728515625,
18.199999999999999,3.8272476196289062,
18.300000000000001,3.6790618896484375,
18.399999999999999,3.5257568359375,
18.5,3.369903564453125,
18.600000000000001,3.24981689453125,
18.699999999999999,3.17572021484375,
18.800000000000001,3.1322860717773438,
18.899999999999999,3.0786361694335938,
19,3.019866943359375,
19.100000000000001,2.984100341796875,
19.199999999999999,2.9304428100585938,
19.300000000000001,2.8307952880859375,
19.399999999999999,2.7337112426757812,
19.5,2.6723861694335938,
19.600000000000001,2.6570587158203125,
19.699999999999999,2.6672821044921875,
19.800000000000001,2.6953811645507812,
19.899999999999999,2.7209320068359375,
20,2.7107162475585938,9.6982765197753906
20.100000000000001,2.7490386962890625,
20.199999999999999,2.8716812133789062,
20.300000000000001,3.0173110961914062,
20.399999999999999,3.1195144653320312,
20.5,3.150177001953125,
20.600000000000001,3.1629486083984375,
20.699999999999999,3.168060302734375,
20.800000000000001,3.1348419189453125,
20.899999999999999,3.0914077758789062,
21,3.0811920166015625,
21.100000000000001,3.10418701171875,
21.199999999999999,3.1246261596679688,
21.300000000000001,3.1246261596679688,
21.399999999999999,3.1220703125,
21.5,3.1322860717773438,
21.600000000000001,3.13995361328125,
21.699999999999999,3.129730224609375,
21.800000000000001,3.083740234375,
21.899999999999999,3.0173110961914062,
22,2.984100341796875,
22.100000000000001,2.9866561889648438,
22.199999999999999,2.9943161010742188,
22.300000000000001,2.984100341796875,
22.399999999999999,2.9764328002929688,
22.5,2.9892120361328125,
22.600000000000001,2.9943161010742188,
22.699999999999999,2.9636611938476562,
22.800000000000001,2.95599365234375,
22.899999999999999,2.9943161010742188,
23,3.0070953369140625,
23.100000000000001,3.06585693359375,
23.199999999999999,3.2906951904296875,
23.300000000000001,3.5972976684570312,
23.399999999999999,3.9524459838867188,
23.5,4.3689117431640625,
23.600000000000001,4.851806640625,
23.699999999999999,5.3883514404296875,
23.800000000000001,5.8022613525390625,
23.899999999999999,6.2826004028320312,
24,6.7041778564453125,
24.100000000000001,7.049102783203125,
24.199999999999999,7.3531494140625,
24.300000000000001,7.5805435180664062,
24.399999999999999,7.5217819213867188,
24.5,7.2049560546875,
24.600000000000001,6.92901611328125,
24.699999999999999,6.7501678466796875,
24.800000000000001,6.7144012451171875,
24.899999999999999,6.7706069946289062,
25,6.645416259765625,
25.100000000000001,6.3362579345703125,
25.199999999999999,6.0347671508789062,
25.300000000000001,5.7358322143554688,
25.399999999999999,5.3730239868164062,
25.5,4.9821090698242188,
25.600000000000001,4.6525115966796875,
25.699999999999999,4.39190673828125,
25.800000000000001,4.2002792358398438,
25.899999999999999,4.0980758666992188,
26,4.0112075805664062,
26.100000000000001,3.8706817626953125,
26.199999999999999,3.7046127319335938,
26.300000000000001,3.6075210571289062,
26.399999999999999,3.5845260620117188,
26.5,3.58197021484375,
26.600000000000001,3.5385360717773438,
26.699999999999999,3.4414443969726562,
26.800000000000001,3.369903564453125,
26.899999999999999,3.3673477172851562,
27,3.4031219482421875,
27.100000000000001,3.4235610961914062,
27.199999999999999,3.4133377075195312,
27.300000000000001,3.369903564453125,
27.399999999999999,3.3188018798828125,
27.5,3.2983627319335938,
27.600000000000001,3.3034744262695312,
27.699999999999999,3.3213577270507812,
27.800000000000001,3.2983627319335938,
27.899999999999999,3.2625961303710938,
28,3.277923583984375,
28.100000000000001,3.3213577270507812,
28.199999999999999,3.3571319580078125,
28.300000000000001,3.369903564453125,
28.399999999999999,3.3469085693359375,
28.5,3.2804794311523438,
28.600000000000001,3.2063827514648438,
28.699999999999999,3.1655044555664062,
28.800000000000001,3.1731719970703125,
28.899999999999999,3.1961669921875,
29,3.2114944458007812,
29.100000000000001,3.2242660522460938,
29.199999999999999,3.24981689453125,
29.300000000000001,3.313690185546875,
29.399999999999999,3.4746627807617188,
29.5,3.7454910278320312,
29.600000000000001,3.9626617431640625,
29.699999999999999,4.1364059448242188,
29.800000000000001,4.4021224975585938,
29.899999999999999,4.713836669921875,
30,5.0792007446289062,6.26959228515625
30.100000000000001,5.54931640625,
30.199999999999999,6.0449905395507812,
30.300000000000001,6.5074462890625,
30.399999999999999,7.02099609375,
30.5,7.5319976806640625,
30.600000000000001,7.9714584350585938,
30.699999999999999,8.3955917358398438,
30.800000000000001,9.0522232055664062,
30.899999999999999,9.7855072021484375,
31,10.201972961425781,
31.100000000000001,10.603111267089844,
31.199999999999999,10.973587036132812,
31.300000000000001,11.313400268554688,
31.399999999999999,11.760520935058594,
31.5,11.93426513671875,
31.600000000000001,11.665985107421875,
31.699999999999999,11.0323486328125,
31.800000000000001,10.332275390625,
31.899999999999999,9.7241897583007812,
32,9.1697540283203125,
32.100000000000001,8.7021865844726562,
32.200000000000003,8.2244033813476562,
32.299999999999997,7.7134017944335938,
32.399999999999999,7.2764968872070312,
32.5,6.9545669555664062,
32.600000000000001,6.70928955078125,
32.700000000000003,6.4870071411132812,
32.799999999999997,6.2289505004882812,
32.899999999999999,5.9325714111328125,
33,5.6745147705078125,
33.100000000000001,5.5672073364257812,
33.200000000000003,5.4777755737304688,
33.299999999999997,5.227386474609375,
33.399999999999999,4.933563232421875,
33.5,4.6908416748046875,
33.600000000000001,4.565643310546875,
33.700000000000003,4.473663330078125,
33.799999999999997,4.3714675903320312,
33.899999999999999,4.2973709106445312,
34,4.1926116943359375,
34.100000000000001,4.087860107421875,
34.200000000000003,3.9882125854492188,
34.299999999999997,3.8783493041992188,
34.399999999999999,3.7608184814453125,
34.5,3.6407318115234375,
34.600000000000001,3.571746826171875,
34.700000000000003,3.5794143676757812,
34.799999999999997,3.5947418212890625,
34.899999999999999,3.5385360717773438,
35,3.3775711059570312,
35.100000000000001,3.1961669921875,
35.200000000000003,3.1067352294921875,
35.299999999999997,3.1195144653320312,
35.399999999999999,3.1246261596679688,
35.5,3.083740234375,
35.600000000000001,3.0990753173828125,
35.700000000000003,3.13995361328125,
35.799999999999997,3.1936111450195312,
35.899999999999999,3.2651519775390625,
36,3.32391357421875,
36.100000000000001,3.387786865234375,
36.200000000000003,3.4542160034179688,
36.299999999999997,3.5666427612304688,
36.399999999999999,3.8246917724609375,
36.5,4.1849517822265625,
36.600000000000001,4.6039657592773438,
36.700000000000003,5.1098556518554688,
36.799999999999997,5.6847305297851562,
36.899999999999999,6.1318588256835938,
37,6.3285903930664062,
37.100000000000001,6.4129104614257812,
37.200000000000003,6.4486770629882812,
37.299999999999997,6.3899154663085938,
37.399999999999999,6.3004913330078125,
37.5,6.4026870727539062,
37.600000000000001,6.7706069946289062,
37.700000000000003,7.1717453002929688,
37.799999999999997,7.537109375,
37.899999999999999,7.9178009033203125,
38,8.2192916870117188,
38.100000000000001,8.421142578125,
38.200000000000003,8.594879150390625,
38.299999999999997,8.7532882690429688,
38.399999999999999,8.7865066528320312,
38.5,8.54888916015625,
38.600000000000001,8.2065200805664062,
38.700000000000003,8.0200042724609375,
38.799999999999997,8.0225601196289062,
38.899999999999999,7.9893417358398438,
39,7.7926101684570312,
39.100000000000001,7.5856552124023438,
39.200000000000003,7.4502410888671875,
39.299999999999997,7.3608169555664062,
39.399999999999999,7.2918319702148438,
39.5,7.2713851928710938,
39.600000000000001,7.4042510986328125,
39.700000000000003,7.7082901000976562,
39.799999999999997,7.876922607421875,
39.899999999999999,7.6776351928710938,
40,7.1359710693359375,8.5592012405395508
40.100000000000001,6.4665603637695312,
40.200000000000003,5.8329238891601562,
40.299999999999997,5.2069473266601562,
40.399999999999999,4.6729507446289062,
40.5,4.3433609008789062,
40.600000000000001,4.2207183837890625,
40.700000000000003,4.1645126342773438,
40.799999999999997,4.0904159545898438,
40.899999999999999,4.0060958862304688,
41,3.9422225952148438,
41.100000000000001,3.8349151611328125,
41.200000000000003,3.6356277465820312,
41.299999999999997,3.4695510864257812,
41.399999999999999,3.3724594116210938,
41.5,3.203826904296875,
41.600000000000001,3.03009033203125,
41.700000000000003,2.9789886474609375,
41.799999999999997,2.9866561889648438,
41.899999999999999,2.9968719482421875,
42,3.0096511840820312,
42.100000000000001,3.0275344848632812,
42.200000000000003,3.0173110961914062,
42.299999999999997,2.9789886474609375,
42.399999999999999,2.945770263671875,
42.5,2.9866561889648438,
42.600000000000001,3.0914077758789062,
42.700000000000003,3.1987152099609375,
42.799999999999997,3.2855911254882812,
42.899999999999999,3.3673477172851562,
43,3.479766845703125,
43.100000000000001,3.6305160522460938,
43.200000000000003,3.8144760131835938,
43.299999999999997,3.9882125854492188,
43.399999999999999,4.0929718017578125,
43.5,4.1568450927734375,
43.600000000000001,4.2641525268554688,
43.700000000000003,4.4302291870117188,
43.799999999999997,4.5630874633789062,
43.899999999999999,4.6601791381835938,
44,4.8620223999023438,
44.100000000000001,5.1839523315429688,
44.200000000000003,5.5672073364257812,
44.299999999999997,5.9760055541992188,
44.399999999999999,6.3643646240234375,
44.5,6.6428604125976562,
44.600000000000001,6.8395919799804688,
44.700000000000003,7.0235519409179688,
44.799999999999997,7.2049560546875,
44.899999999999999,7.42724609375,
45,7.6520843505859375,
45.100000000000001,7.802825927734375,
45.200000000000003,7.8692550659179688,
45.299999999999997,7.9561309814453125,
45.399999999999999,8.0174484252929688,
45.5,7.84881591796875,
45.600000000000001,7.5166702270507812,
45.700000000000003,7.2279510498046875,
45.799999999999997,6.9903411865234375,
45.899999999999999,6.7118453979492188,
46,6.41546630859375,
46.100000000000001,6.1650772094726562,
46.200000000000003,5.9146804809570312,
46.299999999999997,5.6259689331054688,
46.399999999999999,5.3065948486328125,
46.5,4.9361190795898438,
46.600000000000001,4.565643310546875,
46.700000000000003,4.2820358276367188,
46.799999999999997,4.0801925659179688,
46.899999999999999,3.9192276000976562,
47,3.7684860229492188,
47.100000000000001,3.6509552001953125,
47.200000000000003,3.5691909790039062,
47.299999999999997,3.5129852294921875,
47.399999999999999,3.4823226928710938,
47.5,3.4874343872070312,
47.600000000000001,3.489990234375,
47.700000000000003,3.4107818603515625,
47.799999999999997,3.2983627319335938,
47.899999999999999,3.2574844360351562,
48,3.2677001953125,
48.100000000000001,3.2370452880859375,
48.200000000000003,3.1706161499023438,
48.299999999999997,3.1067352294921875,
48.399999999999999,3.0607452392578125,
48.5,3.019866943359375,
48.600000000000001,2.9994277954101562,
48.700000000000003,2.9713211059570312,
48.799999999999997,2.9151153564453125,
48.899999999999999,2.8767852783203125,
49,2.8844528198242188,
49.100000000000001,2.9329986572265625,
49.200000000000003,2.9815444946289062,
49.299999999999997,2.927886962890625,
49.399999999999999,2.864013671875,
49.5,2.9176712036132812,
49.600000000000001,3.019866943359375,
49.700000000000003,3.150177001953125,
49.799999999999997,3.2702560424804688,
49.899999999999999,3.3315811157226562,
50,3.3750152587890625,8.5551328659057617
50.100000000000001,3.4210052490234375,
50.200000000000003,3.4516677856445312,
50.299999999999997,3.4516677856445312,
50.399999999999999,3.4184494018554688,
50.5,3.3775711059570312,
50.600000000000001,3.3545761108398438,
50.700000000000003,3.3826751708984375,
50.799999999999997,3.4184494018554688,
50.899999999999999,3.4107818603515625,
51,3.35968017578125,
51.100000000000001,3.2804794311523438,
51.200000000000003,3.23193359375,
51.299999999999997,3.2166061401367188,
51.399999999999999,3.2293777465820312,
51.5,3.2523727416992188,
51.600000000000001,3.2651519775390625,
51.700000000000003,3.2625961303710938,
51.799999999999997,3.242156982421875,
51.899999999999999,3.2293777465820312,
52,3.24981689453125,
52.100000000000001,3.2472610473632812,
52.200000000000003,3.1833877563476562,
52.299999999999997,3.1246261596679688,
52.399999999999999,3.1067352294921875,
52.5,3.111846923828125,
52.600000000000001,3.1220703125,
52.700000000000003,3.1322860717773438,
52.799999999999997,3.1246261596679688,
52.899999999999999,3.0914077758789062,
53,3.0607452392578125,
53.100000000000001,3.0556411743164062,
53.200000000000003,3.0403060913085938,
53.299999999999997,2.99176025390625,
53.399999999999999,2.9432220458984375,
53.5,2.9355545043945312,
53.600000000000001,2.9534378051757812,
53.700000000000003,3.0045394897460938,
53.799999999999997,3.037750244140625,
53.899999999999999,3.0173110961914062,
54,3.0275344848632812,
54.100000000000001,3.1016311645507812,
54.200000000000003,3.2702560424804688,
54.299999999999997,3.6024093627929688,
54.399999999999999,3.9268951416015625,
54.5,4.2053909301757812,
54.600000000000001,4.6269607543945312,
54.700000000000003,5.1456298828125,
54.799999999999997,5.6259689331054688,
54.899999999999999,6.055206298828125,
55,6.4870071411132812,
55.100000000000001,6.92901611328125,
55.200000000000003,7.4093551635742188,
55.299999999999997,7.951019287109375,
55.399999999999999,8.3828125,
55.5,8.6843032836914062,
55.600000000000001,9.0036773681640625,
55.700000000000003,9.28472900390625,
55.799999999999997,9.50445556640625,
55.899999999999999,9.8289413452148438,
56,10.319503784179688,
56.100000000000001,10.626106262207031,
56.200000000000003,10.408927917480469,
56.299999999999997,9.808502197265625,
56.399999999999999,9.1390914916992188,
56.5,8.6076507568359375,
56.600000000000001,8.2499542236328125,
56.700000000000003,7.9637908935546875,
56.799999999999997,7.6699676513671875,
56.899999999999999,7.3914718627929688,
57,7.1743011474609375,
57.100000000000001,7.066986083984375,
57.200000000000003,6.9060211181640625,
57.299999999999997,6.607086181640625,
57.399999999999999,6.3030471801757812,
57.5,6.055206298828125,
57.600000000000001,5.7869338989257812,
57.700000000000003,5.4598922729492188,
57.799999999999997,5.2222824096679688,
57.899999999999999,5.1098556518554688,
58,4.9693374633789062,
58.100000000000001,4.7368316650390625,
58.200000000000003,4.4762191772460938,
58.299999999999997,4.2283859252929688,
58.399999999999999,4.013763427734375,
58.5,3.8502426147460938,
58.600000000000001,3.7173843383789062,
58.700000000000003,3.5972976684570312,
58.799999999999997,3.5564193725585938,
58.899999999999999,3.5743026733398438,
59,3.5257568359375,
59.100000000000001,3.4210052490234375,
59.200000000000003,3.3315811157226562,
59.299999999999997,3.2702560424804688,
59.399999999999999,3.2293777465820312,
59.5,3.2242660522460938,
59.600000000000001,3.2191619873046875,
59.700000000000003,3.1782760620117188,
59.799999999999997,3.1578369140625,
59.899999999999999,3.093963623046875,
60,2.9304428100585938,7.3051948547363281
60.100000000000001,2.8307952880859375,
60.200000000000003,2.8563461303710938,
60.299999999999997,2.8946762084960938,
60.399999999999999,2.9176712036132812,
60.5,2.95599365234375,
60.600000000000001,2.9866561889648438,
60.700000000000003,3.037750244140625,
60.799999999999997,3.13995361328125,
60.899999999999999,3.2651519775390625,
61,3.380126953125,
61.100000000000001,3.5104293823242188,
61.200000000000003,3.6841659545898438,
61.299999999999997,3.8604660034179688,
61.399999999999999,3.995880126953125,
61.5,4.0801925659179688,
61.600000000000001,4.1312942504882812,
61.700000000000003,4.2002792358398438,
61.799999999999997,4.473663330078125,
61.899999999999999,4.9846649169921875,
62,5.4879989624023438,
62.100000000000001,5.9862213134765625,
62.200000000000003,6.5100021362304688,
62.299999999999997,6.9954452514648438,
62.399999999999999,7.4706802368164062,
62.5,8.0659942626953125,
62.600000000000001,8.7124099731445312,
62.700000000000003,9.110992431640625,
62.799999999999997,9.478912353515625,
62.899999999999999,10.0384521484375,
63,10.4447021484375,
63.100000000000001,10.633766174316406,
63.200000000000003,10.769180297851562,
63.299999999999997,10.8126220703125,
63.399999999999999,10.490692138671875,
63.5,9.662872314453125,
63.600000000000001,8.722625732421875,
63.700000000000003,7.9126968383789062,
63.799999999999997,7.2024002075195312,
63.899999999999999,6.6505203247070312,
64,6.1880722045898438,
64.099999999999994,5.7562713623046875,
64.200000000000003,5.3168106079101562,
64.299999999999997,4.9003524780273438,
64.400000000000006,4.5784225463867188,
64.5,4.31781005859375,
64.599999999999994,4.1006317138671875,
64.700000000000003,3.9064559936523438,
64.799999999999997,3.7352676391601562,
64.900000000000006,3.6407318115234375,
65,3.6075210571289062,
65.099999999999994,3.5487518310546875,
65.200000000000003,3.4491119384765625,
65.299999999999997,3.3443527221679688,
65.400000000000006,3.2804794311523438,
65.5,3.2855911254882812,
65.599999999999994,3.3188018798828125,
65.700000000000003,3.3213577270507812,
65.799999999999997,3.242156982421875,
65.900000000000006,3.0965194702148438,
66,2.9611053466796875,
66.099999999999994,2.8946762084960938,
66.200000000000003,2.874237060546875,
66.299999999999997,2.853790283203125,
66.400000000000006,2.8307952880859375,
66.5,2.8103561401367188,
66.599999999999994,2.7950286865234375,
66.700000000000003,2.7848052978515625,
66.799999999999997,2.7924728393554688,
66.900000000000006,2.818023681640625,
67,2.8129119873046875,
67.099999999999994,2.7745895385742188,
67.200000000000003,2.8205795288085938,
67.299999999999997,2.9687652587890625,
67.400000000000006,3.1425094604492188,
67.5,3.32391357421875,
67.599999999999994,3.553863525390625,
67.700000000000003,3.8246917724609375,
67.799999999999997,4.0674209594726562,
67.900000000000006,4.289703369140625,
68,4.5860824584960938,
68.099999999999994,4.90545654296875,
68.200000000000003,5.1405181884765625,
68.299999999999997,5.3347015380859375,
68.400000000000006,5.5084381103515625,
68.5,5.6770706176757812,
68.599999999999994,5.8916854858398438,
68.700000000000003,6.037322998046875,
68.799999999999997,6.001556396484375,
68.900000000000006,5.8942413330078125,
69,5.817596435546875,
69.099999999999994,5.7179489135742188,
69.200000000000003,5.5518722534179688,
69.299999999999997,5.3909072875976562,
69.400000000000006,5.2759323120117188,
69.5,5.0664215087890625,
69.599999999999994,4.6780624389648438,
69.700000000000003,4.3050308227539062,
69.799999999999997,4.0801925659179688,
69.900000000000006,3.9115676879882812,
70,3.7633743286132812,7.7319583892822266
70.099999999999994,3.6688385009765625,
70.200000000000003,3.6024093627929688,
70.299999999999997,3.5385360717773438,
70.400000000000006,3.4158935546875,
70.5,3.28814697265625,
70.599999999999994,3.28814697265625,
70.700000000000003,3.3009185791015625,
70.799999999999997,3.2549285888671875,
70.900000000000006,3.1961669921875,
71,3.1450653076171875,
71.099999999999994,3.1016311645507812,
71.200000000000003,3.0249786376953125,
71.299999999999997,2.9687652587890625,
71.400000000000006,2.9534378051757812,
71.5,2.9406661987304688,
71.599999999999994,2.9381103515625,
71.700000000000003,2.9611053466796875,
71.799999999999997,2.966217041015625,
71.900000000000006,2.9483261108398438,
72,2.9585494995117188,
72.099999999999994,3.0070953369140625,
72.200000000000003,3.0505294799804688,
72.299999999999997,3.06585693359375,
72.400000000000006,3.06585693359375,
72.5,3.0403060913085938,
72.599999999999994,3.001983642578125,
72.700000000000003,2.984100341796875,
72.799999999999997,2.9866561889648438,
72.900000000000006,3.0045394897460938,
73,3.019866943359375,
73.099999999999994,3.03009033203125,
73.200000000000003,3.0352020263671875,
73.299999999999997,3.0352020263671875,
73.400000000000006,3.0505294799804688,
73.5,3.083740234375,
73.599999999999994,3.1169586181640625,
73.700000000000003,3.1169586181640625,
73.799999999999997,3.1016311645507812,
73.900000000000006,3.058197021484375,
74,3.0862960815429688,
74.099999999999994,3.3188018798828125,
74.200000000000003,3.6841659545898438,
74.299999999999997,4.07763671875,
74.400000000000006,4.4941024780273438,
74.5,4.9361190795898438,
74.599999999999994,5.34747314453125,
74.700000000000003,5.6668472290039062,
74.799999999999997,5.8840255737304688,
74.900000000000006,6.0730972290039062,
75,6.2596054077148438,
75.099999999999994,6.4486770629882812,
75.200000000000003,6.699066162109375,
75.299999999999997,7.0158920288085938,
75.400000000000006,7.342926025390625,
75.5,7.6623001098632812,
75.599999999999994,7.968902587890625,
75.700000000000003,8.2320709228515625,
75.799999999999997,8.3725967407226562,
75.900000000000006,8.43902587890625,
76,8.5284500122070312,
76.099999999999994,8.538665771484375,
76.200000000000003,8.3419342041015625,
76.299999999999997,7.9893417358398438,
76.400000000000006,7.66485595703125,
76.5,7.4681243896484375,
76.599999999999994,7.3454818725585938,
76.700000000000003,7.2177352905273438,
76.799999999999997,6.939239501953125,
76.900000000000006,6.5483245849609375,
77,6.17529296875,
77.099999999999994,5.7128372192382812,
77.200000000000003,5.2171707153320312,
77.299999999999997,4.8773574829101562,
77.400000000000006,4.639739990234375,
77.5,4.4072341918945312,
77.599999999999994,4.161956787109375,
77.700000000000003,3.94989013671875,
77.799999999999997,3.7787017822265625,
77.900000000000006,3.610076904296875,
78,3.479766845703125,
78.099999999999994,3.4210052490234375,
78.200000000000003,3.380126953125,
78.299999999999997,3.3188018798828125,
78.400000000000006,3.24981689453125,
78.5,3.1936111450195312,
78.599999999999994,3.1067352294921875,
78.700000000000003,3.0096511840820312,
78.799999999999997,2.9508819580078125,
78.900000000000006,2.910003662109375,
79,2.8589019775390625,
79.099999999999994,2.8205795288085938,
79.200000000000003,2.800140380859375,
79.299999999999997,2.7975845336914062,
79.400000000000006,2.800140380859375,
79.5,2.8052520751953125,
79.599999999999994,2.8154678344726562,
79.700000000000003,2.8333511352539062,
79.799999999999997,2.8563461303710938,
79.900000000000006,2.8716812133789062,
80,2.8870086669921875,6.0301504135131836
80.099999999999994,2.874237060546875,
80.200000000000003,2.8384628295898438,
80.299999999999997,2.8256912231445312,
80.400000000000006,2.8486862182617188,
80.5,2.8895645141601562,
80.599999999999994,2.9227752685546875,
80.700000000000003,2.9432220458984375,
80.799999999999997,2.9713211059570312,
80.900000000000006,3.0275344848632812,
81,3.0811920166015625,
81.099999999999994,3.093963623046875,
81.200000000000003,3.058197021484375,
81.299999999999997,3.0173110961914062,
81.400000000000006,3.001983642578125,
81.5,3.001983642578125,
81.599999999999994,3.01220703125,
81.700000000000003,3.0990753173828125,
81.799999999999997,3.2677001953125,
81.900000000000006,3.3903427124023438,
82,3.43377685546875,
82.099999999999994,3.4567718505859375,
82.200000000000003,3.4695510864257812,
82.299999999999997,3.4286651611328125,
82.400000000000006,3.3494644165039062,
82.5,3.3111419677734375,
82.599999999999994,3.3315811157226562,
82.700000000000003,3.3647918701171875,
82.799999999999997,3.387786865234375,
82.900000000000006,3.405670166015625,
83,3.4210052490234375,
83.099999999999994,3.4363327026367188,
83.200000000000003,3.4644393920898438,
83.299999999999997,3.4976577758789062,
83.400000000000006,3.5743026733398438,
83.5,3.7914810180664062,
83.599999999999994,4.1210708618164062,
83.700000000000003,4.473663330078125,
83.799999999999997,4.8441390991210938,
83.900000000000006,5.2350540161132812,
84,5.7102813720703125,
84.099999999999994,6.2519454956054688,
84.200000000000003,6.8038253784179688,
84.299999999999997,7.2637252807617188,
84.400000000000006,7.5115585327148438,
84.5,7.6827468872070312,
84.599999999999994,7.8718109130859375,
84.700000000000003,8.0225601196289062,
84.799999999999997,8.152862548828125,
84.900000000000006,8.2525100708007812,
85,8.3061599731445312,
85.099999999999994,8.3087158203125,
85.200000000000003,8.2116317749023438,
85.299999999999997,7.9740142822265625,
85.400000000000006,7.6495285034179688,
85.5,7.381256103515625,
85.599999999999994,7.1921844482421875,
85.700000000000003,7.02099609375,
85.799999999999997,6.8676986694335938,
85.900000000000006,6.7476119995117188,
86,6.63519287109375,
86.099999999999994,6.4563446044921875,
86.200000000000003,5.9760055541992188,
86.299999999999997,5.2759323120117188,
86.400000000000006,4.70361328125,
86.5,4.3612442016601562,
86.599999999999994,4.2105026245117188,
86.700000000000003,4.1900558471679688,
86.799999999999997,4.1721725463867188,
86.900000000000006,4.0444259643554688,
87,3.8042526245117188,
87.099999999999994,3.571746826171875,
87.200000000000003,3.426116943359375,
87.299999999999997,3.2830352783203125,
87.400000000000006,3.129730224609375,
87.5,3.0403060913085938,
87.599999999999994,2.9892120361328125,
87.700000000000003,2.9381103515625,
87.799999999999997,2.8767852783203125,
87.900000000000006,2.818023681640625,
88,2.7234878540039062,
88.099999999999994,2.6110687255859375,
88.200000000000003,2.5701904296875,
88.299999999999997,2.577850341796875,
88.400000000000006,2.5676345825195312,
88.5,2.5957412719726562,
88.599999999999994,2.6826095581054688,
88.700000000000003,2.7643661499023438,
88.799999999999997,2.835906982421875,
88.900000000000006,2.9048919677734375,
89,2.9866561889648438,
89.099999999999994,3.0888519287109375,
89.200000000000003,3.1603927612304688,
89.299999999999997,3.1987152099609375,
89.400000000000006,3.2268218994140625,
89.5,3.1961669921875,
89.599999999999994,3.1373977661132812,
89.700000000000003,3.0990753173828125,
89.799999999999997,3.0888519287109375,
89.900000000000006,3.0990753173828125,
90,3.1016311645507812,5.5248622894287109
90.099999999999994,3.1067352294921875,
90.200000000000003,3.111846923828125,
90.299999999999997,3.1092910766601562,
90.400000000000006,3.093963623046875,
90.5,3.0684127807617188,
90.599999999999994,3.03009033203125,
90.700000000000003,2.9789886474609375,
90.799999999999997,2.9483261108398438,
90.900000000000006,2.95599365234375,
91,2.9943161010742188,
91.099999999999994,3.0403060913085938,
91.200000000000003,3.0786361694335938,
91.299999999999997,3.1144027709960938,
91.400000000000006,3.1450653076171875,
91.5,3.1476211547851562,
91.599999999999994,3.129730224609375,
91.700000000000003,3.093963623046875,
91.799999999999997,3.0454177856445312,
91.900000000000006,3.01220703125,
92,3.0224227905273438,
92.099999999999994,3.0607452392578125,
92.200000000000003,3.0862960815429688,
92.299999999999997,3.093963623046875,
92.400000000000006,3.1016311645507812,
92.5,3.1271820068359375,
92.599999999999994,3.1603927612304688,
92.700000000000003,3.1782760620117188,
92.799999999999997,3.1884994506835938,
92.900000000000006,3.1220703125,
93,3.06585693359375,
93.099999999999994,3.1603927612304688,
93.200000000000003,3.35968017578125,
93.299999999999997,3.6765060424804688,
93.400000000000006,3.9933242797851562,
93.5,4.253936767578125,
93.599999999999994,4.6831741333007812,
93.700000000000003,5.3347015380859375,
93.799999999999997,6.0756454467773438,
93.900000000000006,6.7271728515625,
94,7.26116943359375,
94.099999999999994,7.8462600708007812,
94.200000000000003,8.5258941650390625,
94.299999999999997,9.4073715209960938,
94.400000000000006,10.201972961425781,
94.5,10.470245361328125,
94.599999999999994,10.552009582519531,
94.700000000000003,10.83050537109375,
94.799999999999997,11.246971130371094,
94.900000000000006,11.683876037597656,
95,12.11822509765625,
95.099999999999994,12.516799926757812,
95.200000000000003,12.838729858398438,
95.299999999999997,12.866836547851562,
95.400000000000006,12.146331787109375,
95.5,10.86627197265625,
95.599999999999994,9.5606689453125,
95.700000000000003,8.3828125,
95.799999999999997,7.4068069458007812,
95.900000000000006,6.5764312744140625,
96,5.89935302734375,
96.099999999999994,5.439453125,
96.200000000000003,5.071533203125,
96.299999999999997,4.7572708129882812,
96.400000000000006,4.5094375610351562,
96.5,4.2871475219726562,
96.599999999999994,4.0648651123046875,
96.700000000000003,3.8195877075195312,
96.799999999999997,3.6611709594726562,
96.900000000000006,3.6356277465820312,
97,3.6305160522460938,
97.099999999999994,3.6202926635742188,
97.200000000000003,3.6075210571289062,
97.299999999999997,3.5564193725585938,
97.400000000000006,3.4210052490234375,
97.5,3.2728118896484375,
97.599999999999994,3.129730224609375,
97.700000000000003,2.9636611938476562,
97.799999999999997,2.8435745239257812,
97.900000000000006,2.7975845336914062,
98,2.7848052978515625,
98.099999999999994,2.7771453857421875,
98.200000000000003,2.7745895385742188,
98.299999999999997,2.6672821044921875,
98.400000000000006,2.5931854248046875,
98.5,2.8333511352539062,
98.599999999999994,3.1629486083984375,
98.700000000000003,3.4363327026367188,
98.799999999999997,3.7965927124023438,
98.900000000000006,4.1542892456054688,
99,4.4021224975585938,
99.099999999999994,4.6499557495117188,
99.200000000000003,5.0127716064453125,
99.299999999999997,5.4368972778320312,
99.400000000000006,5.853363037109375,
99.5,6.2442779541015625,
99.599999999999994,6.5304412841796875,
99.700000000000003,6.7425003051757812,
99.799999999999997,6.9980010986328125,
99.900000000000006,7.2586135864257812,
100,7.4706802368164062,6.2434964179992676
100.09999999999999,7.6623001098632812,
100.2,7.8539276123046875,
100.3,8.014892578125,
100.40000000000001,8.0378875732421875,
100.5,7.8181610107421875,
100.59999999999999,7.4860076904296875,
100.7,7.2024002075195312,
100.8,6.9647903442382812,
100.90000000000001,6.7041778564453125,
101,6.4359054565429688,
101.09999999999999,6.1957321166992188,
101.2,5.9197921752929688,
101.3,5.5263214111328125,
101.40000000000001,5.0945281982421875,
101.5,4.6550674438476562,
101.59999999999999,4.2667083740234375,
101.7,4.1261825561523438,
101.8,4.1517333984375,
101.90000000000001,4.1210708618164062,
102,3.9473342895507812,
102.09999999999999,3.7608184814453125,
102.2,3.6611709594726562,
102.3,3.5589752197265625,
102.40000000000001,3.4516677856445312,
102.5,3.4235610961914062,
102.59999999999999,3.4542160034179688,
102.7,3.4746627807617188,
102.8,3.5487518310546875,
102.90000000000001,3.6407318115234375,
103,3.6202926635742188,
103.09999999999999,3.6024093627929688,
103.2,3.5947418212890625,
103.3,3.5589752197265625,
103.40000000000001,3.5461959838867188,
103.5,3.535980224609375,
103.59999999999999,3.5027618408203125,
103.7,3.4695510864257812,
103.8,3.4848785400390625,
103.90000000000001,3.5027618408203125,
104,3.4951019287109375,
104.09999999999999,3.5002059936523438,
104.2,3.5308685302734375,
104.3,3.6330718994140625,
104.40000000000001,3.8144760131835938,
104.5,3.9933242797851562,
104.59999999999999,4.1440658569335938,
104.7,4.2794876098632812,
104.8,4.4353408813476562,
104.90000000000001,4.657623291015625,
105,4.9105682373046875,
105.09999999999999,5.1609573364257812,
105.2,5.4445648193359375,
105.3,5.7205047607421875,
105.40000000000001,5.9300155639648438,
105.5,6.037322998046875,
105.59999999999999,6.0219955444335938,
105.7,6.0986404418945312,
105.8,6.0245513916015625,
105.90000000000001,5.7332763671875,
106,5.6285247802734375,
106.09999999999999,5.559539794921875,
106.2,5.3602523803710938,
106.3,5.2248306274414062,
106.40000000000001,5.2018356323242188,
106.5,5.1430740356445312,
106.59999999999999,5.0051040649414062,
106.7,4.823699951171875,
106.8,4.6371841430664062,
106.90000000000001,4.4532241821289062,
107,4.31781005859375,
107.09999999999999,4.399566650390625,
107.2,4.6193008422851562,
107.3,4.6244125366210938,
107.40000000000001,4.4046783447265625,
107.5,4.1466217041015625,
107.59999999999999,3.8962326049804688,
107.7,3.7224960327148438,
107.8,3.6841659545898438,
107.90000000000001,3.7531509399414062,
108,3.7046127319335938,
108.09999999999999,3.3775711059570312,
108.2,3.2344894409179688,
108.3,3.4184494018554688,
108.40000000000001,3.50787353515625,
108.5,3.518096923828125,
108.59999999999999,3.5410919189453125,
108.7,3.5104293823242188,
108.8,3.4644393920898438,
108.90000000000001,3.4823226928710938,
109,3.5308685302734375,
109.09999999999999,3.5947418212890625,
109.2,3.7710418701171875,
109.3,4.0623092651367188,
109.40000000000001,4.2590408325195312,
109.5,4.2564926147460938,
109.59999999999999,4.24371337890625,
109.7,4.225830078125,
109.8,4.0801925659179688,
109.90000000000001,3.8911209106445312,
110,3.794036865234375,7.822685718536377
110.09999999999999,3.7710418701171875,
110.2,3.7531509399414062,
110.3,3.7276077270507812,
110.40000000000001,3.6790618896484375,
110.5,3.6841659545898438,
110.59999999999999,3.829803466796875,
110.7,3.995880126953125,
110.8,4.1031875610351562,
110.90000000000001,4.20794677734375,
111,4.2641525268554688,
111.09999999999999,4.2769317626953125,
111.2,4.3229217529296875,
111.3,4.39190673828125,
111.40000000000001,4.4583358764648438,
111.5,4.5273208618164062,
111.59999999999999,4.5733108520507812,
111.7,4.6320724487304688,
111.8,4.7904815673828125,
111.90000000000001,5.0868606567382812,
112,5.5467605590820312,
112.09999999999999,6.0271072387695312,
112.2,6.2826004028320312,
112.3,6.5738754272460938,
112.40000000000001,7.2049560546875,
112.5,7.9459075927734375,
112.59999999999999,8.538665771484375,
112.7,9.0931015014648438,
112.8,9.8238372802734375,
112.90000000000001,10.457473754882812,
113,10.845832824707031,
113.09999999999999,10.955696105957031,
113.2,10.477912902832031,
113.3,9.7420730590820312,
113.40000000000001,9.10076904296875,
113.5,8.5054550170898438,
113.59999999999999,7.9893417358398438,
113.7,7.4962310791015625,
113.8,7.0542144775390625,
113.90000000000001,6.9826736450195312,
114,7.1768569946289062,
114.09999999999999,7.2075119018554688,
114.2,7.1283111572265625,
114.3,7.0388870239257812,
114.40000000000001,6.8906936645507812,
114.5,6.7169570922851562,
114.59999999999999,6.6403045654296875,
114.7,6.6658554077148438,
114.8,6.607086181640625,
114.90000000000001,6.4946670532226562,
115,6.4486770629882812,
115.09999999999999,6.4921112060546875,
115.2,6.663299560546875,
115.3,6.8140411376953125,
115.40000000000001,6.7961578369140625,
115.5,6.6658554077148438,
115.59999999999999,6.5585403442382812,
115.7,6.589202880859375,
115.8,6.6939620971679688,
115.90000000000001,6.773162841796875,
116,6.7629470825195312,
116.09999999999999,6.7169570922851562,
116.2,6.6735153198242188,
116.3,6.4461212158203125,
116.40000000000001,6.0245513916015625,
116.5,5.651519775390625,
116.59999999999999,5.3628005981445312,
116.7,5.0868606567382812,
116.8,4.8185882568359375,
116.90000000000001,4.5452041625976562,
117,4.31781005859375,
117.09999999999999,4.1517333984375,
117.2,4.031646728515625,
117.3,3.9320068359375,
117.40000000000001,3.8374710083007812,
117.5,3.7531509399414062,
117.59999999999999,3.6662826538085938,
117.7,3.5410919189453125,
117.8,3.426116943359375,
117.90000000000001,3.4005661010742188,
118,3.4414443969726562,
118.09999999999999,3.5129852294921875,
118.2,3.599853515625,
118.3,3.645843505859375,
118.40000000000001,3.6509552001953125,
118.5,3.663726806640625,
118.59999999999999,3.6969451904296875,
118.7,3.7224960327148438,
118.8,3.7301559448242188,
118.90000000000001,3.755706787109375,
119,3.80169677734375,
119.09999999999999,3.8681259155273438,
119.2,3.9626617431640625,
119.3,4.0801925659179688,
119.40000000000001,4.2181625366210938,
119.5,4.3510208129882812,
119.59999999999999,4.4506683349609375,
119.7,4.5579757690429688,
119.8,4.7240524291992188,
119.90000000000001,4.9744415283203125,
120,5.3142623901367188,6.7415733337402344
120.09999999999999,5.7486114501953125,
120.2,6.2187271118164062,
120.3,6.6505203247070312,
120.40000000000001,7.049102783203125,
120.5,7.3761444091796875,
120.59999999999999,7.6112060546875,
120.7,7.8539276123046875,
120.8,8.1043167114257812,
120.90000000000001,8.3828125,
121,8.704742431640625,
121.09999999999999,8.9474716186523438,
121.2,9.0522232055664062,
121.3,8.9500274658203125,
121.40000000000001,8.594879150390625,
121.5,8.1298675537109375,
121.59999999999999,7.618865966796875,
121.7,7.0235519409179688,
121.8,6.45123291015625,
121.90000000000001,5.9887771606445312,
122,5.6259689331054688,
122.09999999999999,5.3270339965820312,
122.2,5.05364990234375,
122.3,4.8109207153320312,
122.40000000000001,4.6371841430664062,
122.5,4.5681991577148438,
122.59999999999999,4.5579757690429688,
122.7,4.4813308715820312,
122.8,4.3305816650390625,
122.90000000000001,4.1645126342773438,
123,4.0112075805664062,
123.09999999999999,3.8987884521484375,
123.2,3.7761459350585938,
123.3,3.58197021484375,
123.40000000000001,3.4082260131835938,
123.5,3.3366851806640625,
123.59999999999999,3.3188018798828125,
123.7,3.3111419677734375,
123.8,3.3085861206054688,
123.90000000000001,3.2830352783203125,
124,3.2293777465820312,
124.09999999999999,3.2114944458007812,
124.2,3.2370452880859375,
124.3,3.28814697265625,
124.40000000000001,3.3085861206054688,
124.5,3.1987152099609375,
124.59999999999999,3.0684127807617188,
124.7,3.037750244140625,
124.8,3.037750244140625,
124.90000000000001,3.0403060913085938,
125,3.019866943359375,
125.09999999999999,2.9355545043945312,
125.2,2.835906982421875,
125.3,2.8026962280273438,
125.40000000000001,2.8307952880859375,
125.5,2.8844528198242188,
125.59999999999999,2.9151153564453125,
125.7,2.9227752685546875,
125.8,2.9074478149414062,
125.90000000000001,2.8895645141601562,
126,2.874237060546875,
126.09999999999999,2.8129119873046875,
126.2,2.7209320068359375,
126.3,2.7464828491210938,
126.40000000000001,3.1552810668945312,
126.5,3.4848785400390625,
126.59999999999999,3.4542160034179688,
126.7,3.5845260620117188,
126.8,3.8655776977539062,
126.90000000000001,4.0444259643554688,
127,4.1542892456054688,
127.09999999999999,4.2973709106445312,
127.2,4.4583358764648438,
127.3,4.547760009765625,
127.40000000000001,4.583526611328125,
127.5,4.6499557495117188,
127.59999999999999,4.7470474243164062,
127.7,4.8390274047851562,
127.8,4.8748016357421875,
127.90000000000001,4.86968994140625,
128,4.8850173950195312,
128.09999999999999,4.9233474731445312,
128.19999999999999,4.9642257690429688,
128.30000000000001,4.9999923706054688,
128.40000000000001,5.0102157592773438,
128.5,4.9667816162109375,
128.59999999999999,4.9284515380859375,
128.69999999999999,4.9131240844726562,
128.80000000000001,4.9105682373046875,
128.90000000000001,4.9182357788085938,
129,4.9207916259765625,
129.09999999999999,4.9463424682617188,
129.19999999999999,5.1098556518554688,
129.30000000000001,5.4011306762695312,
129.40000000000001,5.6821823120117188,
129.5,5.89935302734375,
129.59999999999999,6.1216354370117188,
129.69999999999999,6.479339599609375,
129.80000000000001,6.8881378173828125,
129.90000000000001,7.2688369750976562,
130,7.6674118041992188,6.0769748687744141
130.09999999999999,8.060882568359375,
130.19999999999999,8.4185867309570312,
130.30000000000001,8.7072982788085938,
130.40000000000001,8.9474716186523438,
130.5,9.11865234375,
130.59999999999999,9.1697540283203125,
130.69999999999999,9.1927490234375,
130.80000000000001,9.2157440185546875,
130.90000000000001,9.1493148803710938,
131,8.9730224609375,
131.09999999999999,8.7354049682617188,
131.19999999999999,8.3904800415039062,
131.30000000000001,7.933135986328125,
131.40000000000001,7.4604568481445312,
131.5,6.9852294921875,
131.59999999999999,6.4589004516601562,
131.69999999999999,5.9376754760742188,
131.80000000000001,5.5569839477539062,
131.90000000000001,5.227386474609375,
132,4.9131240844726562,
132.09999999999999,4.7291641235351562,
132.19999999999999,4.6652908325195312,
132.30000000000001,4.621856689453125,
132.40000000000001,4.5426483154296875,
132.5,4.4225616455078125,
132.59999999999999,4.2692642211914062,
132.69999999999999,4.0955276489257812,
132.80000000000001,3.939666748046875,
132.90000000000001,3.8425827026367188,
133,3.7838134765625,
133.09999999999999,3.719940185546875,
133.19999999999999,3.645843505859375,
133.30000000000001,3.5666427612304688,
133.40000000000001,3.5283126831054688,
133.5,3.5257568359375,
133.59999999999999,3.5334243774414062,
133.69999999999999,3.518096923828125,
133.80000000000001,3.4669952392578125,
133.90000000000001,3.4465560913085938,
134,3.47210693359375,
134.09999999999999,3.5129852294921875,
134.19999999999999,3.5206527709960938,
134.30000000000001,3.5334243774414062,
134.40000000000001,3.5870819091796875,
134.5,3.6407318115234375,
134.59999999999999,3.6407318115234375,
134.69999999999999,3.6049652099609375,
134.80000000000001,3.6381759643554688,
134.90000000000001,3.7633743286132812,
135,3.9320068359375,
135.09999999999999,4.0827484130859375,
135.19999999999999,4.2309417724609375,
135.30000000000001,4.5043258666992188,
135.40000000000001,4.8645782470703125,
135.5,5.099639892578125,
135.59999999999999,5.23760986328125,
135.69999999999999,5.3883514404296875,
135.80000000000001,5.5339889526367188,
135.90000000000001,5.687286376953125,
136,5.8380355834960938,
136.09999999999999,5.9427871704101562,
136.19999999999999,6.0807571411132812,
136.30000000000001,6.2621612548828125,
136.40000000000001,6.37713623046875,
136.5,6.37713623046875,
136.59999999999999,6.3107070922851562,
136.69999999999999,6.2647171020507812,
136.80000000000001,6.2647171020507812,
136.90000000000001,6.239166259765625,
137,6.15740966796875,
137.09999999999999,6.019439697265625,
137.19999999999999,5.7537155151367188,
137.30000000000001,5.3806915283203125,
137.40000000000001,5.0280990600585938,
137.5,4.7521591186523438,
137.59999999999999,4.50177001953125,
137.69999999999999,4.2973709106445312,
137.80000000000001,4.1645126342773438,
137.90000000000001,4.0520858764648438,
138,3.9320068359375,
138.09999999999999,3.8246917724609375,
138.19999999999999,3.7608184814453125,
138.30000000000001,3.6943893432617188,
138.40000000000001,3.610076904296875,
138.5,3.5436477661132812,
138.59999999999999,3.5104293823242188,
138.69999999999999,3.489990234375,
138.80000000000001,3.4363327026367188,
138.90000000000001,3.369903564453125,
139,3.352020263671875,
139.09999999999999,3.405670166015625,
139.19999999999999,3.5155410766601562,
139.30000000000001,3.6688385009765625,
139.40000000000001,3.7684860229492188,
139.5,3.794036865234375,
139.59999999999999,3.8885726928710938,
139.69999999999999,4.0725326538085938,
139.80000000000001,4.2181625366210938,
139.90000000000001,4.2615966796875,
140,4.2615966796875,6.7796611785888672
140.09999999999999,4.271820068359375,
140.19999999999999,4.3612442016601562,
140.30000000000001,4.6831741333007812,
140.40000000000001,5.1609573364257812,
140.5,5.6821823120117188,
140.59999999999999,6.2545013427734375,
140.69999999999999,6.8268203735351562,
140.80000000000001,7.3735885620117188,
140.90000000000001,7.8794784545898438,
141,8.2678375244140625,
141.09999999999999,8.5258941650390625,
141.19999999999999,8.722625732421875,
141.30000000000001,8.8835906982421875,
141.40000000000001,8.89892578125,
141.5,8.7021865844726562,
141.59999999999999,8.3879241943359375,
141.69999999999999,8.0864334106445312,
141.80000000000001,7.8641510009765625,
141.90000000000001,7.7185134887695312,
142,7.6086502075195312,
142.09999999999999,7.3965835571289062,
142.19999999999999,7.0925369262695312,
142.30000000000001,6.8217086791992188,
142.40000000000001,6.6403045654296875,
142.5,6.5457687377929688,
142.59999999999999,6.4767837524414062,
142.69999999999999,6.37713623046875,
142.80000000000001,6.3055953979492188,
142.90000000000001,6.2877120971679688,
143,6.2442779541015625,
143.09999999999999,6.1420822143554688,
143.19999999999999,5.9836654663085938,
143.30000000000001,5.78948974609375,
143.40000000000001,5.6642913818359375,
143.5,5.64129638671875,
143.59999999999999,5.5697555541992188,
143.69999999999999,5.3628005981445312,
143.80000000000001,5.1226348876953125,
143.90000000000001,4.9233474731445312,
144,4.7444915771484375,
144.09999999999999,4.5528717041015625,
144.19999999999999,4.4430007934570312,
144.30000000000001,4.4200057983398438,
144.40000000000001,4.3280258178710938,
144.5,4.0980758666992188,
144.59999999999999,3.8246917724609375,
144.69999999999999,3.6483993530273438,
144.80000000000001,3.5155410766601562,
144.90000000000001,3.3724594116210938,
145,3.2728118896484375,
145.09999999999999,3.2089385986328125,
145.19999999999999,3.1578369140625,
145.30000000000001,3.13995361328125,
145.40000000000001,3.150177001953125,
145.5,3.1476211547851562,
145.59999999999999,3.1067352294921875,
145.69999999999999,3.111846923828125,
145.80000000000001,3.185943603515625,
145.90000000000001,3.277923583984375,
146,3.3852310180664062,
146.09999999999999,3.50787353515625,
146.19999999999999,3.6381759643554688,
146.30000000000001,3.7965927124023438,
146.40000000000001,3.9754409790039062,
146.5,4.1542892456054688,
146.59999999999999,4.3050308227539062,
146.69999999999999,4.4097900390625,
146.80000000000001,4.5119857788085938,
146.90000000000001,4.6141891479492188,
147,4.7112808227539062,
147.09999999999999,4.7981491088867188,
147.19999999999999,4.8288116455078125,
147.30000000000001,4.8364715576171875,
147.40000000000001,4.8824615478515625,
147.5,4.989776611328125,
147.59999999999999,5.12774658203125,
147.69999999999999,5.2248306274414062,
147.80000000000001,5.2606048583984375,
147.90000000000001,5.3142623901367188,
148,5.3909072875976562,
148.09999999999999,5.4445648193359375,
148.19999999999999,5.4879989624023438,
148.30000000000001,5.5186614990234375,
148.40000000000001,5.5109939575195312,
148.5,5.4879989624023438,
148.59999999999999,5.485443115234375,
148.69999999999999,5.5109939575195312,
148.80000000000001,5.5161056518554688,
148.90000000000001,5.4777755737304688,
149,5.4547805786132812,
149.09999999999999,5.4701156616210938,
149.19999999999999,5.4547805786132812,
149.30000000000001,5.4241256713867188,
149.40000000000001,5.4547805786132812,
149.5,5.4420089721679688,
149.59999999999999,5.31170654296875,
149.69999999999999,5.1839523315429688,
149.80000000000001,5.0664215087890625,
149.90000000000001,4.8926849365234375,
150,4.7291641235351562,8.9285717010498047
150.09999999999999,4.6193008422851562,
150.19999999999999,4.5886383056640625,
150.30000000000001,4.5273208618164062,
150.40000000000001,4.4097900390625,
150.5,4.3765716552734375,
150.59999999999999,4.3612442016601562,
150.69999999999999,4.2513809204101562,
150.80000000000001,4.1082992553710938,
150.90000000000001,4.0520858764648438,
151,4.0418701171875,
151.09999999999999,4.0060958862304688,
151.19999999999999,3.9320068359375,
151.30000000000001,3.84002685546875,
151.40000000000001,3.84002685546875,
151.5,3.9652175903320312,
151.59999999999999,4.0009918212890625,
151.69999999999999,3.8553543090820312,
151.80000000000001,3.8144760131835938,
151.90000000000001,3.9371109008789062,
152,4.013763427734375,
152.09999999999999,4.0290908813476562,
152.19999999999999,4.0009918212890625,
152.30000000000001,3.9371109008789062,
152.40000000000001,3.9166717529296875,
152.5,3.9192276000976562,
152.59999999999999,3.9115676879882812,
152.69999999999999,3.9064559936523438,
152.80000000000001,3.9013442993164062,
152.90000000000001,3.8962326049804688,
153,3.9141159057617188,
153.09999999999999,3.9268951416015625,
153.19999999999999,3.9192276000976562,
153.30000000000001,3.9243392944335938,
153.40000000000001,3.8553543090820312,
153.5,3.737823486328125,
153.59999999999999,3.6790618896484375,
153.69999999999999,3.6739501953125,
153.80000000000001,3.6943893432617188,
153.90000000000001,3.7148284912109375,
154,3.6995010375976562,
154.09999999999999,3.69183349609375,
154.19999999999999,3.719940185546875,
154.30000000000001,3.7276077270507812,
154.40000000000001,3.6535110473632812,
154.5,3.5513076782226562,
154.59999999999999,3.489990234375,
154.69999999999999,3.50787353515625,
154.80000000000001,3.610076904296875,
154.90000000000001,3.7301559448242188,
155,3.8068084716796875,
155.09999999999999,3.8809051513671875,
155.19999999999999,4.0495376586914062,
155.30000000000001,4.20794677734375,
155.40000000000001,4.2948150634765625,
155.5,4.4251174926757812,
155.59999999999999,4.4583358764648438,
155.69999999999999,4.4046783447265625,
155.80000000000001,4.50177001953125,
155.90000000000001,4.6831741333007812,
156,4.7572708129882812,
156.09999999999999,4.79559326171875,
156.19999999999999,4.9029006958007812,
156.30000000000001,5.0102157592773438,
156.40000000000001,5.0587615966796875,
156.5,5.1303024291992188,
156.59999999999999,5.1507415771484375,
156.69999999999999,4.9642257690429688,
156.80000000000001,4.7649307250976562,
156.90000000000001,4.7010574340820312,
157,4.6065216064453125,
157.09999999999999,4.4966583251953125,
157.19999999999999,4.5170974731445312,
157.30000000000001,4.5554275512695312,
157.40000000000001,4.5145416259765625,
157.5,4.53753662109375,
157.59999999999999,4.5579757690429688,
157.69999999999999,4.4430007934570312,
157.80000000000001,4.3126983642578125,
157.90000000000001,4.289703369140625,
158,4.437896728515625,
158.09999999999999,4.5809707641601562,
158.19999999999999,4.547760009765625,
158.30000000000001,4.4659957885742188,
158.40000000000001,4.4532241821289062,
158.5,4.4506683349609375,
158.59999999999999,4.399566650390625,
158.69999999999999,4.3714675903320312,
158.80000000000001,4.3842391967773438,
158.90000000000001,4.35357666015625,
159,4.2999267578125,
159.09999999999999,4.2743759155273438,
159.19999999999999,4.24371337890625,
159.30000000000001,4.2181625366210938,
159.40000000000001,4.2105026245117188,
159.5,4.2181625366210938,
159.59999999999999,4.2232742309570312,
159.69999999999999,4.2386016845703125,
159.80000000000001,4.2488250732421875,
159.90000000000001,4.2181625366210938,
160,4.2590408325195312,11.342154502868652
160.09999999999999,4.657623291015625,
160.19999999999999,5.3168106079101562,
160.30000000000001,5.9351272583007812,
160.40000000000001,6.4410171508789062,
160.5,6.9647903442382812,
160.59999999999999,7.5984268188476562,
160.69999999999999,8.2422866821289062,
160.80000000000001,8.7072982788085938,
160.90000000000001,8.9193649291992188,
161,9.0139007568359375,
161.09999999999999,9.0215606689453125,
161.19999999999999,9.1263198852539062,
161.30000000000001,9.3460464477539062,
161.40000000000001,9.4533615112304688,
161.5,9.404815673828125,
161.59999999999999,9.2310714721679688,
161.69999999999999,8.9755706787109375,
161.80000000000001,8.6664199829101562,
161.90000000000001,8.25506591796875,
162,7.7185134887695312,
162.09999999999999,7.1155319213867188,
162.19999999999999,6.5917587280273438,
162.30000000000001,6.185516357421875,
162.40000000000001,5.8278121948242188,
162.5,5.6157455444335938,
162.59999999999999,5.45733642578125,
162.69999999999999,5.1226348876953125,
162.80000000000001,4.7802658081054688,
162.90000000000001,4.6193008422851562,
163,4.4225616455078125,
163.09999999999999,4.2871475219726562,
163.19999999999999,4.2360458374023438,
163.30000000000001,3.9933242797851562,
163.40000000000001,3.702056884765625,
163.5,3.489990234375,
163.59999999999999,3.369903564453125,
163.69999999999999,3.2932510375976562,
163.80000000000001,3.2166061401367188,
163.90000000000001,3.1578369140625,
164,3.1016311645507812,
164.09999999999999,3.0428619384765625,
164.19999999999999,3.0096511840820312,
164.30000000000001,3.019866943359375,
164.40000000000001,3.0403060913085938,
164.5,3.0530853271484375,
164.59999999999999,3.06585693359375,
164.69999999999999,3.076080322265625,
164.80000000000001,3.0862960815429688,
164.90000000000001,3.13995361328125,
165,3.2549285888671875,
165.09999999999999,3.3622360229492188,
165.19999999999999,3.4107818603515625,
165.30000000000001,3.4951019287109375,
165.40000000000001,3.69183349609375,
165.5,3.9447784423828125,
165.59999999999999,4.1670608520507812,
165.69999999999999,4.3740158081054688,
165.80000000000001,4.6014175415039062,
165.90000000000001,4.8671340942382812,
166,5.3857955932617188,
166.09999999999999,5.97344970703125,
166.19999999999999,6.34136962890625,
166.30000000000001,6.6658554077148438,
166.40000000000001,7.031219482421875,
166.5,7.3735885620117188,
166.59999999999999,7.6776351928710938,
166.69999999999999,7.9663467407226562,
166.80000000000001,8.1400909423828125,
166.90000000000001,7.9561309814453125,
167,7.4757919311523438,
167.09999999999999,7.0746536254882812,
167.19999999999999,6.5304412841796875,
167.30000000000001,5.7383880615234375,
167.40000000000001,5.16351318359375,
167.5,4.933563232421875,
167.59999999999999,4.8773574829101562,
167.69999999999999,4.7904815673828125,
167.80000000000001,4.583526611328125,
167.90000000000001,4.335693359375,
168,4.1389617919921875,
168.09999999999999,4.0188751220703125,
168.19999999999999,3.9371109008789062,
168.30000000000001,3.8425827026367188,
168.40000000000001,3.748046875,
168.5,3.6867218017578125,
168.59999999999999,3.599853515625,
168.69999999999999,3.47210693359375,
168.80000000000001,3.380126953125,
168.90000000000001,3.3213577270507812,
169,3.2677001953125,
169.09999999999999,3.2370452880859375,
169.19999999999999,3.260040283203125,
169.30000000000001,3.2804794311523438,
169.40000000000001,3.2855911254882812,
169.5,3.3111419677734375,
169.59999999999999,3.32391357421875,
169.69999999999999,3.3213577270507812,
169.80000000000001,3.3469085693359375,
169.90000000000001,3.3392410278320312,
170,3.32391357421875,4.7206926345825195
170.09999999999999,3.3775711059570312,
170.19999999999999,3.4593276977539062,
170.30000000000001,3.5870819091796875,
170.40000000000001,3.7812576293945312,
170.5,3.9268951416015625,
170.59999999999999,4.031646728515625,
170.69999999999999,4.2283859252929688,
170.80000000000001,4.4813308715820312,
170.90000000000001,4.7700424194335938,
171,5.1660690307617188,
171.09999999999999,5.587646484375,
171.19999999999999,5.945343017578125,
171.30000000000001,6.3030471801757812,
171.40000000000001,6.7271728515625,
171.5,7.169189453125,
171.59999999999999,7.565216064453125,
171.69999999999999,7.8897018432617188,
171.80000000000001,8.1962966918945312,
171.90000000000001,8.4773483276367188,
172,8.5744400024414062,
172.09999999999999,8.4083633422851562,
172.19999999999999,8.1043167114257812,
172.30000000000001,7.8539276123046875,
172.40000000000001,7.583099365234375,
172.5,7.2305068969726562,
172.59999999999999,6.9545669555664062,
172.69999999999999,6.7961578369140625,
172.80000000000001,6.7348403930664062,
172.90000000000001,6.681182861328125,
173,6.5227737426757812,
173.09999999999999,6.3439254760742188,
173.19999999999999,6.2110671997070312,
173.30000000000001,6.1446304321289062,
173.40000000000001,5.9760055541992188,
173.5,5.5442123413085938,
173.59999999999999,5.1711807250976562,
173.69999999999999,4.8722457885742188,
173.80000000000001,4.4659957885742188,
173.90000000000001,4.0546417236328125,
174,3.709716796875,
174.09999999999999,3.47210693359375,
174.19999999999999,3.334136962890625,
174.30000000000001,3.2370452880859375,
174.40000000000001,3.0914077758789062,
174.5,2.9866561889648438,
174.59999999999999,2.945770263671875,
174.69999999999999,2.8589019775390625,
174.80000000000001,2.7771453857421875,
174.90000000000001,2.7158203125,
175,2.5957412719726562,
175.09999999999999,2.4807662963867188,
175.19999999999999,2.4296646118164062,
175.30000000000001,2.4296646118164062,
175.40000000000001,2.4424362182617188,
175.5,2.4271087646484375,
175.59999999999999,2.4347763061523438,
175.69999999999999,2.542083740234375,
175.80000000000001,2.7132720947265625,
175.90000000000001,2.8512420654296875,
176,2.9355545043945312,
176.09999999999999,3.0990753173828125,
176.19999999999999,3.39801025390625,
176.30000000000001,3.7173843383789062,
176.40000000000001,4.0112075805664062,
176.5,4.271820068359375,
176.59999999999999,4.5119857788085938,
176.69999999999999,4.7342758178710938,
176.80000000000001,4.9540023803710938,
176.90000000000001,5.1430740356445312,
177,5.2146148681640625,
177.09999999999999,5.2146148681640625,
177.19999999999999,5.2861557006835938,
177.30000000000001,5.4420089721679688,
177.40000000000001,5.5620956420898438,
177.5,5.5978622436523438,
177.59999999999999,5.5927505493164062,
177.69999999999999,5.5672073364257812,
177.80000000000001,5.5186614990234375,
177.90000000000001,5.4445648193359375,
178,5.3270339965820312,
178.09999999999999,5.1430740356445312,
178.19999999999999,4.9769973754882812,
178.30000000000001,4.859466552734375,
178.40000000000001,4.7266082763671875,
178.5,4.6039657592773438,
178.59999999999999,4.4787750244140625,
178.69999999999999,4.2769317626953125,
178.80000000000001,4.0495376586914062,
178.90000000000001,3.8221359252929688,
179,3.599853515625,
179.09999999999999,3.4746627807617188,
179.19999999999999,3.6330718994140625,
179.30000000000001,3.8962326049804688,
179.40000000000001,3.8630218505859375,
179.5,3.6381759643554688,
179.59999999999999,3.3571319580078125,
179.69999999999999,3.129730224609375,
179.80000000000001,3.0505294799804688,
179.90000000000001,2.9968719482421875,
180,2.966217041015625,11.342154502868652
180.09999999999999,3.0147552490234375,
180.19999999999999,3.0530853271484375,
180.30000000000001,3.0607452392578125,
180.40000000000001,3.0965194702148438,
180.5,3.1373977661132812,
180.59999999999999,3.2370452880859375,
180.69999999999999,3.3750152587890625,
180.80000000000001,3.4669952392578125,
180.90000000000001,3.5589752197265625,
181,3.7276077270507812,
181.09999999999999,3.8987884521484375,
181.19999999999999,3.9550018310546875,
181.30000000000001,4.031646728515625,
181.40000000000001,4.2641525268554688,
181.5,4.5886383056640625,
181.59999999999999,4.9872207641601562,
181.69999999999999,5.5084381103515625,
181.80000000000001,6.0858688354492188,
181.90000000000001,6.5917587280273438,
182,6.9826736450195312,
182.09999999999999,7.4323501586914062,
182.19999999999999,7.968902587890625,
182.30000000000001,8.428802490234375,
182.40000000000001,8.88104248046875,
182.5,9.3230514526367188,
182.59999999999999,9.68841552734375,
182.69999999999999,9.892822265625,
182.80000000000001,9.6500930786132812,
182.90000000000001,9.0292282104492188,
183,8.43902587890625,
183.09999999999999,7.70318603515625,
183.19999999999999,6.9239120483398438,
183.30000000000001,6.56109619140625,
183.40000000000001,6.3669204711914062,
183.5,6.0449905395507812,
183.59999999999999,5.8099288940429688,
183.69999999999999,5.86358642578125,
183.80000000000001,5.8508071899414062,
183.90000000000001,5.4803314208984375,
184,5.007659912109375,
184.09999999999999,4.70361328125,
184.19999999999999,4.5247650146484375,
184.30000000000001,4.3408050537109375,
184.40000000000001,4.2130508422851562,
184.5,4.2002792358398438,
184.59999999999999,4.2386016845703125,
184.69999999999999,4.1900558471679688,
184.80000000000001,4.0495376586914062,
184.90000000000001,3.9805526733398438,
185,3.9575576782226562,
185.09999999999999,3.9166717529296875,
185.19999999999999,3.8349151611328125,
185.30000000000001,3.6790618896484375,
185.40000000000001,3.5385360717773438,
185.5,3.4925460815429688,
185.59999999999999,3.4312210083007812,
185.69999999999999,3.334136962890625,
185.80000000000001,3.2651519775390625,
185.90000000000001,3.23193359375,
186,3.2447052001953125,
186.09999999999999,3.260040283203125,
186.19999999999999,3.1910552978515625,
186.30000000000001,3.0914077758789062,
186.40000000000001,3.083740234375,
186.5,3.1092910766601562,
186.59999999999999,3.1169586181640625,
186.69999999999999,3.1936111450195312,
186.80000000000001,3.3034744262695312,
186.90000000000001,3.4542160034179688,
187,3.6483993530273438,
187.09999999999999,3.85791015625,
187.19999999999999,4.1134109497070312,
187.30000000000001,4.3331375122070312,
187.40000000000001,4.4711074829101562,
187.5,4.529876708984375,
187.59999999999999,4.621856689453125,
187.69999999999999,4.805816650390625,
187.80000000000001,4.8952407836914062,
187.90000000000001,4.7547149658203125,
188,4.491546630859375,
188.09999999999999,4.4353408813476562,
188.19999999999999,4.455780029296875,
188.30000000000001,4.3408050537109375,
188.40000000000001,4.3433609008789062,
188.5,4.3970108032226562,
188.59999999999999,4.3689117431640625,
188.69999999999999,4.3944625854492188,
188.80000000000001,4.4762191772460938,
188.90000000000001,4.5528717041015625,
189,4.445556640625,
189.09999999999999,4.1185226440429688,
189.19999999999999,3.8962326049804688,
189.30000000000001,3.8349151611328125,
189.40000000000001,3.811920166015625,
189.5,3.9141159057617188,
189.59999999999999,4.0750808715820312,
189.69999999999999,4.0469818115234375,
189.80000000000001,3.9166717529296875,
189.90000000000001,3.9268951416015625,
190,3.9192276000976562,8.4507045745849609
190.09999999999999,3.65606689453125,
190.19999999999999,3.4082260131835938,
190.30000000000001,3.4542160034179688,
190.40000000000001,3.6356277465820312,
190.5,3.7838134765625,
190.59999999999999,3.9550018310546875,
190.69999999999999,4.2360458374023438,
190.80000000000001,4.5528717041015625,
190.90000000000001,4.8083724975585938,
191,5.08941650390625,
191.09999999999999,5.4368972778320312,
191.19999999999999,5.82525634765625,
191.30000000000001,6.1727371215820312,
191.40000000000001,6.5125503540039062,
191.5,6.9469070434570312,
191.59999999999999,7.4834518432617188,
191.69999999999999,8.0200042724609375,
191.80000000000001,8.4722366333007812,
191.90000000000001,8.5003433227539062,
192,8.1579742431640625,
192.09999999999999,8.3419342041015625,
192.19999999999999,8.8733749389648438,
192.30000000000001,9.0931015014648438,
192.40000000000001,9.274505615234375,
192.5,9.5759963989257812,
192.59999999999999,9.4942398071289062,
192.69999999999999,8.95257568359375,
192.80000000000001,8.36492919921875,
192.90000000000001,7.9075851440429688,
193,7.5396652221679688,
193.09999999999999,6.92901611328125,
193.19999999999999,6.1957321166992188,
193.30000000000001,5.8865814208984375,
193.40000000000001,5.9070205688476562,
193.5,5.7281723022460938,
193.59999999999999,5.2861557006835938,
193.69999999999999,4.9361190795898438,
193.80000000000001,4.6933975219726562,
193.90000000000001,4.4123458862304688,
194,4.1568450927734375,
194.09999999999999,3.886016845703125,
194.19999999999999,3.6407318115234375,
194.30000000000001,3.4976577758789062,
194.40000000000001,3.39801025390625,
194.5,3.3366851806640625,
194.59999999999999,3.32391357421875,
194.69999999999999,3.3034744262695312,
194.80000000000001,3.260040283203125,
194.90000000000001,3.21405029296875,
195,3.1246261596679688,
195.09999999999999,2.9636611938476562,
195.19999999999999,2.835906982421875,
195.30000000000001,2.7899169921875,
195.40000000000001,2.800140380859375,
195.5,2.9253311157226562,
195.59999999999999,3.1578369140625,
195.69999999999999,3.369903564453125,
195.80000000000001,3.5794143676757812,
195.90000000000001,3.8783493041992188,
196,4.1823959350585938,
196.09999999999999,4.3714675903320312,
196.19999999999999,4.4711074829101562,
196.30000000000001,4.57586669921875,
196.40000000000001,4.68572998046875,
196.5,4.7419357299804688,
196.59999999999999,4.7419357299804688,
196.69999999999999,4.72149658203125,
196.80000000000001,4.7163925170898438,
196.90000000000001,4.6831741333007812,
197,4.6065216064453125,
197.09999999999999,4.5222091674804688,
197.19999999999999,4.4430007934570312,
197.30000000000001,4.4072341918945312,
197.40000000000001,4.4174575805664062,
197.5,4.4404525756835938,
197.59999999999999,4.4608917236328125,
197.69999999999999,4.4889907836914062,
197.80000000000001,4.5247650146484375,
197.90000000000001,4.5247650146484375,
198,4.4659957885742188,
198.09999999999999,4.4123458862304688,
198.19999999999999,4.4021224975585938,
198.30000000000001,4.4072341918945312,
198.40000000000001,4.4225616455078125,
198.5,4.4404525756835938,
198.59999999999999,4.4430007934570312,
198.69999999999999,4.437896728515625,
198.80000000000001,4.4353408813476562,
198.90000000000001,4.4634475708007812,
199,4.4864425659179688,
199.09999999999999,4.473663330078125,
199.19999999999999,4.4583358764648438,
199.30000000000001,4.437896728515625,
199.40000000000001,4.4149017333984375,
199.5,4.3867950439453125,
199.59999999999999,4.455780029296875,
199.69999999999999,4.8492507934570312,
199.80000000000001,4.933563232421875,
199.90000000000001,4.4251174926757812,
200,4.1287384033203125,5.836575984954834
200.09999999999999,4.07763671875,
200.19999999999999,3.8809051513671875,
200.30000000000001,3.702056884765625,
200.40000000000001,3.6816177368164062,
200.5,3.7046127319335938,
200.59999999999999,3.7250518798828125,
200.69999999999999,3.737823486328125,
200.80000000000001,3.7531509399414062,
200.90000000000001,3.7710418701171875,
201,3.7991409301757812,
201.09999999999999,3.8170318603515625,
201.19999999999999,3.8042526245117188,
201.30000000000001,3.76593017578125,
201.40000000000001,3.7454910278320312,
201.5,3.7838134765625,
201.59999999999999,3.8604660034179688,
201.69999999999999,3.9473342895507812,
201.80000000000001,4.0367584228515625,
201.90000000000001,4.1287384033203125,
202,4.2130508422851562,
202.09999999999999,4.3663558959960938,
202.19999999999999,4.7291641235351562,
202.30000000000001,5.2580490112304688,
202.40000000000001,5.8891372680664062,
202.5,6.6224212646484375,
202.59999999999999,7.3173751831054688,
202.69999999999999,7.9126968383789062,
202.80000000000001,8.421142578125,
202.90000000000001,8.7890625,
203,9.110992431640625,
203.09999999999999,9.458465576171875,
203.19999999999999,9.7650680541992188,
203.30000000000001,9.9592514038085938,
203.40000000000001,10.018013000488281,
203.5,9.9720230102539062,
203.59999999999999,9.6296539306640625,
203.69999999999999,8.8733749389648438,
203.80000000000001,7.8667068481445312,
203.90000000000001,6.9826736450195312,
204,6.3541412353515625,
204.09999999999999,5.78948974609375,
204.19999999999999,5.2324981689453125,
204.30000000000001,4.8032608032226562,
204.40000000000001,4.583526611328125,
204.5,4.4174575805664062,
204.59999999999999,4.2334976196289062,
204.69999999999999,4.1006317138671875,
204.80000000000001,3.9831008911132812,
204.90000000000001,3.84002685546875,
205,3.7046127319335938,
205.09999999999999,3.571746826171875,
205.19999999999999,3.479766845703125,
205.30000000000001,3.5589752197265625,
205.40000000000001,3.6943893432617188,
205.5,3.61773681640625,
205.59999999999999,3.3954544067382812,
205.69999999999999,3.23193359375,
205.80000000000001,3.1629486083984375,
205.90000000000001,3.1603927612304688,
206,3.2166061401367188,
206.09999999999999,3.260040283203125,
206.19999999999999,3.2702560424804688,
206.30000000000001,3.2574844360351562,
206.40000000000001,3.2472610473632812,
206.5,3.2370452880859375,
206.59999999999999,3.2370452880859375,
206.69999999999999,3.2574844360351562,
206.80000000000001,3.28814697265625,
206.90000000000001,3.3060302734375,
207,3.3060302734375,
207.09999999999999,3.3060302734375,
207.19999999999999,3.3060302734375,
207.30000000000001,3.313690185546875,
207.40000000000001,3.3290252685546875,
207.5,3.3213577270507812,
207.59999999999999,3.2855911254882812,
207.69999999999999,3.2523727416992188,
207.80000000000001,3.242156982421875,
207.90000000000001,3.2523727416992188,
208,3.2728118896484375,
208.09999999999999,3.2983627319335938,
208.19999999999999,3.3366851806640625,
208.30000000000001,3.369903564453125,
208.40000000000001,3.3928985595703125,
208.5,3.39801025390625,
208.59999999999999,3.3928985595703125,
208.69999999999999,3.3724594116210938,
208.80000000000001,3.3545761108398438,
208.90000000000001,3.35968017578125,
209,3.3903427124023438,
209.09999999999999,3.4184494018554688,
209.19999999999999,3.4312210083007812,
209.30000000000001,3.4388885498046875,
209.40000000000001,3.4465560913085938,
209.5,3.4516677856445312,
209.59999999999999,3.4644393920898438,
209.69999999999999,3.4746627807617188,
209.80000000000001,3.4644393920898438,
209.90000000000001,3.43377685546875,
210,3.4158935546875,5.7971014976501465
210.09999999999999,3.426116943359375,
210.19999999999999,3.4516677856445312,
210.30000000000001,3.4695510864257812,
210.40000000000001,3.4746627807617188,
210.5,3.4823226928710938,
210.59999999999999,3.489990234375,
210.69999999999999,3.4925460815429688,
210.80000000000001,3.4976577758789062,
210.90000000000001,3.5155410766601562,
211,3.5053176879882812,
211.09999999999999,3.4695510864257812,
211.19999999999999,3.4593276977539062,
211.30000000000001,3.4746627807617188,
211.40000000000001,3.4976577758789062,
211.5,3.5104293823242188,
211.59999999999999,3.5155410766601562,
211.69999999999999,3.5283126831054688,
211.80000000000001,3.535980224609375,
211.90000000000001,3.535980224609375,
212,3.5385360717773438,
212.09999999999999,3.5308685302734375,
212.19999999999999,3.5027618408203125,
212.30000000000001,3.479766845703125,
212.40000000000001,3.4874343872070312,
212.5,3.5104293823242188,
212.59999999999999,3.5257568359375,
212.69999999999999,3.5283126831054688,
212.80000000000001,3.5334243774414062,
212.90000000000001,3.5385360717773438,
213,3.5385360717773438,
213.09999999999999,3.5385360717773438,
213.19999999999999,3.535980224609375,
213.30000000000001,3.5104293823242188,
213.40000000000001,3.479766845703125,
213.5,3.47210693359375,
213.59999999999999,3.4925460815429688,
213.69999999999999,3.5155410766601562,
213.80000000000001,3.518096923828125,
213.90000000000001,3.5129852294921875,
214,3.5155410766601562,
214.09999999999999,3.5232009887695312,
214.19999999999999,3.5283126831054688,
214.30000000000001,3.5283126831054688,
214.40000000000001,3.50787353515625,
214.5,3.4772109985351562,
214.59999999999999,3.4644393920898438,
214.69999999999999,3.4772109985351562,
214.80000000000001,3.4951019287109375,
214.90000000000001,3.489990234375,
215,3.4848785400390625,
215.09999999999999,3.4951019287109375,
215.19999999999999,3.5027618408203125,
215.30000000000001,3.4976577758789062,
215.40000000000001,3.50787353515625,
215.5,3.5104293823242188,
215.59999999999999,3.4925460815429688,
215.69999999999999,3.479766845703125,
215.80000000000001,3.489990234375,
215.90000000000001,3.50787353515625,
216,3.5155410766601562,
216.09999999999999,3.518096923828125,
216.19999999999999,3.5232009887695312,
216.30000000000001,3.5283126831054688,
216.40000000000001,3.5232009887695312,
216.5,3.5206527709960938,
216.59999999999999,3.50787353515625,
216.69999999999999,3.4746627807617188,
216.80000000000001,3.4567718505859375,
216.90000000000001,3.4644393920898438,
217,3.4695510864257812,
217.09999999999999,3.4388885498046875,
217.19999999999999,3.3928985595703125,
217.30000000000001,3.380126953125,
217.40000000000001,3.3954544067382812,
217.5,3.4133377075195312,
217.59999999999999,3.4210052490234375,
217.69999999999999,3.4107818603515625,
217.80000000000001,3.3954544067382812,
217.90000000000001,3.4184494018554688,
218,3.4772109985351562,
218.09999999999999,3.4976577758789062,
218.19999999999999,3.479766845703125,
218.30000000000001,3.4669952392578125,
218.40000000000001,3.4746627807617188,
218.5,3.4874343872070312,
218.59999999999999,3.4951019287109375,
218.69999999999999,3.5027618408203125,
218.80000000000001,3.5002059936523438,
218.90000000000001,3.4746627807617188,
219,3.4414443969726562,
219.09999999999999,3.4414443969726562,
219.19999999999999,3.4746627807617188,
219.30000000000001,3.5027618408203125,
219.40000000000001,3.5104293823242188,
219.5,3.5232009887695312,
219.59999999999999,3.5436477661132812,
219.69999999999999,3.5513076782226562,
219.80000000000001,3.5461959838867188,
219.90000000000001,3.535980224609375,
220,3.5129852294921875,5.5248622894287109
220.09999999999999,3.4925460815429688,
220.19999999999999,3.5002059936523438,
220.30000000000001,3.5283126831054688,
220.40000000000001,3.5461959838867188,
220.5,3.5487518310546875,
220.59999999999999,3.553863525390625,
220.69999999999999,3.6126327514648438,
220.80000000000001,3.85791015625,
220.90000000000001,4.2462692260742188,
221,4.6244125366210938,
221.09999999999999,4.9693374633789062,
221.19999999999999,5.319366455078125,
221.30000000000001,5.7205047607421875,
221.40000000000001,6.1829605102539062,
221.5,6.8421478271484375,
221.59999999999999,7.6623001098632812,
221.69999999999999,8.4543533325195312,
221.80000000000001,9.1160964965820312,
221.90000000000001,9.680755615234375,
222,10.012901306152344,
222.09999999999999,9.9362564086914062,
222.19999999999999,9.5632247924804688,
222.30000000000001,9.0624465942382812,
222.40000000000001,8.5923233032226562,
222.5,8.1988525390625,
222.59999999999999,7.8615951538085938,
222.69999999999999,7.5498809814453125,
222.80000000000001,7.2688369750976562,
222.90000000000001,6.9596786499023438,
223,6.589202880859375,
223.09999999999999,6.0705413818359375,
223.19999999999999,5.4803314208984375,
223.30000000000001,5.1405181884765625,
223.40000000000001,5.0664215087890625,
223.5,5.007659912109375,
223.59999999999999,4.90545654296875,
223.69999999999999,4.7725982666015625,
223.80000000000001,4.59375,
223.90000000000001,4.4200057983398438,
224,4.2692642211914062,
224.09999999999999,4.2130508422851562,
224.19999999999999,4.2207183837890625,
224.30000000000001,4.179840087890625,
224.40000000000001,4.087860107421875,
224.5,4.0188751220703125,
224.59999999999999,3.9984359741210938,
224.69999999999999,4.0342025756835938,
224.80000000000001,4.0648651123046875,
224.90000000000001,4.0674209594726562,
225,4.0904159545898438,
225.09999999999999,4.1287384033203125,
225.19999999999999,4.1594009399414062,
225.30000000000001,4.1542892456054688,
225.40000000000001,4.105743408203125,
225.5,4.05975341796875,
225.59999999999999,4.0955276489257812,
225.69999999999999,4.1926116943359375,
225.80000000000001,4.2181625366210938,
225.90000000000001,4.1568450927734375,
226,4.0955276489257812,
226.09999999999999,4.0571975708007812,
226.19999999999999,4.0546417236328125,
226.30000000000001,4.0674209594726562,
226.40000000000001,4.0546417236328125,
226.5,4.013763427734375,
226.59999999999999,3.9601058959960938,
226.69999999999999,3.8962326049804688,
226.80000000000001,3.84002685546875,
226.90000000000001,3.8987884521484375,
227,4.0725326538085938,
227.09999999999999,4.0929718017578125,
227.19999999999999,3.9550018310546875,
227.30000000000001,3.9626617431640625,
227.40000000000001,4.0290908813476562,
227.5,3.85791015625,
227.59999999999999,3.5870819091796875,
227.69999999999999,3.405670166015625,
227.80000000000001,3.2293777465820312,
227.90000000000001,3.0965194702148438,
228,3.150177001953125,
228.09999999999999,3.3290252685546875,
228.19999999999999,3.4465560913085938,
228.30000000000001,3.4414443969726562,
228.40000000000001,3.4005661010742188,
228.5,3.4874343872070312,
228.59999999999999,3.7276077270507812,
228.69999999999999,4.0214309692382812,
228.80000000000001,4.2973709106445312,
228.90000000000001,4.5222091674804688,
229,4.675506591796875,
229.09999999999999,4.79559326171875,
229.19999999999999,4.9642257690429688,
229.30000000000001,5.1788406372070312,
229.40000000000001,5.3628005981445312,
229.5,5.4241256713867188,
229.59999999999999,5.319366455078125,
229.69999999999999,5.1609573364257812,
229.80000000000001,5.0408706665039062,
229.90000000000001,4.8850173950195312,
230,4.7266082763671875,3.2258064746856689
230.09999999999999,4.6652908325195312,
230.19999999999999,4.6525115966796875,
230.30000000000001,4.6601791381835938,
230.40000000000001,4.6652908325195312,
230.5,4.6141891479492188,
230.59999999999999,4.5707550048828125,
230.69999999999999,4.5554275512695312,
230.80000000000001,4.4481124877929688,
230.90000000000001,4.2794876098632812,
231,4.2028350830078125,
231.09999999999999,4.1542892456054688,
231.19999999999999,4.105743408203125,
231.30000000000001,4.0725326538085938,
231.40000000000001,4.0495376586914062,
231.5,4.05975341796875,
231.59999999999999,4.0725326538085938,
231.69999999999999,4.0750808715820312,
231.80000000000001,4.1006317138671875,
231.90000000000001,4.115966796875,
232,4.0801925659179688,
232.09999999999999,4.0393142700195312,
232.19999999999999,4.0444259643554688,
232.30000000000001,4.069976806640625,
232.40000000000001,4.087860107421875,
232.5,4.1108551025390625,
232.59999999999999,4.1287384033203125,
232.69999999999999,4.1389617919921875,
232.80000000000001,4.1466217041015625,
232.90000000000001,4.1594009399414062,
233,4.1440658569335938,
233.09999999999999,4.0904159545898438,
233.19999999999999,4.0750808715820312,
233.30000000000001,4.115966796875,
233.40000000000001,4.1389617919921875,
233.5,4.1261825561523438,
233.59999999999999,4.1210708618164062,
233.69999999999999,4.1134109497070312,
233.80000000000001,4.1108551025390625,
233.90000000000001,4.1108551025390625,
234,4.1006317138671875,
234.09999999999999,4.0648651123046875,
234.19999999999999,4.0188751220703125,
234.30000000000001,4.0265426635742188,
234.40000000000001,4.0520858764648438,
234.5,4.0571975708007812,
234.59999999999999,4.0674209594726562,
234.69999999999999,4.0904159545898438,
234.80000000000001,4.1082992553710938,
234.90000000000001,4.1031875610351562,
235,4.0904159545898438,
235.09999999999999,4.0801925659179688,
235.19999999999999,4.0469818115234375,
235.30000000000001,4.0035476684570312,
235.40000000000001,4.0035476684570312,
235.5,4.031646728515625,
235.59999999999999,4.0546417236328125,
235.69999999999999,4.0674209594726562,
235.80000000000001,4.07763671875,
235.90000000000001,4.1517333984375,
236,4.3944625854492188,
236.09999999999999,4.7751541137695312,
236.19999999999999,5.2861557006835938,
236.30000000000001,5.8738021850585938,
236.40000000000001,6.4077987670898438,
236.5,6.8728103637695312,
236.59999999999999,7.3046035766601562,
236.69999999999999,7.6827468872070312,
236.80000000000001,8.0225601196289062,
236.90000000000001,8.3444900512695312,
237,8.6255416870117188,
237.09999999999999,8.88104248046875,
237.19999999999999,9.0803298950195312,
237.30000000000001,9.0803298950195312,
237.40000000000001,8.8478240966796875,
237.5,8.576995849609375,
237.59999999999999,8.3955917358398438,
237.69999999999999,8.1860809326171875,
237.80000000000001,7.9765701293945312,
237.90000000000001,8.0634384155273438,
238,8.3036117553710938,
238.09999999999999,8.1656417846679688,
238.19999999999999,7.5575485229492188,
238.30000000000001,6.6888504028320312,
238.40000000000001,5.8891372680664062,
238.5,5.3832473754882812,
238.59999999999999,4.9846649169921875,
238.69999999999999,4.5681991577148438,
238.80000000000001,4.2386016845703125,
238.90000000000001,3.9831008911132812,
239,3.7608184814453125,
239.09999999999999,3.6202926635742188,
239.19999999999999,3.5308685302734375,
239.30000000000001,3.4823226928710938,
239.40000000000001,3.5002059936523438,
239.5,3.5308685302734375,
239.59999999999999,3.5615310668945312,
239.69999999999999,3.5794143676757812,
239.80000000000001,3.599853515625,
239.90000000000001,3.6202926635742188,
240,3.6228485107421875,3.9370076656341553
240.09999999999999,3.5947418212890625,
240.19999999999999,3.535980224609375,
240.30000000000001,3.4848785400390625,
240.40000000000001,3.4823226928710938,
240.5,3.489990234375,
240.59999999999999,3.4874343872070312,
240.69999999999999,3.489990234375,
240.80000000000001,3.5002059936523438,
240.90000000000001,3.50787353515625,
241,3.4976577758789062,
241.09999999999999,3.4644393920898438,
241.19999999999999,3.444000244140625,
241.30000000000001,3.461883544921875,
241.40000000000001,3.4874343872070312,
241.5,3.5027618408203125,
241.59999999999999,3.5002059936523438,
241.69999999999999,3.5104293823242188,
241.80000000000001,3.5334243774414062,
241.90000000000001,3.535980224609375,
242,3.5334243774414062,
242.09999999999999,3.5283126831054688,
242.19999999999999,3.5002059936523438,
242.30000000000001,3.4669952392578125,
242.40000000000001,3.4669952392578125,
242.5,3.4976577758789062,
242.59999999999999,3.5206527709960938,
242.69999999999999,3.5232009887695312,
242.80000000000001,3.5206527709960938,
242.90000000000001,3.5232009887695312,
243,3.5206527709960938,
243.09999999999999,3.5206527709960938,
243.19999999999999,3.5257568359375,
243.30000000000001,3.518096923828125,
243.40000000000001,3.4848785400390625,
243.5,3.4593276977539062,
243.59999999999999,3.4695510864257812,
243.69999999999999,3.4874343872070312,
243.80000000000001,3.4976577758789062,
243.90000000000001,3.4976577758789062,
244,3.5129852294921875,
244.09999999999999,3.5334243774414062,
244.19999999999999,3.5487518310546875,
244.30000000000001,3.5691909790039062,
244.40000000000001,3.553863525390625,
244.5,3.5257568359375,
244.59999999999999,3.5104293823242188,
244.69999999999999,3.5334243774414062,
244.80000000000001,3.5615310668945312,
244.90000000000001,3.5640869140625,
245,3.5691909790039062,
245.09999999999999,3.571746826171875,
245.19999999999999,3.5691909790039062,
245.30000000000001,3.58197021484375,
245.40000000000001,3.6611709594726562,
245.5,3.7122726440429688,
245.59999999999999,3.6509552001953125,
245.69999999999999,3.6024093627929688,
245.80000000000001,3.6407318115234375,
245.90000000000001,3.9345626831054688,
246,4.473663330078125,
246.09999999999999,4.8824615478515625,
246.19999999999999,5.0229873657226562,
246.30000000000001,5.1226348876953125,
246.40000000000001,5.2606048583984375,
246.5,5.4164581298828125,
246.59999999999999,5.8278121948242188,
246.69999999999999,6.543212890625,
246.80000000000001,7.29693603515625,
246.90000000000001,7.9637908935546875,
247,8.4901275634765625,
247.09999999999999,8.73284912109375,
247.19999999999999,8.5616607666015625,
247.30000000000001,8.2473983764648438,
247.40000000000001,8.0736618041992188,
247.5,7.7440643310546875,
247.59999999999999,7.0618820190429688,
247.69999999999999,6.3183746337890625,
247.80000000000001,5.71539306640625,
247.90000000000001,5.2018356323242188,
248,4.6933975219726562,
248.09999999999999,4.4251174926757812,
248.19999999999999,4.42767333984375,
248.30000000000001,4.3663558959960938,
248.40000000000001,4.2462692260742188,
248.5,4.0853042602539062,
248.59999999999999,3.847686767578125,
248.69999999999999,3.6202926635742188,
248.80000000000001,3.4874343872070312,
248.90000000000001,3.444000244140625,
249,3.405670166015625,
249.09999999999999,3.3443527221679688,
249.19999999999999,3.2804794311523438,
249.30000000000001,3.2370452880859375,
249.40000000000001,3.2089385986328125,
249.5,3.129730224609375,
249.59999999999999,3.0173110961914062,
249.69999999999999,2.9968719482421875,
249.80000000000001,3.0684127807617188,
249.90000000000001,3.17572021484375,
250,3.2574844360351562,4.7846889495849609
250.09999999999999,3.3085861206054688,
250.19999999999999,3.35968017578125,
250.30000000000001,3.3928985595703125,
250.40000000000001,3.3852310180664062,
250.5,3.3647918701171875,
250.59999999999999,3.334136962890625,
250.69999999999999,3.3034744262695312,
250.80000000000001,3.3085861206054688,
250.90000000000001,3.334136962890625,
251,3.3647918701171875,
251.09999999999999,3.3852310180664062,
251.19999999999999,3.3954544067382812,
251.30000000000001,3.4005661010742188,
251.40000000000001,3.405670166015625,
251.5,3.4107818603515625,
251.59999999999999,3.4082260131835938,
251.69999999999999,3.3928985595703125,
251.80000000000001,3.35968017578125,
251.90000000000001,3.3264694213867188,
252,3.32391357421875,
252.09999999999999,3.3469085693359375,
252.19999999999999,3.369903564453125,
252.30000000000001,3.387786865234375,
252.40000000000001,3.387786865234375,
252.5,3.3622360229492188,
252.59999999999999,3.3392410278320312,
252.69999999999999,3.3315811157226562,
252.80000000000001,3.32391357421875,
252.90000000000001,3.2983627319335938,
253,3.2855911254882812,
253.09999999999999,3.3213577270507812,
253.19999999999999,3.39801025390625,
253.30000000000001,3.4695510864257812,
253.40000000000001,3.5436477661132812,
253.5,3.645843505859375,
253.59999999999999,3.7429351806640625,
253.69999999999999,3.8272476196289062,
253.80000000000001,3.903900146484375,
253.90000000000001,3.9422225952148438,
254,3.9115676879882812,
254.09999999999999,3.8349151611328125,
254.19999999999999,3.7735977172851562,
254.30000000000001,3.748046875,
254.40000000000001,3.7276077270507812,
254.5,3.7122726440429688,
254.59999999999999,3.7122726440429688,
254.69999999999999,3.7224960327148438,
254.80000000000001,3.7276077270507812,
254.90000000000001,3.7224960327148438,
255,3.709716796875,
255.09999999999999,3.6867218017578125,
255.19999999999999,3.719940185546875,
255.30000000000001,3.8885726928710938,
255.40000000000001,4.0827484130859375,
255.5,4.1415176391601562,
255.59999999999999,4.069976806640625,
255.69999999999999,4.031646728515625,
255.80000000000001,4.013763427734375,
255.90000000000001,3.8885726928710938,
256,3.737823486328125,
256.10000000000002,3.6586227416992188,
256.19999999999999,3.599853515625,
256.30000000000001,3.5410919189453125,
256.39999999999998,3.5155410766601562,
256.5,3.5002059936523438,
256.60000000000002,3.4976577758789062,
256.69999999999999,3.4976577758789062,
256.80000000000001,3.4772109985351562,
256.89999999999998,3.4644393920898438,
257,3.4695510864257812,
257.10000000000002,3.4746627807617188,
257.19999999999999,3.479766845703125,
257.30000000000001,3.4644393920898438,
257.39999999999998,3.4363327026367188,
257.5,3.4516677856445312,
257.60000000000002,3.518096923828125,
257.69999999999999,3.6407318115234375,
257.80000000000001,3.8323593139648438,
257.89999999999998,4.05975341796875,
258,4.3254776000976562,
258.10000000000002,4.657623291015625,
258.19999999999999,5.0332107543945312,
258.30000000000001,5.42156982421875,
258.39999999999998,5.7051773071289062,
258.5,6.019439697265625,
258.60000000000002,6.3669204711914062,
258.69999999999999,6.7782745361328125,
258.80000000000001,7.1666336059570312,
258.89999999999998,7.4221343994140625,
259,7.3965835571289062,
259.10000000000002,7.1078720092773438,
259.19999999999999,6.7859420776367188,
259.30000000000001,6.52532958984375,
259.39999999999998,6.2749404907226562,
259.5,6.001556396484375,
259.60000000000002,5.7843780517578125,
259.69999999999999,5.6770706176757812,
259.80000000000001,5.6080856323242188,
259.89999999999998,5.5263214111328125,
260,5.4752273559570312,5.5401663780212402
260.10000000000002,5.449676513671875,
260.19999999999999,5.4292373657226562,
260.30000000000001,5.4241256713867188,
260.39999999999998,5.4190139770507812,
260.5,5.3985748291015625,
260.60000000000002,5.3142623901367188,
260.69999999999999,5.1609573364257812,
260.80000000000001,5.0229873657226562,
260.89999999999998,4.933563232421875,
261,4.8773574829101562,
261.10000000000002,4.8185882568359375,
261.19999999999999,4.75982666015625,
261.30000000000001,4.713836669921875,
261.39999999999998,4.6550674438476562,
261.5,4.5860824584960938,
261.60000000000002,4.5324325561523438,
261.69999999999999,4.4889907836914062,
261.80000000000001,4.4481124877929688,
261.89999999999998,4.3970108032226562,
262,4.3331375122070312,
262.10000000000002,4.2922592163085938,
262.19999999999999,4.2743759155273438,
262.30000000000001,4.2360458374023438,
262.39999999999998,4.0827484130859375,
262.5,3.8706817626953125,
262.60000000000002,3.8093643188476562,
262.69999999999999,3.8706817626953125,
262.80000000000001,3.8987884521484375,
262.89999999999998,3.8374710083007812,
263,3.6228485107421875,
263.10000000000002,3.380126953125,
263.19999999999999,3.3622360229492188,
263.30000000000001,3.479766845703125,
263.39999999999998,3.4031219482421875,
263.5,3.1322860717773438,
263.60000000000002,2.973876953125,
263.69999999999999,2.9943161010742188,
263.80000000000001,3.0326461791992188,
263.89999999999998,3.0403060913085938,
264,3.076080322265625,
264.10000000000002,3.129730224609375,
264.19999999999999,3.111846923828125,
264.30000000000001,3.0326461791992188,
264.39999999999998,3.01220703125,
264.5,3.001983642578125,
264.60000000000002,2.927886962890625,
264.69999999999999,2.8895645141601562,
264.80000000000001,2.9329986572265625,
264.89999999999998,3.0249786376953125,
265,3.0633010864257812,
265.10000000000002,2.984100341796875,
265.19999999999999,2.8972320556640625,
265.30000000000001,2.8512420654296875,
265.39999999999998,2.7975845336914062,
265.5,2.7311553955078125,
265.60000000000002,2.7132720947265625,
265.69999999999999,2.782257080078125,
265.80000000000001,2.927886962890625,
265.89999999999998,3.1092910766601562,
266,3.3673477172851562,
266.10000000000002,3.7608184814453125,
266.19999999999999,4.3331375122070312,
266.30000000000001,5.0178756713867188,
266.39999999999998,5.6719589233398438,
266.5,6.2085113525390625,
266.60000000000002,6.5968704223632812,
266.69999999999999,6.9596786499023438,
266.80000000000001,7.3940277099609375,
266.89999999999998,7.6444168090820312,
267,7.4425735473632812,
267.10000000000002,7.2381744384765625,
267.19999999999999,7.342926025390625,
267.30000000000001,7.3582611083984375,
267.39999999999998,7.169189453125,
267.5,6.9009170532226562,
267.60000000000002,6.6709671020507812,
267.69999999999999,6.5585403442382812,
267.80000000000001,6.405242919921875,
267.89999999999998,6.1804046630859375,
268,5.9581222534179688,
268.10000000000002,5.6131973266601562,
268.19999999999999,5.2580490112304688,
268.30000000000001,5.1226348876953125,
268.39999999999998,5.1584014892578125,
268.5,5.2222824096679688,
268.60000000000002,5.2503814697265625,
268.69999999999999,5.2606048583984375,
268.80000000000001,5.27337646484375,
268.89999999999998,5.3065948486328125,
269,5.3347015380859375,
269.10000000000002,5.2810440063476562,
269.19999999999999,5.181396484375,
269.30000000000001,5.1303024291992188,
269.39999999999998,5.1532974243164062,
269.5,5.2069473266601562,
269.60000000000002,5.2452774047851562,
269.69999999999999,5.2784881591796875,
269.80000000000001,5.2963714599609375,
269.89999999999998,5.3040390014648438,
270,5.3168106079101562,6.0667338371276855
270.10000000000002,5.3398056030273438,
270.19999999999999,5.3142623901367188,
270.30000000000001,5.2631607055664062,
270.39999999999998,5.3602523803710938,
270.5,5.5850906372070312,
270.60000000000002,5.8201522827148438,
270.69999999999999,6.1190872192382812,
270.80000000000001,6.4461212158203125,
270.89999999999998,6.70928955078125,
271,6.8370361328125,
271.10000000000002,6.8574752807617188,
271.19999999999999,6.8421478271484375,
271.30000000000001,6.7271728515625,
271.39999999999998,6.405242919921875,
271.5,5.9836654663085938,
271.60000000000002,5.6387405395507812,
271.69999999999999,5.3270339965820312,
271.80000000000001,4.97955322265625,
271.89999999999998,4.6269607543945312,
272,4.3561325073242188,
272.10000000000002,4.1721725463867188,
272.19999999999999,4.0444259643554688,
272.30000000000001,3.9268951416015625,
272.39999999999998,3.7991409301757812,
272.5,3.6790618896484375,
272.60000000000002,3.5615310668945312,
272.69999999999999,3.4695510864257812,
272.80000000000001,3.3903427124023438,
272.89999999999998,3.2753677368164062,
273,3.168060302734375,
273.10000000000002,3.1348419189453125,
273.19999999999999,3.1603927612304688,
273.30000000000001,3.2293777465820312,
273.39999999999998,3.2906951904296875,
273.5,3.3264694213867188,
273.60000000000002,3.39801025390625,
273.69999999999999,3.4951019287109375,
273.80000000000001,3.5921859741210938,
273.89999999999998,3.6586227416992188,
274,3.7148284912109375,
274.10000000000002,3.7710418701171875,
274.19999999999999,3.7965927124023438,
274.30000000000001,3.80169677734375,
274.39999999999998,3.7863693237304688,
274.5,3.737823486328125,
274.60000000000002,3.6713943481445312,
274.69999999999999,3.6483993530273438,
274.80000000000001,3.6586227416992188,
274.89999999999998,3.65606689453125,
275,3.6381759643554688,
275.10000000000002,3.610076904296875,
275.19999999999999,3.5666427612304688,
275.30000000000001,3.5461959838867188,
275.39999999999998,3.5334243774414062,
275.5,3.4925460815429688,
275.60000000000002,3.4414443969726562,
275.69999999999999,3.3852310180664062,
275.80000000000001,3.3392410278320312,
275.89999999999998,3.3188018798828125,
276,3.3315811157226562,
276.10000000000002,3.3545761108398438,
276.19999999999999,3.3852310180664062,
276.30000000000001,3.4235610961914062,
276.39999999999998,3.47210693359375,
276.5,3.5921859741210938,
276.60000000000002,3.6892776489257812,
276.69999999999999,3.61773681640625,
276.80000000000001,3.489990234375,
276.89999999999998,3.5308685302734375,
277,3.85791015625,
277.10000000000002,4.3152542114257812,
277.19999999999999,4.8160324096679688,
277.30000000000001,5.3628005981445312,
277.39999999999998,5.9325714111328125,
277.5,6.5483245849609375,
277.60000000000002,7.1487503051757812,
277.69999999999999,7.6852951049804688,
277.80000000000001,8.1554183959960938,
277.89999999999998,8.5080108642578125,
278,8.6894149780273438,
278.10000000000002,8.612762451171875,
278.19999999999999,8.2882766723632812,
278.30000000000001,7.905029296875,
278.39999999999998,7.5575485229492188,
278.5,7.2637252807617188,
278.60000000000002,6.9877853393554688,
278.69999999999999,6.6735153198242188,
278.80000000000001,6.4077987670898438,
278.89999999999998,6.4486770629882812,
279,6.6428604125976562,
279.10000000000002,6.553436279296875,
279.19999999999999,6.3337020874023438,
279.30000000000001,6.2442779541015625,
279.39999999999998,6.2366104125976562,
279.5,6.2340621948242188,
279.60000000000002,6.1497421264648438,
279.69999999999999,5.9811172485351562,
279.80000000000001,5.8201522827148438,
279.89999999999998,5.7205047607421875,
280,5.6310806274414062,6.2893085479736328
280.10000000000002,5.5339889526367188,
280.19999999999999,5.4931106567382812,
280.30000000000001,5.53143310546875,
280.39999999999998,5.5569839477539062,
280.5,5.3985748291015625,
280.60000000000002,5.1481857299804688,
280.69999999999999,5.0051040649414062,
280.80000000000001,4.9386749267578125,
280.89999999999998,4.8952407836914062,
281,4.8569107055664062,
281.10000000000002,4.841583251953125,
281.19999999999999,4.7802658081054688,
281.30000000000001,4.6780624389648438,
281.39999999999998,4.5630874633789062,
281.5,4.2948150634765625,
281.60000000000002,3.98565673828125,
281.69999999999999,3.8068084716796875,
281.80000000000001,3.8323593139648438,
281.89999999999998,4.0060958862304688,
282,4.1312942504882812,
282.10000000000002,4.1491775512695312,
282.19999999999999,4.1440658569335938,
282.30000000000001,4.1491775512695312,
282.39999999999998,4.123626708984375,
282.5,4.2283859252929688,
282.60000000000002,4.4149017333984375,
282.69999999999999,4.5707550048828125,
282.80000000000001,4.68572998046875,
282.89999999999998,4.72149658203125,
283,4.75982666015625,
283.10000000000002,4.8492507934570312,
283.19999999999999,4.8543624877929688,
283.30000000000001,4.6882858276367188,
283.39999999999998,4.4864425659179688,
283.5,4.473663330078125,
283.60000000000002,4.7419357299804688,
283.69999999999999,5.081756591796875,
283.80000000000001,5.3142623901367188,
283.89999999999998,5.5186614990234375,
284,5.8150405883789062,
284.10000000000002,6.239166259765625,
284.19999999999999,6.6760711669921875,
284.30000000000001,7.0746536254882812,
284.39999999999998,7.3735885620117188,
284.5,7.5728759765625,
284.60000000000002,7.8692550659179688,
284.69999999999999,8.2882766723632812,
284.80000000000001,8.7558441162109375,
284.89999999999998,9.32049560546875,
285,9.918365478515625,
285.10000000000002,10.439590454101562,
285.19999999999999,10.935256958007812,
285.30000000000001,11.704315185546875,
285.39999999999998,12.580680847167969,
285.5,12.8719482421875,
285.60000000000002,12.475921630859375,
285.69999999999999,11.7681884765625,
285.80000000000001,10.97613525390625,
285.89999999999998,10.1483154296875,
286,9.43292236328125,
286.10000000000002,8.8580474853515625,
286.19999999999999,8.2525100708007812,
286.30000000000001,7.5907669067382812,
286.39999999999998,6.9315719604492188,
286.5,6.3183746337890625,
286.60000000000002,5.78948974609375,
286.69999999999999,5.449676513671875,
286.80000000000001,5.4905548095703125,
286.89999999999998,5.5799789428710938,
287,5.3883514404296875,
287.10000000000002,5.1660690307617188,
287.19999999999999,5.16351318359375,
287.30000000000001,5.1149673461914062,
287.39999999999998,4.7930374145507812,
287.5,4.5043258666992188,
287.60000000000002,4.3280258178710938,
287.69999999999999,4.1031875610351562,
287.80000000000001,3.8809051513671875,
287.89999999999998,3.7608184814453125,
288,3.6151809692382812,
288.10000000000002,3.4363327026367188,
288.19999999999999,3.341796875,
288.30000000000001,3.3290252685546875,
288.39999999999998,3.3622360229492188,
288.5,3.405670166015625,
288.60000000000002,3.4491119384765625,
288.69999999999999,3.5002059936523438,
288.80000000000001,3.5461959838867188,
288.89999999999998,3.5743026733398438,
289,3.6509552001953125,
289.10000000000002,3.755706787109375,
289.19999999999999,3.811920166015625,
289.30000000000001,3.8425827026367188,
289.39999999999998,3.8502426147460938,
289.5,3.829803466796875,
289.60000000000002,3.8425827026367188,
289.69999999999999,3.886016845703125,
289.80000000000001,3.8911209106445312,
289.89999999999998,3.8681259155273438,
290,3.8936767578125,8.0428953170776367
290.10000000000002,3.9882125854492188,
290.19999999999999,4.179840087890625,
290.30000000000001,4.3689117431640625,
290.39999999999998,4.4327850341796875,
290.5,4.5222091674804688,
290.60000000000002,4.7444915771484375,
290.69999999999999,5.0587615966796875,
290.80000000000001,5.439453125,
290.89999999999998,5.853363037109375,
291,6.295379638671875,
291.10000000000002,6.7297286987304688,
291.19999999999999,7.1436386108398438,
291.30000000000001,7.491119384765625,
291.39999999999998,7.6904067993164062,
291.5,7.73895263671875,
291.60000000000002,7.6239776611328125,
291.69999999999999,7.417022705078125,
291.80000000000001,7.26116943359375,
291.89999999999998,7.1845169067382812,
292,7.1487503051757812,
292.10000000000002,6.9852294921875,
292.19999999999999,6.5559921264648438,
292.30000000000001,6.0526504516601562,
292.39999999999998,5.6566314697265625,
292.5,5.393463134765625,
292.60000000000002,5.227386474609375,
292.69999999999999,5.0638656616210938,
292.80000000000001,4.8492507934570312,
292.89999999999998,4.6729507446289062,
293,4.5809707641601562,
293.10000000000002,4.4532241821289062,
293.19999999999999,4.3765716552734375,
293.30000000000001,4.39190673828125,
293.39999999999998,4.3101425170898438,
293.5,4.1517333984375,
293.60000000000002,4.0290908813476562,
293.69999999999999,3.9550018310546875,
293.80000000000001,3.9141159057617188,
293.89999999999998,3.87579345703125,
294,3.8323593139648438,
294.10000000000002,3.8834609985351562,
294.19999999999999,4.031646728515625,
294.30000000000001,4.1287384033203125,
294.39999999999998,4.1542892456054688,
294.5,4.2002792358398438,
294.60000000000002,4.3382492065429688,
294.69999999999999,4.5809707641601562,
294.80000000000001,4.9667816162109375,
294.89999999999998,5.4624481201171875,
295,5.7767105102539062,
295.10000000000002,6.0271072387695312,
295.19999999999999,6.4844512939453125,
295.30000000000001,6.9264602661132812,
295.39999999999998,7.2305068969726562,
295.5,7.5396652221679688,
295.60000000000002,7.9459075927734375,
295.69999999999999,8.3904800415039062,
295.80000000000001,8.7941665649414062,
295.89999999999998,9.0343399047851562,
296,8.980682373046875,
296.10000000000002,8.7379608154296875,
296.19999999999999,8.4339141845703125,
296.30000000000001,7.9178009033203125,
296.39999999999998,7.3735885620117188,
296.5,7.0388870239257812,
296.60000000000002,6.7118453979492188,
296.69999999999999,6.2800521850585938,
296.80000000000001,5.9044647216796875,
296.89999999999998,5.7920455932617188,
297,5.8559188842773438,
297.10000000000002,5.871246337890625,
297.19999999999999,5.7000656127929688,
297.30000000000001,5.2963714599609375,
297.39999999999998,5.1405181884765625,
297.5,5.1251907348632812,
297.60000000000002,4.805816650390625,
297.69999999999999,4.473663330078125,
297.80000000000001,4.1466217041015625,
297.89999999999998,3.7863693237304688,
298,3.5385360717773438,
298.10000000000002,3.444000244140625,
298.19999999999999,3.3366851806640625,
298.30000000000001,3.1731719970703125,
298.39999999999998,3.1246261596679688,
298.5,3.1246261596679688,
298.60000000000002,3.0505294799804688,
298.69999999999999,3.037750244140625,
298.80000000000001,3.1936111450195312,
298.89999999999998,3.461883544921875,
299,3.7276077270507812,
299.10000000000002,3.977996826171875,
299.19999999999999,4.7930374145507812,
299.30000000000001,5.6745147705078125,
299.39999999999998,5.6004180908203125,
299.5,5.3679122924804688,
299.60000000000002,5.559539794921875,
299.69999999999999,5.7997055053710938,
299.80000000000001,5.963226318359375,
299.89999999999998,6.0909805297851562,
300,6.1701812744140625,6.7039103507995605
