Timestamp,Breath Rate
34.184768199920654,4.4667264699003875
34.18576645851135,4.474380516350141
34.186811208724976,4.481553660093831
34.186811208724976,4.487852613202382
34.187766551971436,4.514030013450199
34.187766551971436,4.536592596508419
34.188767433166504,4.569924458098043
34.190767765045166,4.592686818143291
34.19176626205444,4.609926535798739
34.19276690483093,4.613905258758376
34.19276690483093,4.6084262202414354
34.19376754760742,4.6031830533274025
34.19476652145386,4.590936925709277
34.195767402648926,4.5628474707479985
34.19676756858826,4.524045259349338
34.197779417037964,4.47147908997368
34.197779417037964,4.4115550780422685
34.197779417037964,4.345898086121305
34.19876670837402,4.281053386557033
34.19876670837402,4.212307014897752
34.199647665023804,9.268369044079668
34.200653076171875,9.409223641640803
34.202651500701904,9.547804401846724
34.2039270401001,9.682199456829528
34.20493149757385,9.81325309860789
34.20493149757385,9.940035961790672
34.20593237876892,10.061080249401677
34.20652794837952,10.177244661146686
34.2069411277771,10.287630147412015
34.2069411277771,10.390740379688088
34.20793652534485,10.482936960349477
34.20994162559509,10.564883492503498
34.20994162559509,10.637051361332851
34.21094274520874,10.698837870599244
34.222639322280884,9.7545385797308
34.222639322280884,9.633181244530459
39.87940335273743,9.504945971516404
39.8804144859314,9.374635126951972
39.8804144859314,9.2426318132945
39.8815279006958,9.109700162152125
39.88243341445923,8.97674570906507
39.88243341445923,8.84276193000059
39.88243341445923,8.1085871277886
39.88342356681824,7.644041485849443
39.88342356681824,7.402607050369906
39.884422302246094,7.316726975899991
39.884422302246094,7.268874088472553
39.884422302246094,7.226268938804637
39.885422229766846,7.216790486067796
39.885422229766846,7.2186180985616115
39.88642430305481,7.212286897289788
39.88642430305481,7.202726004641675
39.887423038482666,7.195252972607498
39.887423038482666,7.190799092420392
39.888423681259155,7.190094714029229
39.888423681259155,7.191407221928631
39.88942265510559,7.19130089027034
39.88942265510559,7.192060420164289
39.88942265510559,7.193328439407081
39.8904230594635,7.1969708743127585
39.8904230594635,7.203026464138089
39.89142298698425,7.212827299301008
39.89142298698425,7.22423416835771
39.89142298698425,7.234249397456886
39.892422914505005,7.243127504103592
39.892422914505005,7.248795557760215
39.89342284202576,7.254592439662986
39.89342284202576,7.260861009482012
39.89342284202576,7.266546002159685
39.89442300796509,7.267243067810233
39.89442300796509,7.263568208003987
39.89542293548584,7.257139551903943
39.89542293548584,7.248020640885119
39.89642405509949,7.237956945819395
39.89642405509949,7.226362354411245
39.89742350578308,7.213613403169118
39.89742350578308,7.200413600007377
39.89742350578308,7.1865839054743255
39.898423194885254,7.171378562556003
39.898423194885254,7.154101896228077
39.898423194885254,7.135738408114283
39.89942240715027,7.117024355512571
39.89942240715027,7.095827175126909
39.90042543411255,7.072763977071928
39.90042543411255,7.048743860801295
39.90142250061035,7.023845383526976
39.90142250061035,6.99566877725267
39.90242290496826,6.966579616140926
39.90242290496826,6.9367440351679654
39.903422832489014,6.9047222590521
39.903422832489014,6.8700087151899805
39.90442371368408,6.8327362272975085
39.90442371368408,6.792260285491789
39.90542554855347,6.750303699917797
39.90542554855347,6.706876367155638
45.56773090362549,6.662133527316725
45.568647623062134,6.61622747315583
45.568647623062134,6.56901728383372
45.57009291648865,6.519656469701304
45.57109880447388,6.468312513314066
45.57109880447388,6.414320954557842
45.57202339172363,6.357878893676459
45.57202339172363,6.299466345968128
45.57303190231323,6.239334176824438
45.57402849197388,6.177413962580915
45.57402849197388,6.111990059706909
45.57502841949463,6.044764086914634
45.57502841949463,5.975704020286145
45.57502841949463,5.905039885757778
45.576393365859985,5.8314908670876795
45.576393365859985,5.7544052441645785
45.577396869659424,5.682250479224675
45.57877850532532,5.608192649816692
45.57877850532532,5.5315759300309875
45.57978343963623,5.45272769413733
45.57978343963623,5.371387624579371
45.580782651901245,5.289270730594837
45.580782651901245,5.086821354186304
45.580782651901245,4.859437051726008
45.582210302352905,4.6417957718278435
45.58321523666382,4.432070301943533
45.58421564102173,4.226879348056418
45.58421564102173,4.026071741395019
45.58421564102173,3.828792024974473
45.58556509017944,3.6366410143459684
45.58657765388489,3.453690847679283
45.58657765388489,3.2760726163023466
45.58785557746887,3.1091276061440616
45.58785557746887,2.950269181286867
45.58885979652405,2.802435151162307
45.58947801589966,2.6652297332651615
45.58947801589966,2.540398538775682
45.590556383132935,2.4258265231477933
45.590556383132935,2.3217496476354973
45.591557264328,2.2244920041968106
45.591557264328,2.1412503891500023
45.591557264328,2.071137262813165
45.59255599975586,2.015435044128384
45.59255599975586,1.9754256569125928
45.59255599975586,1.9428544684030133
45.593554973602295,1.9151014918860996
45.593554973602295,1.8928631619860024
45.593554973602295,1.876955836081616
45.59455943107605,1.8633656681732782
45.59455943107605,1.8551909194408487
45.59455943107605,1.8457452825390954
45.59574866294861,1.8496002802660354
45.59574866294861,1.8656881524659754
45.596755027770996,1.88902838360882
45.59775376319885,1.9177023729335496
45.59775376319885,1.9499810293683237
45.598753690719604,1.98593551634663
45.59975337982178,2.0208299347330967
45.59975337982178,2.0557991983116235
51.26932430267334,2.0987558759738114
51.27018904685974,2.1558507853892697
51.27018904685974,2.215674805416994
51.27119493484497,2.2788669999776694
51.27119493484497,2.339140810378108
51.2722282409668,2.4000262727611186
51.2722282409668,2.4577691000956294
51.273194313049316,2.510216229004036
51.273194313049316,2.559208971540565
51.27419376373291,2.6047150919011948
51.27419376373291,2.501206724883383
51.27519369125366,2.271408056316535
51.27519369125366,2.0312392395025376
51.27619433403015,1.7826209460782665
62.660722970962524,1.8510064358132026
62.660722970962524,2.08613639173645
62.66165089607239,2.354249599304268
62.66265058517456,2.6204675580836687
62.66265058517456,2.9328941255968517
62.66365146636963,3.242582957447627
62.66365146636963,3.5796125085164174
62.664693117141724,3.9384014464655235
62.66565704345703,4.300677283423737
62.66565704345703,4.646705581169499
62.66565704345703,5.000400064059609
62.66665005683899,8.841624286073717
62.66764950752258,8.723009137456392
62.66764950752258,8.303486891155119
62.66764950752258,8.122945474027057
62.66864895820618,8.0713545453046
62.66864895820618,8.02657743212455
91.16066598892212,14.819176694419188
91.16167068481445,14.813253894812256
91.16167068481445,14.802943403425417
91.162677526474,14.786503617871936
91.162677526474,14.764736826474763
91.162677526474,14.736023649323212
91.16388487815857,14.699820651740675
91.16388487815857,14.656727637419754
91.16388487815857,14.607324491773058
91.16488933563232,14.553008410922878
91.16488933563232,14.494753818301817
91.16588997840881,14.430955484516268
91.16588997840881,14.363316684561614
91.16688919067383,14.293344558971423
91.16688919067383,14.222294338047833
91.16788959503174,14.153155683076713
91.16788959503174,14.0856240893184
91.16888976097107,14.020613290740728
91.16888976097107,13.957868598397354
91.16888976097107,13.898138423063745
91.16989064216614,13.841098577508196
91.16989064216614,13.786455858610838
91.17089009284973,13.734600051483016
91.17188954353333,13.685704471643415
91.17299270629883,13.639746338071399
96.83331203460693,13.596504497499163
96.83431148529053,13.555660104032977
96.83431148529053,13.516897581694513
96.83532357215881,13.479872096861566
96.83532357215881,13.444020014281659
96.83532357215881,13.408819266589909
96.83632612228394,13.373794649688344
96.83632612228394,13.33866702783294
96.83632612228394,13.30335665423108
96.84657955169678,13.267497302890218
96.84764647483826,13.23120919110853
96.84764647483826,13.19444532843148
96.84864687919617,13.156962259156144
96.84864687919617,13.119329808159025
96.8496458530426,13.081646294525775
96.8496458530426,13.044388102925994
96.85064601898193,13.007719649888058
96.85064601898193,12.972078742906232
96.85164618492126,12.937723540650552
96.85164618492126,12.904921009621166
96.85264587402344,2.746669842272886
96.8532030582428,2.611614101563633
96.85421323776245,2.4669440412833645
96.85421323776245,2.313893464276434
96.85421323776245,2.1506494547027866
96.85526037216187,1.9780205760055138
96.8557698726654,1.7993105142601826
108.23086142539978,1.9061723284538483
108.23086142539978,2.280796532677924
108.23182106018066,2.66380586463981
108.23182106018066,3.044783209996742
108.23281598091125,3.4100491754344335
108.23281598091125,10.408611978040469
108.233815908432,10.35925921712035
108.233815908432,10.308699130957836
108.233815908432,10.258863424235717
108.23481488227844,10.210281962531104
108.23481488227844,10.165283866777377
108.23581552505493,10.117866210623388
108.23581552505493,10.075233764413744
108.2368152141571,10.036722491367849
108.2368152141571,10.0030710168654
108.23781633377075,9.981348404601007
108.23781633377075,9.967977661346946
108.23781633377075,9.964751582550605
108.23882579803467,9.974724386888454
108.23882579803467,9.995142619428089
108.23965811729431,10.024670131303944
108.23965811729431,10.068675622806449
108.24066305160522,10.126687861954718
108.24066305160522,10.197779706081317
108.24166488647461,10.284249362184324
108.24166488647461,10.382430311695625
108.24166488647461,10.490285276268104
108.24266195297241,10.594692371951751
108.24266195297241,10.713699801146133
108.24366331100464,10.842060191019362
108.24366331100464,10.985710457372674
108.24466347694397,11.142040498155298
108.24566292762756,11.315564542729238
108.24566292762756,11.504087853029233
108.24666213989258,11.711259276179925
108.24666213989258,11.925564639773844
108.24666213989258,12.14962381149534
108.24766302108765,12.326220600036256
108.24766302108765,12.39573044029418
108.24866318702698,12.462728285349817
108.24966311454773,12.526574083958398
108.24966311454773,12.586061424609305
108.24966311454773,12.64069007292233
108.25066232681274,12.691607460449786
108.25066232681274,12.738705201312877
108.25166273117065,12.781290668147335
108.25166273117065,12.81997393510601
108.2526626586914,12.855531755453944
108.2526626586914,12.886911324633644
108.25366377830505,12.914317251599963
113.91933345794678,12.938143755431668
113.91933345794678,12.958764278320363
113.92033267021179,12.97585151433651
113.92033267021179,12.992017648697832
113.92136430740356,13.002123307093271
113.92136430740356,13.009072427305476
113.92236948013306,13.013689769248796
113.92236948013306,13.015778788209264
113.92336916923523,13.014949471575777
113.92336916923523,13.01099227127728
113.92436814308167,13.003470064022725
113.92436814308167,12.991854245785689
113.92436814308167,12.975518942745499
113.92436814308167,12.954015132770746
113.925368309021,12.926870773140298
113.925368309021,12.893947617708113
113.92636799812317,12.854736227461753
113.92636799812317,2.9930700796045118
113.92736911773682,2.9474915324390443
113.92736911773682,2.919824165668496
113.92836904525757,2.914474457589441
113.92836904525757,2.93766061343837
113.92836904525757,2.984500942402316
113.92936849594116,3.0529946892007116
113.92936849594116,3.140971457222502
113.92936849594116,3.2461945785791766
113.93036818504333,3.3651747026576277
113.93036818504333,3.4944587405925933
113.93036818504333,3.631155023937247
113.93136763572693,3.772858926184881
113.93136763572693,3.9142850503372055
113.93136763572693,4.051566346655397
113.93236804008484,4.182896981307403
113.93236804008484,4.270855550817641
113.93336796760559,4.314362504153735
113.93336796760559,4.360960313655399
113.93336796760559,4.414193836489326
113.93436813354492,4.468933386227424
113.93436813354492,4.535704788441274
113.93536877632141,4.581832948518138
113.93636870384216,4.619026932706196
113.93636870384216,4.649316474926458
113.93636870384216,4.675058431923045
113.93737006187439,4.6946037531760885
113.93737006187439,4.714259619497623
113.93737006187439,4.724795247950901
113.93836736679077,4.728867994558031
113.93836736679077,4.7336426304233585
113.93836736679077,4.725610089696649
113.93937277793884,4.710205786624436
113.93937277793884,4.696189449056994
113.94036912918091,4.679554164994269
113.94036912918091,4.658171109570869
113.94036912918091,4.635982730213436
113.94136881828308,4.612638336181751
113.94136881828308,4.586878278592166
113.94136881828308,4.564624766200104
113.94236826896667,4.5335502292359235
119.62480092048645,4.441070943112018
119.6258008480072,4.336457608743882
119.62679982185364,4.215320933799746
119.62679982185364,4.090543833484695
119.62780117988586,3.971488157030811
119.62780117988586,3.8539458920258243
119.62880063056946,3.7290218789684175
119.62880063056946,3.598184107243645
119.62880063056946,3.4551347978175375
119.6298189163208,3.309615344312421
119.6298189163208,3.1674940395951108
119.63080215454102,3.031726582865608
119.63080215454102,2.9006142321592723
119.63180041313171,2.7718181456529547
119.63180041313171,2.6450435288417316
119.63279986381531,2.521800983590196
119.63279986381531,2.403072903295767
119.63379955291748,2.28967815548121
119.63379955291748,2.1800483701224334
119.63479971885681,2.0723411681937987
119.63479971885681,1.9643688318905623
119.63579940795898,1.8543841499835787
119.64728808403015,1.8495678121877375
119.64828824996948,1.9934191254882794
119.64828824996948,2.1495122127705644
119.64828824996948,2.318240279666522
125.32080483436584,2.5007031524019308
125.32180619239807,2.700901346327188
125.32180619239807,2.9145968200218473
125.32281517982483,3.1419687733664396
125.32281517982483,3.38375763996703
125.32380604743958,3.6383310896289967
125.32380604743958,3.907053077035674
125.32480573654175,4.187675663214943
125.32480573654175,4.477943387635191
125.32557892799377,4.775589619226577
125.32557892799377,5.076686411869417
125.32658338546753,5.322876920010369
125.32658338546753,5.456382181752328
125.32658338546753,5.58626922230089
125.32758259773254,5.7118364630678204
125.32758259773254,5.832908524026686
125.32858324050903,5.949375754789377
125.32858324050903,6.063105967258846
148.11362504959106,10.513994865491307
148.1146252155304,10.514672689485543
148.1146252155304,10.514052009401427
148.11562418937683,10.51249353277058
148.11562418937683,10.510160130310142
148.11562418937683,10.506987093888952
148.11662435531616,10.503036075817475
148.11662435531616,10.498389937557626
148.11662435531616,10.492922649333899
148.11762404441833,10.487155793216726
148.11762404441833,10.480979336358066
148.1186249256134,10.474673048728498
148.1186249256134,10.468394496087814
148.1186249256134,10.462123485501767
148.11962461471558,10.45600476877483
148.11962461471558,10.449884645989847
148.11962461471558,10.44378092496877
148.12062907218933,10.437653627051164
148.12062907218933,10.431815391735434
148.12162446975708,10.42668364402099
148.12162446975708,10.422123638154755
148.12162446975708,10.418234089762135
148.12262439727783,10.415198897672202
148.12262439727783,10.413432281890596
148.12362408638,10.412502627216607
148.12362408638,10.411910864023156
148.12362408638,10.411653575500743
148.12462425231934,10.411287622662016
153.79127097129822,10.411488597678536
153.79227304458618,10.411723063103382
153.79227304458618,10.41256982275484
153.7932732105255,10.413966325572726
153.7932732105255,10.41570293350202
153.7932732105255,10.416880091723973
153.79427289962769,10.417675885558715
153.79427289962769,10.418062231603537
153.79427289962769,10.417870780553706
153.79527258872986,10.417430521129623
153.79527258872986,10.416948504160935
153.79527258872986,10.415979885462031
153.79627966880798,10.414885376482749
153.79627966880798,10.413452663146195
153.79627966880798,10.41038810958256
153.79727149009705,10.405213617029451
153.79727149009705,10.398766520308794
153.79827237129211,10.392297068466805
153.79827237129211,10.385101997584481
153.79927277565002,10.377300560671255
153.79927277565002,10.368436278247597
153.80027151107788,10.358890371305339
153.80027151107788,10.348302727598714
153.80127263069153,10.335879875610539
153.80127263069153,10.320549932604264
153.80227160453796,10.303485555666713
153.80227160453796,10.284937014992902
153.80227160453796,10.265150843755565
153.80327105522156,10.244767033159938
153.80327105522156,10.224255923715285
153.80427312850952,10.203287963463257
153.80427312850952,10.18183095187966
153.8052728176117,10.160046323888485
153.8056356906891,10.137995721159678
153.8056356906891,10.116749410878084
153.8056356906891,10.09519602739109
153.80670762062073,10.072952895303171
153.80670762062073,10.049673354230896
153.80670762062073,10.027633905377398
153.8076672554016,10.005341353089316
153.8076672554016,9.984455380990008
153.8076672554016,9.964389351547114
153.8076672554016,9.944789843669401
153.80866646766663,9.925664609217982
153.80866646766663,9.907320895266702
153.80966639518738,9.889325074633922
153.80966639518738,9.872626864085538
153.80966639518738,9.857971288519256
153.81066632270813,9.84378461968034
153.81066632270813,9.82960779783733
153.81066632270813,9.816681245779584
153.8116660118103,9.804870536410741
153.8116660118103,9.794652720289509
153.8116660118103,9.785753280036785
153.81266736984253,9.778194532035673
153.81266736984253,9.771836038623135
153.81366777420044,9.766825792546776
153.81366777420044,9.764139929271822
153.81366777420044,9.763278677195808
159.4828395843506,9.764527703765172
159.4828395843506,9.768033832317759
159.48383903503418,9.773829976627981
159.4844012260437,9.781762836267983
159.4844012260437,9.79141531730614
159.4844012260437,9.803695877041172
159.4854576587677,9.818520391050827
159.4854576587677,9.835812266962025
159.4854576587677,9.855773192092036
159.48646903038025,9.878869039999632
159.48646903038025,9.904221281435044
159.48745775222778,9.932461602299767
159.48745775222778,9.964092812983184
159.48845863342285,9.999186739563028
159.48845863342285,10.038484449236194
159.48845863342285,10.08218024469683
159.48945784568787,10.130682756152424
159.48945784568787,10.184649155628845
159.49045777320862,10.243153936199912
159.49045777320862,10.305813176417328
159.49045777320862,10.374257750274165
159.4914586544037,10.44948237780462
159.49245858192444,10.532378318935923
159.49245858192444,10.620866389341405
159.49345779418945,10.715505566660703
159.49345779418945,10.816526254896074
159.49345779418945,10.924103896040235
159.49445796012878,11.040437376744165
159.49445796012878,11.168167425187548
159.49445796012878,11.300467645160147
159.49545884132385,11.432970750249813
159.49545884132385,11.560827807070767
159.49645853042603,11.68394549533131
159.49645853042603,11.805734607984979
159.49645853042603,11.926710990683628
159.49745750427246,12.040599566284884
159.49745750427246,12.147121850115921
159.49845814704895,12.236007397159447
159.49845814704895,12.307555162002306
159.49945735931396,12.355926555105903
159.49945735931396,12.398502816205369
159.5004584789276,12.437783817604258
159.5004584789276,12.472275921542934
159.5004584789276,12.500157653561148
159.50145816802979,12.524029883934467
159.50145816802979,12.543609033757424
159.50231647491455,12.557998100660356
159.50231647491455,12.568011392859972
159.50332498550415,12.5746532778748
159.50432538986206,12.577157148401039
159.50432538986206,12.576566383735827
159.5053253173828,12.57348616582646
159.5053253173828,12.568034975859094
159.5053253173828,12.559248121342765
159.50632500648499,12.547176203176965
159.50632500648499,12.531947382710332
159.50632500648499,12.513338207320471
159.50732398033142,12.49161744408583
159.50732398033142,12.466684972280655
165.1886215209961,12.43828929869788
165.18953657150269,12.40632109922307
165.18953657150269,12.370582245663975
165.19053673744202,12.330925289486462
165.19053673744202,12.280529112569532
165.19153547286987,12.212750662957847
165.19153547286987,12.136150240888645
165.19253540039062,12.050547124834315
165.19253540039062,11.9561450308067
165.19353532791138,11.853090724442245
165.19353532791138,11.741905881809732
165.19353532791138,11.623089128021482
165.19453644752502,11.49727669561251
165.19453644752502,11.365125401865324
165.19553637504578,11.227333722080925
165.19553637504578,11.084593840955312
165.19653630256653,10.9377245245988
165.19653630256653,10.787614715185994
165.19653630256653,10.634302551681152
165.19753694534302,10.479288996748902
165.19753694534302,10.322107820362515
165.19753694534302,10.162867728678233
165.1985378265381,10.001991398371686
165.1985378265381,9.838349978066617
165.1995370388031,9.671775565278752
165.1995370388031,9.50241813909852
165.20053601264954,9.32791727232216
165.20053601264954,9.147907943636554
165.20153784751892,8.962874113913156
165.20153784751892,8.693458527833325
165.20153784751892,7.821631704470777
165.20253610610962,7.232913364343517
165.20253610610962,6.801043330091972
165.2035367488861,6.470020103140316
165.20453643798828,6.195376911488514
165.20453643798828,5.958953114330167
165.20453643798828,5.752896903509459
165.2055377960205,5.556261189591483
165.2055377960205,5.384767313129335
165.2065360546112,5.158431554948705
165.2065360546112,4.843498730656796
165.2085359096527,4.592109805365821
165.2085359096527,4.39208778780153
165.20953679084778,4.226564612685556
165.20953679084778,4.088304687399424
165.20953679084778,3.9725520353093104
165.21054816246033,3.8764941170561316
165.21054816246033,3.797066840290563
165.21153783798218,3.7310527598877243
165.21253752708435,3.669765256394032
165.21253752708435,3.6091612324763696
165.21353697776794,3.5523799989234264
165.21353697776794,3.458692955072887
165.21453642845154,3.2937134792204854
165.21553683280945,3.1290407435852616
165.21653699874878,2.967258579950049
165.21653699874878,2.801206294766578
165.21753692626953,2.6325250363285253
170.87443208694458,2.4627285132275336
170.87443208694458,2.292302061311789
170.87542366981506,2.1253863579426455
170.87542366981506,1.9650632964396764
170.87542366981506,1.8082249490957782
170.88742423057556,1.791244927511178
170.88742423057556,1.895918769600316
170.88842368125916,2.0006517495787355
170.88842368125916,2.1062407807126813
170.88842368125916,2.2124664048715452
170.88942337036133,2.318119585363819
170.88942337036133,2.4240192694972453
170.88942337036133,2.5297248431951322
170.89042592048645,2.634996252018344
170.89042592048645,2.739695448428761
170.89142417907715,2.844106221832172
170.89142417907715,2.9480898206573194
170.8924241065979,3.049665903649082
170.8924241065979,3.1550814982916333
170.8924241065979,3.2608800603434798
170.89342308044434,3.3656231270607098
170.89342308044434,3.468052788996815
170.89442467689514,3.568622549569554
170.89442467689514,3.667770533816111
170.89442467689514,3.71473335009219
170.89542412757874,3.7412520496153565
176.57160210609436,3.768311000245845
176.5726034641266,3.799549836898464
176.5726034641266,3.8361165576206298
176.57360911369324,3.877902030152494
176.57360911369324,3.923581091882449
176.57360911369324,3.9706700613588533
176.57460379600525,4.0203093425110366
176.57460379600525,4.071842565360596
176.57460379600525,4.125696574661772
176.57460379600525,4.181328522849024
176.57590579986572,4.241916610239242
176.57590579986572,4.303218636567842
176.57690930366516,4.362874565139236
176.57690930366516,4.375473825640528
176.57690930366516,4.366018219219468
176.57790970802307,4.356385873196312
176.57790970802307,4.35462155534783
176.57790970802307,4.356673288513903
176.57890963554382,4.3553158624958135
176.57890963554382,4.343998346979028
176.57990980148315,4.328693052928212
176.57990980148315,4.31072800875551
176.58090949058533,4.28959366984451
176.58090949058533,4.2660092582392455
176.5819103717804,4.243799818668777
176.5819103717804,4.225129022659297
176.5829095840454,4.199398574015449
176.5829095840454,4.172238059690051
176.5829095840454,4.147343925962444
176.58392000198364,4.128189960762813
176.58491015434265,4.113080377608796
176.58491015434265,4.094611753604882
176.5859091281891,4.076375176811322
176.5859091281891,4.059357884589156
176.5859091281891,4.050371146754438
176.5869104862213,4.044237813165931
176.5869104862213,4.0462282435360715
176.58790946006775,4.057361739556262
176.58790946006775,4.070751756852176
176.58790946006775,4.094642405686241
176.58891224861145,4.122292455666604
176.58891224861145,4.154775790363166
176.5899109840393,4.195718960791621
176.5899109840393,4.243243880681206
176.5899109840393,4.298186616877345
176.59090924263,4.3612093191979
176.59090924263,4.428819500471288
176.59190893173218,4.5022074294631835
176.59190893173218,4.581331929791679
176.59190893173218,4.666993360290464
176.59290981292725,4.758513415065793
176.59290981292725,4.85655716030572
176.59391021728516,4.958689240751723
176.59391021728516,5.068873768612576
176.59490990638733,5.184667945236368
176.59490990638733,5.287883770786983
176.59590888023376,5.34428045523864
176.59590888023376,5.4067197873738815
176.59691643714905,5.474985556190982
182.2639832496643,5.551599583401608
182.26497316360474,5.63536702097174
182.26497316360474,5.730208220564517
182.2659728527069,5.839854320047478
182.2659728527069,5.970609936567949
182.2659728527069,6.129441118720422
182.26697278022766,6.320593231849126
182.26697278022766,6.564301932899026
182.26697278022766,6.886246128588194
182.26797437667847,7.355736067352176
182.26797437667847,8.104132604356668
182.26797437667847,8.865300958571074
182.26897644996643,9.040941509599113
182.26897644996643,9.202928725474317
182.26897644996643,9.35110895013817
182.26998019218445,9.49139598484204
182.26998019218445,9.62718298748516
182.27097415924072,9.754788453820062
182.27097415924072,9.878182683192502
182.27214217185974,9.99445569096368
182.27214217185974,10.103832763025796
182.2731466293335,10.206670438182346
182.2731466293335,10.30187017167547
182.27414774894714,10.391758121930522
182.27414774894714,10.475232222617782
182.27414774894714,10.553144594411203
182.27414774894714,10.625064326197247
182.27514696121216,10.690248067242656
182.27514696121216,10.748777366348248
182.27614784240723,10.802806008265875
182.27614784240723,10.852698796341132
182.27715134620667,10.89692580824719
182.27715134620667,10.932649334058771
182.27814722061157,10.96165112256713
182.27814722061157,10.985960795139382
182.27814722061157,11.0073129405449
182.2791473865509,11.024206768731444
182.2791473865509,11.03634400433553
182.2801477909088,11.043593707087382
193.67503833770752,1.889256133040261
193.67503833770752,2.030696019453113
193.67503833770752,2.1613710031567988
193.67603754997253,2.2817154955574352
193.67603754997253,2.370031098698027
193.67703938484192,2.2660211050935453
193.67703938484192,2.1608742751653227
193.67703938484192,2.0547485357821107
193.67703938484192,1.949029294417006
193.67837834358215,1.8426119091006592
199.36221742630005,1.827224156264855
199.36221742630005,1.9953209566475432
199.36327457427979,2.1710208256231764
199.36327457427979,2.3560861403470015
199.36327457427979,2.5497346402687238
199.36427927017212,2.7401158472687435
199.36427927017212,2.931403221921947
199.36533069610596,3.1202002683897425
199.36533069610596,3.305594509061232
199.36533069610596,3.4841238859048933
199.36533069610596,3.6523773914214774
199.36689066886902,3.81779287033774
199.36689066886902,3.970598504588742
199.36689066886902,4.108035373285353
199.36774969100952,4.2230012290664884
199.36774969100952,4.316203540029384
199.36774969100952,4.398199495899063
199.36875414848328,4.471971438083646
199.36875414848328,4.529350888494611
199.3697588443756,4.57792703233877
199.3702630996704,4.618066881106013
199.37076687812805,4.646064192744879
199.37076687812805,4.6670020733510675
199.3717713356018,4.6822440569148345
199.3717713356018,4.696506260007154
199.3717713356018,4.711819583564759
199.3717713356018,4.728155003176164
199.37297654151917,4.747263558138706
199.37398195266724,4.742331625243082
199.37448573112488,4.743428266734897
199.37448573112488,4.745388645203137
199.3754906654358,4.741629909914951
205.04329252243042,4.72905846870232
205.04429364204407,4.709803943663317
205.0446057319641,4.681753776311481
205.0446057319641,4.64492512875791
205.04565691947937,4.597407021002959
205.04565691947937,4.539092771304443
205.04669761657715,4.471256150466494
205.0476176738739,4.3925283219053295
205.0476176738739,4.303415068078762
205.0476176738739,4.204636014503821
205.04863238334656,4.094710200688757
205.04863238334656,3.9749886749040084
205.0496118068695,3.8489770033490447
205.05061078071594,3.72013693595353
205.05161023139954,3.579314827180187
205.05161023139954,3.440104039141076
205.05368494987488,3.2967984407230952
205.05468440055847,3.154552649134682
205.05468440055847,3.011385589966093
205.05568647384644,2.8702382977292182
205.05668568611145,2.73434672139754
205.05668568611145,2.6037850764368966
205.05768489837646,2.478192148920747
205.05768489837646,2.3576271809892932
205.0586850643158,2.2437101446031997
205.06068396568298,2.1385833350067522
205.06168389320374,2.0412385656171352
205.06168389320374,1.9503818560888517
205.06268453598022,1.8669431000603531
205.06268453598022,1.7923529910430376
205.06868481636047,1.7748533950094127
205.06968545913696,1.8854103278959453
205.0706856250763,2.0121452962719446
205.0706856250763,2.1592327561175537
205.0706856250763,2.3233169241887173
205.07168531417847,2.5026428285114477
205.07168531417847,2.6979688119313168
205.0726854801178,2.898607551772087
205.0726854801178,3.1089382511448664
205.0736858844757,3.3320026683912234
205.0736858844757,3.572736091144622
205.07468438148499,3.828737172751673
205.07468438148499,4.0956510444899
205.07468438148499,4.379122821403335
205.07468438148499,4.669054188176624
205.07468438148499,4.970040820748399
210.74280381202698,5.270550681362096
210.7437620162964,5.401902446682677
210.7447612285614,5.52415226776008
210.7447612285614,5.637315899433724
210.7457616329193,5.747152488305244
210.7457616329193,5.858504292784822
210.7457616329193,5.963539283514342
210.74676084518433,6.064272373458357
210.74676084518433,6.16071674479137
210.74776029586792,6.24916678924232
210.74776029586792,6.330437488213442
210.7487678527832,6.406403082111005
210.7487678527832,6.4801983465353485
210.74976253509521,6.5528355794411635
210.74976253509521,6.622110715564014
210.7507610321045,6.685833685835862
210.7507610321045,6.744718583030947
210.75176191329956,6.800673514551125
210.75176191329956,6.853955095174901
210.7527618408203,6.90433602107127
210.7527618408203,6.953597835816153
210.75375986099243,7.001725571250519
210.75375986099243,7.048193086353116
210.75375986099243,7.092390589390685
210.75476145744324,7.134589994526678
210.75476145744324,7.176168979843122
210.75576162338257,7.218347813690674
210.75576162338257,7.260661722871562
210.756760597229,7.302817110025401
210.756760597229,7.344830725994464
210.756760597229,7.386448925231516
210.756760597229,7.428526150552579
210.75776028633118,7.471490500162097
210.75776028633118,7.515160388319248
210.75776028633118,7.559215313116397
210.75876021385193,7.601587320502048
210.75876021385193,7.643038658918349
210.7597620487213,7.683850113051482
210.7597620487213,7.724396930727123
210.7597620487213,7.763022805568337
210.76076817512512,7.80134807170487
210.76076817512512,7.83863805136384
210.76076817512512,7.873600828864172
210.76176047325134,7.904379199084518
210.76176047325134,7.9277870837285445
210.76176047325134,7.943005881374686
210.76176047325134,7.94941980166628
210.76275992393494,7.948468761069599
210.76275992393494,7.942369757477574
210.76376104354858,7.932541330258208
210.76376104354858,7.921453206543835
210.76376104354858,7.90902972857168
210.76476097106934,7.895450786830099
210.76476097106934,7.879670304731086
210.76476097106934,7.8593399276633145
210.7657606601715,7.83573734513698
210.7657606601715,7.816084613894248
210.7657606601715,7.802216560578994
210.76676034927368,7.796654455498752
216.43946504592896,7.79378293090505
216.43946504592896,7.786184766948957
216.44046568870544,7.770207984509865
216.44046568870544,7.760868406480196
216.4414734840393,7.752285124369045
216.4414734840393,7.746409300343745
216.44246625900269,7.746330455026456
216.44346594810486,7.7515277784638466
216.44346594810486,7.763849337710087
216.44446563720703,7.7855588927391475
216.44446563720703,7.817001360455775
216.44546580314636,7.863221492779223
216.44546580314636,7.934332195335506
216.44646620750427,8.038900095317372
216.44646620750427,8.190777739016031
216.44646620750427,8.423580397901748
216.44747495651245,8.795327177314883
216.44747495651245,8.885503866463015
216.44846606254578,8.983391036288372
216.44846606254578,9.09013849144458
216.44846606254578,9.204399478594647
216.44946432113647,9.327050990801595
216.44946432113647,9.455607954290215
216.44946432113647,9.589894880274873
216.45046854019165,9.721655993682369
216.45046854019165,9.850262602417507
216.4514718055725,9.969305862876588
216.4514718055725,10.08323908438911
216.45246696472168,10.198495277029675
216.45246696472168,10.308466370135555
216.45246696472168,10.410454677272543
216.4534649848938,10.507478258229701
216.4534649848938,10.601963559004458
216.45446515083313,10.620839164284911
216.45446515083313,10.614637710653307
216.45446515083313,10.608327636529099
216.45546579360962,10.60221003856645
216.45546579360962,10.595982424769426
216.45546579360962,10.591158868905579
216.4564642906189,10.586936455394225
216.4564642906189,10.58342067131293
216.4564642906189,10.580503143151397
216.45746445655823,10.577618319356349
216.45746445655823,10.57511644571948
216.45746445655823,10.574254028969353
216.4584653377533,10.57419095994521
216.4584653377533,10.574157995142933
216.45946550369263,10.574733447470376
216.45946550369263,10.575811548399674
216.45946550369263,10.577435120205218
216.46046566963196,10.578687050251782
216.46046566963196,10.580461582528596
216.46046566963196,10.582277358059304
216.46146512031555,10.584336150800636
216.46146512031555,10.585975777180131
216.46146512031555,10.587590037602707
216.46246552467346,10.589601579289821
216.46246552467346,10.59160040494974
222.14051580429077,10.59306972057945
222.14151740074158,10.594279795521707
222.14151740074158,10.594775451237096
222.14151740074158,10.594402875603983
222.14251708984375,10.593193128433684
222.14251708984375,10.591104445524094
222.14251708984375,10.588036846723913
222.14251708984375,10.583830692805375
222.14393591880798,10.578398922546285
222.14393591880798,10.571597314219845
222.14393591880798,10.563228034738936
222.14494371414185,10.553203804319526
222.14494371414185,10.541365645796462
222.14494371414185,10.527682412327968
222.14494371414185,10.512153191111958
222.146226644516,10.494534722984916
222.146226644516,10.474903347843457
222.146226644516,10.4531836571636
222.1472306251526,10.429244778176253
222.1472306251526,10.402965519776375
222.1482310295105,10.37438432056933
222.1482310295105,10.343582920028634
222.1482310295105,10.31073218123917
222.1492314338684,10.275600496670801
222.1492314338684,10.23828806131559
222.1502330303192,10.199030719344476
222.1502330303192,10.157754744046915
222.1502330303192,10.114908837620021
222.15123105049133,10.070669440043817
222.15123105049133,10.025013709365473
222.15223097801208,9.978107535991098
222.15223097801208,9.929964042797517
222.15223097801208,9.880956944297846
222.1532301902771,9.831015682889216
222.1532301902771,9.779970203897747
222.15423107147217,9.727781906485482
222.15423107147217,9.67453595467208
222.15423107147217,9.620341372610662
222.15523052215576,9.565129071815416
222.15523052215576,9.508921317911199
222.15523052215576,9.451645629642268
222.1562957763672,9.393544871271958
222.1562957763672,9.334734733533308
222.1562957763672,9.275283767220849
222.1572995185852,9.215462115162904
222.1572995185852,9.155616527905767
222.15830087661743,9.095862316283771
222.15930008888245,9.036554835831295
222.15930008888245,8.978133708811404
222.16030097007751,8.9210553760839
222.16030097007751,8.865507526558163
222.16030097007751,8.811822485515153
222.16130208969116,8.757803088328385
222.16130208969116,8.704947393926586
222.1623010635376,8.655632501800138
222.1623010635376,8.60965156964371
222.1623010635376,8.566338807203719
222.1633002758026,8.525429591483617
222.1633002758026,8.486236733893824
227.82798051834106,8.448135276381898
227.82798051834106,8.411511542208538
227.82898139953613,8.376079394242513
227.82898139953613,8.341480283023548
227.8299810886383,8.308577535659413
227.8299810886383,8.276336872516685
227.83098030090332,8.24398194467627
227.83098030090332,8.213048395233368
227.83198046684265,8.183036177995639
227.83198046684265,8.153593781852228
227.83298063278198,8.123923080851718
227.83298063278198,8.09382851265426
227.83298063278198,8.063210288672158
227.83398127555847,8.031884423396368
227.83398127555847,7.999950213940609
227.83498072624207,7.9672116886268665
227.83498072624207,7.9340172974829795
227.83620953559875,7.900819863370188
227.83620953559875,7.867694467598074
227.836980342865,7.835239991678098
227.836980342865,7.8032067918810535
227.83798050880432,7.771618917916793
227.83798050880432,7.740098260982003
227.83798050880432,7.707702432768362
227.8389871120453,7.6739133306059975
227.8389871120453,7.6393466838882835
227.83998036384583,7.6042226968343885
227.83998036384583,7.567747131653013
227.84098100662231,7.528708099479736
227.84098100662231,7.485041766740137
227.84098100662231,7.438851517256814
227.84198021888733,7.3975085196414865
227.84198021888733,7.356448747101787
227.84198021888733,7.309659009997306
227.84297966957092,7.256557239082379
227.84297966957092,7.194070642875589
227.84297966957092,7.128139661510094
227.8439803123474,7.055244174940506
227.8439803123474,6.970669252303882
227.84498071670532,6.870856815577279
227.84498071670532,6.753832458722944
227.8459804058075,6.618530432108515
227.8459804058075,6.462351051557837
227.8459804058075,6.280087140486474
227.8469796180725,6.054766950831352
227.8469796180725,5.769728270368479
227.8469796180725,5.402322990336015
227.84797954559326,5.178523739960889
227.84797954559326,5.036033247561991
227.84898042678833,4.8808062711124425
227.84898042678833,4.714508654666741
227.84998083114624,4.530677732941623
227.84998083114624,4.3393822294354685
227.84998083114624,4.148541672589564
227.850980758667,3.960216616583826
227.850980758667,3.7758676807862837
227.850980758667,3.596907190007199
227.85198092460632,3.426087967566125
227.85198092460632,3.264691765850147
233.52571082115173,3.114994919988826
233.5267117023468,2.9795427182870466
233.5277132987976,2.857740679661
233.5277132987976,2.7487172804442928
233.52871203422546,2.6546822337358558
233.52871203422546,2.5755919964986447
233.52971291542053,2.510113398705697
233.52971291542053,2.4576559508211826
233.53071117401123,2.4148381252213227
233.53071117401123,2.3833744576096256
233.53071117401123,2.366188935574818
233.53171062469482,2.359763925350993
233.53171062469482,2.366820073341193
233.53271079063416,2.381269476660705
233.53271079063416,2.4073419488610686
233.53371286392212,2.4467669447050313
233.53371286392212,2.4866088259038808
233.53371286392212,2.5330517333922877
233.53471207618713,2.586316131020483
233.53571319580078,2.6487713885151285
233.53571319580078,2.715584659351114
233.53671646118164,2.7837356660988437
233.53671646118164,2.8522362131378722
233.53671646118164,2.922623936578405
233.5377118587494,2.992783625167885
233.5377118587494,3.032058558384343
233.5387110710144,2.943528833213312
233.5387110710144,2.845787860718559
233.53971219062805,2.731718290698071
233.53971219062805,2.6058722338486286
233.54071140289307,2.4641022609818233
233.54071140289307,2.306447954997954
233.54171204566956,2.1152719687344823
233.54171204566956,1.899211090207718
239.23706674575806,2.0545634539756064
239.2380666732788,2.642647944820378
239.2380666732788,3.2893781273093032
239.2380666732788,3.989796537961852
239.2392394542694,4.7326279134107345
239.2392394542694,5.368108974273271
239.24024415016174,5.645959314921511
239.24024415016174,5.872331454400098
239.24024415016174,6.059919735933695
239.24124383926392,6.2176029148778795
239.24124383926392,6.351631924761574
244.9086992740631,6.466382634212908
244.90950846672058,6.565303342902764
244.9105224609375,6.65073752082041
244.9105224609375,6.724519046374026
244.9105224609375,6.788357120989296
244.91151309013367,6.8435360479121785
244.91151309013367,6.89119105881969
244.91251158714294,6.931852424985741
244.91251158714294,6.966176476243654
244.91251158714294,6.994705004533289
244.9135115146637,7.017980145925565
244.9135115146637,7.035750970269025
244.9135115146637,7.0479249043376715
244.9135115146637,7.0551366685116665
244.9145131111145,7.058457081061976
244.9145131111145,7.0576732333083525
244.9155125617981,7.052683136829121
244.9155125617981,7.043299891782299
244.9155125617981,7.02923152549225
244.91651320457458,7.011125196308159
244.91651320457458,6.989243333493725
244.91751313209534,6.9639403863679075
244.91751313209534,6.935329826772397
244.91851258277893,6.903600813581945
244.91851258277893,6.867825611932019
244.91851258277893,6.8280296319300575
244.9195122718811,6.7847687933545116
244.9195122718811,6.737610900449357
244.9195122718811,6.686316012052546
244.92051219940186,6.630865212750252
244.92051219940186,6.570989511188555
244.92051219940186,6.506418565064484
244.9215121269226,6.436992195118717
244.9215121269226,6.362275734204673
244.9215121269226,6.282090784445798
244.92251253128052,6.195971292411275
244.92251253128052,6.1035831355567725
244.92251253128052,6.00440889866603
244.92351150512695,5.897880348901941
244.92351150512695,5.783494612304411
244.92351150512695,5.659908866400696
244.92451238632202,5.5265897091964495
244.92451238632202,5.382851821487119
244.92451238632202,5.190578986416045
244.9255130290985,4.90000392946973
244.9255130290985,4.607989112444272
244.9255130290985,4.316337130428049
244.92651200294495,4.027270904527641
244.92651200294495,3.742350107424236
244.92651200294495,3.462767333887933
244.9275119304657,3.189737188812322
244.9275119304657,2.924434499890095
244.9275119304657,2.6669308101435747
244.9285113811493,2.4178341947255904
244.9285113811493,2.1779732948030666
244.9285113811493,1.947536117471111
250.64720034599304,1.8831755248288864
256.3003134727478,2.0631091704299847
256.3020009994507,2.254452362784682
256.3035204410553,2.4556266534963775
256.30402517318726,2.6669998553712726
256.30402517318726,2.887466432344466
256.3050329685211,3.1225094776603957
256.30611300468445,3.3734156167694547
256.30611300468445,3.638723410787694
256.3071098327637,3.92021594637374
256.30811071395874,4.216109940592028
256.30811071395874,4.52313713372317
256.30811071395874,4.843135375032673
256.3091096878052,5.174128551732164
256.3091096878052,5.420764612590664
256.3101100921631,5.615536226346249
256.3101100921631,5.79477344543878
256.3101100921631,5.961626745415474
256.3111090660095,6.117022685571578
256.3111090660095,6.262412842720951
256.3121099472046,6.39761438534777
256.3121099472046,6.523144486927026
256.3121099472046,6.640821041153287
256.3131105899811,6.751293808208093
256.3131105899811,6.855246016965766
256.31399488449097,6.952358243626246
256.31399488449097,7.043733696292302
256.31399488449097,7.1297073770920845
256.31492280960083,7.210782197001804
256.31492280960083,7.287951788261555
256.31592750549316,7.360803620211092
256.31592750549316,7.4294932083457805
256.31592750549316,7.494642032359096
256.31692814826965,7.555655626486082
256.31692814826965,7.6127732933575585
256.31692814826965,7.666710107838752
256.31822872161865,7.716161320071477
256.31822872161865,7.764533810165561
256.31822872161865,7.810642205917481
256.31822872161865,7.85299580493831
256.3192331790924,7.890069337045266
256.3192331790924,7.922632813909915
256.32023334503174,7.951430745093454
256.32023334503174,7.9769211152271255
256.32123470306396,7.99578757261118
256.32123470306396,8.004510042090484
256.32223320007324,8.002933869259042
256.32223320007324,7.997147950629068
256.32323455810547,7.985707909771392
256.32323455810547,7.967420513874279
256.32423400878906,7.941329180291627
256.32423400878906,7.907035307581667
256.32423400878906,7.867912487857272
256.3255274295807,7.827668683031189
256.3255274295807,7.790383036181729
256.3265335559845,7.762148773348968
256.3265335559845,7.744740068695686
256.3275337219238,7.74191768973079
256.3275337219238,7.758305848070367
261.9931833744049,7.8001944100169265
261.9944198131561,7.868389354658084
261.9944198131561,7.964886145745683
261.9954252243042,8.091582193105383
261.9954252243042,12.489275337402926
261.99642539024353,12.491524340181442
261.99642539024353,12.48623382485565
261.9974253177643,12.475009118544184
261.9974253177643,12.458535853008952
261.9984254837036,12.436882677991708
261.9984254837036,12.41108582170658
261.9994249343872,12.381225315770878
262.00042486190796,12.345219401096163
262.0014247894287,12.29921166430237
262.0017602443695,12.081638034935407
262.00277400016785,11.905228191040324
262.00277400016785,11.756206962687083
262.00376629829407,11.626142502272565
262.0048062801361,11.50973908122731
262.0048062801361,11.403290158511465
262.005765914917,11.304397302969823
262.0067660808563,11.209382333191279
262.0067660808563,11.112343165206168
262.00776505470276,11.01433761020354
262.00876545906067,10.917263097709936
262.00876545906067,10.819017539982648
262.00976514816284,10.716915261872492
262.0107650756836,10.611408412421634
273.3934712409973,2.026517521921796
273.39447116851807,2.404212169286802
273.39447116851807,2.805059211844548
273.3954691886902,3.2265781898068737
273.3954691886902,3.6628819010971996
273.3964686393738,4.105897713338819
273.3964686393738,4.54755840136226
273.3964686393738,4.97886010361739
273.39746928215027,5.346840807859769
273.39746928215027,5.5699887371160655
273.3984684944153,5.753728652795897
273.3984684944153,5.906253885641472
273.3984684944153,6.032920376429789
273.39946937561035,6.137913279134012
273.39946937561035,6.224735918574614
273.4004690647125,6.296001720787992
273.4004690647125,6.353194667743598
273.4004690647125,6.398158031184678
273.4014685153961,6.434411913670988
273.4014685153961,6.462352102975003
273.402471780777,6.481445434863003
273.402471780777,6.491203142554856
273.402471780777,6.493014052463595
273.40347027778625,6.4876584772064785
273.40347027778625,6.475142209073003
273.4044692516327,6.455504219987387
273.4044692516327,6.428565028083652
273.4054708480835,6.39398982223927
273.4054708480835,6.351215411736903
273.4054708480835,6.300224116634543
273.40647053718567,6.241022184570998
273.40647053718567,6.1736739701779335
273.40647053718567,6.097884033305456
273.407511472702,6.013309043402691
273.407511472702,5.919560799053683
273.40846967697144,5.816411269382794
273.40846967697144,5.703585290122517
273.40846967697144,5.581054022838641
273.4094693660736,5.448851766732823
273.4094693660736,5.306934114886028
273.41046953201294,5.210126123802065
273.41046953201294,5.129214816499098
273.41046953201294,5.036131052942762
273.4114692211151,4.934842721947533
273.4114692211151,4.825490287587075
273.4114692211151,4.708851797780716
273.412469625473,4.585680287255014
273.412469625473,4.456318657417712
273.4134690761566,4.3219015189752685
273.4134690761566,4.182960026014657
273.4134690761566,4.0400356700674775
273.41447138786316,3.894138847444387
273.41447138786316,3.746568255086619
273.4154689311981,3.5973026298458577
273.4154689311981,3.4474015440070622
279.07899594306946,3.297304225899489
279.07999777793884,3.1474893788262244
279.07999777793884,2.9984821760196927
279.0810430049896,2.850791142895072
279.0810430049896,2.7045514077682284
279.0810430049896,2.5601109547657708
279.08199739456177,2.4175541777757075
279.08199739456177,2.276760569398826
279.08299803733826,2.1378174194238975
279.08299803733826,2.000991359800076
279.08299803733826,1.8663917453146446
284.7849380970001,12.400924133888404
284.7859468460083,12.504383138089638
284.78693890571594,12.599002046897471
284.78693890571594,12.685885379060965
284.78693890571594,12.765350848390344
284.7879388332367,12.837564391131457
284.7879388332367,12.902133039653302
284.78893780708313,12.959498436929922
284.78893780708313,13.010740263995448
284.7899384498596,13.057440184003624
284.7899384498596,13.096404356987959
284.7899384498596,13.129239298746084
284.7909393310547,13.160400931719996
284.7909393310547,13.185460490003729
284.7919387817383,13.205247090126221
284.7919387817383,13.219807163850465
307.5761504173279,5.863513440003998
307.5771493911743,5.966370626500151
307.5773401260376,6.065501172784086
307.577800989151,6.161612741668598
307.577800989151,6.254279965731278
307.577800989151,6.343871833376597
307.5788083076477,6.4308449918227355
307.5788083076477,6.514113525042175
307.57980966567993,6.594491107140865
307.57980966567993,6.673890069871718
307.5808084011078,6.750431488829657
307.5808084011078,6.823137830767736
307.5808084011078,6.891829119908397
307.5818078517914,6.955769447658679
307.5818078517914,7.01673266360888
307.5818078517914,7.073940253651317
307.5818078517914,7.129338474184263
313.2580773830414,7.179807563236147
313.2590742111206,7.227297694927969
313.2590742111206,7.270849281410282
313.2590742111206,7.312201214705071
313.2600681781769,7.34996979978934
313.2600681781769,7.38498743163972
313.2600681781769,7.417062200439517
313.26106810569763,7.446125666549155
313.26106810569763,7.4727290960175
313.26106810569763,7.496172676286129
313.2620677947998,7.516456357606494
313.2620677947998,7.531622999256775
313.2620677947998,7.542545771638483
313.2630684375763,7.550420218536787
313.2630684375763,7.556217127923343
313.2630684375763,7.560055707327756
313.2640676498413,7.559500912400779
313.2640676498413,7.552492457207522
313.2650682926178,7.535018028736099
313.2650682926178,7.508676906831137
313.2650682926178,7.4729464396780365
313.26606798171997,7.423236569872621
313.26606798171997,7.360878640996117
313.2670693397522,7.277151752070377
313.2670693397522,7.166167039088985
313.2670693397522,7.0297823939560615
313.2680673599243,6.846761224283964
313.2690680027008,6.594657884572922
313.2690680027008,6.232943722248942
313.2700688838959,5.687216753243942
313.2700688838959,5.147677448528877
313.2700688838959,4.867789725545438
313.27106761932373,4.577615321688154
313.27106761932373,4.281662662449717
313.27106761932373,3.9803128296904307
313.27206802368164,3.67605132262657
313.27206802368164,3.371455242386702
313.27206802368164,3.066409847174203
313.2730667591095,2.763045489862322
313.2730667591095,2.4577772289144666
313.2730667591095,2.1533365383011165
313.2740671634674,1.850193300999364
324.6656231880188,1.8140317480497208
324.6656231880188,1.9905383171968047
324.666622877121,2.1714082401915205
324.666622877121,2.355342949407407
324.666622877121,2.5417866370303557
330.338565826416,2.7298495502126436
330.3395748138428,2.918574729568907
330.3405661582947,3.104815984958836
330.3405661582947,3.2877113181544284
330.34156608581543,3.4646703622574657
330.34156608581543,3.6353400918127003
330.342565536499,3.799285308675022
330.342565536499,3.9554388776975804
330.342565536499,4.103174567904005
330.3435652256012,4.241823869942066
330.3435652256012,4.3702663633094
330.34456634521484,4.488541205239344
330.34456634521484,4.597074083927033
330.34556674957275,4.6961907995107754
330.34556674957275,4.785336000090299
330.34556674957275,4.859286940728238
330.34656620025635,4.912545594081897
330.34656620025635,4.963444517834236
330.34756684303284,5.011386259416017
330.34756684303284,5.055892221314901
330.34756684303284,5.096243052231007
330.3485658168793,5.132536502496
330.3485658168793,5.164991630188488
330.3485658168793,5.191285321438197
330.3495705127716,5.213853084408408
330.3495705127716,5.233436908419572
330.3495705127716,5.2497442339404605
330.3505666255951,5.2617247720978115
330.3505666255951,5.269106478448501
330.3515660762787,5.27262210419428
330.3515660762787,5.272489470208331
330.3515660762787,5.267711899466327
330.35257148742676,5.258150071314526
330.3535659313202,5.245714481444336
330.3535659313202,5.230306389075288
330.3535659313202,5.212695741146887
330.35456585884094,5.190463606709461
330.35456585884094,5.158051991990434
330.35556745529175,5.119578768055527
330.35556745529175,5.073680927073199
330.35556745529175,5.0184059916632835
330.35656690597534,4.95596077566023
330.35656690597534,4.88334576994618
330.35656690597534,4.802325190258814
330.3575656414032,4.713687940059858
330.3575656414032,4.615681691556082
330.35856533050537,4.506394238263153
330.35856533050537,4.387962858606567
330.35856533050537,4.259395514015177
330.35856533050537,4.120743743532437
330.3600182533264,3.9728250283829643
330.3600182533264,3.816891044043885
330.3610224723816,3.6537058047863717
330.3610224723816,3.4853988319937477
330.3610224723816,3.311152239720615
330.36202239990234,3.1355544049113826
330.36202239990234,2.9596353073949633
330.36202239990234,2.783082679677074
330.36202239990234,2.605374325118262
336.03783082962036,2.427840933623528
336.0389127731323,2.2503536545967897
336.0398805141449,2.075561611934902
336.0398805141449,1.9054108979818238
336.05585289001465,4.694020955370328
336.05585289001465,5.30355655658398
336.0568573474884,5.354127604812293
336.0568573474884,5.4040518680436085
336.0568573474884,5.452924939574548
336.0568573474884,5.501735513803682
336.05803203582764,5.54868254402809
336.05803203582764,5.595559983040069
336.05969071388245,5.641571597887363
336.05969071388245,5.686379380370049
336.05969071388245,5.730466158354117
336.0606973171234,5.7735959035142494
336.0606973171234,5.8151896663334695
336.0606973171234,5.856005484622204
336.0616993904114,5.895359284524179
336.06269574165344,5.932507986820619
336.06269574165344,5.967920470477099
336.06269574165344,6.002005430578855
341.7259871959686,6.034553849702877
341.72699069976807,6.065657906410925
341.72699069976807,6.095273455651556
341.72818779945374,6.123363286830799
341.72818779945374,6.149874012819882
341.7291865348816,6.174649033619379
341.7291865348816,6.197618699054131
341.7301867008209,6.218763507671416
341.7301867008209,6.2379807705729675
341.7301867008209,6.255151662293772
341.7311861515045,6.27011824760978
341.7311861515045,6.283050185483865
341.7311861515045,6.293955388067036
341.7311861515045,6.3028797778511105
341.73218607902527,6.310058806414707
341.73218607902527,6.315302752489357
341.7331874370575,6.318521063219843
341.7331874370575,6.319724463582234
341.7331874370575,6.318378085059189
341.7331874370575,6.314358319301582
341.7342619895935,6.3080541461703294
341.7342619895935,6.299868641067949
341.7352635860443,6.288631990623944
341.7352635860443,6.275171941232796
341.7352635860443,6.259264029489291
341.73626136779785,6.24105744790437
341.73626136779785,6.219495171418948
341.73626136779785,6.194188084512475
341.73726439476013,6.165803360718139
341.73726439476013,6.134929513007065
341.73726439476013,6.100035636292358
341.73826241493225,6.061668591045428
341.73826241493225,6.019288128594325
341.73826241493225,5.973268279708077
341.7392678260803,5.919896934612682
341.7392678260803,5.860254262084964
341.7392678260803,5.794958009372485
341.740261554718,5.7250789552637285
341.740261554718,5.651615915726688
341.740261554718,5.567693289961573
341.740261554718,5.473805505581916
341.741730928421,5.371572586821714
341.741730928421,5.2314369665526606
341.74273562431335,4.8739802548521505
341.74273562431335,4.494130305761655
341.74273562431335,4.095378838399275
341.7437353134155,3.6838750645254796
341.7437353134155,3.2491177736777686
341.7437353134155,2.817160754898114
341.7447338104248,2.3870180745693386
341.7447338104248,1.947548413101041
353.13017868995667,1.844328148649493
353.13116216659546,1.9648215931761372
353.13116216659546,2.0804867513061356
353.13216280937195,2.192646530617095
353.13216280937195,2.3026750541706438
353.13216280937195,2.4122955414004927
353.1331627368927,2.52208505561041
353.1331627368927,2.632283811236737
353.1341631412506,2.74353908530094
353.1341631412506,2.8570205681781755
353.13516330718994,2.9730344647379017
353.13516330718994,3.0913526531889697
353.13516330718994,3.2105064799027576
353.13616251945496,3.329855218147386
353.13616251945496,3.447713707916738
353.13716292381287,3.566382893976852
353.13716292381287,3.684908640094795
353.13716292381287,3.803001460530543
353.138258934021,3.9191755417745577
353.138258934021,4.029887908153931
353.138258934021,4.136929394778306
353.13926243782043,4.238104742328958
353.13926243782043,4.334194201994188
353.13926243782043,4.425070142621176
353.14026260375977,4.510978536035393
353.14026260375977,4.591631706025719
353.1412630081177,4.665497196679187
353.1412630081177,4.731754182969991
353.1412630081177,4.7908659242115945
353.1422619819641,4.843829891427092
353.1422619819641,4.864559027712041
353.1422619819641,4.882527357630248
353.14326214790344,4.898282455669379
353.14326214790344,4.911625085311084
353.14326214790344,4.922809863247325
353.14426350593567,4.92950303685442
353.14426350593567,4.936588547109531
353.14426350593567,4.940226238561386
353.1452624797821,4.9417729745584635
353.1452624797821,4.940131837402164
353.1452624797821,4.937028624278777
353.14649844169617,4.932112979587636
353.14649844169617,4.926028374606095
353.14649844169617,4.917401079318714
353.14750242233276,4.9088402822052215
353.14750242233276,4.885926143805673
353.1485025882721,4.839492071019189
353.1485025882721,4.788525669831767
353.1485025882721,4.726269749626136
353.1495032310486,4.659780841964169
358.81425046920776,4.588568608613667
358.8152494430542,4.504909599695972
358.8152494430542,4.398246707212456
358.81624841690063,4.28620368977513
358.81624841690063,4.1724680158242435
358.81624841690063,4.047513158765574
358.81624841690063,3.92644369991885
358.8172483444214,3.799497550584677
358.8172483444214,3.6585244062547813
358.8172483444214,3.517241396485246
358.8182489871979,3.378280672004749
358.8182489871979,3.22690904616052
358.8192481994629,3.0748448784146025
358.8192481994629,2.9218799854381516
358.82024908065796,2.7675945771231167
358.82024908065796,2.6213396652861247
358.82124948501587,2.4831092400804153
358.82124948501587,2.3542996243865524
358.82124948501587,2.2234876273999036
358.8222508430481,2.0939399485666006
358.8222508430481,1.970835118383782
358.82324957847595,1.863672026422265
358.82324957847595,1.7669540913234076
358.8319537639618,1.7983016737410449
358.8319537639618,1.8870986581306428
358.8329584598541,1.9829819286160264
358.8329584598541,2.0871120055007646
358.8339591026306,2.19690431967772
358.8339591026306,2.3118804110937066
358.8349585533142,2.433781216450305
358.8359589576721,2.5579532023578118
358.8359589576721,2.6831868199384443
358.8370020389557,2.8088345351035575
358.8370020389557,2.9354143168269777
358.83799624443054,3.060861823082184
358.83799624443054,3.1857941600781206
358.83895802497864,3.309708483548991
358.83895802497864,3.431937329572503
358.83995842933655,3.554160688582439
358.83995842933655,3.6762064100424543
358.83995842933655,3.7965592617838553
358.8409583568573,3.913974070723506
358.8409583568573,4.025877513799625
358.8419601917267,4.13492387673365
364.5074186325073,4.242886714417441
364.5074186325073,4.3494927126532135
364.50843620300293,4.451152305087749
364.50843620300293,4.546434385588883
364.5094578266144,4.6378038862285536
364.5094578266144,4.703406668898734
364.51041865348816,4.7542981768740145
364.51041865348816,4.8106137102738975
364.5114197731018,4.871966238735858
364.5114197731018,4.937663252777833
364.5122287273407,5.007472777138427
364.5132339000702,5.081064616768476
364.5132339000702,5.158907708585108
364.5132339000702,5.241396116802813
364.51423931121826,5.321192443103604
364.51423931121826,5.3993940107348815
364.515438079834,5.479249519449621
364.515438079834,5.560710188930497
364.51644921302795,5.643909397819682
364.517457485199,5.728992700686989
364.517457485199,5.816073353917202
364.5184624195099,5.905256555868234
364.51896572113037,5.996405121759759
364.51896572113037,6.089554620300927
364.519469499588,6.1849736065115195
364.519469499588,6.283248329803369
364.519469499588,6.384583533767123
364.5204727649689,6.489446977070382
364.5204727649689,6.59787413633128
364.5204727649689,6.709581304266582
364.52237939834595,6.824236321025681
364.52237939834595,6.941433668061433
364.52237939834595,7.060265499318823
364.52338457107544,7.179666933984476
364.52338457107544,7.299841485626131
364.52338457107544,7.420073291310431
364.5243842601776,7.539138946531287
364.5243842601776,7.6561456164566275
364.5253837108612,7.771522817871905
364.5263841152191,7.884549562051222
364.5273838043213,7.9935140291272555
364.5273838043213,8.097541409544643
364.5273838043213,8.196504990385357
364.5283839702606,8.288906031537325
364.5283839702606,8.375627720300576
364.52938437461853,8.457243857524123
364.52938437461853,8.533601904318038
364.53038477897644,8.603966288219642
364.53038477897644,8.668491091488326
364.53138542175293,8.72529552932723
364.53138542175293,8.7760304510713
364.53138542175293,8.812579677874213
364.5325074195862,8.840286303560298
364.5325074195862,8.864751704813242
364.5325074195862,8.885456196926338
364.53351187705994,8.902283567989816
364.53351187705994,8.91510124759086
364.53351187705994,8.924542046266465
364.5345118045807,8.931757378790492
370.2027499675751,8.937077001579574
370.2036678791046,8.940905417769846
370.2036678791046,8.943841189172685
370.2046675682068,8.94544878448802
370.2046675682068,8.945724405574255
370.2056667804718,8.945547006452019
370.2056667804718,8.945274806271255
370.2056667804718,8.94453622377675
370.2056667804718,8.944470518241825
370.20666670799255,8.94463998449966
370.20666670799255,8.94703232231313
370.20666670799255,8.948836518997814
370.2076666355133,8.949101255174035
370.2076666355133,8.948936618483266
370.2076666355133,8.947924017948006
370.2086672782898,8.945252456804164
370.2086672782898,8.941878147456276
370.20966720581055,8.938383721361525
370.20966720581055,8.935437546641946
370.21066761016846,8.932873399232566
370.21066761016846,8.931430252729916
370.21066761016846,8.93080574879261
370.21166729927063,8.930730117139339
370.21166729927063,8.930709343942613
370.21266746520996,8.93106546434195
370.21266746520996,8.93224184435384
370.21266746520996,8.934212326197692
370.21366810798645,8.936815693487352
370.21366810798645,8.939762669011637
370.2146677970886,8.943366396664645
370.2146677970886,8.94759401168317
370.21566677093506,8.95239547847702
370.21566677093506,8.95753432463352
370.21666955947876,8.962897162893167
370.21666955947876,8.968404576496884
370.21666955947876,8.974659041035927
370.21766901016235,8.981459839477527
370.21766901016235,8.988593337734663
370.21866750717163,8.996126026231885
370.21866750717163,9.004146417166687
370.21966886520386,9.012813202794836
370.21966886520386,9.022285465631606
370.21966886520386,9.032060529400006
370.2206680774689,9.04209897764941
370.2206680774689,9.052505675544854
370.22166776657104,9.062474330030724
370.22166776657104,9.072472940962438
370.22166776657104,9.08233470237201
370.2226676940918,9.09368127854798
370.2226676940918,9.107591209799585
370.22366666793823,9.122243186312474
370.22366666793823,9.136560229119533
370.2246677875519,9.151521322822255
370.2246677875519,9.16690285596693
370.22566747665405,9.18374690714726
370.22566747665405,9.201819585951617
370.2266674041748,9.221519893378355
370.2266674041748,9.243331945129452
370.2266674041748,9.265768431416271
375.90471363067627,9.288392345388296
375.90471363067627,9.311005102471968
375.9057574272156,9.33558431015762
375.9067142009735,9.360251354215054
375.9067142009735,9.386054655281056
375.9077570438385,9.40811044901187
375.9077570438385,9.429314520416447
375.9087610244751,9.456616707415035
375.9087610244751,9.4837141527147
375.9097583293915,9.510175219410549
375.9097583293915,9.534358089227002
375.9097583293915,9.558275080325283
375.9107143878937,9.584714075507012
375.91171431541443,9.609616971375052
375.91171431541443,9.636264190406914
375.91171431541443,9.662349141645976
375.9127149581909,9.69061983881181
375.9127149581909,9.718996113103158
375.9127149581909,9.745228888674198
375.9137153625488,9.76962281590757
375.9137153625488,9.793141261334963
375.914715051651,9.816455503231056
375.914715051651,9.838391601715601
375.9157145023346,9.86086034808715
375.9157145023346,9.88334282080682
375.9167149066925,9.906785857450833
375.9167149066925,9.93143531431516
375.9167149066925,9.956586602349866
375.9177134037018,9.98072033404303
375.9177134037018,10.002409803743161
375.91871643066406,10.02118600242904
375.9197163581848,10.038884471679724
375.9197163581848,10.055123822052305
375.9197163581848,10.070162496052271
375.9207146167755,10.086546073825948
375.9207146167755,10.101488842107536
375.921715259552,10.11462776154286
375.921715259552,10.125456437452913
375.9227147102356,10.13417223259729
375.9227147102356,10.140713719337507
375.9227147102356,10.14642928031961
375.9237141609192,10.151466191952641
375.9237141609192,10.15461354148812
375.92471528053284,10.156379864414564
375.92471528053284,10.157280976740925
375.92571449279785,10.15803730992976
375.92571449279785,10.15882500378771
375.92671489715576,10.16015152570269
375.92671489715576,10.162083873499105
375.92671489715576,10.16414163929103
375.92671489715576,10.166498257386557
375.9277148246765,10.169104569376309
375.9287152290344,10.172055926785522
375.9287152290344,10.17556782232341
375.92971444129944,10.179735452858862
375.92971444129944,10.1846433859161
375.9307141304016,10.190383025258734
375.9307141304016,10.196962486504825
381.58802008628845,10.204464796675902
381.5882930755615,10.212744434149958
381.5882930755615,10.221942507988944
381.58931136131287,10.231961967857037
381.58931136131287,10.242833069509837
381.5903034210205,10.25424083608008
381.5903034210205,10.26617830453438
381.5903034210205,10.278624742307944
381.59130239486694,10.29106219857992
381.59130239486694,10.30356695935174
381.59130239486694,10.315504381582207
381.59130239486694,10.326796693466648
381.5923020839691,10.337355861118226
381.5923020839691,10.347194090890442
381.5923020839691,10.356215924211654
381.593302488327,10.364272957264278
381.593302488327,10.37124041115521
381.5943021774292,10.377539084749568
381.5943021774292,10.38345339840326
381.59530210494995,10.388325479738125
381.59530210494995,10.39251966205066
381.59530210494995,10.395783408611866
381.59530210494995,10.397979006953493
381.5963017940521,10.399630569922772
381.5963017940521,10.400955994956602
381.5963017940521,10.40154783958054
381.59730195999146,10.401021586608937
381.59730195999146,10.400693635364918
381.59830355644226,10.40015984151423
381.59830355644226,10.399675024261544
381.59830355644226,10.399315012448733
381.5993025302887,10.39891448767531
381.5993025302887,10.398396769341923
381.5993025302887,10.397705821645502
381.6003031730652,10.397084024504814
381.6003031730652,10.396975493893041
381.60130286216736,10.397053478614868
381.60130286216736,10.39684845542973
381.6023037433624,10.395839927027524
381.6023037433624,10.394894502061863
381.6023037433624,10.394096565478298
381.6033036708832,10.392855358565164
381.6033036708832,10.390841077220207
381.6033036708832,10.38751559735749
381.60451436042786,10.383066991431054
381.60451436042786,10.377488876046868
381.60451436042786,10.370147726982665
381.6055181026459,10.361805019910536
381.6055181026459,10.352612802407801
381.6055181026459,10.341978023766199
381.6065185070038,10.3291957659223
381.6065185070038,10.314596570500724
381.6065185070038,10.29850451034484
381.6075189113617,10.28024110230761
381.6075189113617,10.260695258733243
381.60851883888245,10.240667059802773
381.60851883888245,10.219245267157975
381.60851883888245,10.195582842180253
381.60851883888245,10.16961634553751
387.2845993041992,10.141846526552925
387.2845993041992,10.111816075829159
387.2856035232544,10.081119852908401
387.2856035232544,10.049346606409646
387.2867467403412,10.016208484732266
387.2867467403412,9.982361739473738
387.2877459526062,9.946840300154529
387.2877459526062,9.90819941347205
387.2877459526062,9.867739798738478
387.2877459526062,9.826618548565776
387.28874611854553,9.78533226438301
387.28874611854553,9.74318935862838
387.2897458076477,9.700210505732297
387.2897458076477,9.655301267000477
387.2897458076477,9.60831344238769
387.2907464504242,9.560142764328802
387.2907464504242,9.510484171688697
387.29174733161926,9.459164583518952
387.29174733161926,9.406112506126226
387.29174733161926,9.351573424255136
387.29274725914,9.295502728532792
387.29274725914,9.237666622783774
387.29274725914,9.177934313553394
387.29402923583984,9.116401511037587
387.29402923583984,9.053262586381898
387.29503321647644,8.988060513653384
387.29503321647644,8.920134418238382
387.29503321647644,8.849755997361486
387.29603362083435,8.774113124906245
387.29603362083435,8.684435131218084
387.29603362083435,8.596053008535824
387.29703307151794,8.509320988399669
387.29703307151794,8.422939450335639
387.2980332374573,8.337157181576677
387.2980332374573,8.253117623618637
387.29903411865234,8.169818982040484
387.29903411865234,8.086302599883375
387.29903411865234,8.00364413653446
387.3000328540802,7.919614107917745
387.3000328540802,7.835476685260191
387.3000328540802,7.751397224263617
387.30103302001953,7.667038350818785
387.30103302001953,7.581969324259746
387.30103302001953,7.498273016106606
387.30203461647034,7.41582537720707
387.30203461647034,7.331886135504977
387.30203461647034,7.246915238915367
387.30303382873535,7.164115823304315
387.30303382873535,7.078122690291208
387.30303382873535,6.993194620211309
387.30403327941895,6.9091380540399685
387.30403327941895,6.8239062621767985
387.30403327941895,6.739605872432164
387.30503392219543,6.654519311382168
387.30503392219543,6.567794805675208
387.3060338497162,6.477476132361593
387.3060338497162,6.386289809365453
387.3060338497162,6.294693052320984
387.3070340156555,6.198507592469459
392.9848732948303,6.099798963757507
392.9858741760254,6.00018979801291
392.9863533973694,5.901536954929568
392.9992027282715,1.8443794177091073
392.9992027282715,2.2504092946065346
393.00020360946655,2.6906541489164795
393.0012035369873,3.155124880242809
393.00220370292664,3.6218053168054847
393.00220370292664,3.8833218580927262
393.0032033920288,4.216390624475185
393.0032033920288,4.6122205911941725
393.0042037963867,5.003610905790457
393.0042037963867,5.301560829071855
393.00520300865173,5.410044278223369
393.00520300865173,5.513234862863001
393.00520300865173,5.603084391181612
393.0062041282654,5.679633787863872
393.0062041282654,5.748135568516088
393.0072045326233,5.814166033578708
393.0072045326233,5.894235112213575
393.00820446014404,5.9676546464461655
393.00820446014404,6.024665997001595
393.00921177864075,6.07023140307667
393.00921177864075,6.113284482647218
393.0102038383484,6.1590986853049765
393.0102038383484,6.203808849333285
393.01120471954346,6.241194700113541
393.01120471954346,6.264446697735304
393.01120471954346,6.296018878736693
393.01220440864563,6.334402963801184
393.01220440864563,6.375846957811296
393.01220440864563,6.421276011546067
393.0132043361664,6.464709458263245
398.67748403549194,6.500110045901756
398.6785218715668,6.535794508006082
398.67916917800903,6.573424997342608
398.67916917800903,6.609255025995558
398.68024158477783,6.643503107426096
398.68024158477783,6.676370234114791
398.68130469322205,6.706833082429428
398.68223881721497,6.733842521921923
398.68223881721497,6.748853035236249
398.68223881721497,6.740537778349515
398.68353605270386,6.725388998875635
398.68353605270386,6.707285823863703
398.68454027175903,6.6881370670438525
398.68454027175903,6.667641740079712
398.68454027175903,6.645969013142754
398.6855399608612,6.622983493574105
398.6855399608612,6.599046073392504
398.6865406036377,6.574266222868987
398.6865406036377,6.54920856483448
398.6875398159027,6.523588323695436
398.6875398159027,6.497071800810707
398.6885406970978,6.469877089751292
398.6885406970978,6.441311122050362
398.68954062461853,6.412217087196721
398.68954062461853,6.382461769860427
398.6905393600464,6.351891705434825
398.6905393600464,6.319959881287705
398.6905393600464,6.286979406484319
398.6905393600464,6.253310776502911
398.69254183769226,6.21836298104662
398.69254183769226,6.182303018669745
398.69354033470154,6.144313148656855
398.69354033470154,6.10485376521007
398.69454073905945,6.064586021637822
398.69454073905945,6.02143524943094
398.69553995132446,5.976615089978939
398.69553995132446,5.930619079458332
398.6965410709381,5.886211589448915
398.6965410709381,5.838861811346366
398.69754004478455,5.787498354252595
398.69754004478455,5.73775798351074
398.69853949546814,5.68725372089657
398.69853949546814,5.632497883964718
398.69853949546814,5.574553880047108
398.69953989982605,5.512712874630827
398.70054030418396,5.448664889350788
398.70054030418396,5.381971380788867
398.70054030418396,5.312896965167403
398.7015404701233,5.22709605095358
398.7015404701233,5.116767712633278
398.7025396823883,5.003531499357225
398.7025396823883,4.886249019648768
398.7035391330719,4.764901176958928
398.7035391330719,4.6417259079550215
398.7045407295227,4.5157315615001234
398.7045407295227,4.384542649986574
398.70553970336914,4.24856002062648
398.70553970336914,4.109768181592023
398.7064425945282,3.9648066401709205
404.37737250328064,3.822138715888284
404.3783745765686,3.681419885760866
404.3793685436249,3.5420994024599683
404.3803696632385,3.3919637562337606
404.381019115448,3.20797769139169
404.38203144073486,3.0172075277469226
404.3830304145813,2.8299824201570036
404.3840811252594,2.6443129695945786
404.38503241539,2.4542332460297867
404.38503241539,2.260675757592528
404.38603043556213,2.0781736531120174
404.38702917099,1.9077893104625812
404.40456104278564,1.944422191809381
404.40555691719055,2.1352529361072454
404.40555691719055,2.3234953123698263
404.40655732154846,2.4932195395956955
404.40655732154846,2.638876497206387
404.4075565338135,2.781481578562499
404.40855503082275,2.918075542428309
404.4095551967621,3.0500107314426175
404.4095551967621,3.178388542737537
404.41055607795715,3.30420401871119
404.41055607795715,3.4276635583791983
404.41155672073364,3.5509128412519964
410.06973457336426,3.6846416759476814
410.0712959766388,3.8267729672608732
410.0723090171814,3.9667053796958944
410.0723090171814,4.107246311065528
410.07330894470215,4.246602404797236
410.07330894470215,4.384433078786695
410.07330894470215,4.516613915115681
410.07430815696716,4.637812486165533
410.07430815696716,4.7469195009081915
410.07430815696716,4.843544469248139
410.0753085613251,4.926938662863073
410.0753085613251,4.991305479292194
410.0753085613251,5.021966891133635
410.07663106918335,5.05049695707314
410.07663106918335,5.074567935393881
410.07763504981995,5.095186611157931
410.07763504981995,5.109985572037072
410.0788161754608,5.121658862217136
410.0788161754608,5.128054080266736
410.0788161754608,5.124039934807999
410.08001160621643,5.10822690848008
410.08001160621643,5.0793231870499165
410.08001160621643,5.036490323055823
410.08101630210876,4.975319786350668
410.08101630210876,4.892322587166527
410.0820164680481,4.786811181645469
410.0820164680481,4.66657757305213
410.0830166339874,4.547142395724275
410.0830166339874,4.431323740736689
410.084016084671,4.318164638881124
410.084016084671,4.20108115726821
410.0850169658661,4.077624341290699
410.0850169658661,3.9474715972412926
410.0850169658661,3.823830527675612
410.0860159397125,3.7126338679390534
410.0860159397125,3.612955875439244
410.08701634407043,3.5301304237647724
410.08701634407043,3.4631032813079834
410.08801555633545,3.414493280832655
410.08801555633545,3.383266897224681
410.08801555633545,3.3683311216504945
410.08901476860046,3.368107845435378
410.08901476860046,3.38111158351747
410.0900161266327,3.4027760714897233
410.0900161266327,3.422446647208644
410.091016292572,3.3876999869867177
410.091016292572,3.3619931542413326
410.091016292572,3.3481258154772218
410.09235668182373,3.345339341513903
410.09235668182373,3.35195241225204
410.09235668182373,3.3701762277145986
410.09336161613464,3.4011389767198117
410.09336161613464,3.433990502479876
410.0943613052368,3.4764858816762385
410.0943613052368,3.526739819071606
410.0943613052368,3.581147597353844
410.09536123275757,3.631770695318518
410.09536123275757,3.6730372228179125
415.7655985355377,3.7159674235724127
415.7655985355377,3.7629215404317797
415.7655985355377,3.815494258348753
415.7655985355377,3.8658673922952826
415.76713943481445,3.911371710176646
415.76713943481445,3.9554769352742922
415.76814436912537,3.9964562279909503
415.76814436912537,3.999058127641741
415.7691445350647,3.923711601146613
415.7691445350647,3.8421852010477093
415.7691445350647,3.7549397760609797
415.7691445350647,3.6625054477889902
415.7701427936554,3.564365665517791
415.77047753334045,3.459230865307753
415.77047753334045,3.347826421520511
415.7714846134186,3.2295182466866095
415.7714846134186,3.1044638333665207
415.77248430252075,2.972973363653112
415.77248430252075,2.83391650013692
415.77348470687866,2.6869874067361446
415.77348470687866,2.5289110685577856
415.7744846343994,2.365730969803517
415.7744846343994,2.195996511944422
415.7744846343994,2.0132313690692607
415.7744846343994,1.8215103446112548
421.4902024269104,2.060606997856702
421.4902024269104,2.3682475742821483
421.4902024269104,2.667524195300237
421.49125146865845,2.964985121810286
421.49125146865845,3.241939932357383
421.4922106266022,3.4986648435196495
421.4922106266022,3.7392790022777582
421.4922106266022,3.973142991799644
421.49345993995667,4.194699623593907
427.15852069854736,4.413354998754568
427.159601688385,4.609963989322608
427.16052412986755,4.798555258845075
427.16052412986755,4.949195280310367
427.16152262687683,5.090733214477792
427.16152262687683,5.198170736744483
427.16252279281616,5.305935723534482
427.16252279281616,5.407326173829059
427.16252279281616,5.508882587239686
427.1635227203369,5.598781597206899
427.1635227203369,5.685131681659294
427.1635227203369,5.763929303620101
427.1645224094391,5.837069130824155
427.1645224094391,5.900755007103335
427.1645224094391,5.961600551450092
427.1655225753784,6.0143965558069175
427.1655225753784,6.057687347687395
427.1655225753784,6.104377762246104
427.16652250289917,6.15584543743261
427.16752338409424,6.199243839744102
427.16752338409424,6.236329594167948
427.16752338409424,6.27257695602411
427.1685221195221,6.30774595423532
427.1685221195221,6.344085190368302
427.1685221195221,6.385117975402183
427.16952180862427,6.430195058623243
427.16952180862427,6.468026434507129
427.16952180862427,6.51666652432411
427.1705219745636,6.547837804401837
427.1705219745636,6.5819621769700465
427.17152214050293,6.618182564951314
427.17152214050293,6.667636951722609
427.17152214050293,6.696274009108121
427.1725218296051,6.748343029991573
427.1725218296051,6.823471608386404
427.17352175712585,6.971475109858804
427.17352175712585,7.363287105233748
427.17352175712585,8.802372092035213
427.1745226383209,8.892605097408014
427.1745226383209,8.97570557580161
427.17552280426025,9.056184108819796
427.17552280426025,9.116953597281352
427.17552280426025,9.159482403368369
427.17652225494385,9.178717259462776
427.17652225494385,9.164945416455145
427.17652225494385,9.139078140212986
427.17752289772034,9.10246107543751
427.17752289772034,9.065929313185654
427.17752289772034,9.02453628848018
427.17752289772034,8.988987585320709
427.17852210998535,8.954153421746668
427.17852210998535,8.91935164463955
427.17952275276184,8.891474467397472
427.17952275276184,8.871013147904126
427.1805229187012,8.856116259409179
427.1805229187012,8.844113452801157
427.1815218925476,8.839768543189164
427.1815218925476,8.840534867183415
432.85926127433777,8.845553867403497
432.8602614402771,8.853968839022293
432.8602614402771,8.864990411053453
432.8613443374634,8.879326966255148
432.8623044490814,8.898766631395608
432.8632597923279,8.921483840118551
432.8632597923279,8.947676449242293
455.6412281990051,11.183550527375838
455.6422281265259,11.225186239000843
455.6422281265259,11.275666373571374
455.64322781562805,11.337815618304411
455.64322781562805,11.416315104739985
455.64322781562805,11.517318514851167
455.64422821998596,11.653190340355867
455.64422821998596,11.838287212036205
455.64522886276245,12.103287064438224
455.64522886276245,12.370031176776065
455.6462297439575,12.518289936316945
455.6462297439575,12.667894089283793
455.6472294330597,12.817528373460181
455.6472294330597,12.966136078103274
455.6482298374176,13.112615865828863
455.6482298374176,13.255931730963642
455.64923000335693,13.395294197224237
455.64923000335693,13.52996412126786
455.65022921562195,13.65953079320719
455.65022921562195,13.78354262788641
455.65022921562195,13.902123091018156
455.6512291431427,14.014883075044157
455.6512291431427,14.121953111198467
455.6522285938263,14.223485064973694
455.6522285938263,14.319631187583024
455.65322852134705,14.410577747759467
455.65322852134705,14.49662982453522
455.65322852134705,14.577932690614677
455.6544816493988,14.654358715647508
455.6544816493988,14.726281578998858
455.6554856300354,14.793702580182732
455.6554856300354,14.856888083936473
455.65648651123047,14.91547546391628
455.65648651123047,14.969572830989339
455.6574866771698,15.019153906239485
455.6574866771698,15.064267442433861
455.6574866771698,15.105040186377828
455.65855598449707,2.6436400331655507
455.6595604419708,2.6100876417548644
455.6605634689331,2.5819816645074503
455.6605634689331,2.5590061669725244
455.6605634689331,2.541371535193635
455.66156005859375,2.5299183031907204
455.66156005859375,2.5248958816510205
455.66156005859375,2.526120362179618
455.6625602245331,2.5336181580902295
455.66356086730957,2.545711518028329
455.66356086730957,2.569898547267956
455.6645619869232,2.5971649642108705
455.6645619869232,2.632346800702982
455.6655616760254,2.6766173599953555
455.6655616760254,2.7328355880132613
455.6665608882904,2.7932815037115453
455.6665608882904,2.856688152267112
455.66756200790405,2.9211440199904954
455.66756200790405,2.9903874609392647
455.6685607433319,3.0684560600753166
461.330650806427,3.1648444416992336
461.33166003227234,3.247593453272144
461.3326518535614,3.3439325520405445
461.3326518535614,3.3697325085568903
461.3326518535614,3.3500395629519546
461.33365273475647,3.3221081969955395
461.33419966697693,3.3002782394875996
461.33419966697693,3.274735135142891
461.33419966697693,3.2545567973185348
461.33520436286926,3.2303757678959113
461.33520436286926,3.2074368788579055
461.33520436286926,3.1892200825698325
461.33620429039,3.1774790914683506
461.33620429039,3.170100885525866
461.33720564842224,3.1688669317948683
461.33720564842224,3.170539745785471
461.33820390701294,3.1729224210235896
461.33820390701294,3.1861660121954203
461.33820390701294,3.2099515569963164
461.3392050266266,3.246278307845757
461.3392050266266,3.2996252725149473
461.3392050266266,3.368837686862506
461.3402042388916,3.4595211778740156
461.3402042388916,3.569081213206651
461.3412046432495,3.7050239527858344
461.3412046432495,3.865365527786851
461.3422040939331,4.049558917446601
461.34320425987244,4.255240139606052
461.34320425987244,4.480893823483984
461.34320425987244,4.718989794826009
461.3442039489746,4.9619188243010965
461.3442039489746,5.2031033275420135
461.34520387649536,5.3512868407218805
461.34520387649536,5.4487949919029415
461.34520387649536,5.533544722867009
461.3462038040161,5.608024607076977
461.3462038040161,5.673916836885947
461.3472104072571,5.732699539905438
461.3472104072571,5.785252157958229
461.3472104072571,5.832646168799855
461.34832072257996,5.876155438472026
461.3488254547119,5.916111796292888
461.349328994751,5.951721711449665
461.349328994751,5.983326530241886
461.349328994751,6.012325069544448
461.3503918647766,6.038041518572437
461.3503918647766,6.0608574923969964
461.3503918647766,6.082414845192159
461.3516101837158,6.100498237963844
461.3516101837158,6.1155165563420395
461.3516101837158,6.1282067344451825
461.35261631011963,6.139254717774666
461.35261631011963,6.146737895593129
461.353609085083,6.152409879550202
461.353609085083,6.1568631235390265
461.353609085083,6.158410381868198
461.353609085083,6.157836975434249
461.3551073074341,6.156247852509438
467.02658700942993,6.153343778514774
467.0275888442993,6.148788458357005
467.02858877182007,6.1420237559690065
467.02858877182007,6.132677658733107
467.02858877182007,6.120771298870186
467.02958822250366,6.105518271364573
467.02958822250366,6.087315752215528
467.0305881500244,6.066137657098552
467.0305881500244,6.043406452240779
467.0315942764282,6.017522250098053
467.0315942764282,5.9891494981859745
467.0325884819031,5.9584584054878285
467.0325884819031,5.9249874705515335
467.0335886478424,5.888040790026392
467.03508019447327,5.84809125376386
467.03508019447327,5.804867675992838
467.03508019447327,5.758034407036547
467.0373492240906,5.708218956901733
467.0373492240906,5.656308720056225
467.0373492240906,5.600815519345296
467.0383472442627,5.540838911963386
467.0383472442627,5.476393785295279
467.0393476486206,5.407677939808871
467.0393476486206,5.333738397329271
467.0403480529785,5.248810738138981
467.04134821891785,5.140552777502155
467.04134821891785,5.02180289250767
467.04134821891785,4.893758469031859
467.04234743118286,4.75552315755481
467.04234743118286,4.608686477425676
467.04334712028503,4.453457554914379
467.04334712028503,4.29032821882711
467.0443470478058,4.12280613897273
467.04534792900085,3.9472124788371805
467.04534792900085,3.7726672657440865
467.04635643959045,3.5945475192138003
467.04635643959045,3.4122179130857258
467.04635643959045,3.2271077348430204
467.04635643959045,3.0429256908970226
467.04783153533936,2.864270064393581
467.04783153533936,2.6875413854690784
467.04884219169617,2.51455117249413
467.04884219169617,2.3485536745122673
467.04884219169617,2.1895310815114843
467.04984617233276,2.0374297218392448
467.04984617233276,1.891805255294921
472.7529101371765,1.8601461088691107
472.7529101371765,2.070695434434289
472.7529101371765,2.285907377751928
472.75390887260437,2.5045064414035303
472.75390887260437,2.7257813834412508
472.75390887260437,2.949068158169776
472.7549090385437,3.1740533701710114
472.7549090385437,3.399455481573535
472.7549090385437,3.622774056962431
478.42589569091797,3.8427681526199935
478.4268124103546,4.056929650410568
478.4278128147125,4.264185585143519
478.4278128147125,4.464119089405778
478.428923368454,4.655157647115126
478.428923368454,4.831753363363328
478.42989468574524,4.995847991904482
478.43089985847473,5.148690956327312
478.4310305118561,5.296022236152941
478.43204045295715,5.488245434337313
478.43204045295715,5.65676883842789
478.4330394268036,5.805034069241477
478.43403935432434,5.935917069393305
478.43403935432434,6.051644158080178
478.4360394477844,6.154410320268557
478.4360394477844,6.2460866335169305
478.4360394477844,6.327290848991426
478.43703961372375,6.400070860205213
478.43703961372375,6.465294862455524
478.43703961372375,6.523563929594886
478.43803811073303,6.575283583420869
478.43803811073303,6.622132539114866
478.4390389919281,6.663858183980182
478.4390389919281,6.700135547582813
478.4400386810303,6.731878657972138
478.4400386810303,6.758753648791842
478.4400386810303,6.781791177093859
478.44103932380676,6.801283114093814
478.44103932380676,6.817571896567175
478.44203877449036,6.8287430816264045
478.44203877449036,6.836568260990307
478.44203877449036,6.840879173239988
478.444043636322,6.84172072634481
478.44503903388977,6.8421858965609905
478.44503903388977,6.839268770676955
478.44503903388977,6.833051012524715
478.4460389614105,6.8229573224800655
478.4460389614105,6.810281806197059
478.4460389614105,6.793535987279808
478.44803953170776,6.774356773019175
478.4491033554077,6.753372585485947
478.4491033554077,6.729850748488862
478.45003962516785,6.702642202537098
478.45003962516785,6.674242296233557
478.4510395526886,6.642389301303533
478.45203948020935,6.608202255326407
478.45203948020935,6.5722029260765265
478.45203948020935,6.532784293131107
478.4530839920044,6.493334754120548
478.4530839920044,6.448319195524435
478.4540390968323,6.4064236803869585
478.4540390968323,6.359846544415917
478.45503973960876,6.314230886444074
478.45503973960876,6.266290551100627
478.45503973960876,6.219246698531061
478.4570393562317,6.17846861989783
478.4570393562317,6.124597702228221
478.4570393562317,6.070873077953494
484.1204586029053,6.015298306255493
484.121458530426,5.961063732733472
484.121458530426,5.903805497646634
484.12245869636536,5.837492316422209
484.12245869636536,5.790561172758555
484.1234586238861,5.72442176906847
484.1234586238861,5.663557284760943
484.1244602203369,5.59727732282766
484.1244602203369,5.532057560186614
484.12545943260193,5.4709798994082215
484.12545943260193,5.4138964581632525
484.12545943260193,5.350494010591651
484.1264591217041,5.291725857088478
484.1264591217041,5.160747595245888
484.12745904922485,4.978854542837609
484.12745904922485,4.850498638137275
484.128479719162,4.738446106675315
484.128479719162,4.651789376882153
484.1294617652893,4.585866618050399
484.1294617652893,4.507322459583008
484.13045930862427,4.425229428561297
484.13045930862427,4.2873336484662605
484.13045930862427,4.150084903211383
484.1314585208893,4.014278053509717
484.1314585208893,3.8903031342772625
484.13246035575867,3.761850193616065
484.13246035575867,3.6241718198079886
484.133465051651,3.52426033592411
484.133465051651,3.4272761882707474
484.13445949554443,3.354663973580167
484.13445949554443,3.292725559530578
484.13545966148376,3.254146123509838
484.13545966148376,3.191097811983896
484.1364595890045,3.1648063354102405
484.1364595890045,3.1535454199170587
484.1364595890045,3.1631622201950536
484.13750767707825,3.2059339714632284
484.13845896720886,3.2749668763236874
484.13845896720886,3.3538339919540556
484.1394591331482,3.444778918319634
484.1394591331482,3.5498351072336596
484.1394591331482,3.6593128584174024
484.1404597759247,3.7861232475218216
484.1404597759247,3.911063863836845
484.141459941864,4.048677425005773
484.141459941864,4.184142264449854
484.141459941864,4.320932198839096
484.14245986938477,4.460041649018296
484.14245986938477,4.597300540726395
484.1434590816498,4.727492423536345
484.1434590816498,4.8528191937372025
484.1444854736328,4.9706567723806
484.1444854736328,5.080650269241285
484.1444854736328,5.184664533546265
484.1454918384552,5.277778095906884
484.1464903354645,5.479054973629899
484.1464903354645,5.66475978471453
484.1464903354645,5.792675135732836
484.14785599708557,5.9293203698548185
489.8216326236725,6.021820723499274
489.8230562210083,6.088633262500903
489.8240661621094,6.138602800304433
489.8240661621094,6.179091239988361
489.82506561279297,6.201113995583413
489.82506561279297,6.213051158712927
489.8260645866394,6.22358663341393
489.8260645866394,6.231049308681615
489.8260645866394,6.218907387650244
489.82706356048584,6.214134256052113
489.82706356048584,6.223667239048326
489.8280646800995,6.235923912328693
489.8280646800995,6.259468539437896
489.8290641307831,6.296521076862503
489.8290641307831,6.323577265397097
489.8300642967224,6.361704950454548
489.8300642967224,6.400900356744674
489.8300642967224,6.4343419732011755
489.83106422424316,6.463015070442301
489.83106422424316,6.482098591862508
489.83207631111145,6.493310137969768
489.83207631111145,6.500871593534475
489.83306407928467,6.504882448132485
489.83306407928467,6.5033237347692054
489.8350992202759,6.497744360564909
489.83610010147095,6.494625326596743
489.83610010147095,6.483363767459479
489.8380980491638,6.464139531723393
489.8380980491638,6.431953443952352
489.8390986919403,6.403065950638032
489.8390986919403,6.37037056217493
489.8400981426239,6.316075954165783
489.8400981426239,6.261454321613666
489.84109807014465,6.181652707331838
489.84109807014465,6.084473288864397
489.842098236084,5.950506113668982
489.842098236084,5.771323418732204
489.8430986404419,5.526812085908485
489.8430986404419,5.248551433882237
489.8430986404419,5.149193683363526
489.84409856796265,5.04939993240139
489.84409856796265,4.950310185931912
489.845098733902,4.858457790767028
489.845098733902,4.776619197358209
489.845098733902,4.698501650658873
489.8460998535156,4.632983587268091
489.8470993041992,4.584991779258606
489.8470993041992,4.558960654286623
489.84809851646423,4.558139751890301
489.84809851646423,4.584104853907646
489.84809851646423,4.640473065629857
489.84909749031067,4.733032126040315
489.84909749031067,4.872849859958871
489.85009837150574,9.230642187791057
489.85009837150574,9.281778692464725
489.8510980606079,9.329933144470585
489.8510980606079,9.394559552064415
489.8520977497101,9.429680226522073
489.8520977497101,9.452443644892792
495.50736117362976,9.479013322897647
495.50736117362976,9.51089020717185
495.50818967819214,9.540839516587736
495.50818967819214,9.568602406054524
495.5091941356659,9.589777963584245
495.5091941356659,9.605938001203565
495.51020216941833,9.618666503014028
495.51020216941833,9.627890674510715
495.51119327545166,9.635368925263366
495.51119327545166,9.63900007764654
495.51219367980957,9.636656759124822
495.51219367980957,9.638711397022654
495.51219367980957,9.636168598156795
495.51319456100464,9.63212127182005
495.51319456100464,9.631110878154699
495.51419377326965,9.626749324533538
495.51419377326965,9.618751331147394
495.51419377326965,9.606155407484918
495.51519322395325,9.591009971262395
495.51519322395325,9.576977559708705
495.51519322395325,9.568274310412681
495.5161933898926,9.556200072120346
495.5161933898926,9.54827011051197
495.5161933898926,9.541219417416261
495.51719331741333,9.533950730763756
495.51719331741333,9.525337340174158
495.51719331741333,9.515705154570869
495.5181932449341,9.506628498513404
495.5181932449341,9.498734338795234
495.5181932449341,9.490259735632053
495.51919293403625,9.482867465059279
495.51919293403625,9.476450092845958
495.51919293403625,9.471366500678396
495.51919293403625,9.466802910156238
495.52046728134155,9.464082276325529
495.52046728134155,9.463268485759553
495.52046728134155,9.464545684634732
495.5214729309082,9.468445934143482
495.5214729309082,9.474840702193333
495.5214729309082,9.484592915087866
495.5224721431732,9.49542071360888
495.5224721431732,9.506525079421147
495.5224721431732,9.517182899278106
495.5234725475311,9.526814067691651
495.5234725475311,9.532778992965687
495.5234725475311,9.53530999407222
495.52473759651184,9.533795856109185
495.52473759651184,9.527790587596213
495.52473759651184,9.518018079128648
495.52574253082275,9.504562728845233
495.52574253082275,9.48756193196684
495.52574253082275,9.46699448383346
495.5267641544342,9.44302316354922
495.5267641544342,9.415848320279162
495.5267641544342,9.385414391014276
495.5277690887451,9.351886514465976
495.5277690887451,9.315467624193259
495.52876925468445,9.276189096824162
501.2061369419098,9.233724392525586
501.2061369419098,9.188338210138717
501.2061369419098,9.140075607183354
501.2073588371277,9.088489987443612
501.2073588371277,9.033424183500607
501.2083623409271,8.974766140051344
501.2083623409271,8.910471403581706
501.2093617916107,8.841935881698017
501.2093617916107,8.767769032029797
501.2093617916107,8.67884806724286
501.21036171913147,8.582802455548709
501.21036171913147,8.48113578886049
501.21036171913147,8.373458734702869
501.2113630771637,8.258437426892351
501.2113630771637,8.140610088828605
501.2123637199402,8.021079688247584
501.2123637199402,7.901731198040966
501.2123637199402,7.779884639483192
501.2133619785309,7.655663059949421
501.2133619785309,7.532994741185922
501.2133619785309,7.4041838652438985
501.21436285972595,7.2800836441127625
501.21436285972595,7.160840560643386
501.21436285972595,7.042202386733806
501.2153627872467,6.9250612454155
501.2153627872467,6.821176120164579
501.2163643836975,6.714491445146364
501.2163643836975,6.6123638112660075
501.21736192703247,6.5171894574055385
501.21736192703247,6.427022133566965
501.21736192703247,6.3422902906902365
501.21836161613464,6.261450531851428
501.21836161613464,6.182702750240224
501.2193624973297,6.106179607806881
501.2193624973297,6.038361216857253
501.2193624973297,5.9665571810932745
501.2203645706177,5.904809861589227
501.2203645706177,5.843943064808733
501.2203645706177,5.786433191606361
501.2213644981384,5.736592561197945
501.2213644981384,5.691496566739232
501.2213644981384,5.646384869487917
501.22236156463623,5.617766319404243
501.22236156463623,5.596292288818672
501.22236156463623,5.5797530435518246
501.2233624458313,5.572927241938823
501.2233624458313,5.582445541755678
501.22436451911926,5.600109218961419
501.22436451911926,5.629928489838299
501.22436451911926,5.664631584766872
506.9020884037018,8.121339799956
506.90309858322144,8.154637996220888
506.90309858322144,8.178867677063536
506.9040949344635,8.195174650396222
506.9040949344635,8.202648843605347
506.9040949344635,8.196528435097237
506.9050946235657,8.18750403318184
506.9050946235657,8.161279629281927
506.9060935974121,8.127414087755662
506.9060935974121,8.08813850686297
506.90709352493286,8.04994652280014
506.90709352493286,8.001542067662566
506.9080994129181,7.950188044354221
506.9080994129181,7.88988773338205
506.9090940952301,7.826047885050531
506.9090940952301,7.760180088264362
506.910099029541,7.6928952527662755
506.910099029541,7.620258180911715
506.9110939502716,7.544090696680068
506.9110939502716,7.462620561460277
506.91209387779236,7.378770075663231
506.91209387779236,7.294431347699128
506.91309332847595,7.2099520147675555
506.91309332847595,7.125219529699037
506.914094209671,7.040599932646713
506.914094209671,6.952052165512374
506.914094209671,6.8576014833026075
506.9152898788452,6.758801206953045
506.9152898788452,6.665533714163723
506.9152898788452,6.571106616434359
506.91629576683044,6.469590352963167
506.91629576683044,6.369054374546238
506.9172959327698,6.263316420063169
506.9172959327698,6.156826656844635
506.9172959327698,6.04416441225567
506.9184205532074,5.926642177808472
506.9184205532074,5.803545211147032
506.9194257259369,5.671767458611032
506.9194257259369,5.528620173440752
506.9194257259369,5.373444208926489
506.9204258918762,5.147484218136281
506.9204258918762,4.816744881274452
506.9215016365051,4.477833126983863
506.9215016365051,4.133969682685584
506.92243099212646,3.7870604994112718
506.92243099212646,3.4448234317967845
512.6013352870941,3.1069173672508743
512.6013352870941,2.775106265958198
512.6027708053589,2.44507719246116
512.6027708053589,2.1181593270345163
512.6037759780884,1.7984684401994955
518.3152890205383,1.8529442699325607
518.3152890205383,2.047790373147294
518.3162896633148,2.2440993652248826
518.3162896633148,2.438754762170997
518.3172898292542,2.633852443845187
518.3172898292542,2.8252212814318947
518.3182895183563,3.012967860512654
523.9872758388519,3.1961887681687844
523.9872758388519,3.3719049450415177
523.9887709617615,3.540851743430466
523.9887709617615,3.7026565094297523
523.9887709617615,3.8551095607906016
523.9898028373718,4.001197069587606
523.9901723861694,4.1383194819983
523.9901723861694,4.263671243878581
523.9901723861694,4.383637576135733
523.9911761283875,4.493064972919417
523.9911761283875,4.593481957643189
523.9911761283875,4.682051023048428
523.9921760559082,4.762455152985533
523.9921760559082,4.83543036050027
523.9921760559082,4.9010134960063825
523.993175983429,4.957720047653976
523.993175983429,5.004132998589211
523.9941778182983,5.045005568884283
523.9941778182983,5.076934090791116
523.9941778182983,5.092405983571465
523.9951767921448,5.106181641158178
523.9961769580841,5.11960183752461
523.9961769580841,5.131663099942011
523.9961769580841,5.1446612426118
523.9971764087677,5.155536019988514
523.9971764087677,5.166296272480559
523.9971764087677,5.176897050616416
523.9981763362885,5.186207403103833
523.9981763362885,5.196949706469057
523.9991776943207,5.205808166702315
523.9991776943207,5.214717014875227
524.0001766681671,5.22325966958506
524.0001766681671,5.232230289341956
524.0001766681671,5.237306574724949
524.0011768341064,5.240586465691193
524.0011768341064,5.242409117314782
524.0021753311157,5.244298758958255
524.0021753311157,5.243503967665767
524.0021753311157,5.241880824770517
524.0021753311157,5.2396561215095305
524.003175497055,5.235206079036263
524.003175497055,5.227037956077546
524.0041766166687,5.213936394523985
524.0041766166687,5.196685007758903
524.0051765441895,5.173619512579644
524.0051765441895,5.142566704592369
524.0051765441895,5.103532977444502
524.0051765441895,5.056778219419325
524.0061757564545,4.997134055137825
524.0061757564545,4.9269229651761774
524.0061757564545,4.845035390554035
524.0071756839752,4.748980188076807
524.0081775188446,4.646032851118562
524.0081775188446,4.534709982134237
524.0091772079468,4.416946804150705
524.0091772079468,4.2947381789648205
524.0091772079468,4.160949716755631
524.0101773738861,4.027248271579127
524.0101773738861,3.898887708675344
529.6839442253113,3.777298431907156
529.684942483902,3.675425115705303
529.6859385967255,3.5932954469006546
529.6862418651581,3.523829084620638
529.6867272853851,3.4542096308147343
529.6867272853851,3.4041163795977614
529.6877317428589,3.3634279932515443
529.6877317428589,3.34161949553527
529.6877317428589,3.3420415639193815
529.6877317428589,3.355446945253758
529.6887309551239,3.371305444973405
529.6887309551239,3.3979243184342947
529.6887309551239,3.333856218214814
529.6897306442261,3.26067228242243
529.6897306442261,3.186745912752754
529.6909444332123,3.112107773216005
529.6909444332123,3.0421946099558967
529.6919505596161,2.9753034527504196
529.6919505596161,2.9143693479496426
529.6919505596161,2.8584865550293386
529.6929502487183,2.810231890037794
529.6929502487183,2.7693717506736926
529.6929502487183,2.7264182757726054
529.6929502487183,2.6983197859599266
529.6939496994019,2.678042765534392
529.6939496994019,2.6605997028177395
529.6949503421783,2.6496581777095267
529.6959500312805,2.6467086082247215
529.6959500312805,2.6465532054732397
529.6959500312805,2.6505638600230115
529.6969497203827,2.658093699479325
529.6969497203827,2.6692018090989778
529.6969497203827,2.6868296408039734
529.6979489326477,2.708392338353702
529.6979489326477,2.7327734942491073
529.6979489326477,2.7608889195665576
529.6989500522614,2.793173848071489
529.6989500522614,2.8288313326286247
529.6999499797821,2.86768776690294
529.6999499797821,2.9111242467222445
529.6999499797821,2.957598146357181
529.7009515762329,3.007162265072632
529.7009515762329,3.0595576694775737
529.7009515762329,3.114701225773915
529.701949596405,3.1737349042339877
529.701949596405,3.2352873560047652
529.702951669693,3.2989251225503127
529.702951669693,3.365731208885261
529.7039504051208,3.4358921934216284
529.7039504051208,3.5091498391845266
529.7039504051208,3.584693121406661
529.7049491405487,3.662840792468905
529.7049491405487,3.7440496541812527
529.7049491405487,3.829152967687922
529.7049491405487,3.9184846164247684
529.7059497833252,4.011376747782578
529.7059497833252,4.106129224264962
529.7069504261017,4.203784168044068
535.3830678462982,4.300323554141588
535.3830678462982,4.400471315551448
535.3838844299316,4.503941943088759
535.3838844299316,4.614528224554966
535.3848886489868,4.732244299628004
535.3848886489868,4.859086146873807
535.3858885765076,4.988313834592419
535.3858885765076,5.121831167588343
535.386887550354,5.255881270584617
535.386887550354,5.350820859662409
535.3878874778748,5.442540586969982
535.3878874778748,5.532994595993725
535.3888885974884,5.625120604851154
535.3898890018463,5.718502584967192
535.3898890018463,5.8142057769107245
535.3898890018463,5.9130080222332255
535.3898890018463,6.011954838554467
535.3912754058838,6.116699401746379
535.3912754058838,6.21734609768529
535.3922798633575,6.311080632090097
535.3922798633575,6.408236092694544
563.8665292263031,1.8710172612173699
563.8665292263031,2.329076857396352
563.8673391342163,2.7984571813689745
563.8685283660889,3.270650276932621
563.8685283660889,3.73690839488307
563.8699502944946,4.188673806039464
563.8699502944946,4.618086591720831
563.8709599971771,5.018238538442212
563.8709599971771,5.422931975687004
563.8709599971771,5.778539238228771
563.8725912570953,6.015892097989744
563.8725912570953,6.184178075730403
563.8735964298248,6.308574092602277
563.8741006851196,6.403213415213646
563.8746037483215,6.476603292058909
563.8746037483215,6.53417890942662
563.8746037483215,6.579652568430777
563.8756070137024,6.615361455458474
563.8756070137024,6.643363193155424
563.8766796588898,6.664784165967987
563.8766796588898,6.680406018999506
563.877683877945,6.691166005498626
563.877683877945,6.6972607484335605
563.877683877945,6.699337577082403
563.8786840438843,6.6977378347066745
563.879683971405,6.692820507213401
563.879683971405,6.684622782635808
563.8806836605072,6.67331204166331
563.8806836605072,6.659064350944425
563.8816838264465,6.641943609768711
563.8816838264465,6.62210024163506
563.8826863765717,6.599565769296362
563.8826863765717,6.574368513812185
563.883683681488,6.546499119911753
563.883683681488,6.5159688193328
563.8846855163574,6.482752610473126
563.8856854438782,6.446845224726948
563.8856854438782,6.4082461980593415
563.8866856098175,6.366989750596563
563.8866856098175,6.3230641151698785
563.8876831531525,6.276369834330534
563.8886840343475,6.226691959630149
563.8886840343475,6.1742467482904235
563.889684677124,6.118934644648464
563.889684677124,6.060577715742581
563.890683889389,5.999314670030539
563.890683889389,5.935147203120997
563.890683889389,5.867377274457757
563.8916833400726,5.796318038740071
563.8916833400726,5.722126464330345
563.8916833400726,5.644255254632926
563.8926820755005,5.562216485093447
563.8926820755005,5.475742653814449
563.8936839103699,5.384903742735496
563.8936839103699,5.289030626449831
563.8946845531464,5.054790675622808
563.8946845531464,4.792488201917131
569.5504956245422,4.528092700023308
569.5514962673187,4.262538069478753
569.5524969100952,3.997860696022133
569.5524969100952,3.734588497651282
569.5524969100952,3.472493288475841
569.5539112091064,3.211608593247905
569.5539112091064,2.951666659737941
569.5549163818359,2.69208080674425
569.5549163818359,2.434397440683434
569.5562374591827,2.1768510070011824
569.5562374591827,1.9187387541497039
575.2670595645905,2.126427191616637
575.2670595645905,2.649608985135399
575.2680599689484,3.168271129841589
575.2680599689484,3.684212708041298
575.2690596580505,4.203080981002821
575.2690596580505,4.717857025285708
575.2700595855713,5.220244650598492
575.2700595855713,5.501642193852204
575.2710587978363,5.711454276518602
575.2710587978363,5.884833345959378
575.27205991745,6.030029023643514
575.273059129715,6.153618233797175
575.273059129715,6.2634902619597455
575.273059129715,6.360750749595254
575.27406001091,6.449082484181637
575.27406001091,6.528045874081075
575.2750606536865,6.599784846097698
575.2760601043701,6.665587528243779
575.2760601043701,6.72550290209751
575.2760601043701,6.779189958467742
575.2770597934723,6.82880372862534
575.2770597934723,6.873442484916918
580.9465909004211,6.913290386080991
580.9485919475555,6.948780478385046
580.9495906829834,6.980599736804683
580.9495906829834,7.008549186054178
580.950884103775,7.033447397721257
580.950884103775,7.055582748757535
580.9519612789154,7.074968226537692
580.9519612789154,7.091381560881008
580.9530146121979,7.104959621491807
580.9530146121979,7.1155209153070516
580.9549663066864,7.122971812592567
580.9549663066864,7.128136983210561
580.9570393562317,7.13097227679223
580.9579660892487,7.131174173839804
580.9579660892487,7.128665988826166
580.9589660167694,7.123342188946579
580.9589660167694,7.114924248162186
580.9599657058716,7.103296610090791
580.9609653949738,7.088346542904831
580.9619657993317,7.068991464209648
580.9629662036896,7.045272868163539
580.9629662036896,7.017016998014375
580.9639661312103,6.984306480578862
580.9650230407715,6.946166773608762
580.9650230407715,6.902959473883318
580.965966463089,6.852804765301754
580.965966463089,6.794409299959501
580.9669668674469,6.727241040366972
580.9669668674469,6.649164673729144
580.9669668674469,6.557564398965267
580.9679658412933,6.449258063942136
580.9689652919769,6.319808134612873
580.9689652919769,6.16235441690026
580.9699656963348,5.9668474080103655
580.9699656963348,5.718500051646472
580.9709661006927,5.395763702861627
580.9709661006927,5.153516958062672
580.9719667434692,4.968757374192567
580.9719667434692,4.777703437921035
580.9719667434692,4.580989967572482
580.9729654788971,4.379314646068975
580.9729654788971,4.172876712206584
580.9729654788971,3.965427300608453
580.9739654064178,3.764183290708864
580.9739654064178,3.574028498160193
580.9749665260315,3.395558991744677
580.9749665260315,3.2297897715304416
580.9749665260315,3.078270957107435
580.9759676456451,2.939193548020616
580.9759676456451,2.8108780996454903
580.9769659042358,2.689852118110259
580.9769659042358,2.5737461780144373
580.9779651165009,2.4618951531478857
580.9779651165009,2.35365193012235
580.9789662361145,2.249737456958509
580.9799659252167,2.152664029554061
580.9799659252167,2.061880312935986
580.9799659252167,1.9761163201538925
586.6377246379852,1.895917499781448
586.6377246379852,1.8222688001654939
592.3410770893097,1.814773799244888
592.3410770893097,1.9146561331160792
592.3420765399933,2.0214013170342047
592.3420765399933,2.1309567724926373
592.3431165218353,2.2458841463245998
592.3431165218353,2.3632032938801446
592.3453848361969,2.4821611654942655
592.3453848361969,2.602115771938166
592.3463845252991,2.721464442820958
592.3479244709015,2.838423978574973
592.348925113678,2.947053716222223
592.348925113678,3.0557404448028183
592.3499252796173,3.1557660096026456
592.350967168808,3.2494441925625828
592.350967168808,3.3361686414053966
592.3519258499146,3.419606123998345
592.3529245853424,3.4983277363020275
592.3539249897003,3.5743389705723745
592.3539249897003,3.648982559733054
592.3549237251282,3.720063790848164
592.3549237251282,3.7844091779760607
592.3559238910675,3.8478386029305027
592.356924533844,3.9094233268834166
592.3579235076904,3.9692390877439854
592.3579235076904,4.003624795589631
592.3579235076904,3.997395538224827
592.3589236736298,3.993734407325618
592.3589236736298,3.9939490355552953
592.3599231243134,3.998328689791015
592.3609237670898,4.007305076307316
592.361923456192,4.02123246527362
592.361923456192,4.040019812975021
592.361923456192,4.063606144011707
592.3629236221313,4.091777220721008
592.3629236221313,4.124212351579084
592.3639230728149,4.16027488299703
592.3639230728149,4.200313786970248
592.3649237155914,4.242780694517507
592.3659253120422,4.28692676321713
592.3659253120422,4.332459965658935
592.3659253120422,4.377758890607067
592.3669250011444,4.423325705855259
592.3669250011444,4.424787260456161
592.3679263591766,4.413710544745984
592.3679263591766,4.402013275283118
592.3679263591766,4.384244974499324
592.3689243793488,4.357085508170023
592.3699238300323,4.32566216118877
592.3699238300323,4.289624054158708
592.3709239959717,4.2490015246209305
592.3709239959717,4.201110280107908
592.3719239234924,4.144506061989478
592.3719239234924,4.078634619637682
592.3719239234924,4.002965099209659
592.3729250431061,3.9169876075768864
598.0316724777222,3.819944062062502
598.0316724777222,3.710001771300239
598.0327236652374,3.5870739878301983
598.0327236652374,3.4498131433229218
598.0336699485779,3.2995670426823263
598.0336699485779,3.136135179069206
598.0336699485779,2.9620189718654437
598.0346829891205,2.774938229303358
598.0346829891205,2.5772502106876063
598.0346829891205,2.372392891108029
598.0356738567352,2.161195880797146
598.0356738567352,1.9459827695785035
603.7354953289032,1.7648110255013898
603.7354953289032,1.8090635069025984
603.7364947795868,1.8560667178764618
603.7364947795868,1.9085068782740495
603.7374949455261,1.968295989016685
603.7374949455261,2.030716278647121
603.7384960651398,2.098695374889934
603.7384960651398,2.1712350476843096
603.7394959926605,2.250579330203318
603.7394959926605,2.337551384750823
603.7394959926605,2.4322945853650357
603.7408652305603,2.531777085037161
603.7408652305603,2.6356880658148416
603.7418699264526,2.7428381741601005
603.7418699264526,2.854914935466922
603.7428696155548,2.97093360020829
603.7428696155548,3.090724526781533
603.7438695430756,3.214740844702978
603.7448720932007,3.3413503607146873
603.7448720932007,3.4693828854869238
603.7458696365356,3.5962706052352362
603.7458696365356,3.7212176294469206
603.7468705177307,3.841187236655002
603.7468705177307,3.957001972266297
603.7478697299957,4.067753030580714
603.7478697299957,4.173828925111758
603.7478697299957,4.272428751991381
603.7488698959351,4.361404544697154
603.7488698959351,4.441114896296488
603.7498695850372,4.512952149511662
603.7498695850372,4.569152434556556
603.7508692741394,4.573299562803548
603.7508692741394,4.571966884484388
603.7518699169159,4.568123978097447
603.7518699169159,4.560549230502122
603.7518699169159,4.548162292329758
603.7528698444366,4.530214815949608
603.7528698444366,4.507096071925779
609.4164669513702,4.479265847527287
609.4174094200134,4.447863115942947
609.4174094200134,4.413048912793826
609.4184165000916,4.3750171294213995
609.4184165000916,4.3355559684316765
609.4194209575653,4.294674042993991
609.4194209575653,4.253015836956424
609.4194209575653,4.211509964845555
609.4204201698303,4.170665500227012
609.4204201698303,4.130844307297226
609.4204201698303,4.092583029400457
609.421694278717,4.056378061310461
609.421694278717,4.0220242371618316
609.4227023124695,3.989982521140273
609.4227023124695,3.960246407376649
609.4237022399902,3.9327246027541394
609.4237022399902,3.9078872482004416
609.4237022399902,3.8859041395816183
609.4247031211853,3.8666989254356707
609.4247031211853,3.8153579150624113
609.425703048706,3.6530661027592193
609.425703048706,3.4754838605778726
609.425703048706,3.2810646181401646
609.4267058372498,3.0688958117451968
609.4267058372498,2.83840658534005
609.4277033805847,2.5881532793992843
609.4277033805847,2.317430459658973
609.428701877594,2.030742365592076
615.1361842155457,1.8476977172545976
615.1371853351593,1.974053068588173
615.1371853351593,2.1015232420842254
615.1381857395172,2.2237563693308973
615.1381857395172,2.3526420309971963
615.1381857395172,2.4825674683721406
615.1391844749451,2.6161609955123017
615.1391844749451,2.7442558301771447
615.1401844024658,2.8613865600724515
615.1401844024658,2.9699095217822444
615.1411843299866,2.9192875066945856
615.1411843299866,2.8882957806583343
615.1411843299866,2.847127614541404
615.1421849727631,2.8066530017084066
615.1421849727631,2.734014673435654
615.1431841850281,2.6664149243261663
615.1431841850281,2.6110860353296803
615.1431841850281,2.533310437466218
615.1431841850281,2.4404768958243634
615.1446158885956,2.33202540731584
620.8172283172607,2.207060339312007
620.8172283172607,2.0744401850261327
620.8181428909302,1.9145663722089554
620.8371450901031,6.705535286270574
620.8371450901031,6.673129799266546
620.8371450901031,6.652032542060508
620.8381457328796,6.6582265081480125
620.8381457328796,6.682621346918807
626.5130877494812,6.711992092759161
626.5140898227692,6.750535088628974
626.5140898227692,6.798918022595498
626.5150890350342,6.836923494287065
626.5150890350342,6.872509707246848
626.5150890350342,6.916035142804089
626.5160887241364,6.952298393788572
626.5160887241364,6.972403960673698
626.5171346664429,6.990176611846496
626.5171346664429,7.008674719221378
626.5171346664429,7.024404127125623
626.5181329250336,7.036258763683761
626.5181329250336,7.0375096545861
626.5190889835358,7.038845516419621
626.5190889835358,7.035584076071571
626.5190889835358,7.0352660523102335
626.5200884342194,7.027633288138105
626.5200884342194,7.01779470225612
626.5210909843445,7.005559026754603
626.5210909843445,6.991571198087176
626.5210909843445,6.973286566614119
626.522088766098,6.951238861843512
626.5230906009674,6.930051208372438
626.5230906009674,6.90489918457904
626.5230906009674,6.875150920494557
626.5240890979767,6.846290259124791
626.5240890979767,6.808349225070482
626.5240890979767,6.760990402839608
626.5250890254974,6.70908717345541
626.5250890254974,6.6563598562725685
626.5260887145996,6.5951384148979075
626.5260887145996,6.526382899290726
626.5270898342133,6.456393934566664
626.5270898342133,6.382120623385909
626.5280890464783,6.301090321972644
626.5280890464783,6.227258309198294
626.5290887355804,6.149649716560529
626.5290887355804,6.065943206014852
626.5290887355804,5.980324049114314
626.5290887355804,5.888592040776894
626.5300884246826,5.799884616312305
626.5300884246826,5.713063966603099
626.5310900211334,5.633150719236069
626.5310900211334,5.552686291591362
626.5310900211334,5.476514293923427
626.5320911407471,5.403978054712863
626.5320911407471,5.3355412077540905
626.5330891609192,5.264517538045475
626.5330891609192,5.1649735541372594
626.5340886116028,5.094803349632462
626.5340886116028,5.031757620124405
626.5350894927979,4.975182470454369
626.5350894927979,4.927042686892809
626.5360894203186,4.888401864810989
626.5360894203186,4.861327294167109
626.5370893478394,4.83991524404428
626.5370893478394,4.822469878009855
626.5380878448486,4.81175088860088
626.5380878448486,4.807129117635092
632.1970143318176,4.809690441980279
632.1980154514313,4.816435629468534
632.1980154514313,4.824179816525804
632.199015378952,4.834217170051517
632.199015378952,4.8466754124100335
632.2000155448914,4.861683106901299
632.2000155448914,4.880890501948039
632.2010147571564,4.902710350049396
632.2010147571564,4.92753472270122
632.2020149230957,4.9438245986367075
632.2030162811279,4.938679349697289
632.2030162811279,4.9332972497848875
632.2030162811279,4.931019616121798
632.2041800022125,4.932873230585977
632.2041800022125,4.938138790871728
632.2051856517792,4.947426793983092
632.2051856517792,4.960489700966015
632.2051856517792,4.977437587932659
632.2064552307129,4.99951445581807
632.2064552307129,5.028677112975262
632.2064552307129,5.065609787642305
632.2064552307129,5.1106360188362645
632.2079088687897,5.163970585568235
632.2079088687897,5.225205072316798
632.2088639736176,5.283878641539476
632.2098643779755,5.321442223437077
632.2098643779755,5.360200977224763
632.2108638286591,5.399933489099784
632.2108638286591,5.440970963548171
632.2108638286591,5.482938332718629
632.2118644714355,5.525517898103512
632.2118644714355,5.568602513008543
632.2128639221191,5.612562647111407
632.2128639221191,5.657515980019678
632.2128639221191,5.702669191091444
632.2142956256866,5.747942647860966
632.2142956256866,5.792846582772934
632.2153007984161,5.83741797289423
632.2153007984161,5.882158182217393
632.2153007984161,5.926308408107622
632.2153007984161,5.969874242358896
632.2166068553925,6.0129090408732555
632.2166068553925,6.0552026334652105
632.2176122665405,6.09682821615624
632.2176122665405,6.13788723614526
632.2176122665405,6.178261374466764
632.218757390976,6.217661695696937
632.218757390976,6.2562658976809935
632.218757390976,6.293902630941009
632.2200307846069,6.330440605880052
632.2200307846069,6.36593134150758
632.2200307846069,6.400386834700879
632.2210359573364,6.433768340853866
632.2210359573364,6.465982156984156
632.2220358848572,6.49701931352417
632.2220358848572,6.526820816112481
632.2220358848572,6.555324665294136
632.2230353355408,6.582316366159445
632.2230353355408,6.608322815479192
637.8978204727173,6.633607709635024
637.8987431526184,6.657717545249428
637.8987431526184,6.67950406478274
637.8997361660004,6.698471483464466
637.8997361660004,6.715779417566765
637.9007349014282,6.731896224974811
637.9007349014282,6.745910933849476
637.901734828949,6.757987959539431
637.901734828949,6.767264523244622
637.901734828949,6.774482084784187
637.9027345180511,6.780395379780135
637.9027345180511,6.784852675936519
637.9037356376648,6.787720950827976
637.9037356376648,6.789635318539961
637.9037356376648,6.789828492856594
637.9047362804413,6.787596886290031
637.9047362804413,6.781606613652421
637.9058172702789,6.773503256387508
637.9058172702789,6.764394665847997
637.9058172702789,6.754851487773655
637.9068450927734,6.744151854014939
637.9068450927734,6.732589306793806
637.9068450927734,6.720364093398262
637.9078457355499,6.707229100966152
637.9078457355499,6.692952488018547
637.9078457355499,6.6778581279683475
637.9088454246521,6.66158283460547
637.9088454246521,6.644248274189096
637.9098448753357,6.626373606637489
637.9098448753357,6.607980957650076
637.910845041275,6.58934884238604
637.910845041275,6.572309858381921
637.910845041275,6.559349070155302
637.9118554592133,6.545438377694383
637.9118554592133,6.53291214286709
637.9128501415253,6.51813078917905
637.9128501415253,6.499097347595529
637.9128501415253,6.480835744804567
637.9138457775116,6.463265168342401
637.9138457775116,6.445342288022796
637.9138457775116,6.42744974928503
637.914844751358,6.409757890705528
637.914844751358,6.392093031949715
637.914844751358,6.371973871261809
637.915843963623,6.35004567008533
637.915843963623,6.329014977118529
637.915843963623,6.309074882301659
637.915843963623,6.290765768943287
637.916844367981,6.2734523728692375
637.916844367981,6.257279390022323
637.9179837703705,6.242554898017051
637.9179837703705,6.2296039560848255
637.9179837703705,6.218529771912118
637.9179837703705,6.209293017554027
637.919192314148,6.201367281314894
637.919192314148,6.195157824140792
637.919192314148,6.190717016211275
637.9201927185059,6.18812883596324
643.5901565551758,6.187115706708976
643.5901565551758,6.187701573992446
643.5911548137665,6.190073948660735
643.5911548137665,6.193913808109294
643.5922057628632,6.1983815458142075
643.5922057628632,6.203798778314215
643.5931549072266,6.2105053460509065
643.5931549072266,6.2183415940428555
643.5941536426544,6.227047405878963
643.5941536426544,6.236833069072192
643.5951540470123,6.247548285386296
643.5951540470123,6.258806955256865
643.5961556434631,6.270679386138488
643.5961556434631,6.283316813501759
643.5961556434631,6.2966315857598385
643.5971624851227,6.310075844051551
643.5971624851227,6.323724969648658
643.5971624851227,6.337716291903844
643.5971624851227,6.351964186729508
643.5981547832489,6.366540186294734
643.5981547832489,6.3811977764458625
643.5991554260254,6.395844055425967
643.5991554260254,6.410424765003072
643.5991554260254,6.426245023402554
643.6001555919647,6.442276044544871
643.6001555919647,6.458013063799079
643.6011545658112,6.474094266963834
643.6011545658112,6.490045831670407
643.6011545658112,6.506395331154509
643.6021552085876,6.523058930147103
643.6021552085876,6.539580022691823
643.6031548976898,6.556610665321244
643.6031548976898,6.57336622506107
643.6031548976898,6.590008818787288
643.6041579246521,6.606389315474222
643.6041579246521,6.62303300663683
643.6051549911499,6.640979434580376
643.6051549911499,6.660276989384746
643.606155872345,6.679892020639574
643.606155872345,6.7008980268387
643.606155872345,6.723049652715933
643.6071600914001,6.746327443425903
643.6081554889679,6.770513085287676
643.6081554889679,6.797216806762746
643.6091551780701,6.825724142096172
643.6091551780701,6.855775877790092
643.6091551780701,6.889037232537955
643.6101553440094,6.922896529255574
643.6101553440094,6.958121547860194
643.611154794693,6.991296532148402
643.611154794693,7.019984737319481
643.611154794693,7.043035869401982
643.6121551990509,7.054730025519585
643.6121551990509,7.054811410013269
643.6131548881531,7.041537842464737
