Timestamp,Breath Rate
28.497663021087646,4.532876046380419
28.499590635299683,4.50951380825562
28.500696659088135,4.485406907265707
28.501587629318237,4.46365948355935
28.503584623336792,4.444248644043208
28.504582166671753,4.426513966086566
28.505582094192505,4.410191448675591
28.50759196281433,4.3940026210910625
28.508585929870605,4.377124938678135
28.509586334228516,4.339487302909606
28.510585069656372,4.2522744737680345
28.511584758758545,4.164159698208619
28.51258873939514,4.076793810846689
28.51458168029785,3.9887147333248283
28.515583038330078,3.8999131875112316
28.515583038330078,3.8086973229467356
28.517582416534424,3.7155688614517657
28.51858115196228,3.6228495786671293
28.51858115196228,3.5297141900575975
28.5205819606781,3.438627645179635
28.521581888198853,3.3478392403643147
28.522581577301025,3.25684289797613
28.523582220077515,3.1658988910067123
28.52458357810974,3.073749570897481
28.525588750839233,2.9832976808123113
28.526585578918457,2.893947610206338
28.52759623527527,2.805701070484079
28.52858567237854,2.7162320333153245
28.529611825942993,2.6293778480009293
28.53058695793152,2.5440342710648842
28.53159523010254,2.4594788586087177
28.53258728981018,2.379039842947599
34.19869875907898,2.4230249215706
34.19969916343689,2.5270168056864417
34.19969916343689,2.6343517353977117
34.20070004463196,2.7402813148735943
34.201698303222656,2.8462748261007373
34.201698303222656,2.9555386770079726
34.20269775390625,3.0711073605302444
34.20369815826416,3.1821566889329165
34.20369815826416,3.2894703960209517
34.20369815826416,3.4018779510014308
34.205204248428345,3.5093187001743376
34.20621061325073,3.6151197613565027
34.20721101760864,3.7239057607628445
34.208211183547974,3.825360758447267
34.209211111068726,3.925413334873193
34.21021127700806,4.0236080379905825
34.21231484413147,4.117623976638378
34.21231484413147,4.207955298883104
34.213276863098145,4.2956292154313305
34.21521329879761,4.381767154880447
34.21621251106262,4.4664119324985805
34.21721076965332,4.54922133529486
34.21721076965332,4.588638647641387
34.2192120552063,4.601371220689361
34.22021174430847,4.613908179036484
34.22138261795044,4.627910386864067
34.22358727455139,4.64363941008172
34.22458815574646,4.661244661062115
34.225587129592896,4.678355722167283
34.22658848762512,4.695914285470795
34.22858810424805,4.7135509578579775
34.2295868396759,4.732065118917736
34.230586528778076,4.750938305638932
34.23158812522888,4.769729671488513
34.23258876800537,4.7890554255330136
34.23358702659607,4.809532435802467
34.23458504676819,4.830477067788924
34.23558807373047,4.851275363927628
34.237587213516235,4.872101188342065
34.238590717315674,4.893410154195694
34.238590717315674,4.915376654468943
34.24058651924133,4.937874900407514
34.2415885925293,4.960873871107311
34.24258899688721,4.9840901366047285
34.2436249256134,5.007141824933866
34.24558782577515,5.0299206116132575
34.24658560752869,5.052428476146334
39.87723255157471,5.074515987391643
39.87823247909546,5.096043590473389
39.878721714019775,5.1169722438892835
39.87974166870117,5.137389079995003
39.880741596221924,5.157195049740253
39.88174057006836,5.176479591461209
39.8827440738678,5.146272381178157
39.88373947143555,5.107825551667003
39.88373947143555,5.067302017507748
39.884740591049194,5.025608225469648
39.885788440704346,4.9823698211490814
39.88680410385132,4.937945978527191
39.88781976699829,4.891929109417309
39.88882327079773,4.844091984850989
39.88980460166931,4.794655604760723
39.89080357551575,4.74405294569779
39.891804456710815,4.692028236098481
39.89280462265015,4.6379461991227995
39.893816232681274,4.581918087076636
39.89480376243591,4.522981853186621
39.89580512046814,4.462173347664253
39.89691209793091,4.399975092454271
39.898273944854736,4.335986005745527
39.89928603172302,4.2727262698765
39.90033268928528,4.214254144747226
39.90228295326233,4.151490200132572
39.90330672264099,4.084335349669443
39.9043550491333,4.017363775948726
39.90628528594971,3.950999757193145
39.90728211402893,3.882187031762866
39.90828514099121,3.8119167039272988
39.9103467464447,3.7400182561720325
39.911283016204834,3.6682332043055474
39.91228222846985,3.596060389286811
39.91328191757202,3.5232212696949015
39.91328191757202,3.4501668963571253
39.914650440216064,3.377291855414484
39.91617250442505,3.3047523566494523
39.917065382003784,3.2312283373265274
39.91806435585022,3.1586470551956456
39.91806435585022,3.0484705634785945
39.91933631896973,2.910559205975217
39.92134642601013,2.7700674591412726
39.92134642601013,2.6242325046910318
39.92284274101257,2.4772715601345663
119.61440062522888,3.8992294790575106
119.61639761924744,4.045269904562873
119.61739778518677,4.196534532524785
119.61739778518677,4.354704081629183
119.61839723587036,4.517784000584107
119.62039732933044,4.684453034885108
119.62139749526978,4.854328964568864
119.6223976612091,5.026374456914577
119.62303900718689,5.2042108655673935
119.6244044303894,5.384036983167874
119.62541389465332,5.562045653288172
119.62641263008118,5.741139847448364
119.6282901763916,5.918945873177563
119.62928986549377,6.092181324010607
119.63028740882874,6.260885862646817
119.63086199760437,6.427304963500548
119.63186764717102,6.5861202633280325
119.63286852836609,6.73688656807404
119.63387203216553,6.89162673725651
119.6348671913147,7.030812674765628
119.6368727684021,7.095094851331312
119.63786935806274,7.16649127536318
119.63886904716492,7.234267714474545
119.63986802101135,7.303371066488613
119.64087128639221,7.369480032660265
119.6428713798523,7.438458711952873
119.6428713798523,7.5009971750243185
119.6445300579071,7.564647910822886
119.64555048942566,7.628504046152637
119.64555048942566,7.689708903660494
119.64762115478516,7.748843404572434
119.6491813659668,7.807257371445475
119.65120697021484,7.862627895439229
119.65120697021484,7.919764285299164
119.65391850471497,7.977658914510893
119.65491724014282,8.036051125720848
119.65532922744751,8.095649185982708
119.65633606910706,8.159059949428656
119.6583366394043,8.227939006880728
119.65933585166931,8.294376860817772
119.6603479385376,8.359645752660398
119.66233897209167,8.428385551746425
119.6633369922638,8.499581824577334
119.66433691978455,8.57374602875238
119.66493082046509,8.64148370899183
119.6669647693634,8.717245284312943
119.66718482971191,8.798983364701336
119.66824412345886,8.856116694257281
125.31182813644409,8.945375081407322
125.31282210350037,9.048956625995281
125.31379270553589,9.176094755631555
125.31581616401672,9.304653596434708
125.31676816940308,9.459137864160356
125.31776356697083,9.634035358811612
125.31876635551453,9.876311805665335
125.31976389884949,10.198536330559486
125.32176542282104,10.674162631487695
125.32276582717896,11.372531620499766
125.3247652053833,11.806233530966894
125.3247652053833,11.942035875206901
125.32576537132263,12.066427315352655
125.32776546478271,12.172173828207868
125.32876586914062,12.256921186916124
125.32976341247559,12.338614677710162
125.32976341247559,12.42392455372102
125.3307638168335,12.512167805361331
125.33176159858704,12.587296501384852
125.33276295661926,12.66689778101082
125.3337619304657,12.740154124800453
125.3337619304657,12.813669424926584
125.33576893806458,12.891816871777845
125.33776307106018,12.973013519760247
125.33776307106018,13.050456970715302
125.33885836601257,13.120822024621942
125.34104108810425,13.185352877123924
125.342036485672,13.244447209411893
125.34306740760803,13.301402506354945
125.34503746032715,13.359271153291836
125.34603905677795,13.340544101597018
125.34703993797302,13.288028235874798
125.3490400314331,13.227472850373708
125.35103797912598,13.167119081785714
125.3520393371582,13.102154444045599
125.35403752326965,13.042981340983324
125.35504174232483,12.978735670867561
125.35604286193848,12.91053026778006
125.35704565048218,12.83887998847072
125.35903835296631,12.772134438027713
125.35903835296631,12.694260970405693
125.36103820800781,12.613052017622989
125.36303949356079,12.520873537030802
125.3640501499176,12.422563472965281
125.36503911018372,12.320923968945344
125.36603784561157,12.210969540714409
125.36703777313232,12.093452908808038
125.36807084083557,11.983191962674852
125.36903786659241,11.848396175394475
125.37003874778748,11.636033936820313
125.37103939056396,11.090431627134306
125.37203669548035,10.748771941047307
125.37404561042786,10.500736095342058
125.37404561042786,10.311375230033114
125.3760449886322,10.14272295056455
125.3760449886322,10.003331987715324
125.37703800201416,9.881877345946602
125.37903833389282,9.77287950464571
125.38003945350647,9.682024215068317
130.98557472229004,9.606622667967288
130.98669958114624,9.533367827946115
130.98669958114624,9.461559551708962
130.98763418197632,9.400744309971577
130.98865342140198,9.341633499635439
130.98865342140198,9.28391164466112
130.99057722091675,9.228997132389292
130.99057722091675,9.178468056545938
130.99257683753967,9.127029834733674
130.99371004104614,9.075739981747018
130.99457621574402,9.023262398624778
130.99571347236633,8.9689260990998
130.99757719039917,8.918098393674441
130.99858617782593,8.869325682938001
130.99957704544067,8.822711419179301
131.00057983398438,8.774807037222688
131.00157952308655,8.72651830570205
131.00258326530457,8.678126920734886
131.00366139411926,8.629291296780917
131.00457501411438,8.579399432716937
131.00657868385315,8.528800796103427
131.00757908821106,8.476752799485295
131.00857543945312,8.42400740512343
131.00962209701538,8.370740289614716
131.01057696342468,8.316494693680406
131.0115773677826,8.261451990914273
131.01261115074158,8.205550256829625
131.01364970207214,8.149992542166899
131.01466631889343,8.093144195970545
131.01558446884155,8.034868873778438
131.01657366752625,7.97633562355754
131.017578125,7.917189408463544
131.01857566833496,7.858421864042974
131.01957607269287,7.798276735050159
131.02057528495789,7.737808558010081
131.0216748714447,7.677411969631782
131.02258276939392,7.616749505466992
131.024578332901,7.556740193397294
131.0255787372589,7.4975029139161435
131.0265760421753,7.439857834095169
131.02758264541626,7.382450242864638
131.02857732772827,7.324989832725964
131.02960872650146,7.266239131326413
131.03057742118835,7.204282482908487
131.03257536888123,7.140809563305516
131.0335774421692,7.080457430595614
131.03457403182983,7.0188414133845685
131.03558135032654,6.94189873433379
131.03558135032654,6.861281063073659
131.03657388687134,6.777073078000274
131.0375738143921,6.690063567965899
131.03857493400574,6.595797063084595
131.0395748615265,6.497883384105707
131.04062056541443,6.400651674228002
131.04164147377014,6.307618628300357
131.04164147377014,6.215554051688932
131.04262852668762,6.123197373713058
131.044762134552,6.028666317139827
136.69319939613342,5.9335353529903525
136.69420385360718,5.841888790355096
136.69519877433777,5.748510862502532
136.69569849967957,5.656756283552803
136.69670796394348,5.570891340955614
136.69770622253418,5.484276920966986
136.69770622253418,5.39957141592401
136.6987075805664,5.314999041699566
136.6987075805664,5.23737561522747
136.70070576667786,5.157768380234541
136.70070576667786,5.0864182101477295
136.70171189308167,5.019613671579073
136.70275688171387,4.949425218878623
136.703706741333,4.887623918126769
136.70470786094666,4.823542749027947
136.70574736595154,4.768507481965482
136.70730781555176,4.70107764605963
136.70831823349,4.655904947169674
136.70931720733643,4.61176204874447
136.71131587028503,4.572654337693164
136.71131587028503,4.534266790518533
136.71332168579102,4.503384288518946
136.71431732177734,4.477358625523515
136.71531677246094,4.453653595479195
136.71631860733032,4.430731681956069
170.89905762672424,2.3634471450287764
170.90155935287476,2.458472344175558
170.90255665779114,2.550767266804934
170.90455794334412,2.6399072314935697
170.90602374076843,2.727090673105325
170.90602374076843,2.812735420817281
170.90705180168152,2.8975260685384394
170.9093255996704,2.9820548606087103
170.9093255996704,3.0664291039627987
170.91036438941956,3.150987564896825
170.91136002540588,3.2358574692101794
170.91333603858948,3.3215284742033235
170.91434049606323,3.408017739853188
170.9155023097992,3.4954227900604287
170.91752171516418,3.5827707334165835
170.9186294078827,3.667066010831737
170.91963005065918,3.73792079265706
170.92162823677063,3.8031624157505846
170.92162823677063,3.831163234450336
170.92371010780334,3.819630679624718
170.92371010780334,3.813902514793309
170.92562866210938,3.8138880927953327
170.92673921585083,3.813451230231695
176.57812428474426,3.804252412539817
176.5801215171814,3.7877432294538997
176.581120967865,3.7762671140703836
176.58211660385132,3.769343827763069
176.58211660385132,3.7641374279265114
176.58311772346497,3.757033352654893
176.58411812782288,3.749513599607772
176.5851182937622,3.7404523225789497
176.5851182937622,3.7298876681392197
176.58811807632446,3.718808024116534
176.58911848068237,3.709627316594348
176.59011673927307,3.7027941376450135
176.59111666679382,3.6994211524329743
176.592125415802,3.698814361988002
176.59311532974243,3.69695965662408
176.59512186050415,3.69793641049858
176.59611916542053,3.7034062448565326
176.59713053703308,3.7122780541459885
176.59819102287292,3.7158702422990144
176.5995900630951,3.723904780422926
176.6016240119934,3.737224466955289
176.6026315689087,3.7542755299230004
176.60383462905884,3.77932304142717
176.60487508773804,3.81917655098656
176.60487508773804,3.8803805537398244
176.60668087005615,3.9712520206286066
176.60820198059082,4.104590890402591
176.60921120643616,4.270010280042721
176.61024379730225,4.472848317512762
176.61232352256775,4.728102365589468
176.6133313179016,5.074666263054844
176.6144151687622,5.5683226662120555
176.61513924598694,6.317482278133317
176.61614727973938,7.398172507737867
176.61714720726013,8.173713465988547
176.61814618110657,8.73727657315225
176.61914491653442,9.166320438542286
176.62094378471375,9.503992033691317
176.62203192710876,9.77746597183435
176.62294006347656,10.004513265072683
176.62494659423828,10.198384057226813
176.62594556808472,10.364117661045077
176.62704992294312,10.508820663588448
176.6280493736267,10.638855436123617
176.6289451122284,10.754571570844057
176.62994146347046,10.858200551262158
176.63094186782837,10.952023450020548
176.63201785087585,11.037567799724854
176.6339452266693,11.115365460872761
176.63511490821838,11.186700600721693
176.63606071472168,11.253594308955934
176.636949300766,11.316365431898564
176.63803458213806,11.375388691735528
176.63908553123474,11.43238764204382
176.6399519443512,11.491299682714102
176.64094257354736,11.544213258191828
176.64193892478943,11.59453746279282
176.64193892478943,11.647024903028246
176.64294242858887,11.698719082131701
182.2563512325287,11.734437048542974
182.25729990005493,11.757891695532576
182.25830721855164,11.784196696071076
182.25929808616638,11.809093181003822
182.26029801368713,11.83364358953735
182.26129913330078,11.858399663320613
182.26329731941223,11.881162885928553
182.2642958164215,11.902347242027389
182.2642958164215,11.92191233682286
182.26529669761658,11.940144900456026
182.26729607582092,11.9570091580933
182.26829504966736,11.973025056535041
182.26929426193237,11.987259721258944
182.27029395103455,12.00017780379706
182.2712960243225,12.006008835893871
182.27231669425964,12.010941485878563
182.27231669425964,12.01803897487147
182.27429485321045,12.0247653845347
182.27533149719238,12.025832836198008
182.27533149719238,12.025144731371135
182.27629375457764,12.02313870911763
182.2772934436798,12.018104183565192
182.27829694747925,12.008262904805742
182.27829694747925,11.992540970671559
182.27930641174316,11.97486010110784
182.28029322624207,11.951818688615367
182.28129744529724,11.922286706267402
182.2825644016266,11.885944472265887
182.28356289863586,11.842612097308788
182.2845640182495,11.790864623613484
182.2866816520691,11.728715921446065
182.287677526474,11.612581219514874
182.287677526474,11.474030173774876
182.28867650032043,11.323068930446425
182.28956723213196,11.159676530479242
182.29058074951172,10.983484328526325
182.29157543182373,10.790492029548918
182.29268646240234,10.581585033604119
182.29357433319092,10.362185898171175
182.2955837249756,10.130575848294876
182.29616451263428,9.887248670668404
182.29743671417236,9.629979060152568
182.29743671417236,9.352545217985863
182.2993142604828,9.0857380764623
182.30032014846802,8.808469811498735
182.3014416694641,8.51544266613669
182.3023202419281,8.226304315112454
182.30430936813354,7.9219780807489855
182.30430936813354,7.610002539392566
182.3063099384308,7.293191988559154
182.30731225013733,7.0043472030579705
182.3083255290985,6.872466131362834
182.30931067466736,6.7494361042247135
182.31046152114868,6.63508312229601
182.31131172180176,6.528969187072578
182.31231093406677,6.4316912168042535
182.31339859962463,6.34276376654982
182.31441855430603,6.261065962667953
187.95829391479492,6.187202446455657
187.9603500366211,6.120995066674469
187.96129512786865,6.062223526071098
187.9623579978943,6.009816381900837
187.96429419517517,5.965299244135302
187.96529626846313,5.926194917376173
187.96729016304016,5.893882716281381
187.96829295158386,5.867104755592306
187.96943712234497,5.84731479148909
187.9714469909668,5.833806058569427
187.97244668006897,5.825029676469587
187.97344541549683,5.820669531911365
187.97344541549683,5.821666109366384
187.9744908809662,5.8279891837429645
187.9752333164215,5.839038805257953
187.97624015808105,5.854417151250447
187.9772412776947,5.873375190906628
187.9782416820526,5.895597617026879
187.97925353050232,5.9213668874836545
187.98033165931702,5.949954408466116
187.98224186897278,5.981130229662723
187.98224186897278,6.013610995506258
187.98324346542358,6.048080333150263
187.9842393398285,6.085541279100307
187.98624682426453,6.125151336352994
187.98624682426453,6.166225862616031
187.98739194869995,6.207756898683606
187.98824191093445,6.249851109375912
187.99024415016174,6.292392442857041
187.9912497997284,6.335583492712457
187.9920756816864,6.378888750500337
187.9942557811737,6.418565947122929
187.99525547027588,6.450412180178003
187.99626183509827,6.482463437934051
187.99626183509827,6.515009173054411
187.9982566833496,6.547799755103398
187.99925661087036,6.5808383215381125
188.00025534629822,6.614023901197847
188.00125694274902,6.647266254027977
188.0032570362091,6.679078442603251
188.0042564868927,6.7065516653985435
188.00525856018066,6.734489803084947
188.00725722312927,6.762990781617694
188.0082552433014,6.7922847314611055
188.00935173034668,6.82365730105016
188.01125717163086,6.856257287949601
188.01225543022156,6.889638845598864
188.0132541656494,6.922509233907192
188.01525568962097,6.953540062654525
188.016254901886,6.9846736996116165
188.01725435256958,7.015197744738954
188.0182545185089,7.067076268396336
188.02025485038757,7.140791524542687
188.02025485038757,7.213436898053299
188.0213668346405,7.284412843980669
188.02337503433228,7.352863125729071
188.0243797302246,7.418950670078488
188.02537393569946,7.484127812086353
188.02537393569946,7.548227395166973
193.64607954025269,7.610662748918316
193.64696955680847,7.671412002896486
193.6490559577942,7.729984017872703
193.65009951591492,7.787260130618917
193.65096712112427,7.841368884449219
193.65196919441223,7.893016235165594
193.6529676914215,7.941683145205681
193.65396761894226,7.987396959551211
193.65496492385864,8.030388454864275
193.655987739563,8.069998188223868
193.65696740150452,8.10719052843941
193.6579647064209,8.141791244069081
193.6590929031372,8.169844179238556
193.659973859787,8.190686458648091
193.6609661579132,8.205023802329366
193.6609661579132,8.216668960791818
193.66198301315308,8.225001299813938
193.6630551815033,8.230655963939562
193.66399478912354,8.234088198241471
193.66500806808472,8.233381643677296
193.66598534584045,8.227478040779484
193.66705131530762,8.216719653653145
193.66796898841858,8.203212586387746
193.66897416114807,8.186423066454434
193.6699664592743,8.164354585865444
193.6710546016693,8.138246415645359
193.6729667186737,8.105205114108356
193.67403078079224,8.064106208809173
193.67510342597961,8.01881031993333
193.67596554756165,7.9681886469346805
193.6769676208496,7.9097626375278125
193.67796564102173,7.841915558754283
193.67896628379822,7.767768702304608
193.68007159233093,7.682018988352617
193.68196988105774,7.587122421461292
193.6830484867096,7.481320237413161
193.6849799156189,7.36308147633051
193.68597793579102,7.2281323157861825
193.68698692321777,7.077574432451097
193.68898367881775,6.938914993400217
193.6899881362915,6.812388940901812
193.69097995758057,6.6896728407881145
193.69205355644226,6.569456606829792
193.69398617744446,6.457391020965028
193.69506645202637,6.353438468284912
193.69598150253296,6.254977833239168
193.6974892616272,6.161410791280153
193.69849824905396,6.077033344515741
193.69950556755066,5.991075974101416
193.70061445236206,5.805529304011497
193.70150876045227,5.565070220940116
193.70350766181946,5.221265009266326
193.70464515686035,4.6007629502728316
193.70551300048828,3.055748298130887
233.55005979537964,14.260561787742079
233.55105781555176,14.289457659190582
233.5520622730255,14.317189354272518
233.55306434631348,14.343796115656268
233.55506300926208,14.368978282049373
233.55706477165222,14.392905320431742
233.5590591430664,14.415501419946649
233.56006121635437,14.436672287838801
233.56105947494507,14.456016322698792
233.56206607818604,14.473831357127391
233.56406164169312,14.489710578710666
233.5650599002838,14.50332082759606
233.56606078147888,14.514494608973221
233.56806087493896,14.523119981745332
233.5700604915619,14.529164653567756
233.57206916809082,14.53267291245291
233.57306241989136,14.533634423381462
233.57407546043396,14.532249632151334
239.21505880355835,14.528801084706066
239.21598100662231,14.523543865687373
239.21804857254028,14.516906087696006
239.21898007392883,14.509000068533993
239.21997904777527,14.500026528094795
239.22097659111023,14.489971106098073
239.22297739982605,14.478872265775063
239.223974943161,14.46681148560862
239.2249767780304,14.45376043138184
239.22598433494568,14.439715398850282
239.22697758674622,14.424629710155498
239.22797513008118,14.408390253021683
239.22897505760193,14.391311151865304
239.2300090789795,14.373448286282866
239.2309741973877,14.35473854275107
239.2319791316986,14.335505377449905
239.23397850990295,14.315950364810863
239.23497533798218,14.29564709906799
239.23597836494446,14.274364137029183
239.2371642589569,14.252131416810922
239.23817205429077,14.229057171828977
239.2391746044159,14.205083594705265
239.24020886421204,14.181006291231398
239.24217319488525,14.157841867489706
239.24320554733276,14.135073045967225
239.24320554733276,14.11246678949632
239.24417352676392,14.089698908360333
239.24617290496826,14.066599072496459
239.24617290496826,14.04371189285737
239.2471730709076,14.021173856988451
239.24816823005676,13.99920701630994
239.25021958351135,13.978043741817054
239.25069189071655,13.958028766545516
239.25176215171814,13.93930687612102
239.2527060508728,13.921925263537869
239.25371050834656,13.906029184615214
239.25469851493835,13.891514877316196
239.2567012310028,13.878545675838469
239.25770545005798,13.86725002589298
239.25869965553284,13.857334566470211
239.25971126556396,13.84881271745838
239.26069808006287,13.841641847227713
239.26270008087158,13.836505665985275
239.26369976997375,13.834394107633905
239.26482462882996,13.835881249497884
239.26669836044312,13.83952384710797
239.2677812576294,13.843839228905274
239.26870393753052,13.850403807540577
239.26969957351685,13.859321711194276
239.2707028388977,13.869433132442019
239.27169728279114,13.881061407158345
239.2728145122528,13.895600589940415
239.27470016479492,13.909457977140875
239.27569913864136,13.924864140183374
239.2766993045807,13.941421335171821
239.27769780158997,13.957865377088245
239.27870178222656,13.975820833556629
239.27970457077026,13.995409228148919
244.90171456336975,14.017542441048333
244.90263891220093,14.039447265117028
244.90363717079163,14.060226595869093
244.90463781356812,14.081137442238614
244.90463781356812,14.10287132466484
244.90568590164185,14.126607657339221
244.90706491470337,14.151250626233233
244.90807461738586,14.177220742447373
244.90907454490662,14.204133915290384
244.9100730419159,14.232072793034362
244.91138577461243,14.260715759875758
244.91138577461243,14.290661285044003
244.91239190101624,14.322151013316962
244.91346168518066,14.35470905945565
244.91439414024353,14.388378528396034
244.91643929481506,14.422982381382457
244.9173924922943,14.458243407715546
244.9183943271637,14.494060115184881
244.91939496994019,14.530116576132565
244.92039442062378,14.565508418518666
244.9213945865631,14.600096511710914
244.92340111732483,14.633474371294012
244.92539620399475,14.665509591694358
244.9263937473297,14.696345012128575
244.92744326591492,14.725808922909026
244.92839670181274,14.753867519603121
244.92943477630615,14.780575658780114
244.93042874336243,14.805902672679828
244.93239498138428,14.829906898324902
244.9334053993225,14.852211945508873
244.93440175056458,14.8723228993469
244.9354019165039,14.890533975510952
244.9374098777771,14.906859976425105
244.93781971931458,14.921254084809155
244.93882775306702,14.932944411948192
244.9406464099884,14.941672069512112
244.9416468143463,14.948331447650169
244.94271516799927,14.953017913154474
244.94407677650452,14.955451396094496
244.94508504867554,14.95562766509436
244.94617629051208,14.953248622082176
244.94617629051208,14.948139747666975
244.94878721237183,14.941541277368836
244.94980239868164,14.9332622014803
244.95079708099365,14.923242516441258
244.95079708099365,14.911117382935174
244.95279598236084,14.896634689448215
244.9538595676422,14.880587132812266
244.95488715171814,14.863226614743594
244.9557957649231,14.844289688618842
244.95788526535034,14.823429276096814
244.95881938934326,14.801043298009008
244.95994067192078,14.7775066809003
244.96180129051208,14.753125949802289
244.96280717849731,14.728018078079995
244.96442866325378,14.701486614690756
244.96544885635376,14.67396009139019
244.96645832061768,14.64570349319931
244.96748900413513,14.616638301317245
250.60541701316833,14.586675462931712
250.60634565353394,14.556165465756836
250.60711240768433,14.52554572860878
250.60812330245972,14.496422516495482
250.60913181304932,14.466835540519192
250.61013221740723,14.436262507805559
250.61013221740723,14.40434874716865
250.61112308502197,14.37143544661684
250.61212301254272,14.337200761482654
250.61212301254272,14.301536925114233
250.6131227016449,14.264025995030774
250.6151249408722,14.223167341841803
250.6151249408722,14.179594159725722
250.6161243915558,14.134119954591311
250.61713004112244,14.086926494887894
250.61912393569946,14.038326366734683
250.620130777359,13.988197509960873
250.62112736701965,13.935853729900252
250.62212944030762,13.881692055221455
250.62312626838684,13.824590137543609
250.62412452697754,13.765831954455813
250.62512469291687,13.704421182278544
250.62712502479553,13.640719626859802
250.62812757492065,13.574022960491082
250.6291263103485,13.5044536786991
250.6301245689392,13.431725353578225
250.6321246623993,13.35527228283948
250.63312411308289,13.275224643133939
250.63412761688232,13.191683912757975
250.63512444496155,13.104232450515793
250.63712430000305,13.012869304860955
250.63812518119812,12.917154559578483
250.64012455940247,12.817533481864679
250.6421253681183,12.713533623443915
250.64312434196472,12.60504221094295
250.6451256275177,12.491515484541198
250.6461260318756,12.37250569471406
250.64812803268433,12.247265166341135
250.64912796020508,12.114878532428651
250.65012550354004,11.973708125170347
250.65012550354004,11.822595177922977
250.6521258354187,11.666806802562089
250.6531240940094,11.52026475725579
250.65412425994873,11.375284727098078
250.65612626075745,11.23174161806854
250.65712642669678,11.087607527436095
250.6581470966339,10.943242293076995
250.65912437438965,10.798003513019193
250.660138130188,10.651491643557094
250.66112399101257,10.503380522340038
250.66216731071472,10.35331711527111
250.66312861442566,10.200644846168455
250.66413712501526,10.044996869336192
250.66613698005676,9.886382842422044
250.66613698005676,9.724616882761623
250.6671335697174,9.559137335913535
250.66791892051697,9.3897610260599
250.67008996009827,9.215839821081428
250.67008996009827,9.03701174824684
256.2914547920227,8.852861368754139
256.293372631073,8.662848195887108
256.2943744659424,8.466271299930726
256.2963707447052,8.262318034216714
256.2973713874817,8.049859830991457
256.29936695098877,7.827481838523706
256.30036640167236,7.5936659041668975
256.30137157440186,7.346545196173147
256.30236864089966,7.084279040208585
256.3033709526062,6.889419196399064
256.3043677806854,6.732353316607704
256.3053660392761,6.589236378854853
256.30636739730835,6.437641172506055
256.30636739730835,6.288946674083954
256.30736684799194,6.1415696631845105
256.30836749076843,5.996585185646249
256.31036949157715,5.8550778105324826
256.3113679885864,5.71779039648485
256.3143684864044,5.584836979437204
256.3143684864044,5.454190619901644
256.31547451019287,5.325347395378433
256.3163661956787,5.1978989461807235
256.318368434906,5.073474111482081
256.319376707077,4.953130612340872
256.3203675746918,4.836611865178903
256.3213686943054,4.7238185423810375
256.3223705291748,4.614306492960161
256.3233687877655,4.50802045916744
256.32440209388733,4.404665946869251
256.32636737823486,4.303840758123798
256.3274872303009,4.205487507323372
256.3283700942993,4.1092167046095085
256.3293671607971,4.015089223445557
256.33036828041077,3.923313602131605
256.33136796951294,3.8338037368482745
256.3323698043823,3.7468734514642628
256.3333683013916,3.662268282917687
256.33536863327026,3.5798135388317265
256.3363788127899,3.499349162102966
256.33736753463745,3.4207101228162893
256.33937335014343,3.34351384316042
256.3403687477112,3.268116382112791
256.3413712978363,3.196782002022884
256.34336733818054,3.1272108358181696
256.3444561958313,3.0623806259080295
256.3444561958313,3.0006149001809836
256.34552001953125,2.939203331531931
256.34736919403076,2.8799763257137045
256.34837532043457,2.823100448660543
256.3493683338165,2.7677257327166185
256.3503677845001,2.7141908410995876
256.3513789176941,2.6625823642111235
256.3523681163788,2.6132987055896284
256.353413105011,2.5668437851729866
256.35536909103394,2.523901928104656
256.35636711120605,2.4843101668784606
256.35636711120605,2.4477041252602025
256.35736775398254,2.4141581895166957
261.9865138530731,2.383842292910651
261.9884424209595,2.3568102377349156
261.99774265289307,2.356264127943569
261.9988534450531,2.3851992188385793
262.0000340938568,2.4185058147813505
262.0010440349579,2.4561826927244406
262.0020432472229,2.4983097757937034
262.0030429363251,2.5447989962480126
262.0041127204895,2.5956593654306714
262.0060439109802,2.650823829241669
262.00649094581604,2.710149355683932
262.00722455978394,2.7732752376134924
262.00923252105713,2.8402222705063473
262.0102324485779,2.910505874460266
262.01125931739807,2.98380535376743
262.0122323036194,3.060113741455122
262.0142319202423,3.1395257174985556
262.0142319202423,3.2216386346218266
262.0172345638275,3.306258026434561
262.0182752609253,3.392880861897133
262.0193028450012,3.481265177806797
262.0202317237854,3.5716548238801766
262.02123498916626,3.6635036727732753
262.0222318172455,3.756275827627565
262.02323842048645,3.8494715098865564
262.02423310279846,3.9433453920654564
262.0252320766449,4.037517312076202
262.02623772621155,4.132138061532636
262.02767872810364,4.226915346501943
262.0296905040741,4.321393166215514
262.0306911468506,4.415426868041437
262.0316927433014,4.50924274261838
262.03269147872925,4.60120344726931
262.034690618515,4.691289583429408
262.034690618515,4.779868819992023
262.0357463359833,4.866689098558088
262.03769183158875,4.951521099533521
262.0386908054352,5.034321738732021
262.03970217704773,5.11495645427268
262.040766954422,5.163882305956295
262.04269099235535,5.208795199961878
262.0436899662018,5.253500638568775
262.0436899662018,5.297855399195503
262.0456929206848,5.342073248034016
262.0476906299591,5.3859702677044226
262.0486912727356,5.429253580317884
262.0506947040558,5.471865105654891
267.67658138275146,5.513765755983545
267.67755150794983,5.555158274552627
267.67849493026733,5.596610372746406
267.6794948577881,5.63589870202987
267.6804950237274,5.638420243736672
267.681494474411,5.622160682647964
267.6824939250946,5.604412025897127
267.68354630470276,5.583301261511252
267.6844964027405,5.558680889962464
267.6844964027405,5.531062413855677
267.6854956150055,5.49993895221499
267.68649339675903,5.4656100537233865
267.68649339675903,5.430680567948652
267.68749356269836,5.392507278918098
267.68849635124207,5.350707068920221
267.68849635124207,5.302057329796311
267.68949365615845,5.246913909575312
267.6904926300049,5.185577907887842
267.69149446487427,5.118997422187593
267.69249415397644,5.046076603060745
267.69249415397644,4.966414627922613
267.6935429573059,4.8793340864933175
267.69449639320374,4.783445004450541
267.695494890213,4.676897931279544
267.696494102478,4.558522387174019
267.6975734233856,4.426939307345338
267.6975734233856,4.282117712346845
267.6984965801239,4.123246651425378
267.7004930973053,3.9490432139126233
267.7015645503998,3.757986290920023
267.70249795913696,3.5501019696094014
267.7034955024719,3.323089174467367
267.7044973373413,3.0778792204375995
267.7044973373413,2.812688334897248
267.7054944038391,2.5286586914161515
273.395898103714,2.4198936884027367
273.3970503807068,2.5949892996958326
273.3980600833893,2.7557522395284315
273.40006017684937,2.91250038679917
273.40105843544006,3.0140579738588533
273.4020574092865,3.04873011935245
273.40405797958374,3.0884206093627924
273.40405797958374,3.1345968360621295
273.4051651954651,3.184431861048722
273.40717673301697,3.254572772813215
273.4081861972809,3.3258465259978274
273.40917682647705,3.3526821208085344
273.4101758003235,3.281358091059268
273.41117572784424,3.200182890959887
273.41217613220215,3.1182092268245936
273.4131762981415,3.0387739590890788
273.4141993522644,2.957523096528425
273.4151785373688,2.881793201704138
273.41617727279663,2.7867551682977996
273.41717767715454,2.686353746586042
273.4181752204895,2.5894097662643225
273.42017817497253,2.491936113015063
273.42117977142334,2.3925285648975416
290.4941232204437,2.8226218218110617
290.49612641334534,3.429437373945429
290.49712467193604,3.8801419350903616
290.49812388420105,4.214725521636895
290.49914741516113,4.468637903115995
290.50012397766113,4.663684618928795
290.50114464759827,4.814290522213795
290.50218319892883,4.930482333115555
290.5031261444092,5.019619468355484
290.5041244029999,5.088524766067446
290.50612473487854,5.141435620900758
290.507128238678,5.182747783286106
290.50812339782715,5.2138119376974075
290.5091233253479,5.240419167292904
290.5101275444031,5.259625769522487
290.5111241340637,5.272977922420368
290.512127161026,5.281987907994153
290.5131244659424,5.287823619283969
290.51412653923035,5.2912685020682515
290.51512598991394,5.292297972767428
290.51712799072266,5.290933459054586
290.5191261768341,5.2876077921878695
296.1602165699005,5.282942611825178
296.1612193584442,5.277000839932223
296.16224241256714,5.270379538679404
296.16224241256714,5.263162162454875
296.16329431533813,5.255590012997522
296.1642243862152,5.2473942677664525
296.1642243862152,5.2385323511645225
296.16522574424744,5.229610028836979
296.1662254333496,5.220364564024101
296.1662254333496,5.211100299092196
296.1672248840332,5.2021774267399445
296.16822481155396,5.193762203143773
296.16822481155396,5.101785694498976
296.16922426223755,5.006463030973614
296.1702256202698,4.909292398354827
296.1713516712189,4.811004751343889
296.17241191864014,4.711358711666236
296.17241191864014,4.610394144382837
296.1733589172363,4.508799747545762
296.17536067962646,4.407215024490416
296.17536067962646,4.3066634350125375
296.17686700820923,4.2058613254359285
296.17787528038025,4.106258991636863
296.1788830757141,4.008642423707417
296.1788830757141,3.9115216135174395
296.18059968948364,3.81538906962335
296.1816077232361,3.7201063222844177
296.1826090812683,3.626179271654412
296.18360781669617,3.5336943218300476
296.18460726737976,3.4425893160657486
296.1856572628021,3.3528568811960318
296.1876096725464,3.2647085785673657
296.1886098384857,3.1781731630082417
296.1896092891693,3.0932657604121148
296.1896092891693,3.0096631308071404
296.19100189208984,2.927571743163665
296.19301176071167,2.8470704546169663
296.19301176071167,2.7676576479233392
296.19427490234375,2.68919059156562
296.19628071784973,2.612021954991787
296.19729232788086,2.535970110814252
296.1983530521393,2.4615159101565727
296.1992824077606,2.3882314533432263
307.5765452384949,2.3666832802298847
307.57854771614075,2.4542065072497365
307.57854771614075,2.5416993312551903
307.5796811580658,2.6291140758852993
307.5805468559265,2.7162849720177453
307.581547498703,2.8025574789006216
307.58254623413086,2.8882740923961676
307.58354926109314,2.9735442996569073
307.5845468044281,3.058238288282873
307.58554768562317,3.1419984976804374
307.5865476131439,3.2247521502579217
307.58754539489746,3.3063049246657936
307.5885455608368,3.3863384167519426
307.5905466079712,3.4655375688067775
307.5915503501892,3.5436915453789135
307.5921165943146,3.620302568822916
307.5931239128113,3.695723045090877
313.2319538593292,3.7694875713388467
313.2329568862915,3.8416500480326294
313.2339594364166,3.9122451113101766
313.23495984077454,3.980776458069529
313.235955953598,4.047586614404305
313.2369554042816,4.112485628831266
313.23795914649963,4.175501114622797
313.2389554977417,4.236936952528907
313.23995780944824,4.296460103946335
313.24101638793945,4.3541710026767895
313.24101638793945,4.409982790726895
313.24201130867004,4.464328220419763
313.2429563999176,4.516850473142854
313.2439544200897,4.567567507937803
313.24495363235474,4.616482468947654
313.2457299232483,4.663638184349016
313.2467460632324,4.709231749037426
313.2477447986603,4.752979620521407
313.24875020980835,4.795525890223073
313.24875020980835,4.767924811663194
313.2497763633728,4.715038274986379
313.25074577331543,4.660355327925256
313.251752614975,4.604073216793926
313.2527461051941,4.546080478699276
313.2537474632263,4.486215177637197
313.2547461986542,4.424884659259749
313.2557473182678,4.361843135674568
313.2567467689514,4.297200913943385
313.2577452659607,4.231246441030951
313.25874495506287,4.163731961956527
313.25874495506287,4.0951515467704604
313.2597463130951,4.025257644545564
313.260746717453,3.9549980500930224
313.26174783706665,3.883527555623561
313.2624080181122,3.8109074144454893
313.26457476615906,3.7374038227540547
313.26557302474976,3.663354193913753
313.2665755748749,3.589606934706628
313.2675795555115,3.5157911375082964
313.2695744037628,3.4407098171755632
313.2697796821594,3.36517322067424
313.2708885669708,3.287915890102794
313.2718861103058,3.2100415699747122
313.2738769054413,3.133917478484218
313.2748758792877,3.058499773004756
313.2759199142456,2.9822556559598397
313.27687764167786,2.9058227228292903
313.27787590026855,2.829653592593217
313.27888774871826,2.7539414112466525
313.2808771133423,2.6787238861065052
313.2818751335144,2.6044112607256196
313.28288221359253,2.5310625461880516
313.28288221359253,2.4583955468446663
313.28488183021545,2.3866872444988116
318.9804310798645,7.82090745147311
318.98143124580383,8.109370256742816
318.982430934906,8.363411775637609
318.9844353199005,8.588090098078066
318.985431432724,8.78756314914012
318.9864718914032,8.964709845536364
318.98843216896057,9.122125342970977
318.98943185806274,9.26253647504351
318.99043560028076,9.38789144886567
318.9934322834015,9.499754020887844
318.99444460868835,9.599094265665181
318.99542808532715,9.687387983614078
318.99643111228943,9.766373597828997
324.6385028362274,9.835768208739095
324.63949370384216,9.897353418890381
324.6404812335968,9.951210084418578
324.641478061676,9.998703393021641
324.6424751281738,10.040103379847892
324.64347743988037,10.076371123115452
324.6444776058197,10.108067779887437
324.6454744338989,10.133649397802746
324.64647674560547,10.153038774660985
324.64647674560547,10.166251828277181
324.64755177497864,10.173386680920865
324.64847469329834,10.173833361423883
324.64947509765625,10.167986927402854
324.65047669410706,10.155402352673393
324.65247535705566,10.136552063083622
324.6534757614136,10.111061876808451
324.655877828598,10.077762883716142
324.655877828598,10.036159485373775
324.65887808799744,9.985727410264143
324.6598732471466,9.926643078862492
330.35523796081543,2.3446495476020712
330.3562331199646,2.408078447767276
330.3572371006012,2.4740875984520594
330.35922956466675,2.5431191469336962
330.3603241443634,2.6145767018765063
330.36123752593994,2.6879002361381477
330.3632323741913,2.764473169887047
330.3643217086792,2.8442535362186536
330.3652300834656,2.9272351489576525
330.3662745952606,3.0137544196105464
330.36823058128357,3.1034452498760228
330.3693091869354,3.1946506764540272
330.37022972106934,3.2888204970044685
330.3712320327759,3.3857004411987357
330.3723087310791,3.485080486161223
330.3733367919922,3.587207404902414
330.3742308616638,3.6923407329103446
330.37523102760315,3.7997492115288893
330.37630009651184,3.9091052146804905
330.37737488746643,4.02043386778395
330.37846970558167,4.134000302839455
330.3794860839844,4.24993320782652
330.38055205345154,4.367799427642407
330.3814697265625,4.487708003055195
330.38346886634827,4.609357321299455
330.3844714164734,4.73344785294192
330.3854994773865,4.860003685816333
330.3865158557892,4.989030804328279
330.3875172138214,5.119969419955868
330.3885636329651,5.251772113707444
330.38951563835144,5.3853220920344755
330.3905186653137,5.504700276646364
330.3915193080902,5.627092923793093
330.39351749420166,5.754356857450186
330.39351749420166,5.887054129750913
330.3955523967743,6.0251092973686236
336.0139298439026,6.168254985591946
336.01493215560913,6.317072854364028
336.01592993736267,6.4713370435924675
336.0169327259064,6.631014413588197
336.0175654888153,6.7968070106423175
336.01843667030334,6.9685452050174765
336.01960158348083,7.14346444162002
336.0205864906311,7.30781770886977
336.02151131629944,7.460419063394237
336.0225121974945,7.602680284507802
336.0235126018524,7.735265854540806
336.02451181411743,7.859055627825574
336.0255117416382,7.974745808597684
336.0255117416382,8.084215760448139
336.0265100002289,8.187123155670367
336.02750849723816,8.282483843877502
336.0285098552704,8.372349676102596
336.02962350845337,8.457128687640278
336.02962350845337,8.537588574662353
336.03052258491516,8.614521171747077
336.0315103530884,8.685703485585275
336.03252363204956,8.753999694758946
336.03350925445557,8.818634085142552
336.0345094203949,8.879892113919007
336.0355169773102,8.939105779354179
336.03651189804077,8.994548669452593
336.03750944137573,9.048658236657944
336.0386345386505,9.100895507923642
336.03896403312683,9.15009051809255
336.040691614151,9.197714548642995
336.0416910648346,9.243903588902906
336.0416910648346,9.288447235995747
336.04469299316406,9.331638228797324
336.0456941127777,9.373373196837843
336.04669213294983,9.413685022606213
336.04669213294983,9.452631172402745
336.0486936569214,9.49013736253662
336.0496971607208,9.525943756572893
336.0506920814514,9.560104377960009
336.0527789592743,9.592815068170548
336.0548412799835,9.624254850784899
336.0548412799835,9.654495815354238
336.05678033828735,9.68374773595726
336.05778074264526,9.711994768893767
336.05977869033813,9.739245578144747
336.06078124046326,9.765661074026886
336.0617802143097,9.791463443306395
336.0627815723419,9.816704217868272
336.063777923584,9.841271019310021
336.0647804737091,9.865274991000675
336.0658223628998,9.888581241134943
336.06686782836914,9.911724873152496
336.06777834892273,9.93485891569472
336.06977796554565,9.957716567762002
336.0707814693451,9.980350213373587
336.0717890262604,10.00301866915944
336.0735948085785,10.025980232896186
336.0745961666107,10.049491543947898
336.0756034851074,10.073671905788327
341.71152448654175,10.098598341897564
341.7125265598297,10.124342705082082
341.7125265598297,10.150880090414093
341.713552236557,10.178477749771632
341.7146809101105,10.207159534539926
341.7146809101105,10.236909304072874
341.71575832366943,10.267732752575444
341.7166864871979,10.299849472981487
341.7176878452301,10.333218536017466
341.71868777275085,10.368250586980166
341.719687461853,10.404822339500662
341.719687461853,10.442933627940654
341.7216854095459,10.482509325617736
341.7216854095459,10.523921614666897
341.72268772125244,10.567215953653205
341.72368907928467,10.611988943397856
341.7246894836426,10.658637917287567
341.72568917274475,10.707720165468823
341.7266902923584,10.75890712053362
341.72768807411194,10.811852209058733
341.72868824005127,10.866649191803694
341.72868824005127,10.92345365931012
341.72968888282776,10.981014587390337
341.73069047927856,11.040652991471271
341.731689453125,11.10119500191087
341.7326889038086,11.164441872022927
341.7336871623993,11.229732220678596
341.7346911430359,11.298952115997812
341.73568892478943,11.37155224812726
341.7366874217987,11.447609578041579
341.73768758773804,11.528128776516722
341.7386863231659,11.613074133497664
341.7386863231659,11.707487145419996
341.7398588657379,11.771131840946326
341.740868806839,11.830051061429781
341.7418670654297,11.889692865761974
341.74294257164,11.950399406634672
341.74386644363403,12.012680638286074
341.74486804008484,12.077507438490288
341.7458665370941,12.14492935826787
341.7478680610657,12.215361393476439
341.74886894226074,12.291105613538583
341.74986600875854,12.37240985974375
341.7508671283722,12.459413169489022
341.7528669834137,12.553593664513842
341.75387263298035,12.654840167575939
353.17136430740356,2.425706779726445
353.17236328125,2.510894641066043
353.1734082698822,2.597270032872646
358.7869915962219,2.686713304274988
358.7899901866913,2.7807198986949384
358.79098892211914,2.879183263307916
358.7919924259186,2.978403136210757
358.7919924259186,3.0774835190639096
358.7929947376251,3.1756119873924953
358.7939896583557,3.2742039821980127
358.794992685318,3.3752436945194333
358.7960407733917,3.4795114990816414
358.7969927787781,3.58740779436942
358.79799008369446,3.697918252120248
358.7989933490753,3.8101237689677623
358.7999920845032,3.923212921666837
358.80099177360535,4.0362981174461385
358.8019931316376,4.149379884882366
358.80304050445557,4.262444621612957
358.8039917945862,4.375617216614487
358.8049895763397,4.48893615543016
358.8059904575348,4.60230500295363
358.80799102783203,4.715383035276966
358.8089933395386,4.826894663964787
358.8089933395386,4.936697319879342
358.80999279022217,5.044624074572399
358.8109884262085,5.142990596692314
358.81299352645874,5.2298649206662775
358.81299352645874,5.315844600244574
358.8139910697937,5.401336068544633
358.8149893283844,5.4862987059902775
358.8159909248352,5.570455952447648
358.8169906139374,5.653455090285913
358.81799507141113,5.73462386086828
358.81850266456604,5.812674985223764
358.8196134567261,5.887603993823714
358.8216152191162,5.95931025735376
358.82268142700195,6.027626907628333
358.823614358902,6.092260486845927
358.82562613487244,6.152699351456181
358.8266251087189,6.209540938551466
358.82695841789246,6.262636409959301
358.8280613422394,6.311747743645006
358.829048871994,6.357374225735566
358.830050945282,6.399549607766673
358.8310537338257,6.437800150149154
358.8332073688507,6.472472378994321
358.83421754837036,6.482252640600129
358.83521723747253,6.482875192563175
358.83622097969055,6.481346576900463
358.8372163772583,6.477380046371627
358.83821511268616,6.471009433650418
358.83921480178833,6.4613399944440735
358.83988523483276,6.448878540165742
358.84089517593384,6.433439448253288
358.84289360046387,6.4151181067123
358.84289360046387,6.393067246898369
358.8438935279846,6.367500278947737
358.8458950519562,6.338218651053706
358.84689927101135,6.30524843362611
358.8478934764862,6.268370825801148
364.48404717445374,6.227109528251227
364.4860427379608,6.181417683611768
364.48710322380066,6.130249996232187
364.48710322380066,6.073770867308321
364.4880402088165,6.013281774754935
364.49004316329956,5.946362898587046
364.4910407066345,5.8724281095474655
364.49204206466675,5.791111262485886
364.49204206466675,5.702914068451972
364.4930398464203,5.6081001682823794
364.49504685401917,5.507574000617478
364.49504685401917,5.4013303402133
364.49603962898254,5.2870269435722985
364.4970462322235,5.16402302760438
364.49904584884644,5.032457805230037
364.50006079673767,4.891795777751121
364.50006079673767,4.7415948307204765
364.50105381011963,4.581892503500477
364.50305438041687,4.412186892745721
364.5040509700775,4.232658235837309
364.505047082901,4.043541203127292
364.5060474872589,3.844826180446768
364.5070478916168,3.636439031724544
364.5080511569977,3.4192969252738425
364.5091118812561,3.1941512076111143
364.5091118812561,2.9616132140492284
364.51004576683044,2.7221708338424384
364.51204657554626,2.4771201247904004
387.26563453674316,16.706048784709328
387.2666451931,16.694683707990364
387.26763463020325,16.684491600857278
387.268634557724,16.675549390318736
387.268634557724,16.66823132672187
387.26963472366333,16.66300324608996
387.27063751220703,16.659997393872924
387.27163648605347,16.659849608564304
387.2726380825043,16.662946365941384
387.27363657951355,16.669387454900388
387.27463698387146,16.679550441433918
387.2756404876709,16.69392472840916
387.27663707733154,16.712659065452616
387.2776358127594,16.735982179993073
387.2786364555359,16.764090133317833
387.27963876724243,16.79690775627332
387.2806384563446,16.83448954763565
387.2816379070282,16.877478864533117
387.28364086151123,16.924854420009762
387.28364086151123,16.976538737060192
387.28465580940247,17.03213223689694
387.2856242656708,17.091180442806674
387.28663325309753,17.153134185101326
387.2876343727112,17.217885486034763
387.28863430023193,17.28423876741207
387.2896327972412,17.351784310968064
387.2906334400177,17.41996104884579
387.2926344871521,17.4884572392416
387.2926344871521,17.5567963538156
387.29367661476135,17.62445726886716
387.2956340312958,17.69115618088213
387.2966330051422,17.75607212095402
387.2966330051422,17.819256672828274
387.2986388206482,17.880580755729408
387.3006520271301,17.939514877368197
387.30163288116455,17.996108508497624
387.30163288116455,18.050412881771123
387.3026945590973,18.102504250969695
387.30463433265686,18.15242206105769
387.3056344985962,18.200015364819297
387.30674958229065,18.245475622939374
387.3076345920563,18.288943936217237
387.3086335659027,18.330602399471793
387.30963373184204,18.370622872264942
387.30963373184204,18.40920597828025
387.3106722831726,18.446693680494832
387.31263494491577,18.483224206055812
387.31363582611084,18.51892584031415
387.3146333694458,18.553801239311642
387.31663393974304,18.587892994606968
387.31769919395447,18.62131120046966
387.31864523887634,18.654052026215567
387.31864523887634,18.68615666596306
392.9586944580078,18.717530810622005
392.9596095085144,18.7482329731071
392.96061062812805,18.777908986631047
392.96162128448486,18.806509845514046
392.9626784324646,18.833781954476887
392.9636104106903,18.8595735810949
392.9646108150482,18.88352932443363
392.9656090736389,18.905537391758966
392.9666085243225,18.92550837644237
392.9676103591919,18.943154796773868
392.96861267089844,18.958195199566784
392.96961069107056,18.97068011643945
392.97160959243774,18.97992975328765
392.97160959243774,18.985139696541896
392.97261214256287,18.986698484335495
392.973610162735,18.98500444503774
392.9746096134186,18.980318220676633
392.97560930252075,18.973541602867698
392.97665643692017,18.963122869277154
392.9776101112366,18.95063057598914
392.978609085083,18.93599564276008
392.9796097278595,18.918030911838127
392.98061299324036,18.89740778068805
392.98165702819824,18.87413334996573
392.98360896110535,18.848825145781742
392.98360896110535,18.821768950015656
392.9846103191376,18.79327442334739
392.9856104850769,18.76325651376347
392.98661041259766,18.73176527865155
392.987610578537,18.699077818251546
392.987610578537,18.665522170493386
392.98861384391785,18.63130924363066
392.9906098842621,18.596017532243614
392.9916136264801,18.559785676476498
392.9916136264801,18.52264382607949
392.9926085472107,18.485144635090403
392.99361085891724,18.44700083172535
392.9946105480194,18.408152689936934
392.9956192970276,18.36876907754423
392.9966096878052,18.328501764193398
392.99765372276306,18.28775612602824
392.99961256980896,18.246474906787324
393.0006103515625,18.204152454216583
393.0006103515625,18.159892540715404
393.0016348361969,18.114058101549734
393.00361227989197,18.066824092779584
393.0046112537384,18.01843698251058
393.0056824684143,17.968984739468137
393.0056824684143,17.918369538450882
393.007611989975,17.866711892722286
393.0086278915405,17.81367808205536
393.0096092224121,17.7590161372226
393.01060962677,17.70272603691111
393.01161074638367,17.645009010588378
393.0126099586487,17.58620672587316
393.0136501789093,17.526515291060047
393.01660919189453,17.46606761923813
393.01660919189453,17.40513141345317
398.66418409347534,17.344047753309013
398.6651086807251,17.283241577983894
398.6661093235016,17.22318909209644
398.667111158371,17.164372876923395
398.667111158371,17.10729911183237
398.66812324523926,17.052431557345283
398.6691174507141,17.000176531610894
398.6691174507141,16.950852758783896
398.6701109409332,16.904566188236664
398.67111110687256,16.86150059142289
398.6721134185791,16.82168453324943
398.6741132736206,16.78534773322599
398.6751124858856,16.752070561066375
398.67711210250854,16.72153567519709
398.6781122684479,16.693417203856217
398.6791112422943,16.66713079359159
398.68010997772217,16.64230282355488
398.68111181259155,16.61865477753738
398.68311071395874,16.59573735578501
398.6841096878052,16.5730030961545
398.688113451004,16.550115027818585
398.688113451004,16.526820873916208
398.6911108493805,16.502834880168756
398.6921103000641,16.47807403862122
398.6941111087799,16.45249682811981
398.6951105594635,16.426100896815687
398.6961119174957,16.396344332985937
398.69810938835144,16.358708983964494
398.6991093158722,16.320665760822816
398.70010900497437,16.282817796496722
398.70211148262024,16.245522453459323
398.7041103839874,16.209242118543266
398.7041103839874,16.174362666961155
398.7061114311218,16.14132235414496
398.70811104774475,16.110564818991996
404.39789485931396,2.3762680582757167
404.4009003639221,2.4489235084681678
404.4049017429352,2.5191728256831905
404.40691447257996,2.58714968625768
404.4090530872345,2.653497482598582
404.409907579422,2.7195424238143704
404.4119017124176,2.7841125712703105
404.41389560699463,2.846616246935732
404.4159071445465,2.9069686581033554
404.41689801216125,2.9670410374397003
404.4178931713104,3.0257006948506264
404.41989731788635,3.0836099159094057
404.4208941459656,3.1415198695936652
404.4218990802765,3.1982746286063306
404.4228959083557,3.255722512911542
404.42389726638794,3.223925936375443
404.4248983860016,3.1395187745682374
404.4259762763977,3.0552010799433957
404.426894903183,2.969824417261797
404.42789673805237,2.8828543572107117
404.4288983345032,2.794338717276549
404.42989468574524,2.704381126742351
404.43091654777527,2.612579712243454
404.4329044818878,2.518847041099802
404.43389678001404,2.423748684254662
415.7437205314636,2.403742480629224
415.7456533908844,2.506608609042309
415.7467269897461,2.6100031496525764
415.7467269897461,2.7130500244269267
415.7477810382843,2.8145110191103746
415.7496500015259,2.9154460378532403
415.7506482601166,3.0152615919446926
415.7516484260559,3.1148600089167804
415.7527205944061,3.213231971437669
415.7536475658417,3.309196081746425
415.75464940071106,3.4050781141195245
415.75576615333557,3.50327479724044
415.7567858695984,3.595986411195323
415.7577791213989,3.682489816012514
415.7587764263153,3.7633486026456078
415.759774684906,3.8214745280379376
415.759774684906,3.878364372162805
415.7607772350311,3.831834710469516
415.76277565956116,3.776269083876641
415.76377391815186,3.717031786402627
415.76477122306824,3.655945404906832
415.76477122306824,3.5934551325800745
415.7667770385742,3.528832843201638
415.7677791118622,3.4625814349806676
415.7687735557556,3.395240451479217
415.7687735557556,3.3259201141767143
415.7697741985321,3.2542764819677235
415.77084589004517,3.1800496916012375
415.7727761268616,3.104553674258092
415.7727761268616,3.0267308941826756
415.77478432655334,2.946953602934731
415.77577567100525,2.8662371597511123
415.77677512168884,2.78265148248255
415.7777750492096,2.6968789611799493
415.7787756919861,2.6118424697789195
415.7797739505768,2.5253692298207726
415.7797739505768,2.4374972605349274
415.78110241889954,2.347595367478394
432.8601839542389,2.4347499404252004
432.86118745803833,2.7586701326622065
432.86229515075684,3.0612093823453708
432.86319494247437,3.341050692294789
432.8651850223541,3.5983467223828476
432.8672001361847,3.834077392133499
432.8681848049164,4.048489698998923
432.8691840171814,4.2445787787486315
432.87018370628357,4.423911887542564
432.8711829185486,4.587638912986639
432.8731858730316,4.737197432175955
432.8741862773895,4.873574513860834
432.8741862773895,4.97416221123311
432.87534761428833,5.05485312134508
432.8771824836731,5.130107547057595
432.87818455696106,5.200195897299946
432.87925148010254,5.265443251770898
432.8803241252899,5.326591559857893
432.8811831474304,5.382973254074119
432.8821859359741,5.434306535434439
432.88318514823914,5.481125648547645
432.88419699668884,5.524149994283447
432.8851857185364,5.563296117592068
432.8861827850342,5.598699091480198
432.88718247413635,5.630026156185393
432.88818550109863,5.659262691942393
432.890184879303,5.684636500951209
432.890184879303,5.706348917695819
432.8912615776062,5.7247321893670655
432.8919312953949,5.740794434665013
432.89394068717957,5.753573587839485
432.89612889289856,5.763457972968921
432.8981297016144,5.7731827537526845
432.9001317024231,5.781661853605709
432.9001317024231,5.789430998019892
438.5194342136383,5.7958205753652585
438.5204339027405,5.787037914303312
438.5214340686798,5.7407248124044665
438.5214340686798,5.692894163304853
438.52243423461914,5.643321059721369
438.52343463897705,5.59186488367623
438.5244345664978,5.5389289227299505
438.52543544769287,5.484603142403778
438.5264377593994,5.429632739431032
438.5264377593994,5.375625112415852
438.527450799942,5.3225799233926345
438.52843594551086,5.270780047328331
438.52943897247314,5.221005065893674
438.53143763542175,5.173575861593935
438.53244066238403,5.128181585346861
438.5344364643097,5.084818216737269
438.53543853759766,5.043908890066743
438.53543853759766,5.005649909056833
438.5364375114441,4.970473603820872
438.5384383201599,4.9385973396829925
438.53943705558777,4.910448199797464
438.5404372215271,4.886146622611056
438.5414900779724,4.865793870969028
438.54243659973145,4.849716809576695
438.5434446334839,4.837858530211429
438.54443860054016,4.830434471402019
438.5454375743866,4.827516123758044
438.5470335483551,4.829075847230713
438.5480341911316,4.835198603058734
438.5490975379944,4.845774551495843
438.55103397369385,4.860901101181294
438.55203437805176,4.880398885912771
438.55303287506104,4.9041960451452375
438.55303287506104,4.93221155840483
438.555034160614,4.96436615675266
438.5560348033905,5.0005687681362065
438.5570545196533,5.040568037835904
438.55805563926697,5.08412218686471
438.55910301208496,5.131013848416822
438.56003618240356,5.1810228389642115
438.5611536502838,5.233802196923033
438.5620334148407,5.288985525285906
438.56305718421936,5.346212877620111
438.56503200531006,5.40525415586655
438.56503200531006,5.465790641354739
438.5660398006439,5.5273940873818574
438.56705355644226,5.58969212450915
438.5690357685089,5.652285938218135
438.5690357685089,5.714694955185072
438.5700771808624,5.776701368535427
438.5720319747925,5.8378909764891835
438.57308292388916,5.897932520424273
438.57308292388916,5.956609128292539
438.57411551475525,6.013569571691804
438.5751950740814,6.068562684071865
438.57734727859497,6.121471605684314
438.57836270332336,6.172110931247003
438.57947421073914,6.205027618730879
438.58034896850586,6.2262285729689815
444.2127728462219,6.247029362953955
444.2137756347656,6.267158417321712
444.2137756347656,6.286490905232818
444.21483850479126,6.304949647785602
444.2157738208771,6.3223556550826014
444.21678853034973,6.338519049260908
444.2177827358246,6.353263049402813
444.21877431869507,6.3664506840256925
444.2207751274109,6.378146594637257
444.22177743911743,6.38811113434852
444.2227792739868,6.396346158154092
444.2238395214081,6.402619479957158
444.2257721424103,6.406857953538152
444.22677397727966,6.408872649486512
444.22677397727966,6.409001949395777
444.22777223587036,6.407157889497707
444.22977328300476,6.403355803242611
444.2307734489441,6.397660789194375
444.23177218437195,6.390213034990726
444.23369550704956,6.381151901491545
444.23469710350037,6.359866688782309
444.23769640922546,6.324874402086647
444.2386975288391,6.2867144857034685
444.2386975288391,6.245634761547642
444.2396948337555,6.201561172449255
444.24169731140137,6.1546178217624785
444.2427008152008,6.104713451960875
444.24369645118713,6.0519468629372275
444.24469661712646,5.996510486652389
444.2456977367401,5.9385336466070555
444.2467279434204,5.877976496018394
444.247740983963,5.81487913480268
444.24969696998596,5.749445476390579
444.25069856643677,5.681744321231514
444.25169491767883,5.6118883270978275
444.2527108192444,5.5401886328155205
444.2537696361542,5.466687387146206
444.2547013759613,5.391574873853398
444.2556974887848,5.315017165066141
444.2556974887848,5.2372773229070395
444.25678849220276,5.1586847230613975
444.25796818733215,5.079501427164484
444.2599651813507,4.9998539655296295
444.2610604763031,4.92005598568586
444.2629654407501,4.840324319450364
444.26396346092224,4.760973286195219
444.2649986743927,4.682575529007876
444.2649986743927,4.6055852040932415
444.26710748672485,4.530139471957299
444.26810908317566,4.456368398146366
444.269104719162,4.384899394904241
444.27010345458984,4.3157382170681196
444.2711081504822,4.249256789974156
444.27210998535156,4.185619857865386
444.2731053829193,4.124781277077653
444.2741754055023,4.067233917697866
444.27610778808594,3.957959393940373
444.2771053314209,3.8490779360630447
449.91114139556885,3.741404680516576
449.91114139556885,3.6350806318978113
449.912141084671,3.5305037277691134
449.91316652297974,3.4280435559971045
449.9141421318054,3.3277514500143477
449.91445994377136,3.2300944204014486
449.9154722690582,3.1356959814696146
449.91647028923035,3.043996632976566
449.91747212409973,2.9563304203020038
449.91846895217896,2.8743710793835984
449.91952204704285,2.796090836086602
449.91952204704285,2.721910269494625
449.9208354949951,2.6515688444468313
449.9218451976776,2.583936362030277
449.9228446483612,2.520778639618126
449.9238455295563,2.4623106999207356
449.92502760887146,2.4084810212824226
449.926043510437,2.3595809075731347
449.94765615463257,2.394587930069083
449.9486539363861,2.451949765222709
449.95065903663635,2.513617045389779
449.95065903663635,2.579555283745741
449.9516541957855,2.6490912089458805
449.9525022506714,2.7221388806442572
449.95352387428284,2.7979779749556823
449.9545187950134,2.8765716696282273
449.95553183555603,2.957636854814075
449.9566433429718,3.0407216560425088
449.95751905441284,3.1253987665450595
449.95951867103577,3.211178624972172
449.96052145957947,3.297995988421659
449.963529586792,3.3853119713989415
449.96451807022095,3.471987269800799
449.9655194282532,3.5593633620645035
449.966521024704,3.644861929131534
449.96751976013184,3.7294862789074656
449.9685311317444,3.8136070929694905
449.9705173969269,3.897167340292323
449.971519947052,3.979900685651478
449.9726228713989,4.061373563121903
455.6016597747803,4.141200299610901
455.6033065319061,4.219111619212067
455.6033065319061,4.29516195017685
455.6042833328247,4.3687729240739595
455.60523223876953,4.4405988271933525
455.6062672138214,4.509479177191075
455.6072795391083,4.575920514569727
455.6082274913788,4.64012214391132
455.6092255115509,4.702331908730455
455.61026644706726,4.762955706125791
455.61122584342957,4.822491014983974
455.6122262477875,4.880402805629975
455.6122262477875,4.935102296362654
455.61330556869507,4.987546832096028
455.61422514915466,5.039213660539426
455.6156859397888,5.0687123756039085
455.6156859397888,5.07926343012255
455.6170802116394,5.089594448030277
455.61818075180054,5.099935520956051
455.61818075180054,5.10940907016751
455.6191771030426,5.06056668489063
455.62017607688904,5.009330914405723
455.6212193965912,4.955661367186594
455.6212193965912,4.899850417945753
455.6222701072693,4.842234684401112
455.62317657470703,4.7822591311885105
455.6241762638092,4.719726913882948
455.62517523765564,4.654639659582601
455.62617468833923,4.587414447273234
455.6271815299988,4.517900899235227
455.6281769275665,4.445860691732575
455.6291823387146,4.371305196185513
455.63029193878174,4.293741173060722
455.6311762332916,4.213622420547334
455.6324861049652,4.131550332935994
455.63392329216003,4.048181302245376
455.63499116897583,3.9632656734167186
455.6359212398529,3.876643729493882
455.6369216442108,3.7880014592589104
455.6379201412201,3.6970259793453932
455.6399221420288,3.6038784815156806
455.640930891037,3.5089782609028877
455.64201760292053,3.412301859432394
455.6430296897888,3.313307920022219
455.6449875831604,3.211733279613071
455.6460244655609,3.1080243830673258
455.6470355987549,3.0027844127178307
455.64899921417236,2.8954503030564847
455.64999747276306,2.786102693607334
455.6511461734772,2.674947202934292
455.65212750434875,2.5625062958538627
455.65299940109253,2.4487844103373146
472.69188690185547,20.9585287457986
472.69188690185547,20.943069308965274
472.6928884983063,20.93402925888247
472.6939594745636,20.930613040384223
472.6948890686035,20.931959185334676
472.69589400291443,20.93674695194614
472.69688987731934,20.944332117886614
472.69811940193176,20.954406052357232
472.69811940193176,20.966370642217953
472.69974517822266,20.97776069459927
472.70126032829285,20.988768739030295
472.7017676830292,20.999425760489665
472.70277857780457,21.010136236921177
472.70407223701477,21.017847709070278
472.7051320075989,21.02327811020484
472.7051320075989,21.027983220526966
472.7069230079651,21.026535818428044
472.707932472229,21.02675540537983
472.70896339416504,21.026748371113992
472.70993280410767,21.026334267821106
472.710932970047,21.025731054059424
472.71193051338196,21.025327263679394
472.7139320373535,21.024950598274337
472.7149314880371,21.027426814010994
472.7159683704376,21.03202863295693
472.7159683704376,21.03887012396615
472.71794295310974,21.048168047447522
472.71794295310974,21.063431174125025
472.718932390213,21.08174429424708
472.7200388908386,21.09542463359707
472.7210555076599,21.1042353341253
472.72217631340027,21.113556719497335
472.7232699394226,21.121899027009515
472.7232699394226,21.12915788492876
472.72427797317505,21.134294257602573
472.72552824020386,21.137349854898744
472.7265374660492,21.13754142781995
472.7275357246399,21.134325630875892
472.7283730506897,21.13385107144902
472.72938776016235,21.124463031060568
472.73038625717163,21.115459236283876
472.7313938140869,21.102553853843652
472.73338985443115,21.091016330140853
472.73444747924805,21.056617009220304
472.7353868484497,21.03416516844564
472.7363851070404,21.01391865851381
472.73741483688354,20.99045025679464
478.37906670570374,20.972295253360652
478.3800699710846,20.9722395911889
478.3810067176819,20.98011330568917
478.3820059299469,20.998997102211458
478.3830044269562,21.040133488965463
478.38405418395996,21.09731585215709
478.3860065937042,21.13678809457066
478.38700795173645,21.182325072373406
478.3880031108856,21.236875329073516
478.3890027999878,21.299890445858704
478.3890027999878,21.36598900554072
478.39000487327576,21.434510505014767
478.3910028934479,21.505700985734048
478.3920028209686,21.576297388802804
478.39300441741943,21.645600296335886
478.3940794467926,21.71180538630398
478.3950023651123,21.775442958742996
478.3960020542145,21.835974397848997
478.3970446586609,21.891636573914436
478.3980031013489,21.941728654725082
478.3980031013489,21.98673929510179
478.39900159835815,22.028668713227468
478.4000012874603,22.06647449356685
478.40100383758545,22.099681478859637
478.40300369262695,22.129619067443507
478.404004573822,22.15649026581395
478.4053716659546,22.180703608092937
478.4063866138458,22.202795769527594
478.4073808193207,22.224206771935712
478.4083836078644,22.24427451410402
478.40938115119934,22.264300225661867
478.4103813171387,22.284524553941136
478.41137957572937,22.30566939427083
478.4123811721802,22.327848804455115
478.413382768631,22.35185712286373
478.41438007354736,22.377923595674304
478.4153802394867,22.4062781226749
489.79486441612244,2.3759491920017783
489.79587483406067,2.4612381477628587
489.7968809604645,2.5440533213959475
489.7978675365448,2.630841134978642
489.79986906051636,2.7177343188609218
489.80186104774475,2.8068841022146644
489.80286049842834,2.894656526309396
489.8058624267578,2.9846264581709145
489.8068616390228,3.0760097046816557
489.8078625202179,3.1676496104748297
489.80886006355286,3.260512719045432
489.81086230278015,3.354288040919883
489.81186413764954,3.448359922635258
489.81287837028503,3.5424399508031095
489.8148648738861,3.635637496118622
489.81586599349976,3.690164171536277
489.8179805278778,3.745641196477134
489.81887221336365,3.8038640126917467
489.8198730945587,3.8641558210429827
489.8210201263428,3.9283037163115857
489.8210201263428,3.994672344426469
489.82212352752686,4.0632566326017105
489.8237900733948,4.1342180117702805
489.8248016834259,4.205228208642745
489.8258080482483,4.277950466376487
489.8268029689789,4.351870572495997
489.8278257846832,4.426474009427844
489.8288052082062,4.501215630504105
489.8298530578613,4.5761211559393
489.83180236816406,4.651183112368495
489.832802772522,4.725829166053902
489.83379793167114,4.799467523781926
489.8347988128662,4.87180264597382
489.8358075618744,4.943019176859972
489.8368012905121,5.012816522792471
489.83779883384705,5.080836047740895
489.8398013114929,5.146810738059995
489.8408319950104,5.210663090811242
489.84179973602295,5.272336934025146
489.8428874015808,5.331587452330034
489.8428874015808,5.3883781600975995
489.84480810165405,5.442616449834397
489.84586238861084,5.494301492051771
489.84680557250977,5.543338067631544
489.84680557250977,5.5897198335681475
489.84780287742615,5.633447006308412
495.4706928730011,5.6744785666542965
495.47172474861145,5.712907469736824
495.4726917743683,5.748645616352389
495.4736895561218,5.78178132736751
495.47469210624695,5.812354937983651
495.4756917953491,5.84042922806889
495.47675943374634,5.866064588107564
495.47869420051575,5.8893653874218606
495.4797012805939,5.910386867350693
495.4806921482086,5.929202625852784
495.48200130462646,5.9292026983051915
495.4830114841461,5.907023025257567
495.4840109348297,5.8834082450900285
495.48501420021057,5.858369956146571
495.48601603507996,5.831934334893146
495.4870116710663,5.804175548989225
495.4880232810974,5.77510658897024
495.49001264572144,5.7447773378637885
495.4910216331482,5.713331096091014
495.4920172691345,5.680808599225024
495.49301266670227,5.647347420758742
495.4940118789673,5.612951631880085
495.49504923820496,5.57768966997523
495.4960091114044,5.541628511833373
495.49701261520386,5.505052572476065
495.49701261520386,5.467876961273211
495.49901843070984,5.427197368360668
495.5000145435333,5.380431145997266
495.50101256370544,5.332992589322833
495.5020761489868,5.284971652935485
495.50306272506714,5.236545368843933
495.50401282310486,5.187905655189376
495.50401282310486,5.103888130338299
495.50601530075073,5.000604393261869
495.5070185661316,4.893099405825554
495.51001501083374,4.78127833691504
495.51101422309875,4.665178051994567
495.51201701164246,4.54491178870729
495.51301193237305,4.420553099138769
495.5150146484375,4.292457650232398
495.51600885391235,4.160885807762303
495.51801323890686,4.025991999486242
495.5200164318085,3.8878978771508237
495.52101492881775,3.7468083147858526
495.52201294898987,3.6024618504608124
495.52401638031006,3.455686554967013
495.52401638031006,3.3064165945442183
495.5250201225281,3.154842224427016
495.52601075172424,3.002613798434648
495.52701139450073,2.847783396958631
495.5290107727051,2.6901808344430176
495.5290107727051,2.5288647218349354
495.5300090312958,2.364585189306698
512.5703670978546,2.477871220769787
512.5713877677917,2.642778935767488
512.572368144989,2.8085835866260243
512.5733706951141,2.9744221536570805
512.574437379837,3.1414094838179407
512.576367855072,3.3104441359465255
512.5783686637878,3.4815798849774007
512.5793814659119,3.654487718544443
512.5803678035736,3.8297433737866973
512.5814836025238,4.007724556014825
512.5823731422424,4.189267772785676
512.5833683013916,4.374842571642773
512.5843670368195,4.564484031912164
512.5853674411774,4.7593813048448
512.5874106884003,4.960722422183504
512.588371515274,5.169458472120964
512.5903701782227,5.386412721807917
512.5913851261139,5.613002646375543
512.5923693180084,5.851097814804758
512.5934309959412,6.102843513917775
512.5953912734985,6.370435619141796
512.5963690280914,6.65670502598426
512.597371339798,6.964544566171713
512.597371339798,7.191598023684433
512.599368095398,7.385691976206794
512.6003694534302,7.571371663557736
512.6014325618744,7.7491274828505805
512.6033792495728,7.918003927270864
512.6043722629547,8.078874431407591
512.6053719520569,8.23243371465963
512.6065123081207,8.378915327597324
512.6084043979645,8.518375385534146
512.6095111370087,8.65074253463099
512.6113972663879,8.776186580724074
512.6123683452606,8.895174725450048
512.613472700119,9.007927671058027
512.6145515441895,9.114559543685687
512.6153786182404,9.215227667436357
512.6163744926453,9.310243909838109
512.6173694133759,9.399696307397042
512.6183681488037,9.483818865660783
512.6193816661835,9.562909752314358
512.6213765144348,9.637104303258317
512.622397184372,9.706570491003918
518.2479131221771,9.771427199254388
518.2488768100739,9.831890464407666
518.2498769760132,9.888073200314034
518.2508764266968,9.94009468232331
518.2508764266968,9.98823870597915
518.2518911361694,10.03241514033382
518.2528774738312,10.072630562145825
518.253876209259,10.109276368741138
518.253876209259,10.142272397884193
518.2548913955688,10.171819724853782
518.2568793296814,10.197848440139147
518.2579174041748,10.220029042020547
518.2588834762573,10.23848810345986
518.2608780860901,10.253225860441326
518.2618794441223,10.264244326031786
518.2628808021545,10.27145490414026
518.2638981342316,10.274825045303057
518.2648782730103,10.274269154998068
518.266881942749,10.269748096186621
518.2678782939911,10.261158744903714
518.268880367279,10.248499007207347
518.2698783874512,10.231778067601281
518.2708821296692,10.210919455085863
518.2718770503998,10.185998355968273
518.2728796005249,10.157021599178268
518.2748792171478,10.124233083598781
518.27588057518,10.087621755517617
518.2768814563751,10.047326868097905
518.2778782844543,10.00352642754919
518.2788777351379,9.956437354155348
518.2798771858215,9.906353475602861
518.2809948921204,9.8535877869873
518.2819080352783,9.798373465182024
518.2828788757324,9.740970805492204
518.2839348316193,9.681787226492183
518.284942150116,9.621273771772207
518.2858777046204,9.559781043743932
518.2868778705597,9.497794196953665
518.2878789901733,9.43560877334767
518.2878789901733,9.373647186857516
518.2888774871826,9.312449000174349
518.2898778915405,9.25205137933808
518.2909595966339,9.193108658574173
518.2918782234192,9.135840843519631
518.2918782234192,9.080641806682067
518.292876958847,9.027555205057945
518.2938833236694,8.976201493245307
518.2958793640137,8.926376366767945
518.2968780994415,8.878600309643433
518.297878742218,8.833308604565353
518.2988789081573,8.790476088064661
518.299877166748,8.750034303029683
518.3008768558502,8.712022579910183
518.3018803596497,8.67642957944241
518.3028814792633,8.64314197629995
518.3038759231567,8.612214114747122
518.3048822879791,8.584047166632669
518.3058803081512,8.558057352506237
518.3068766593933,8.534541060962278
523.9343285560608,8.513676232883808
523.9352178573608,8.495600629561437
523.9362037181854,8.48035133075062
523.9372229576111,8.468095463743087
523.9382119178772,8.458976785502935
523.9382119178772,8.45317069056359
523.9407525062561,8.45059922989599
523.9407525062561,8.451163985395995
523.941743850708,8.454676374253966
523.943745136261,8.460986351429407
523.9447453022003,8.469803308391558
523.9447453022003,8.480651030079192
523.9467453956604,8.493258457693775
523.947783946991,8.507207255194151
523.9487450122833,8.522292158619488
523.9497489929199,8.53829161833517
523.9507501125336,8.555015156991303
523.9517452716827,8.572282348559499
523.9527451992035,8.58992986524915
523.9537444114685,8.60782548107213
523.9547469615936,8.625857708769837
523.9557485580444,8.643940397891043
523.9567558765411,8.661970343377956
523.957807302475,8.679874705961614
523.9587440490723,8.697535641984418
523.9597463607788,8.71481546644493
523.9617552757263,8.731581152296638
523.9617552757263,8.74794202115377
523.9627711772919,8.763860830614338
523.9647467136383,8.779221296424982
523.9657590389252,8.793834223534484
523.9665410518646,8.807919500593522
523.9685487747192,8.821285460943963
523.9695501327515,8.83399386117252
523.9706296920776,8.845799128317063
523.9715483188629,8.856749770318872
523.9725499153137,8.866690719504444
523.9735536575317,8.875562333221136
523.9745643138885,8.883441403413059
523.975546836853,8.890224048454417
523.9775505065918,8.895852744074393
523.978551864624,8.900355331130962
523.9788570404053,8.90375550260202
523.9818689823151,8.906021225373182
523.9818689823151,8.907136411907569
523.9830129146576,8.906804827009228
523.9851448535919,8.90538851600707
523.9851448535919,8.902769276611192
523.9866073131561,8.898874255174235
523.9876084327698,8.89350542311177
523.988609790802,8.886796246634184
523.9897627830505,8.878846113698193
523.9907710552216,8.869616447519943
523.9917712211609,8.859344578756485
523.9927718639374,8.847636600207753
523.9948556423187,8.833941875102957
523.9959306716919,8.818367866838619
523.9959306716919,8.801579054726961
523.9978697299957,8.783595096160075
529.6343331336975,8.76418693676285
529.6363370418549,8.74376663469531
529.638334274292,8.722295116289393
529.6403906345367,8.699156696591922
529.642336845398,8.674778281264121
529.6434142589569,8.64936626976039
529.645334482193,8.622579945732367
529.6463370323181,8.594012303539252
529.6483302116394,8.564685270479771
529.6493310928345,8.534423211043524
529.6503326892853,8.502555611678433
529.651332616806,8.470224496103958
529.652331829071,8.43662880064237
529.6533544063568,8.40159909109439
529.6553316116333,8.366258910898864
529.6553316116333,8.330238698466333
529.6565673351288,8.292677338862923
529.6575720310211,8.253749963160764
529.6585736274719,8.214075462874735
529.6595754623413,8.174791072578428
529.6605780124664,8.131876538343686
529.6615748405457,8.08802899769811
529.6645812988281,8.042584500378632
529.665694475174,7.995202831917146
529.6665742397308,7.948520139288459
529.6675770282745,7.897167498477955
529.6695792675018,7.844011455399265
529.6695792675018,7.788425933453342
529.6715788841248,7.726918635405731
529.6725749969482,7.6603899884692455
529.6735756397247,7.589612172600079
529.6745746135712,7.513166901128755
529.6766972541809,7.431398552389352
529.6775808334351,7.3431208944033335
529.6785745620728,7.2470250471991635
529.6795811653137,7.143150846845921
529.681578874588,7.025220491982666
529.6825735569,6.790494078690557
529.6845738887787,6.569074249679058
529.6855745315552,6.365939099111685
529.6865739822388,6.179465717478197
529.687575340271,6.008714256228594
529.6885795593262,5.855124099910485
529.690575838089,5.718757162403136
529.6915748119354,5.597793442184746
529.6925792694092,5.4917285855345055
529.6935765743256,5.3989772155172275
529.6945748329163,5.317653306828268
529.6955773830414,5.247110837891681
529.6975736618042,5.18652026500858
529.6985771656036,5.135090876558669
529.6995756626129,5.091284254540015
529.7005767822266,5.054964423794651
529.701575756073,5.025345674959894
529.7025747299194,5.001577327695934
529.7035868167877,4.983029815218248
529.7055749893188,4.9662170651099995
529.7055749893188,4.95268568644732
535.3340926170349,4.942670801429396
535.3361332416534,4.93633679763325
535.3380954265594,4.93369824600196
535.340096950531,4.933814447843043
535.3410949707031,4.9346951764045395
535.3431060314178,4.937023237871257
535.3451821804047,4.940623708330419
535.3470914363861,4.94591617908799
535.3480923175812,4.952313968138557
535.3500907421112,4.9609231459848075
535.3510913848877,4.970606484304415
535.353141784668,4.980166570404048
535.354089975357,4.99033907487957
535.3560974597931,5.00199573931998
535.357088804245,5.01400891314853
535.3580896854401,5.025483751401363
535.3590886592865,4.977469104768155
535.360098361969,4.931363294412542
535.3620986938477,4.886617929099094
535.3630983829498,4.843262702164754
535.3640978336334,4.800486875891384
535.3650991916656,4.759488690522629
535.3660969734192,4.719767517215687
535.3660969734192,4.683140884056121
535.3670971393585,4.647727944793393
535.3680956363678,4.614808783058997
535.3691084384918,4.58412493156754
535.3700971603394,4.55550612756324
535.3720982074738,4.500287482747678
535.3731434345245,4.446853643457878
535.3731434345245,4.396075020032872
535.3756647109985,4.349054231528684
535.3767454624176,4.307280996680325
535.3778018951416,4.270975238943865
535.3778018951416,4.238939395158926
535.3796722888947,4.210883223935542
535.3806760311127,4.183404461017544
535.3816709518433,4.157318581641302
535.3826849460602,4.1328207199603675
535.3836748600006,4.109816956369669
535.3846743106842,4.0878069192284645
535.3857474327087,4.0672561504504685
535.3866717815399,4.047144183602515
535.3876702785492,4.027684230824463
535.38867354393,4.009345963392592
535.3896708488464,3.991922743690612
535.3896708488464,3.9756166322592215
535.3921885490417,3.96043340777601
535.3931968212128,3.9463457362236154
535.3941972255707,3.933460493794128
535.3951961994171,3.9218057342407056
535.3962075710297,3.911279768792449
535.397203207016,3.9020823903983155
535.3981986045837,3.894345211945918
535.3991994857788,3.8885559794637627
535.4001989364624,3.884997740010658
535.4012207984924,3.883489459679523
535.4021968841553,3.884054888819528
535.403195142746,3.8864814357357655
541.0217576026917,3.8887620223891197
541.0227541923523,3.891783161848428
541.0236785411835,3.8961389498456125
541.02467918396,3.9017756435470523
541.02467918396,3.909071185805785
541.0256798267365,3.918912758295118
541.0266809463501,3.9299518544450676
541.0276892185211,3.942741805078727
541.0290365219116,3.888584257969268
541.029542684555,3.8137250122537667
541.0305507183075,3.736948649687505
541.0315523147583,3.658265616898637
541.0315523147583,3.5773266790343614
541.032550573349,3.4940988581718067
541.0335531234741,3.409121928524283
541.0345530509949,3.3237816135042655
541.0355520248413,3.237707631604093
541.036550283432,3.1514729378097703
541.0375504493713,3.0642806895784935
541.0385489463806,2.977514384548643
541.0395500659943,2.891724264349831
541.0415518283844,2.806838599329388
541.0415518283844,2.723262466736948
541.0427689552307,2.642061519879718
541.0447790622711,2.5630013400424656
541.045779466629,2.486153363048922
541.0467796325684,2.4119379034744246
546.7289173603058,2.3880620425564265
546.7289173603058,2.4470870122231405
546.7309165000916,2.5072975646381046
546.7319178581238,2.568877367396054
546.732916355133,2.630695074284856
546.7339177131653,2.6923466596287717
546.7359523773193,2.75422065730391
546.7369170188904,2.81781063993278
546.7379183769226,2.88130761924698
546.7389197349548,2.9452136391990087
546.7419166564941,3.008994834277178
546.7419166564941,3.073954350556195
546.7429163455963,3.136814171176378
546.7449195384979,3.2032739182392547
546.7459192276001,3.272289644628515
546.7469167709351,3.3389585321326734
546.7479181289673,3.4085402744899262
546.7489168643951,3.4744217078746273
546.7499182224274,3.539324817315381
546.7509183883667,3.6028187103931932
546.7529163360596,3.6655199604939246
546.7539193630219,3.7280322251872824
546.7549216747284,3.7872057349121824
546.7559185028076,3.8431414535549773
546.7569177150726,3.897081148017048
546.7579164505005,3.950970511857942
546.7589175701141,4.006317757788746
546.7599830627441,4.061434245503672
546.7609210014343,4.117070170972003
546.7619180679321,4.168569640786404
546.7629175186157,4.219656657961889
546.7639291286469,4.270110950280268
546.7649195194244,4.321962202002763
546.7659204006195,4.371420897323186
546.7669289112091,4.397399043447926
546.7679295539856,4.36083152161163
546.7697279453278,4.323061973108114
546.7707245349884,4.285321584333786
546.7717227935791,4.244303145415008
546.7727978229523,4.205038531764429
546.7747230529785,4.1663543668937635
546.775723695755,4.127931813098028
546.7767980098724,4.090207953142432
546.7777268886566,4.052744834261714
546.778722524643,4.018552472134165
546.7797453403473,3.9599782914084565
546.7807252407074,3.8760794596623436
546.782722234726,3.79329670302666
546.7837209701538,3.708106555192854
546.7848281860352,3.620476244780135
546.7857224941254,3.5309821269011263
552.4032485485077,3.439122126977675
552.4042489528656,3.3448408951561115
552.4042489528656,3.2483178853718373
552.4052639007568,3.1488825666396685
552.4062511920929,3.0487397202751323
552.4073173999786,2.945548390913353
552.4073173999786,2.839386216309704
552.4083597660065,2.731239636509249
552.4092509746552,2.6208834718556715
552.4102504253387,2.5085413238439296
552.4112498760223,2.3944620279010054
558.1003873348236,7.901005040452716
558.102388381958,7.867543667454007
558.1033856868744,7.8164597022319375
558.1033856868744,7.748489395819001
558.1053857803345,7.6647087691910185
558.1063876152039,7.567379178400158
558.1068930625916,7.457465683607667
558.1079008579254,7.334986861611685
558.1089465618134,7.200196432908013
558.1102845668793,7.052864607677403
558.1102845668793,6.835483595445307
558.1122920513153,6.623971731707421
558.1132953166962,6.419035068036833
558.114294052124,6.226678413842252
558.1153287887573,6.046567837393466
558.115823507309,5.878807455418794
558.1178350448608,5.722555410691933
558.1188342571259,5.5766873345683825
558.1198327541351,5.440769885913509
558.1208333969116,5.3150609589395055
558.1219131946564,5.19816142922542
558.1228356361389,5.088512516078906
558.123831987381,4.985876067116619
558.1248307228088,4.893110798058484
558.125962972641,4.805919382821016
558.1268346309662,4.7228703939024355
558.1278343200684,4.643173836581227
558.1288318634033,4.565732527011239
558.1298322677612,4.491607051044993
558.1308336257935,4.418207699544793
558.1318848133087,4.346796544650563
558.1328392028809,4.277375024874121
558.1338329315186,4.210028527596188
558.1348347663879,4.108007742751363
558.1358406543732,3.9909372290013305
558.1368346214294,3.881448658410938
558.1371650695801,3.7710574223519817
558.1382610797882,3.658995161993915
558.1402604579926,3.547550074967998
558.1412575244904,3.4375828004867484
558.1422591209412,3.329785979319256
558.1432700157166,3.2255930480317883
558.1452579498291,3.1242111825169143
558.1452579498291,3.02432353940169
558.1472582817078,2.927744905163194
558.1482670307159,2.8338850505012534
558.1493153572083,2.7439365249922005
558.1502590179443,2.6567065760696225
558.1512587070465,2.5728465316764697
558.1532597541809,2.490903570814047
558.1542570590973,2.4130629866326494
563.8317749500275,2.412850655036035
563.8327782154083,2.5166440308385742
563.8337850570679,2.6209330374225472
563.8377754688263,2.726002342428836
563.8387851715088,2.834104718810363
563.8397762775421,2.94626971683888
563.8417768478394,3.0595110030836286
563.8437802791595,3.1732814322849188
563.8457782268524,3.286299331572078
563.8467745780945,3.3995219280851385
563.8477795124054,3.51239384068121
563.8498177528381,3.623908705293178
563.8509039878845,3.7342666311723516
563.8518760204315,3.84248292983247
563.8527750968933,3.950019375344663
563.8547914028168,4.053441749407053
569.5024087429047,4.153395901165266
569.50332903862,4.252108437021564
569.5044026374817,4.349112201792352
569.5044026374817,4.442899060697523
569.5054106712341,4.537958819871095
569.5064098834991,4.627767114544895
569.5071303844452,4.711779490736198
569.508142709732,4.794714040434664
569.50914311409,4.875474165856779
569.5101442337036,4.95657767470127
569.5111441612244,5.034071162529241
569.5121412277222,5.1075382579030855
569.5131433010101,5.178247777493273
569.5141427516937,5.245078802078124
569.5151445865631,5.308218971968073
569.5161442756653,5.363597974368209
569.5171451568604,5.322732573735661
569.5181498527527,5.276666480081232
569.5181498527527,5.226058823189353
569.5191471576691,5.171270839032797
569.5211420059204,5.105571905793696
569.5221409797668,5.027450904716131
569.5231409072876,4.946158314761642
569.5241408348083,4.852972870210828
569.525141954422,4.745170120739386
569.5261404514313,4.618592716242431
569.5281472206116,4.471359225101931
569.5291447639465,4.296826611985267
569.5311448574066,4.088958854723469
569.5311448574066,3.8383483597039962
569.5341441631317,3.5425949160571206
569.5351431369781,3.184052878387675
569.5361425876617,2.7392601937249252
580.8848371505737,2.4680238234610794
580.88583111763,2.6059565489527543
580.8868310451508,2.7416423533953664
580.8878309726715,2.8753116527436133
580.8888413906097,3.0099810007167993
580.890830039978,3.141517610034291
580.890830039978,3.2694195962076824
580.8918874263763,3.3962315881054272
580.8928320407867,3.520810645357358
580.8938324451447,3.643167965961396
580.8948330879211,3.705126325712928
580.8948330879211,3.716856306543734
580.8958296775818,3.7284251112258158
580.896829366684,3.7393909989691645
580.8978314399719,3.7493005517118703
580.8988327980042,3.7591551755460784
580.8998301029205,3.7684824202126403
580.9008309841156,3.777638578513102
580.9018309116364,3.7871290512489257
580.90283203125,3.796303534523286
580.9038314819336,3.8044478806425257
580.9038314819336,3.811606254067631
580.9048275947571,3.8178942319760782
580.9058301448822,3.8235524853673675
580.9068312644958,3.8284181187409465
580.907830953598,3.8319286083057453
580.9088299274445,3.8344661188474114
580.9098310470581,3.836068904546928
580.9118325710297,3.836598837578165
580.912829875946,3.836063841842955
580.912829875946,3.834717404375337
580.9148344993591,3.8317655979160916
580.9158318042755,3.8272477786490073
580.916834115982,3.8212650148731155
580.917831659317,3.813416729584082
580.9188334941864,3.803460008694074
580.9198870658875,3.7914367834012137
580.920839548111,3.776924350892872
580.9214129447937,3.7599245408939526
580.9238731861115,3.7399506324886738
580.9249465465546,3.716867210923175
580.9259352684021,3.689644496997216
580.9278538227081,3.6583141595921482
580.9288535118103,3.6218412966129514
580.9298512935638,3.57947215479481
580.9318556785583,3.530877579085442
580.9329047203064,3.474342857681615
586.5751914978027,3.413457132704299
586.5761935710907,3.343813034387511
586.5761935710907,3.2538865463740905
586.5771927833557,3.1460499973670686
586.5781936645508,3.0255487563025643
586.5785129070282,2.8888749843672397
586.5795202255249,2.7133754065148223
586.5795202255249,2.453665486035282
586.5875236988068,2.8946512989290896
586.5885214805603,3.449415295287536
586.5895233154297,3.7885951835995986
586.5905251502991,4.0026812700106955
586.5915203094482,4.147966801180602
586.5925188064575,4.248326968566139
586.5935206413269,4.32785518645174
586.5945217609406,4.394781052404638
586.5955214500427,4.448936031018329
586.5955214500427,4.490511499941434
586.5965311527252,4.514833699633
586.5975213050842,4.541190914382645
586.5975213050842,4.566624179082113
586.5985200405121,4.587765363990118
586.5995228290558,4.602021481694071
586.6005210876465,4.581688215813314
586.6015210151672,4.439940750032128
586.6025214195251,4.2942138342717415
586.6035206317902,4.143422431707334
586.6045203208923,3.995860859792478
586.6055617332458,3.842048792950987
586.6105720996857,3.682198861706005
586.6155743598938,3.5145100480710973
586.6165707111359,3.3363249716280894
586.618574142456,3.1493893851269004
586.620573759079,2.959653376626351
586.6235687732697,2.7613952043214165
586.6265833377838,2.550885823525034
603.6865758895874,18.257902619044096
603.6875698566437,18.267454371579547
603.6885735988617,18.275950753675016
603.6905722618103,18.283006948292726
603.6915712356567,18.288711575064795
603.692568063736,18.293020890302174
603.6935715675354,18.29612881331204
603.6945743560791,18.297442879700796
603.6955711841583,18.296714262821737
603.6965732574463,18.29399357636944
603.6976099014282,18.28858817484673
603.6985704898834,18.281095103899972
603.6995720863342,18.27159815096586
603.7005741596222,18.26075724958737
603.7025690078735,18.248028375675226
603.7035684585571,18.232648743418896
603.7045722007751,18.2154771788608
603.7055673599243,18.196880297683695
603.7065668106079,18.175069948577192
603.7085676193237,18.152918627806734
603.7095711231232,18.129847088474733
603.7105700969696,18.105377783384757
603.7115688323975,18.08112564444523
603.7125697135925,18.057598869690025
603.7135705947876,18.033155568460074
603.7145690917969,18.00975830018624
603.7168169021606,17.987856914190232
603.7178270816803,17.967541413649673
603.7188260555267,17.94849874271817
603.7198271751404,17.9317164562113
603.7208240032196,17.91741763510306
603.721830368042,17.90529910648106
603.7238266468048,17.89487182246431
603.7248268127441,17.88791206106075
603.7258796691895,17.883214463245007
603.7270278930664,17.88017804222155
603.7280189990997,17.879033476634657
603.7290191650391,17.87950752801065
603.7300534248352,17.882141335945967
603.7321028709412,17.886945259213206
603.7330422401428,17.89185188494952
603.7340152263641,17.89792496928597
603.735013961792,17.906446263304524
603.7366142272949,17.915656453217004
603.7376127243042,17.92516798158313
609.3637173175812,17.93585894757489
609.3647179603577,17.94853123866618
609.366717338562,17.962202353313987
609.3677172660828,17.977835951618818
609.3687164783478,17.993987174136507
609.3707163333893,18.013969328164542
609.3707163333893,18.0382216532629
609.3719923496246,18.065296384560803
609.3730013370514,18.09605702205827
609.3737671375275,18.130041445311978
609.3755052089691,18.16684520913024
609.3760118484497,18.206941829337463
609.3775293827057,18.251734015587857
609.3780333995819,18.301236813571588
609.3790383338928,18.353955739402412
609.3795413970947,18.41141035842144
609.3805458545685,18.473497905430236
620.7598068714142,2.3977458012088104
620.7608077526093,2.5330980474721367
620.763117313385,2.6667105534327056
620.763117313385,2.7981500951950142
620.7641162872314,2.9281975986948403
620.7651183605194,3.0560318495669114
620.7651183605194,3.181658956614537
620.766117811203,3.304890164693182
620.7681193351746,3.4257895161948073
620.7681193351746,3.544650352774277
620.7691226005554,3.659310202165681
620.7701137065887,3.768584633337783
620.7711610794067,3.878004154838988
620.7731747627258,3.9855510962155645
620.774115562439,4.087118658492513
620.774115562439,4.185223313714141
620.7761173248291,4.281365662025234
620.7771158218384,4.374863480575572
620.7781190872192,4.418923164569169
620.7791168689728,4.432230235099837
620.780118227005,4.4457807981736615
620.7811608314514,4.460956437314524
620.7821798324585,4.477526417033034
620.7841205596924,4.494917532615126
620.7841205596924,4.51327811067105
620.7861721515656,4.53274786760622
620.7865483760834,4.55411493367636
620.787654876709,4.577081807922098
620.789651632309,4.600751213840062
620.789651632309,4.624643653056371
620.7906572818756,4.649913478833622
620.7916498184204,4.675095852667737
620.7926533222198,4.700358779479561
620.7936522960663,4.725510243819386
620.795652627945,4.751596272432998
620.7966532707214,4.77817347857559
620.7976505756378,4.804893483417871
620.7986559867859,4.8315286034729175
620.7995700836182,4.858009396467899
620.8016278743744,4.884231478878926
620.8027255535126,4.910069163017594
620.8027255535126,4.935431130912608
620.8036391735077,4.960113872249801
620.8046333789825,4.98427167124237
620.8066403865814,5.007787036200314
626.4541413784027,5.030595322650193
626.4551510810852,5.053251325170997
626.4561402797699,5.075182630872482
626.4573180675507,5.096996016428427
626.4581415653229,5.117902647586565
626.4591429233551,5.138149792742991
626.4601428508759,5.157363469303636
626.4612312316895,5.176434613897976
626.4621424674988,5.195041649691161
626.4631428718567,5.212114132778754
626.4641406536102,5.227148492748535
626.465145111084,5.241085463828158
626.465145111084,5.254552781709231
626.4661445617676,5.267962131334453
626.4671428203583,5.26754823260718
626.4681959152222,5.228620542611121
626.4691531658173,5.188248084926144
626.4701428413391,5.146911680655754
626.4711630344391,5.105195755545469
626.4731442928314,5.063279025839933
626.4731442928314,5.0208548364472305
626.4751505851746,4.978477482975513
626.4761507511139,4.936326966377996
626.4771444797516,4.896824541350614
626.4781413078308,4.859761826945908
626.479145526886,4.822816705516127
626.4812114238739,4.78625711016881
626.4812114238739,4.750339486607231
626.4831440448761,4.716090168679104
626.4841506481171,4.683779148329625
626.4851429462433,4.653689937902793
626.486269235611,4.599902736751754
626.4871428012848,4.5171699040146
626.4881429672241,4.43182027182411
626.4892227649689,4.344114937523289
626.4911437034607,4.254308550268106
626.49214220047,4.162936437357497
626.4941425323486,4.07014413313364
626.4951434135437,3.976361127001485
626.4971451759338,3.8817829471132015
626.4981422424316,3.7844274244327796
626.4991409778595,3.6840656750710252
626.5001411437988,3.582150866944323
626.5011401176453,3.4788539530227025
626.5021412372589,3.374864353175741
626.5041410923004,3.2715482331878083
626.5051398277283,3.1678508141982302
626.5061423778534,3.061522090305787
626.5081443786621,2.954143840750792
626.5101883411407,2.847399152217092
626.5112209320068,2.7432497382030276
626.5131452083588,2.6379159474483984
626.5141410827637,2.5308930976471613
626.5151433944702,2.4221992381847617
666.3240511417389,2.5489171657031977
666.325053691864,2.8261651158633336
666.326052904129,3.0917194584300383
666.3270530700684,3.3397738686505694
666.3280589580536,3.569525552290373
666.3290519714355,3.7834495542208533
666.3301315307617,3.981863533904264
666.3321709632874,4.165147910272838
666.3331708908081,4.3342842731829
666.3341693878174,4.489108375966763
666.3341693878174,4.631300641950673
666.3361704349518,4.7624067281410385
666.3371677398682,4.884599180957977
666.3371677398682,5.000272935644728
666.3381676673889,5.086049971213896
666.3391797542572,5.101608818230535
666.340170621872,5.115743795342902
666.3411693572998,5.129363987724702
666.3421804904938,5.145944176379631
666.3421804904938,5.160839939590007
666.3441715240479,5.173422927899579
666.3451678752899,5.185069221511288
666.3466746807098,5.194824594782714
666.3473222255707,5.204063052348874
666.3494393825531,5.21277417230259
666.3504354953766,5.2211747355498215
666.3514351844788,5.229801848154933
666.3534376621246,5.237168783298761
666.3534376621246,5.242913046522653
666.354455947876,5.247561168487876
666.3554368019104,5.252771281425106
666.3574347496033,5.256520630120708
666.3584361076355,5.260347703015064
666.3584361076355,5.262863562659271
672.0074734687805,5.264607673430207
672.0094738006592,5.266989589558482
672.0107214450836,5.269114079921715
672.0117347240448,5.271033107865678
672.0127332210541,5.271922825240817
672.0137319564819,5.272131498722843
672.0147342681885,5.244471278419339
672.0167326927185,5.187358310483408
672.0177321434021,5.128105909652454
672.0187327861786,5.06691463457336
672.0197846889496,5.003976008716681
672.0207324028015,4.939363213705821
672.0207324028015,4.873292235266014
672.0217311382294,4.806342367704574
672.0221793651581,4.737531899336704
672.0231864452362,4.667686374677232
672.0241866111755,4.596809984631806
672.0251863002777,4.5255340414265355
672.0251863002777,4.4539412913504695
672.0271878242493,4.382576437788382
672.0271878242493,4.3122802078255305
672.0281863212585,4.243589911199134
672.0291879177094,4.176056317152844
672.0311877727509,4.107705738529686
672.0321862697601,4.0412871313865075
672.0332164764404,3.9767584278074604
672.0341880321503,3.9137884120558155
672.035187959671,3.8503834208252177
672.0361881256104,3.7876532735221886
672.0382010936737,3.7281995630997935
672.0391867160797,3.674394946249638
672.0411846637726,3.6254705851535833
672.042183637619,3.5759231498372848
672.043185710907,3.5242429879022765
672.0441856384277,3.477646249145846
672.0451838970184,3.4306291489935306
672.0461843013763,3.3830916008693346
672.0481886863708,3.348076736916507
672.0491852760315,3.3112085979567767
672.0511846542358,3.265879833991876
672.0521905422211,3.228173986247076
672.0531859397888,3.1986830969597717
672.054187297821,3.176850645980384
672.0561919212341,3.1583369952069087
672.0581877231598,3.140004192874679
672.0591878890991,3.1460259092156178
672.060188293457,3.1588868128542105
672.0611877441406,3.174894362338619
672.0622000694275,3.193736566333464
672.0641858577728,3.2122967296434317
672.0651876926422,3.2205113870386697
672.0661883354187,3.233794241781243
672.0661883354187,3.259985187311173
672.0671889781952,3.2710589087304793
672.0691909790039,3.2887688167439886
672.0701942443848,3.3033579534397686
672.0711894035339,3.327376956662125
672.0731909275055,3.3527588152203123
677.6815981864929,3.3772798100059704
677.6826751232147,3.4006666629887685
677.683601140976,3.4183224337096205
677.683601140976,3.3889588137017777
677.6846673488617,3.230311333663113
677.6855978965759,3.0655972997996104
677.6866629123688,2.8965051398716
677.6875996589661,2.720347875091149
677.6885991096497,2.536055967670962
677.6895997524261,2.3451601580103163
689.1151721477509,2.494103913332947
689.1161770820618,2.6543228909217524
689.117169380188,2.8158584266084246
689.1182312965393,2.9779657824331074
689.1189835071564,3.140894376328921
689.1201305389404,3.303349319243606
689.1211259365082,3.465473449162272
689.1221253871918,3.627604682188712
689.1231245994568,3.7899514695655405
689.1251249313354,3.951755970709778
689.1251249313354,4.113702090548248
689.1261236667633,4.27543581252086
689.1271255016327,4.437026256674148
689.1291270256042,4.597872081681505
689.1301257610321,4.757250618482342
689.13099360466,4.916348334479373
689.1331400871277,5.073793572287576
689.134131193161,5.231490529824503
694.7807054519653,5.388237926049631
694.7807054519653,5.542963198135353
694.781703710556,5.691305737815064
694.7827019691467,5.834752423253177
694.783703327179,5.977911055709465
694.7847034931183,6.1217012596573275
694.7857043743134,6.2658110231625015
694.7857043743134,6.4090378478628
694.7867021560669,6.551248899665585
694.7877018451691,6.695486092716514
694.7877018451691,6.834553798887094
694.7897028923035,6.970458015691824
694.7897028923035,7.11552716719055
694.7927031517029,7.250904653024553
694.7937035560608,7.369153652463766
694.7947030067444,7.475631128132057
694.7957031726837,7.568393800208405
694.796703338623,7.651192710147057
694.7978479862213,7.726568505069947
694.7997052669525,7.794363682175246
694.8007047176361,7.856579480105328
694.801703453064,7.913047658767381
694.8027033805847,7.9634546772658465
694.8049292564392,8.008837559639403
694.8049292564392,8.050805455167465
694.8069400787354,8.089337509196408
694.8079390525818,8.125244809644261
694.8089394569397,8.159533464142902
694.8089394569397,8.191476987890596
694.8099873065948,8.221285302090982
694.8129377365112,8.249417360541285
694.8129377365112,8.275025378798619
694.8139369487762,8.299057535559527
694.8159382343292,8.322079925769255
694.81693816185,8.344461984446527
694.8199391365051,8.366010013316675
694.8219377994537,8.387196170999268
694.8230073451996,8.407506432210287
694.8239376544952,8.427183381337889
694.8249368667603,8.446544913381828
694.8259401321411,8.466149244845713
694.8279385566711,8.485109680812004
694.8289408683777,8.504024930358048
694.830938577652,8.522989819288865
694.8319644927979,8.5414984832718
694.8329381942749,8.560476019192686
694.8339397907257,8.5797671327347
694.8349764347076,8.599492577028219
694.8359451293945,8.618520984163675
694.836986541748,8.63615904580513
694.83900141716,8.632762084242103
694.83900141716,8.599296436655026
694.8410212993622,8.563577528629017
694.8419392108917,8.528410697317751
694.8429434299469,8.493901534954437
694.8449385166168,8.462460211468144
694.8459589481354,8.431914398965604
694.8469414710999,8.402326850269606
694.8479416370392,8.373064720800116
700.4731347560883,8.34478981633099
700.4741654396057,8.320908461980078
700.4750571250916,8.300634684162073
700.4770591259003,8.281591825518511
700.4770591259003,8.26221137978496
700.4781262874603,8.24373682727282
700.480058670044,8.228019766695066
700.4810576438904,8.214983503631897
700.4820578098297,8.203300867903133
700.4830594062805,8.193515350610925
700.484058380127,8.185960190640126
700.4850597381592,8.179220005574766
700.487057685852,8.175945156417395
700.4880585670471,8.171391918632933
700.4890553951263,8.165063271169167
700.4890553951263,8.15924212707561
700.49005651474,8.154671502116638
700.49005651474,8.154237891250641
700.4920656681061,8.157199441054482
700.4930596351624,8.162563310198035
700.4950654506683,8.169009801442943
700.4960594177246,8.175962187335791
700.4970600605011,8.186192683924748
700.4990620613098,8.200506780099184
700.5000574588776,8.21397527715301
700.5020618438721,8.22904844888272
700.5030751228333,8.245833218118094
700.5040612220764,8.264464808492695
700.5051033496857,8.282898252209414
700.506062746048,8.311669359337309
700.5070576667786,8.345137145772917
700.508056640625,8.38121342137683
700.509058713913,8.421785657738196
700.5100598335266,8.46681154840595
700.5120604038239,8.5183982818682
700.5130581855774,8.57880736507552
700.5140581130981,8.64669308506802
700.515059709549,8.727776531941897
700.5160639286041,8.8224207244784
700.5171346664429,8.934811420122648
700.5177323818207,9.06670942469385
700.5188581943512,9.228618737536127
700.519862651825,9.434988588902236
700.5208506584167,9.706269741844826
700.5218594074249,10.078328894776291
700.5228776931763,10.631781864824944
700.5248584747314,11.545896575156199
700.525915145874,11.888929133194942
700.5268731117249,12.07103721178308
700.5278632640839,12.23958570809184
700.5288541316986,12.394755599880632
700.5298557281494,12.537776587550397
700.5318551063538,12.670006409124966
700.532856464386,12.791332366864957
700.5338532924652,12.90213033792765
700.5348517894745,13.003821939188262
700.5358588695526,13.097796883813876
700.5368535518646,13.183467592469956
700.5378515720367,13.262249176150931
706.152575969696,13.334295671112656
706.1535694599152,13.400704761478167
706.154568195343,13.460347130833956
706.1555712223053,13.514258292077681
706.1565718650818,13.562821179795495
706.1575720310211,13.606302954430959
706.1595718860626,13.644722437704608
706.1605684757233,13.678157726963425
706.1611268520355,13.707856962780415
706.162139415741,13.732748611241163
706.162139415741,13.756809553783212
706.1647748947144,13.77565673163541
706.1657841205597,13.78666278371677
706.1657841205597,13.791177083649456
706.1674036979675,13.789926445655475
706.1690802574158,13.781171866369231
706.1690802574158,13.76715244707325
706.1707050800323,13.74779512907898
706.172714471817,13.725061120860394
706.1737186908722,13.698946452240737
706.1747901439667,13.668331302421334
706.1767132282257,13.635402510836524
706.1777167320251,13.601941474509738
706.1787495613098,13.564262909759124
706.1787495613098,13.522484921317822
706.1796042919159,13.477284427055743
706.1807472705841,13.431410749770446
706.1817572116852,13.38505241974575
706.1827592849731,13.337642950375768
706.1837537288666,13.288729819674854
706.1847496032715,13.238163307763163
706.1857507228851,13.18616992373978
706.1877465248108,13.1325857521824
706.1887490749359,13.078003351068714
706.1897461414337,13.022414468203788
706.1907451152802,12.96564256963476
706.1917588710785,12.908093921267287
706.1937503814697,12.84884883189013
706.19482588768,12.790164738699414
706.1957545280457,12.731771821346891
706.19606590271,12.673126896031732
706.1982216835022,12.614392544773876
706.1992428302765,12.556035438285745
706.2002239227295,12.499168494052334
706.2012252807617,12.442915618722838
706.2022252082825,12.38746405098001
706.2032208442688,12.333622104778794
706.2042248249054,12.279772632527283
706.2062225341797,12.226638466682918
706.2072937488556,12.176116952683186
706.208220243454,12.128152084361322
706.2084958553314,12.08192085795169
706.2105839252472,12.038603874922988
706.2115828990936,11.99906400201482
706.2115828990936,6.211197618603523
706.2125823497772,5.7879461004069555
706.2135841846466,5.376368867634104
706.2145853042603,4.975484750112712
711.8497798442841,4.58811254895824
711.8507816791534,4.21647181965023
711.8517816066742,3.861556320880278
711.8517816066742,3.519634593232814
711.852780342102,3.194630246880166
711.85378074646,2.8838046400191644
711.854781627655,2.5883033290598623
