Data Set 1:Time(s),Data Set 1:Force(N),Data Set 1:Respiration Rate(bpm)
0,4.75982666015625,7.3952341079711914
0.10000000000000001,4.0674209594726562,
0.20000000000000001,3.2370452880859375,
0.29999999999999999,3.01220703125,
0.40000000000000002,2.8793411254882812,
0.5,2.8282470703125,
0.59999999999999998,3.0096511840820312,
0.69999999999999996,3.479766845703125,
0.80000000000000004,3.9192276000976562,
0.90000000000000002,4.02398681640625,
1,3.85791015625,
1.1000000000000001,3.6867218017578125,
1.2,3.7531509399414062,
1.3,3.9447784423828125,
1.3999999999999999,4.1670608520507812,
1.5,4.161956787109375,
1.6000000000000001,3.9447784423828125,
1.7,3.8885726928710938,
1.8,3.9601058959960938,
1.8999999999999999,3.9268951416015625,
2,3.8783493041992188,
2.1000000000000001,3.85791015625,
2.2000000000000002,3.80169677734375,
2.2999999999999998,3.7250518798828125,
2.3999999999999999,3.7429351806640625,
2.5,3.85791015625,
2.6000000000000001,3.9422225952148438,
2.7000000000000002,4.0265426635742188,
2.7999999999999998,4.1594009399414062,
2.8999999999999999,4.3305816650390625,
3,4.53753662109375,
3.1000000000000001,4.7700424194335938,
3.2000000000000002,4.9565582275390625,
3.2999999999999998,4.989776611328125,
3.3999999999999999,4.933563232421875,
3.5,5.0843124389648438,
3.6000000000000001,5.4752273559570312,
3.7000000000000002,5.8405914306640625,
3.7999999999999998,5.9990005493164062,
3.8999999999999999,5.9249038696289062,
4,5.6591873168945312,
4.0999999999999996,5.2580490112304688,
4.2000000000000002,4.8364715576171875,
4.2999999999999998,4.4634475708007812,
4.4000000000000004,4.179840087890625,
4.5,4.0086517333984375,
4.5999999999999996,3.9141159057617188,
4.7000000000000002,3.84002685546875,
4.7999999999999998,3.7787017822265625,
4.9000000000000004,3.748046875,
5,3.7276077270507812,
5.0999999999999996,3.6765060424804688,
5.2000000000000002,3.6305160522460938,
5.2999999999999998,3.610076904296875,
5.4000000000000004,3.6126327514648438,
5.5,3.663726806640625,
5.5999999999999996,3.7327117919921875,
5.7000000000000002,3.8374710083007812,
5.7999999999999998,4.0214309692382812,
5.9000000000000004,4.2590408325195312,
6,4.491546630859375,
6.0999999999999996,4.7087249755859375,
6.2000000000000002,4.9718856811523438,
6.2999999999999998,5.3398056030273438,
6.4000000000000004,5.835479736328125,
6.5,6.295379638671875,
6.5999999999999996,6.6198654174804688,
6.7000000000000002,6.9443511962890625,
6.7999999999999998,7.2688369750976562,
6.9000000000000004,7.5345535278320312,
7,7.7185134887695312,
7.0999999999999996,7.859039306640625,
7.2000000000000002,8.0276718139648438,
7.2999999999999998,8.117095947265625,
7.4000000000000004,7.9714584350585938,
7.5,7.692962646484375,
7.5999999999999996,7.473236083984375,
7.7000000000000002,7.2432861328125,
7.7999999999999998,6.7987136840820312,
7.9000000000000004,6.3388137817382812,
8,5.9606704711914062,
8.0999999999999996,5.3832473754882812,
8.1999999999999993,4.7368316650390625,
8.3000000000000007,4.31781005859375,
8.4000000000000004,4.1261825561523438,
8.5,3.9907684326171875,
8.5999999999999996,3.794036865234375,
8.6999999999999993,3.6381759643554688,
8.8000000000000007,3.6228485107421875,
8.9000000000000004,3.65606689453125,
9,3.6943893432617188,
9.0999999999999996,3.7531509399414062,
9.1999999999999993,3.7838134765625,
9.3000000000000007,3.8374710083007812,
9.4000000000000004,3.8323593139648438,
9.5,3.7710418701171875,
9.5999999999999996,3.7889251708984375,
9.6999999999999993,3.886016845703125,
9.8000000000000007,4.0444259643554688,
9.9000000000000004,4.2283859252929688,
10,4.3867950439453125,9.6463022232055664
10.1,4.5222091674804688,
10.199999999999999,4.6704025268554688,
10.300000000000001,4.8569107055664062,
10.4,5.0204315185546875,
10.5,5.1507415771484375,
10.6,5.3065948486328125,
10.699999999999999,5.3704681396484375,
10.800000000000001,5.319366455078125,
10.9,5.3040390014648438,
11,5.2861557006835938,
11.1,5.1839523315429688,
11.199999999999999,5.0383224487304688,
11.300000000000001,4.8824615478515625,
11.4,4.6933975219726562,
11.5,4.5170974731445312,
11.6,4.437896728515625,
11.699999999999999,4.5809707641601562,
11.800000000000001,4.6652908325195312,
11.9,4.4327850341796875,
12,4.1389617919921875,
12.1,3.8732376098632812,
12.199999999999999,3.610076904296875,
12.300000000000001,3.461883544921875,
12.4,3.4465560913085938,
12.5,3.479766845703125,
12.6,3.518096923828125,
12.699999999999999,3.5410919189453125,
12.800000000000001,3.5589752197265625,
12.9,3.5564193725585938,
13,3.387786865234375,
13.1,3.06585693359375,
13.199999999999999,2.9227752685546875,
13.300000000000001,3.1169586181640625,
13.4,3.4925460815429688,
13.5,3.85791015625,
13.6,4.1645126342773438,
13.699999999999999,4.4072341918945312,
13.800000000000001,4.5630874633789062,
13.9,4.6652908325195312,
14,4.7725982666015625,
14.1,4.851806640625,
14.199999999999999,4.8620223999023438,
14.300000000000001,4.7930374145507812,
14.4,4.6908416748046875,
14.5,4.6193008422851562,
14.6,4.547760009765625,
14.699999999999999,4.4583358764648438,
14.800000000000001,4.3944625854492188,
14.9,4.35357666015625,
15,4.289703369140625,
15.1,4.1875076293945312,
15.199999999999999,4.0648651123046875,
15.300000000000001,3.9550018310546875,
15.4,3.8655776977539062,
15.5,3.811920166015625,
15.6,3.7735977172851562,
15.699999999999999,3.7301559448242188,
15.800000000000001,3.6969451904296875,
15.9,3.6867218017578125,
16,3.6995010375976562,
16.100000000000001,3.6662826538085938,
16.199999999999999,3.5870819091796875,
16.300000000000001,3.5589752197265625,
16.399999999999999,3.5615310668945312,
16.5,3.5640869140625,
16.600000000000001,3.58197021484375,
16.699999999999999,3.5921859741210938,
16.800000000000001,3.5972976684570312,
16.899999999999999,3.610076904296875,
17,3.6151809692382812,
17.100000000000001,3.5972976684570312,
17.199999999999999,3.5666427612304688,
17.300000000000001,3.5666427612304688,
17.399999999999999,3.5845260620117188,
17.5,3.58197021484375,
17.600000000000001,3.5845260620117188,
17.699999999999999,3.6330718994140625,
17.800000000000001,3.7454910278320312,
17.899999999999999,3.9268951416015625,
18,4.1670608520507812,
18.100000000000001,4.445556640625,
18.199999999999999,4.7266082763671875,
18.300000000000001,5.0178756713867188,
18.399999999999999,5.3142623901367188,
18.5,5.595306396484375,
18.600000000000001,5.9044647216796875,
18.699999999999999,6.1599655151367188,
18.800000000000001,6.3030471801757812,
18.899999999999999,6.479339599609375,
19,6.6837387084960938,
19.100000000000001,6.8217086791992188,
19.199999999999999,6.9315719604492188,
19.300000000000001,7.0235519409179688,
19.399999999999999,7.0158920288085938,
19.5,6.8447036743164062,
19.600000000000001,6.4640121459960938,
19.699999999999999,5.8738021850585938,
19.800000000000001,5.1762924194335938,
19.899999999999999,4.5707550048828125,
20,4.1900558471679688,7.334963321685791
20.100000000000001,3.9371109008789062,
20.199999999999999,3.719940185546875,
20.300000000000001,3.5845260620117188,
20.399999999999999,3.5104293823242188,
20.5,3.4746627807617188,
20.600000000000001,3.4644393920898438,
20.699999999999999,3.4491119384765625,
20.800000000000001,3.4363327026367188,
20.899999999999999,3.43377685546875,
21,3.444000244140625,
21.100000000000001,3.4567718505859375,
21.199999999999999,3.426116943359375,
21.300000000000001,3.4005661010742188,
21.399999999999999,3.4465560913085938,
21.5,3.5053176879882812,
21.600000000000001,3.5334243774414062,
21.699999999999999,3.4976577758789062,
21.800000000000001,3.4567718505859375,
21.899999999999999,3.47210693359375,
22,3.4567718505859375,
22.100000000000001,3.4542160034179688,
22.199999999999999,3.5308685302734375,
22.300000000000001,3.571746826171875,
22.399999999999999,3.5691909790039062,
22.5,3.5743026733398438,
22.600000000000001,3.5564193725585938,
22.699999999999999,3.5308685302734375,
22.800000000000001,3.535980224609375,
22.899999999999999,3.5947418212890625,
23,3.6356277465820312,
23.100000000000001,3.6509552001953125,
23.199999999999999,3.6611709594726562,
23.300000000000001,3.610076904296875,
23.399999999999999,3.5564193725585938,
23.5,3.535980224609375,
23.600000000000001,3.5283126831054688,
23.699999999999999,3.5283126831054688,
23.800000000000001,3.5385360717773438,
23.899999999999999,3.5845260620117188,
24,3.6151809692382812,
24.100000000000001,3.6228485107421875,
24.199999999999999,3.5921859741210938,
24.300000000000001,3.5513076782226562,
24.399999999999999,3.50787353515625,
24.5,3.50787353515625,
24.600000000000001,3.7071609497070312,
24.699999999999999,4.087860107421875,
24.800000000000001,4.4200057983398438,
24.899999999999999,4.53753662109375,
25,4.6959457397460938,
25.100000000000001,4.9999923706054688,
25.199999999999999,5.27337646484375,
25.300000000000001,5.4879989624023438,
25.399999999999999,5.6464080810546875,
25.5,5.8278121948242188,
25.600000000000001,6.0296554565429688,
25.699999999999999,6.1446304321289062,
25.800000000000001,6.147186279296875,
25.899999999999999,6.1139755249023438,
26,6.0424346923828125,
26.100000000000001,5.9223480224609375,
26.199999999999999,5.6285247802734375,
26.300000000000001,5.1251907348632812,
26.399999999999999,4.6831741333007812,
26.5,4.3867950439453125,
26.600000000000001,4.1568450927734375,
26.699999999999999,3.9984359741210938,
26.800000000000001,3.9294509887695312,
26.899999999999999,3.9166717529296875,
27,3.8502426147460938,
27.100000000000001,3.7122726440429688,
27.199999999999999,3.6049652099609375,
27.300000000000001,3.5743026733398438,
27.399999999999999,3.5870819091796875,
27.5,3.5921859741210938,
27.600000000000001,3.5972976684570312,
27.699999999999999,3.599853515625,
27.800000000000001,3.5972976684570312,
27.899999999999999,3.61773681640625,
28,3.610076904296875,
28.100000000000001,3.5794143676757812,
28.199999999999999,3.5666427612304688,
28.300000000000001,3.5768585205078125,
28.399999999999999,3.6483993530273438,
28.5,3.7403793334960938,
28.600000000000001,3.8553543090820312,
28.699999999999999,4.013763427734375,
28.800000000000001,4.1747283935546875,
28.899999999999999,4.3152542114257812,
29,4.3867950439453125,
29.100000000000001,4.3791275024414062,
29.199999999999999,4.3203659057617188,
29.300000000000001,4.2283859252929688,
29.399999999999999,4.161956787109375,
29.5,4.1517333984375,
29.600000000000001,4.1312942504882812,
29.699999999999999,4.0827484130859375,
29.800000000000001,4.0648651123046875,
29.899999999999999,4.0571975708007812,
30,4.031646728515625,8.2116794586181641
30.100000000000001,3.9345626831054688,
30.199999999999999,3.811920166015625,
30.300000000000001,3.737823486328125,
30.399999999999999,3.7046127319335938,
30.5,3.6943893432617188,
30.600000000000001,3.6790618896484375,
30.699999999999999,3.6662826538085938,
30.800000000000001,3.6483993530273438,
30.899999999999999,3.599853515625,
31,3.5947418212890625,
31.100000000000001,3.6075210571289062,
31.199999999999999,3.5743026733398438,
31.300000000000001,3.535980224609375,
31.399999999999999,3.518096923828125,
31.5,3.5308685302734375,
31.600000000000001,3.5564193725585938,
31.699999999999999,3.5640869140625,
31.800000000000001,3.5589752197265625,
31.899999999999999,3.5640869140625,
32,3.5589752197265625,
32.100000000000001,3.5487518310546875,
32.200000000000003,3.5308685302734375,
32.299999999999997,3.5027618408203125,
32.399999999999999,3.4746627807617188,
32.5,3.461883544921875,
32.600000000000001,3.4874343872070312,
32.700000000000003,3.5104293823242188,
32.799999999999997,3.5308685302734375,
32.899999999999999,3.5691909790039062,
33,3.627960205078125,
33.100000000000001,3.702056884765625,
33.200000000000003,3.8042526245117188,
33.299999999999997,3.9805526733398438,
33.399999999999999,4.197723388671875,
33.5,4.3944625854492188,
33.600000000000001,4.6422958374023438,
33.700000000000003,4.9258956909179688,
33.799999999999997,5.1430740356445312,
33.899999999999999,5.3244781494140625,
34,5.4777755737304688,
34.100000000000001,5.5697555541992188,
34.200000000000003,5.67962646484375,
34.299999999999997,5.8942413330078125,
34.399999999999999,6.2468338012695312,
34.5,6.7144012451171875,
34.600000000000001,7.1461944580078125,
34.700000000000003,7.3659210205078125,
34.799999999999997,7.3301544189453125,
34.899999999999999,7.0848770141601562,
35,6.7884902954101562,
35.100000000000001,6.4716720581054688,
35.200000000000003,6.0705413818359375,
35.299999999999997,5.7000656127929688,
35.399999999999999,5.4062423706054688,
35.5,5.1430740356445312,
35.600000000000001,4.9284515380859375,
35.700000000000003,4.79559326171875,
35.799999999999997,4.6678466796875,
35.899999999999999,4.473663330078125,
36,4.2411575317382812,
36.100000000000001,4.0444259643554688,
36.200000000000003,3.8732376098632812,
36.299999999999997,3.7071609497070312,
36.399999999999999,3.5947418212890625,
36.5,3.5385360717773438,
36.600000000000001,3.5053176879882812,
36.700000000000003,3.4823226928710938,
36.799999999999997,3.4695510864257812,
36.899999999999999,3.4695510864257812,
37,3.4669952392578125,
37.100000000000001,3.4669952392578125,
37.200000000000003,3.444000244140625,
37.299999999999997,3.4184494018554688,
37.399999999999999,3.4286651611328125,
37.5,3.4925460815429688,
37.600000000000001,3.65606689453125,
37.700000000000003,3.9090118408203125,
37.799999999999997,4.2488250732421875,
37.899999999999999,4.6678466796875,
38,5.099639892578125,
38.100000000000001,5.4701156616210938,
38.200000000000003,5.817596435546875,
38.299999999999997,6.2647171020507812,
38.399999999999999,6.6581878662109375,
38.5,6.7144012451171875,
38.600000000000001,6.4486770629882812,
38.700000000000003,6.0679855346679688,
38.799999999999997,5.687286376953125,
38.899999999999999,5.2784881591796875,
39,4.8748016357421875,
39.100000000000001,4.5170974731445312,
39.200000000000003,4.2386016845703125,
39.299999999999997,4.0163192749023438,
39.399999999999999,3.8451309204101562,
39.5,3.7608184814453125,
39.600000000000001,3.7250518798828125,
39.700000000000003,3.6892776489257812,
39.799999999999997,3.6407318115234375,
39.899999999999999,3.6024093627929688,
40,3.5947418212890625,8.6393089294433594
40.100000000000001,3.610076904296875,
40.200000000000003,3.6075210571289062,
40.299999999999997,3.553863525390625,
40.399999999999999,3.5002059936523438,
40.5,3.4976577758789062,
40.600000000000001,3.5104293823242188,
40.700000000000003,3.5283126831054688,
40.799999999999997,3.5564193725585938,
40.899999999999999,3.5794143676757812,
41,3.6024093627929688,
41.100000000000001,3.6126327514648438,
41.200000000000003,3.6075210571289062,
41.299999999999997,3.6126327514648438,
41.399999999999999,3.6432876586914062,
41.5,3.811920166015625,
41.600000000000001,4.0980758666992188,
41.700000000000003,4.4225616455078125,
41.799999999999997,4.8032608032226562,
41.899999999999999,5.2018356323242188,
42,5.5467605590820312,
42.100000000000001,5.82525634765625,
42.200000000000003,6.0909805297851562,
42.299999999999997,6.369476318359375,
42.399999999999999,6.6326370239257812,
42.5,6.791046142578125,
42.600000000000001,6.7757186889648438,
42.700000000000003,6.663299560546875,
42.799999999999997,6.5968704223632812,
42.899999999999999,6.5278854370117188,
43,6.3924713134765625,
43.100000000000001,6.2289505004882812,
43.200000000000003,5.9964447021484375,
43.299999999999997,5.6821823120117188,
43.399999999999999,5.3321456909179688,
43.5,4.9718856811523438,
43.600000000000001,4.6193008422851562,
43.700000000000003,4.3024826049804688,
43.799999999999997,4.0648651123046875,
43.899999999999999,3.8809051513671875,
44,3.7506027221679688,
44.100000000000001,3.6816177368164062,
44.200000000000003,3.5845260620117188,
44.299999999999997,3.4848785400390625,
44.399999999999999,3.461883544921875,
44.5,3.489990234375,
44.600000000000001,3.518096923828125,
44.700000000000003,3.5155410766601562,
44.799999999999997,3.5155410766601562,
44.899999999999999,3.5283126831054688,
45,3.5385360717773438,
45.100000000000001,3.5410919189453125,
45.200000000000003,3.535980224609375,
45.299999999999997,3.5768585205078125,
45.399999999999999,3.6381759643554688,
45.5,3.709716796875,
45.600000000000001,3.8655776977539062,
45.700000000000003,4.0853042602539062,
45.799999999999997,4.3280258178710938,
45.899999999999999,4.59375,
46,4.8185882568359375,
46.100000000000001,4.9207916259765625,
46.200000000000003,4.9182357788085938,
46.299999999999997,4.86968994140625,
46.399999999999999,4.805816650390625,
46.5,4.7444915771484375,
46.600000000000001,4.6959457397460938,
46.700000000000003,4.6346282958984375,
46.799999999999997,4.5681991577148438,
46.899999999999999,4.5222091674804688,
47,4.50177001953125,
47.100000000000001,4.4430007934570312,
47.200000000000003,4.3280258178710938,
47.299999999999997,4.2360458374023438,
47.399999999999999,4.1517333984375,
47.5,4.0725326538085938,
47.600000000000001,4.0214309692382812,
47.700000000000003,3.9626617431640625,
47.799999999999997,3.8911209106445312,
47.899999999999999,3.8068084716796875,
48,3.7429351806640625,
48.100000000000001,3.6995010375976562,
48.200000000000003,3.6075210571289062,
48.299999999999997,3.4925460815429688,
48.399999999999999,3.405670166015625,
48.5,3.3315811157226562,
48.600000000000001,3.3085861206054688,
48.700000000000003,3.3315811157226562,
48.799999999999997,3.341796875,
48.899999999999999,3.3724594116210938,
49,3.4746627807617188,
49.100000000000001,3.599853515625,
49.200000000000003,3.7889251708984375,
49.299999999999997,4.0546417236328125,
49.399999999999999,4.3382492065429688,
49.5,4.6193008422851562,
49.600000000000001,4.8875732421875,
49.700000000000003,5.1328506469726562,
49.799999999999997,5.34747314453125,
49.899999999999999,5.5442123413085938,
50,5.7102813720703125,9.8928279876708984
50.100000000000001,5.8610305786132812,
50.200000000000003,5.9862213134765625,
50.299999999999997,6.0858688354492188,
50.399999999999999,6.203399658203125,
50.5,6.2263946533203125,
50.600000000000001,6.1165313720703125,
50.700000000000003,5.9836654663085938,
50.799999999999997,5.853363037109375,
50.899999999999999,5.725616455078125,
51,5.60552978515625,
51.100000000000001,5.4828872680664062,
51.200000000000003,5.3244781494140625,
51.299999999999997,5.1405181884765625,
51.399999999999999,4.9718856811523438,
51.5,4.8134765625,
51.600000000000001,4.70361328125,
51.700000000000003,4.5784225463867188,
51.799999999999997,4.4149017333984375,
51.899999999999999,4.2794876098632812,
52,4.179840087890625,
52.100000000000001,4.1389617919921875,
52.200000000000003,4.0955276489257812,
52.299999999999997,4.0393142700195312,
52.399999999999999,3.9984359741210938,
52.5,3.98565673828125,
52.600000000000001,3.98565673828125,
52.700000000000003,3.9984359741210938,
52.799999999999997,3.9907684326171875,
52.899999999999999,3.9907684326171875,
53,4.0188751220703125,
53.100000000000001,4.0495376586914062,
53.200000000000003,4.069976806640625,
53.299999999999997,4.07763671875,
53.399999999999999,4.1645126342773438,
53.5,4.3561325073242188,
53.600000000000001,4.529876708984375,
53.700000000000003,4.675506591796875,
53.799999999999997,4.8288116455078125,
53.899999999999999,4.9821090698242188,
54,5.117523193359375,
54.100000000000001,5.16351318359375,
54.200000000000003,5.08941650390625,
54.299999999999997,4.9284515380859375,
54.399999999999999,4.7240524291992188,
54.5,4.5145416259765625,
54.600000000000001,4.3408050537109375,
54.700000000000003,4.2564926147460938,
54.799999999999997,4.2922592163085938,
54.899999999999999,4.4149017333984375,
55,4.5452041625976562,
55.100000000000001,4.6780624389648438,
55.200000000000003,4.8364715576171875,
55.299999999999997,5.0127716064453125,
55.399999999999999,5.3244781494140625,
55.5,5.807373046875,
55.600000000000001,6.3183746337890625,
55.700000000000003,6.8395919799804688,
55.799999999999997,7.3148269653320312,
55.899999999999999,7.6495285034179688,
56,7.84881591796875,
56.100000000000001,7.92291259765625,
56.200000000000003,7.8973617553710938,
56.299999999999997,7.7874984741210938,
56.399999999999999,7.5856552124023438,
56.5,7.3480377197265625,
56.600000000000001,7.1461944580078125,
56.700000000000003,6.9826736450195312,
56.799999999999997,6.8114852905273438,
56.899999999999999,6.6173095703125,
57,6.4563446044921875,
57.100000000000001,6.323486328125,
57.200000000000003,6.1701812744140625,
57.299999999999997,6.0117721557617188,
57.399999999999999,5.8380355834960938,
57.5,5.651519775390625,
57.600000000000001,5.4471206665039062,
57.700000000000003,5.1967315673828125,
57.799999999999997,4.9080123901367188,
57.899999999999999,4.61163330078125,
58,4.3280258178710938,
58.100000000000001,4.0520858764648438,
58.200000000000003,3.7787017822265625,
58.299999999999997,3.5513076782226562,
58.399999999999999,3.4082260131835938,
58.5,3.334136962890625,
58.600000000000001,3.313690185546875,
58.700000000000003,3.3085861206054688,
58.799999999999997,3.2906951904296875,
58.899999999999999,3.2830352783203125,
59,3.3162460327148438,
59.100000000000001,3.4107818603515625,
59.200000000000003,3.535980224609375,
59.299999999999997,3.69183349609375,
59.399999999999999,3.903900146484375,
59.5,4.115966796875,
59.600000000000001,4.3433609008789062,
59.700000000000003,4.6295166015625,
59.799999999999997,4.9361190795898438,
59.899999999999999,5.2120590209960938,
60,5.411346435546875,11.246485710144043
60.100000000000001,5.5391006469726562,
60.200000000000003,5.53143310546875,
60.299999999999997,5.4036865234375,
60.399999999999999,5.2912673950195312,
60.5,5.1941757202148438,
60.600000000000001,5.08941650390625,
60.700000000000003,4.9821090698242188,
60.799999999999997,4.8543624877929688,
60.899999999999999,4.7342758178710938,
61,4.6244125366210938,
61.100000000000001,4.5068817138671875,
61.200000000000003,4.3740158081054688,
61.299999999999997,4.2105026245117188,
61.399999999999999,4.0827484130859375,
61.5,4.013763427734375,
61.600000000000001,3.9524459838867188,
61.700000000000003,3.886016845703125,
61.799999999999997,3.7965927124023438,
61.899999999999999,3.6969451904296875,
62,3.6483993530273438,
62.100000000000001,3.6943893432617188,
62.200000000000003,3.7991409301757812,
62.299999999999997,3.9447784423828125,
62.399999999999999,4.1415176391601562,
62.5,4.3024826049804688,
62.600000000000001,4.4608917236328125,
62.700000000000003,4.7240524291992188,
62.799999999999997,5.025543212890625,
62.899999999999999,5.3347015380859375,
63,5.7102813720703125,
63.100000000000001,6.0628738403320312,
63.200000000000003,6.3055953979492188,
63.299999999999997,6.4307937622070312,
63.399999999999999,6.497222900390625,
63.5,6.4870071411132812,
63.600000000000001,6.3592529296875,
63.700000000000003,6.3158187866210938,
63.799999999999997,6.3848037719726562,
63.899999999999999,6.4359054565429688,
64,6.45123291015625,
64.099999999999994,6.4461212158203125,
64.200000000000003,6.3745803833007812,
64.299999999999997,6.2647171020507812,
64.400000000000006,6.2238388061523438,
64.5,6.2187271118164062,
64.599999999999994,6.2136154174804688,
64.700000000000003,6.203399658203125,
64.799999999999997,6.1420822143554688,
64.900000000000006,5.9990005493164062,
65,5.7716064453125,
65.099999999999994,5.4624481201171875,
65.200000000000003,5.0459823608398438,
65.299999999999997,4.5273208618164062,
65.400000000000006,4.0623092651367188,
65.5,3.7608184814453125,
65.599999999999994,3.5972976684570312,
65.700000000000003,3.5308685302734375,
65.799999999999997,3.5002059936523438,
65.900000000000006,3.4669952392578125,
66,3.4491119384765625,
66.099999999999994,3.4669952392578125,
66.200000000000003,3.4695510864257812,
66.299999999999997,3.4593276977539062,
66.400000000000006,3.5155410766601562,
66.5,3.6483993530273438,
66.599999999999994,3.829803466796875,
66.700000000000003,4.0469818115234375,
66.799999999999997,4.3765716552734375,
66.900000000000006,4.9386749267578125,
67,5.5288772583007812,
67.099999999999994,5.9402313232421875,
67.200000000000003,6.203399658203125,
67.299999999999997,6.3848037719726562,
67.400000000000006,6.5687637329101562,
67.5,6.7757186889648438,
67.599999999999994,6.9903411865234375,
67.700000000000003,7.1257553100585938,
67.799999999999997,7.15130615234375,
67.900000000000006,7.0720977783203125,
68,6.8676986694335938,
68.099999999999994,6.6173095703125,
68.200000000000003,6.4282379150390625,
68.299999999999997,6.3030471801757812,
68.400000000000006,6.185516357421875,
68.5,6.1088638305664062,
68.599999999999994,6.0909805297851562,
68.700000000000003,6.0577621459960938,
68.799999999999997,6.019439697265625,
68.900000000000006,5.9913330078125,
69,5.9044647216796875,
69.099999999999994,5.7920455932617188,
69.200000000000003,5.7077255249023438,
69.299999999999997,5.6361923217773438,
69.400000000000006,5.5850906372070312,
69.5,5.5288772583007812,
69.599999999999994,5.4471206665039062,
69.700000000000003,5.3372573852539062,
69.799999999999997,5.0919723510742188,
69.900000000000006,4.749603271484375,
70,4.4864425659179688,9.5162572860717773
70.099999999999994,4.2105026245117188,
70.200000000000003,3.9090118408203125,
70.299999999999997,3.6995010375976562,
70.400000000000006,3.5794143676757812,
70.5,3.5053176879882812,
70.599999999999994,3.4976577758789062,
70.700000000000003,3.5896377563476562,
70.799999999999997,3.7352676391601562,
70.900000000000006,3.9192276000976562,
71,4.1312942504882812,
71.099999999999994,4.2692642211914062,
71.200000000000003,4.3970108032226562,
71.299999999999997,4.6346282958984375,
71.400000000000006,4.8952407836914062,
71.5,5.12774658203125,
71.599999999999994,5.3449172973632812,
71.700000000000003,5.64129638671875,
71.799999999999997,6.0296554565429688,
71.900000000000006,6.3848037719726562,
72,6.6403045654296875,
72.099999999999994,6.8165969848632812,
72.200000000000003,6.96734619140625,
72.299999999999997,7.1206436157226562,
72.400000000000006,7.2535018920898438,
72.5,7.3403701782226562,
72.599999999999994,7.3787002563476562,
72.700000000000003,7.3378219604492188,
72.799999999999997,7.1180877685546875,
72.900000000000006,6.6479721069335938,
73,6.0679855346679688,
73.099999999999994,5.5391006469726562,
73.200000000000003,5.1328506469726562,
73.299999999999997,4.8671340942382812,
73.400000000000006,4.6499557495117188,
73.5,4.42767333984375,
73.599999999999994,4.2181625366210938,
73.700000000000003,4.0265426635742188,
73.799999999999997,3.8374710083007812,
73.900000000000006,3.6586227416992188,
74,3.5257568359375,
74.099999999999994,3.4491119384765625,
74.200000000000003,3.4286651611328125,
74.299999999999997,3.4567718505859375,
74.400000000000006,3.4644393920898438,
74.5,3.4031219482421875,
74.599999999999994,3.3188018798828125,
74.700000000000003,3.2804794311523438,
74.799999999999997,3.28814697265625,
74.900000000000006,3.2753677368164062,
75,3.1936111450195312,
75.099999999999994,3.1322860717773438,
75.200000000000003,3.1552810668945312,
75.299999999999997,3.260040283203125,
75.400000000000006,3.4567718505859375,
75.5,3.65606689453125,
75.599999999999994,3.8425827026367188,
75.700000000000003,4.07763671875,
75.799999999999997,4.3229217529296875,
75.900000000000006,4.5528717041015625,
76,4.7547149658203125,
76.099999999999994,4.9412307739257812,
76.200000000000003,5.1481857299804688,
76.299999999999997,5.3500289916992188,
76.400000000000006,5.6029739379882812,
76.5,5.9044647216796875,
76.599999999999994,6.2008438110351562,
76.700000000000003,6.4563446044921875,
76.799999999999997,6.607086181640625,
76.900000000000006,6.645416259765625,
77,6.6556320190429688,
77.099999999999994,6.6224212646484375,
77.200000000000003,6.4895553588867188,
77.299999999999997,6.3618087768554688,
77.400000000000006,6.2928237915039062,
77.5,6.1778488159179688,
77.599999999999994,6.0501022338867188,
77.700000000000003,5.97344970703125,
77.799999999999997,5.7946014404296875,
77.900000000000006,5.449676513671875,
78,5.0843124389648438,
78.099999999999994,4.7444915771484375,
78.200000000000003,4.4149017333984375,
78.299999999999997,4.13385009765625,
78.400000000000006,3.903900146484375,
78.5,3.7276077270507812,
78.599999999999994,3.6254043579101562,
78.700000000000003,3.5666427612304688,
78.799999999999997,3.5104293823242188,
78.900000000000006,3.3928985595703125,
79,3.260040283203125,
79.099999999999994,3.1808319091796875,
79.200000000000003,3.1450653076171875,
79.299999999999997,3.1373977661132812,
79.400000000000006,3.1322860717773438,
79.5,3.1322860717773438,
79.599999999999994,3.1450653076171875,
79.700000000000003,3.17572021484375,
79.799999999999997,3.23193359375,
79.900000000000006,3.3188018798828125,
80,3.4005661010742188,13.564431190490723
80.099999999999994,3.5002059936523438,
80.200000000000003,3.6586227416992188,
80.299999999999997,3.85791015625,
80.400000000000006,4.0929718017578125,
80.5,4.345916748046875,
80.599999999999994,4.6141891479492188,
80.700000000000003,4.9003524780273438,
80.799999999999997,5.16351318359375,
80.900000000000006,5.3500289916992188,
81,5.4368972778320312,
81.099999999999994,5.4522323608398438,
81.200000000000003,5.4598922729492188,
81.299999999999997,5.4522323608398438,
81.400000000000006,5.42156982421875,
81.5,5.3730239868164062,
81.599999999999994,5.301483154296875,
81.700000000000003,5.2478256225585938,
81.799999999999997,5.2043914794921875,
81.900000000000006,5.1098556518554688,
82,4.9744415283203125,
82.099999999999994,4.8671340942382812,
82.200000000000003,4.7623825073242188,
82.299999999999997,4.6627349853515625,
82.400000000000006,4.5860824584960938,
82.5,4.4787750244140625,
82.599999999999994,4.3561325073242188,
82.700000000000003,4.2641525268554688,
82.799999999999997,4.1645126342773438,
82.900000000000006,4.0214309692382812,
83,3.8987884521484375,
83.099999999999994,3.7991409301757812,
83.200000000000003,3.6995010375976562,
83.299999999999997,3.599853515625,
83.400000000000006,3.5027618408203125,
83.5,3.4286651611328125,
83.599999999999994,3.387786865234375,
83.700000000000003,3.369903564453125,
83.799999999999997,3.35968017578125,
83.900000000000006,3.3443527221679688,
84,3.4107818603515625,
84.099999999999994,3.5896377563476562,
84.200000000000003,3.8349151611328125,
84.299999999999997,4.105743408203125,
84.400000000000006,4.3944625854492188,
84.5,4.767486572265625,
84.599999999999994,5.2043914794921875,
84.700000000000003,5.6234130859375,
84.799999999999997,5.9478988647460938,
84.900000000000006,6.2085113525390625,
85,6.4589004516601562,
85.099999999999994,6.6556320190429688,
85.200000000000003,6.8370361328125,
85.299999999999997,6.9928970336914062,
85.400000000000006,7.049102783203125,
85.5,7.0184402465820312,
85.599999999999994,6.8958053588867188,
85.700000000000003,6.7348403930664062,
85.799999999999997,6.6300811767578125,
85.900000000000006,6.5329971313476562,
86,6.387359619140625,
86.099999999999994,6.295379638671875,
86.200000000000003,6.2902679443359375,
86.299999999999997,6.2238388061523438,
86.400000000000006,6.0807571411132812,
86.5,5.9351272583007812,
86.599999999999994,5.71539306640625,
86.700000000000003,5.4752273559570312,
86.799999999999997,5.2759323120117188,
86.900000000000006,5.071533203125,
87,4.8901290893554688,
87.099999999999994,4.6959457397460938,
87.200000000000003,4.4174575805664062,
87.299999999999997,4.1108551025390625,
87.400000000000006,3.8706817626953125,
87.5,3.702056884765625,
87.599999999999994,3.571746826171875,
87.700000000000003,3.4491119384765625,
87.799999999999997,3.3494644165039062,
87.900000000000006,3.2983627319335938,
88,3.2549285888671875,
88.099999999999994,3.242156982421875,
88.200000000000003,3.2625961303710938,
88.299999999999997,3.295806884765625,
88.400000000000006,3.3826751708984375,
88.5,3.50787353515625,
88.599999999999994,3.645843505859375,
88.700000000000003,3.7608184814453125,
88.799999999999997,3.8323593139648438,
88.900000000000006,3.9652175903320312,
89,4.24371337890625,
89.099999999999994,4.5426483154296875,
89.200000000000003,4.68572998046875,
89.299999999999997,4.7828216552734375,
89.400000000000006,4.9667816162109375,
89.5,5.05364990234375,
89.599999999999994,5.0868606567382812,
89.700000000000003,5.27337646484375,
89.799999999999997,5.5237655639648438,
89.900000000000006,5.7332763671875,
90,5.927459716796875,14.065639495849609
90.099999999999994,6.111419677734375,
90.200000000000003,6.313262939453125,
90.299999999999997,6.5559921264648438,
90.400000000000006,6.7297286987304688,
90.5,6.7501678466796875,
90.599999999999994,6.6019821166992188,
90.700000000000003,6.3924713134765625,
90.799999999999997,6.2545013427734375,
90.900000000000006,6.1063079833984375,
91,5.9070205688476562,
91.099999999999994,5.687286376953125,
91.200000000000003,5.4777755737304688,
91.299999999999997,5.3321456909179688,
91.400000000000006,5.3040390014648438,
91.5,5.2989273071289062,
91.599999999999994,5.2606048583984375,
91.700000000000003,5.227386474609375,
91.799999999999997,5.1686248779296875,
91.900000000000006,5.081756591796875,
92,5.0332107543945312,
92.099999999999994,4.9974365234375,
92.200000000000003,4.9029006958007812,
92.299999999999997,4.8032608032226562,
92.400000000000006,4.713836669921875,
92.5,4.5579757690429688,
92.599999999999994,4.3229217529296875,
92.700000000000003,4.0827484130859375,
92.799999999999997,3.87579345703125,
92.900000000000006,3.6892776489257812,
93,3.5972976684570312,
93.099999999999994,3.61773681640625,
93.200000000000003,3.5896377563476562,
93.299999999999997,3.4082260131835938,
93.400000000000006,3.242156982421875,
93.5,3.1552810668945312,
93.599999999999994,3.0173110961914062,
93.700000000000003,2.8844528198242188,
93.799999999999997,2.8333511352539062,
93.900000000000006,2.8972320556640625,
94,3.0326461791992188,
94.099999999999994,3.1527252197265625,
94.200000000000003,3.2804794311523438,
94.299999999999997,3.4312210083007812,
94.400000000000006,3.5743026733398438,
94.5,3.6739501953125,
94.599999999999994,3.7531509399414062,
94.700000000000003,3.8272476196289062,
94.799999999999997,3.87579345703125,
94.900000000000006,4.0086517333984375,
95,4.3101425170898438,
95.099999999999994,4.6780624389648438,
95.200000000000003,5.0638656616210938,
95.299999999999997,5.449676513671875,
95.400000000000006,5.835479736328125,
95.5,6.2442779541015625,
95.599999999999994,6.6581878662109375,
95.700000000000003,7.0184402465820312,
95.799999999999997,7.3122711181640625,
95.900000000000006,7.5422210693359375,
96,7.7236251831054688,
96.099999999999994,7.9126968383789062,
96.200000000000003,8.042999267578125,
96.299999999999997,8.0992050170898438,
96.400000000000006,8.2244033813476562,
96.5,8.4594650268554688,
96.599999999999994,8.6766357421875,
96.700000000000003,8.8938140869140625,
96.799999999999997,9.1544265747070312,
96.900000000000006,9.294952392578125,
97,9.2080764770507812,
97.099999999999994,8.962799072265625,
97.200000000000003,8.6817474365234375,
97.299999999999997,8.3419342041015625,
97.400000000000006,7.8794784545898438,
97.5,7.2586135864257812,
97.599999999999994,6.5687637329101562,
97.700000000000003,5.9504547119140625,
97.799999999999997,5.3704681396484375,
97.900000000000006,4.851806640625,
98,4.4532241821289062,
98.099999999999994,4.1568450927734375,
98.200000000000003,3.9166717529296875,
98.299999999999997,3.6892776489257812,
98.400000000000006,3.50787353515625,
98.5,3.4363327026367188,
98.599999999999994,3.4465560913085938,
98.700000000000003,3.4593276977539062,
98.799999999999997,3.4516677856445312,
98.900000000000006,3.444000244140625,
99,3.4414443969726562,
99.099999999999994,3.4363327026367188,
99.200000000000003,3.3954544067382812,
99.299999999999997,3.3290252685546875,
99.400000000000006,3.3085861206054688,
99.5,3.3264694213867188,
99.599999999999994,3.3392410278320312,
99.700000000000003,3.352020263671875,
99.799999999999997,3.3469085693359375,
99.900000000000006,3.3443527221679688,
100,3.35968017578125,9.8684206008911133
100.09999999999999,3.3290252685546875,
100.2,3.2574844360351562,
100.3,3.2063827514648438,
100.40000000000001,3.1706161499023438,
100.5,3.17572021484375,
100.59999999999999,3.203826904296875,
100.7,3.2063827514648438,
100.8,3.2370452880859375,
100.90000000000001,3.2983627319335938,
101,3.35968017578125,
101.09999999999999,3.4772109985351562,
101.2,3.645843505859375,
101.3,3.8068084716796875,
101.40000000000001,3.9473342895507812,
101.5,4.1006317138671875,
101.59999999999999,4.2820358276367188,
101.7,4.455780029296875,
101.8,4.5426483154296875,
101.90000000000001,4.565643310546875,
102,4.5733108520507812,
102.09999999999999,4.5630874633789062,
102.2,4.5605316162109375,
102.3,4.5681991577148438,
102.40000000000001,4.5681991577148438,
102.5,4.57586669921875,
102.59999999999999,4.57586669921875,
102.7,4.5119857788085938,
102.8,4.4685516357421875,
102.90000000000001,4.4608917236328125,
103,4.3689117431640625,
103.09999999999999,4.161956787109375,
103.2,3.9422225952148438,
103.3,3.8502426147460938,
103.40000000000001,3.84002685546875,
103.5,3.8655776977539062,
103.59999999999999,3.8323593139648438,
103.7,3.7454910278320312,
103.8,3.7454910278320312,
103.90000000000001,3.7224960327148438,
104,3.627960205078125,
104.09999999999999,3.5896377563476562,
104.2,3.6024093627929688,
104.3,3.61773681640625,
104.40000000000001,3.61773681640625,
104.5,3.5385360717773438,
104.59999999999999,3.43377685546875,
104.7,3.39801025390625,
104.8,3.3903427124023438,
104.90000000000001,3.3545761108398438,
105,3.3264694213867188,
105.09999999999999,3.3724594116210938,
105.2,3.4363327026367188,
105.3,3.4235610961914062,
105.40000000000001,3.3494644165039062,
105.5,3.3085861206054688,
105.59999999999999,3.2855911254882812,
105.7,3.2830352783203125,
105.8,3.405670166015625,
105.90000000000001,3.4491119384765625,
106,3.2396011352539062,
106.09999999999999,3.1655044555664062,
106.2,3.4951019287109375,
106.3,3.939666748046875,
106.40000000000001,4.2590408325195312,
106.5,4.5324325561523438,
106.59999999999999,4.8901290893554688,
106.7,5.2887115478515625,
106.8,5.595306396484375,
106.90000000000001,5.7716064453125,
107,5.86358642578125,
107.09999999999999,5.9478988647460938,
107.2,6.0730972290039062,
107.3,6.2136154174804688,
107.40000000000001,6.3158187866210938,
107.5,6.405242919921875,
107.59999999999999,6.479339599609375,
107.7,6.2136154174804688,
107.8,5.7128372192382812,
107.90000000000001,5.3883514404296875,
108,5.1941757202148438,
108.09999999999999,5.0408706665039062,
108.2,4.9667816162109375,
108.3,4.9207916259765625,
108.40000000000001,4.8748016357421875,
108.5,4.8875732421875,
108.59999999999999,4.9105682373046875,
108.7,4.8850173950195312,
108.8,4.7802658081054688,
108.90000000000001,4.5707550048828125,
109,4.31781005859375,
109.09999999999999,4.0648651123046875,
109.2,3.8987884521484375,
109.3,3.702056884765625,
109.40000000000001,3.4005661010742188,
109.5,3.21405029296875,
109.59999999999999,3.1348419189453125,
109.7,2.9815444946289062,
109.8,2.7873611450195312,
109.90000000000001,2.7132720947265625,
110,2.6570587158203125,8.1227436065673828
110.09999999999999,2.4347763061523438,
110.2,2.25592041015625,
110.3,2.238037109375,
110.40000000000001,2.2405929565429688,
110.5,2.3555679321289062,
110.59999999999999,2.598297119140625,
110.7,2.73626708984375,
110.8,2.8384628295898438,
110.90000000000001,3.1655044555664062,
111,3.553863525390625,
111.09999999999999,3.8349151611328125,
111.2,4.1185226440429688,
111.3,4.3893508911132812,
111.40000000000001,4.6729507446289062,
111.5,5.1379623413085938,
111.59999999999999,5.927459716796875,
111.7,6.883026123046875,
111.8,7.583099365234375,
111.90000000000001,8.0072250366210938,
112,8.4594650268554688,
112.09999999999999,8.538665771484375,
112.2,8.2320709228515625,
112.3,8.262725830078125,
112.40000000000001,8.393035888671875,
112.5,8.3317108154296875,
112.59999999999999,8.1988525390625,
112.7,7.8999176025390625,
112.8,7.5779876708984375,
112.90000000000001,7.1896286010742188,
113,6.6300811767578125,
113.09999999999999,6.1241912841796875,
113.2,5.7358322143554688,
113.3,5.3372573852539062,
113.40000000000001,4.9591140747070312,
113.5,4.6422958374023438,
113.59999999999999,4.3152542114257812,
113.7,3.9805526733398438,
113.8,3.7276077270507812,
113.90000000000001,3.5640869140625,
114,3.4286651611328125,
114.09999999999999,3.2625961303710938,
114.2,3.0862960815429688,
114.3,2.9687652587890625,
114.40000000000001,2.8972320556640625,
114.5,2.8589019775390625,
114.59999999999999,2.8103561401367188,
114.7,2.743927001953125,
114.8,2.7311553955078125,
114.90000000000001,2.7669219970703125,
115,2.7745895385742188,
115.09999999999999,2.7388153076171875,
115.2,2.7464828491210938,
115.3,2.7797012329101562,
115.40000000000001,2.8154678344726562,
115.5,2.8793411254882812,
115.59999999999999,2.9048919677734375,
115.7,2.8793411254882812,
115.8,2.8691253662109375,
115.90000000000001,2.9074478149414062,
116,3.0224227905273438,
116.09999999999999,3.185943603515625,
116.2,3.32391357421875,
116.3,3.461883544921875,
116.40000000000001,3.6049652099609375,
116.5,3.7812576293945312,
116.59999999999999,3.9601058959960938,
116.7,4.0955276489257812,
116.8,4.24371337890625,
116.90000000000001,4.3740158081054688,
117,4.4353408813476562,
117.09999999999999,4.4583358764648438,
117.2,4.4532241821289062,
117.3,4.4481124877929688,
117.40000000000001,4.4481124877929688,
117.5,4.4097900390625,
117.59999999999999,4.3203659057617188,
117.7,4.2360458374023438,
117.8,4.1594009399414062,
117.90000000000001,4.087860107421875,
118,4.0648651123046875,
118.09999999999999,4.031646728515625,
118.2,3.8911209106445312,
118.3,3.663726806640625,
118.40000000000001,3.4848785400390625,
118.5,3.3111419677734375,
118.59999999999999,3.1195144653320312,
118.7,2.99176025390625,
118.8,2.910003662109375,
118.90000000000001,2.8435745239257812,
119,2.7924728393554688,
119.09999999999999,2.7413711547851562,
119.2,2.7056045532226562,
119.3,2.6877212524414062,
119.40000000000001,2.7004928588867188,
119.5,2.66217041015625,
119.59999999999999,2.5931854248046875,
119.7,2.6417312622070312,
119.8,2.8384628295898438,
119.90000000000001,3.0607452392578125,
120,3.2268218994140625,8.3410558700561523
120.09999999999999,3.4414443969726562,
120.2,3.7301559448242188,
120.3,4.0546417236328125,
120.40000000000001,4.3944625854492188,
120.5,4.7112808227539062,
120.59999999999999,5.0357666015625,
120.7,5.375579833984375,
120.8,5.6106414794921875,
120.90000000000001,5.743499755859375,
121,5.7869338989257812,
121.09999999999999,5.6745147705078125,
121.2,5.4701156616210938,
121.3,5.2401657104492188,
121.40000000000001,4.9642257690429688,
121.5,4.6882858276367188,
121.59999999999999,4.4251174926757812,
121.7,4.1517333984375,
121.8,3.8834609985351562,
121.90000000000001,3.6381759643554688,
122,3.4414443969726562,
122.09999999999999,3.3188018798828125,
122.2,3.2677001953125,
122.3,3.2447052001953125,
122.40000000000001,3.2012710571289062,
122.5,3.1067352294921875,
122.59999999999999,3.0070953369140625,
122.7,2.9381103515625,
122.8,2.8691253662109375,
122.90000000000001,2.8103561401367188,
123,2.7797012329101562,
123.09999999999999,2.754150390625,
123.2,2.7337112426757812,
123.3,2.7158203125,
123.40000000000001,2.7209320068359375,
123.5,2.7209320068359375,
123.59999999999999,2.6851654052734375,
123.7,2.6545028686523438,
123.8,2.6085128784179688,
123.90000000000001,2.5318603515625,
124,2.524200439453125,
124.09999999999999,2.577850341796875,
124.2,2.6187362670898438,
124.3,2.6545028686523438,
124.40000000000001,2.6851654052734375,
124.5,2.726043701171875,
124.59999999999999,2.73626708984375,
124.7,2.7158203125,
124.8,2.708160400390625,
124.90000000000001,2.7183761596679688,
125,2.7311553955078125,
125.09999999999999,2.7490386962890625,
125.2,2.7950286865234375,
125.3,2.8486862182617188,
125.40000000000001,2.9304428100585938,
125.5,3.0735244750976562,
125.59999999999999,3.21405029296875,
125.7,3.334136962890625,
125.8,3.50787353515625,
125.90000000000001,3.7429351806640625,
126,3.9907684326171875,
126.09999999999999,4.2053909301757812,
126.2,4.3842391967773438,
126.3,4.5349807739257812,
126.40000000000001,4.675506591796875,
126.5,4.7572708129882812,
126.59999999999999,4.7777099609375,
126.7,4.7572708129882812,
126.8,4.713836669921875,
126.90000000000001,4.68572998046875,
127,4.6499557495117188,
127.09999999999999,4.61163330078125,
127.2,4.6065216064453125,
127.3,4.5963058471679688,
127.40000000000001,4.529876708984375,
127.5,4.445556640625,
127.59999999999999,4.381683349609375,
127.7,4.3101425170898438,
127.8,4.2641525268554688,
127.90000000000001,4.2360458374023438,
128,4.1849517822265625,
128.09999999999999,4.1108551025390625,
128.19999999999999,4.0520858764648438,
128.30000000000001,3.9652175903320312,
128.40000000000001,3.7582626342773438,
128.5,3.5206527709960938,
128.59999999999999,3.3545761108398438,
128.69999999999999,3.2344894409179688,
128.80000000000001,3.1552810668945312,
128.90000000000001,3.0786361694335938,
129,2.99176025390625,
129.09999999999999,2.9253311157226562,
129.19999999999999,2.8972320556640625,
129.30000000000001,2.892120361328125,
129.40000000000001,2.8614578247070312,
129.5,2.8333511352539062,
129.59999999999999,2.8844528198242188,
129.69999999999999,2.9968719482421875,
129.80000000000001,3.150177001953125,
129.90000000000001,3.3315811157226562,
130,3.5589752197265625,8.9552240371704102
130.09999999999999,3.8374710083007812,
130.19999999999999,4.115966796875,
130.30000000000001,4.39190673828125,
130.40000000000001,4.7266082763671875,
130.5,5.3040390014648438,
130.59999999999999,6.055206298828125,
130.69999999999999,6.4946670532226562,
130.80000000000001,6.497222900390625,
130.90000000000001,6.3899154663085938,
131,6.2698287963867188,
131.09999999999999,6.0986404418945312,
131.19999999999999,5.9351272583007812,
131.30000000000001,5.7588272094726562,
131.40000000000001,5.5902023315429688,
131.5,5.4598922729492188,
131.59999999999999,5.3372573852539062,
131.69999999999999,5.2350540161132812,
131.80000000000001,5.191619873046875,
131.90000000000001,5.181396484375,
132,5.1941757202148438,
132.09999999999999,5.1865081787109375,
132.19999999999999,5.1532974243164062,
132.30000000000001,5.1124114990234375,
132.40000000000001,5.043426513671875,
132.5,4.9667816162109375,
132.59999999999999,4.9233474731445312,
132.69999999999999,4.9284515380859375,
132.80000000000001,4.9412307739257812,
132.90000000000001,4.9258956909179688,
133,4.9080123901367188,
133.09999999999999,4.9182357788085938,
133.19999999999999,4.9131240844726562,
133.30000000000001,4.8722457885742188,
133.40000000000001,4.7879257202148438,
133.5,4.7828216552734375,
133.59999999999999,4.9233474731445312,
133.69999999999999,5.0510940551757812,
133.80000000000001,5.1098556518554688,
133.90000000000001,5.1098556518554688,
134,5.0792007446289062,
134.09999999999999,5.0766448974609375,
134.19999999999999,5.0919723510742188,
134.30000000000001,5.1098556518554688,
134.40000000000001,5.0970840454101562,
134.5,5.0587615966796875,
134.59999999999999,5.0357666015625,
134.69999999999999,5.0229873657226562,
134.80000000000001,5.007659912109375,
134.90000000000001,5.0051040649414062,
135,5.0613174438476562,
135.09999999999999,5.2478256225585938,
135.19999999999999,5.587646484375,
135.30000000000001,6.0041122436523438,
135.40000000000001,6.3796920776367188,
135.5,6.6147537231445312,
135.59999999999999,6.9315719604492188,
135.69999999999999,7.325042724609375,
135.80000000000001,7.5984268188476562,
135.90000000000001,7.7134017944335938,
136,7.5422210693359375,
136.09999999999999,7.2126235961914062,
136.19999999999999,6.8549270629882812,
136.30000000000001,6.3848037719726562,
136.40000000000001,5.8405914306640625,
136.5,5.2989273071289062,
136.59999999999999,4.7853775024414062,
136.69999999999999,4.3433609008789062,
136.80000000000001,3.9805526733398438,
136.90000000000001,3.6790618896484375,
137,3.4184494018554688,
137.09999999999999,3.2012710571289062,
137.19999999999999,3.019866943359375,
137.30000000000001,2.8793411254882812,
137.40000000000001,2.800140380859375,
137.5,2.761810302734375,
137.59999999999999,2.7004928588867188,
137.69999999999999,2.651947021484375,
137.80000000000001,2.644287109375,
137.90000000000001,2.6366195678710938,
138,2.6289520263671875,
138.09999999999999,2.6289520263671875,
138.19999999999999,2.6826095581054688,
138.30000000000001,2.7899169921875,
138.40000000000001,2.9534378051757812,
138.5,3.150177001953125,
138.59999999999999,3.334136962890625,
138.69999999999999,3.4823226928710938,
138.80000000000001,3.5870819091796875,
138.90000000000001,3.6254043579101562,
139,3.5870819091796875,
139.09999999999999,3.5104293823242188,
139.19999999999999,3.4542160034179688,
139.30000000000001,3.4005661010742188,
139.40000000000001,3.3392410278320312,
139.5,3.242156982421875,
139.59999999999999,3.1016311645507812,
139.69999999999999,3.0045394897460938,
139.80000000000001,2.9432220458984375,
139.90000000000001,2.88189697265625,
140,2.835906982421875,7.5503358840942383
140.09999999999999,2.8052520751953125,
140.19999999999999,2.7924728393554688,
140.30000000000001,2.7848052978515625,
140.40000000000001,2.7924728393554688,
140.5,2.8282470703125,
140.59999999999999,2.8870086669921875,
140.69999999999999,2.9866561889648438,
140.80000000000001,3.1552810668945312,
140.90000000000001,3.4107818603515625,
141,3.6816177368164062,
141.09999999999999,3.9243392944335938,
141.19999999999999,4.2667083740234375,
141.30000000000001,4.7010574340820312,
141.40000000000001,5.0919723510742188,
141.5,5.4241256713867188,
141.59999999999999,5.7409439086914062,
141.69999999999999,5.9990005493164062,
141.80000000000001,6.221282958984375,
141.90000000000001,6.5304412841796875,
142,6.8447036743164062,
142.09999999999999,7.1155319213867188,
142.19999999999999,7.381256103515625,
142.30000000000001,7.565216064453125,
142.40000000000001,7.66485595703125,
142.5,7.7466201782226562,
142.59999999999999,7.7874984741210938,
142.69999999999999,7.7082901000976562,
142.80000000000001,7.5396652221679688,
142.90000000000001,7.3633651733398438,
143,7.169189453125,
143.09999999999999,6.9545669555664062,
143.19999999999999,6.737396240234375,
143.30000000000001,6.4870071411132812,
143.40000000000001,6.17529296875,
143.5,5.8227005004882812,
143.59999999999999,5.449676513671875,
143.69999999999999,5.0638656616210938,
143.80000000000001,4.6831741333007812,
143.90000000000001,4.3254776000976562,
144,4.0035476684570312,
144.09999999999999,3.7327117919921875,
144.19999999999999,3.5410919189453125,
144.30000000000001,3.4567718505859375,
144.40000000000001,3.4746627807617188,
144.5,3.4951019287109375,
144.59999999999999,3.4746627807617188,
144.69999999999999,3.4210052490234375,
144.80000000000001,3.3443527221679688,
144.90000000000001,3.2728118896484375,
145,3.2242660522460938,
145.09999999999999,3.1936111450195312,
145.19999999999999,3.1655044555664062,
145.30000000000001,3.1169586181640625,
145.40000000000001,3.0735244750976562,
145.5,3.0786361694335938,
145.59999999999999,3.0479736328125,
145.69999999999999,2.9789886474609375,
145.80000000000001,2.945770263671875,
145.90000000000001,2.945770263671875,
146,2.9943161010742188,
146.09999999999999,3.0965194702148438,
146.19999999999999,3.2268218994140625,
146.30000000000001,3.3775711059570312,
146.40000000000001,3.5334243774414062,
146.5,3.7352676391601562,
146.59999999999999,3.9345626831054688,
146.69999999999999,4.0725326538085938,
146.80000000000001,4.161956787109375,
146.90000000000001,4.2028350830078125,
147,4.2053909301757812,
147.09999999999999,4.1823959350585938,
147.19999999999999,4.1594009399414062,
147.30000000000001,4.1491775512695312,
147.40000000000001,4.1134109497070312,
147.5,4.0571975708007812,
147.59999999999999,3.9728851318359375,
147.69999999999999,3.8732376098632812,
147.80000000000001,3.7863693237304688,
147.90000000000001,3.6969451904296875,
148,3.663726806640625,
148.09999999999999,3.6841659545898438,
148.19999999999999,3.6790618896484375,
148.30000000000001,3.6816177368164062,
148.40000000000001,3.7173843383789062,
148.5,3.7327117919921875,
148.59999999999999,3.6816177368164062,
148.69999999999999,3.6126327514648438,
148.80000000000001,3.5589752197265625,
148.90000000000001,3.518096923828125,
149,3.5002059936523438,
149.09999999999999,3.50787353515625,
149.19999999999999,3.4823226928710938,
149.30000000000001,3.4542160034179688,
149.40000000000001,3.5002059936523438,
149.5,3.6305160522460938,
149.59999999999999,3.7633743286132812,
149.69999999999999,3.8732376098632812,
149.80000000000001,4.0086517333984375,
149.90000000000001,4.1645126342773438,
150,4.363800048828125,5.5504164695739746
150.09999999999999,4.6039657592773438,
150.19999999999999,4.859466552734375,
150.30000000000001,5.1584014892578125,
150.40000000000001,5.439453125,
150.5,5.6157455444335938,
150.59999999999999,5.67962646484375,
150.69999999999999,5.7026214599609375,
150.80000000000001,5.6898422241210938,
150.90000000000001,5.5339889526367188,
151,5.2606048583984375,
151.09999999999999,4.9769973754882812,
151.19999999999999,4.6652908325195312,
151.30000000000001,4.3510208129882812,
151.40000000000001,4.1849517822265625,
151.5,4.1747283935546875,
151.59999999999999,4.2207183837890625,
151.69999999999999,4.2283859252929688,
151.80000000000001,4.1900558471679688,
151.90000000000001,4.1772842407226562,
152,4.2105026245117188,
152.09999999999999,4.2488250732421875,
152.19999999999999,4.2615966796875,
152.30000000000001,4.271820068359375,
152.40000000000001,4.2743759155273438,
152.5,4.2564926147460938,
152.59999999999999,4.2334976196289062,
152.69999999999999,4.2207183837890625,
152.80000000000001,4.2386016845703125,
152.90000000000001,4.2590408325195312,
153,4.2641525268554688,
153.09999999999999,4.2667083740234375,
153.19999999999999,4.2769317626953125,
153.30000000000001,4.2948150634765625,
153.40000000000001,4.2794876098632812,
153.5,4.253936767578125,
153.59999999999999,4.24371337890625,
153.69999999999999,4.2360458374023438,
153.80000000000001,4.2360458374023438,
153.90000000000001,4.1721725463867188,
154,4.1364059448242188,
154.09999999999999,4.2667083740234375,
154.19999999999999,4.3970108032226562,
154.30000000000001,4.4685516357421875,
154.40000000000001,4.6193008422851562,
154.5,4.8952407836914062,
154.59999999999999,5.2784881591796875,
154.69999999999999,5.6745147705078125,
154.80000000000001,5.9708938598632812,
154.90000000000001,6.2366104125976562,
155,6.5866470336914062,
155.09999999999999,6.8983612060546875,
155.19999999999999,6.9366836547851562,
155.30000000000001,6.6939620971679688,
155.40000000000001,6.4589004516601562,
155.5,6.2826004028320312,
155.59999999999999,6.0654296875,
155.69999999999999,5.8789138793945312,
155.80000000000001,5.7230606079101562,
155.90000000000001,5.4522323608398438,
156,5.0332107543945312,
156.09999999999999,4.565643310546875,
156.19999999999999,4.1466217041015625,
156.30000000000001,3.794036865234375,
156.40000000000001,3.479766845703125,
156.5,3.2651519775390625,
156.59999999999999,3.1706161499023438,
156.69999999999999,3.1092910766601562,
156.80000000000001,3.0556411743164062,
156.90000000000001,3.03009033203125,
157,3.01220703125,
157.09999999999999,2.9815444946289062,
157.19999999999999,2.95599365234375,
157.30000000000001,2.9483261108398438,
157.40000000000001,2.9406661987304688,
157.5,2.9048919677734375,
157.59999999999999,2.8563461303710938,
157.69999999999999,2.8435745239257812,
157.80000000000001,2.8691253662109375,
157.90000000000001,2.9253311157226562,
158,3.0173110961914062,
158.09999999999999,3.13995361328125,
158.19999999999999,3.3060302734375,
158.30000000000001,3.5104293823242188,
158.40000000000001,3.7224960327148438,
158.5,3.8936767578125,
158.59999999999999,4.0009918212890625,
158.69999999999999,4.0725326538085938,
158.80000000000001,4.0955276489257812,
158.90000000000001,4.0674209594726562,
159,4.0188751220703125,
159.09999999999999,3.9447784423828125,
159.19999999999999,3.8604660034179688,
159.30000000000001,3.7735977172851562,
159.40000000000001,3.6790618896484375,
159.5,3.5589752197265625,
159.59999999999999,3.3928985595703125,
159.69999999999999,3.2344894409179688,
159.80000000000001,3.1246261596679688,
159.90000000000001,3.0556411743164062,
160,3.01220703125,9.3555088043212891
160.09999999999999,2.973876953125,
160.19999999999999,2.9508819580078125,
160.30000000000001,2.9406661987304688,
160.40000000000001,2.945770263671875,
160.5,2.966217041015625,
160.59999999999999,2.95599365234375,
160.69999999999999,2.9508819580078125,
160.80000000000001,2.9892120361328125,
160.90000000000001,3.0275344848632812,
161,3.03009033203125,
161.09999999999999,3.0607452392578125,
161.19999999999999,3.2114944458007812,
161.30000000000001,3.4772109985351562,
161.40000000000001,3.8042526245117188,
161.5,4.0571975708007812,
161.59999999999999,4.2130508422851562,
161.69999999999999,4.3510208129882812,
161.80000000000001,4.3970108032226562,
161.90000000000001,4.3229217529296875,
162,4.1900558471679688,
162.09999999999999,4.0674209594726562,
162.19999999999999,3.9882125854492188,
162.30000000000001,3.903900146484375,
162.40000000000001,3.7914810180664062,
162.5,3.737823486328125,
162.59999999999999,3.7173843383789062,
162.69999999999999,3.6535110473632812,
162.80000000000001,3.5921859741210938,
162.90000000000001,3.5436477661132812,
163,3.4669952392578125,
163.09999999999999,3.3494644165039062,
163.19999999999999,3.203826904296875,
163.30000000000001,3.0888519287109375,
163.40000000000001,3.0173110961914062,
163.5,2.99176025390625,
163.59999999999999,3.01220703125,
163.69999999999999,2.9943161010742188,
163.80000000000001,2.95599365234375,
163.90000000000001,2.9432220458984375,
164,2.9432220458984375,
164.09999999999999,2.9355545043945312,
164.19999999999999,2.8844528198242188,
164.30000000000001,2.8384628295898438,
164.40000000000001,2.8282470703125,
164.5,2.8691253662109375,
164.59999999999999,2.9125595092773438,
164.69999999999999,2.9048919677734375,
164.80000000000001,2.8997802734375,
164.90000000000001,2.9892120361328125,
165,3.2114944458007812,
165.09999999999999,3.4695510864257812,
165.19999999999999,3.7046127319335938,
165.30000000000001,3.9805526733398438,
165.40000000000001,4.3689117431640625,
165.5,4.7521591186523438,
165.59999999999999,4.9642257690429688,
165.69999999999999,5.0485382080078125,
165.80000000000001,5.1021957397460938,
165.90000000000001,5.099639892578125,
166,4.9999923706054688,
166.09999999999999,4.8620223999023438,
166.19999999999999,4.6652908325195312,
166.30000000000001,4.4200057983398438,
166.40000000000001,4.253936767578125,
166.5,4.1466217041015625,
166.59999999999999,4.0393142700195312,
166.69999999999999,3.921783447265625,
166.80000000000001,3.7735977172851562,
166.90000000000001,3.6535110473632812,
167,3.5615310668945312,
167.09999999999999,3.444000244140625,
167.19999999999999,3.3188018798828125,
167.30000000000001,3.1833877563476562,
167.40000000000001,3.0607452392578125,
167.5,3.0096511840820312,
167.59999999999999,2.9968719482421875,
167.69999999999999,2.966217041015625,
167.80000000000001,2.9329986572265625,
167.90000000000001,3.0249786376953125,
168,3.21405029296875,
168.09999999999999,3.369903564453125,
168.19999999999999,3.5308685302734375,
168.30000000000001,3.7429351806640625,
168.40000000000001,3.9728851318359375,
168.5,4.2513809204101562,
168.59999999999999,4.6014175415039062,
168.69999999999999,5.0306549072265625,
168.80000000000001,5.503326416015625,
168.90000000000001,5.909576416015625,
169,6.1727371215820312,
169.09999999999999,6.23150634765625,
169.19999999999999,6.1267471313476562,
169.30000000000001,5.9606704711914062,
169.40000000000001,5.8048171997070312,
169.5,5.651519775390625,
169.59999999999999,5.4471206665039062,
169.69999999999999,5.2171707153320312,
169.80000000000001,4.851806640625,
169.90000000000001,4.3408050537109375,
170,3.9115676879882812,6.8027210235595703
170.09999999999999,3.6228485107421875,
170.19999999999999,3.4669952392578125,
170.30000000000001,3.3392410278320312,
170.40000000000001,3.17572021484375,
170.5,3.0530853271484375,
170.59999999999999,2.9789886474609375,
170.69999999999999,2.9381103515625,
170.80000000000001,2.9176712036132812,
170.90000000000001,2.9023361206054688,
171,2.9048919677734375,
171.09999999999999,2.9253311157226562,
171.19999999999999,2.9713211059570312,
171.30000000000001,3.0224227905273438,
171.40000000000001,3.0990753173828125,
171.5,3.2625961303710938,
171.59999999999999,3.4823226928710938,
171.69999999999999,3.709716796875,
171.80000000000001,3.9294509887695312,
171.90000000000001,4.1594009399414062,
172,4.4123458862304688,
172.09999999999999,4.6474075317382812,
172.19999999999999,4.749603271484375,
172.30000000000001,4.6652908325195312,
172.40000000000001,4.5273208618164062,
172.5,4.3408050537109375,
172.59999999999999,4.0929718017578125,
172.69999999999999,3.8553543090820312,
172.80000000000001,3.610076904296875,
172.90000000000001,3.3928985595703125,
173,3.221710205078125,
173.09999999999999,3.1067352294921875,
173.19999999999999,3.0224227905273438,
173.30000000000001,2.9304428100585938,
173.40000000000001,2.864013671875,
173.5,2.8231353759765625,
173.59999999999999,2.80780029296875,
173.69999999999999,2.8282470703125,
173.80000000000001,2.8614578247070312,
173.90000000000001,2.9355545043945312,
174,3.083740234375,
174.09999999999999,3.3085861206054688,
174.19999999999999,3.571746826171875,
174.30000000000001,3.8093643188476562,
174.40000000000001,4.0546417236328125,
174.5,4.3689117431640625,
174.59999999999999,4.713836669921875,
174.69999999999999,5.043426513671875,
174.80000000000001,5.301483154296875,
174.90000000000001,5.49566650390625,
175,5.5902023315429688,
175.09999999999999,5.5161056518554688,
175.19999999999999,5.3347015380859375,
175.30000000000001,5.1660690307617188,
175.40000000000001,4.9821090698242188,
175.5,4.7777099609375,
175.59999999999999,4.6167449951171875,
175.69999999999999,4.4685516357421875,
175.80000000000001,4.3101425170898438,
175.90000000000001,4.2053909301757812,
176,4.1006317138671875,
176.09999999999999,3.9166717529296875,
176.19999999999999,3.7327117919921875,
176.30000000000001,3.6407318115234375,
176.40000000000001,3.6790618896484375,
176.5,3.7506027221679688,
176.59999999999999,3.7352676391601562,
176.69999999999999,3.6969451904296875,
176.80000000000001,3.6790618896484375,
176.90000000000001,3.6867218017578125,
177,3.6816177368164062,
177.09999999999999,3.6305160522460938,
177.19999999999999,3.5513076782226562,
177.30000000000001,3.4286651611328125,
177.40000000000001,3.277923583984375,
177.5,3.1552810668945312,
177.59999999999999,3.076080322265625,
177.69999999999999,3.0147552490234375,
177.80000000000001,2.9074478149414062,
177.90000000000001,2.8231353759765625,
178,2.8231353759765625,
178.09999999999999,2.8026962280273438,
178.19999999999999,2.7848052978515625,
178.30000000000001,2.8767852783203125,
178.40000000000001,3.0862960815429688,
178.5,3.3443527221679688,
178.59999999999999,3.5972976684570312,
178.69999999999999,3.8681259155273438,
178.80000000000001,4.2028350830078125,
178.90000000000001,4.565643310546875,
179,4.9233474731445312,
179.09999999999999,5.3219223022460938,
179.19999999999999,5.7409439086914062,
179.30000000000001,6.0424346923828125,
179.40000000000001,6.2800521850585938,
179.5,6.3899154663085938,
179.59999999999999,6.1982879638671875,
179.69999999999999,5.9990005493164062,
179.80000000000001,5.9325714111328125,
179.90000000000001,5.8278121948242188,
180,5.7281723022460938,10.431154251098633
180.09999999999999,5.6438522338867188,
180.19999999999999,5.5365447998046875,
180.30000000000001,5.3985748291015625,
180.40000000000001,5.1609573364257812,
180.5,4.8441390991210938,
180.59999999999999,4.5119857788085938,
180.69999999999999,4.1721725463867188,
180.80000000000001,3.8374710083007812,
180.90000000000001,3.5257568359375,
181,3.2932510375976562,
181.09999999999999,3.13995361328125,
181.19999999999999,3.0530853271484375,
181.30000000000001,2.9611053466796875,
181.40000000000001,2.8307952880859375,
181.5,2.7337112426757812,
181.59999999999999,2.708160400390625,
181.69999999999999,2.7337112426757812,
181.80000000000001,2.8052520751953125,
181.90000000000001,2.910003662109375,
182,3.0352020263671875,
182.09999999999999,3.2166061401367188,
182.19999999999999,3.4644393920898438,
182.30000000000001,3.6943893432617188,
182.40000000000001,3.8681259155273438,
182.5,4.02398681640625,
182.59999999999999,4.1389617919921875,
182.69999999999999,4.20794677734375,
182.80000000000001,4.1721725463867188,
182.90000000000001,4.0342025756835938,
183,3.84002685546875,
183.09999999999999,3.5921859741210938,
183.19999999999999,3.3903427124023438,
183.30000000000001,3.24981689453125,
183.40000000000001,3.0990753173828125,
183.5,2.9892120361328125,
183.59999999999999,2.9381103515625,
183.69999999999999,2.9151153564453125,
183.80000000000001,2.910003662109375,
183.90000000000001,2.9151153564453125,
184,2.984100341796875,
184.09999999999999,3.1936111450195312,
184.19999999999999,3.4644393920898438,
184.30000000000001,3.7506027221679688,
184.40000000000001,4.0418701171875,
184.5,4.3050308227539062,
184.59999999999999,4.6141891479492188,
184.69999999999999,5.0306549072265625,
184.80000000000001,5.49566650390625,
184.90000000000001,5.8559188842773438,
185,5.9504547119140625,
185.09999999999999,5.7716064453125,
185.19999999999999,5.5084381103515625,
185.30000000000001,5.2631607055664062,
185.40000000000001,5.0025482177734375,
185.5,4.767486572265625,
185.59999999999999,4.547760009765625,
185.69999999999999,4.2794876098632812,
185.80000000000001,4.0009918212890625,
185.90000000000001,3.7224960327148438,
186,3.461883544921875,
186.09999999999999,3.2932510375976562,
186.19999999999999,3.1731719970703125,
186.30000000000001,3.0607452392578125,
186.40000000000001,2.9994277954101562,
186.5,2.966217041015625,
186.59999999999999,2.9432220458984375,
186.69999999999999,2.8946762084960938,
186.80000000000001,2.818023681640625,
186.90000000000001,2.7899169921875,
187,2.8282470703125,
187.09999999999999,2.9406661987304688,
187.19999999999999,3.1246261596679688,
187.30000000000001,3.3545761108398438,
187.40000000000001,3.6381759643554688,
187.5,3.9754409790039062,
187.59999999999999,4.3203659057617188,
187.69999999999999,4.6550674438476562,
187.80000000000001,5.0766448974609375,
187.90000000000001,5.5339889526367188,
188,5.779266357421875,
188.09999999999999,5.6898422241210938,
188.19999999999999,5.4087905883789062,
188.30000000000001,5.0843124389648438,
188.40000000000001,4.6652908325195312,
188.5,4.123626708984375,
188.59999999999999,3.6330718994140625,
188.69999999999999,3.3085861206054688,
188.80000000000001,3.1067352294921875,
188.90000000000001,2.9892120361328125,
189,2.9355545043945312,
189.09999999999999,2.9074478149414062,
189.19999999999999,2.864013671875,
189.30000000000001,2.8256912231445312,
189.40000000000001,2.7899169921875,
189.5,2.7337112426757812,
189.59999999999999,2.7030487060546875,
189.69999999999999,2.7132720947265625,
189.80000000000001,2.7771453857421875,
189.90000000000001,2.9125595092773438,
190,3.1169586181640625,16.245487213134766
190.09999999999999,3.3673477172851562,
190.19999999999999,3.6254043579101562,
190.30000000000001,3.8553543090820312,
190.40000000000001,4.087860107421875,
190.5,4.39190673828125,
190.59999999999999,4.7419357299804688,
190.69999999999999,5.1047515869140625,
190.80000000000001,5.4701156616210938,
190.90000000000001,5.6898422241210938,
191,5.697509765625,
191.09999999999999,5.595306396484375,
191.19999999999999,5.4317855834960938,
191.30000000000001,5.1865081787109375,
191.40000000000001,4.8799057006835938,
191.5,4.5911941528320312,
191.59999999999999,4.3254776000976562,
191.69999999999999,4.0495376586914062,
191.80000000000001,3.7914810180664062,
191.90000000000001,3.5743026733398438,
192,3.3826751708984375,
192.09999999999999,3.1987152099609375,
192.19999999999999,3.0556411743164062,
192.30000000000001,2.9713211059570312,
192.40000000000001,2.9304428100585938,
192.5,2.8946762084960938,
192.59999999999999,2.853790283203125,
192.69999999999999,2.8307952880859375,
192.80000000000001,2.8486862182617188,
192.90000000000001,2.8844528198242188,
193,2.8844528198242188,
193.09999999999999,2.8589019775390625,
193.19999999999999,2.8793411254882812,
193.30000000000001,2.9074478149414062,
193.40000000000001,2.892120361328125,
193.5,2.92022705078125,
193.59999999999999,2.9611053466796875,
193.69999999999999,2.9585494995117188,
193.80000000000001,2.927886962890625,
193.90000000000001,2.8793411254882812,
194,2.8691253662109375,
194.09999999999999,2.8793411254882812,
194.19999999999999,3.0403060913085938,
194.30000000000001,3.4210052490234375,
194.40000000000001,3.7863693237304688,
194.5,4.1006317138671875,
194.59999999999999,4.39190673828125,
194.69999999999999,4.7291641235351562,
194.80000000000001,5.1456298828125,
194.90000000000001,5.3909072875976562,
195,5.4139022827148438,
195.09999999999999,5.3551406860351562,
195.19999999999999,5.2069473266601562,
195.30000000000001,4.9999923706054688,
195.40000000000001,4.731719970703125,
195.5,4.3510208129882812,
195.59999999999999,4.0648651123046875,
195.69999999999999,3.9882125854492188,
195.80000000000001,3.6995010375976562,
195.90000000000001,3.2574844360351562,
196,3.06585693359375,
196.09999999999999,2.99176025390625,
196.19999999999999,2.8972320556640625,
196.30000000000001,2.80780029296875,
196.40000000000001,2.7388153076171875,
196.5,2.7030487060546875,
196.59999999999999,2.69793701171875,
196.69999999999999,2.7056045532226562,
196.80000000000001,2.7183761596679688,
196.90000000000001,2.743927001953125,
197,2.8205795288085938,
197.09999999999999,2.984100341796875,
197.19999999999999,3.1603927612304688,
197.30000000000001,3.3264694213867188,
197.40000000000001,3.5257568359375,
197.5,3.737823486328125,
197.59999999999999,3.9575576782226562,
197.69999999999999,4.13385009765625,
197.80000000000001,4.3229217529296875,
197.90000000000001,4.4813308715820312,
198,4.5809707641601562,
198.09999999999999,4.5886383056640625,
198.19999999999999,4.5273208618164062,
198.30000000000001,4.4200057983398438,
198.40000000000001,4.3101425170898438,
198.5,4.2283859252929688,
198.59999999999999,4.1542892456054688,
198.69999999999999,4.07763671875,
198.80000000000001,3.9805526733398438,
198.90000000000001,3.8502426147460938,
199,3.7148284912109375,
199.09999999999999,3.5615310668945312,
199.19999999999999,3.3443527221679688,
199.30000000000001,3.1527252197265625,
199.40000000000001,3.0352020263671875,
199.5,2.9585494995117188,
199.59999999999999,2.9253311157226562,
199.69999999999999,2.8972320556640625,
199.80000000000001,2.892120361328125,
199.90000000000001,2.9994277954101562,
200,3.221710205078125,16.253870010375977
200.09999999999999,3.479766845703125,
200.19999999999999,3.7173843383789062,
200.30000000000001,3.9550018310546875,
200.40000000000001,4.1875076293945312,
200.5,4.3970108032226562,
200.59999999999999,4.6295166015625,
200.69999999999999,4.841583251953125,
200.80000000000001,4.9258956909179688,
200.90000000000001,4.9361190795898438,
201,4.9488906860351562,
201.09999999999999,4.8901290893554688,
201.19999999999999,4.7547149658203125,
201.30000000000001,4.6167449951171875,
201.40000000000001,4.4404525756835938,
201.5,4.225830078125,
201.59999999999999,4.0367584228515625,
201.69999999999999,3.8630218505859375,
201.80000000000001,3.6483993530273438,
201.90000000000001,3.4158935546875,
202,3.2293777465820312,
202.09999999999999,3.1195144653320312,
202.19999999999999,3.0096511840820312,
202.30000000000001,2.8614578247070312,
202.40000000000001,2.7158203125,
202.5,2.6417312622070312,
202.59999999999999,2.6391754150390625,
202.69999999999999,2.5804061889648438,
202.80000000000001,2.4628753662109375,
202.90000000000001,2.432220458984375,
203,2.524200439453125,
203.09999999999999,2.7337112426757812,
203.19999999999999,2.9508819580078125,
203.30000000000001,3.0735244750976562,
203.40000000000001,3.221710205078125,
203.5,3.518096923828125,
203.59999999999999,3.8987884521484375,
203.69999999999999,4.2002792358398438,
203.80000000000001,4.3893508911132812,
203.90000000000001,4.4992141723632812,
204,4.4659957885742188,
204.09999999999999,4.2743759155273438,
204.19999999999999,4.0367584228515625,
204.30000000000001,3.7914810180664062,
204.40000000000001,3.5640869140625,
204.5,3.3928985595703125,
204.59999999999999,3.1731719970703125,
204.69999999999999,2.9585494995117188,
204.80000000000001,2.8486862182617188,
204.90000000000001,2.7899169921875,
205,2.743927001953125,
205.09999999999999,2.7311553955078125,
205.19999999999999,2.743927001953125,
205.30000000000001,2.7490386962890625,
205.40000000000001,2.743927001953125,
205.5,2.7694778442382812,
205.59999999999999,2.8614578247070312,
205.69999999999999,2.984100341796875,
205.80000000000001,3.01220703125,
205.90000000000001,2.9994277954101562,
206,3.1169586181640625,
206.09999999999999,3.3903427124023438,
206.19999999999999,3.69183349609375,
206.30000000000001,3.9371109008789062,
206.40000000000001,4.179840087890625,
206.5,4.48388671875,
206.59999999999999,4.859466552734375,
206.69999999999999,5.2810440063476562,
206.80000000000001,5.5697555541992188,
206.90000000000001,5.5365447998046875,
207,5.2529373168945312,
207.09999999999999,4.915679931640625,
207.19999999999999,4.6269607543945312,
207.30000000000001,4.3484725952148438,
207.40000000000001,4.069976806640625,
207.5,3.8195877075195312,
207.59999999999999,3.5640869140625,
207.69999999999999,3.3545761108398438,
207.80000000000001,3.2344894409179688,
207.90000000000001,3.1144027709960938,
208,2.9892120361328125,
208.09999999999999,2.945770263671875,
208.19999999999999,2.9432220458984375,
208.30000000000001,2.9176712036132812,
208.40000000000001,2.8691253662109375,
208.5,2.8665695190429688,
208.59999999999999,2.9227752685546875,
208.69999999999999,2.9943161010742188,
208.80000000000001,3.1987152099609375,
208.90000000000001,3.4746627807617188,
209,3.6407318115234375,
209.09999999999999,3.8374710083007812,
209.19999999999999,4.0955276489257812,
209.30000000000001,4.3586883544921875,
209.40000000000001,4.657623291015625,
209.5,4.9284515380859375,
209.59999999999999,5.1303024291992188,
209.69999999999999,5.2018356323242188,
209.80000000000001,5.0868606567382812,
209.90000000000001,4.8748016357421875,
210,4.6346282958984375,20.229265213012695
210.09999999999999,4.3612442016601562,
210.19999999999999,4.0853042602539062,
210.30000000000001,3.8885726928710938,
210.40000000000001,3.7071609497070312,
210.5,3.4746627807617188,
210.59999999999999,3.2728118896484375,
210.69999999999999,3.1220703125,
210.80000000000001,3.0147552490234375,
210.90000000000001,2.9483261108398438,
211,2.8563461303710938,
211.09999999999999,2.7848052978515625,
211.19999999999999,2.7669219970703125,
211.30000000000001,2.690277099609375,
211.40000000000001,2.6545028686523438,
211.5,2.8333511352539062,
211.59999999999999,3.1169586181640625,
211.69999999999999,3.4107818603515625,
211.80000000000001,3.6841659545898438,
211.90000000000001,3.9371109008789062,
212,4.2309417724609375,
212.09999999999999,4.6601791381835938,
212.19999999999999,5.2350540161132812,
212.30000000000001,5.807373046875,
212.40000000000001,6.3055953979492188,
212.5,6.7246170043945312,
212.59999999999999,7.0874252319335938,
212.69999999999999,7.399139404296875,
212.80000000000001,7.6316452026367188,
212.90000000000001,7.7823867797851562,
213,7.8641510009765625,
213.09999999999999,7.933135986328125,
213.19999999999999,8.0225601196289062,
213.30000000000001,8.0864334106445312,
213.40000000000001,8.07110595703125,
213.5,8.042999267578125,
213.59999999999999,8.0225601196289062,
213.69999999999999,7.9382400512695312,
213.80000000000001,7.7696151733398438,
213.90000000000001,7.5958709716796875,
214,7.37103271484375,
214.09999999999999,7.049102783203125,
214.19999999999999,6.8165969848632812,
214.30000000000001,6.6249771118164062,
214.40000000000001,6.2187271118164062,
214.5,5.6029739379882812,
214.59999999999999,4.9131240844726562,
214.69999999999999,4.2590408325195312,
214.80000000000001,3.76593017578125,
214.90000000000001,3.4210052490234375,
215,3.168060302734375,
215.09999999999999,2.9151153564453125,
215.19999999999999,2.7285995483398438,
215.30000000000001,2.6647262573242188,
215.40000000000001,2.598297119140625,
215.5,2.5395278930664062,
215.59999999999999,2.5088653564453125,
215.69999999999999,2.5088653564453125,
215.80000000000001,2.5318603515625,
215.90000000000001,2.559967041015625,
216,2.5804061889648438,
216.09999999999999,2.5906295776367188,
216.19999999999999,2.5753021240234375,
216.30000000000001,2.5165328979492188,
216.40000000000001,2.467987060546875,
216.5,2.4730987548828125,
216.59999999999999,2.5471954345703125,
216.69999999999999,2.6826095581054688,
216.80000000000001,2.7950286865234375,
216.90000000000001,2.8333511352539062,
217,2.8256912231445312,
217.09999999999999,2.7797012329101562,
217.19999999999999,2.7234878540039062,
217.30000000000001,2.669830322265625,
217.40000000000001,2.6289520263671875,
217.5,2.6212921142578125,
217.59999999999999,2.6187362670898438,
217.69999999999999,2.6212921142578125,
217.80000000000001,2.644287109375,
217.90000000000001,2.6596145629882812,
218,2.6468353271484375,
218.09999999999999,2.6085128784179688,
218.19999999999999,2.5804061889648438,
218.30000000000001,2.5727462768554688,
218.40000000000001,2.5548553466796875,
218.5,2.5625228881835938,
218.59999999999999,2.5931854248046875,
218.69999999999999,2.598297119140625,
218.80000000000001,2.5957412719726562,
218.90000000000001,2.634063720703125,
219,2.7209320068359375,
219.09999999999999,2.8307952880859375,
219.19999999999999,2.910003662109375,
219.30000000000001,3.0275344848632812,
219.40000000000001,3.2166061401367188,
219.5,3.5129852294921875,
219.59999999999999,3.9294509887695312,
219.69999999999999,4.3791275024414062,
219.80000000000001,4.823699951171875,
219.90000000000001,5.1967315673828125,
220,5.6208572387695312,8.2644624710083008
220.09999999999999,6.2110671997070312,
220.19999999999999,6.6709671020507812,
220.30000000000001,6.8165969848632812,
220.40000000000001,6.7680511474609375,
220.5,6.6581878662109375,
220.59999999999999,6.497222900390625,
220.69999999999999,6.2800521850585938,
220.80000000000001,6.0884246826171875,
220.90000000000001,5.917236328125,
221,5.7026214599609375,
221.09999999999999,5.467559814453125,
221.19999999999999,5.2299423217773438,
221.30000000000001,5.0127716064453125,
221.40000000000001,4.79559326171875,
221.5,4.5222091674804688,
221.59999999999999,4.1823959350585938,
221.69999999999999,3.8987884521484375,
221.80000000000001,3.719940185546875,
221.90000000000001,3.5410919189453125,
222,3.3085861206054688,
222.09999999999999,3.0888519287109375,
222.19999999999999,2.9815444946289062,
222.30000000000001,3.0326461791992188,
222.40000000000001,3.093963623046875,
222.5,3.0403060913085938,
222.59999999999999,2.945770263671875,
222.69999999999999,2.8972320556640625,
222.80000000000001,2.874237060546875,
222.90000000000001,2.7669219970703125,
223,2.7030487060546875,
223.09999999999999,2.7797012329101562,
223.19999999999999,2.7669219970703125,
223.30000000000001,2.651947021484375,
223.40000000000001,2.6263961791992188,
223.5,2.7285995483398438,
223.59999999999999,2.8793411254882812,
223.69999999999999,3.0352020263671875,
223.80000000000001,3.221710205078125,
223.90000000000001,3.4567718505859375,
224,3.6892776489257812,
224.09999999999999,3.8681259155273438,
224.19999999999999,4.0623092651367188,
224.30000000000001,4.335693359375,
224.40000000000001,4.6346282958984375,
224.5,4.90545654296875,
224.59999999999999,5.1047515869140625,
224.69999999999999,5.2452774047851562,
224.80000000000001,5.2963714599609375,
224.90000000000001,5.2606048583984375,
225,5.1762924194335938,
225.09999999999999,5.0792007446289062,
225.19999999999999,5.0204315185546875,
225.30000000000001,4.9310073852539062,
225.40000000000001,4.7777099609375,
225.5,4.6525115966796875,
225.59999999999999,4.5707550048828125,
225.69999999999999,4.48388671875,
225.80000000000001,4.3893508911132812,
225.90000000000001,4.2692642211914062,
226,4.1491775512695312,
226.09999999999999,4.0418701171875,
226.19999999999999,3.8936767578125,
226.30000000000001,3.719940185546875,
226.40000000000001,3.489990234375,
226.5,3.2370452880859375,
226.59999999999999,3.0607452392578125,
226.69999999999999,2.9764328002929688,
226.80000000000001,2.8870086669921875,
226.90000000000001,2.8256912231445312,
227,2.69793701171875,
227.09999999999999,2.4373321533203125,
227.19999999999999,2.347900390625,
227.30000000000001,2.4603271484375,
227.40000000000001,2.5446395874023438,
227.5,2.5471954345703125,
227.59999999999999,2.5293121337890625,
227.69999999999999,2.5293121337890625,
227.80000000000001,2.542083740234375,
227.90000000000001,2.5446395874023438,
228,2.5650787353515625,
228.09999999999999,2.651947021484375,
228.19999999999999,2.7643661499023438,
228.30000000000001,2.8767852783203125,
228.40000000000001,2.9406661987304688,
228.5,3.0224227905273438,
228.59999999999999,3.3009185791015625,
228.69999999999999,3.7301559448242188,
228.80000000000001,4.115966796875,
228.90000000000001,4.4813308715820312,
229,4.8313674926757812,
229.09999999999999,5.1379623413085938,
229.19999999999999,5.53143310546875,
229.30000000000001,6.0424346923828125,
229.40000000000001,6.5278854370117188,
229.5,6.8268203735351562,
229.59999999999999,6.96734619140625,
229.69999999999999,7.0874252319335938,
229.80000000000001,7.26116943359375,
229.90000000000001,7.4042510986328125,
230,7.399139404296875,10.389610290527344
230.09999999999999,7.2458419799804688,
230.19999999999999,7.0363311767578125,
230.30000000000001,6.80126953125,
230.40000000000001,6.5943145751953125,
230.5,6.479339599609375,
230.59999999999999,6.3848037719726562,
230.69999999999999,6.2877120971679688,
230.80000000000001,6.2136154174804688,
230.90000000000001,6.1165313720703125,
231,5.9708938598632812,
231.09999999999999,5.8099288940429688,
231.19999999999999,5.6642913818359375,
231.30000000000001,5.49566650390625,
231.40000000000001,5.2529373168945312,
231.5,4.961669921875,
231.59999999999999,4.7291641235351562,
231.69999999999999,4.5733108520507812,
231.80000000000001,4.4200057983398438,
231.90000000000001,4.2641525268554688,
232,4.1389617919921875,
232.09999999999999,4.0571975708007812,
232.19999999999999,3.9550018310546875,
232.30000000000001,3.709716796875,
232.40000000000001,3.3775711059570312,
232.5,3.1092910766601562,
232.59999999999999,2.910003662109375,
232.69999999999999,2.7848052978515625,
232.80000000000001,2.73626708984375,
232.90000000000001,2.7107162475585938,
233,2.7004928588867188,
233.09999999999999,2.6877212524414062,
233.19999999999999,2.6647262573242188,
233.30000000000001,2.6366195678710938,
233.40000000000001,2.616180419921875,
233.5,2.6110687255859375,
233.59999999999999,2.6672821044921875,
233.69999999999999,2.7643661499023438,
233.80000000000001,2.8435745239257812,
233.90000000000001,2.9329986572265625,
234,3.076080322265625,
234.09999999999999,3.24981689453125,
234.19999999999999,3.4082260131835938,
234.30000000000001,3.7122726440429688,
234.40000000000001,4.2564926147460938,
234.5,4.8645782470703125,
234.59999999999999,5.4368972778320312,
234.69999999999999,5.8022613525390625,
234.80000000000001,5.9606704711914062,
234.90000000000001,6.2110671997070312,
235,6.461456298828125,
235.09999999999999,6.8114852905273438,
235.19999999999999,7.4246902465820312,
235.30000000000001,8.0915451049804688,
235.40000000000001,8.69708251953125,
235.5,9.1927490234375,
235.59999999999999,9.6041030883789062,
235.69999999999999,9.9669113159179688,
235.80000000000001,10.209640502929688,
235.90000000000001,10.414039611816406,
236,10.840721130371094,
236.09999999999999,11.45648193359375,
236.19999999999999,11.959815979003906,
236.30000000000001,12.322624206542969,
236.40000000000001,12.258750915527344,
236.5,11.635330200195312,
236.59999999999999,10.963363647460938,
236.69999999999999,10.253074645996094,
236.80000000000001,9.5683364868164062,
236.90000000000001,9.1493148803710938,
237,8.7890625,
237.09999999999999,8.375152587890625,
237.19999999999999,7.9356918334960938,
237.30000000000001,7.4987869262695312,
237.40000000000001,7.0363311767578125,
237.5,6.5789871215820312,
237.59999999999999,6.1599655151367188,
237.69999999999999,5.7486114501953125,
237.80000000000001,5.3500289916992188,
237.90000000000001,4.9744415283203125,
238,4.5784225463867188,
238.09999999999999,4.1517333984375,
238.19999999999999,3.755706787109375,
238.30000000000001,3.4772109985351562,
238.40000000000001,3.3188018798828125,
238.5,3.1655044555664062,
238.59999999999999,3.0735244750976562,
238.69999999999999,3.076080322265625,
238.80000000000001,3.0275344848632812,
238.90000000000001,3.0096511840820312,
239,3.0607452392578125,
239.09999999999999,2.99176025390625,
239.19999999999999,2.7694778442382812,
239.30000000000001,2.6493911743164062,
239.40000000000001,2.6800537109375,
239.5,2.6647262573242188,
239.59999999999999,2.58807373046875,
239.69999999999999,2.506317138671875,
239.80000000000001,2.5804061889648438,
239.90000000000001,2.8052520751953125,
240,2.88189697265625,5.2083334922790527
240.09999999999999,2.8129119873046875,
240.19999999999999,2.77203369140625,
240.30000000000001,2.7643661499023438,
240.40000000000001,2.7950286865234375,
240.5,2.8103561401367188,
240.59999999999999,2.754150390625,
240.69999999999999,2.690277099609375,
240.80000000000001,2.6545028686523438,
240.90000000000001,2.6545028686523438,
241,2.6596145629882812,
241.09999999999999,2.6647262573242188,
241.19999999999999,2.6800537109375,
241.30000000000001,2.6493911743164062,
241.40000000000001,2.5855178833007812,
241.5,2.5548553466796875,
241.59999999999999,2.5574111938476562,
241.69999999999999,2.559967041015625,
241.80000000000001,2.5727462768554688,
241.90000000000001,2.7183761596679688,
242,2.9534378051757812,
242.09999999999999,3.1961669921875,
242.19999999999999,3.3852310180664062,
242.30000000000001,3.4286651611328125,
242.40000000000001,3.39801025390625,
242.5,3.295806884765625,
242.59999999999999,3.0479736328125,
242.69999999999999,2.7643661499023438,
242.80000000000001,2.5855178833007812,
242.90000000000001,2.43988037109375,
243,2.3121337890625,
243.09999999999999,2.1716079711914062,
243.19999999999999,2.0949554443359375,
243.30000000000001,2.1409454345703125,
243.40000000000001,2.230377197265625,
243.5,2.5012054443359375,
243.59999999999999,2.9687652587890625,
243.69999999999999,3.4695510864257812,
243.80000000000001,3.9882125854492188,
243.90000000000001,4.621856689453125,
244,5.3781356811523438,
244.09999999999999,5.9223480224609375,
244.19999999999999,5.97344970703125,
244.30000000000001,6.001556396484375,
244.40000000000001,6.0654296875,
244.5,5.8456954956054688,
244.59999999999999,5.64129638671875,
244.69999999999999,5.4650039672851562,
244.80000000000001,5.08941650390625,
244.90000000000001,4.5273208618164062,
245,3.9805526733398438,
245.09999999999999,3.58197021484375,
245.19999999999999,3.2677001953125,
245.30000000000001,3.0045394897460938,
245.40000000000001,2.8282470703125,
245.5,2.7311553955078125,
245.59999999999999,2.66217041015625,
245.69999999999999,2.6212921142578125,
245.80000000000001,2.5957412719726562,
245.90000000000001,2.5727462768554688,
246,2.577850341796875,
246.09999999999999,2.6212921142578125,
246.19999999999999,2.6877212524414062,
246.30000000000001,2.726043701171875,
246.40000000000001,2.7183761596679688,
246.5,2.7771453857421875,
246.59999999999999,2.8997802734375,
246.69999999999999,3.0479736328125,
246.80000000000001,3.2447052001953125,
246.90000000000001,3.4823226928710938,
247,3.76593017578125,
247.09999999999999,4.0393142700195312,
247.19999999999999,4.225830078125,
247.30000000000001,4.3663558959960938,
247.40000000000001,4.4813308715820312,
247.5,4.4889907836914062,
247.59999999999999,4.3561325073242188,
247.69999999999999,4.2053909301757812,
247.80000000000001,4.1594009399414062,
247.90000000000001,4.1440658569335938,
248,4.0674209594726562,
248.09999999999999,4.0112075805664062,
248.19999999999999,3.9882125854492188,
248.30000000000001,3.886016845703125,
248.40000000000001,3.7224960327148438,
248.5,3.627960205078125,
248.59999999999999,3.5206527709960938,
248.69999999999999,3.3264694213867188,
248.80000000000001,3.185943603515625,
248.90000000000001,3.0428619384765625,
249,2.9048919677734375,
249.09999999999999,2.7694778442382812,
249.19999999999999,2.6851654052734375,
249.30000000000001,2.6672821044921875,
249.40000000000001,2.6851654052734375,
249.5,2.6570587158203125,
249.59999999999999,2.6493911743164062,
249.69999999999999,2.7209320068359375,
249.80000000000001,2.80780029296875,
249.90000000000001,2.9176712036132812,
250,3.0862960815429688,9.375
250.09999999999999,3.3009185791015625,
250.19999999999999,3.5308685302734375,
250.30000000000001,3.8323593139648438,
250.40000000000001,4.2820358276367188,
250.5,4.7777099609375,
250.59999999999999,5.1788406372070312,
250.69999999999999,5.4905548095703125,
250.80000000000001,5.78948974609375,
250.90000000000001,6.0347671508789062,
251,6.2596054077148438,
251.09999999999999,6.2749404907226562,
251.19999999999999,5.8278121948242188,
251.30000000000001,5.12774658203125,
251.40000000000001,4.4506683349609375,
251.5,3.9064559936523438,
251.59999999999999,3.50787353515625,
251.69999999999999,3.23193359375,
251.80000000000001,3.0352020263671875,
251.90000000000001,2.910003662109375,
252,2.8205795288085938,
252.09999999999999,2.7388153076171875,
252.19999999999999,2.6774978637695312,
252.30000000000001,2.6570587158203125,
252.40000000000001,2.6417312622070312,
252.5,2.5625228881835938,
252.59999999999999,2.49609375,
252.69999999999999,2.4986495971679688,
252.80000000000001,2.5037612915039062,
252.90000000000001,2.5088653564453125,
253,2.5267562866210938,
253.09999999999999,2.559967041015625,
253.19999999999999,2.616180419921875,
253.30000000000001,2.7413711547851562,
253.40000000000001,2.9151153564453125,
253.5,3.0914077758789062,
253.59999999999999,3.3060302734375,
253.69999999999999,3.5589752197265625,
253.80000000000001,3.6790618896484375,
253.90000000000001,3.6713943481445312,
254,3.6381759643554688,
254.09999999999999,3.5743026733398438,
254.19999999999999,3.50787353515625,
254.30000000000001,3.43377685546875,
254.40000000000001,3.3034744262695312,
254.5,3.1425094604492188,
254.59999999999999,2.9994277954101562,
254.69999999999999,2.874237060546875,
254.80000000000001,2.7745895385742188,
254.90000000000001,2.708160400390625,
255,2.6570587158203125,
255.09999999999999,2.6187362670898438,
255.19999999999999,2.598297119140625,
255.30000000000001,2.6008453369140625,
255.40000000000001,2.5855178833007812,
255.5,2.5267562866210938,
255.59999999999999,2.4730987548828125,
255.69999999999999,2.4526596069335938,
255.80000000000001,2.4756546020507812,
255.90000000000001,2.5318603515625,
256,2.634063720703125,
256.10000000000002,2.8154678344726562,
256.19999999999999,3.0607452392578125,
256.30000000000001,3.3188018798828125,
256.39999999999998,3.5794143676757812,
256.5,3.9064559936523438,
256.60000000000002,4.2999267578125,
256.69999999999999,4.70361328125,
256.80000000000001,5.1073074340820312,
256.89999999999998,5.3883514404296875,
257,5.5007705688476562,
257.10000000000002,5.5084381103515625,
257.19999999999999,5.3960189819335938,
257.30000000000001,5.2171707153320312,
257.39999999999998,5.0178756713867188,
257.5,4.7853775024414062,
257.60000000000002,4.547760009765625,
257.69999999999999,4.345916748046875,
257.80000000000001,4.1491775512695312,
257.89999999999998,3.9345626831054688,
258,3.7301559448242188,
258.10000000000002,3.571746826171875,
258.19999999999999,3.4567718505859375,
258.30000000000001,3.2753677368164062,
258.39999999999998,3.0556411743164062,
258.5,2.9125595092773438,
258.60000000000002,2.8205795288085938,
258.69999999999999,2.7413711547851562,
258.80000000000001,2.66217041015625,
258.89999999999998,2.6008453369140625,
259,2.5753021240234375,
259.10000000000002,2.5471954345703125,
259.19999999999999,2.542083740234375,
259.30000000000001,2.60595703125,
259.39999999999998,2.708160400390625,
259.5,2.7899169921875,
259.60000000000002,2.8844528198242188,
259.69999999999999,3.0249786376953125,
259.80000000000001,3.1731719970703125,
259.89999999999998,3.2855911254882812,
260,3.3290252685546875,9.4637222290039062
260.10000000000002,3.3188018798828125,
260.19999999999999,3.2983627319335938,
260.30000000000001,3.2702560424804688,
260.39999999999998,3.1987152099609375,
260.5,3.0786361694335938,
260.60000000000002,2.9432220458984375,
260.69999999999999,2.835906982421875,
260.80000000000001,2.7490386962890625,
260.89999999999998,2.669830322265625,
261,2.5855178833007812,
261.10000000000002,2.5012054443359375,
261.19999999999999,2.4603271484375,
261.30000000000001,2.4347763061523438,
261.39999999999998,2.3990020751953125,
261.5,2.432220458984375,
261.60000000000002,2.5088653564453125,
261.69999999999999,2.58807373046875,
261.80000000000001,2.7158203125,
261.89999999999998,2.8972320556640625,
262,3.111846923828125,
262.10000000000002,3.3647918701171875,
262.19999999999999,3.6381759643554688,
262.30000000000001,3.9371109008789062,
262.39999999999998,4.2513809204101562,
262.5,4.4992141723632812,
262.60000000000002,4.657623291015625,
262.69999999999999,4.7802658081054688,
262.80000000000001,4.8645782470703125,
262.89999999999998,4.8620223999023438,
263,4.7879257202148438,
263.10000000000002,4.6985015869140625,
263.19999999999999,4.57586669921875,
263.30000000000001,4.4302291870117188,
263.39999999999998,4.2948150634765625,
263.5,4.0827484130859375,
263.60000000000002,3.8144760131835938,
263.69999999999999,3.5947418212890625,
263.80000000000001,3.4363327026367188,
263.89999999999998,3.2804794311523438,
264,3.1169586181640625,
264.10000000000002,2.9815444946289062,
264.19999999999999,2.88189697265625,
264.30000000000001,2.782257080078125,
264.39999999999998,2.6826095581054688,
264.5,2.5829620361328125,
264.60000000000002,2.4730987548828125,
264.69999999999999,2.393890380859375,
264.80000000000001,2.3453521728515625,
264.89999999999998,2.3198013305664062,
265,2.3198013305664062,
265.10000000000002,2.3504562377929688,
265.19999999999999,2.38623046875,
265.30000000000001,2.4066696166992188,
265.39999999999998,2.5114212036132812,
265.5,2.8052520751953125,
265.60000000000002,3.2114944458007812,
265.69999999999999,3.610076904296875,
265.80000000000001,4.0188751220703125,
265.89999999999998,4.4634475708007812,
266,4.897796630859375,
266.10000000000002,5.2478256225585938,
266.19999999999999,5.5237655639648438,
266.30000000000001,5.7767105102539062,
266.39999999999998,5.9836654663085938,
266.5,6.1241912841796875,
266.60000000000002,6.2085113525390625,
266.69999999999999,6.23150634765625,
266.80000000000001,6.147186279296875,
266.89999999999998,5.9785614013671875,
267,5.8150405883789062,
267.10000000000002,5.6489639282226562,
267.19999999999999,5.4828872680664062,
267.30000000000001,5.3449172973632812,
267.39999999999998,5.209503173828125,
267.5,5.081756591796875,
267.60000000000002,4.9361190795898438,
267.69999999999999,4.7828216552734375,
267.80000000000001,4.6831741333007812,
267.89999999999998,4.5886383056640625,
268,4.445556640625,
268.10000000000002,4.2794876098632812,
268.19999999999999,4.1440658569335938,
268.30000000000001,4.0265426635742188,
268.39999999999998,3.87579345703125,
268.5,3.6995010375976562,
268.60000000000002,3.5487518310546875,
268.69999999999999,3.426116943359375,
268.80000000000001,3.3162460327148438,
268.89999999999998,3.221710205078125,
269,3.1195144653320312,
269.10000000000002,3.0147552490234375,
269.19999999999999,2.945770263671875,
269.30000000000001,2.8997802734375,
269.39999999999998,2.853790283203125,
269.5,2.7975845336914062,
269.60000000000002,2.7030487060546875,
269.69999999999999,2.5957412719726562,
269.80000000000001,2.5114212036132812,
269.89999999999998,2.4552154541015625,
270,2.4271087646484375,13.464991569519043
270.10000000000002,2.3964462280273438,
270.19999999999999,2.3657913208007812,
270.30000000000001,2.3453521728515625,
270.39999999999998,2.322357177734375,
270.5,2.2993621826171875,
270.60000000000002,2.2789154052734375,
270.69999999999999,2.2763671875,
270.80000000000001,2.3249053955078125,
270.89999999999998,2.4373321533203125,
271,2.5957412719726562,
271.10000000000002,2.7464828491210938,
271.19999999999999,2.8895645141601562,
271.30000000000001,3.0428619384765625,
271.39999999999998,3.21405029296875,
271.5,3.380126953125,
271.60000000000002,3.4491119384765625,
271.69999999999999,3.4491119384765625,
271.80000000000001,3.4235610961914062,
271.89999999999998,3.3647918701171875,
272,3.3060302734375,
272.10000000000002,3.3188018798828125,
272.19999999999999,3.5487518310546875,
272.30000000000001,4.1568450927734375,
272.39999999999998,4.7189407348632812,
272.5,4.9131240844726562,
272.60000000000002,4.9693374633789062,
272.69999999999999,4.9463424682617188,
272.80000000000001,4.8569107055664062,
272.89999999999998,4.6882858276367188,
273,4.59375,
273.10000000000002,4.6831741333007812,
273.19999999999999,4.7419357299804688,
273.30000000000001,4.6831741333007812,
273.39999999999998,4.5528717041015625,
273.5,4.3586883544921875,
273.60000000000002,4.115966796875,
273.69999999999999,3.8144760131835938,
273.80000000000001,3.5334243774414062,
273.89999999999998,3.3315811157226562,
274,3.1603927612304688,
274.10000000000002,2.966217041015625,
274.19999999999999,2.7464828491210938,
274.30000000000001,2.55230712890625,
274.39999999999998,2.3990020751953125,
274.5,2.2508163452148438,
274.60000000000002,2.117950439453125,
274.69999999999999,2.0285263061523438,
274.80000000000001,1.9774322509765625,
274.89999999999998,1.954437255859375,
275,1.9416580200195312,
275.10000000000002,1.9391021728515625,
275.19999999999999,1.9493255615234375,
275.30000000000001,1.9672088623046875,
275.39999999999998,1.9876480102539062,
275.5,2.03619384765625,
275.60000000000002,2.082183837890625,
275.69999999999999,2.11029052734375,
275.80000000000001,2.1997146606445312,
275.89999999999998,2.3632354736328125,
276,2.51397705078125,
276.10000000000002,2.6366195678710938,
276.19999999999999,2.7567062377929688,
276.30000000000001,2.864013671875,
276.39999999999998,2.9253311157226562,
276.5,2.927886962890625,
276.60000000000002,2.9048919677734375,
276.69999999999999,2.84613037109375,
276.80000000000001,2.7567062377929688,
276.89999999999998,2.669830322265625,
277,2.6008453369140625,
277.10000000000002,2.5676345825195312,
277.19999999999999,2.5446395874023438,
277.30000000000001,2.5216445922851562,
277.39999999999998,2.5088653564453125,
277.5,2.5012054443359375,
277.60000000000002,2.49609375,
277.69999999999999,2.4756546020507812,
277.80000000000001,2.4092254638671875,
277.89999999999998,2.301910400390625,
278,2.2022705078125,
278.10000000000002,2.1307296752929688,
278.19999999999999,2.1077346801757812,
278.30000000000001,2.0949554443359375,
278.39999999999998,2.064300537109375,
278.5,2.046417236328125,
278.60000000000002,2.0489654541015625,
278.69999999999999,2.0591888427734375,
278.80000000000001,2.0872955322265625,
278.89999999999998,2.1205062866210938,
279,2.1894912719726562,
279.10000000000002,2.3249053955078125,
279.19999999999999,2.5165328979492188,
279.30000000000001,2.743927001953125,
279.39999999999998,3.0045394897460938,
279.5,3.3290252685546875,
279.60000000000002,3.719940185546875,
279.69999999999999,4.1210708618164062,
279.80000000000001,4.565643310546875,
279.89999999999998,5.071533203125,
280,5.4164581298828125,10.366274833679199
280.10000000000002,5.5569839477539062,
280.19999999999999,5.587646484375,
280.30000000000001,5.6157455444335938,
280.39999999999998,5.6310806274414062,
280.5,5.4752273559570312,
280.60000000000002,5.1941757202148438,
280.69999999999999,4.989776611328125,
280.80000000000001,4.8773574829101562,
280.89999999999998,4.731719970703125,
281,4.5196533203125,
281.10000000000002,4.3024826049804688,
281.19999999999999,4.0086517333984375,
281.30000000000001,3.6151809692382812,
281.39999999999998,3.2753677368164062,
281.5,3.0070953369140625,
281.60000000000002,2.754150390625,
281.69999999999999,2.524200439453125,
281.80000000000001,2.322357177734375,
281.89999999999998,2.1716079711914062,
282,2.082183837890625,
282.10000000000002,2.0208663940429688,
282.19999999999999,1.990203857421875,
282.30000000000001,1.9850921630859375,
282.39999999999998,1.9953155517578125,
282.5,2.0285263061523438,
282.60000000000002,2.0591888427734375,
282.69999999999999,2.0694122314453125,
282.80000000000001,2.0489654541015625,
282.89999999999998,2.018310546875,
283,2.0387496948242188,
283.10000000000002,2.1026229858398438,
283.19999999999999,2.1869354248046875,
283.30000000000001,2.3095779418945312,
283.39999999999998,2.4705429077148438,
283.5,2.6545028686523438,
283.60000000000002,2.864013671875,
283.69999999999999,3.1016311645507812,
283.80000000000001,3.3264694213867188,
283.89999999999998,3.4976577758789062,
284,3.5947418212890625,
284.10000000000002,3.571746826171875,
284.19999999999999,3.4669952392578125,
284.30000000000001,3.35968017578125,
284.39999999999998,3.2447052001953125,
284.5,3.1220703125,
284.60000000000002,3.0275344848632812,
284.69999999999999,2.945770263671875,
284.80000000000001,2.8231353759765625,
284.89999999999998,2.6417312622070312,
285,2.4705429077148438,
285.10000000000002,2.347900390625,
285.19999999999999,2.2635879516601562,
285.30000000000001,2.2073822021484375,
285.39999999999998,2.1613922119140625,
285.5,2.1332855224609375,
285.60000000000002,2.1154022216796875,
285.69999999999999,2.100067138671875,
285.80000000000001,2.0872955322265625,
285.89999999999998,2.064300537109375,
286,2.0617446899414062,
286.10000000000002,2.1409454345703125,
286.19999999999999,2.2968063354492188,
286.30000000000001,2.4730987548828125,
286.39999999999998,2.6545028686523438,
286.5,2.8844528198242188,
286.60000000000002,3.1578369140625,
286.69999999999999,3.4363327026367188,
286.80000000000001,3.702056884765625,
286.89999999999998,3.921783447265625,
287,4.1031875610351562,
287.10000000000002,4.2309417724609375,
287.19999999999999,4.2462692260742188,
287.30000000000001,4.1568450927734375,
287.39999999999998,4.0290908813476562,
287.5,3.886016845703125,
287.60000000000002,3.7224960327148438,
287.69999999999999,3.5589752197265625,
287.80000000000001,3.3750152587890625,
287.89999999999998,3.1552810668945312,
288,2.9534378051757812,
288.10000000000002,2.7848052978515625,
288.19999999999999,2.644287109375,
288.30000000000001,2.55230712890625,
288.39999999999998,2.506317138671875,
288.5,2.485870361328125,
288.60000000000002,2.450103759765625,
288.69999999999999,2.3964462280273438,
288.80000000000001,2.3530120849609375,
288.89999999999998,2.3146896362304688,
289,2.301910400390625,
289.10000000000002,2.3657913208007812,
289.19999999999999,2.5190887451171875,
289.30000000000001,2.7464828491210938,
289.39999999999998,3.0045394897460938,
289.5,3.341796875,
289.60000000000002,3.7531509399414062,
289.69999999999999,4.1568450927734375,
289.80000000000001,4.5196533203125,
289.89999999999998,4.8185882568359375,
290,5.0740890502929688,11.045655250549316
290.10000000000002,5.31170654296875,
290.19999999999999,5.541656494140625,
290.30000000000001,5.7230606079101562,
290.39999999999998,5.7818222045898438,
290.5,5.7026214599609375,
290.60000000000002,5.5365447998046875,
290.69999999999999,5.3040390014648438,
290.80000000000001,4.9846649169921875,
290.89999999999998,4.6474075317382812,
291,4.3229217529296875,
291.10000000000002,3.9907684326171875,
291.19999999999999,3.6483993530273438,
291.30000000000001,3.2932510375976562,
291.39999999999998,2.9406661987304688,
291.5,2.6417312622070312,
291.60000000000002,2.432220458984375,
291.69999999999999,2.2891387939453125,
291.80000000000001,2.1792755126953125,
291.89999999999998,2.0540771484375,
292,1.9467697143554688,
292.10000000000002,1.8726730346679688,
292.19999999999999,1.7832489013671875,
292.30000000000001,1.7219314575195312,
292.39999999999998,1.7193756103515625,
292.5,1.74237060546875,
292.60000000000002,1.8190155029296875,
292.69999999999999,1.96209716796875,
292.80000000000001,2.1358413696289062,
292.89999999999998,2.3172454833984375,
293,2.4475479125976562,
293.10000000000002,2.5267562866210938,
293.19999999999999,2.6136245727539062,
293.30000000000001,2.7056045532226562,
293.39999999999998,2.80780029296875,
293.5,2.9023361206054688,
293.60000000000002,2.80780029296875,
293.69999999999999,2.6263961791992188,
293.80000000000001,2.58807373046875,
293.89999999999998,2.6136245727539062,
294,2.5676345825195312,
294.10000000000002,2.4475479125976562,
294.19999999999999,2.3274612426757812,
294.30000000000001,2.2405929565429688,
294.39999999999998,2.1230621337890625,
294.5,1.9237747192382812,
294.60000000000002,1.7372589111328125,
294.69999999999999,1.6427230834960938,
294.80000000000001,1.6452789306640625,
294.89999999999998,1.696380615234375,
295,1.6989364624023438,
295.10000000000002,1.5814056396484375,
295.19999999999999,1.420440673828125,
295.30000000000001,1.3693389892578125,
295.39999999999998,1.3897781372070312,
295.5,1.438323974609375,
295.60000000000002,1.5558547973632812,
295.69999999999999,1.7398147583007812,
295.80000000000001,1.9288864135742188,
295.89999999999998,2.1230621337890625,
296,2.3274612426757812,
296.10000000000002,2.4986495971679688,
296.19999999999999,2.6110687255859375,
296.30000000000001,2.7030487060546875,
296.39999999999998,2.80780029296875,
296.5,2.8972320556640625,
296.60000000000002,2.9432220458984375,
296.69999999999999,2.9329986572265625,
296.80000000000001,2.8665695190429688,
296.89999999999998,2.7873611450195312,
297,2.6851654052734375,
297.10000000000002,2.5625228881835938,
297.19999999999999,2.4373321533203125,
297.30000000000001,2.284027099609375,
297.39999999999998,2.138397216796875,
297.5,2.0515213012695312,
297.60000000000002,1.9876480102539062,
297.69999999999999,1.9595413208007812,
297.80000000000001,2.0591888427734375,
297.89999999999998,2.33001708984375,
298,2.7158203125,
298.10000000000002,3.1144027709960938,
298.19999999999999,3.4746627807617188,
298.30000000000001,3.7965927124023438,
298.39999999999998,4.13385009765625,
298.5,4.4711074829101562,
298.60000000000002,4.731719970703125,
298.69999999999999,4.9565582275390625,
298.80000000000001,5.191619873046875,
298.89999999999998,5.3653564453125,
299,5.4471206665039062,
299.10000000000002,5.4445648193359375,
299.19999999999999,5.3551406860351562,
299.30000000000001,5.2043914794921875,
299.39999999999998,5.0127716064453125,
299.5,4.7879257202148438,
299.60000000000002,4.5733108520507812,
299.69999999999999,4.3612442016601562,
299.80000000000001,4.1721725463867188,
299.89999999999998,3.977996826171875,
300,3.7276077270507812,11.355033874511719
