Timestamp,Breath Rate
25.137819290161133,9.31332135959532
25.34248995780945,9.299970975136398
25.34248995780945,9.286831637728705
25.34349036216736,9.273583006084356
25.34449076652527,9.259740644181003
25.388497829437256,9.245980146325797
25.54301953315735,9.232450071060338
25.544018983840942,9.218928182516425
25.545019149780273,9.205688092020875
25.58876872062683,9.19277899463916
25.793967723846436,9.18024688014839
25.796889066696167,9.168450351980837
25.798890113830566,9.15715556820904
25.801870107650757,9.146524173324204
26.009679079055786,9.136780659105936
26.01167345046997,9.127817011852548
26.01468062400818,9.11965414717979
26.017050981521606,9.112301437390942
26.041639804840088,9.105268637505242
26.29447913169861,9.098668493829257
26.296497344970703,9.092475216558261
26.29747700691223,9.086394674264408
26.300745487213135,9.080250627808121
26.302445650100708,9.074159740615713
26.340208053588867,9.068355266800575
26.54405450820923,9.062720487913527
26.547054290771484,9.057023692479682
26.549055099487305,9.05159667125507
26.551056623458862,9.046163038252566
26.789166688919067,9.04055128725455
26.790167808532715,9.035250482902628
26.79116940498352,9.030351420954938
26.79116940498352,9.025263281741331
26.792168140411377,9.019644176026002
26.99035620689392,9.015019336558444
26.991355657577515,9.010774242434213
26.992369651794434,9.006969064057685
26.992369651794434,9.00333055233869
27.04097628593445,8.999720896653741
27.2429518699646,8.996232289158767
27.244945526123047,8.992640201716801
27.246949911117554,8.989155620755582
27.247948169708252,8.986195041013707
27.288949012756348,8.983318844125032
27.493951082229614,8.981043533701362
27.495956659317017,8.979323844357024
27.499645709991455,8.97817575414416
27.501294374465942,8.97778106771753
27.539756059646606,8.977963707428074
27.74488353729248,8.979018020828573
27.746882915496826,8.980893525209183
27.749951362609863,8.98366038260029
27.752886056900024,8.98730878023726
27.992405652999878,8.991612248378079
27.99445867538452,8.996764447222956
27.997703552246094,9.002641552370422
27.99975299835205,9.009704202265741
28.001768589019775,9.017838417292985
28.205215454101562,9.026214657247
28.20713973045349,9.035119924260524
28.209134101867676,9.044484553007894
28.21113419532776,9.055136615687085
28.24213171005249,9.066249506579107
28.44377589225769,9.07781735633731
28.44676685333252,9.08939442259773
28.449519634246826,9.101652511835196
28.45145535469055,9.114251441203594
28.491455793380737,9.127013603023284
28.69286036491394,9.140458645998311
28.69585394859314,9.15449774613886
28.69786047935486,9.169175452623113
28.70078730583191,9.18506825336685
28.739782333374023,9.201383915303177
28.944695711135864,9.21874207312313
28.946696758270264,9.237508419754903
28.949699878692627,9.25633712899701
28.952695608139038,9.276295656781622
28.98984980583191,9.296693218972148
29.19316792488098,9.31758344800377
29.196089267730713,9.339429854516188
29.19808793067932,9.362122266283482
29.20065975189209,9.384573903015529
29.400509357452393,9.407232267789867
29.40160846710205,9.429379682569946
29.40368962287903,9.450981690615036
29.40707492828369,9.472450725936175
29.439998388290405,9.495021249737746
29.64214015007019,9.517950567171038
29.645137786865234,9.542310929885964
29.647939205169678,9.567299335829091
29.649861097335815,9.593912106443641
29.844728231430054,9.62118642146741
29.84674334526062,9.649612646693763
29.848729372024536,9.679784635492856
29.851787567138672,9.711704012542
29.890297651290894,9.745436916089988
30.09477210044861,9.78152557506885
30.09684443473816,9.820097680025292
30.099844217300415,9.862175240691913
30.10177445411682,9.907502966683484
30.141582250595093,9.956767015173298
30.34486222267151,10.009974249656713
30.346866130828857,10.069365513723127
30.349796295166016,10.133562817373289
30.352798223495483,10.203988225679023
30.391300916671753,15.512853697383346
30.65535616874695,15.483900850198447
30.658286333084106,15.45499014372108
30.66028642654419,15.426071168594317
30.662286281585693,15.397233698936448
30.66428804397583,11.572121558827828
30.691022634506226,11.777475077023585
30.89407253265381,11.916336225722027
30.896616220474243,12.013604896558817
30.8993878364563,12.092462045096685
30.90175747871399,12.15680117003436
30.939749002456665,12.214017409787866
31.142606258392334,12.263913301573488
31.145630836486816,12.309348161902628
31.147629737854004,12.349886354900471
31.149681329727173,12.387942400402384
31.343962907791138,12.423835391062825
31.347029209136963,12.458193859070331
31.349042415618896,12.492699036002858
31.35096287727356,12.525818984284514
31.391013145446777,12.554255198240888
31.6427104473114,12.580870789605857
31.64569592475891,12.611114347019603
31.64769458770752,12.637634534266025
31.64971137046814,12.663496982238415
31.65164089202881,12.688752482935246
31.855542421340942,12.714134398785609
31.858560800552368,12.738182632823143
31.861490488052368,12.761796894987146
31.863811492919922,12.782347309099967
31.88973569869995,12.80212079369023
32.092663526535034,12.823418014885263
32.09547448158264,12.84226863492435
32.09801006317139,12.85820783884838
32.10095167160034,12.874689191167553
32.1390118598938,12.888461422964934
32.29499173164368,12.908056978400381
32.29698729515076,12.926160445843138
32.29848051071167,12.940339248667742
32.341317892074585,12.951513877438854
32.5451500415802,12.96174331120088
32.54807257652283,12.971646760503239
32.550142765045166,12.977388578306869
32.55307054519653,12.98257214568701
32.591421604156494,12.987508959961193
32.79408574104309,12.990555872671177
32.79710865020752,12.992639153228623
32.80010986328125,12.994028883219075
32.802109718322754,12.994337424960566
32.84089708328247,12.99407087489355
33.05614233016968,12.993234789202404
33.059139013290405,12.991992457375297
33.06113886833191,12.989841557825294
33.064252853393555,12.988626038675289
33.09191918373108,12.987116040586994
33.29377508163452,12.987229909034806
33.29678130149841,12.98867322894389
33.29978680610657,12.990509114584468
33.30770969390869,12.993193584280688
33.543020725250244,12.997073868133581
33.54594135284424,13.001788685601477
33.54861807823181,13.006941733735388
33.55154013633728,13.012839283788942
33.55355167388916,13.01952176179191
33.74432682991028,13.026118292875232
33.746323108673096,13.032530177056758
33.74841570854187,13.040550447357223
33.75132751464844,13.049385354839812
33.79198217391968,13.058846965584227
33.9928412437439,13.068120165494204
33.99492621421814,13.07675237173298
33.99692511558533,13.086558896438053
33.999924182891846,13.096546017942405
34.20499897003174,13.106401053617105
34.2063934803009,13.114510840136573
34.20798921585083,13.122348577542915
34.209099769592285,13.129178640243962
34.240212202072144,13.135647171942848
34.44462823867798,13.141271517800023
34.446664810180664,13.147153212511355
34.44959378242493,13.1525232166733
34.45059394836426,13.158403861178623
34.69275188446045,13.163131779912359
34.69574952125549,13.168132103758165
34.69774889945984,13.173191259269007
34.70008635520935,13.177734146027925
34.70234966278076,13.183059199330447
34.89381718635559,13.18737079064504
34.895814418792725,13.191842616541061
34.89889883995056,13.196246804216837
34.900819063186646,13.200968452763554
34.93986535072327,13.204999000347595
35.1430549621582,13.209063421327585
35.145989179611206,13.213625573774028
35.148056507110596,13.218375116111858
35.14998531341553,13.22242948322413
35.190690994262695,13.226658299496204
35.401373624801636,13.230890350400395
35.40344572067261,13.234854750689816
35.40437626838684,13.238526905131252
35.40437626838684,13.24212898999065
35.595073223114014,13.245606678864112
35.59746241569519,13.24851841268685
35.599533557891846,13.250869608858899
35.60053753852844,13.252533410853266
35.640480279922485,13.254262675476461
35.84481239318848,13.256332575933115
35.84780836105347,13.258375023821788
35.85018873214722,13.261038905636376
35.85212016105652,13.263798673318142
35.891801595687866,13.267000581465973
36.09300231933594,13.27019914118515
36.09593057632446,13.273365236152156
36.098000049591064,13.277234421249869
36.10124182701111,13.281665147155254
36.34300184249878,13.28697057662821
36.34500074386597,13.292692771298652
36.3474862575531,13.299321417009928
36.35048317909241,13.306272721618296
36.352479696273804,13.313613845445426
36.38917112350464,13.3217405281719
36.607645988464355,13.330648815103588
36.61058163642883,13.339809984921319
36.61257886886597,13.348844152837847
36.614579916000366,13.357352144305551
36.79473853111267,13.365418389021757
36.79674029350281,13.373518501814926
36.799736976623535,13.38102337931134
36.80273962020874,13.387588589870191
36.84277677536011,13.393799366472077
36.890167236328125,13.399740561968487
37.04562425613403,13.404879515547378
37.04763865470886,13.409282907178978
37.050623655319214,13.413202366094067
37.09154486656189,13.416937581356063
37.24418497085571,13.420794271769598
37.24565410614014,13.424664209874942
37.2477331161499,13.428490391611412
37.291181802749634,13.432290486789052
37.4932758808136,13.43599811896766
37.49527621269226,13.439527194358002
37.49834227561951,13.443375027370548
37.50118708610535,13.447226785812065
37.541396379470825,13.45109320755246
37.75736212730408,13.455195802545783
37.76133346557617,13.459159627232353
37.76327347755432,13.46325194569861
37.766273498535156,13.467635348174769
37.790552377700806,13.471997622412253
37.94459414482117,13.476624248371873
37.947601556777954,13.48134004364432
37.94959902763367,13.486544602144749
37.98972201347351,13.491851401971537
38.19379663467407,13.497384039806263
38.196717500686646,13.503112885009374
38.200716972351074,13.50893514298165
38.20471668243408,13.515104042954942
38.39386296272278,13.52121737090683
38.394787073135376,13.52731415509033
38.394787073135376,13.533533865508126
38.39578628540039,13.539634709108089
38.43979287147522,13.545613419936181
38.64301800727844,13.551523612058393
38.64401912689209,13.557178777025994
38.64401912689209,13.56263000306891
38.64501881599426,13.567821917502513
38.69011092185974,13.572646945502731
38.95073890686035,13.577084483186757
38.952818393707275,13.581033185763802
38.952818393707275,13.58447251552627
38.95379304885864,13.587371707672215
38.95473098754883,13.58964579804033
38.99005746841431,13.591334100753603
39.19287824630737,13.592474594193137
39.19491767883301,13.593166817794922
39.19659376144409,13.593556728847215
39.197614908218384,13.593747060313534
39.239532470703125,13.59380178768558
39.44385004043579,13.593754476454839
39.44585108757019,13.59363440785594
39.44685387611389,13.593440417307761
39.44885039329529,13.59314072943917
39.49185395240784,13.592648570715278
39.69482445716858,13.591948853307077
39.697824001312256,13.59094792880911
39.69982385635376,13.589673469193963
39.70182251930237,13.588134773725304
39.74082326889038,13.586394115281838
39.943830490112305,13.584557510866246
39.94640374183655,13.582666120527495
39.94838237762451,13.580835580535721
39.962775468826294,13.579204553952723
39.99013924598694,13.577935583944631
40.19376230239868,13.57675629151375
40.19670081138611,13.575604779020804
40.198731422424316,13.574223963062247
40.20170068740845,13.572718740536578
40.44343948364258,13.570988489268576
40.446513652801514,13.569076457048842
40.44844388961792,13.567111675645169
40.450446367263794,13.564807476343164
40.45343995094299,13.56216980044424
40.490055322647095,13.5593198933748
40.64509725570679,13.556086978948608
40.64801859855652,13.552505461455254
40.65009641647339,13.548647701226239
40.692697525024414,13.544334130249634
40.943910360336304,13.539716955667519
40.94589924812317,13.535033212257229
40.94882607460022,13.530180527849932
40.95083498954773,13.52500020820408
40.95382833480835,13.519581777822806
41.155073404312134,13.513837315083409
41.158079624176025,13.507424335298728
41.161004066467285,13.50067192575281
41.16400194168091,13.493612043969534
41.19149303436279,13.485963851230848
41.39285969734192,13.477613424315203
41.394777059555054,13.468723044010172
41.39777183532715,13.459109454084132
41.40077090263367,13.448898575881591
41.592753410339355,13.438357594805034
41.59574890136719,13.427736037904868
41.59768033027649,13.416849423521036
41.600722312927246,13.405663922057025
41.793808937072754,13.39402903710487
41.796881437301636,13.381879547159159
41.79889106750488,13.369203185236437
41.801815032958984,13.356501494325776
41.84141540527344,13.34356593545186
42.04391312599182,13.330663507679706
42.04684543609619,13.317432985376785
42.048842430114746,13.303179357032318
42.0518901348114,13.288606501622699
42.08995461463928,13.274225844773504
42.302817821502686,13.260589507011142
42.30574607849121,13.246677530669464
42.309751987457275,13.23256325051171
42.312745571136475,13.219546470624568
42.494579792022705,13.20668406323119
42.49760675430298,13.193661435360463
42.49962544441223,13.17957050774069
42.501622438430786,13.163540885920359
42.54194903373718,13.145166161642283
42.742878913879395,13.124558896187986
42.74529528617859,13.100940920151348
42.74728989601135,13.075259303199942
42.75038480758667,13.046475372738804
42.943334102630615,13.015907242534372
42.946589946746826,12.982423532845575
42.94958806037903,12.94693151611874
42.951589822769165,12.909083914829848
42.990596294403076,12.877599891036066
43.19184947013855,12.852888158476377
43.19536590576172,12.828674882532496
43.198365926742554,12.804750943957748
43.20037055015564,12.78178805032682
43.406259536743164,12.759313788485871
43.40886211395264,12.736768723731656
43.41079139709473,12.714583533350913
43.41412401199341,12.69239981237841
43.44059085845947,12.670495561316548
43.64373016357422,12.648813367178088
43.645734786987305,12.627134917683595
43.64872860908508,12.605616856082845
43.65073227882385,12.584047543589257
43.690451860427856,12.56245937632577
43.89442014694214,12.540345148904688
43.896411180496216,12.517708391121968
43.89940929412842,12.494653939408684
43.90184545516968,12.471271688750582
43.940491914749146,12.447683854842472
44.14435410499573,12.424201997350478
44.14727830886841,12.400472974174807
44.149571895599365,12.376876748615272
44.15219736099243,12.353770820550901
44.190492391586304,12.330966763956326
44.39226841926575,12.308199395318628
44.39432883262634,12.285814419614013
44.397340297698975,12.263258869757795
44.39934158325195,12.240854225993818
44.653968811035156,12.218444130473994
44.65710115432739,12.195882845062801
44.660117626190186,12.173277026829851
44.662118673324585,12.150534893789171
44.66411852836609,12.127796976369149
44.84443950653076,12.10467624635507
44.84743618965149,12.081071972524976
44.84943747520447,12.05720021367788
44.85204720497131,12.033187390887269
45.09279203414917,12.008981562190545
45.09486722946167,11.984757146873852
45.097862243652344,11.960530372638795
45.10079216957092,11.936251904264324
45.10279440879822,11.911869143394261
45.29505777359009,11.887258979450328
45.297128677368164,11.86288080801621
45.30012607574463,11.83866348579588
45.30205965042114,11.814560868842989
45.34104824066162,11.790964166950474
45.54290556907654,11.76779990019747
45.54390573501587,11.745099166264271
45.5449059009552,11.722640695663554
45.5449059009552,11.70045493097504
45.589275598526,11.678296505059018
45.800546646118164,11.65653254319589
45.80146908760071,11.635060057265244
45.804484367370605,11.613953373815646
45.80647611618042,11.593471514832668
46.04231524467468,11.573463132293673
46.04531526565552,11.55324498717865
46.04731464385986,11.533354104406621
46.049317359924316,11.514469765206226
46.05231595039368,11.495885806158205
46.29377770423889,11.47791215454982
46.296801805496216,11.460688116974106
46.29879903793335,11.444412624652106
46.30179572105408,11.428735793545238
46.30479693412781,11.413797090379767
46.3403046131134,11.399378159603916
46.54391551017761,11.385191827994616
46.54592514038086,11.371415615320382
46.54892659187317,11.357838583293338
46.55192470550537,11.344728452503352
46.793182611465454,11.331874884113294
46.79617404937744,11.319603024842305
46.79924654960632,11.307592485381887
46.81628632545471,11.295918066874414
46.81946325302124,11.284148149094007
46.837900161743164,11.271952684333792
47.043877840042114,11.259332393943833
47.045878887176514,11.246248325417628
47.04787874221802,11.232686965955153
47.05082845687866,11.21859364364141
47.09182095527649,11.203944017888277
47.29209327697754,11.188614703918814
47.293092489242554,11.172466358653475
47.29409384727478,11.155535742675612
47.295092821121216,11.13780587956786
47.49309039115906,11.119628897866688
47.49309039115906,11.10132885676578
47.494088888168335,11.082969921409408
47.49508619308472,11.06474892107174
47.54109597206116,11.046874352440032
47.74409508705139,11.029612031814196
47.74710488319397,11.013219882323748
47.74909782409668,10.997659146996245
47.7520956993103,10.982755112906329
47.79171943664551,10.968822257490018
48.0068302154541,10.955513454411472
48.00882577896118,10.943200186502242
48.009756565093994,10.932317884128508
48.01175546646118,10.922717992594398
48.04089403152466,10.914153996215218
48.24115061759949,10.906772709875161
48.24215245246887,10.900867759297483
48.24215245246887,10.895992958814798
48.24315166473389,10.892143594015323
48.29047679901123,10.889248827641918
48.49298357963562,10.887481624704305
48.49631643295288,10.886851241515028
48.49833416938782,10.886958526070691
48.50038409233093,10.88780633808281
48.53796887397766,10.889356913974964
48.73977565765381,10.891233729222412
48.740771770477295,10.893370008544776
48.741777181625366,10.895829471724715
48.741777181625366,10.89866615298224
48.943581342697144,10.901878473940595
48.945584774017334,10.905368112696689
48.947582721710205,10.909129095577622
48.95157837867737,10.912828251256883
49.2080934047699,10.916759480373782
49.21009302139282,10.920477275983147
49.21276497840881,10.924050615138354
49.21434283256531,10.927494699659738
49.21756100654602,10.930969921272066
49.23997616767883,10.934383826289867
49.44253396987915,10.937656327476152
49.44555640220642,10.940720053739016
49.44763374328613,10.94367081307194
49.448978662490845,10.94619273586049
49.692363023757935,10.948464756953163
49.69437003135681,10.950011874154882
49.69735884666443,10.951521186845083
49.699732065200806,10.95295772991878
49.701727867126465,10.954446843855457
49.9425892829895,10.955563350715632
49.945586919784546,10.956788791640793
49.947590351104736,10.958151542180191
49.95052194595337,10.959264996732292
49.95251512527466,10.960472725501006
50.14402914047241,10.961833108832007
50.146098375320435,10.963776782663732
50.14903545379639,10.966208912396635
50.15202713012695,10.968907720419075
50.18902111053467,10.971698656938047
50.35949516296387,10.974678986445152
50.36149501800537,10.977989624244454
50.364564180374146,10.98166154469366
50.39260149002075,10.985830958788963
50.593822956085205,10.99058759253031
50.59688997268677,10.996046191241511
50.598822593688965,11.002130664040292
50.60082530975342,11.009057494177085
50.64089775085449,11.016738489062982
50.894354820251465,11.025181463013594
50.89635491371155,11.034191827378333
50.89935374259949,11.043939014290027
50.901357650756836,11.054100507866666
50.90335655212402,11.064640214053064
50.941272497177124,11.075433644436174
51.09491300582886,11.086458203759927
51.097845792770386,11.097572705269403
51.09992265701294,11.108768436922194
51.14183855056763,11.120155863670798
51.39863562583923,11.131720173481293
51.400636196136475,11.143640301470727
51.40205979347229,11.156066488031989
51.40351629257202,11.168804547542715
51.40446901321411,11.182232622680125
51.59406805038452,11.196099908152831
51.59706783294678,11.210327175145883
51.59906339645386,11.224990581291024
51.602062702178955,11.239928639496025
51.64065504074097,11.254996657625103
51.84432911872864,11.270238843602721
51.84634280204773,11.284979573091919
51.84926509857178,11.299849315567299
51.85126185417175,11.314451522791858
51.89140033721924,11.328726607832287
52.0443696975708,11.342764782983524
52.04736804962158,11.356689340145838
52.04937195777893,11.370722851516506
52.091530323028564,11.384637728620463
52.29136562347412,11.399131459727064
52.292360067367554,11.413931912112053
52.29329705238342,11.427371181998957
52.29428505897522,11.442642176590397
52.504032373428345,11.456606639628005
52.50704073905945,11.47027642432068
52.508856534957886,11.484547578135057
52.51177930831909,11.497856362630197
52.542325258255005,11.512505845225492
52.588828563690186,11.527758292767821
52.79307842254639,11.54281718883152
52.79607820510864,11.555761913415683
52.79807996749878,11.569872094631283
52.801076889038086,11.582237135032802
52.99261116981506,11.594761278432626
52.99563455581665,11.60679662364925
52.99763512611389,11.618034056273306
53.00062942504883,11.631286470717887
53.19511437416077,11.64499091569737
53.19710946083069,11.656149715337355
53.200109243392944,11.668977901622084
53.20210862159729,11.682157911884376
53.24192833900452,11.696242455117781
53.44267249107361,11.710987017376414
53.444671630859375,11.726067124682181
53.447672843933105,11.741371107694503
53.44986033439636,11.756699225249632
53.65281438827515,11.77100092443055
53.65482211112976,11.787638007825057
53.657822370529175,11.803011730834099
53.659404277801514,11.818230456930543
53.69061851501465,11.831253274367606
53.89229416847229,11.84914253004865
53.8942973613739,11.865306437423431
53.89629769325256,11.879944625614666
53.898354053497314,11.895536608970113
54.09355282783508,11.910067582308299
54.09549069404602,11.922914108285092
54.09749150276184,11.937235453587395
54.09948778152466,11.948829189734905
54.295029163360596,11.959723648582527
54.2980318069458,11.971476936082022
54.300031423568726,11.983177879086378
54.30303144454956,11.99505069004736
54.341511964797974,12.005032152908068
54.54413986206055,12.016035947756727
54.54614210128784,12.027401113266642
54.54821538925171,12.035171225330734
54.54913949966431,12.04297110115121
54.59012150764465,12.051663692107537
54.80308699607849,12.059179186881925
54.80508375167847,12.06870045611425
54.80800747871399,12.079392101081268
54.811007022857666,12.089903452281746
54.99392580986023,12.1020923762313
54.99691653251648,12.114565190585074
54.9988477230072,12.126255295279451
55.00084829330444,12.137751487155208
55.04222583770752,12.149291317435395
55.29323387145996,12.160461147561447
55.29523515701294,12.171246948957945
55.29823637008667,12.183198262839497
55.29924130439758,12.191975282192098
55.30085873603821,12.197097907505558
55.49449276924133,12.20140371873056
55.49749207496643,12.203273842198993
55.49948811531067,12.203632935250464
55.501485109329224,12.204220793141108
55.5403037071228,12.202875424849323
55.74244403839111,12.200634855404537
55.7434401512146,12.198318880892137
55.74444031715393,12.195970327172876
55.74544048309326,12.190963866392156
55.78874611854553,12.18590433944706
56.00253200531006,12.179534469169203
56.00447177886963,12.173007794863668
56.00745630264282,12.167870689687534
56.01046085357666,12.161534653934178
56.19486165046692,12.15339593285839
56.196861743927,12.144691498294144
56.19993233680725,12.136089106005198
56.201860666275024,12.12886217850971
56.240630865097046,12.122542035377247
56.44486975669861,12.117008574314987
56.44686150550842,12.110835545438917
56.44986939430237,12.103727383484927
56.452802896499634,12.09718888610733
56.490294218063354,12.090668133663831
56.69432759284973,12.083543785074829
56.69731593132019,12.07708551746256
56.69931507110596,12.072076986861516
56.70231556892395,12.067747493323424
56.73905920982361,12.062209453896285
56.89517688751221,12.057355045142163
56.89816427230835,12.052229769048232
56.90016555786133,12.047559282542524
56.940908670425415,12.044629820516612
56.98798942565918,12.04170615276599
57.15642070770264,12.037855749577945
57.159419536590576,12.034222875177624
57.16191267967224,12.029219611775424
57.1900908946991,12.022915047552049
57.34517455101013,12.015861234864472
57.346176862716675,12.006027107087409
57.34824466705322,11.992239385337127
57.390169620513916,11.97546679357759
57.59387254714966,11.95764539046149
57.59587287902832,11.937968101721964
57.59879446029663,11.915866726745634
57.60079503059387,11.892134307777527
57.64033246040344,11.865938121860653
57.84226155281067,11.83788651647548
57.844292402267456,11.80834086648503
57.844292402267456,11.7780601298699
57.84614396095276,11.747609564577747
58.04560446739197,11.717250161013371
58.04760503768921,11.685852350051668
58.0501549243927,11.65355971511693
58.053083658218384,11.621157511875765
58.255775690078735,11.58822821866744
58.258785009384155,11.554131108612513
58.2617027759552,11.519315330127935
58.263705015182495,11.483243863318776
58.29084134101868,11.445376465592869
58.541988134384155,11.405663233817403
58.545002460479736,11.363965213358517
58.547396659851074,11.319843816698878
58.549742221832275,11.273290332146274
58.55274772644043,11.224141134567835
58.58802843093872,11.171995168876823
58.744712591171265,11.11698393976448
58.74771189689636,11.058537751262495
58.74978542327881,10.996287833738597
58.945109844207764,10.930126017755155
58.94810700416565,10.85946731513936
58.95010328292847,10.78272603382521
58.95242166519165,10.697889712163448
58.992100954055786,10.603915574835822
59.19482898712158,10.491466897424543
59.19730091094971,10.377367773143263
59.20031809806824,10.277277241356376
59.20232009887695,10.187896090234073
59.24074840545654,10.106997760095886
59.45531177520752,10.035734669542597
59.45823049545288,9.970315866716458
59.46123123168945,9.908007915291218
59.46378302574158,9.852568383305645
59.490906715393066,9.80389491609062
59.69458222389221,9.75942004440567
59.69758677482605,9.714944458333115
59.69957709312439,9.67376028398372
59.702505111694336,9.635387615006042
59.740522623062134,9.599521530825145
59.94220280647278,9.56541435145042
59.945191860198975,9.532348668517777
59.9471800327301,9.501543435153975
59.9501895904541,9.472300646632455
60.144936323165894,9.444869211826521
60.1469349861145,9.418769570512676
60.149932622909546,9.39471729607407
60.15092921257019,9.372663156131665
60.19060301780701,9.352178691704456
60.39208126068115,9.331920588913858
60.39416980743408,9.313383453910172
60.39715051651001,9.295323830150819
60.40008187294006,9.276882001689323
60.65486407279968,9.261215778330506
60.65778946876526,9.247303333614248
60.66079092025757,9.23246476932565
60.66278672218323,9.21719302651689
60.66678786277771,9.201281707678953
60.84317064285278,9.184285077129575
60.846166372299194,9.167616744159929
60.848166942596436,9.15169020929431
60.85017395019531,9.135990973479373
60.88998460769653,9.11999023995367
61.092190980911255,9.104024242885401
61.094191789627075,9.088405116273956
61.097190380096436,9.073061032283656
61.099194288253784,9.05794628067428
61.14019179344177,9.043257032736227
61.34301829338074,9.029098196336472
61.34576964378357,9.014885982447709
61.34876751899719,9.001265925912154
61.35135793685913,8.987383131325716
61.54422307014465,8.973458325356727
61.54622030258179,8.959302009015747
61.548280477523804,8.945228713862464
61.54927849769592,8.931334810288341
61.59107995033264,8.917708616832167
61.80615544319153,8.903648895526949
61.80909609794617,8.889276983594586
61.811095237731934,8.874168069339659
61.81508731842041,8.8587030044081
61.84096932411194,8.842816002315999
62.04397535324097,8.826672161925355
62.045971632003784,8.810914279017524
62.04896950721741,8.794916628478495
62.05097031593323,8.77832955837595
62.091228723526,8.761321185261199
62.29422068595886,8.743569495702845
62.296143531799316,8.725748019691098
62.29913568496704,8.707920180953773
62.302016735076904,8.689656215791016
62.34033942222595,8.671782976949327
62.54211378097534,8.65366747899348
62.54411435127258,8.635120852941315
62.54704546928406,8.617185571264637
62.54986929893494,8.600017808569184
62.589293003082275,8.584150420059173
62.79311656951904,8.569027104109466
62.79511904716492,8.554560554755978
62.798117876052856,8.541438330544302
62.80011749267578,8.529492118987235
62.84806823730469,8.518785521279307
63.04357838630676,8.508739583769913
63.04551649093628,8.499321808280445
63.04851007461548,8.490150178509879
63.05069327354431,8.481182526407865
63.090760707855225,8.471508891782644
63.29329776763916,8.46181230477231
63.296380043029785,8.451967710371877
63.29829812049866,8.441510942471634
63.30129885673523,8.430867589905018
63.34068536758423,8.41931434288779
63.49423336982727,8.40720017728603
63.49667572975159,8.394501050671114
63.499653339385986,8.38100304641175
63.74193477630615,8.366918850292048
63.74532079696655,8.351823993764626
63.746880292892456,8.335712561164229
63.74987983703613,8.317757258317954
63.751877784729004,8.297429691371509
64.00544142723083,8.275457080403863
64.00842428207397,8.251451349135772
64.01100492477417,8.225520777571248
64.01294255256653,8.19200583388335
64.01494312286377,8.133165409755097
64.19322657585144,8.075964689181053
64.1962308883667,8.020163451630458
64.19829440116882,7.966211915123606
64.20122909545898,7.914356819070843
64.44285726547241,7.864542935963569
64.44285726547241,7.816566243093147
64.44392561912537,7.7702945488202415
64.44392561912537,7.725072661666665
64.44492292404175,7.680930773830569
64.49085569381714,7.637924693106896
64.69186162948608,7.595630420800795
64.69386506080627,7.554520462162394
64.69586086273193,7.514399612254533
64.6968605518341,7.475114938553844
64.7395486831665,7.436464391003508
64.94196033477783,7.398238579315861
64.94296026229858,7.360113183933979
64.94395709037781,7.322228436239237
64.94495916366577,7.284354595138662
65.20001530647278,7.246451133258929
65.20100975036621,7.208412934417865
65.20100975036621,7.170505720840013
65.20272588729858,7.132242191550113
65.20272588729858,7.093810383678105
65.23873925209045,7.054808397989732
65.39394426345825,7.015248922307045
65.39594197273254,6.974752453140877
65.39694285392761,6.933223495364293
65.44194269180298,6.8907874106143465
65.64424920082092,6.847126655478235
65.64725089073181,6.80270928011398
65.64925837516785,6.75751719477471
65.65225052833557,6.711705121553976
65.69068479537964,6.664905332331276
65.73869323730469,6.616825186781094
65.89480829238892,6.567472820755452
65.89573240280151,6.516556270789758
65.89679455757141,6.464233418111907
65.94009304046631,6.410522301193113
66.14390754699707,6.355179523941087
66.14598393440247,6.2980778577464624
66.14898300170898,6.239517398110323
66.15090775489807,6.179291298474102
66.19064354896545,6.117553419698087
66.40014171600342,6.054593272319664
66.40207147598267,5.990694847080127
66.40506935119629,5.92634120033611
66.407066822052,5.861167506102941
66.64244365692139,5.841425649618177
66.64444494247437,5.8229884556921565
66.64644360542297,5.8045207772217555
66.64844393730164,5.786166963901785
66.651447057724,5.767951896470399
66.84371137619019,5.749667607967199
66.8457133769989,5.731103150066479
66.84677195549011,5.712155874733637
66.84773325920105,5.692741109244732
66.89176654815674,5.672904093607002
67.09424090385437,5.652601783982906
67.09716463088989,5.631832422681125
67.09924459457397,5.610648448943316
67.10217213630676,5.588880010479617
67.1404242515564,5.566476849684627
67.34264373779297,5.54363056809539
67.34470725059509,5.520187670684801
67.34771251678467,5.4964023046609025
67.34964036941528,5.472439320396009
67.38933539390564,5.448038127396312
67.60331726074219,5.423630601236741
67.60634088516235,5.399005036379226
67.60832262039185,5.374338535522222
67.60931205749512,5.349687781922497
67.64015007019043,5.325073630136909
67.84264063835144,5.300462077590921
67.84464001655579,5.275964763568488
67.84670114517212,5.25152125982753
67.8486430644989,5.227043779821655
67.8900146484375,5.202496952282576
68.09308385848999,5.177877465682304
68.09629821777344,5.153246930716292
68.09939742088318,5.128747452338851
68.10131764411926,5.104391605270017
68.29311680793762,5.0799234943231975
68.29613518714905,5.055299818539798
68.29820442199707,5.030772629384663
68.30014038085938,5.0064490763694955
68.34129118919373,4.982436147935632
68.54323267936707,4.959012204809092
68.54628825187683,4.935378880867747
68.54829144477844,4.911956095514547
68.55117797851562,4.888927084608105
68.75657796859741,4.865881493265782
68.7586145401001,4.843025438397282
68.76163244247437,4.820360445286404
68.76363849639893,4.7974111753998905
68.79163002967834,4.774694272523485
68.99408078193665,4.751618579582657
68.99609160423279,4.72848604102133
68.99808144569397,4.705365498543731
69.00014972686768,4.681868716167908
69.0401725769043,4.6583027259470775
69.2449209690094,4.634273656132801
69.24778366088867,4.610110904094981
69.2505738735199,4.585950817491993
69.25261998176575,4.561854056896743
69.29221606254578,4.537402088166296
69.49393343925476,4.512940814062951
69.49585795402527,4.488566748121931
69.49885034561157,4.463678518028202
69.50184965133667,4.438865205760036
69.69299554824829,4.413863613735737
69.69506096839905,4.388647004253438
69.69828915596008,4.363246635743443
69.70022082328796,4.337530410444127
69.9061586856842,4.31166280141358
69.9091591835022,4.285602214599023
69.9112811088562,4.259199663374998
69.91420435905457,4.232412571744923
69.94134378433228,4.205582669626148
70.1928973197937,4.178252310234377
70.19589066505432,4.150679573089497
70.19789576530457,4.123185976431018
70.20081782341003,4.0952488570892145
70.20389819145203,4.067035060718743
70.23913550376892,4.038527503949929
70.39491152763367,4.009459367005675
70.3971631526947,3.9803261600520603
70.4003210067749,3.9509316653383353
70.44072246551514,3.9213573009624905
70.64414286613464,3.8915560734325143
70.64714097976685,3.8616785144708325
70.64913606643677,3.831813866097143
70.65214371681213,3.8018867489873265
70.69041919708252,3.7716701943421196
70.89514231681824,3.7410493012081543
70.89720058441162,3.7102015147559686
70.89914345741272,3.678764954625377
70.90121150016785,3.6471091262281927
70.9513041973114,3.614956423913546
71.14505076408386,3.582340726378771
71.14704966545105,3.549271539336131
71.14904999732971,3.515784876064589
71.15071678161621,3.4784861957534066
71.19249153137207,3.4417117997724844
71.39436507225037,3.405402243995126
71.39677047729492,3.3691586378975154
71.3987684249878,3.332817149739186
71.40077352523804,3.2971519467664634
71.44058179855347,3.262229632575025
71.64365720748901,3.2278714731363625
71.64565706253052,3.1944390490133907
71.6486599445343,3.16193774787941
71.65065550804138,3.130212251026706
71.68995594978333,3.099684032708585
71.84506320953369,3.070204046807972
71.84707260131836,3.041827693128188
71.85013961791992,3.014642295327199
71.89045858383179,2.988576863608424
72.1050877571106,2.9636053788640377
72.10818576812744,2.9395244186719607
72.11018657684326,2.916317526665391
72.11337327957153,2.8940497775856504
72.14143133163452,2.872394707749203
72.39284682273865,2.8513936668627404
72.39591836929321,2.831050038988529
72.39784407615662,2.8112274629202436
72.39984583854675,2.7920707532342095
72.40284204483032,2.7735547993356744
72.43966102600098,2.755850533826658
72.64283466339111,2.7390402559009033
72.6448335647583,2.7231301931458347
72.64680433273315,2.7076675365370115
72.64885640144348,2.6928747788293155
72.69066905975342,2.6787989404096586
72.89326047897339,2.665268517368548
72.89623260498047,2.652261220857497
72.8982343673706,2.6398775880400818
72.90123772621155,2.6278024936885838
73.14788269996643,2.616301599027628
73.14888906478882,2.6054732358895896
73.1495635509491,2.5950040509999783
73.1495635509491,2.585265332870792
73.15056824684143,2.5760212776961033
73.34378862380981,2.5672385183028257
73.34671115875244,2.5589318323263806
73.34937143325806,2.551065473581655
73.35130310058594,2.543437500746431
73.54533553123474,2.5363961643417823
73.54824256896973,2.529773631169257
73.5503158569336,2.523462052860983
73.55330777168274,2.517547996185749
73.59269952774048,2.5118641350254114
73.79313015937805,2.5063855690401122
73.79607129096985,2.5015732956398193
73.79813551902771,2.4971324897184406
73.80106472969055,2.4929874034070276
73.84011626243591,2.489295752377213
74.04265117645264,2.4863144961515684
74.04465079307556,2.4840462556182525
74.04670596122742,2.4825473294019935
74.04864692687988,2.4820555297957823
74.09035086631775,2.4824368402441737
74.30587410926819,2.48356333772715
74.30779933929443,2.4854651281309112
74.31086730957031,2.488077770224174
74.31283807754517,2.4913757687842017
74.49316811561584,2.4954385691987113
74.49616765975952,2.5001503346526213
74.49778318405151,2.505283730866578
74.4997820854187,2.511159468341321
74.7431333065033,2.5178579855182823
74.74559116363525,2.525206589088758
74.7480525970459,2.5331719364253598
74.75095081329346,2.5420414645195275
74.75295233726501,2.5515826309461715
74.99356579780579,2.5617543858696252
74.99549770355225,2.5724746418618984
74.9985523223877,2.5833628361357563
75.00048351287842,2.5944546566446256
75.0024824142456,2.605703343938553
75.04053449630737,2.617043731501109
75.29217410087585,2.628601215270184
75.2948088645935,2.6401810324275465
75.29773616790771,2.651990263465977
75.30013108253479,2.6639079471041853
75.30212879180908,2.6760475305618487
75.55550718307495,2.6882471838570874
75.55751276016235,2.7002805691857783
75.56060433387756,2.7120029438708713
75.56353092193604,2.7235092469106488
75.56653118133545,2.735270684947621
75.7898919582367,2.74709727440161
75.79081273078918,2.758772328840254
75.79081273078918,2.769998726255629
75.7918918132782,2.780975116685816
75.7918918132782,2.791701631883926
75.99447464942932,2.801948641314404
75.99789595603943,2.811647601581235
75.99989461898804,2.820580497079716
76.0008852481842,2.8288728896738946
76.24360918998718,2.836610435476693
76.24702000617981,2.8439869792445736
76.24994254112244,2.8509253884901335
76.25194001197815,2.8575242116811754
76.25426435470581,2.8641077848671728
76.44487190246582,2.870411117610692
76.44687247276306,2.876468003638838
76.44887495040894,2.8821570488339927
76.44986701011658,2.8874555362903465
76.49078845977783,2.8926942553265413
76.7076141834259,2.898073381464689
76.70961332321167,2.903544038687125
76.71240043640137,2.9089671195745255
76.71433067321777,2.9141676813776596
76.89367198944092,2.919324917165921
76.89567613601685,2.9239012634575636
76.89666938781738,2.9280602823764688
76.89867043495178,2.9318822063134187
76.9404022693634,2.935425625635304
77.14371037483215,2.9388871360262403
77.14571022987366,2.9424095861183472
77.14864587783813,2.945956920636509
77.1516363620758,2.9495917366211617
77.34269404411316,2.948683997795087
77.34470009803772,2.9434811980627966
77.34569668769836,2.9386197630335515
77.34660387039185,2.9341826470334933
77.39042568206787,2.9301309095208827
77.59400463104248,2.9265761420779492
77.59594440460205,2.923466259261553
77.59893798828125,2.920688127690245
77.60073781013489,2.9181076797452725
77.85594606399536,2.915669697275497
77.85695123672485,2.91336455308882
77.85794758796692,2.911128668580466
77.8589494228363,2.908719069408804
77.859947681427,2.9062020533180384
77.89012432098389,2.9036112948366126
78.09461617469788,2.9007882424184306
78.09661793708801,2.8977803991282283
78.09861969947815,2.89476185722842
78.10061860084534,2.891737750521143
78.14133620262146,2.888700091176356
78.3447949886322,2.885758905246892
78.34779620170593,2.8829817683200543
78.34987616539001,2.8805219845435555
78.35279703140259,2.878050138450248
78.39111614227295,2.8754459723254326
78.59267067909241,2.8726824881092043
78.5945942401886,2.8696319617982313
78.59779000282288,2.8663924498858053
78.59972262382507,2.862896823394328
78.84166550636292,2.8592166944927877
78.84473776817322,2.8553476603743935
78.84672832489014,2.8512510457460776
78.8496572971344,2.846878196723245
78.85066175460815,2.842319992238228
79.05419635772705,2.83763759422797
79.05719637870789,2.8330448583459913
79.05919885635376,2.828403031593921
79.06159567832947,2.8236238269586087
79.09060835838318,2.818769833833131
79.29447674751282,2.8137038513318533
79.29747724533081,2.808662452834063
79.29955196380615,2.803533669152005
79.30247759819031,2.7982740809211455
79.34186339378357,2.7930505392410976
79.59129881858826,2.7881897627169847
79.5943694114685,2.783452358377639
79.59626746177673,2.7786014468819227
79.59943771362305,2.774461732527635
79.60142779350281,2.765416860796396
79.79326033592224,2.753378968768019
79.79525899887085,2.7420461281860242
79.7961814403534,2.731016417240183
79.79818201065063,2.720315675066154
79.84079551696777,2.710163479321938
80.04354977607727,2.7005567020267924
80.04582905769348,2.6909305891577353
80.04782366752625,2.681249566033895
80.04982161521912,2.671161873217909
80.10116529464722,2.6607665731140075
80.29433226585388,2.6514265609253
80.296315908432,2.641534555403608
80.29931497573853,2.6324402109514184
80.30231428146362,2.6240889830330767
80.3398916721344,2.6163999993372147
80.54305839538574,2.6088268133769974
80.54606199264526,2.601646941158259
80.54806280136108,2.594425850545462
80.5500602722168,2.587425851586919
80.58982706069946,2.5806094446237227
80.74444818496704,2.574659906879185
80.74649238586426,2.569658941620803
80.7486777305603,2.564579336015841
80.79134893417358,2.5590476059054796
80.99429297447205,2.553320601941209
80.99629998207092,2.5489443094830913
80.99929904937744,2.5448599899192867
81.00229859352112,2.5402422604373016
81.0419647693634,2.5357683002449565
81.25510835647583,2.5312139622111354
81.25697612762451,2.526891660687328
81.25896120071411,2.522232178447296
81.26095581054688,2.5184834507471376
81.29270958900452,2.5146207951196793
81.33895945549011,2.5116463364439343
81.54229521751404,2.5088554576601982
81.54429841041565,2.5065694384686488
81.54729270935059,2.504206372361233
81.55029034614563,2.5018718846913046
81.59037828445435,2.500092053350342
81.74495959281921,2.497537398058843
81.74753046035767,2.495611537478203
81.74953007698059,2.4938199656723046
81.79182863235474,2.4922058173029904
81.99302887916565,2.4910647690369396
81.99502658843994,2.4906038304371343
81.9970281124115,2.4903414043047434
82.00002980232239,2.4904380347222763
82.03920364379883,2.4906844159262658
82.24243354797363,2.4916479634288873
82.24542760848999,2.493804478311181
82.24642705917358,2.495106040841596
82.24843120574951,2.4968393755440186
82.45520973205566,2.498722982613296
82.45823383331299,2.5013548497685094
82.4592137336731,2.5045839060747777
82.46128559112549,2.5076711512084775
82.4916467666626,2.5118576952386014
82.74314141273499,2.5177009895429037
82.74621605873108,2.5236138528366157
82.74921536445618,2.5287494430278046
82.751216173172,2.533284116594033
82.75321054458618,2.5374360496271624
82.9929666519165,2.5430669960322385
82.99419331550598,2.5481269752608458
82.99619603157043,2.5558778086359513
82.99819350242615,2.562962681173363
83.00019431114197,2.5648304324573177
83.24303102493286,2.5643071740115326
83.24603152275085,2.563549125136453
83.24757194519043,2.5632953433289107
83.25074863433838,2.563330968639008
83.25274300575256,2.562837280325994
83.44424343109131,2.5639967384152245
83.44624447822571,2.5595278104961117
83.4494559764862,2.553792101084143
83.45138883590698,2.5485781735962156
83.50052833557129,2.5417743692621473
83.69311046600342,2.534614897053981
83.69510436058044,2.527921591580918
83.69810461997986,2.5212034245507455
83.70010352134705,2.5141836027402156
83.94252395629883,2.508501257791517
83.94559979438782,2.503438237654093
83.94753003120422,2.4993281662257916
83.9505295753479,2.495355791163391
83.95252895355225,2.4925915732399853
84.19245100021362,2.4899327904325057
84.19444441795349,2.4867036577089037
84.19737243652344,2.4853441517413937
84.19937205314636,2.4850945079929945
84.20237302780151,2.485764925872156
84.44181609153748,2.4864928453210635
84.4438304901123,2.486587866069232
84.44681334495544,2.4856721123975194
84.44874382019043,2.4869305105969373
84.45086097717285,2.488741892177422
84.64478921890259,2.490434622489753
84.64578795433044,2.4924255582359316
84.64678859710693,2.494838203303461
84.64778757095337,2.4973576600844667
84.84410405158997,2.500446408773594
84.84410405158997,2.5051758751901216
84.84510707855225,2.508614870323159
84.84510707855225,2.513358532648641
84.89011764526367,2.5179872210641214
85.09211206436157,2.524252453137115
85.09311509132385,2.5298903666210917
85.09311509132385,2.53563448727531
85.09411644935608,2.543168872674385
85.13974261283875,2.5506779762261873
85.34071683883667,2.55919700956591
85.34272360801697,2.568327088935487
85.34372353553772,2.5786575297848318
85.34471654891968,9.873600939091935
85.3887231349945,9.871827372662054
85.59209847450256,9.870354666640578
85.59309005737305,9.86924610726044
85.5941207408905,9.868911525845506
85.5941207408905,9.86924375131812
85.63911938667297,9.869680429293185
85.84478712081909,9.869687353875424
85.8457841873169,9.869366098167433
85.8457841873169,9.869656380616808
85.84679460525513,9.870499501695898
85.88907027244568,9.871281696100345
86.09203577041626,9.871713971155993
86.0940294265747,9.872710054919187
86.0940294265747,9.872165178513539
86.09506440162659,9.87101379334028
86.13907504081726,9.87045306507302
86.29377269744873,9.869447027621097
86.29377269744873,9.868101785852238
86.29476714134216,9.866303582336242
86.4952929019928,9.865134583089729
86.49722790718079,9.863506262585183
86.5002269744873,9.862284699758943
86.50308346748352,9.860920479618917
86.54155254364014,9.859482274578792
86.79201197624207,9.857666088075227
86.79501295089722,9.855939360244966
86.79701256752014,9.85369985180991
86.79991436004639,9.851804419017412
86.80190443992615,9.849837846655657
87.00697088241577,9.846667130950097
87.0078775882721,9.842282280500905
87.00999879837036,9.838507862009655
87.01207780838013,9.834088422729153
87.0407280921936,9.828291325784084
87.2419056892395,9.820913074181153
87.24490594863892,9.813832567317318
87.24699139595032,9.805349870781567
87.24920558929443,9.79596994261699
87.44313597679138,9.78550500112766
87.44413471221924,9.775229531876967
87.44631743431091,9.763638358987857
87.44834327697754,9.752154090953306
87.64349579811096,9.739746974061807
87.64657497406006,9.72794978861781
87.64854884147644,9.715898692663616
87.6515052318573,9.703823413715737
87.89278507232666,9.691253178430722
87.89580917358398,9.678285521882678
87.8984534740448,9.665285070094205
87.9003791809082,9.652605165067571
87.90337657928467,9.639652031857045
87.939368724823,9.627352974078264
88.10410690307617,9.615266911997583
88.10545921325684,9.603910237105497
88.1063883304596,9.593025806644832
88.14116072654724,9.581865344646886
88.34486103057861,9.570621978593636
88.34793138504028,9.559632901401573
88.34992933273315,9.547807584772393
88.35285687446594,9.537224317089418
88.39189004898071,9.526232314640552
88.59338855743408,9.516368524748968
88.595388174057,9.505523016305435
88.5985631942749,9.494714042298586
88.6005654335022,9.483261325315745
88.79389905929565,9.471777511136285
88.79682660102844,9.461234051950326
88.79882526397705,9.451613707484366
88.80182337760925,9.442889807988768
88.84076356887817,9.432277728849176
89.04334235191345,9.421984482890752
89.04640746116638,9.411760888034856
89.04841113090515,9.400386455159612
89.05140590667725,9.388571707833473
89.08967471122742,9.375986998561784
89.30279088020325,9.36419492846883
89.30482220649719,9.351884598818739
89.30681920051575,9.339914399974552
89.30882096290588,9.328222978982017
89.3407461643219,9.31659530567778
89.54448676109314,9.304554230327636
89.54648280143738,9.292681388258274
89.54946994781494,9.28025052796549
89.55147361755371,9.266630264740925
89.59228301048279,9.2526046196751
89.79334139823914,9.239371320955643
89.79641437530518,9.22528319694514
89.79934549331665,9.210771705881557
89.80195832252502,9.196550831437872
90.04328465461731,9.181829481040781
90.04529047012329,9.167985033675615
90.04828357696533,9.153774160287545
90.05028200149536,9.139322191061524
90.05328822135925,9.123861082588528
90.24501848220825,9.107413282667011
90.24751281738281,9.089407668706444
90.24951362609863,9.071150525909571
90.25243854522705,9.05443250411353
90.29144167900085,9.03968795276501
90.55991458892822,9.02278278739868
90.5628399848938,9.003935242645383
90.56484079360962,8.985064536697584
90.56900978088379,8.965940836186432
90.57100033760071,8.946399893821457
90.5899977684021,8.923860793113473
90.79325032234192,8.897491260165419
90.79627108573914,8.868559887133687
90.79824781417847,8.838343076033038
90.79924654960632,8.807393824580013
91.04411268234253,8.776191755760788
91.0461106300354,8.742894944407954
91.04811358451843,8.706450139418623
91.04911470413208,8.668637213972623
91.05111241340637,8.63088061548192
91.09026789665222,8.590917899548051
91.29233646392822,8.548960133037381
91.29433369636536,8.504648715517549
91.29746460914612,8.456568053078596
91.30038928985596,8.403052611455092
91.541588306427,8.348390089481233
91.54451775550842,8.2951080642882
91.54659485816956,8.242248055448256
91.5495138168335,8.198600774201331
91.5525176525116,8.18114127970479
91.80119466781616,8.163322451548273
91.80219101905823,8.145672631853094
91.80419158935547,8.12918429139333
91.80521416664124,8.112890695639269
91.8071928024292,8.095703869002334
91.83966946601868,8.077715596898484
92.0419762134552,8.060478191097548
92.04404759407043,8.044110127283314
92.04697918891907,8.026319154407584
92.04906034469604,8.009667989320203
92.29380869865417,7.993448818673242
92.29580688476562,7.977369274034878
92.29988741874695,7.961119276321714
92.30281782150269,7.944129987793189
92.30680680274963,7.926897413062948
92.49588704109192,7.909872586477331
92.49989891052246,7.893199160484504
92.50288724899292,7.875611579911774
92.50681328773499,7.856984050736636
92.54081416130066,7.837221951091454
92.74307084083557,7.816842882972277
92.74698257446289,7.796817568115413
92.75006937980652,7.774776268391618
92.75399017333984,7.752349463179479
92.9550518989563,7.730247194248719
92.95804738998413,7.70705293402536
92.96004843711853,7.68344499473314
92.96297645568848,7.659177940171801
92.99186086654663,7.634234468494582
93.24107384681702,7.609087839256488
93.242919921875,7.583455246771756
93.24489116668701,7.55601705018284
93.2458188533783,7.5289387706125215
93.24781680107117,7.503458708970237
93.44347643852234,7.476572357510935
93.44546747207642,7.449295331301247
93.44741940498352,7.423228058398006
93.44941711425781,7.397973037642726
93.49175691604614,7.372211118273772
93.69492268562317,7.346267289760909
93.69700050354004,7.32039644399819
93.69999718666077,7.29460663930487
93.70292019844055,7.269390183426963
93.74112200737,7.243923573598636
93.94502258300781,7.21850796562121
93.94773387908936,7.1933810251828785
93.94977474212646,7.1686048112268175
93.9508535861969,7.14362043130152
93.99724435806274,7.11873765396314
94.14520955085754,7.094004787446327
94.14720463752747,7.069377522002362
94.15048742294312,7.0446021284162486
94.19144606590271,7.0199672952580885
94.39273476600647,6.995039079390179
94.39573407173157,6.969232895854549
94.39873099327087,6.943057602001599
94.40072846412659,6.916428931162606
94.6415114402771,6.890176710829342
94.64460158348083,6.86450030604769
94.64653134346008,6.839905770338853
94.6485984325409,6.815220358033082
94.65152835845947,6.790843222839317
94.89257431030273,6.76665076551723
94.89557337760925,6.742642240098308
94.8985743522644,6.718841187517907
94.90150499343872,6.694444442705388
94.90457439422607,6.670243148216268
94.94034767150879,6.646371622464635
95.15344285964966,6.623169045899095
95.15544319152832,6.599314113147972
95.15777516365051,6.5766553560361345
95.15994048118591,6.553612834309684
95.19009709358215,6.531159854177165
95.39290070533752,6.5078653935361945
95.39590287208557,6.484377996725012
95.39789867401123,6.460347749243742
95.40089654922485,6.436501333429867
95.4390594959259,6.412615614606294
95.59449028968811,6.388648942733143
95.59648776054382,6.364773060160176
95.59949111938477,6.341149010937775
95.64167022705078,6.317460018477479
95.89219927787781,6.293980228276371
95.89527416229248,6.2706909985285195
95.89727449417114,6.2487062173466414
95.90027093887329,6.225082925614793
95.9035267829895,6.200966710639795
96.09392046928406,6.177152043627877
96.0959222316742,6.153652754900666
96.09886193275452,6.129480497970523
96.10085678100586,6.104258769517399
96.13925099372864,6.078163986199584
96.36029577255249,6.052218237294545
96.36435723304749,6.026291797918011
96.36734223365784,6.000632967244776
96.37137150764465,5.975168612666826
96.5446560382843,5.949951856456685
96.54759454727173,5.926108567889107
96.54959154129028,5.902928799022892
96.5525860786438,5.881102107453435
96.59136962890625,5.859917554323327
96.7935311794281,5.838876086840623
96.7956178188324,5.818900698855185
96.79860472679138,5.799574074188452
96.8006055355072,5.780839893226885
96.8396201133728,5.7636895713474985
96.99531412124634,5.747854154264563
96.9972472190857,5.732842076397757
97.00023126602173,5.718755873683524
97.04159593582153,5.705377640320835
97.24440217018127,5.692592198241029
97.24640464782715,5.6806964098196
97.24840807914734,5.669170215350167
97.25040984153748,5.658616671810942
97.29218578338623,5.64861482625359
97.50490736961365,5.639010917222677
97.50789618492126,5.630022071660068
97.51090383529663,5.621463496224698
97.5138349533081,5.613703526571644
97.5409004688263,5.606681536858472
97.74237394332886,5.600185979716056
97.7444372177124,5.594068078073208
97.74758791923523,5.5883559447814255
97.74958825111389,5.583357696716991
97.94519853591919,5.579180555297497
97.9472074508667,5.575441922364458
97.95020723342896,5.572568188037512
97.953129529953,5.570715703619841
97.99217700958252,5.569911819823313
98.24276351928711,5.570513554876883
98.24376654624939,5.572644948370405
98.245845079422,5.575975287765258
98.2467668056488,5.580602982996972
98.24776554107666,5.58735612479557
98.29036331176758,5.5954084488631075
98.49279999732971,5.60483810128712
98.49485087394714,5.617167195182991
98.49778437614441,5.630486589269006
98.50019645690918,5.645456731771914
98.75660538673401,5.664489527437271
98.75863480567932,5.686252675913099
98.76162791252136,5.708144195795655
98.76456212997437,5.733391478306977
98.76656317710876,5.760272368879094
98.99358224868774,5.793143788877855
98.99554181098938,5.8295238357863655
98.9975278377533,5.864338368226748
98.99892234802246,5.888114105329163
98.9998197555542,5.911248148947199
99.0403470993042,5.933744163608133
99.19515299797058,5.955497768430073
99.19714832305908,5.977018431202634
99.19915676116943,5.99873937524133
99.24303078651428,6.019744358755506
99.49279117584229,6.040822200926207
99.4957959651947,6.062594676646956
99.497793674469,6.084190222596901
99.50079107284546,6.104461897234215
99.50379300117493,6.125310438198057
99.69221711158752,6.145602413238595
99.69521903991699,6.168988327837477
99.69624376296997,6.192776314738407
99.69714450836182,6.217059655215255
99.73796701431274,6.240411103377491
99.94911694526672,6.263977642341405
99.95111989974976,6.2877367168369425
99.95111989974976,6.312422983830661
99.95219802856445,6.33710956814227
100.1425256729126,6.362126335319365
100.14344692230225,6.388488474009281
100.14344692230225,6.415380245880897
100.14453673362732,6.442571716739345
100.19001007080078,6.471209219511016
100.23788261413574,6.501606042443953
100.44312977790833,6.53161120114386
100.44412803649902,6.562070659354216
100.44520616531372,6.593289240968014
100.4462194442749,6.624608160015333
100.49092054367065,6.658246567971233
100.69450902938843,6.690439103891697
100.6965684890747,6.720067663245975
100.69850564002991,6.752508212527851
100.70058798789978,6.783316471091439
100.74095249176025,6.8139273958131445
100.94432735443115,6.8430982466084
100.9472541809082,6.873439438493477
100.94925427436829,6.904795001415866
100.96625113487244,6.934450777257226
100.99207711219788,6.964383600578973
101.03920817375183,6.994582334907569
101.19309258460999,7.0253896305241605
101.19509172439575,7.0561483268313046
101.19809055328369,7.084187235398687
101.44295358657837,7.113593155266891
101.4449553489685,7.140401301683453
101.44795417785645,7.1661972115893295
101.44995832443237,7.190532786031861
101.45195817947388,7.213898019773797
101.69340085983276,7.238802300362753
101.69541597366333,7.263255004913946
101.69742131233215,7.28889183309375
101.69941735267639,7.313605572810824
101.70141816139221,7.3375470330727595
101.89519119262695,7.359666486604673
101.89819312095642,7.381649362116345
101.90120244026184,7.405459970438507
101.90318965911865,7.429547158095089
101.94099640846252,7.454454047800536
102.14850306510925,7.475383132044853
102.14876580238342,7.495672435269611
102.14987659454346,7.518676168588623
102.15066647529602,7.545132373512507
102.19044899940491,7.573432042613927
102.34503436088562,7.602671071854175
102.34826278686523,7.629482032231783
102.35081386566162,7.655706569067676
102.39170026779175,7.6841170541961095
102.59324407577515,7.713425758400377
102.5962131023407,7.740577840756252
102.59928011894226,7.770318453640196
102.60121726989746,7.8001036747653165
102.84163022041321,7.829210602825601
102.84463024139404,7.860025195454449
102.84662961959839,7.895497210584797
102.84863090515137,7.93142847385124
102.8516321182251,7.9645945331783325
103.04460716247559,8.000389196615174
103.04660320281982,8.041310128562602
103.049959897995,8.08440764324366
103.05189847946167,8.131237389706072
103.09213376045227,8.184125203073373
103.13995385169983,8.326300541282912
103.36201930046082,8.492473176565813
103.36409425735474,8.636409317323333
103.36601948738098,8.759725037161616
103.36809301376343,8.862972651272186
103.64250326156616,8.953380380933684
103.6445083618164,9.033110287433692
103.64756846427917,9.103725591369347
103.64950394630432,9.16785355573101
103.65150451660156,9.22729609178501
103.65250277519226,9.282954247759005
103.84332323074341,9.339593412099962
103.84532427787781,9.394403107048706
103.84832286834717,9.446029036385156
103.85132169723511,9.496028311508423
103.89027762413025,9.547174364700513
104.09409880638123,9.600306181085488
104.09610867500305,9.655300013020284
104.09709525108337,9.709734697512149
104.09810471534729,9.766972096057856
104.13981246948242,9.827805925648882
104.34343600273132,9.89154746502275
104.34551620483398,9.956786905729949
104.34850454330444,10.023014181713659
104.35043025016785,10.08981745025762
104.60103106498718,10.15647642789611
104.60395193099976,10.221334850103537
104.6070249080658,10.283255130778258
104.60895299911499,10.342221192197535
104.61194777488708,10.397607081404153
104.63903498649597,10.450176574681462
104.79494595527649,10.499470173472062
104.79702091217041,10.545734443813755
104.80002021789551,10.572201859359165
104.84094285964966,10.59696982310118
105.0424234867096,10.620233874902528
105.04442691802979,10.643449506717644
105.04942440986633,10.665626385888087
105.05142045021057,10.68769000546488
105.24356484413147,10.709690414119247
105.24557161331177,10.729959312701645
105.24863576889038,10.749353862407295
105.25064277648926,10.769102302662512
105.49275279045105,10.790054920530665
105.49475121498108,10.810265842126165
105.49675011634827,10.829838705598808
105.49875497817993,10.849040516109042
105.49975085258484,10.867417892963797
105.54074692726135,10.885522581547832
105.75389313697815,10.903056562182222
105.7569305896759,10.919148294440978
105.76002335548401,10.934398440012814
105.76293134689331,10.949347320339873
105.79180908203125,10.964706447960875
105.99377918243408,10.980650827036548
105.99678158760071,10.996866257442644
105.99884676933289,11.013249491903556
106.00106287002563,11.030385272610257
106.04054832458496,11.048288592000809
106.24123620986938,11.066795789044356
106.24215650558472,11.085186368688206
106.24215650558472,11.102676068321225
106.24315571784973,11.12002495766917
106.44512367248535,11.137067959173185
106.44712996482849,11.153974620271544
106.45019745826721,11.171230912596993
106.45912456512451,11.18900962474889
106.49172472953796,11.20763528303317
106.69433689117432,11.226234914651108
106.69652533531189,11.245882225247419
106.6975269317627,11.264727001057452
106.69953083992004,11.283711124970262
106.74207067489624,11.301956977953525
106.95508170127869,11.320900495332577
106.95609903335571,11.3390936879208
106.9580979347229,11.35609339563779
106.95914673805237,11.373933155345565
106.9917426109314,11.392579751513887
107.19401597976685,11.410711234489977
107.19595265388489,11.427767903158813
107.19895505905151,11.443576004768378
107.2009494304657,11.45908535046473
107.24035573005676,11.474476393848901
107.44288396835327,11.4897050271567
107.44488310813904,11.503714413470492
107.44788336753845,11.517465036246177
107.44988584518433,11.531103511471613
107.48944640159607,11.543990206559084
107.69423532485962,11.557252101788492
107.69723653793335,11.570293308006146
107.69923615455627,11.581485892468065
107.70173716545105,11.592226548242996
107.8946762084961,11.60030494635472
107.89732503890991,11.607971619830634
107.89834356307983,11.616220216163715
107.90164637565613,11.624900940721076
107.94182348251343,11.635598843649712
108.15481877326965,11.645971580992146
108.15682911872864,11.6561051795822
108.15875792503357,11.666567931322522
108.16176104545593,11.677321104228856
108.18985438346863,11.687146038094706
108.39465403556824,11.69518549175863
108.39665365219116,11.702227250569814
108.39901328086853,11.709646273490684
108.40100741386414,11.717551871019925
108.44108128547668,11.726938047650787
108.64421486854553,11.737843952236725
108.64721536636353,11.75000968758419
108.64962363243103,11.763082208791177
108.65195512771606,11.777155261712885
108.6909990310669,11.790792770388544
108.89431238174438,11.80421997005234
108.89638566970825,11.815835790612223
108.89937925338745,11.82710153105101
108.90238237380981,11.83745370903708
109.1439163684845,11.847727360885116
109.1469213962555,11.857359384427294
109.14991664886475,11.864664764415066
109.15191102027893,11.871342291458337
109.16791129112244,11.877683573709588
109.19013905525208,11.882054137616905
109.39422702789307,11.884569039794538
109.39630222320557,11.88791322671693
109.39797353744507,11.888908011242398
109.39965033531189,11.889029443729356
109.44056701660156,11.886580363482697
109.64199733734131,11.883611684433099
109.64400100708008,11.879159445516501
109.64699101448059,11.874472215004522
109.6499171257019,11.868603392550202
109.68989133834839,11.863686068346883
109.89303016662598,11.859421600345579
109.89502239227295,11.854862533273693
109.89829897880554,11.85004277499533
109.90022325515747,11.844600157435805
110.14289546012878,11.83754794155731
110.14589262008667,11.83005482642863
110.14789628982544,11.823750954936935
110.14989304542542,11.816655882848599
110.1508948802948,11.808614468157193
110.35598278045654,11.799876512363781
110.35898756980896,11.789294925837131
110.36091184616089,11.776733507231034
110.36390590667725,11.759752432729089
110.391597032547,11.735487988230998
110.59349274635315,11.703986086105884
110.59449291229248,11.667180914553867
110.59549021720886,11.626208905941647
110.59768319129944,4.8020073523528355
110.64152956008911,4.814849215807708
110.79481863975525,4.827832473173352
110.79882097244263,4.841242534100847
110.80181908607483,4.855024685910783
110.8420627117157,4.869150853923744
111.04420304298401,4.883851722062121
111.04613089561462,4.899104793149944
111.0491304397583,4.914845195147734
111.05112910270691,4.930635241420517
111.09072065353394,4.946631258043262
111.2914080619812,4.9629434840503075
111.29433703422546,4.979197606942999
111.29698920249939,4.995003445492309
111.29891896247864,5.010135037714987
111.50515866279602,5.024421006338093
111.50808644294739,5.038012087854051
111.51008653640747,5.05084287708255
111.51308465003967,5.062522711126821
111.54007863998413,5.073584252257712
111.69323801994324,5.084132702619433
111.69423818588257,5.094235736992093
111.69523572921753,5.104090226613371
111.73997116088867,5.113412565172265
111.94394326210022,5.122433536320804
111.94616937637329,5.131027995767214
111.94769716262817,5.139389310009678
111.95120000839233,5.147365276326472
111.98939299583435,5.155174560688178
112.14543056488037,5.162926231972752
112.1474359035492,5.170529043716453
112.14944386482239,5.177756902435709
112.19147253036499,5.184874478026174
112.39432883262634,5.191822147164455
112.39631772041321,5.1988433648685195
112.39925217628479,5.205983261757517
112.40156197547913,5.213403978805835
112.65423798561096,5.2210604803345335
112.6552381515503,5.228781411249427
112.65623474121094,5.23687548028565
112.6572744846344,5.245453540176196
112.65823554992676,5.254517649539935
112.6923360824585,5.26401050431687
112.94372916221619,5.274006322839491
112.9477949142456,5.2843665015536665
112.95072722434998,5.294718679133212
112.95580720901489,5.30513974387086
112.95872592926025,5.315711591891973
113.14509105682373,5.326267404237054
113.14809107780457,5.336985720591843
113.15020060539246,5.347872356819298
113.15310311317444,5.3589706722381365
113.19288063049316,5.370232827838647
113.39485311508179,5.38117314890201
113.39785861968994,5.3916897639183645
113.40037131309509,5.4020298204430075
113.40330219268799,5.4120309364050865
113.44130682945251,5.422005482657759
113.6434588432312,5.43225300109509
113.64676594734192,5.44259968660097
113.6497871875763,5.453606713577217
113.65225434303284,5.46466256315692
113.70309615135193,5.475713641464399
113.89286541938782,5.487191286840125
113.89487147331238,5.498966386416373
113.89781546592712,5.510797922691811
113.89981961250305,5.522783003903732
113.94092154502869,5.534657932800686
114.14456367492676,5.546694789869111
114.14656257629395,5.558812608446005
114.14966297149658,5.571206330426224
114.15266251564026,5.58378586335351
114.1904444694519,5.59650627648495
114.39281845092773,5.609477044910555
114.39449071884155,5.622446279559442
114.3954975605011,5.635474504614148
114.3964147567749,5.648609186820494
114.44106388092041,5.661680214030933
114.64228963851929,5.674754630893289
114.6450662612915,5.687574012026053
114.6470263004303,5.699914843380745
114.65012836456299,5.71183906380194
114.90661573410034,5.723419620063303
114.90870594978333,5.734982145915128
114.91163539886475,5.746593495800821
114.91363382339478,5.758433925386362
114.91663026809692,5.770801952386491
115.09228420257568,5.783775492433893
115.09521675109863,5.797463312285897
115.09728336334229,5.811496832421255
115.09921860694885,5.825937021087881
115.1392912864685,5.840493712890754
115.39235806465149,5.855381605802609
115.39335322380066,5.915701580706991
115.39535880088806,5.984812486025069
115.39835906028748,6.046374840439385
115.40036177635193,6.101644429658418
115.69218611717224,6.1510446339465386
115.69318294525146,6.195824790426144
115.69518780708313,6.236380696994574
115.69618320465088,6.273194814748238
115.69717931747437,6.305940181466847
115.69818019866943,6.334679486953493
115.99826145172119,6.360163653796954
115.99918031692505,6.382121784635774
115.99918031692505,6.400922759844698
116.0001790523529,6.417041226701713
116.00117826461792,6.429673397222355
116.00117826461792,6.439887532481931
116.04118847846985,6.448931479542081
116.24396991729736,6.4560636035124155
116.24596738815308,6.460149419004384
116.24803447723389,6.46323719066536
116.25005531311035,6.465260535817877
116.44415998458862,6.46708004099522
116.4467704296112,6.469118084641617
116.44876599311829,6.471210330493807
116.45216226577759,6.473702086747093
116.64373326301575,6.476340779296923
116.64573454856873,6.478603543235644
116.64781999588013,6.480829370915065
116.6498122215271,6.482208848734801
116.84462261199951,6.482939987341598
116.84705686569214,6.482979884312122
116.8500645160675,6.482095334473687
116.85105633735657,6.480920824327741
116.8898994922638,6.479553559911585
117.1024329662323,6.477537427537206
117.10550236701965,6.475170745405557
117.10743474960327,6.47201019241715
117.11072587966919,6.467747422681641
117.14006423950195,6.4617514520094534
117.34348130226135,6.4556095265267635
117.34555315971375,6.449377613216272
117.34754753112793,6.442281927509801
117.35061502456665,6.434212304021364
117.59201049804688,6.426776903877518
117.59501194953918,6.419062981139835
117.59702682495117,6.411400113739983
117.60301232337952,6.403849234217268
117.60601329803467,6.397439312528446
117.79544925689697,6.391094104634163
117.79844427108765,6.385388342618284
117.80045223236084,6.380261250778441
117.80345106124878,6.376390761570299
117.84136724472046,6.371839492492706
118.04527592658997,6.36811279065999
118.04727339744568,6.364312179569207
118.05026984214783,6.361039882052553
118.05227518081665,6.357866284663796
118.09216332435608,6.353363666654224
118.30444693565369,6.346931433983043
118.30626916885376,6.341672930677333
118.30834007263184,6.337139928674836
118.3106095790863,6.332885016778122
118.34112620353699,6.329463891616987
118.54401588439941,6.326087123597503
118.54601669311523,6.321307618956085
118.5490198135376,6.3183899704140805
118.55102014541626,6.316585498056878
118.79379796981812,6.316204942319601
118.79579973220825,6.314433707203086
118.79779767990112,6.313812250071667
118.80079865455627,6.314280578221681
118.80279660224915,6.315127718326982
118.84071779251099,6.315682922421745
119.04343819618225,6.3162920195303345
119.04543995857239,6.316340988154304
119.04843401908875,6.315592494438064
119.051438331604,6.3144105932176275
119.29389309883118,6.313157949705038
119.29589819908142,6.311532833370529
119.29789638519287,6.3101429449919575
119.30089211463928,6.308660073652342
119.30389046669006,6.306174550507359
119.35061717033386,6.303635150430952
119.54204750061035,6.3015675175187935
119.54404425621033,6.298687575844347
119.54704475402832,6.296136853579817
119.54904294013977,6.294083134956639
119.59025025367737,6.291900391643248
119.74531626701355,6.289509671300036
119.7473316192627,6.287543370465303
119.74941182136536,6.2854286784030196
119.78971481323242,6.283912446622913
119.99400544166565,6.281865251193548
119.99700260162354,6.278929272314959
119.99907231330872,6.275979294929956
120.0010015964508,6.273297649255659
120.1953136920929,6.27125475245059
120.19732856750488,6.269101939994167
120.20032811164856,6.26676205746819
120.20032811164856,6.264143265888346
120.24306130409241,6.262534939259661
120.45015478134155,6.259661133060376
120.45208287239075,6.257781656541537
120.45307970046997,6.25584906087653
120.45483016967773,6.25431159420985
120.49105644226074,6.252584822105423
120.69309067726135,6.250468286797796
120.69508719444275,6.24749124649022
120.69809222221375,6.244109260406729
120.70001888275146,6.240898574331496
120.89497494697571,6.236804813520476
120.89697027206421,6.232700050011469
120.8989748954773,6.229988970814098
120.8999695777893,6.22665426283178
120.94097781181335,6.2225960944313154
121.14477133750916,6.219097836289286
121.14784693717957,6.215314969034211
121.14977765083313,6.210237835815142
121.15277528762817,6.205385342875245
121.19218587875366,6.20005356490852
121.44338655471802,6.194595793286803
121.44638395309448,6.187198088223446
121.44838786125183,6.179558005345904
121.4503812789917,6.171176054674852
121.46644926071167,6.16073418740878
121.64496541023254,6.148936699940223
121.64697003364563,6.136316825105426
121.64996814727783,6.12301311661411
121.6531572341919,6.10939526004467
121.69021463394165,13.87076740490301
121.89396595954895,13.872854696685843
121.89597082138062,13.875093136328177
121.89896607398987,13.877483316555818
121.90096235275269,13.879966085317381
121.94109082221985,13.882565298244197
122.14237380027771,13.885304372990703
122.14430284500122,13.888105172617985
122.14758563041687,13.890972661029284
122.14957809448242,13.8937908400861
122.3416678905487,13.896542143591356
122.34266805648804,13.899107374760328
122.34361410140991,13.901405387756382
122.34478950500488,13.903194079776272
122.55146932601929,13.904480031082478
122.55146932601929,13.905262485152855
122.5524697303772,13.905475034852767
122.55347323417664,13.905134848760682
122.59152746200562,13.90429522655552
122.79383850097656,13.902991183205067
122.79577279090881,13.901314564661952
122.79884195327759,13.89933414393148
122.80077123641968,13.897174463838198
122.84051060676575,13.894891683530593
123.09130454063416,13.892541431865137
123.09430813789368,13.89012345255456
123.09720540046692,13.887610689813519
123.1001307964325,13.885017736750548
123.10213208198547,13.882377679223213
123.29500126838684,13.879681432570598
123.29700136184692,13.876965760471702
123.29900074005127,13.874279012888602
123.30100989341736,13.871599080786876
123.34198141098022,13.868977128593702
123.54398798942566,13.866354843933241
123.54598903656006,13.863770918193065
123.54898953437805,13.861194393190706
123.55198621749878,13.858671843887503
123.59823775291443,13.856164233140628
123.79282832145691,13.853721172859238
123.79482817649841,13.851433271328801
123.79582691192627,13.849394348626124
123.7978241443634,13.847683934283829
123.84024548530579,13.846478017288108
124.04291534423828,13.845790066022516
124.04584312438965,13.84558363625711
124.04784369468689,13.845921084975293
124.05039072036743,13.846847451691684
124.29344534873962,13.848265760019347
124.2965304851532,13.850048545021695
124.29844903945923,13.852120030907912
124.30045127868652,13.85441778144522
124.30252122879028,13.856820332885542
124.33981657028198,13.859220653167709
124.54314875602722,13.861436232043857
124.54508066177368,13.863551984883788
124.5480728149414,13.865277822733008
124.54907751083374,13.86673338116781
124.59083390235901,13.867957107685104
124.8060212135315,13.869019316148735
124.8070182800293,13.87004117315874
124.80931878089905,13.871053720998006
124.8109016418457,13.872007339945872
124.84024620056152,13.87286307722245
125.04216194152832,13.873594053661296
125.04424667358398,13.874272941100056
125.04716444015503,13.874803529063307
125.05025482177734,13.87514953997119
125.08898520469666,13.875521923347522
125.2454137802124,13.875679542143663
125.24740767478943,13.87577203860993
125.25082564353943,13.875852389745841
125.29062747955322,13.875965669154967
125.49440789222717,13.876171727042841
125.49740958213806,13.876409697603707
125.49934005737305,13.876872252606093
125.50233507156372,13.877697128381454
125.54033136367798,13.878809939474053
125.74516892433167,13.880341650771213
125.74816870689392,13.882205977409876
125.75016832351685,5.210944542026485
125.75317049026489,5.23578270024829
125.79023456573486,5.259009547565022
125.95950651168823,5.2842577239051955
125.9616117477417,5.3132170319066425
125.9645402431488,5.345299946875916
125.99291276931763,5.375964389004031
126.2428879737854,5.409479517018611
126.24488687515259,5.443895712897834
126.24732565879822,5.484486996257803
126.24932646751404,5.524126761436246
126.25147986412048,5.5695190347420365
126.29089093208313,5.614722703451862
126.4935142993927,5.664345573772026
126.49651265144348,5.718030169002429
126.49851250648499,5.773560509612429
126.50051021575928,5.827291251004411
126.53969526290894,5.8770765702771435
126.74167037010193,5.917601773133341
126.74361801147461,5.955295680630983
126.74461317062378,5.992122621794374
126.74561882019043,6.026585200082615
126.94509172439575,6.060208873280901
126.94809484481812,6.091867343974942
126.95108771324158,6.121684440369536
126.95309042930603,6.150117548488936
127.00091028213501,6.17716737915763
127.19331526756287,6.20234069904246
127.1963152885437,6.22560982323064
127.1983950138092,6.247223679166564
127.20031762123108,6.2675678622169935
127.4431848526001,6.287808464196855
127.44620370864868,6.307101422649154
127.4475646018982,6.325777254370821
127.45058751106262,6.343612373346677
127.45358777046204,6.361914450794421
127.69268035888672,6.380818626002846
127.69467759132385,6.400414773296453
127.69767713546753,6.420568082751542
127.69967412948608,6.4406862990186005
127.7026731967926,6.459830177045405
127.94370794296265,6.47878487000967
127.94570517539978,6.497867424511478
127.94770526885986,6.516692923514195
127.94870495796204,6.534669165643247
127.949791431427,6.551891587933662
127.98995351791382,6.568782315677505
128.21011471748352,6.584066363659781
128.2129352092743,6.5980423587645385
128.21600079536438,6.611280205319794
128.21892285346985,6.6233359439956745
128.24049139022827,6.63532170757355
128.4435727596283,6.646863969503535
128.44557309150696,6.658178257580747
128.4485731124878,6.668987981817773
128.45057702064514,6.679261738401876
128.69218158721924,6.688256767246214
128.69519591331482,6.698096796636606
128.69619822502136,6.707690874926962
128.69720029830933,6.717706207287901
128.69819259643555,6.7273785404231115
128.8949429988861,6.7364733172790245
128.89794373512268,6.746215171584372
128.90001678466797,6.755722845790344
128.9029426574707,6.764514386981796
128.93921852111816,6.77324330538855
129.14402747154236,6.781431098220204
129.14502382278442,6.789853389726477
129.1460223197937,6.798841381156762
129.1470284461975,6.807202565306183
129.19067478179932,6.81582571159663
129.40411138534546,6.823686711038941
129.40712308883667,6.831534662371872
129.4091100692749,6.838880537912308
129.41204071044922,6.846172982099417
129.44175577163696,6.8526768643074
129.64426255226135,6.858592597288378
129.64626955986023,6.864200206498108
129.6493318080902,6.86936969079293
129.65225839614868,6.874173771361604
129.69059681892395,6.878658581113311
129.89283180236816,6.88263792736261
129.8948564529419,6.885838318057716
129.89685535430908,6.888204022750737
129.89885568618774,6.889975964412794
129.94054651260376,6.890856713149449
130.09487915039062,6.89199690985223
130.0968849658966,6.893667799344817
130.09888863563538,6.895386436637114
130.14220023155212,6.896816923227423
130.34531116485596,6.897865083324393
130.34730982780457,6.898326709258908
130.35032320022583,6.8989532851149535
130.3532407283783,6.899460122785886
130.39201045036316,6.900409960700011
130.6029486656189,6.901199053059154
130.6058759689331,6.901181247709153
130.60796856880188,6.900462369035479
130.6113793849945,6.89919612320343
130.84231734275818,6.897404358562267
130.84531545639038,6.8957261332725155
130.8473892211914,6.893935083504954
130.85031247138977,6.8921801418173745
130.85238981246948,6.8901272011532795
131.0450541973114,6.888288984866872
131.0470540523529,6.885954210330498
131.0490529537201,6.883379830211885
131.0510561466217,6.880477086143161
131.0930576324463,6.878242152394948
131.34351658821106,6.87587488367997
131.34551882743835,6.87390293854257
131.3487904071808,6.871487824148528
131.35072374343872,6.8689288738708045
131.35372161865234,6.866694699165691
131.3908703327179,6.864423159203793
131.64590978622437,6.862245307903718
131.64790034294128,6.8595783504384755
131.64889454841614,6.856988191803849
131.65090107917786,6.853189641561497
131.65247797966003,6.849084428760439
131.84317183494568,6.845026031725189
131.84416961669922,6.841485461786397
131.84516835212708,6.83788608878073
131.84616708755493,6.834519687024065
131.8890905380249,6.831487445904785
132.0439577102661,6.828880999217954
132.04695773124695,6.826117890456224
132.0489628314972,6.823248447745418
132.08961701393127,6.82039088842248
132.29332566261292,6.818287464615956
132.2943389415741,6.8158826763295695
132.294997215271,6.813758598313785
132.29707217216492,6.812127999043864
132.33985471725464,6.810659616618566
132.54297924041748,6.808349757668658
132.54497504234314,6.806570363739498
132.54705500602722,6.804836309439285
132.54912066459656,6.803113887357057
132.5909502506256,6.801790291805902
132.80721974372864,6.8004100801990095
132.81021809577942,6.79832499703768
132.81222081184387,6.795897996144245
132.81321835517883,6.793319661565816
132.99374055862427,6.791187781278469
132.99573516845703,6.7891730592225
132.99873971939087,6.787349415797694
133.00166153907776,6.785525864781695
133.19416737556458,6.784023208835409
133.19616889953613,6.7827161121462805
133.1991686820984,6.781304532393791
133.20016717910767,6.779417755352911
133.2401568889618,6.7775836404582135
133.49443244934082,6.775850447394814
133.4964451789856,6.774131530425501
133.49845337867737,6.771515623145326
133.5005350112915,6.769052661670059
133.50244688987732,6.766848859669547
133.541113615036,6.763529616002424
133.79296135902405,6.760036390915634
133.79596376419067,6.7565598241081535
133.79796075820923,6.752897058185329
133.80096316337585,6.749461985114376
133.80396938323975,6.746180471388786
134.00146102905273,6.743060181721386
134.00217604637146,6.739314384895586
134.00217604637146,6.73545046429596
134.00366687774658,6.73185447572113
134.04168248176575,6.728407224131491
134.29419708251953,6.725136611590891
134.29726934432983,6.7221013179499565
134.29926419258118,6.718924773477809
134.30219864845276,6.715531733023522
134.30419087409973,6.712310708788884
134.34017777442932,6.7094392603058814
134.5442192554474,6.706092858834701
134.54675030708313,6.70231485142085
134.54975271224976,6.697523746310316
134.5517508983612,6.692017923762109
134.58893203735352,6.686762481270831
134.79280257225037,6.682545752662221
134.79480719566345,6.679220336175805
134.79680132865906,6.6766759970036516
134.7978012561798,6.674289310012629
134.8407039642334,6.671434543118259
135.0507800579071,6.668623930849458
135.0516176223755,6.666724732045732
135.05371022224426,6.664008089325926
135.0566372871399,6.661293279233798
135.0919647216797,6.658067436696985
135.2946071624756,6.654493612914053
135.29666256904602,6.650988721069491
135.29977869987488,6.648005806593924
135.30169892311096,6.6445660718878115
135.3407974243164,6.641642162198345
135.49508118629456,6.6378058701947
135.49708461761475,6.634142830910296
135.49908542633057,6.631075741573479
135.54126167297363,6.627474871277869
135.7458050251007,6.623724294019988
135.74780654907227,6.618743136139291
135.75080704689026,6.613340257713291
135.75280737876892,6.60810792473212
135.78979969024658,6.602903649005099
135.99484062194824,6.598149835429993
135.99684023857117,6.592994149109314
135.99883890151978,6.58778135773066
136.00083804130554,6.5830533464138306
136.0421380996704,6.578569533556239
136.30664110183716,6.573455625570002
136.30964517593384,6.568477100300854
136.31164264678955,6.563620093767016
136.31363677978516,6.558746287121054
136.31563806533813,6.55354825210236
136.3400363922119,6.547710347043326
136.5407989025116,6.541392624903142
136.54180073738098,6.53500053174072
136.54180073738098,6.528313443997908
136.54279851913452,6.521226710115164
136.7924463748932,6.514178876228687
136.79344606399536,6.507158788792853
136.79449081420898,6.49992292403716
136.79549074172974,6.492697646763176
136.79644513130188,6.4855878488505985
136.99240136146545,6.478900329415442
136.99340319633484,6.472189846258594
136.99439907073975,6.46615960904191
136.99647331237793,6.460416990313451
137.19390082359314,6.455481047084509
137.19589686393738,6.450939646226389
137.1978952884674,6.4468952172414005
137.19889521598816,6.442853423421091
137.23980569839478,6.439505235080354
137.41096806526184,6.436744664588748
137.4129662513733,6.434356284508562
137.4149718284607,6.431881245923957
137.44199395179749,6.430050334047975
137.48999071121216,6.429443215447879
137.69255304336548,6.4295802877024055
137.6955533027649,6.430606918916558
137.6976215839386,6.432470806253869
137.70024061203003,6.435301290208026
137.94324111938477,6.439236942156617
137.94623804092407,6.4443636463996485
137.94824385643005,6.450033538342167
137.95024156570435,6.456368631981851
137.95144701004028,6.463417221002901
138.14452624320984,6.471870434229657
138.14652800559998,6.481164037570599
138.14852619171143,6.491128746319681
138.15059781074524,6.50159406317331
138.19042563438416,6.512755951484253
138.39259147644043,6.524672845954812
138.39459657669067,6.5377061940187255
138.39659094810486,6.551922836546489
138.39759063720703,6.566749926467745
138.6101930141449,6.581750690363306
138.6121973991394,6.59656427854561
138.61427450180054,6.611338816160236
138.61720442771912,6.626365685139415
138.64189743995667,6.6422692165261505
138.69025206565857,6.65835017755694
138.89404296875,6.674704043694619
138.89704132080078,6.691191563781063
138.89962363243103,6.707931081878432
138.90156197547913,6.725295205114874
139.094957113266,6.742975268466394
139.09695672988892,6.7614322978741885
139.09896802902222,6.780663042832185
139.1019675731659,6.8007496453423935
139.14139986038208,6.821447123915665
139.34317231178284,6.843193023971503
139.34542679786682,6.8654752868972535
139.34744548797607,6.889184512261979
139.34944581985474,6.914693692882748
139.5927050113678,6.942154226827267
139.595712184906,6.972031731221837
139.59771299362183,7.005217892453288
139.60070729255676,7.0421904843392635
139.60172820091248,7.0830533191927385
139.6528515815735,7.128277009893948
139.79410457611084,7.178345087449318
139.79610228538513,7.234633765856377
139.79810690879822,7.298347951195308
139.83966994285583,7.371980899749908
140.04356789588928,7.455573402722158
140.04556941986084,7.55058729188052
140.04757237434387,7.662846792275876
140.04956912994385,7.793878803490722
140.09002566337585,7.9571489631652925
140.29378700256348,8.155446508499576
140.29578518867493,8.276045757345202
140.29889678955078,8.36271868206617
140.30123162269592,8.444394132610634
140.34045433998108,8.520920946789404
140.49266481399536,8.591409368783772
140.49568462371826,8.656554934787449
140.49862384796143,8.717572256390241
140.5402250289917,8.774108125606693
140.7620072364807,8.827464501615106
140.76400923728943,8.877233511349942
140.76500535011292,8.924335866205105
140.7670018672943,8.968394183801731
140.79087662696838,9.010387735820013
140.99460196495056,9.05050615282887
140.9976029396057,9.089446021618947
141.00060296058655,9.127067067937446
141.00260639190674,9.16347727547655
141.24546074867249,9.198746305146177
141.2474672794342,9.232797848452153
141.24939513206482,9.265687955402612
141.25147986412048,9.297827379014011
141.2544002532959,9.328373997688974
141.2905957698822,9.358063250741083
141.492609500885,9.387088510469889
141.494610786438,9.415964437251093
141.49760913848877,9.444475330552734
141.49961042404175,9.472654511201686
141.74264645576477,9.500924773254342
141.74564242362976,9.529348075234173
141.74771857261658,9.558394992038245
141.7507164478302,9.587991240520118
141.7526376247406,9.618276258438534
141.80274105072021,9.648952178047503
141.99126267433167,9.679861314685354
141.99226331710815,9.711567914353644
141.99326252937317,9.743774909058162
141.99431681632996,9.77609511586528
142.19398641586304,9.808930390589282
142.19698667526245,9.842332008238753
142.19898533821106,9.875658857811258
142.2009837627411,9.908893682809447
142.23944425582886,9.94161649602209
142.39498233795166,9.973209432751766
142.39798092842102,10.003433008921808
142.3999798297882,10.032064833845219
142.44121551513672,10.0584163081046
142.64382457733154,10.08283753647329
142.6448233127594,10.104828368695282
142.6458237171173,10.1247934803135
142.64689540863037,10.142996222590229
142.69024014472961,10.1593447022434
142.90393471717834,10.174645509332086
142.90624690055847,10.189781295396854
142.9092469215393,10.204271887412734
142.91125631332397,10.218225007987291
142.94057393074036,10.231751823457756
143.09431076049805,10.245208356666607
143.09739446640015,10.2596816047768
143.0988302230835,10.274898718411052
143.29409885406494,10.290170806091552
143.29508781433105,10.305345773471299
143.29608821868896,10.320867163384397
143.29709029197693,10.335488588124583
143.34312438964844,10.350711591406897
143.38988542556763,10.366916911518073
143.5929193496704,10.383725001902485
143.5959165096283,10.401658595152304
143.59791350364685,10.420554798239273
143.59991192817688,10.440748523367297
143.79310941696167,10.462695548936843
143.79511308670044,10.486232319934649
143.79818391799927,10.511119240014676
143.80068135261536,10.537784011673622
144.05004286766052,10.573632866015327
144.05097365379333,10.613323670522698
144.05197262763977,10.653927325376966
144.0529704093933,10.694490031511021
144.0529704093933,10.735219683663308
144.09176397323608,10.776706848547375
144.29328155517578,10.81801464743381
144.2948088645935,10.85835277908773
144.2968728542328,10.897826888491142
144.29886412620544,10.936782085932759
144.49407052993774,10.975087371021624
144.49503540992737,11.013028702743098
144.49582600593567,11.050982863664666
144.49783539772034,11.08866834014555
144.54123520851135,11.126552613412615
144.7429769039154,11.16451597498179
144.7454559803009,11.201632159972224
144.74832129478455,11.237665952245669
144.75089597702026,11.27176346857379
144.99225974082947,11.305111768722629
144.9948308467865,11.338364826228437
144.99684500694275,11.371359149886231
144.99976515769958,11.404312577431437
145.00276565551758,11.43611167212487
145.25002455711365,11.467005934596022
145.25102543830872,11.497608306793856
145.25102543830872,11.527672574120793
145.25202560424805,11.557531356186951
145.25403356552124,11.588061401162035
145.29092454910278,11.618743967173113
145.4941964149475,11.649988857705333
145.49661540985107,11.68151816627091
145.49870085716248,11.713849607457567
145.50171041488647,11.7470030703076
145.54026794433594,11.78087682193486
145.74235486984253,11.815278213604676
145.7442820072174,11.850363571436915
145.74729251861572,11.886139655150776
145.7502920627594,11.922421884829717
145.94491171836853,11.959180849006936
145.9474470615387,11.996968119006285
145.9494469165802,12.035321083470068
145.95144701004028,12.07374361402592
145.99160742759705,12.111657727187938
146.24155378341675,12.150177454659016
146.24255394935608,12.188999371132418
146.24255394935608,12.227630773744092
146.24355459213257,12.26699283090112
146.244553565979,12.306040558584819
146.4455533027649,12.34505702087587
146.4455533027649,12.383631286951404
146.44655323028564,12.422013999262653
146.44655323028564,12.460142364174624
146.4895534515381,12.497433670731239
146.74009156227112,12.53404854722831
146.74109172821045,12.56940568614973
146.74209141731262,12.604528642613348
146.74209141731262,12.63937533249387
146.74309182167053,12.673690499144538
146.78795337677002,12.707135128354277
146.94490933418274,12.740000427222611
146.94683146476746,12.772499900498305
146.94883060455322,12.804872841269702
146.99026036262512,12.837377956938841
147.19280767440796,12.86991431030233
147.1948013305664,12.908452266979147
147.19781303405762,12.955373162774034
147.19979906082153,13.000893203296817
147.3953149318695,13.04487196745654
147.3973104953766,13.08740809378219
147.4003074169159,13.12773901040712
147.4023265838623,13.16667005185413
147.44182419776917,13.204755777149266
147.65116930007935,13.240955143990586
147.6525342464447,13.275632531865831
147.65353870391846,13.309725674227147
147.65454173088074,13.34248673129619
147.69112491607666,13.374295819777117
147.9422357082367,13.405120839008989
147.94423484802246,13.434907682275886
147.94623398780823,13.4637590929691
147.94723916053772,13.492023230400187
147.94923377037048,13.519393559473194
148.19316053390503,13.545880589144595
148.19516158103943,13.571713678221737
148.19716382026672,13.5966371240442
148.20115852355957,13.620494492079501
148.20216059684753,13.643255797249294
148.39382314682007,13.664710306787743
148.39582562446594,13.684933109909677
148.39882278442383,13.703741292398362
148.40082573890686,13.72134148302046
148.44052696228027,13.737787207761704
148.6411645412445,13.7532501167681
148.64311933517456,13.76778895670283
148.6441686153412,13.781362289976965
148.6451187133789,13.79399871185077
148.90169858932495,13.805631856438199
148.90377831459045,13.816429206963972
148.90578031539917,13.82646445803339
148.90769839286804,13.835748772435092
148.91069793701172,13.844266482930735
149.09307742118835,13.852185383972937
149.0940020084381,13.85953879294784
149.09600234031677,13.866358587617286
149.09738969802856,13.872677860183657
149.1402759552002,13.87861852225813
149.34456181526184,13.884379276159486
149.34656047821045,13.889780697780292
149.34856247901917,13.894966207211601
149.3505597114563,13.90006016299587
149.39006662368774,13.905070467459991
149.59502696990967,13.909855766735042
149.59702587127686,13.914400034165634
149.6000211238861,13.918735494333554
149.60201907157898,13.922917115981694
149.6421196460724,13.926744891891966
149.84180665016174,13.930251797941773
149.84380888938904,13.933574363633918
149.84480690956116,13.936756827045873
149.84580731391907,13.939611841120403
150.10588383674622,13.942336112549029
150.10892033576965,13.945205636807597
150.1109583377838,13.948317268042342
150.1137444972992,13.95132982671947
150.11575150489807,13.954187854562527
150.13912105560303,13.956900834510662
150.29368233680725,13.959663199804506
150.2956840991974,13.962460252388576
150.2966799736023,13.965121815014337
150.54390168190002,13.967607708580095
150.5459725856781,13.969832698765012
150.54890418052673,13.971745395668135
150.5509774684906,13.97360049051157
150.5529055595398,13.975429952943953
150.5901267528534,13.977071462215703
150.79392194747925,13.978470226367453
150.7960126399994,13.979515493373166
150.7989432811737,13.980227804661046
150.80129146575928,13.98061233154709
150.839768409729,13.980616689715003
150.99531483650208,13.980422906418314
150.99724459648132,13.979905747008527
151.0002429485321,13.9792481917689
151.04134559631348,13.97845388491165
151.2541184425354,13.977509818614788
151.25611972808838,13.97636113314646
151.25712037086487,13.975123934567849
151.25712037086487,13.97375197398961
151.28990983963013,13.972333363085967
151.49244689941406,13.970756211619403
151.4945158958435,13.969144398331744
151.4965114593506,13.967366633490723
151.49843573570251,13.965433149219717
151.69409489631653,13.963306721783507
151.69499588012695,13.961072811499667
151.69699835777283,13.958717740157791
151.697998046875,13.956236144180304
151.74171018600464,13.95367257373647
151.9439880847931,13.951032916647904
151.94599056243896,13.948316998669423
151.9491467475891,13.945481691840408
151.95106983184814,13.94248637820997
151.99155068397522,13.93939013706474
152.1928632259369,13.936031661160238
152.19703888893127,13.93245676408784
152.19905757904053,13.92854234752116
152.20135736465454,13.924316200789319
152.40999484062195,13.919884976970915
152.4114053249359,13.915216987072283
152.41343140602112,13.910177079990737
152.41650533676147,13.904821040959499
152.4419140815735,13.899160634947018
152.64274382591248,13.893178729553421
152.6457643508911,13.886795786359222
152.648766040802,13.880130116066171
152.65176129341125,13.873304041376677
152.89173221588135,13.866065018188113
152.89273262023926,13.85843525716595
152.8937315940857,13.85042858259561
152.8957324028015,13.842193165658701
152.89673352241516,13.83387334660609
152.93903636932373,13.82547436041369
153.095064163208,13.816871725093085
153.098064661026,13.80820235405765
153.10106897354126,13.79949651684726
153.14284253120422,13.790694985586324
153.39434838294983,13.781764258872824
153.3962836265564,13.772656080583015
153.3992829322815,13.763430572890801
153.40162563323975,13.75399319455734
153.40368962287903,13.74441479540196
153.44268369674683,13.734676363405276
153.59528374671936,13.724757015315317
153.59726786613464,13.714610033333381
153.60057544708252,13.704243468082485
153.64054107666016,13.69375492065377
153.84483551979065,13.683069908977894
153.84699320793152,13.672122396500127
153.8489909172058,13.66103838391114
153.84998226165771,13.64976875437317
153.8919129371643,13.638443401392658
154.09329843521118,13.627004861307219
154.0942943096161,13.615732258120088
154.09529495239258,13.6045537555994
154.09629487991333,13.593525910969202
154.1437222957611,13.582758672125948
154.3927903175354,13.572213284909576
154.394788980484,13.56189589644098
154.39678621292114,13.551625010873138
154.39878249168396,13.541577812434822
154.4017834663391,13.531710789019066
154.61183762550354,13.522182293859213
154.61390042304993,13.51285100965097
154.61690664291382,13.503792105577707
154.61882901191711,13.494817884594802
154.64083456993103,13.485910982357291
154.84249663352966,13.47697720457561
154.84450030326843,13.467945270732905
154.84650802612305,13.458782914200741
154.84842777252197,13.449553791678692
155.09312963485718,13.440256511504236
155.0941286087036,13.430780367339281
155.0961275100708,13.42109010483326
155.09818029403687,13.411280641782987
155.10001015663147,13.401341681363549
155.29437923431396,13.391292432003931
155.29637718200684,13.381079812393704
155.29738020896912,13.370658443433998
155.29837775230408,13.360102659195201
155.34240245819092,13.349265493086392
155.54603838920593,13.338318496517047
155.54817080497742,13.327161816461858
155.5510983467102,13.315833412067164
155.55363273620605,13.304390410386178
155.59188389778137,13.29274717964199
155.80500173568726,13.281077376464184
155.80799984931946,13.269418334753084
155.8100197315216,13.257722815544584
155.81299901008606,13.245949351564706
155.84094953536987,13.234176942996903
156.09269309043884,13.222278613623914
156.09575963020325,13.21032286307873
156.09776377677917,13.198329796982298
156.10069036483765,13.186416518322464
156.10368871688843,13.174387319501921
156.1402268409729,13.162353235665979
156.34365391731262,13.15035794582077
156.34665369987488,13.1385677620725
156.34865951538086,13.12711916333951
156.3516547679901,13.1160614595011
156.3893005847931,13.105732049952984
156.59314155578613,13.096270805553269
156.59614038467407,13.08780387251033
156.59813952445984,13.080479737407643
156.60014271736145,13.074438412569874
156.8541395664215,13.069524663349972
156.85615158081055,13.065751960626827
156.85807704925537,13.063129668432842
156.86018204689026,13.061541960638591
156.86207818984985,13.060846293494729
157.09272384643555,13.060885280566213
157.094712972641,13.061629692910367
157.09796619415283,13.062862810925655
157.09998416900635,13.064453739940634
157.10198187828064,13.066094268635915
157.29524660110474,13.067777628445153
157.29732036590576,13.069199422316174
157.30031442642212,13.070366668015758
157.30229210853577,13.071152699861598
157.34363842010498,13.071413461831488
157.39022588729858,13.071089426422915
157.59194231033325,13.070177914108264
157.59294033050537,13.068511714507771
157.59394121170044,13.066071999256144
157.59493923187256,13.062841342228847
157.63993668556213,13.058791508973446
157.84369778633118,13.054019118088043
157.84634971618652,13.048498878379306
157.84841513633728,13.042384521787762
157.851327419281,13.035719136460985
158.05677819252014,13.028614326900948
158.059711933136,13.021193772091204
158.0617117881775,13.013595519406618
158.0627076625824,13.006096945533026
158.09181141853333,12.998852707619921
158.29517769813538,12.991999298248256
158.29776811599731,12.985578467253877
158.30041408538818,12.979665811751953
158.30234456062317,12.974203084878473
158.34072947502136,12.969399240044009
158.59228229522705,12.965255274675448
158.59492945671082,12.961916685994924
158.59692335128784,12.959509185027814
158.59885597229004,12.958093126771011
158.6022276878357,12.957758658434212
158.79328417778015,12.95851894091693
158.79427194595337,12.96049074710602
158.79529857635498,12.963652734487455
158.79605102539062,12.967776163009086
158.84306502342224,12.972677835240754
159.04305863380432,4.510122864917005
159.04405808448792,4.52400912057972
159.04405808448792,4.538012561334229
159.04507088661194,4.551686930751828
159.09113144874573,4.565292120011919
159.29296875,4.578599907148267
159.29396843910217,4.591805812512828
159.2960488796234,4.604761066899695
159.2980761528015,4.6174998698077525
159.49504780769348,4.629799781779548
159.4960479736328,4.641726785136158
159.49696373939514,4.653399887002838
159.4980366230011,4.664580816971497
159.53996896743774,4.675265051217319
159.74299502372742,4.685459547353011
159.74597239494324,4.695025748142832
159.7479054927826,4.704156107662364
159.7499132156372,4.7126613746912085
159.94473934173584,4.720689174755269
159.9477608203888,4.72827945944225
159.94974040985107,4.735488159562239
159.95273804664612,4.742306747432249
159.9907283782959,4.748560627527628
160.1974334716797,4.7542531779412265
160.19843578338623,4.759454186751215
160.19943642616272,4.764273458749171
160.2004702091217,4.768959156596359
160.24091482162476,4.773614066377647
160.44310474395752,4.778193730409716
160.44510102272034,4.782852826374815
160.44672203063965,4.788109099567242
160.44969010353088,4.7941210061199095
160.64315819740295,4.800998317457273
160.64521503448486,4.808735060267594
160.64723348617554,4.81791680707317
160.64815664291382,4.826907183417701
160.89489126205444,4.837100306167303
160.89689540863037,4.847128450959908
160.89937925338745,4.85711397315052
160.90213799476624,4.867001148327782
160.90528297424316,4.87685141158357
160.9424045085907,4.887007988465332
161.19199514389038,4.897336589718369
161.19299364089966,4.907083766052382
161.19405436515808,4.917132142149436
161.19405436515808,4.926810257415804
161.1949942111969,4.936934525115563
161.248788356781,4.947105206681926
161.49206924438477,4.956568507915701
161.494624376297,4.966438306409824
161.49627017974854,4.97686784702223
161.4993917942047,4.987736071504696
161.50240802764893,4.999686251118508
161.539892911911,5.012092002286966
161.74108266830444,5.024595193738831
161.74301648139954,5.0377330551447645
161.74400758743286,5.051266127869385
161.7450077533722,5.065700056847358
161.99318146705627,5.080757820077586
161.99520325660706,5.096003584245122
161.9982762336731,5.112187425081705
162.00020217895508,5.128060547619335
162.00233459472656,5.14410812673331
162.19457960128784,5.159663931217979
162.19657826423645,5.1758059008212784
162.19757890701294,5.191343405527747
162.19957900047302,5.206362266095524
162.2411506175995,5.220255336258174
162.45766711235046,5.233503748619859
162.4606590270996,5.245178078480503
162.46268463134766,5.25483873670882
162.46558475494385,5.263652424992708
162.4916286468506,5.270352639530581
162.6932783126831,5.276036422535431
162.69527387619019,5.280572077010703
162.69834446907043,5.284288917826654
162.70027613639832,5.287817661941144
162.74139642715454,5.291754343898859
162.9418444633484,5.295126330097955
162.94284200668335,5.299882683773414
162.94384264945984,5.304871853552852
162.94484162330627,5.31081536031052
163.19341707229614,5.317266705880599
163.19634175300598,5.32414984240519
163.1993522644043,5.331047619394775
163.20134019851685,5.338466689688019
163.20334577560425,5.345689030058864
163.3923578262329,5.352524739418697
163.3933548927307,5.359101162167695
163.39373302459717,5.365743156901908
163.39466547966003,5.373083198778668
163.4396209716797,5.380274066279995
163.65917038917542,5.387439833111881
163.66145157814026,5.395056652646526
163.66345262527466,5.404032978928602
163.66538548469543,5.414936694567109
163.6901409626007,5.426561055624289
163.84543228149414,5.4395557668242756
163.84844088554382,5.4540891724193115
163.85043239593506,5.469928021381704
163.89330649375916,5.486696821103292
164.09501004219055,5.504333632186435
164.0980134010315,5.523266264989609
164.10001301765442,5.543909470358259
164.10294127464294,5.565384350740022
164.14294028282166,5.5875204964354115
164.34471893310547,5.6125485148073775
164.34663915634155,5.6391303650568005
164.34963822364807,5.668883860426636
164.35163497924805,5.701899761593187
164.54403495788574,5.739289956790639
164.54603505134583,5.781338096681819
164.54803133010864,5.832046810467466
164.55003237724304,5.880383370448907
164.5900285243988,5.925561511919489
164.79846668243408,5.976707060291184
164.7993927001953,6.035359178938992
164.80039143562317,6.102520658683562
164.80039143562317,6.179193118563496
164.84114742279053,6.267779339985133
165.09168100357056,6.369126017976355
165.09470224380493,6.481150440802755
165.0967001914978,11.623232404131231
165.0976905822754,11.576189739467987
165.0976905822754,11.529525695811223
165.29413509368896,11.482007406645412
165.29614448547363,11.434311022079289
165.2981345653534,11.385597588563332
165.301127910614,11.335420890651042
165.49244737625122,11.28501952118379
165.49344730377197,11.234040454407427
165.494446516037,11.180916058164339
165.495445728302,11.127166591871186
165.5402216911316,11.073124510609077
165.69525575637817,11.017107586875317
165.69834446907043,10.957986358795694
165.70071125030518,10.895762346152853
165.74268102645874,10.831564571754162
165.99778628349304,10.764005442613366
165.99969625473022,10.693463448224197
166.00069499015808,10.61717739672984
166.00170063972473,10.539448949776812
166.002694606781,10.46278913155812
166.0407567024231,10.399823302078461
166.29317998886108,10.346613799213557
166.29617834091187,10.302763797628149
166.29817843437195,10.265132383971778
166.30103135108948,10.23286008505829
166.30303287506104,10.204976826058955
166.59212183952332,10.180703795551363
166.59431338310242,10.157662672183402
166.59731364250183,10.137470380821139
166.599671125412,10.119296804514656
166.60167336463928,10.102853368103823
166.60374855995178,10.087409629067555
166.79208207130432,10.074390302890547
166.7930839061737,10.06246888784939
166.79408431053162,10.05165132066021
166.79408431053162,10.040711537742615
166.8401951789856,10.03002992385171
166.88827323913574,10.019904074385584
167.10832452774048,10.009606050090927
167.10932397842407,10.000033051218587
167.11032056808472,9.990608490307583
167.11240196228027,9.980652732172475
167.1412274837494,9.970049024220039
167.34317064285278,9.959677128289329
167.34589743614197,9.949315664381016
167.34837079048157,9.938517749268614
167.35036849975586,9.927481227406254
167.593013048172,9.915447679277193
167.596009016037,9.903179791554164
167.59827637672424,9.891323207105325
167.60152673721313,9.880077099851949
167.60354685783386,9.869293244704458
167.7948215007782,9.858362196031086
167.79709911346436,9.847950916031245
167.80049467086792,9.838408105689213
167.80243825912476,9.82883464111685
167.84163522720337,9.819155262225477
168.04545664787292,9.809313892611033
168.0473930835724,9.799482103318844
168.05039072036743,9.789138058736087
168.05238723754883,9.778372107563285
168.08997774124146,9.767228586588411
168.3007972240448,9.75588071307361
168.30271005630493,9.743824578580082
168.30371046066284,9.732249765229273
168.30570769309998,9.720218041307263
168.3406627178192,9.708663465620132
168.54250121116638,9.697858795411856
168.54548454284668,9.68650713463887
168.54856085777283,9.673459794748045
168.55105805397034,9.663171955843811
168.5902135372162,9.652551863396575
168.79332280158997,9.642117001898137
168.79632472991943,9.631042210609468
168.7983274459839,9.62209434135044
168.80032634735107,9.611364614101603
169.04393339157104,9.602710692240258
169.0469343662262,9.594779729051034
169.04893159866333,9.58675667502231
169.05093145370483,9.578651969210158
169.05307126045227,9.571585515811371
169.29273414611816,9.5638680545321
169.29492855072021,9.557091099210872
169.2979302406311,9.550259724562725
169.29992985725403,9.543600607190715
169.3133406639099,9.53851711913654
169.4934310913086,9.534144836062557
169.49449920654297,9.529712530481007
169.49609780311584,9.525350601228379
169.49877214431763,9.520926891439533
169.74441409111023,9.517054008411048
169.7474889755249,9.513791979252135
169.74947595596313,9.510535125481804
169.7524118423462,9.506817479812986
169.7544195652008,9.503402028062792
169.79075598716736,9.500471936879718
169.99348998069763,9.497228540109951
169.99648809432983,9.49441513073149
169.9984860420227,9.491758411269654
170.00148344039917,9.488814114387932
170.19421553611755,9.486015622133046
170.19721865653992,9.482811478208054
170.1982183456421,9.479496419969067
170.20121955871582,9.475552786179401
170.24221873283386,9.471231374126246
170.50558614730835,9.46663425738655
170.5085790157318,9.461449442653889
170.5116515159607,9.456135082554242
170.51358246803284,9.450572351256191
170.5162878036499,9.44471712178092
170.74244809150696,9.438483754257517
170.74537563323975,9.432159439088657
170.74737548828125,9.42586626119802
170.75039434432983,9.419846590143637
170.75181031227112,9.414150946290135
170.94480848312378,9.408418403530193
170.9478280544281,9.403023410823877
170.94982767105103,9.397954916490367
170.9528260231018,9.393064124273684
170.99129104614258,9.388605486439655
171.2427191734314,9.383915994178158
171.24471640586853,9.379072767093458
171.24671912193298,9.374535802733348
171.24803829193115,9.370058458823049
171.25029802322388,9.364977442112924
171.44332647323608,9.359146409997992
171.44424438476562,4.330791679253477
171.4452440738678,4.329570030078773
171.4462432861328,4.328926048855523
171.49044704437256,4.329229442812295
171.70566368103027,4.330035199987827
171.70840454101562,4.33144587307126
171.70973181724548,4.333157268429282
171.71179246902466,4.33514281904691
171.74130773544312,4.337537521164611
171.94434881210327,4.3397589780776675
171.94727659225464,4.341802145720999
171.9492781162262,4.343405483741872
171.9521930217743,4.345227356185507
171.990305185318,4.346841044580075
172.1935749053955,4.348070933296258
172.20257377624512,4.348940121032493
172.2035732269287,4.349576824694619
172.20556831359863,4.349710322193292
172.24019122123718,4.349543532587649
172.4416320323944,4.3496138371420825
172.442631483078,4.3493743237357805
172.4436309337616,4.348891771517775
172.4446349143982,4.348776690609892
172.49076175689697,4.348330697505842
172.69118118286133,4.348358080654939
172.69309759140015,4.348096980871604
172.6940939426422,4.34802995902248
172.69509863853455,4.347908355424384
172.89858984947205,4.347619942330685
172.90060019493103,4.347042797232252
172.90266370773315,4.346109030588734
172.9045934677124,4.344631578232461
173.0947563648224,4.343269504286981
173.09775042533875,4.342619354209148
173.09875178337097,4.341943849892082
173.10075521469116,4.34181671812829
173.1409363746643,4.341970090507365
173.34395480155945,4.342431295217191
173.34695434570312,4.343500417829029
173.34995651245117,4.344882554684317
173.35195660591125,4.346485734690224
173.39119696617126,4.3488067841850695
173.5942895412445,4.351451748002291
173.59529161453247,4.354601659748484
173.59730076789856,4.358181815837926
173.59929132461548,4.36239130620165
173.64090704917908,4.366962874204254
173.8438003063202,4.371859480995499
173.84579944610596,4.377155333653801
173.84880113601685,4.382534731434619
173.85086750984192,4.388716129838719
173.88885879516602,4.395135221866983
174.10055470466614,4.402058011418976
174.10154461860657,4.409268006908936
174.10247778892517,4.417181323738597
174.10247778892517,4.425430230301351
174.2930281162262,4.43363249922646
174.29502415657043,4.4418160608253965
174.29802250862122,4.450195101666597
174.30013394355774,4.458650105842534
174.49455618858337,4.467280224972746
174.49755573272705,4.476032018878393
174.49981307983398,4.484904924048259
174.50245666503906,4.493865746352114
174.54127979278564,4.503039914383875
174.7446527481079,4.5126649943637025
174.74692058563232,4.5222816735009905
174.7499167919159,4.532004239661036
174.7529261112213,4.542574234749483
174.78952717781067,4.553714866487547
174.99340677261353,4.565192572679116
174.99440932273865,4.577269984936089
174.99540853500366,4.590190699209783
174.99540853500366,4.602919358765825
175.04084944725037,4.616272296518602
175.25860905647278,4.629718428721802
175.26124262809753,4.643268869680661
175.2627730369568,4.657103643741879
175.2651469707489,4.67085028384965
175.29147672653198,4.684896476808632
175.4932610988617,4.698436494788434
175.49625754356384,4.711760342949426
175.49825954437256,4.725361267139227
175.5002601146698,4.738444669182145
175.53933429718018,4.751717183809738
175.74381852149963,4.764771612681242
175.74589276313782,4.777535664390996
175.747820854187,4.790260602845027
175.7498161792755,4.803333568612626
175.94352459907532,4.8166005203186115
175.94768452644348,4.829842233676244
175.9496841430664,4.842926392917526
175.95268392562866,4.855874954099128
176.14532208442688,4.868722236223204
176.14780712127686,4.88190145422489
176.15027904510498,4.894543905787306
176.15327763557434,4.90722662929837
176.19113755226135,4.919495833626674
176.407288312912,4.931208094751303
176.410258769989,4.9427421348041
176.4123284816742,4.953754995209292
176.4152536392212,4.964106723795105
176.44124579429626,4.974554049245527
176.64489245414734,4.984269312015237
176.6468870639801,4.993310776677864
176.649888753891,5.002643183480607
176.65188455581665,5.011944228627096
176.69054579734802,5.021367637392799
176.8924901485443,5.029945920732349
176.89341473579407,5.038731035377763
176.89441084861755,5.047664003260981
176.89541172981262,5.056315218316448
176.94142985343933,5.064752891048385
177.14423537254333,5.07270899029031
177.1472361087799,5.0804613642710175
177.14923524856567,5.087797079012274
177.15123200416565,5.094865092991643
177.1899242401123,5.1011197406006
177.3920977115631,5.106853183717662
177.39468359947205,5.112253677389747
177.39749145507812,5.11714722179854
177.39943408966064,5.121681687637815
177.60890746116638,5.1255110479894155
177.61191058158875,5.128992214782631
177.61391067504883,5.13220140843928
177.6169090270996,5.1352084504974265
177.79430317878723,5.137659783483358
177.79728722572327,5.139497999563938
177.80029129981995,5.140923076036664
177.80220890045166,5.141824986191321
178.043208360672,5.142057161459694
178.04521250724792,5.142098803573297
178.04820919036865,5.1414470019542815
178.05070185661316,5.1407445405606165
178.0527045726776,5.139608964617864
178.29227828979492,5.137946380649345
178.29427909851074,5.13619928199368
178.29627537727356,5.134178702348026
178.2972753047943,5.1319641500089554
178.29927921295166,5.129522973174241
178.49400067329407,5.127001157578062
178.49701166152954,5.1243322486168505
178.5000901222229,5.12144643686425
178.50311279296875,5.118563830362562
178.71009612083435,5.115436847696873
178.71219730377197,5.111997705660698
178.71327924728394,5.108363591762471
178.71527791023254,5.10443999260733
178.74103808403015,5.100085721913664
178.9435157775879,5.095670675537027
178.94451260566711,5.090823804088761
178.9455122947693,5.085550269619845
178.9465126991272,5.080000969655181
178.99065971374512,5.074224587677012
179.19438886642456,5.0683496067677565
179.19638442993164,5.062281923518937
179.19938921928406,5.056025095695884
179.202383518219,5.049643944686445
179.24111914634705,5.0430347341673185
179.4433720111847,5.036294477601464
179.44565343856812,5.02942796812321
179.4477915763855,5.02235279742655
179.4507884979248,5.014917900962852
179.692298412323,5.007239645688312
179.69529795646667,4.999352694869138
179.69729781150818,4.991231916685732
179.6992928981781,4.982988839741013
179.7012984752655,4.97454874260521
179.90708422660828,4.965651137518599
179.9080846309662,4.956588612414963
179.9080846309662,4.947494197310439
179.90908455848694,4.938210573048905
179.94044613838196,4.9287605389679205
180.14164924621582,4.919126152622336
180.1426486968994,4.909448833789986
180.14464855194092,4.899530829013116
180.14572286605835,4.889528814828896
180.39436674118042,4.879315423144482
180.3964807987213,4.86868217002024
180.39742517471313,4.8576096173038215
180.39993119239807,4.846201711492964
180.40092515945435,4.834366095129418
180.44157814979553,4.822245882724443
180.69182896614075,4.809894072969977
180.69484281539917,4.797302474301495
180.6968412399292,4.784391217596337
180.69884061813354,4.771275709237379
180.70084023475647,4.757853928595103
180.89314556121826,4.744160022316046
180.89614272117615,4.730167350668525
180.89815664291382,4.71588243806064
180.900151014328,4.701228314562116
181.14499235153198,4.68627165164802
181.14611172676086,4.671217215851884
181.1469931602478,4.656138158889866
181.14899325370789,4.640911337635456
181.14899325370789,4.625745524182584
181.34504437446594,4.610679588488008
181.3470435142517,4.59563830808603
181.3490424156189,4.580748807076665
181.35104417800903,4.566054699821141
181.3914794921875,4.5515233301748985
181.59505796432495,4.537287954797566
181.59812784194946,4.523265402624491
181.6000611782074,4.509507482932908
181.602055311203,4.496070217473991
181.64130401611328,4.482508152384336
181.84347128868103,4.468812889112048
181.8465371131897,4.455106687301115
181.848473072052,4.441502926421476
181.85054278373718,4.427794542238455
182.09119701385498,4.414098937274615
182.0925416946411,4.400217327441742
182.09354615211487,4.386351025693397
182.09354615211487,4.372494317624496
182.0951840877533,4.358843622433465
182.14006066322327,4.345342522865667
182.34595012664795,4.331896436342639
182.34694862365723,4.318503027147222
182.34794878959656,4.305211939302672
182.34806203842163,4.291984471074357
182.5432629585266,4.278817857379867
182.54426407814026,4.265751349764098
182.544819355011,4.252678296597361
182.54582452774048,4.23969175075305
182.59149718284607,4.22671763536165
182.79481744766235,4.213895099243455
182.79781937599182,4.2010817216201515
182.79985189437866,4.1882907041689466
182.8028748035431,4.175589669962615
182.8419599533081,4.162975704932071
183.04515647888184,4.150529832115948
183.04808950424194,4.1380066665327195
183.05064058303833,4.12573185729641
183.052574634552,4.113577135251586
183.0915379524231,4.1015878109207575
183.29359006881714,4.0897885207161515
183.2965931892395,4.078266492683383
183.29867267608643,4.06689135926207
183.30059266090393,4.05581148241264
183.3399956226349,4.045130648107271
183.54591631889343,4.034901393368583
183.54626727104187,4.025104971475196
183.54729008674622,4.015635815854156
183.5482883453369,4.006495964327885
183.59131932258606,3.99757338036481
183.7450761795044,3.98889288187629
183.7470760345459,3.98045130527732
183.75007557868958,3.972342532639781
183.79100155830383,3.9645026046398417
183.99400758743286,3.9568640038547502
183.99699759483337,3.9494237832102383
183.99799966812134,3.9423646406348904
184.00046682357788,3.9357221800749036
184.03929591178894,3.930089829388603
184.2444338798523,3.926082474422851
184.24738192558289,3.9233763085486846
184.2489686012268,3.9214054477728015
184.25198769569397,3.919718652723277
184.29029488563538,3.918172164962084
184.49321794509888,3.9169236013647444
184.49621963500977,3.915793029694347
184.49821853637695,3.9147261611955795
184.50022292137146,3.913779562761146
184.70599246025085,3.9129343119678417
184.70900774002075,3.9120846471032773
184.71111679077148,3.911312813540252
184.71341705322266,3.9106998559195394
184.73911213874817,3.9102614079972318
184.94404935836792,3.9100346622316673
184.94504928588867,3.9101316841775895
184.94604921340942,3.9105766400023216
184.94704794883728,3.9110962226671466
184.99109959602356,3.911631712655472
185.19369769096375,3.912181196792205
185.19563031196594,3.912673647335199
185.1976296901703,3.9131352335088163
185.1996293067932,3.9133232537365377
185.2401750087738,3.9132646966406597
185.39447736740112,3.912791901594285
185.39540195465088,3.912005792705494
185.39639902114868,3.9111071082885682
185.44109082221985,3.9098065216004922
185.6446568965912,3.9080839683340893
185.64665365219116,3.9062695912839502
185.64865899085999,3.9046920588412872
185.65199971199036,3.9030035717022487
185.69079160690308,3.90163606452032
185.95325350761414,3.9011074865405275
185.95525479316711,3.9012539286315358
185.95732069015503,3.901755298633596
185.95825362205505,3.9032701435352397
185.9602494239807,3.9052859389467947
185.98933124542236,3.908008315223576
186.19441604614258,3.9113892219718167
186.19760394096375,3.9159235706888036
186.19953155517578,3.9206321431608098
186.20252299308777,3.925808683984121
186.24187397956848,3.931555952784011
186.44524598121643,3.9380446315674953
186.447247505188,3.9455944099378044
186.4503185749054,3.9538009857261827
186.4532446861267,3.9625638569498944
186.48974561691284,3.9714494701644796
186.69400310516357,3.980137627738548
186.69600176811218,3.9885485476087608
186.69900107383728,3.9963462717601566
186.70000100135803,4.004022081027266
186.89463567733765,4.011995020382006
186.89763021469116,4.019714542330974
186.89963150024414,4.027660599520698
186.90263152122498,4.035943062565492
186.94162511825562,4.045156278268122
187.14812231063843,4.055293457980034
187.14907360076904,4.065753261932024
187.1500735282898,4.07699618244416
187.15107536315918,4.088673703622827
187.1902379989624,4.1007435114414985
187.39183688163757,4.112741656943572
187.39428567886353,4.125719306768076
187.39633893966675,4.139188759288903
187.39963507652283,4.15298409745682
187.59311079978943,4.166788349727678
187.59518671035767,4.180872901154105
187.59610772132874,4.19512889209518
187.59741234779358,4.209944190417316
187.6411964893341,4.2255081314517815
187.84397983551025,4.241869180598928
187.8469021320343,4.258625073190937
187.8489010334015,4.275694518337804
187.8509066104889,4.29244460196713
187.88964676856995,4.308692419365744
188.0943365097046,4.324425904547929
188.0964171886444,4.339590351756971
188.09834051132202,4.354200361370947
188.10133290290833,4.36869434840615
188.14033317565918,4.383221692339216
188.34826731681824,4.3979686019460225
188.34926772117615,4.412801051472207
188.35127091407776,4.427330822683554
188.3522675037384,4.442076764932245
188.39216685295105,4.456541597504811
188.59152841567993,4.470770600048027
188.59252214431763,4.485100174956292
188.5935218334198,4.498921750318942
188.5938720703125,4.512650654273463
188.6400773525238,4.526702945489642
188.84171223640442,4.540818510084018
188.8427095413208,4.555330280612975
188.84370756149292,4.57028085290582
188.84470987319946,4.58497333467647
189.04272532463074,4.59948823937185
189.04373598098755,4.613261869326687
189.04473614692688,4.626993293959443
189.0467393398285,4.640295318588364
189.09098744392395,4.653902776660902
189.2928032875061,4.667189662240943
189.29564237594604,4.680323270688584
189.29788255691528,4.693566737327936
189.299884557724,4.706700860475518
189.55584502220154,4.720039302679308
189.55884647369385,4.733443848748214
189.5616111755371,4.747149694041706
189.56496357917786,4.76031936040594
189.56703066825867,4.773016248192528
189.79177522659302,4.785031716692027
189.79477500915527,4.79703201296236
189.79677534103394,4.808886245056527
189.79877400398254,4.82004777417124
189.80086064338684,4.830908448367605
189.99262714385986,4.841395995711197
189.99563002586365,4.851263588085226
189.99769973754883,4.86090145887498
189.99963212013245,4.87017903564014
190.24066829681396,4.8795114653503076
190.2416696548462,4.888835952249227
190.2436773777008,4.89783234635193
190.24467611312866,4.906344601155678
190.24567556381226,4.914565320897113
190.49194288253784,4.922686523738371
190.49444842338562,4.930312434579722
190.4954493045807,4.937298271243842
190.49752640724182,4.943962913844868
190.49977946281433,4.950197502952507
190.75338864326477,4.95617370840983
190.75546193122864,4.961866572191465
190.7563898563385,4.967136524723745
190.7583909034729,4.972496730713246
190.7603919506073,4.977605862268365
190.94503140449524,4.982507842253115
190.94810676574707,4.987004960277517
190.9500334262848,4.991320261736419
190.9520320892334,4.995021881526134
190.9920313358307,4.998791587528531
191.2413682937622,5.00233836695949
191.24329590797424,5.00563217348561
191.24637627601624,5.008691678957717
191.2482945919037,5.011887165411848
191.25130081176758,5.014610096111209
191.44418811798096,5.017194313170485
191.4471845626831,5.019641431535924
191.44918203353882,5.021883384759877
191.45218348503113,5.0239408102389795
191.49076008796692,5.025752928815628
191.69128489494324,5.027475323865823
191.69228649139404,5.029233750851343
191.69328594207764,5.030518055157429
191.6942846775055,5.031632422826447
191.95697474479675,5.0324538201203906
191.95897483825684,5.033055188769194
191.96097707748413,5.033201398742733
191.9629738330841,5.033363102583376
191.9651186466217,5.033511846244396
191.99015402793884,5.033434320594277
192.1922299861908,5.033369585078536
192.1945333480835,5.033584593335205
192.19652938842773,5.0338592497499635
192.19952869415283,5.033901989765355
192.39370107650757,5.034021512507724
192.39680218696594,5.034025580099848
192.39979720115662,5.03373299036519
192.40209531784058,5.033337807082237
192.44072818756104,5.033000503188038
192.6435308456421,5.032430745810977
192.64553380012512,5.0320291971563345
192.64753413200378,5.031739215962701
192.64953565597534,5.031447347238499
192.68910121917725,5.031106448631996
192.89283299446106,5.030687086799437
192.89483213424683,5.030517459448245
192.8958339691162,5.030222514123827
192.8968324661255,5.029895628257062
192.94003582000732,5.029384421092239
193.14817547798157,5.028902923595807
193.1491048336029,5.028575140950951
193.1501030921936,5.02807584203259
193.1511037349701,5.027748926262943
193.19044184684753,5.027665092022975
193.3939507007599,5.027535670529164
193.3969657421112,5.0276767815507055
193.39896321296692,5.027790948357681
193.40196752548218,5.028065595678541
193.44139647483826,5.0282809465086356
193.6438341140747,5.028299227213483
193.64579153060913,5.028161976807795
193.64903688430786,5.02807571228519
193.65104341506958,5.027852516019504
193.94281339645386,5.027491760560748
193.94481372833252,5.026919994341659
193.9478120803833,5.026275722515335
193.9498119354248,5.025568603798406
193.9527130126953,5.024520464816889
193.9557147026062,5.023467654163398
194.14307475090027,5.022331125615819
194.14607453346252,5.021209069738036
194.1480736732483,5.019844518210131
194.15707421302795,5.018390471741932
194.18914699554443,5.016869898262842
194.44227290153503,5.015288878063219
194.44488716125488,5.0136880771299985
194.44688415527344,5.012163099428783
194.44988322257996,5.010599248968194
194.4528820514679,5.008918586348292
194.69432616233826,5.0071993727522575
194.69618678092957,5.005379380809787
194.69918870925903,5.003825442950992
194.70119261741638,5.002274009398415
194.70418787002563,5.001070069583708
194.74054956436157,4.9998745789779875
194.94434571266174,4.999307170659374
194.94736790657043,4.998961252653185
194.94934821128845,4.99894479431532
194.95234417915344,4.999035841299066
194.98976683616638,4.99939031583784
195.19526839256287,4.999989059101875
195.19626808166504,5.0006654733825044
195.19626808166504,5.001286215642756
195.1972782611847,5.001994368668273
195.39500737190247,5.002599381899862
195.39800834655762,5.00302331608506
195.39933824539185,5.003000223446121
195.40135645866394,5.002545009670973
195.43973684310913,5.0020641461521596
195.64343643188477,5.0011715844770634
195.6443328857422,5.0000230543160455
195.64633798599243,4.998554335847079
195.6473331451416,4.996813226805005
195.6897850036621,4.994719110204044
195.8918902873993,4.992418192281552
195.8948884010315,4.989943226966225
195.89688754081726,4.987549164453599
195.89888429641724,4.985314277201461
196.14181566238403,4.983193576962535
196.14381456375122,4.981183721730376
196.14614343643188,4.979260804475621
196.14905285835266,4.977365261008442
196.15133666992188,4.975360399118859
196.35065817832947,4.973375893479693
196.3516583442688,4.971401173116216
196.35265731811523,4.969487142844836
196.35298538208008,4.967417234438321
196.54553413391113,4.965176380531913
196.54770421981812,4.962609068812493
196.54971480369568,4.960007648735937
196.5526406764984,4.957201903007845
196.59070205688477,4.954234955661221
196.79412984848022,4.951090415327945
196.7971260547638,4.947933309048825
196.79912495613098,4.944756247630539
196.8021228313446,4.941746450493101
196.83943462371826,4.938956031715416
197.09324097633362,4.936506867089565
197.094881772995,4.934504920007208
197.09653735160828,4.933062188660164
197.09755897521973,4.932070509556181
197.1003270149231,4.931415680140945
197.1397316455841,4.931002148122782
197.34225511550903,4.9309367254942025
197.34426045417786,4.930963143924525
197.34625625610352,4.931038030167138
197.34826231002808,4.931176399430702
197.55690813064575,4.93130630325768
197.5594663619995,4.931420128809171
197.56269240379333,4.931401061820348
197.56530046463013,4.931040165250093
197.59237670898438,13.682547926470443
197.84272933006287,13.687838614531579
197.84475135803223,13.693508509740063
197.84574937820435,13.699362816929185
197.8467481136322,13.705387547367199
197.84874773025513,13.711600609274189
198.04433178901672,13.718054109282578
198.04632759094238,13.72465732247456
198.04971051216125,13.731541623227423
198.05263876914978,13.738571007816338
198.09053206443787,13.746038852553408
198.29548120498657,13.753811716224874
198.29840731620789,13.76204442573885
198.3009295463562,13.770623789744741
198.30285811424255,13.779499261833985
198.34160113334656,13.78867825290536
198.5428969860077,13.797963833565243
198.54589819908142,13.807444619530132
198.54890155792236,13.81693864444337
198.55089688301086,13.82639795525962
198.80512881278992,13.835779329314155
198.80813193321228,13.844896955745124
198.8101291656494,13.853764918933525
198.81312704086304,13.862174471300303
198.81513571739197,13.87014677285997
198.83972215652466,13.877586152603614
199.04318642616272,13.884494517107548
199.04318642616272,13.890814897267152
199.04422879219055,13.896440110515947
199.0451843738556,13.901328480156184
199.0896589756012,13.905499919686324
199.2949526309967,13.908957038169593
199.29776096343994,13.911661312926718
199.2997601032257,13.913652990797742
199.30175805091858,13.915001711369637
199.341157913208,13.91568997282212
199.54243540763855,13.915785660905154
199.54543447494507,13.915294350679432
199.547434091568,13.914248647885282
199.54968571662903,13.9127403940414
199.7904875278473,13.910813036516059
199.79148530960083,13.90854586316886
199.79247975349426,13.906051330670701
199.79247975349426,13.903357411254957
199.7934799194336,13.900605310213422
200.00596284866333,13.897769174188458
200.0088860988617,13.894918148251069
200.0109601020813,13.89208087378619
200.01387977600098,13.88928779191536
200.03908920288086,13.88651967108122
200.2413432598114,13.883783082311561
200.24234056472778,13.881136194595904
200.24234056472778,13.878612583369296
200.24334025382996,13.876156946704882
200.4938099384308,13.87385437426964
200.49581265449524,13.871756612675693
200.49887895584106,13.86983485501382
200.4998164176941,13.86795605131693
200.50080251693726,13.866051855649323
200.54045009613037,13.863979337470305
200.74359512329102,13.861761630042402
200.7465901374817,13.859286953402902
200.74880981445312,13.856436110401164
200.75141406059265,13.853145517754756
200.94525599479675,13.849382841218986
200.94727873802185,13.845101337104278
200.95026206970215,13.840293969558088
200.95226216316223,13.834908792454007
200.99263644218445,13.828908015971196
201.25417971611023,13.822254334607837
201.2551794052124,13.814931061349425
201.25718212127686,13.806901724606751
201.25909042358398,13.798201761861456
201.2600860595703,13.788923223998667
201.29113245010376,13.779085086884443
201.49333262443542,13.768708653171153
201.49537467956543,13.75781737510872
201.4984667301178,13.74647977643523
201.50039625167847,13.73470485985986
201.69268774986267,13.722588075297072
201.6936902999878,13.710108455499169
201.6946918964386,13.697346808132881
201.69569063186646,13.68421680730916
201.74082922935486,13.670780718593388
201.9432532787323,13.657107977705698
201.94417881965637,13.643062509638996
201.94648909568787,13.628810245405392
201.94727039337158,13.614212838384875
201.98999881744385,13.599386918408603
202.19341850280762,13.584323687376457
202.19644165039062,13.569177021647256
202.199401140213,13.553804979853599
202.2014036178589,13.538276700578505
202.23839902877808,13.52262922983
202.45625400543213,13.506831117264685
202.45825743675232,13.490675502353128
202.45926141738892,13.473799728067604
202.46125674247742,13.456119035668774
202.4903597831726,13.437580000365964
202.69193243980408,13.41791740643307
202.69500160217285,13.397081907168884
202.69693398475647,13.375149008247613
202.6999328136444,13.352000494502875
202.94081950187683,13.327746454577667
202.94189381599426,13.302527547011389
202.94391059875488,13.276296369967364
202.94590663909912,13.249210514709533
202.9479055404663,13.221208247784721
203.1445813179016,13.192624310030364
203.1465060710907,13.163149430257276
203.1496934890747,13.132839785330212
203.15161967277527,13.101585252668192
203.19216108322144,13.069274368082155
203.39301013946533,13.035812116080965
203.39501237869263,13.0010251318561
203.39701175689697,12.964479104824422
203.39900875091553,12.926036225883758
203.43927597999573,12.884726577842613
203.64897298812866,12.833726731856242
203.64993834495544,12.783315613755912
203.65094017982483,12.73399752855578
203.65187978744507,12.685531017007598
203.89425921440125,12.6380134796394
203.89625215530396,12.591668905559732
203.89918565750122,12.546467320032896
203.90118193626404,12.502218888836238
203.90324592590332,12.45924653535198
203.94090867042542,12.417357282382643
204.14410972595215,12.376755609361783
204.1471700668335,12.336938633073796
204.14968585968018,12.298075205088127
204.15160655975342,12.259637021072898
204.1901412010193,12.22172782000535
204.5442214012146,12.184089825481438
204.54621720314026,12.146384293225971
204.54829740524292,12.108575079722945
204.55021953582764,12.070651835355383
204.5512182712555,12.032240686671543
204.55321955680847,11.993497393896035
204.55422067642212,11.954324205542733
204.59304022789001,11.914880555817387
204.85711407661438,11.874892004879774
204.86011624336243,11.834561072616992
204.86211800575256,11.793931691033471
204.8651158809662,11.753043640666148
204.86711502075195,11.71178303417988
204.89051413536072,11.67052672375294
205.09216356277466,11.6292816733647
205.0939199924469,11.587918821732387
205.0959279537201,11.546335214266005
205.0979540348053,11.504661145352365
205.34269666671753,11.462918652740324
205.3456962108612,11.421161220792511
205.34770035743713,11.379374351095276
205.3507044315338,11.337417771172188
205.35269951820374,11.295498065968168
205.5928599834442,11.25361622857752
205.59386038780212,11.21205202686869
205.59485864639282,11.17051972000159
205.59585809707642,11.129214199791836
205.5968577861786,11.088059644764149
205.63968586921692,11.047172636184367
205.79529738426208,11.00658245278534
205.79829668998718,10.966153641078641
205.80029439926147,10.926017908290978
205.84232878684998,10.886101816805063
206.10376286506653,10.846539081196852
206.1047601699829,10.807155281546745
206.10576224327087,10.76823586048994
206.1068136692047,10.729623019510557
206.10875940322876,10.691307968279185
206.2936749458313,10.653458132479205
206.2946813106537,10.615986508614968
206.29567861557007,10.578936389551668
206.29567861557007,10.488597705769829
206.34106159210205,10.165818899262025
206.54414796829224,9.973471262981734
206.54679346084595,9.845802947915498
206.54909253120422,9.754968395231423
206.55108070373535,9.68767571010475
206.59134888648987,9.636319906615906
206.84082674980164,9.595399624251932
206.84182810783386,9.561894357359801
206.84182810783386,9.534077162353533
206.84282684326172,9.510199047278762
206.8438277244568,9.49020076340091
207.04245042800903,9.472635283503024
207.04345059394836,9.457243284044367
207.04345059394836,9.44393321919027
207.04445099830627,9.432007424417636
207.08945059776306,9.421566235725892
207.29445028305054,9.412601770890692
207.29445028305054,9.404851887310597
207.29545092582703,9.398405360137952
207.29645085334778,9.393004884830122
207.54271793365479,9.388599807636423
207.54471731185913,9.38490200859477
207.54643321037292,9.381916763018504
207.54943370819092,9.379523506119689
207.5514612197876,9.37759680091948
207.7458324432373,9.376193047602262
207.74789786338806,9.375041193682527
207.75089812278748,9.373765686500976
207.75326418876648,9.372163804361588
207.7918529510498,9.370203956927194
207.99349403381348,9.367874947278754
207.99556517601013,9.365169041661225
207.9984917640686,9.362067326227796
208.00049090385437,9.358695801407563
208.03992867469788,9.35511678485673
208.24369883537292,9.351284294443593
208.2467017173767,9.347435886274333
208.24969863891602,9.343571773098507
208.25070071220398,9.339714026249654
208.45490837097168,9.335941677461328
208.4578366279602,9.332174554926926
208.46091055870056,9.328213323417577
208.46383500099182,9.324352914545297
208.64395308494568,9.32058811909263
208.64688086509705,9.316934459959368
208.64895677566528,9.313346601396248
208.65187859535217,9.30993431682984
208.6899631023407,9.306744985854097
208.89264488220215,9.303565945311792
208.89457511901855,9.300597846796967
208.89757180213928,9.297831076557067
208.8995749950409,9.295203119442448
209.0944380760193,9.293150109715523
209.0974099636078,9.291434514543598
209.1003565788269,9.290040342168368
209.10336351394653,9.28882286791646
209.14334297180176,9.287740783045468
209.34369659423828,9.286928986556044
209.34469389915466,9.286205771324102
209.34574174880981,9.285515391834632
209.34669399261475,9.284786626438295
209.38976383209229,9.284180892237583
209.60468316078186,9.283675680896408
209.60767602920532,9.283406504376822
209.61005640029907,9.283295255634924
209.61198925971985,9.28337677480917
209.6408281326294,9.283611741504952
209.8434715270996,9.283948418159623
209.84640550613403,9.284474630297442
209.84883832931519,9.285190062910097
209.8518352508545,9.286278584188869
210.09259843826294,9.287650035541144
210.0946011543274,9.289220063821022
210.09758758544922,9.290885642197715
210.09960794448853,9.292595825268126
210.1015236377716,9.294413077525007
210.34412121772766,9.29645976143543
210.34511995315552,9.298597462441515
210.34826612472534,9.300480619895533
210.35119462013245,9.302186172256159
210.35329246520996,9.303825901624686
210.59247589111328,9.30542657624773
210.59481620788574,9.307026304706461
210.59581518173218,9.308628095078817
210.59681272506714,9.310103576098017
210.59781122207642,9.311363114760368
210.854594707489,9.31272305258269
210.85759496688843,9.314156262666613
210.85959434509277,9.315693242075886
210.86159348487854,9.31721213198876
210.8635938167572,9.318484559491578
210.89060068130493,9.319907826825672
211.14211082458496,9.321555779457247
211.14510989189148,9.323196475240174
211.14718222618103,9.325093777221474
211.149108171463,9.326892193896693
211.1511468887329,9.328883692962563
211.34504532814026,9.33083928922301
211.3470492362976,9.333024310702289
211.35044980049133,9.33544392473163
211.35280871391296,9.337770728429296
211.39123344421387,9.340528802721668
211.5945315361023,9.342996361981276
211.59708404541016,9.345804963090867
211.5990858078003,9.348528124264377
211.60108351707458,9.351299652330392
211.64151644706726,9.354228330981545
211.8448085784912,9.356965899869213
211.85024976730347,9.359651882349766
211.85225176811218,9.362397825003447
211.85326075553894,9.365313474982909
211.89837765693665,9.36800758410173
212.09299659729004,9.370769615383107
212.0949969291687,9.373531478707784
212.09708428382874,9.376401875265124
212.09899497032166,9.379163031306902
212.13954138755798,9.381910651622436
212.34380173683167,9.384651572372533
212.3458034992218,9.387496997487524
212.34780359268188,9.390402208820325
212.3508071899414,9.393514610599599
212.59312844276428,9.396844397072696
212.59512853622437,9.400724038168637
212.59812831878662,9.405286820149733
212.6001284122467,9.410107547366453
212.60412907600403,9.415156070151442
212.64012598991394,9.420566642562806
212.84506225585938,9.42632796834021
212.84813690185547,9.432420585409544
212.85005617141724,9.438993590741951
212.8530557155609,9.445913047574651
212.89188075065613,9.453312035188842
213.10344290733337,9.461250752761638
213.10470056533813,9.469464513255552
213.10669946670532,9.478207564624562
213.10869216918945,9.487296565780309
213.14052414894104,9.49700727875758
213.34289932250977,9.507267201758522
213.3459734916687,9.518209314050804
213.34789776802063,9.529955313075133
213.35089659690857,9.54246802109274
213.54341506958008,9.555897479550822
213.54541206359863,9.570579699893878
213.5474135875702,9.586571580881907
213.54941415786743,9.603943855217917
213.58935165405273,9.622837597248331
213.74511909484863,9.643393631784672
213.74611711502075,9.665947364898472
213.74811387062073,9.690455289920703
213.79180526733398,9.717134089846601
213.99394941329956,9.746437294960762
213.99687385559082,9.778336897699303
213.99887824058533,9.813598560196827
214.00187921524048,9.853707810286013
214.0397446155548,9.898996325094556
214.20861864089966,9.951529632478753
214.21155166625977,10.01475974342927
214.21354913711548,10.091377043299781
214.24213194847107,10.18888431023584
214.29016995429993,10.317830558392455
214.49379348754883,10.503230893184053
214.4960494041443,10.574105035586427
214.4980490207672,10.608923826641568
214.4990472793579,10.6452730508674
214.54022598266602,10.683455533768058
214.74364399909973,10.72334120519579
214.7460696697235,10.764792720170199
214.74824476242065,10.807963899879983
214.75023126602173,10.852947938259538
214.79191255569458,10.899489805146219
215.04114723205566,10.947598247852216
215.04229021072388,10.997183060624304
215.04330492019653,11.048013500303632
215.04429745674133,11.099573962177073
215.04429745674133,11.151945441760564
215.08832550048828,11.204756670675295
215.30762147903442,11.25809485552695
215.30961894989014,11.311740117753812
215.31162285804749,11.36553616589205
215.31361961364746,11.419124432060462
215.34161758422852,11.472360761941008
215.5425524711609,11.525151752194612
215.54447722434998,11.57745173272028
215.5475504398346,11.629165844460186
215.5500955581665,11.679789429737607
215.5891034603119,11.729250408900901
215.79073929786682,11.777504549571848
215.79174137115479,11.82462128909211
215.7941870689392,11.87045949478443
215.79618501663208,11.914938762347887
215.9921555519104,11.958187821003278
215.99315643310547,12.000193430263238
215.9946253299713,12.041026152903052
215.99563765525818,12.080757026929302
216.19367003440857,12.119422095142678
216.19566535949707,12.157165031181169
216.1966633796692,12.193967261120646
216.19866943359375,12.22978492945594
216.24095511436462,12.264454882252481
216.2890498638153,12.298011334942464
216.45884919166565,12.330341359610381
216.46077919006348,12.361517000685888
216.46183371543884,12.391543142249617
216.4901659488678,12.420434709879265
216.69066858291626,12.448294294974682
216.69166541099548,12.475160496327767
216.69266605377197,12.501009996313105
216.6940095424652,12.525905089746377
216.89406967163086,12.549701152185843
216.8970651626587,12.57232499989272
216.89900279045105,12.593641372366754
216.9022970199585,12.613491243175167
217.09268808364868,12.631693407598192
217.09468793869019,16.13103040164093
217.09768795967102,16.202321421070707
217.09969091415405,16.265799299565955
217.3433575630188,16.322886592158554
217.34642434120178,16.374914982477247
217.34835863113403,16.42295301299051
217.3503611087799,16.467654811290117
217.35335087776184,16.509500647838085
217.39035511016846,16.54872633152446
217.65700030326843,16.58552545628302
217.65700030326843,16.62003351112061
217.65806937217712,16.65244604910794
217.6590826511383,16.682905936600047
217.6590826511383,16.711428250185502
217.6900942325592,16.738076452814916
217.74008107185364,16.762933901011685
217.94357085227966,16.786114734841153
217.94457244873047,16.807774246646588
217.94557285308838,16.82810515216709
217.9465720653534,16.84731690507406
217.9914526939392,16.865592297938726
218.1918203830719,16.88311183726548
218.1918203830719,16.90000674325028
218.19310569763184,16.916430775417286
218.19310569763184,16.932442464680484
218.23967146873474,16.948040422291648
218.44405150413513,16.96318097358474
218.44605660438538,16.977822162834595
218.4500527381897,16.991901557075924
218.45204401016235,17.005415530809756
218.69658541679382,17.01828053699395
218.6975839138031,17.030438602680157
218.6975839138031,17.04185780945248
218.69858694076538,17.052415505407595
218.69958543777466,17.06206072509928
218.8942403793335,17.070709939577263
218.8973731994629,17.078344864124396
218.9004464149475,17.084948766237364
218.90299916267395,17.090457744882265
218.94007205963135,17.094834197020113
219.14109778404236,17.098073039520447
219.14221620559692,17.100246843527298
219.14221620559692,17.101414102541494
219.143221616745,17.10164518266625
219.3433802127838,17.100974127493274
219.34637999534607,17.099562704517297
219.34837985038757,17.097606393207336
219.35037875175476,17.09527987033265
219.38997411727905,17.092747872299313
219.5934317111969,17.09012166103633
219.59542870521545,17.087593951288056
219.59642791748047,17.085323941541716
219.59843468666077,17.083416255332015
219.64028477668762,17.081962180102693
219.8523383140564,17.08098291193053
219.85526537895203,17.080550775087207
219.85734128952026,17.080635171688115
219.86026763916016,17.081228879907357
219.88926196098328,17.082310563091905
220.09359431266785,17.08387552827333
220.09659337997437,17.085874765302556
220.0985939502716,17.088258250712194
220.10158920288086,17.091005062594625
220.34281086921692,17.094098692124867
220.3438103199005,17.09748814089404
220.34517121315002,17.10116027237274
220.34618091583252,17.10504843903663
220.34718084335327,17.109043182644662
220.59270405769348,17.11304487208916
220.59479117393494,17.116940661581953
220.59672498703003,17.12062230436051
220.59972620010376,17.124066164731126
220.6017255783081,17.127211345970345
220.7944688796997,17.13003696986524
220.79546666145325,17.13248250603394
220.7975630760193,17.134503938492877
220.7990231513977,17.1360258483879
220.8399031162262,17.137004336490563
221.05318212509155,17.13734927116182
221.0561830997467,17.136983750779606
221.05818367004395,17.135821838148676
221.0612497329712,17.133815891561117
221.24528765678406,17.13098241655734
221.2478368282318,17.127377741698922
221.24983835220337,17.123022576320725
221.25209522247314,17.118001860208643
221.29277515411377,17.112326705283866
221.34059238433838,17.10603596326448
221.54254412651062,17.09911633355028
221.54454612731934,17.091586636005587
221.54754376411438,17.08342161542272
221.54754376411438,17.074644475765215
221.7449231147766,17.065273945567373
221.74692463874817,17.055298873898895
221.748925447464,17.044738446903132
221.75015950202942,17.03370589500412
221.789808511734,17.022367423310143
221.99288272857666,17.010831636393902
221.9960548877716,16.999121434681406
221.9990677833557,16.987270729324518
222.00050616264343,16.975282184337086
222.20591974258423,16.96310582042372
222.20892024040222,16.950769614458743
222.21092057228088,16.93818999146091
222.21292066574097,16.925308151670798
222.24091601371765,16.912069193412872
222.4453320503235,16.89847446754935
222.44833374023438,16.884531725718002
222.45033264160156,16.870293619429557
222.45135045051575,16.855845288485355
222.49033045768738,16.84117241044971
222.6951539516449,16.826378902633632
222.69717121124268,16.81142169038014
222.6991765499115,16.796259436069512
222.70117163658142,16.780749770413852
222.73941326141357,16.764776177432566
222.8936665058136,16.748262676634926
222.89566612243652,16.73108117441537
222.89773654937744,16.71309056698937
222.94166946411133,16.69420240899441
223.0952980518341,16.67429281565478
223.09798860549927,16.65338021423303
223.1000051498413,16.631438877956658
223.14068984985352,16.608280623876027
223.35260772705078,16.58400481584729
223.35554885864258,16.558546155314776
223.3585274219513,16.53191654644644
223.36052823066711,16.50417276034578
223.38980865478516,16.475321478167892
223.59292030334473,16.445393492302497
223.59501004219055,16.41451973035686
223.59663462638855,16.382744516986058
223.59758234024048,16.35007335037894
223.7932903766632,16.31686850069546
223.79429268836975,16.28304062599042
223.7952904701233,16.248780870409398
223.79629015922546,16.214304382763512
223.84063720703125,16.179725438069188
224.0441746711731,16.145249162091798
224.04718279838562,16.11099371174776
224.04910707473755,16.077103193830187
224.05110836029053,16.043694216074876
224.29348063468933,16.010805008121295
224.29546809196472,15.978511053955536
224.29747247695923,15.946746720571905
224.30034399032593,15.915672446060613
224.30249977111816,15.885175445162913
224.3407142162323,15.855229167631403
224.54980325698853,10.835661003216616
224.55080318450928,10.883040134692287
224.55180668830872,10.928045774708389
224.55280566215515,10.970361289526307
224.5911102294922,11.010275121724025
224.79353046417236,11.048230197232742
224.79553174972534,11.084449779531589
224.79753184318542,11.119012979310545
224.79953145980835,11.151578081659295
225.0429446697235,11.18288798701177
225.04601335525513,11.212193360121818
225.04795241355896,11.240446974513162
225.05094599723816,11.266841857023376
225.05302906036377,11.292490011405063
225.09009432792664,11.316653988021642
225.29292941093445,11.339690289672166
225.29600024223328,11.362467704695911
225.29901432991028,11.385258811274852
225.30192923545837,11.408280847740674
225.54113245010376,11.43181483399774
225.54313278198242,11.456086963265236
225.54313278198242,11.481701408376756
225.54412698745728,11.509475464402392
225.5451261997223,11.535724523641528
225.80513834953308,11.562274746937925
225.8062903881073,11.588580682721693
225.80870699882507,11.614681950378111
225.81009554862976,11.64017560995751
225.812353849411,11.664986244633146
225.9933421611786,11.6900271926098
225.99534058570862,11.715561575281887
225.99634385108948,11.741507349748868
225.99734115600586,11.765935696689837
226.2433409690857,11.791567278220223
226.2453556060791,11.816604472874346
226.247389793396,11.843184715715912
226.24838829040527,11.869128314735924
226.25039219856262,11.89300446460524
226.29062747955322,11.917035189830093
226.49402523040771,11.94320791806201
226.49702763557434,11.966957520645924
226.49909853935242,11.989859230454893
226.50202417373657,12.013369730464282
226.69570231437683,12.035813766988637
226.6976900100708,12.056952279271881
226.70062637329102,12.0767852703252
226.70263290405273,12.097204446326424
226.74115252494812,12.118711910697156
226.94900274276733,12.13623172173794
226.95000433921814,12.1526377462528
226.95000433921814,12.168005771113032
226.95100331306458,12.18214663062581
227.1919240951538,12.196665831143575
227.19391512870789,12.21198144366269
227.1948471069336,12.228536050321653
227.1968457698822,12.246534003164232
227.1981418132782,12.266117004715698
227.2404682636261,12.286094009640479
227.44354891777039,12.306587102394246
227.44562792778015,12.328170089829491
227.44757342338562,12.351456764730901
227.45054936408997,12.37542534158746
227.6916115283966,12.398767568364855
227.69261240959167,12.422138826371894
227.69361186027527,12.443929906492924
227.69361186027527,12.462302115309098
227.69461131095886,12.475375572345959
227.73993754386902,12.481567234760398
227.94142198562622,12.479253768875452
227.9434187412262,12.469609482371958
227.94541430473328,12.453458918812236
227.94742155075073,12.43230953885108
228.15432500839233,12.406650512213226
228.15527534484863,12.378227358474177
228.15626764297485,12.350379095782875
228.1572723388672,12.321822337044024
228.19172763824463,12.294030703596306
228.39548683166504,12.26679637643311
228.3974838256836,12.240358699854424
228.40061450004578,12.215041232606366
228.40256333351135,12.19125830485498
228.44231867790222,12.170038609996606
228.6446509361267,12.150882742359341
228.64665603637695,12.133894991961604
228.64965629577637,12.119028410403235
228.65165638923645,12.106469725013643
228.69032430648804,12.095896800660308
228.89432573318481,12.087093993503943
228.89532279968262,12.079714657398583
228.89632105827332,12.073174542929571
228.8973217010498,12.066821860295413
228.93973565101624,12.06030798826721
229.14337134361267,12.053051773252442
229.14544320106506,12.044958207025596
229.14637184143066,12.03598638327384
229.14737129211426,12.026061869737033
229.20224690437317,12.01492461565247
229.39336347579956,12.003027034952757
229.39534258842468,11.990736375920612
229.39834547042847,11.978554316164338
229.40098237991333,11.966681025890741
229.595312833786,11.95524760075499
229.5963113307953,11.94440525573973
229.5983145236969,11.934164005795884
229.60031080245972,11.924439796810193
229.63893961906433,11.915059384580053
229.84332513809204,11.906014934080314
229.8452274799347,11.896942655033033
229.84722781181335,11.887745732009451
229.84963822364807,11.878247837163764
230.0444576740265,11.868392769695173
230.046377658844,11.857939869618226
230.04838252067566,11.846919169951335
230.05137991905212,11.835364545029206
230.08925604820251,11.823367118653593
230.305762052536,11.811216725471258
230.3087661266327,11.799062944124966
230.31076216697693,11.78685226327611
230.31384134292603,2.6688807331358055
230.5432994365692,2.7068790717436633
230.5462944507599,2.7469928629614317
230.5482940673828,2.7894307830635685
230.55129313468933,2.8347256961099823
230.5522973537445,2.8819790828350493
230.79284119606018,2.9319157732768186
230.79476642608643,2.984361868322638
230.79722094535828,3.0394747344496063
230.79928040504456,3.097027703028438
230.80224752426147,3.157173563506872
230.83840918540955,3.2198129302194367
231.0402271747589,3.2847512302290456
231.04114866256714,3.3514159245459942
231.0421483516693,3.4199473737103165
231.0421483516693,3.489819528596214
231.24201083183289,3.6049041705126257
231.24296307563782,3.726576916301795
231.24396300315857,3.831099184969386
231.24396300315857,3.920263308054568
231.49706077575684,3.9983857107005716
231.49805641174316,4.065779117154689
231.49805641174316,4.125004488847354
231.49906420707703,4.177445162851326
231.50005507469177,4.223584913718474
231.540052652359,4.264618664921408
231.74205470085144,4.301015090032248
231.74305510520935,4.33364768978117
231.74405574798584,4.363062855705727
231.7450556755066,4.389640491976808
231.7880563735962,4.413666953396787
231.94262385368347,4.435630884224286
231.94362330436707,4.455829716226676
231.94462323188782,4.474290401919319
231.98962497711182,4.491379584421889
232.19244289398193,4.507205848235965
232.19343781471252,4.521907292443597
232.19343781471252,4.535432880493441
232.19443893432617,4.548193448981008
232.24090576171875,4.560269187513691
232.44185757637024,4.5718421481333325
232.44282388687134,4.5833635557463825
232.4438362121582,4.5942468983735
232.44478583335876,4.6048774746019285
232.65126156806946,4.615406659603447
232.6523187160492,4.625492930457962
232.65432810783386,4.635059737927206
232.65525913238525,4.6441669209617675
232.6912534236908,4.653031890032488
232.9409260749817,4.661389575725391
232.9409260749817,4.669576520835654
232.94192600250244,4.677353829939118
232.94192600250244,4.6847056957083
232.94292616844177,4.691966510290457
233.1431519985199,4.6989004142226145
233.14436411857605,4.70558746984809
233.1463749408722,4.712151540957354
233.14737725257874,4.718549192126638
233.1904535293579,4.724850852179272
233.39103174209595,4.7310325509874644
233.3920328617096,4.7370675401730535
233.3920328617096,4.743015711049704
233.39303278923035,4.748963126338641
233.6415901184082,4.754882846820966
233.64259243011475,4.76083237941428
233.6435878276825,4.76667634651759
233.64459681510925,4.772406255266921
233.64565563201904,4.7780346260239925
233.69430255889893,4.783494740200933
233.8412356376648,4.788774701530439
233.84224843978882,4.793778098319699
233.84224843978882,4.798525549134374
234.04531240463257,4.803014228262682
234.04732370376587,4.807246235019948
234.04824233055115,4.81123120958983
234.05024123191833,4.814942496122945
234.09324073791504,4.818464230490365
234.29431986808777,4.821771227540523
234.29624819755554,4.824845393796345
234.29723596572876,4.8277080261216865
234.29823637008667,4.830346304321699
234.34124279022217,4.832784629621259
234.59531617164612,4.835090547928217
234.59732341766357,4.83721786959665
234.59932208061218,4.839264702612904
234.60132360458374,4.841311340906594
234.60424375534058,4.84328717234748
234.6412489414215,4.845241142143939
234.85448718070984,4.84724613673793
234.85751366615295,4.849291486321298
234.8594470024109,4.8514190594512625
234.86144423484802,4.853710639864065
234.89043354988098,4.856165022638643
235.0898621082306,4.8587425610302
235.09184193611145,4.861514432314926
235.09184193611145,4.864445094369993
235.09278321266174,4.867500985001865
235.29407691955566,4.87067322112102
235.29407691955566,4.873971806809543
235.29507541656494,4.87741451564292
235.29507541656494,4.881053917360416
235.3420844078064,4.884862870800814
235.544273853302,4.888819844271129
235.54629492759705,4.892917778986159
235.54827308654785,4.897113500511987
235.55035305023193,4.901367810752971
235.58965253829956,4.905520799222468
235.84074115753174,4.909570222730079
235.84173893928528,4.91343544027332
235.84268069267273,4.917274552584497
235.843688249588,4.92117914664919
235.843688249588,4.925094180725269
236.05484557151794,4.928909459586024
236.057936668396,4.932801400951903
236.05993151664734,4.936661085663948
236.06285333633423,4.94059095264441
236.24489641189575,4.9445406141500365
236.24689388275146,4.94857563700839
236.24989557266235,4.952798253373317
236.25190114974976,4.957149047877638
236.29081392288208,4.961651140292731
236.49556493759155,4.9663500895156085
236.49754905700684,4.971197223750065
236.50055050849915,4.976290042000695
236.5015594959259,4.981478667592167
236.54299879074097,4.986730081089262
236.59193015098572,4.991908233611888
236.7938117980957,4.997129019132853
236.79681539535522,5.002307967202287
236.79881525039673,5.007593807835994
236.80181217193604,5.0127454267960765
236.83980584144592,5.017802491027734
237.045095205307,5.022838210875388
237.04709553718567,5.027884342435285
237.04909133911133,5.032913200308324
237.051096200943,5.037955081768585
237.1010925769806,5.042916728779447
237.14109683036804,5.047908313890798
237.39314603805542,5.052814251015024
237.39409065246582,5.057623593309807
237.39509105682373,5.062329186202141
237.39709281921387,5.066785698090966
237.3981795310974,5.071028959857338
237.44108533859253,5.074991971415346
237.64310145378113,5.078815645062291
237.64517092704773,5.082426862078057
237.64615321159363,5.085807330521442
237.64717435836792,5.089054725991469
237.84309005737305,5.091999917582848
237.84408903121948,5.094951358691392
237.84508895874023,5.09771262025771
237.84608912467957,5.100347359152979
237.89109349250793,5.102859258712932
238.0950973033905,5.1052976553095615
238.09716987609863,5.107767805129573
238.0991473197937,5.110194602528563
238.10909962654114,5.112491214248957
238.3434591293335,5.114727304097897
238.3454613685608,5.117186270075733
238.3474657535553,5.119655783590416
238.3484547138214,5.122284165057084
238.3504602909088,5.12498884001477
238.5454659461975,5.1275785888445755
238.54954552650452,5.130099747154764
238.55248546600342,5.1323825619596475
238.5555386543274,5.134513892622228
238.59045553207397,5.13655613073537
238.79360675811768,5.138607253128502
238.7956030368805,5.140766795633283
238.7975947856903,5.143078328702663
238.79959630966187,5.1453169613610426
238.84159064292908,5.147606764150079
239.04326391220093,5.15018741387574
239.04326391220093,5.152851881491165
239.04427528381348,5.155775395852129
239.0452642440796,5.158988656552333
239.0912652015686,5.162463220829205
239.3074152469635,5.165971255322935
239.311505317688,5.169527432660244
239.31348180770874,5.173159434449919
239.31649494171143,5.176856675084426
239.34241127967834,5.180790692415272
239.3905656337738,5.18474299369613
239.64172101020813,5.188394967104583
239.64365553855896,5.191926326865842
239.6446876525879,5.1951580338789745
239.6456549167633,5.198071709480625
239.64765405654907,5.200520327851024
239.84457421302795,5.202306483075077
239.84457421302795,5.203629934620796
239.84592485427856,5.2044611794200355
239.84704208374023,5.204773954556161
239.8898115158081,5.2045214324464535
240.0920696258545,5.203632371403312
240.09307050704956,5.202022370501432
240.09407114982605,5.199695177934587
240.09407114982605,5.196506059198061
240.14007592201233,5.192765232764198
240.29527068138123,5.188472239742124
240.2979691028595,5.183425961642825
240.2996220588684,5.177972802900712
240.34764313697815,5.172153328502127
240.54442048072815,5.165581910218864
240.5468156337738,5.158359568382493
240.5492947101593,5.150764985724169
240.55031180381775,5.142805868010015
240.7928740978241,5.134407258526387
240.79386806488037,5.1256027710010335
240.79586958885193,5.116643217902713
240.79887533187866,5.1074794693055825
240.8008782863617,5.097934805154541
241.0422546863556,5.088055843106685
241.04325699806213,5.077808192740699
241.04425048828125,5.06725517836715
241.04825353622437,5.056306523748413
241.05025935173035,5.04510986613306
241.29382395744324,5.033641015624212
241.29581928253174,5.021971785392658
241.29681754112244,5.010226969431637
241.29781794548035,4.998406520038273
241.29881596565247,4.986557208157183
241.55489587783813,4.974707211913405
241.5569007396698,4.962822517248388
241.55982279777527,4.950951508072112
241.5618245601654,4.939223054233059
241.56392002105713,4.9275316976325
241.59082555770874,4.915849779290122
241.79181957244873,4.904234430847942
241.79281544685364,4.89277323422311
241.79381847381592,4.881345137078329
241.7958173751831,4.869928887818839
241.99385738372803,4.85846037869656
241.9947850704193,4.846872307778598
241.99685430526733,4.835088431042583
241.99786472320557,4.82321185205567
242.04186463356018,4.811320085923671
242.24533796310425,4.799287683108091
242.2483265399933,4.787190335168868
242.25133156776428,4.77502649445334
242.2542600631714,4.762815782392437
242.291330575943,4.7505582561381
242.49224972724915,4.738322405616775
242.49425077438354,4.726071203797774
242.49525046348572,4.7138356989763395
242.49724888801575,4.701536266860673
242.74690866470337,4.689190040725732
242.74790787696838,4.676813368603083
242.74890780448914,4.664442707754852
242.7499144077301,4.652113485616344
242.7499144077301,4.639842512826879
242.79051733016968,4.627643566052476
242.993097782135,4.61550990659209
242.99409532546997,4.603462480895458
242.99509477615356,4.591504658713804
242.99609422683716,4.579643575379465
243.03909611701965,4.567866704381661
243.24359798431396,4.556163786497716
243.24459075927734,4.544501693703506
243.24559998512268,4.532865969280901
243.24559998512268,4.521261463253864
243.29056191444397,4.509701691848451
243.49313592910767,4.498175997999384
243.4962077140808,4.486701888586743
243.50020241737366,4.475290545577105
243.50422263145447,4.463997398453321
243.53919911384583,4.452787249381666
243.74330925941467,4.441710164627429
243.744309425354,4.4307832606251045
243.74631643295288,4.419996748458979
243.75931024551392,4.409410889167918
243.79051613807678,4.399062890242215
243.99305629730225,4.388980844029586
243.9950578212738,4.379192367617995
243.997056722641,4.369707726419821
244.00005674362183,4.360622593284857
244.19446182250977,4.351971099142003
244.1964626312256,4.343833513389821
244.19746255874634,4.336295364268146
244.19946146011353,4.3294213097750625
244.2395408153534,4.323240794312237
244.49417638778687,4.317789323748171
244.4961633682251,4.313083257996439
244.49809074401855,4.309038729663055
244.50009179115295,4.305645194238264
244.5020875930786,4.302880788336107
244.54008626937866,4.300746879217532
244.80096054077148,4.299225713426794
244.8039572238922,4.298300269182418
244.80696082115173,4.297953906792495
244.80995917320251,4.298163978175835
244.81196665763855,4.298885271972342
244.99421763420105,4.300075405882561
244.99614477157593,4.301700089942233
244.9991397857666,4.3036970631896105
245.00114226341248,4.306002171001783
245.04122686386108,4.308518822542837
245.09021925926208,4.311105665320458
245.34377002716064,4.313752461195783
245.3447871208191,14.640915782121423
245.34581422805786,14.612963929728288
245.34676790237427,14.58452368603047
245.34676790237427,14.555651942722987
245.59401988983154,14.526523162947038
245.59602332115173,14.49714727548769
245.5990207195282,14.467561550374494
245.60102224349976,14.437767113800708
245.6020188331604,14.407658799534563
245.84737396240234,14.37725935333136
245.848375082016,14.346639661788329
245.849378824234,14.315908279638867
245.849378824234,14.285102788282325
245.85037851333618,14.254344011405419
245.8898684978485,14.22364963721542
246.1416871547699,14.193088016729694
246.1436140537262,14.162616813605213
246.14567923545837,14.132214374023652
246.1476182937622,14.101858412125571
246.14861941337585,14.071491730512546
246.34547543525696,14.04113997770866
246.3484661579132,14.010790939094864
246.35049390792847,13.98047894027086
246.3534677028656,13.950273779661288
246.3904595375061,13.920237829420117
246.6426100730896,13.890441241795825
246.64561223983765,13.860797598916713
246.64853763580322,13.83126090497261
246.6505377292633,13.801744332623676
246.6536045074463,13.772234032680274
246.90178084373474,13.742675933937543
246.90384674072266,13.713091085357743
246.90578436851501,13.683502853531682
246.90677762031555,13.653878035012221
246.90783023834229,13.624213504080583
247.09488987922668,13.594555165789794
247.09788370132446,13.564873580768444
247.10088062286377,13.535188277901339
247.10288310050964,13.505472492507492
247.140958070755,13.475673568205396
247.34246635437012,13.445813453612248
247.34338426589966,13.415990874907422
247.3443841934204,13.386299930110699
247.34638953208923,13.35684956658963
247.59278988838196,13.327550557054135
247.59371638298035,13.298255282956582
247.59470891952515,13.268952784910041
247.59583020210266,13.23957459625272
247.59583020210266,13.209991393573713
247.6412992477417,13.179997091976725
247.8901002407074,13.14930248068475
247.89110016822815,13.117538349590712
247.89210033416748,13.084465436777482
247.89210033416748,13.049954674893817
247.89309930801392,13.014109661952903
248.09610271453857,12.977015182764424
248.09710144996643,12.938793479092226
248.09810090065002,12.899555299994827
248.09810090065002,12.52142707171438
248.14310598373413,12.27609974511377
248.39323019981384,12.134289227603013
248.39523077011108,12.041203699390639
248.39822793006897,11.974451461265023
248.39922523498535,11.923691857877486
248.4022228717804,11.883513571711594
248.44122624397278,11.85058688465988
248.64256620407104,11.822925549001548
248.6434726715088,11.79908920155686
248.64447164535522,11.778176304735942
248.64447164535522,11.759492235104966
248.69155144691467,11.742612251962841
248.89700412750244,11.727281652727017
248.90001130104065,11.71331679596147
248.9020004272461,11.700509299611658
248.90500164031982,11.688782285623487
248.94100093841553,11.677944282975984
249.14600777626038,11.667921515462504
249.14728665351868,11.658592850679389
249.14728665351868,11.649864814671686
249.14864230155945,11.641680006773468
249.19116163253784,11.633997079406951
249.4443130493164,11.626775730932014
249.44731211662292,11.619966211659621
249.4493100643158,11.613544068240166
249.45131158828735,11.607430353935925
249.45331382751465,11.601574100514322
249.4913148880005,11.595953785493913
249.74201679229736,11.590560630455554
249.74300503730774,11.585371648561075
249.7439374923706,11.580380293786336
249.74493718147278,11.575607346312097
249.7459363937378,11.57108608707314
249.79194331169128,11.566860313495493
249.9944941997528,11.562978652870576
249.99550890922546,11.55947071176106
249.9975094795227,11.556349821337852
249.9985294342041,11.553584516569797
250.04169416427612,11.551140723143057
250.25019931793213,11.548990056214135
250.25320434570312,11.547113035997711
250.25520515441895,11.545489282478641
250.2561957836151,11.544098724717456
250.29120063781738,11.542985130549175
250.4931664466858,11.542096765422835
250.49417924880981,11.541396030239325
250.49517250061035,11.540826360040846
250.49618196487427,11.540363489490638
250.54212021827698,11.53999745836723
250.79427647590637,11.539701039815315
250.79727506637573,11.539450912142332
250.7992115020752,11.539279237058567
250.80234789848328,11.53920364911668
250.804678440094,11.539277003893362
250.84067797660828,11.539498809350171
251.04151129722595,11.539913387626484
251.0435070991516,11.540529452646904
251.04550981521606,11.541366947274762
251.04650688171387,11.542495323820685
251.08950328826904,11.5439837584069
251.30452704429626,11.545890103807052
251.30645775794983,11.548312707867783
251.3085494041443,11.551351786292352
251.31053614616394,11.555086244277524
251.5434536933899,11.559537356874781
251.54652976989746,11.564702098803249
251.54745650291443,11.570576272851032
251.55052304267883,11.577117426696272
251.55245304107666,11.58430492483974
251.79366183280945,11.592060053481587
251.7956681251526,11.600349187282244
251.7986707687378,11.609086156098092
251.80066299438477,11.618175121208829
251.8026773929596,11.627563748624203
252.04076385498047,11.637207611690513
252.0416853427887,11.647033535206239
252.04268646240234,11.657007730891596
252.04268646240234,11.6671520576332
252.04268646240234,11.677410766889137
252.3541715145111,11.68787953204007
252.35621047019958,11.698588931357305
252.3571629524231,11.709592800163152
252.35816431045532,11.720906506778235
252.35816431045532,11.732617883871589
252.35916209220886,11.744625810205672
252.38916754722595,11.757012831410885
252.5929081439972,11.769630509585534
252.5929081439972,11.782471032270625
252.5939061641693,11.795454559165528
252.59490990638733,11.80853636827906
252.63958954811096,11.821668190221247
252.89418506622314,11.834898620298432
252.8961832523346,11.848140219780708
252.89817905426025,11.861619715839847
252.90117859840393,11.875453533407853
252.9031858444214,11.88976547658364
252.94078660011292,11.90464559500563
253.1920621395111,11.920146214445895
253.19302320480347,11.93640001845135
253.19302320480347,11.953469258563244
253.19402146339417,11.971445839665199
253.19402146339417,11.99046529127489
253.23802518844604,12.01065483044639
253.45811414718628,12.032103928792713
253.4600338935852,12.054871316259034
253.4630298614502,12.079183786136909
253.46402883529663,12.105137853611959
253.4913079738617,12.133017161637143
253.69537377357483,12.162958347137668
253.69739389419556,12.19521105058148
253.70037579536438,12.229952855381708
253.70231080055237,12.267455118059146
253.74135637283325,12.30793321569864
253.94541931152344,12.351778956066669
253.94741988182068,12.399361506584967
253.95049047470093,12.451156313728234
253.9514181613922,12.507267398648255
253.99241304397583,12.568585966304036
254.19237804412842,12.63486260746905
254.1943838596344,12.706934544138065
254.19637823104858,12.785632727388348
254.19937705993652,12.871301369749638
254.23988723754883,12.912386460585568
254.44227170944214,12.939472135645195
254.44320249557495,12.966158201491766
254.44419813156128,12.992518323472577
254.44519710540771,13.018582772101123
254.4975643157959,13.044446905859665
254.6914267539978,13.070174717245772
254.69242930412292,13.095807423773328
254.69342184066772,13.121513763577136
254.69442415237427,13.147342165239623
254.73942255973816,13.173403467802462
254.9944303035736,13.199583739151326
254.99650692939758,13.225849006085745
254.99842834472656,13.252250587468488
255.00042700767517,13.278719005907965
255.00242519378662,13.305172532373154
255.04242777824402,13.33171052905499
255.24527645111084,13.358392939962242
255.24727368354797,13.38506864561275
255.2502794265747,13.411828757144388
255.252272605896,13.438599514001002
255.2902762889862,13.465357933328956
255.54516530036926,13.492137642354495
255.54716277122498,13.51885188469867
255.54816961288452,13.545403370101111
255.54918313026428,13.571684270682788
255.55019354820251,13.597591284203709
255.59017777442932,13.622989528499266
255.79346203804016,13.6478935105794
255.7954626083374,13.672254788712406
255.7975413799286,13.696183095714023
255.7995491027832,13.719715042131698
256.0437378883362,13.74284278260636
256.0458092689514,13.765545855162967
256.0482985973358,13.787829641105104
256.0513014793396,13.809741067240498
256.0532991886139,13.831307194135945
256.0892059803009,13.852560504678385
256.29320526123047,13.873609909545495
256.2952084541321,13.894427780205366
256.29820370674133,13.915104582780069
256.30020117759705,13.935590104477255
256.3402020931244,13.956043119680027
256.54004311561584,13.976449942429117
256.5410346984863,13.996748428202652
256.5420379638672,14.016920556703134
256.5420379638672,14.03684230900113
256.75713658332825,14.056494495585504
256.7591335773468,14.075888268220794
256.7601385116577,14.094968467932203
256.7621417045593,14.113768392805369
256.9922912120819,14.132299453374229
256.99329471588135,14.150467808825297
256.99428963661194,14.168289016519442
256.99528884887695,14.185782640900936
256.9962887763977,14.202908168452968
257.24229979515076,14.219713774649774
257.2453019618988,14.236238050390982
257.2473683357239,14.2525186003175
257.24930143356323,14.268590263206928
257.25230073928833,14.284419887474252
257.4444274902344,14.300055224941392
257.44642329216003,14.315502645659373
257.44832587242126,14.330751495769922
257.45038318634033,14.34581035825526
257.4912350177765,14.36064561617157
257.6950399875641,14.375256059532957
257.697039604187,14.389655166442074
257.7000389099121,14.403839728990015
257.70203828811646,14.417835108470289
257.74047684669495,14.431614846909175
257.9935874938965,14.445230384334785
257.9945888519287,14.45869228370166
257.99509835243225,14.4719632150385
257.99618458747864,14.485136919207152
257.99618458747864,14.498171953125155
258.1927692890167,14.511114310092537
258.1936867237091,14.523940777411184
258.1936867237091,14.53665279854317
258.1946859359741,14.54929473042066
258.2406921386719,14.561811298827825
258.49490666389465,14.574191050130764
258.49682879447937,14.586413305101813
258.4988977909088,14.598480525183811
258.5009033679962,14.610367537773106
258.50182127952576,14.62204251435274
258.54290747642517,14.633566063136271
258.7935597896576,14.644902550729228
258.7955503463745,14.656105499968568
258.7974798679352,14.667176364918017
258.8004803657532,14.678117242791668
258.80248260498047,14.688909894330811
258.841472864151,14.69950428109594
259.04799580574036,14.709889357435559
259.04899191856384,14.720030200672813
259.04998683929443,14.729920233455422
259.05102133750916,14.73949333104154
259.0911602973938,14.748778061518259
259.2934103012085,14.757645344750243
259.2944014072418,14.766150030706203
259.2954008579254,14.774178678902754
259.2954008579254,14.781694876294736
259.34001064300537,14.788718956992835
259.54399514198303,14.795206204383135
259.5459957122803,14.80116884635174
259.5489900112152,14.806643878207662
259.55199337005615,14.811682153919378
259.5889801979065,14.816342471882994
259.79223012924194,14.820710787839198
259.79411935806274,14.824885107251514
259.795209646225,14.8289173307178
259.7971930503845,14.832907437608755
260.04239654541016,14.8369895144114
260.04439425468445,14.841244635810074
260.04540157318115,14.845860858082588
260.0463967323303,14.85092221223425
260.0473961830139,14.856721630646522
260.095340013504,14.86338496340202
260.29263138771057,14.871189304469283
260.29463171958923,14.880279894620415
260.2956326007843,14.89083373498407
260.2976322174072,14.902909528680137
260.3418049812317,14.916492325170557
260.5434057712555,14.931759684470201
260.5464861392975,14.948723372668823
260.5494112968445,14.967276492311804
260.55141377449036,14.987341292097906
260.793963432312,15.008872555268587
260.79596304893494,15.03165957881659
260.79796171188354,15.055855153463039
260.7999632358551,15.081403994228602
260.80296421051025,15.108503215889316
260.99477529525757,15.137415679295769
260.99673342704773,15.168352997096
260.9988236427307,15.201483029092758
260.99975657463074,15.237109195712486
261.0396945476532,15.276163696340681
261.3056137561798,15.312689673408848
261.30853724479675,15.346615319020472
261.3106141090393,15.377944589781938
261.312618970871,15.406606577249681
261.31554102897644,15.43263706779584
261.3400719165802,15.456206401771897
261.49437069892883,15.47748567995165
261.4964518547058,15.49652043511257
261.49837708473206,15.513602105942654
261.5404210090637,15.528692592426193
261.79191613197327,15.54201924725384
261.79391860961914,15.553783137513024
261.79491567611694,15.56424101205351
261.7959179878235,15.573704931742206
261.79791498184204,15.582222901397445
261.83853006362915,15.58978704193373
262.0423412322998,15.596439508936509
262.04440236091614,15.60212049728608
262.0464253425598,15.606801129909421
262.0484108924866,15.610561723571823
262.0893380641937,15.613594894269458
262.3520724773407,15.615936276854901
262.3530271053314,15.617827641996216
262.35402178764343,15.61948433971075
262.35502076148987,15.621073670081184
262.35602045059204,15.622793256886606
262.5926651954651,15.62479763274093
262.59472703933716,15.627225531922482
262.59566354751587,15.630233991530663
262.59823203086853,15.633995513535037
262.5991590023041,15.638445963854911
262.64074993133545,15.643618656655494
262.840772151947,15.649495271961575
262.8427631855011,15.656061140539233
262.84376335144043,15.663206351653212
262.84476470947266,15.671056808440314
263.0427222251892,15.67967290795802
263.04372215270996,15.688956668726824
263.0447220802307,15.698830767983319
263.04572200775146,15.709196107760876
263.090215921402,15.71989640563679
263.2918965816498,15.730758721589208
263.2928900718689,15.741646386261934
263.2938914299011,15.752446671181053
263.29489064216614,15.762998918766979
263.5513062477112,15.773169521403016
263.55439734458923,15.78282976061723
263.5553057193756,15.791869817004322
263.5563931465149,15.800204205473232
263.5573048591614,15.807738330158607
263.79055404663086,15.814416891416315
263.7915606498718,15.820237948699564
263.7925491333008,15.825125284956576
263.7925491333008,15.82908655956781
263.7935559749603,15.83217615063615
264.09265995025635,15.834362288166188
264.09265995025635,15.835685825916359
264.0936589241028,15.836211745477396
264.0946590900421,15.836018248745077
264.0956587791443,15.835139128419646
264.0956587791443,15.83367687413074
264.34107780456543,15.83167837463039
264.34199357032776,15.829239592826172
264.3430519104004,15.826474595432632
264.34401774406433,15.823505833639494
264.3450405597687,15.820472441500467
264.3889968395233,15.817419900634853
264.6050205230713,15.81444391727996
264.60794496536255,15.811589532784893
264.61094641685486,15.808927651272908
264.6129460334778,15.80643012650582
264.8925838470459,15.80407574071309
264.89558029174805,15.80183821750558
264.89758133888245,15.7996802981489
264.8996522426605,15.797602025536827
264.9015827178955,15.795577162688485
264.90266823768616,15.793690012742157
265.1444549560547,15.791978391042639
265.1464579105377,15.790483037672944
265.1484577655792,15.78930625293707
265.15045857429504,15.788436536334617
265.15345549583435,8.98379463090293
265.1914494037628,8.986200714431739
265.4426052570343,8.988307380932598
265.445600271225,8.990105394504958
265.4476783275604,8.991698924518996
265.4496006965637,8.992972255808082
265.4507968425751,8.994001761115612
265.7058894634247,8.99493726318893
265.70881271362305,8.995896429186642
265.71088457107544,8.996625147639614
265.713885307312,8.997447814856606
265.71589398384094,8.998336657807181
265.9428057670593,8.99922625731993
265.9448833465576,9.000184680580698
265.94580912590027,9.001180527206113
265.9468050003052,9.002187579402207
265.94788670539856,9.003193968762545
265.9906871318817,9.00432968113591
266.0401201248169,9.00546699667236
266.24303817749023,9.006500210064946
266.24503898620605,9.007613156211953
266.2481095790863,9.008778861712285
266.25039076805115,9.009867992514978
266.49252438545227,9.010961763574208
266.49554657936096,9.011999744743038
266.4975497722626,9.013047535480977
266.49954557418823,9.013871939115054
266.50054478645325,9.014696426769078
266.53953742980957,9.015565964449516
266.7478280067444,9.016490642771645
266.7478280067444,9.0173871278651
266.7488660812378,9.01833785824195
266.74982953071594,9.019253417756401
266.7912948131561,9.020107413797867
267.041668176651,9.020840507899388
267.0433540344238,9.021503610703775
267.0450003147125,9.022086994582518
267.04553174972534,9.022638120284196
267.0465395450592,9.023288953240662
267.2926971912384,9.024048336844643
267.29469871520996,9.025006487226722
267.29569602012634,9.02603794835009
267.2967002391815,9.02696789708757
267.2986912727356,9.027861254781012
267.5426940917969,9.028655155592439
267.54361033439636,9.029446178270424
267.54361033439636,9.030126801903657
267.54460859298706,9.030758762754022
267.54460859298706,9.031360091648978
267.5896146297455,9.031752516758033
267.84460949897766,9.03208958020281
267.84560990333557,9.032394971412081
267.84560990333557,9.032573476969791
267.8466086387634,9.032746675973438
267.84766125679016,9.033038791174407
268.0926468372345,9.033530536942227
268.0936417579651,9.034263510598267
268.0936417579651,9.03527455721486
268.09464049339294,9.036583646632566
268.09464049339294,9.037974203049682
268.14064717292786,9.039513950900439
268.3928735256195,9.041138577767127
268.39485478401184,9.042980867196036
268.3958501815796,9.044884835695088
268.3968629837036,9.046629609651337
268.39786100387573,9.048453522428536
268.6437771320343,9.050191781271637
268.64677929878235,9.052037260424152
268.6487829685211,9.053954160424805
268.6517803668976,9.056015404448392
268.65378737449646,9.058299900079561
268.69185495376587,9.060758000111889
268.95791363716125,9.063473489398994
268.96090292930603,9.066410361594508
268.9628920555115,9.069403247430984
268.9648497104645,9.072744719242092
268.9677908420563,9.076350043151077
269.2428777217865,9.080167962263303
269.24422550201416,9.084169693890564
269.24661803245544,9.088353779303471
269.24761414527893,9.092739303038726
269.25048089027405,9.097203759324715
269.2518470287323,9.101642949472277
269.4930856227875,9.106157802867273
269.4940848350525,9.110688579489276
269.49506998062134,9.115167741183997
269.4961054325104,9.119606870191054
269.49708795547485,9.124074801696526
269.54012751579285,9.128348370928082
269.6949317455292,9.13256585939015
269.6970109939575,9.136802081546032
269.6999764442444,9.140963636351303
269.7404668331146,9.144929952753888
269.9429671764374,9.14901316951519
269.9439740180969,9.153064006297996
269.94497871398926,9.156994542527478
269.94596695899963,9.161085602663892
269.9949736595154,9.165330177910455
270.2444803714752,9.169403564252855
270.24548053741455,9.173380297149734
270.247891664505,9.1775659922676
270.24989914894104,9.181974995550314
270.2518985271454,9.186865841499523
270.2900779247284,9.192216019036158
270.4925124645233,9.198644030279493
270.49451541900635,9.205241336126067
270.4975244998932,9.2120357464761
270.5005235671997,9.219580301697476
270.6928834915161,9.227717242047582
270.6928834915161,9.236587542613663
270.6939504146576,9.246232280172677
270.69494247436523,9.256361268588702
270.9418902397156,9.266665747082852
270.9438862800598,9.277608898095886
270.94488620758057,9.289406161260171
270.9458899497986,9.30173066423018
270.94688987731934,9.315085994657167
271.19821667671204,9.329141997546781
271.2002167701721,9.343756077592348
271.2012233734131,9.359097468836367
271.20227432250977,9.375214600140097
271.20328664779663,9.392548283210601
271.3943338394165,9.41126750219259
271.39732933044434,9.431428613835564
271.39932918548584,9.453203298803531
271.40232586860657,9.476711031848598
271.44127917289734,9.50237921442501
271.69286608695984,9.530416229720283
271.6958751678467,9.560764553836613
271.6978635787964,9.593525282305588
271.70086789131165,9.628548902164132
271.70086789131165,9.665872523969771
271.9414782524109,9.70506295331142
271.94244837760925,9.74627693777254
271.94244837760925,9.790131675820463
271.94347977638245,9.836339555375387
271.9444634914398,9.885265165640211
272.1924946308136,9.937012354267367
272.19548988342285,9.992051813299266
272.19748163223267,10.050305788648236
272.2014842033386,10.11177562453832
272.2034983634949,10.176897314478412
272.39450788497925,10.245220598405075
272.39747762680054,10.317058158344745
272.40047121047974,10.391795653070982
272.4024760723114,10.468797336319934
272.4404933452606,10.547201659784196
272.64350938796997,10.57798760443234
272.64446353912354,10.606914837354783
272.6454827785492,10.634469237100879
272.6454827785492,10.660750956717612
272.69050455093384,10.685825018109822
272.8945212364197,10.709890722331615
272.89652395248413,10.733164992528964
272.8995268344879,10.755926838360907
272.90151834487915,10.778269066766002
272.94051933288574,10.8004464518749
273.14411425590515,10.822506247354294
273.14608240127563,10.84461572821228
273.14713406562805,10.86684764675259
273.1481080055237,10.889206309604395
273.1910660266876,10.91155334101434
273.3993766307831,10.933989515758434
273.40037751197815,10.956389372787898
273.4013783931732,10.978678547643971
273.4023780822754,11.00097625218127
273.5946087837219,11.023298181881364
273.59767270088196,11.045647247063528
273.5997037887573,11.067941572847964
273.60260343551636,11.090161365593474
273.6406066417694,11.112246370379651
273.8417944908142,11.134111200911827
273.8427953720093,11.155803044702854
273.8437886238098,11.177138668134079
273.8437886238098,11.198025713595086
274.0933394432068,11.218753843975808
274.09433674812317,11.239106139842912
274.09633684158325,11.259096741599793
274.09734320640564,11.278620954865882
274.0983374118805,11.297764195754501
274.1415569782257,11.316442625758018
274.3449926376343,11.334650566365442
274.3469889163971,11.352499381640916
274.3499882221222,11.370156861662398
274.35198640823364,11.387521481130948
274.3911876678467,11.404664520752688
274.65004086494446,11.421619973200224
274.65303802490234,11.438409545252803
274.65503120422363,11.455041857933011
274.65596079826355,11.471556020867487
274.65796065330505,11.488072272345171
274.89472675323486,11.504583179312247
274.89679193496704,11.52109057309744
274.8997962474823,11.537636192040395
274.9017300605774,11.55417359487448
274.9047348499298,11.570679133930899
274.9417245388031,11.587059013820934
275.1453444957733,11.603253376537857
275.14835238456726,11.61925462994355
275.149356842041,11.635157671121013
275.1513566970825,11.650938613961273
275.1903443336487,11.666544999269817
275.39260363578796,11.681996470688748
275.3946011066437,11.697265721228304
275.39767122268677,11.712407714545947
275.3996024131775,11.727469818896438
275.6419780254364,11.74244009241411
275.6429765224457,11.757305585808034
275.64397406578064,11.771997832876103
275.6450266838074,11.786482873031163
275.6459791660309,11.800795689536368
275.899062871933,11.814899253009086
275.9000549316406,11.828878190909537
275.9010548591614,11.84269727572517
275.9010548591614,11.856450432832936
275.90306282043457,11.870141762713093
275.9400680065155,11.883786409844168
276.1440601348877,11.8974342338057
276.14505767822266,11.911125672809053
276.146057844162,11.924842844779208
276.1470592021942,11.938573749767897
276.1915946006775,11.952306670909397
276.44167828559875,11.966010908758646
276.4425964355469,11.97956788894808
276.4435920715332,11.992930424952808
276.4446048736572,12.00605453928708
276.44559121131897,12.018916431927689
276.48910760879517,12.031570892212446
276.6932852268219,12.044111482592575
276.6952815055847,12.0565454235737
276.69827675819397,12.068958385877181
276.70027685165405,12.081431783856068
276.74127888679504,12.09396800101288
276.95451974868774,12.106595357879284
276.95752000808716,12.119334408429165
276.9595193862915,12.132151636349297
276.9616160392761,12.145037650199159
276.99200439453125,12.15802526071509
277.19329047203064,12.1711688261252
277.1973617076874,12.184508841000506
277.199364900589,12.198022571835967
277.202294588089,12.211678315522947
277.2413659095764,12.225334805785597
277.444260597229,12.238980458934671
277.4472680091858,12.252506252892573
277.4491889476776,12.26585906756169
277.45122027397156,12.27904559230016
277.49121379852295,12.292070851099798
277.7440969944,12.304919995108012
277.74610137939453,12.31762201620538
277.7480978965759,12.3301744674566
277.74909591674805,12.342571793921765
277.75009536743164,12.354916143296265
277.7902526855469,12.36723749838495
278.00394439697266,12.379586619630272
278.00602173805237,12.392014941059886
278.00694942474365,12.404476642898835
278.00895142555237,12.417063657534163
278.2428364753723,12.429762781715324
278.2447819709778,12.442596212404068
278.2461516857147,12.455531917847978
278.248238325119,12.468577181973036
278.2492468357086,12.481651878311514
278.28825187683105,12.494761772548463
278.4442632198334,12.507840365469853
278.4452540874481,12.520855741406093
278.4472653865814,12.533820732692673
278.489173412323,12.546682427461398
278.6922221183777,12.559446823003883
278.6952347755432,12.571985377258624
278.6962308883667,12.584429239424393
278.69722294807434,12.596716119960437
278.74022459983826,12.608766111873068
278.94168424606323,12.62051062795113
278.94268250465393,12.632007289469197
278.94268250465393,12.643184284705669
278.9436864852905,12.654119559731843
278.98870277404785,12.664898307837948
279.2008385658264,12.675492372689364
279.2032382488251,12.686013261311368
279.2052366733551,12.696618058907207
279.20623779296875,12.707250903573085
279.4432225227356,12.717964543508716
279.44480419158936,12.72879333649315
279.44588255882263,12.739798582825067
279.44760298728943,12.750868525541025
279.44921612739563,12.7618538888069
279.4891872406006,12.772950018579426
279.69411754608154,12.784120271831553
279.6962060928345,12.79552023320796
279.698175907135,12.807205275623748
279.70019936561584,12.81922769131505
279.94254755973816,12.831495217388955
279.94354271888733,12.844111302035227
279.94454312324524,12.857144440430032
279.945543050766,12.870645971595843
279.9465446472168,12.884617939005157
279.99127984046936,12.899695901103945
280.14406847953796,12.915376890696805
280.14606404304504,12.931283345507707
280.147141456604,12.947351920370835
280.19180941581726,12.963724193554896
280.40846037864685,12.98042410047895
280.4111227989197,12.997342453244011
280.41312193870544,13.014466343625115
280.41611909866333,13.031565795768664
280.44169640541077,13.048543226489898
280.6930911540985,13.06518547870869
280.69509172439575,13.081341613739166
280.697092294693,13.097057554488464
280.6980929374695,13.112096827831197
280.6990876197815,13.126441904210814
280.94136214256287,13.140022875254974
280.94336557388306,13.152977675418777
280.94469380378723,13.16524484670692
280.94570684432983,13.176859371593535
280.94770908355713,13.187738072474335
281.1935167312622,13.197943384134563
281.19558811187744,13.207384115604217
281.1985912322998,13.216100380227655
281.2005271911621,13.224102118036992
281.20351696014404,13.231406688841894
281.2391142845154,13.23786078652316
281.44993782043457,13.2435521396841
281.44993782043457,13.24833957557799
281.45093846321106,13.25250012407012
281.45093846321106,13.25595619184158
281.692583322525,13.258797235109352
281.69546365737915,13.260912120906223
281.6974666118622,13.262220326122044
281.7004635334015,13.262935357737877
281.7024612426758,13.262916720468807
281.8945062160492,13.2622988618828
281.89643955230713,13.260997926351266
281.89945101737976,13.259028808142672
281.9014298915863,13.256484484893154
281.9405071735382,13.253312278659717
282.1450653076172,13.24953216333543
282.14806604385376,13.245144615669071
282.1500630378723,13.24018730636912
282.15306520462036,13.234806150817628
282.1899983882904,13.229070668901342
282.44238233566284,13.222988623573816
282.4443817138672,13.216590441203486
282.44638204574585,13.209974380787894
282.44738245010376,13.203111291231453
282.44938254356384,13.196079732930817
282.6511573791504,13.18886844708131
282.65215945243835,13.181633505988156
282.6531581878662,13.174233131026297
282.6541588306427,13.166644847951156
282.6916387081146,13.15886683460189
282.8941116333008,13.150865307515478
282.8971178531647,13.14281709945725
282.8991148471832,13.134608538800395
282.9020435810089,13.126484166416303
283.1433596611023,13.118196822098303
283.14535760879517,13.109782066949663
283.1473560333252,13.101265091334746
283.1483540534973,13.09272384948486
283.1503541469574,13.084068313316084
283.19188952445984,13.075392711975823
283.39384484291077,13.066576004652456
283.3948447704315,13.057609524109521
283.3968496322632,13.04853877853164
283.39784717559814,13.039312201227194
283.4429531097412,13.029852008741742
283.64411187171936,13.020186332637406
283.6470947265625,13.01020759590285
283.649090051651,12.999809232954956
283.6520187854767,12.989146942091566
283.6982374191284,12.97822395857035
283.8934054374695,12.966848205097344
283.8954076766968,12.955092272822755
283.89840388298035,12.942647958252122
283.9004008769989,12.929343068571521
284.094553232193,12.91505314688656
284.0966238975525,12.899375698729147
284.0996210575104,12.883989354348133
284.1020610332489,12.869403903949394
284.13900804519653,12.854073889403793
284.3432102203369,12.83809443721037
284.3452079296112,12.821623033505409
284.3472137451172,12.804662160473427
284.34921407699585,12.787474346662119
284.59362149238586,12.77010469211587
284.59654712677,12.752715083541167
284.59906363487244,12.735324413544781
284.60106325149536,12.718048089184162
284.6030626296997,12.700870451143318
284.80466079711914,12.68374709325261
284.8076927661896,12.666596258227155
284.81068778038025,12.649360995426738
284.8136260509491,12.63200844861528
284.84161734580994,12.614443836035283
285.0435814857483,12.596720298184952
285.04565834999084,12.578817071198939
285.04865550994873,12.560795763302334
285.05057191848755,12.542753055875165
285.34359073638916,12.52470544430255
285.34585404396057,12.506617773127
285.347535610199,12.488416861756882
285.34947061538696,12.470123207657789
285.3514652252197,12.45175833321591
285.3544659614563,12.433311195954259
285.54373836517334,12.414837713766207
285.54574155807495,12.396298669077781
285.54673743247986,12.37772355955894
285.54873538017273,12.359195016589256
285.5905752182007,12.340801870855408
285.79396295547485,12.322616510397014
285.7960481643677,12.304599668386073
285.7969591617584,12.28665562957389
285.79803919792175,12.26875535168314
285.84709000587463,12.250882371959433
286.0915558338165,12.232983124039981
286.0915558338165,12.215051328100786
286.09260511398315,12.19706961672525
286.09355330467224,12.179115991690287
286.0945529937744,12.161254611090005
286.3429617881775,12.143525943088456
286.344979763031,12.125918181521778
286.34798097610474,12.108431804912133
286.3489818572998,12.09108410822053
286.3509774208069,12.073938230853566
286.5436623096466,12.056928772440285
286.54566645622253,12.040110355948714
286.5466628074646,12.023504548244977
286.54866433143616,12.007101459906663
286.58983182907104,11.990843778996274
286.7921767234802,11.974844238997974
286.79417872428894,11.958981458012685
286.79618072509766,11.94328668393073
286.79717803001404,11.927588147904713
287.0024456977844,11.911900274171087
287.0039279460907,11.896087719081635
287.004940032959,11.880238542285582
287.00593876838684,11.864270961501157
287.0409576892853,11.848236790397111
287.2418780326843,11.832130287103602
287.2447941303253,11.816209322628374
287.24680161476135,11.800360959963745
287.24979758262634,11.784614065166037
287.44273614883423,11.769107241104631
287.44373750686646,11.753831515224812
287.4447388648987,11.738897350997599
287.44573950767517,11.724381662674054
287.4900097846985,11.710371537223857
287.7415974140167,11.696873408082944
287.7446255683899,11.684014556626263
287.7475583553314,11.671652872333086
287.749963760376,11.659835001090222
287.75307273864746,11.648527368924317
287.9929356575012,11.637695591731386
287.99500584602356,11.627155906014687
287.99794149398804,11.616971986571299
287.9999430179596,11.60702067626117
288.0019404888153,11.597066218674154
288.2069959640503,11.587196724869791
288.2099332809448,11.577469654014216
288.2119300365448,11.567814225659786
288.21481919288635,11.558204851988155
288.24132800102234,11.548727820884725
288.4910125732422,11.539343740931683
288.49201560020447,11.530028174509173
288.49201560020447,11.520747250087929
288.49301505088806,11.511625887726257
288.49301505088806,11.5024238386231
288.5390944480896,11.493122357966651
288.743501663208,11.48389928406563
288.74557542800903,11.47458818325291
288.74749875068665,11.465119004423922
288.75048995018005,11.455611801623796
288.94541120529175,11.446213670560256
288.94840955734253,11.436930318978872
288.95040798187256,11.42780879509828
288.9534044265747,11.418957641721148
288.9904134273529,11.410330688133635
289.19207549095154,11.402020518492783
289.1942653656006,11.394217555582532
289.19617795944214,11.387019730698464
289.19717717170715,11.380202779917179
289.45473074913025,11.373972170916543
289.45673394203186,11.368024558032284
289.4587347507477,11.362674271967778
289.4597315788269,11.358148642591717
289.4627356529236,11.354296039092858
289.49109268188477,11.351054459071287
289.6922435760498,11.348523985665315
289.69424962997437,11.346611498736781
289.6973190307617,11.345326652010536
289.6993029117584,11.344637347456155
289.9426121711731,11.344755646071707
289.94461274147034,11.345488763990897
289.9466109275818,11.347013197112092
289.94763231277466,11.348850011684902
289.94763231277466,11.350939546595555
290.19216895103455,11.353352955579998
290.19240856170654,11.356319864703053
290.19349694252014,11.359869694321198
290.19450330734253,11.363869067794885
290.1955041885376,11.367787257708967
290.44365096092224,11.371856711746078
290.44665598869324,11.37596066192179
290.44872641563416,11.380232964523719
290.4506537914276,11.384572930227108
290.45265889167786,11.388959452304336
290.70287466049194,11.393396615844939
290.70487809181213,11.397867173196069
290.70587849617004,11.402541049700787
290.7079484462738,11.407498925856263
290.70888113975525,11.412695862922591
290.94153904914856,11.418235400309344
290.94253969192505,11.424134809408976
290.9435386657715,11.43036757671985
290.94453740119934,11.43708562546584
290.9458031654358,11.44421951321159
291.144079208374,11.451748044035963
291.14608573913574,11.45969959832265
291.14707612991333,11.467898787279962
291.1490783691406,11.476200427294062
291.1901898384094,11.484578902230671
291.3914306163788,11.493039902815646
291.392427444458,11.501411173535823
291.39443039894104,11.50998691990815
291.39542984962463,11.518672803616841
291.64483523368835,11.527583199910815
291.64683723449707,11.536529055723783
291.6489062309265,11.545853715765771
291.6518712043762,11.555565272897844
291.6548321247101,11.56574683516026
291.6909017562866,11.576470399841028
291.8961238861084,11.58775104431537
291.8971257209778,11.599542120462914
291.8991196155548,11.611908532169242
291.9001212120056,11.624799926442291
291.93984818458557,11.638171101934939
292.14265966415405,11.652012146386054
292.1436576843262,11.666332349749556
292.1446568965912,11.681109468451558
292.14565682411194,11.696428125095661
292.39347195625305,11.7122645809265
292.396470785141,11.72866497507772
292.3984749317169,11.745703906449602
292.4004671573639,11.763319610623025
292.4034683704376,11.781518325530683
292.64234709739685,11.800327632914065
292.64534616470337,11.819761183064909
292.64634251594543,11.839684503075604
292.64834332466125,11.860159074856577
292.65034198760986,11.881019612154866
292.8427186012268,11.902115240914462
292.8447859287262,11.923459453049956
292.8477222919464,11.945006165707637
292.84971857070923,11.966808582552042
293.10326623916626,11.988815501330917
293.1052522659302,12.011097639664335
293.10618901252747,12.033830011779724
293.10718750953674,12.056700681107541
293.10818672180176,12.079885717910992
293.1412286758423,12.10345160557904
293.3423593044281,12.12722915816177
293.34335255622864,12.151086745172732
293.34535670280457,12.17492654276385
293.3463535308838,12.198656304127363
293.5947275161743,12.222308035478871
293.5967230796814,12.245604616139198
293.5987219810486,12.26860215366
293.6007194519043,12.291131628330355
293.6037230491638,12.313179674825474
293.63982224464417,12.334658643695192
293.8442978858948,12.355596648153734
293.8472967147827,12.375952729570454
293.8492970466614,12.39577015211847
293.85229778289795,12.415220793841984
293.89062905311584,12.434355816054278
294.159809589386,12.45331988154296
294.16188049316406,12.472196766778117
294.1647846698761,12.490921779845792
294.1676459312439,12.50971974293089
294.1688051223755,12.5285078121842
294.1921646595001,12.547381217943464
294.4441034793854,12.566184363600282
294.44612741470337,12.585025566190067
294.44810366630554,12.603730547166563
294.4501042366028,12.622350155398578
294.4516689777374,12.640995169134422
294.69229221343994,12.659634670948083
294.69419717788696,12.678261736453196
294.6974880695343,12.696901252092424
294.69942450523376,12.71550962052744
294.70242071151733,12.734128986977915
294.89360785484314,12.752747506794279
294.8966748714447,12.771402863452439
294.8986053466797,12.790122108547676
294.90261125564575,12.80882186260346
295.1436412334442,12.827453697729833
295.1467044353485,12.845997850833133
295.1486396789551,12.86449254707767
295.150639295578,12.882903773353428
295.15263390541077,12.904042204066952
295.1966290473938,12.926529100038335
295.39328837394714,12.947978960664233
295.3942997455597,12.968355113482005
295.39529514312744,12.98766104841346
295.39529514312744,13.005947066164861
295.5953845977783,13.023110971297593
295.5974612236023,13.038920969934424
295.60039234161377,13.053007153413871
295.6025161743164,13.065081050519282
295.6419372558594,13.075049849159125
295.8422329425812,13.082977830661356
295.8432343006134,13.089085856857572
295.84423208236694,13.093631577279472
295.8452308177948,13.097035794909035
295.8893356323242,13.09962379830179
296.09279775619507,13.101658623670549
296.094872713089,13.103261807557102
296.09696221351624,13.104598289914486
296.0998954772949,13.10592383980382
296.30467438697815,13.107308316401534
296.30667519569397,13.108884524991625
296.30967450141907,13.110638370363139
296.3121256828308,13.112604858020646
296.3404550552368,13.11475795269451
296.54447317123413,13.116934309282499
296.5464115142822,13.119161597545492
296.5494718551636,13.121272250815341
296.5524067878723,13.12313691305197
296.5897629261017,13.124652102841768
296.794730424881,13.12588874495558
296.79672956466675,13.12682608778764
296.79772901535034,13.12753447695196
296.8001596927643,13.12797760734947
296.8412673473358,13.128100915509846
297.0441617965698,13.12793919708366
297.04716444015503,13.127504052350448
297.0490961074829,13.1268154628555
297.0511631965637,13.126031868677297
297.09256649017334,13.125206115652395
297.29371190071106,13.124448016042237
297.29670691490173,13.123449142213396
297.2986330986023,13.121980400042013
297.3006331920624,13.119789979119156
297.5044665336609,13.116677560245837
297.5073835849762,13.112499609871872
297.5104386806488,13.107206370568857
297.5121295452118,13.100675889603185
297.742951631546,13.092830929861064
297.74594378471375,13.0836970601972
297.74794268608093,13.073418078422014
297.7509467601776,13.06202401305691
297.7539463043213,13.049826253905422
297.99266171455383,13.036958955393747
297.9946537017822,13.02361124049243
297.99565029144287,13.009783719314164
297.9966537952423,12.995387501457415
297.99765372276306,12.980366007172702
298.04134702682495,12.964578635742052
298.24469780921936,12.948025214707892
298.24669671058655,12.930673415071197
298.2496974468231,12.912645695902395
298.252480506897,12.89417018725876
298.29142689704895,12.88170619355007
298.49415826797485,12.870688020355379
298.49614667892456,12.859625133059533
298.4991431236267,12.84848501889734
298.5021393299103,12.83741257234375
298.74651288986206,12.826383119828435
298.7475118637085,12.815437977667546
298.7485110759735,12.804503556818217
298.74951100349426,12.793412462874358
298.75051188468933,12.78216246148974
298.94311451911926,12.770992508956587
298.94511556625366,12.759689070375568
298.9481120109558,12.748283810767543
298.9511077404022,12.736593302250043
299.14466428756714,12.72451285167675
299.1466646194458,12.712138692432642
299.1486647129059,12.699474570939044
299.1517233848572,12.686567221354357
299.1908013820648,12.673405205126729
299.392963886261,12.660333396120262
299.39395570755005,12.647183580180238
299.39495396614075,12.633873449990427
299.39595460891724,12.620172584040604
299.4419605731964,12.60625301923365
299.64494585990906,12.591945744931191
299.64694356918335,12.577354059599983
299.648943901062,12.562536685083325
299.65094685554504,12.547539014262965
299.6920254230499,12.532423662027016
299.9042971134186,12.51737112700467
299.90630316734314,12.502395806090792
299.90829634666443,12.487610538847008
299.90908789634705,12.473133184511568
299.9411611557007,12.459064547394478
300.14521074295044,12.445470165453317
300.14827966690063,12.432290007798361
300.151207447052,12.419458195339073
300.1532075405121,12.407051051152473
300.1922821998596,12.394982186498954
300.39391708374023,12.38316177020238
300.3959171772003,12.371582322003189
300.3989169597626,12.360218051787328
300.40051341056824,12.349109580964642
300.4415280818939,12.338248064850996
300.6424353122711,12.327739998999734
300.6434350013733,12.317550004416955
300.6444330215454,12.307454015858852
300.6464350223541,12.297656891697413
300.8943955898285,12.288148235244801
300.8970158100128,12.27882406755997
300.8997883796692,12.269897517205546
300.90202927589417,12.261288388689456
300.90403056144714,12.252918645943357
300.94789814949036,12.2448899563884
301.14315366744995,12.237283624533033
301.1466739177704,12.230164749950799
301.1496949195862,12.22361504351975
301.15169644355774,12.21763959533906
301.34556555747986,12.212213485329324
301.34857296943665,12.207310835441705
301.35049200057983,12.2028727472987
301.35349321365356,12.198906013426203
301.3915684223175,12.195356375217338
301.59494400024414,12.192239499488103
301.59794664382935,12.18955009877115
301.59994411468506,12.187365484033478
301.60294556617737,12.185468234165928
301.6429421901703,12.184126331714799
301.89166378974915,12.1832185453831
301.8945894241333,12.18270023924079
301.89729356765747,12.182521621568592
301.8995053768158,12.1825894516097
301.901526927948,12.182834663806652
302.1026153564453,12.183175227598218
302.10453605651855,12.183737455248382
302.10653591156006,12.184492443507557
302.10853362083435,12.185254500651705
302.1411557197571,12.186127982320468
302.3423402309418,12.187015632578953
302.344265460968,12.188178681245828
302.34726572036743,12.189969717641443
302.3482611179352,12.192236041913121
302.5916819572449,12.195256758346435
302.59374165534973,12.198848300352793
302.5952310562134,12.202961426761046
302.5973205566406,12.20761555595268
302.5992474555969,12.212728695269035
302.7932126522064,12.218296958553024
302.79513788223267,12.224380976284964
302.7953577041626,12.23087759096906
302.7964332103729,12.237860126255164
302.84190583229065,12.245185020342998
303.04250741004944,12.252879108516467
303.045508146286,12.260852613139768
303.0475082397461,12.269201933144213
303.0504388809204,12.277821219991566
303.30326676368713,12.286743099234318
303.30534529685974,12.29605537431413
303.30534529685974,12.305758711091096
303.3066740036011,12.315919814552057
303.3076841831207,12.326498986569828
303.33985352516174,12.337628928743971
303.5422248840332,12.349195970431737
303.54429960250854,12.361130622321163
303.5472960472107,12.373285544627041
303.5492250919342,12.385460809598495
303.7923312187195,12.397540662703262
303.79333209991455,12.409504635990983
303.79451990127563,12.421232740888994
303.79507064819336,12.432816341413801
303.798033952713,12.444280760234534
303.9946196079254,12.455680476897165
303.99510431289673,12.467071146992188
303.9961533546448,12.478465967101323
303.9971389770508,12.489875730568038
304.04089188575745,12.501243528911628
304.2438590526581,12.512569719595698
304.2468602657318,12.523833558030573
304.24885964393616,12.535004355412163
304.2511856555939,12.546014786883962
304.29009914398193,12.556982762626376
304.5071020126343,12.567955612092488
304.5100471973419,12.57894641923181
304.51204562187195,12.590057939803524
304.51404666900635,12.601405036019548
304.54104256629944,12.613102356389827
304.7439332008362,12.625179300392219
304.7459316253662,12.637684524574263
304.7479314804077,12.65066820545704
304.74893069267273,12.664159276705016
304.79178500175476,12.678223917824702
304.99223256111145,12.692680795350002
304.9932322502136,12.707458970131862
304.99422883987427,12.722527148133665
304.9952299594879,12.737723428798471
305.2436509132385,12.752973491729326
305.2457330226898,12.768321277243214
305.24873089790344,12.783706879578093
305.2506558895111,12.799200363379796
305.25465393066406,12.81479781353216
305.4926896095276,12.830483276920857
305.49468302726746,12.846334256545616
305.4976851940155,12.862362593024814
305.49968695640564,12.878490134178739
305.50268149375916,12.8962464811124
305.70924377441406,12.919328919234195
305.7119700908661,12.941862163217266
305.7129843235016,12.963725739355276
305.7150671482086,12.985014231402152
305.7422020435333,13.00560868052581
305.9454171657562,13.025242293020106
305.94741654396057,13.044345921194417
305.9494163990021,13.06271258085848
305.9514150619507,13.080147713404852
305.9900245666504,13.09667781691887
306.1944160461426,13.112501798999729
306.19541811943054,13.12806680986551
306.19641733169556,13.142974880901358
306.197416305542,13.157170439324439
306.2422089576721,13.170946510594497
306.4916181564331,13.184419473392182
306.4946165084839,13.197823930532829
306.4956159591675,13.210993407042055
306.4966220855713,13.223860409841302
306.4986181259155,13.236689509972432
306.69501757621765,13.24951998439506
306.69701504707336,13.262406610407506
306.7000164985657,13.275676080392328
306.7030100822449,13.288889942584248
306.74800753593445,13.30184119154328
306.94225239753723,13.314654589834229
306.94225239753723,13.32733167174999
306.9433333873749,13.339720255846235
306.9442503452301,13.35149349943652
306.99115920066833,13.36278113295955
307.1945335865021,13.373751796853822
307.1965289115906,13.384130501509917
307.1995282173157,13.393444454876185
307.2025361061096,13.40233738485532
307.44410276412964,13.410503142957594
307.4451036453247,13.418121308664542
307.44716238975525,13.425021720219044
307.4492082595825,13.431420739080355
307.4509451389313,13.437193382636487
307.64285254478455,13.442057375643785
307.64585065841675,13.446671307551137
307.64784836769104,13.451004484173264
307.6499242782593,13.454862133877072
307.8626136779785,13.458924630900537
307.8653802871704,13.462761817852423
307.8674521446228,13.465838977951014
307.8697259426117,13.468367668367739
307.89161133766174,13.470711409367839
308.0945580005646,13.473067988416432
308.0965657234192,13.474533542209365
308.09956216812134,13.475111124037097
308.1015601158142,13.475438675143147
308.14084362983704,13.475576087751582
308.3938512802124,13.475528527301112
308.3949182033539,13.475293742080217
308.3959324359894,13.474854240644941
308.3959324359894,13.47358171263074
308.39692187309265,13.47152787533686
308.4408450126648,13.469078114778606
308.64235496520996,13.466334915376018
308.6433537006378,13.463075739629993
308.6433537006378,13.459280479485646
308.6443543434143,13.455088399503996
308.68936252593994,13.45042651714955
308.84435510635376,13.445741201445973
308.84535551071167,13.440480007776918
308.84535551071167,13.43451695280434
308.89254879951477,13.427828867726252
309.09254264831543,13.419793554880933
309.09254264831543,13.410813507532712
309.0935456752777,13.400761905892436
309.09454464912415,13.389087854230674
309.1395471096039,13.377030207305213
309.34206366539,13.363876203064274
309.34305930137634,13.350158704409266
309.34405970573425,13.336528624133527
309.3460829257965,13.322642175831245
309.5911211967468,13.30898010538007
309.5911211967468,13.295415055133615
309.5921802520752,13.282238718872067
309.5921802520752,13.270139560379295
309.59353613853455,13.257836352714294
309.7947025299072,13.247061502855324
309.7967052459717,13.237249016899067
309.79778933525085,13.227382079214346
309.79869985580444,13.217253098375776
309.8416783809662,13.205991373064267
310.04627776145935,13.193621256804926
310.0482919216156,13.180571704287361
310.05028533935547,13.166676875942697
310.052285194397,13.152874208192753
310.0892848968506,13.137997811215161
310.2951452732086,13.122520388220135
310.2980763912201,13.105193001925894
310.3011431694031,13.085510996167672
310.3031380176544,13.063318675757198
310.3394310474396,13.038145490599316
310.54466938972473,13.011541701414048
310.54666566848755,12.981407202666523
310.5496635437012,12.948534082760839
310.5516667366028,12.913901627306727
310.79321813583374,12.87919445644096
310.79421615600586,12.84861854594778
310.79421615600586,12.818386666652003
310.79421615600586,12.788653966676653
310.7957043647766,12.758803806577548
310.84012603759766,12.729194181111392
311.0439383983612,12.699886556914183
311.04487705230713,12.671142428934221
311.0459041595459,12.641785036199376
311.048864364624,12.613110895924482
311.0898644924164,12.584810713730972
311.29295778274536,12.557081302525397
311.2949752807617,12.530161732640613
311.29588055610657,12.503855744544422
311.2968738079071,12.477811163636813
311.49440002441406,12.452126671344686
311.49632692337036,12.427420503746895
311.498503446579,12.402814076044058
311.50068521499634,12.379020349870563
311.74196338653564,12.35587898837651
311.7429630756378,12.33333027844491
311.7439649105072,12.311910087865293
311.7449645996094,12.291172147109162
311.7449645996094,12.271555404119065
311.79034090042114,12.252341819185778
311.99531960487366,12.23377457560826
311.9983196258545,12.215947752473003
311.9998073577881,12.198543244021689
312.0024540424347,12.181722214344347
312.0411262512207,12.166032889713009
312.2528178691864,12.150115908471134
312.2558147907257,12.134740610547421
312.25890135765076,12.120234752291447
312.2614552974701,12.105478071682054
312.4437766075134,12.0904178550564
312.4447708129883,12.076074336843046
312.4457709789276,12.060953474598382
312.4477701187134,12.045798090835614
312.4914388656616,12.030531368287102
312.69442558288574,12.015044159460743
312.6964223384857,11.999676593130825
312.69942331314087,11.984562577453822
312.70242261886597,11.970115564154792
312.7410190105438,11.95611742744364
312.94212913513184,11.942106115430677
312.945214509964,11.928623125977566
312.94715213775635,11.915818401280236
312.9501574039459,11.903512667645176
313.14387583732605,11.89178809230939
313.145879983902,11.880745472337237
313.1478805541992,11.870630119179951
313.1498763561249,11.860670442110887
313.1898295879364,11.851900841079317
313.40484714508057,11.842809128962271
313.40684700012207,11.833415930800657
313.4098515510559,11.823519850358588
313.4118549823761,11.813120886835264
313.4402770996094,11.802367164246084
313.641925573349,11.791650700847798
313.64284014701843,11.780857977978373
313.6438763141632,11.770742252674268
313.6438763141632,11.760073718022463
313.68942856788635,11.750925095230558
313.8936243057251,11.741616785950615
313.8956310749054,11.733020582214172
313.898624420166,11.725575250074927
313.90062832832336,11.71865947528618
314.14300560951233,11.713066702758944
314.14700198173523,11.708416982200417
314.14900279045105,11.70432824875013
314.1519989967346,11.700978823384535
314.1539988517761,11.698473356489485
314.34461402893066,11.696388920234211
314.34702491760254,11.69437009222834
314.35004353523254,11.693092904365919
314.3520448207855,11.6926128821071
314.39158749580383,11.692055440482472
314.6020746231079,11.692477289067662
314.6040759086609,11.693019433687466
314.60507440567017,11.694880679885527
314.6061522960663,11.696235024512827
314.64005422592163,11.697692980384685
314.84276366233826,11.700279656719438
314.8447644710541,11.702753114038082
314.849760055542,11.706310529699659
314.8517589569092,11.710860339004602
315.0927908420563,11.717370678517087
315.0948657989502,11.723637572444222
315.0968611240387,11.732117490961347
315.0987899303436,11.741521877918728
315.0997829437256,11.753213704637478
315.29327940940857,11.768082465578793
315.29527258872986,11.784983136569888
315.29828238487244,11.806947901288135
315.3002071380615,11.834592251474803
315.4936625957489,11.866796809940514
315.4956576824188,11.909321768641842
315.49885630607605,11.96576507523666
315.5008292198181,12.042665153105933
315.54035902023315,12.154848286042562
315.7056999206543,12.331975631530769
315.7076966762543,12.655431799909989
315.70970129966736,12.935402136960862
315.7418441772461,13.008774809644054
315.99350905418396,13.07854857274799
315.99551153182983,13.144936657902068
315.99851536750793,13.207582408447742
316.00021386146545,13.268593968175896
316.0032126903534,13.326142579908492
316.04009890556335,13.38009276369422
316.2928695678711,13.430400686230573
316.29496932029724,13.477793614162222
316.2969515323639,13.523061786426563
316.29987621307373,13.566784794902393
316.30187010765076,13.607915222591398
316.4939727783203,13.647564138943443
316.49496960639954,13.684511752370073
316.49596786499023,13.719981233544969
316.4969687461853,13.754399689545464
316.53903102874756,13.786635293877604
316.6953091621399,13.817384282452595
316.6983907222748,13.846382554520005
316.7003951072693,13.873407793018606
316.7492320537567,13.898605420160084
316.9444212913513,13.922227613307887
316.94741797447205,13.944042333711076
316.9494173526764,13.964522753710456
316.95242190361023,13.983907658801561
316.9904160499573,14.002565854038808
317.19232392311096,14.020539902579415
317.19324374198914,14.038023899718556
317.1942436695099,14.055055383311554
317.19524335861206,14.071477357657097
317.2411506175995,14.087786455176383
317.44580006599426,14.103811599241826
317.4477286338806,14.119693927122848
317.45072770118713,14.135131281570157
317.4529809951782,14.150417438466388
317.491259098053,3.7328925281122776
317.69523644447327,3.7332071089051118
317.69823241233826,3.7343219116958863
317.70035123825073,3.7353600156171245
317.7023515701294,3.7362430106296003
317.7402410507202,3.738103426483171
317.9577214717865,3.740145881152232
317.95979285240173,3.74174846123972
317.96310687065125,3.743747618414907
317.96502900123596,3.7483095826633104
318.19201135635376,3.7524072318879216
318.1930103302002,3.7539806515257843
318.1930103302002,3.756966827366107
318.1940107345581,3.7594204446212984
318.1950113773346,3.762028438571244
318.3934681415558,3.764332512626461
318.39438247680664,3.7644369814660257
318.3953859806061,3.7641394236779706
318.39630603790283,3.76296168357862
318.44236493110657,3.761439163763941
318.6439919471741,3.7613529674240085
318.64663910865784,3.7614054273764537
318.6487114429474,3.7621586743578033
318.6516361236572,3.7636893794087616
318.6901876926422,3.765746282666722
318.89295053482056,3.76829929480552
318.8939485549927,3.7749853045794177
318.8949501514435,3.7809262532617245
318.89594984054565,3.7892544211901273
318.94095253944397,3.7982220099996864
319.1499207019806,3.806943156518512
319.150918006897,3.816353431439486
319.1519148349762,3.82500441621627
319.1539204120636,3.832765628755542
319.18991470336914,3.8399890916172197
319.39299750328064,3.84796909576156
319.3959994316101,3.856334275929875
319.39792466163635,3.8653350932295782
319.4009244441986,3.876690848502621
319.59391736984253,3.889072312564397
319.5949161052704,3.9032414908411575
319.595920085907,3.9197080815156133
319.5969202518463,3.936394262375739
319.64183235168457,3.954936899748084
319.89191126823425,3.973679898317192
319.8938386440277,3.9927870435317043
319.89683270454407,4.011160235462292
319.8998312950134,4.031196870804321
319.90183210372925,4.049783002343343
320.1428327560425,4.066912789057654
320.14488792419434,4.085622670890118
320.14690351486206,4.104406549003964
320.1489088535309,4.121793609711751
320.1578266620636,4.14025890345446
320.3428773880005,4.1586324701845605
320.34382677078247,4.176828462602766
320.34482622146606,4.195934725402138
320.34482622146606,4.21632758711238
320.3908314704895,4.236910863018873
320.59277844429016,4.256564431536681
320.5937783718109,4.275454489253681
320.594779253006,4.293990186792274
320.594779253006,4.310219730085267
320.7937786579132,4.325501005645463
320.794780254364,4.339749085715635
320.7957806587219,4.354077230334843
320.796781539917,4.36730782817786
320.8397858142853,4.380262431865789
321.04185152053833,4.392778286361121
321.0437800884247,4.404411963278635
321.0447838306427,4.416875846053479
321.0447838306427,4.428364465653283
321.08878660202026,4.438845080421342
321.30173206329346,4.449901686754809
321.30378007888794,4.460250684846141
321.30472803115845,4.470936286095458
321.3057267665863,4.481457321236821
321.5437386035919,4.492942209971058
321.5457363128662,4.504521300584416
321.54673504829407,4.516179969573067
321.5477352142334,4.527679293990943
321.54973459243774,4.539406855402741
321.79181361198425,4.551290692642387
321.7948498725891,4.562720944395611
321.7968111038208,4.573778477275049
321.7997336387634,4.584416113568161
321.80273723602295,4.594454109286489
321.9917104244232,4.603904909092409
321.99263548851013,4.6128623887997895
321.99361968040466,4.621794002220107
321.99361968040466,4.6309372616480555
322.04062128067017,4.6398698857040905
322.24270129203796,4.64917730371677
322.24464106559753,4.65852147733405
322.2466857433319,4.667839768949435
322.24869990348816,4.677301329970907
322.44919753074646,4.686859341892246
322.45120120048523,4.6959870431339725
322.45419907569885,4.705362701279528
322.4562039375305,4.714418024171241
322.4901993274689,4.723307543686107
322.69220185279846,4.732238603151392
322.69425559043884,4.741327814049506
322.69620013237,4.750091721437811
322.69719791412354,4.759021211402615
322.74068117141724,4.768128607330568
322.94352412223816,4.777184081279679
322.94444608688354,4.785996698122287
322.94444608688354,4.794566102719937
322.9454445838928,4.803012374091661
322.99145126342773,4.81152042498146
323.19373416900635,4.82011593053777
323.196649312973,4.828889212986715
323.1986491680145,4.8376800026869855
323.200647354126,4.846803225477904
323.44264960289,4.85592836899669
323.4446520805359,4.865035377601998
323.44564485549927,4.874152819394596
323.4476499557495,4.883074718706052
323.44865345954895,4.891610827622514
323.6996464729309,4.899808513855065
323.70165371894836,4.907582248624959
323.70364594459534,4.914994643295694
323.70464611053467,4.9220336414544725
323.7056517601013,4.928751562814635
323.8928687572479,4.935230793280613
323.8938684463501,4.941552782830495
323.8948633670807,4.947667393426813
323.8948633670807,4.953418855719972
323.9408700466156,4.958770024167586
324.14391684532166,4.96385848570742
324.14486718177795,4.968574441819584
324.1458661556244,4.972931000961929
324.1468720436096,4.9769859029501555
324.1908702850342,4.980520908663464
324.39495372772217,4.983869602873694
324.39787435531616,4.986822277672282
324.4008741378784,4.989460373182965
324.40287590026855,4.991945054649833
324.43986892700195,4.994065316238414
324.6439335346222,4.996085361207119
324.64694452285767,4.997737495482502
324.6488742828369,4.999210996809659
324.651873588562,5.000688735463941
324.69267678260803,5.002233206124483
324.900678396225,5.003987437493711
324.90272855758667,5.005976827120715
324.90367603302,5.008099560433643
324.90567660331726,5.010401272483535
324.9406714439392,5.012892540557768
325.14167165756226,5.015611473523612
325.1426808834076,5.018479069116849
325.1436710357666,5.021475790953344
325.14467692375183,5.0246036148260025
325.3921868801117,5.02765871194108
325.3931837081909,5.030595885852301
325.39419436454773,5.033451890294442
325.39518666267395,5.036042613380922
325.3961842060089,5.038065418011108
325.5948028564453,5.039950896446575
325.5978078842163,5.041401766940791
325.60011172294617,5.042535619101187
325.6020314693451,5.043320846454384
325.64120745658875,5.043828045735373
325.84182572364807,5.044103344887844
325.84482502937317,5.044242805548149
325.8468372821808,5.044370099490733
325.8488311767578,5.044523492008895
326.0574915409088,5.0447713096982225
326.05949306488037,5.044901701689216
326.0614891052246,5.045122999466855
326.06349182128906,5.045126285398576
326.09068751335144,5.044820044260399
326.29489946365356,5.044571508308726
326.2977638244629,5.044012792693561
326.2997646331787,5.043387142650423
326.302770614624,5.042322805546544
326.3408648967743,5.041329118802535
326.5444257259369,5.040277929134199
326.54603099823,5.039235698248849
326.54710245132446,5.037844419706311
326.54852867126465,5.036593176478572
326.5899965763092,5.035144766177096
326.7947590351105,5.0333902285066525
326.7967607975006,5.031337245722218
326.79976868629456,5.029139458716745
326.80169010162354,5.026731134702539
326.8409900665283,5.024126761782903
327.04125690460205,5.02133156288098
327.04254269599915,5.018494469074876
327.0435514450073,5.015545338540901
327.0435514450073,5.012216228265926
327.2535593509674,5.008964040975012
327.25455951690674,5.005664193066147
327.25656294822693,5.001936198647174
327.2585644721985,4.998370740218117
327.4442718029022,4.99448924163528
327.4462752342224,4.990639206341525
327.4482669830322,4.986108004805541
327.4502682685852,4.981399679229471
327.49086809158325,4.976922685161469
327.69479393959045,4.972107789768975
327.6967945098877,4.966772910876145
327.69986391067505,4.961042098417713
327.70279455184937,4.9553267826916425
327.73986744880676,4.949410573914771
327.9411041736603,4.943340888120764
327.94210505485535,4.937379899350946
327.94310569763184,4.930810084391875
327.94310569763184,4.924266656760214
327.98910546302795,4.917647442870282
328.1911041736603,4.910774211197084
328.1921043395996,4.904064997943864
328.1921043395996,4.897491507428596
328.1931049823761,4.890728986220043
328.2391049861908,4.883719950400314
328.44410467147827,4.876267832200308
328.44410467147827,4.8689500101262455
328.44510436058044,4.861624704094172
328.44510436058044,4.853875311400996
328.6917498111725,4.846127971305035
328.6927499771118,4.838143534300544
328.6927499771118,4.829797694016241
328.69375014305115,4.821413446395396
328.69375014305115,4.813305907202472
328.7387328147888,4.805239312929297
328.89541268348694,4.796757458196071
328.89833879470825,4.788078707677464
328.90086603164673,4.77950898788438
328.94273042678833,4.770627856631846
329.1449248790741,4.761568237872669
329.14692759513855,4.752423403601875
329.1499254703522,4.743369040151215
329.1519293785095,4.734367728711628
329.1904933452606,4.724837414762806
329.3941788673401,4.715125127363029
329.3972454071045,4.7054186010105115
329.40024995803833,4.695452456699141
329.41018438339233,4.68489562360416
329.44117522239685,4.674518165444142
329.69665813446045,4.6639912456309665
329.69966769218445,4.6533807655413035
329.7006585597992,4.642841147386176
329.7006585597992,4.6321686266637006
329.70165848731995,4.6216548311548955
329.74166774749756,4.6108041772984505
329.9429247379303,4.5997879552308145
329.9434313774109,4.588712833687538
329.94443941116333,4.5777197488930055
329.94544100761414,4.566897579117662
330.24351811408997,4.5562421730133735
330.24552059173584,4.545274465463808
330.2465145587921,4.534162788897327
330.2465145587921,4.522912114537505
330.247545003891,4.511501607368491
330.2505416870117,4.4998463800117605
330.4925413131714,4.487785474392316
330.49362993240356,4.4758559903120645
330.49362993240356,4.463674502189751
330.4946405887604,4.451159457231736
330.4946405887604,4.438838576535518
330.5405604839325,4.426392531336287
330.79795598983765,4.413452974550006
330.79996037483215,4.400385933527623
330.8019645214081,4.3871916367133865
330.8038868904114,4.373480721866001
330.8059365749359,4.359528577682944
330.84087586402893,4.345527993909146
331.14196157455444,4.331627708939969
331.14296221733093,4.317268293990629
331.1439607143402,4.302942924342932
331.1449589729309,4.288696873408567
331.1459617614746,4.274036408393379
331.14696049690247,4.259441237317288
331.3926365375519,4.244690202871704
331.3926365375519,4.230002629769653
331.39363718032837,4.215553359598838
331.39363718032837,4.200817247902629
331.39464569091797,4.1866059066711605
331.43964433670044,4.172431533335546
331.64252853393555,4.157633229428311
331.6445255279541,4.142572616690561
331.6475250720978,4.127855201547138
331.65053057670593,4.1130312356504435
331.89905405044556,4.09858908857916
331.90005683898926,4.083901291213737
331.90105962753296,4.06904525946131
331.90305280685425,4.053867377820496
331.9040539264679,4.039224994611697
332.13990569114685,4.02507640302872
332.1409020423889,4.009865431191121
332.14191126823425,3.9952310628256194
332.14191126823425,3.979910360295185
332.14191126823425,3.964458421481942
332.34218978881836,3.9487760832807677
332.34324955940247,3.93341051075072
332.3442485332489,3.9181649433102157
332.3442485332489,3.903151184481969
332.3892500400543,3.8879167125113123
332.5912516117096,3.8727408605366227
332.59225368499756,3.857589818078711
332.59225368499756,3.842503827008329
332.5932536125183,3.8273268984919064
332.638370513916,3.8115523838891
332.7954411506653,3.796287868001526
332.7983672618866,3.7807553273185053
332.800443649292,3.7644763435749162
332.8433074951172,3.7489115256300516
332.89074540138245,3.733214359776191
333.0612111091614,3.718396451742477
333.0632085800171,3.7028439095220955
333.06420969963074,3.6884503181194708
333.09162497520447,3.6745380958526894
333.3428227901459,3.6590516027564677
333.34482884407043,3.6440936660724508
333.34682965278625,3.629100387245494
333.3497591018677,3.614788870744673
333.3527584075928,3.6006391730464147
333.59337615966797,3.586446581401838
333.59537839889526,3.572517521644875
333.5983772277832,3.5589335740722294
333.6003785133362,3.5455011669814804
333.60337567329407,3.531987925119812
333.84378576278687,3.51853315435939
333.84584307670593,3.499320591823769
333.8487722873688,3.478653171278837
333.8507754802704,3.4584528978602407
333.8527750968933,3.4383342085622584
333.8917729854584,3.4200836907838172
334.15129566192627,3.4024350836883914
