"Data Set 1:Time(s)","Data Set 1:Force(N)","Data Set 1:Respiration Rate(bpm)"
0,3.203826904296875,14.553014755249023
0.10000000000000001,3.352020263671875,
0.20000000000000001,3.5206527709960938,
0.29999999999999999,3.5436477661132812,
0.40000000000000002,3.5308685302734375,
0.5,3.4925460815429688,
0.59999999999999998,3.4312210083007812,
0.69999999999999996,3.35968017578125,
0.80000000000000004,3.2932510375976562,
0.90000000000000002,3.2344894409179688,
1,3.1578369140625,
1.1000000000000001,3.0862960815429688,
1.2,3.037750244140625,
1.3,3.0045394897460938,
1.3999999999999999,2.9789886474609375,
1.5,2.9611053466796875,
1.6000000000000001,2.9508819580078125,
1.7,2.9406661987304688,
1.8,2.9227752685546875,
1.8999999999999999,2.9125595092773438,
2,2.9023361206054688,
2.1000000000000001,2.8946762084960938,
2.2000000000000002,2.8972320556640625,
2.2999999999999998,2.8997802734375,
2.3999999999999999,2.8997802734375,
2.5,2.8997802734375,
2.6000000000000001,2.9023361206054688,
2.7000000000000002,2.9304428100585938,
2.7999999999999998,2.9866561889648438,
2.8999999999999999,3.0607452392578125,
3,3.1348419189453125,
3.1000000000000001,3.2063827514648438,
3.2000000000000002,3.2728118896484375,
3.2999999999999998,3.3366851806640625,
3.3999999999999999,3.4107818603515625,
3.5,3.479766845703125,
3.6000000000000001,3.5283126831054688,
3.7000000000000002,3.5589752197265625,
3.7999999999999998,3.5666427612304688,
3.8999999999999999,3.5410919189453125,
4,3.4925460815429688,
4.0999999999999996,3.43377685546875,
4.2000000000000002,3.369903564453125,
4.2999999999999998,3.295806884765625,
4.4000000000000004,3.2191619873046875,
4.5,3.1527252197265625,
4.5999999999999996,3.0990753173828125,
4.7000000000000002,3.058197021484375,
4.7999999999999998,3.0147552490234375,
4.9000000000000004,2.9636611938476562,
5,2.9355545043945312,
5.0999999999999996,2.9329986572265625,
5.2000000000000002,2.9304428100585938,
5.2999999999999998,2.9355545043945312,
5.4000000000000004,2.9432220458984375,
5.5,2.9381103515625,
5.5999999999999996,2.9329986572265625,
5.7000000000000002,2.9355545043945312,
5.7999999999999998,2.9329986572265625,
5.9000000000000004,2.9227752685546875,
6,2.9227752685546875,
6.0999999999999996,2.927886962890625,
6.2000000000000002,2.9304428100585938,
6.2999999999999998,2.9304428100585938,
6.4000000000000004,2.9304428100585938,
6.5,2.9304428100585938,
6.5999999999999996,2.945770263671875,
6.7000000000000002,2.9815444946289062,
6.7999999999999998,3.037750244140625,
6.9000000000000004,3.1169586181640625,
7,3.2089385986328125,
7.0999999999999996,3.28814697265625,
7.2000000000000002,3.3775711059570312,
7.2999999999999998,3.4848785400390625,
7.4000000000000004,3.5870819091796875,
7.5,3.6816177368164062,
7.5999999999999996,3.7812576293945312,
7.7000000000000002,3.847686767578125,
7.7999999999999998,3.8527984619140625,
7.9000000000000004,3.8272476196289062,
8,3.794036865234375,
8.0999999999999996,3.7429351806640625,
8.1999999999999993,3.6765060424804688,
8.3000000000000007,3.6049652099609375,
8.4000000000000004,3.5283126831054688,
8.5,3.444000244140625,
8.5999999999999996,3.369903564453125,
8.6999999999999993,3.2932510375976562,
8.8000000000000007,3.2191619873046875,
8.9000000000000004,3.1603927612304688,
9,3.10418701171875,
9.0999999999999996,3.0505294799804688,
9.1999999999999993,3.01220703125,
9.3000000000000007,2.9892120361328125,
9.4000000000000004,2.9764328002929688,
9.5,2.9713211059570312,
9.5999999999999996,2.9611053466796875,
9.6999999999999993,2.9432220458984375,
9.8000000000000007,2.9355545043945312,
9.9000000000000004,2.9381103515625,
10,2.9355545043945312,15.140591621398926
10.1,2.9329986572265625,
10.199999999999999,2.9355545043945312,
10.300000000000001,2.9355545043945312,
10.4,2.9406661987304688,
10.5,2.945770263671875,
10.6,2.945770263671875,
10.699999999999999,2.9534378051757812,
10.800000000000001,2.9815444946289062,
10.9,3.0428619384765625,
11,3.1246261596679688,
11.1,3.2089385986328125,
11.199999999999999,3.2855911254882812,
11.300000000000001,3.3545761108398438,
11.4,3.4286651611328125,
11.5,3.518096923828125,
11.6,3.6049652099609375,
11.699999999999999,3.6816177368164062,
11.800000000000001,3.755706787109375,
11.9,3.8246917724609375,
12,3.847686767578125,
12.1,3.8144760131835938,
12.199999999999999,3.748046875,
12.300000000000001,3.6969451904296875,
12.4,3.6432876586914062,
12.5,3.5691909790039062,
12.6,3.4874343872070312,
12.699999999999999,3.4133377075195312,
12.800000000000001,3.3469085693359375,
12.9,3.2906951904296875,
13,3.2396011352539062,
13.1,3.1936111450195312,
13.199999999999999,3.1527252197265625,
13.300000000000001,3.1246261596679688,
13.4,3.0914077758789062,
13.5,3.0454177856445312,
13.6,3.01220703125,
13.699999999999999,2.9968719482421875,
13.800000000000001,2.9892120361328125,
13.9,2.9789886474609375,
14,2.973876953125,
14.1,2.966217041015625,
14.199999999999999,2.9687652587890625,
14.300000000000001,2.973876953125,
14.4,2.9713211059570312,
14.5,2.966217041015625,
14.6,2.9892120361328125,
14.699999999999999,3.0607452392578125,
14.800000000000001,3.1527252197265625,
14.9,3.2472610473632812,
15,3.3366851806640625,
15.1,3.426116943359375,
15.199999999999999,3.5232009887695312,
15.300000000000001,3.610076904296875,
15.4,3.6765060424804688,
15.5,3.7301559448242188,
15.6,3.7914810180664062,
15.699999999999999,3.8374710083007812,
15.800000000000001,3.8502426147460938,
15.9,3.8451309204101562,
16,3.811920166015625,
16.100000000000001,3.7506027221679688,
16.199999999999999,3.6867218017578125,
16.300000000000001,3.61773681640625,
16.399999999999999,3.5461959838867188,
16.5,3.4874343872070312,
16.600000000000001,3.426116943359375,
16.699999999999999,3.35968017578125,
16.800000000000001,3.3085861206054688,
16.899999999999999,3.2651519775390625,
17,3.2242660522460938,
17.100000000000001,3.1987152099609375,
17.199999999999999,3.1833877563476562,
17.300000000000001,3.1782760620117188,
17.399999999999999,3.1910552978515625,
17.5,3.2166061401367188,
17.600000000000001,3.2370452880859375,
17.699999999999999,3.2651519775390625,
17.800000000000001,3.28814697265625,
17.899999999999999,3.2983627319335938,
18,3.3085861206054688,
18.100000000000001,3.3290252685546875,
18.199999999999999,3.3469085693359375,
18.300000000000001,3.3469085693359375,
18.399999999999999,3.3366851806640625,
18.5,3.3443527221679688,
18.600000000000001,3.369903564453125,
18.699999999999999,3.3775711059570312,
18.800000000000001,3.3724594116210938,
18.899999999999999,3.3673477172851562,
19,3.3750152587890625,
19.100000000000001,3.4158935546875,
19.199999999999999,3.4669952392578125,
19.300000000000001,3.5027618408203125,
19.399999999999999,3.5334243774414062,
19.5,3.5589752197265625,
19.600000000000001,3.5768585205078125,
19.699999999999999,3.5743026733398438,
19.800000000000001,3.5410919189453125,
19.899999999999999,3.5206527709960938,
20,3.5487518310546875,15.384614944458008
20.100000000000001,3.5947418212890625,
20.199999999999999,3.6151809692382812,
20.300000000000001,3.599853515625,
20.399999999999999,3.5794143676757812,
20.5,3.5334243774414062,
20.600000000000001,3.444000244140625,
20.699999999999999,3.3724594116210938,
20.800000000000001,3.3443527221679688,
20.899999999999999,3.3111419677734375,
21,3.242156982421875,
21.100000000000001,3.1629486083984375,
21.199999999999999,3.1322860717773438,
21.300000000000001,3.150177001953125,
21.399999999999999,3.1552810668945312,
21.5,3.1246261596679688,
21.600000000000001,3.093963623046875,
21.699999999999999,3.083740234375,
21.800000000000001,3.0862960815429688,
21.899999999999999,3.0914077758789062,
22,3.093963623046875,
22.100000000000001,3.0888519287109375,
22.199999999999999,3.083740234375,
22.300000000000001,3.0786361694335938,
22.399999999999999,3.0786361694335938,
22.5,3.0811920166015625,
22.600000000000001,3.0811920166015625,
22.699999999999999,3.0862960815429688,
22.800000000000001,3.0990753173828125,
22.899999999999999,3.1195144653320312,
23,3.1552810668945312,
23.100000000000001,3.2012710571289062,
23.199999999999999,3.24981689453125,
23.300000000000001,3.3009185791015625,
23.399999999999999,3.3366851806640625,
23.5,3.35968017578125,
23.600000000000001,3.3826751708984375,
23.699999999999999,3.4158935546875,
23.800000000000001,3.4414443969726562,
23.899999999999999,3.4363327026367188,
24,3.4286651611328125,
24.100000000000001,3.4465560913085938,
24.199999999999999,3.4874343872070312,
24.300000000000001,3.5232009887695312,
24.399999999999999,3.5385360717773438,
24.5,3.5283126831054688,
24.600000000000001,3.5104293823242188,
24.699999999999999,3.4874343872070312,
24.800000000000001,3.4491119384765625,
24.899999999999999,3.4031219482421875,
25,3.3571319580078125,
25.100000000000001,3.3085861206054688,
25.199999999999999,3.2753677368164062,
25.300000000000001,3.2472610473632812,
25.399999999999999,3.2242660522460938,
25.5,3.203826904296875,
25.600000000000001,3.1706161499023438,
25.699999999999999,3.1425094604492188,
25.800000000000001,3.1348419189453125,
25.899999999999999,3.1373977661132812,
26,3.1450653076171875,
26.100000000000001,3.1552810668945312,
26.199999999999999,3.1603927612304688,
26.300000000000001,3.1731719970703125,
26.399999999999999,3.1833877563476562,
26.5,3.1833877563476562,
26.600000000000001,3.1833877563476562,
26.699999999999999,3.1884994506835938,
26.800000000000001,3.1910552978515625,
26.899999999999999,3.1936111450195312,
27,3.1987152099609375,
27.100000000000001,3.2012710571289062,
27.199999999999999,3.2012710571289062,
27.300000000000001,3.203826904296875,
27.399999999999999,3.1987152099609375,
27.5,3.1910552978515625,
27.600000000000001,3.1961669921875,
27.699999999999999,3.2012710571289062,
27.800000000000001,3.2166061401367188,
27.899999999999999,3.2651519775390625,
28,3.334136962890625,
28.100000000000001,3.405670166015625,
28.199999999999999,3.489990234375,
28.300000000000001,3.5615310668945312,
28.399999999999999,3.6202926635742188,
28.5,3.702056884765625,
28.600000000000001,3.8042526245117188,
28.699999999999999,3.8681259155273438,
28.800000000000001,3.8783493041992188,
28.899999999999999,3.8502426147460938,
29,3.7991409301757812,
29.100000000000001,3.7531509399414062,
29.199999999999999,3.69183349609375,
29.300000000000001,3.6126327514648438,
29.399999999999999,3.5410919189453125,
29.5,3.4644393920898438,
29.600000000000001,3.3928985595703125,
29.699999999999999,3.341796875,
29.800000000000001,3.295806884765625,
29.899999999999999,3.2574844360351562,
30,3.2370452880859375,0
30.100000000000001,3.2293777465820312,
30.199999999999999,3.2089385986328125,
30.300000000000001,3.1910552978515625,
30.399999999999999,3.185943603515625,
30.5,3.1833877563476562,
30.600000000000001,3.1782760620117188,
30.699999999999999,3.1706161499023438,
30.800000000000001,3.1655044555664062,
30.899999999999999,3.1655044555664062,
31,3.1731719970703125,
31.100000000000001,3.1731719970703125,
31.199999999999999,3.1655044555664062,
31.300000000000001,3.168060302734375,
31.399999999999999,3.1731719970703125,
31.5,3.1782760620117188,
31.600000000000001,3.1808319091796875,
31.699999999999999,3.185943603515625,
31.800000000000001,3.1910552978515625,
31.899999999999999,3.2089385986328125,
32,3.24981689453125,
32.100000000000001,3.3162460327148438,
32.200000000000003,3.3928985595703125,
32.299999999999997,3.489990234375,
32.399999999999999,3.599853515625,
32.5,3.6892776489257812,
32.600000000000001,3.7633743286132812,
32.700000000000003,3.84002685546875,
32.799999999999997,3.9115676879882812,
32.899999999999999,3.977996826171875,
33,4.0035476684570312,
33.100000000000001,3.9907684326171875,
33.200000000000003,3.9907684326171875,
33.299999999999997,3.9703292846679688,
33.399999999999999,3.9090118408203125,
33.5,3.8451309204101562,
33.600000000000001,3.7608184814453125,
33.700000000000003,3.6688385009765625,
33.799999999999997,3.5947418212890625,
33.899999999999999,3.5308685302734375,
34,3.4772109985351562,
34.100000000000001,3.4286651611328125,
34.200000000000003,3.3647918701171875,
34.299999999999997,3.3009185791015625,
34.399999999999999,3.2523727416992188,
34.5,3.2166061401367188,
34.600000000000001,3.1987152099609375,
34.700000000000003,3.1961669921875,
34.799999999999997,3.1782760620117188,
34.899999999999999,3.1552810668945312,
35,3.1552810668945312,
35.100000000000001,3.1552810668945312,
35.200000000000003,3.1476211547851562,
35.299999999999997,3.13995361328125,
35.399999999999999,3.1322860717773438,
35.5,3.1271820068359375,
35.600000000000001,3.1348419189453125,
35.700000000000003,3.1425094604492188,
35.799999999999997,3.1373977661132812,
35.899999999999999,3.1348419189453125,
36,3.1348419189453125,
36.100000000000001,3.1322860717773438,
36.200000000000003,3.1527252197265625,
36.299999999999997,3.2063827514648438,
36.399999999999999,3.2855911254882812,
36.5,3.380126953125,
36.600000000000001,3.479766845703125,
36.700000000000003,3.5743026733398438,
36.799999999999997,3.6611709594726562,
36.899999999999999,3.7429351806640625,
37,3.811920166015625,
37.100000000000001,3.8681259155273438,
37.200000000000003,3.921783447265625,
37.299999999999997,3.9703292846679688,
37.399999999999999,3.9984359741210938,
37.5,3.9907684326171875,
37.600000000000001,3.9550018310546875,
37.700000000000003,3.8936767578125,
37.799999999999997,3.8144760131835938,
37.899999999999999,3.7352676391601562,
38,3.65606689453125,
38.100000000000001,3.5743026733398438,
38.200000000000003,3.5053176879882812,
38.299999999999997,3.4414443969726562,
38.399999999999999,3.3775711059570312,
38.5,3.334136962890625,
38.600000000000001,3.28814697265625,
38.700000000000003,3.2268218994140625,
38.799999999999997,3.185943603515625,
38.899999999999999,3.1706161499023438,
39,3.1552810668945312,
39.100000000000001,3.1450653076171875,
39.200000000000003,3.1425094604492188,
39.299999999999997,3.13995361328125,
39.399999999999999,3.1373977661132812,
39.5,3.13995361328125,
39.600000000000001,3.1425094604492188,
39.700000000000003,3.1348419189453125,
39.799999999999997,3.129730224609375,
39.899999999999999,3.1322860717773438,
40,3.129730224609375,14.17322826385498
40.100000000000001,3.1246261596679688,
40.200000000000003,3.1271820068359375,
40.299999999999997,3.150177001953125,
40.399999999999999,3.2089385986328125,
40.5,3.2983627319335938,
40.600000000000001,3.3928985595703125,
40.700000000000003,3.4823226928710938,
40.799999999999997,3.5768585205078125,
40.899999999999999,3.65606689453125,
41,3.7224960327148438,
41.100000000000001,3.7889251708984375,
41.200000000000003,3.8502426147460938,
41.299999999999997,3.903900146484375,
41.399999999999999,3.939666748046875,
41.5,3.9268951416015625,
41.600000000000001,3.8732376098632812,
41.700000000000003,3.8093643188476562,
41.799999999999997,3.7429351806640625,
41.899999999999999,3.6662826538085938,
42,3.5768585205078125,
42.100000000000001,3.4772109985351562,
42.200000000000003,3.3775711059570312,
42.299999999999997,3.2804794311523438,
42.399999999999999,3.1961669921875,
42.5,3.1246261596679688,
42.600000000000001,3.0811920166015625,
42.700000000000003,3.06585693359375,
42.799999999999997,3.0556411743164062,
42.899999999999999,3.0479736328125,
43,3.0479736328125,
43.100000000000001,3.0454177856445312,
43.200000000000003,3.0454177856445312,
43.299999999999997,3.0505294799804688,
43.399999999999999,3.0530853271484375,
43.5,3.0505294799804688,
43.600000000000001,3.0505294799804688,
43.700000000000003,3.0556411743164062,
43.799999999999997,3.0556411743164062,
43.899999999999999,3.0556411743164062,
44,3.0607452392578125,
44.100000000000001,3.0914077758789062,
44.200000000000003,3.1603927612304688,
44.299999999999997,3.2574844360351562,
44.399999999999999,3.3494644165039062,
44.5,3.4465560913085938,
44.600000000000001,3.5461959838867188,
44.700000000000003,3.6356277465820312,
44.799999999999997,3.7173843383789062,
44.899999999999999,3.7991409301757812,
45,3.85791015625,
45.100000000000001,3.8783493041992188,
45.200000000000003,3.87579345703125,
45.299999999999997,3.8349151611328125,
45.399999999999999,3.7761459350585938,
45.5,3.7173843383789062,
45.600000000000001,3.6254043579101562,
45.700000000000003,3.5002059936523438,
45.799999999999997,3.3826751708984375,
45.899999999999999,3.3085861206054688,
46,3.2702560424804688,
46.100000000000001,3.2447052001953125,
46.200000000000003,3.203826904296875,
46.299999999999997,3.1476211547851562,
46.399999999999999,3.1195144653320312,
46.5,3.10418701171875,
46.600000000000001,3.0965194702148438,
46.700000000000003,3.0965194702148438,
46.799999999999997,3.093963623046875,
46.899999999999999,3.0914077758789062,
47,3.0990753173828125,
47.100000000000001,3.1092910766601562,
47.200000000000003,3.1092910766601562,
47.299999999999997,3.10418701171875,
47.399999999999999,3.1092910766601562,
47.5,3.111846923828125,
47.600000000000001,3.111846923828125,
47.700000000000003,3.1092910766601562,
47.799999999999997,3.1067352294921875,
47.899999999999999,3.1092910766601562,
48,3.13995361328125,
48.100000000000001,3.1987152099609375,
48.200000000000003,3.2728118896484375,
48.299999999999997,3.3494644165039062,
48.399999999999999,3.4235610961914062,
48.5,3.5027618408203125,
48.600000000000001,3.5870819091796875,
48.700000000000003,3.6586227416992188,
48.799999999999997,3.6841659545898438,
48.899999999999999,3.6713943481445312,
49,3.6432876586914062,
49.100000000000001,3.6049652099609375,
49.200000000000003,3.5589752197265625,
49.299999999999997,3.489990234375,
49.399999999999999,3.4031219482421875,
49.5,3.3060302734375,
49.600000000000001,3.2242660522460938,
49.700000000000003,3.1655044555664062,
49.799999999999997,3.1271820068359375,
49.899999999999999,3.1016311645507812,
50,3.0633010864257812,0
50.100000000000001,3.0326461791992188,
50.200000000000003,3.0249786376953125,
50.299999999999997,3.019866943359375,
50.399999999999999,3.0070953369140625,
50.5,3.001983642578125,
50.600000000000001,2.9968719482421875,
50.700000000000003,2.9943161010742188,
50.799999999999997,2.9994277954101562,
50.899999999999999,2.9968719482421875,
51,2.984100341796875,
51.100000000000001,2.99176025390625,
51.200000000000003,3.0352020263671875,
51.299999999999997,3.1092910766601562,
51.399999999999999,3.2012710571289062,
51.5,3.2906951904296875,
51.600000000000001,3.3673477172851562,
51.700000000000003,3.4516677856445312,
51.799999999999997,3.553863525390625,
51.899999999999999,3.6509552001953125,
52,3.7301559448242188,
52.100000000000001,3.7787017822265625,
52.200000000000003,3.76593017578125,
52.299999999999997,3.7173843383789062,
52.399999999999999,3.663726806640625,
52.5,3.6024093627929688,
52.600000000000001,3.5410919189453125,
52.700000000000003,3.489990234375,
52.799999999999997,3.4414443969726562,
52.899999999999999,3.3775711059570312,
53,3.3034744262695312,
53.100000000000001,3.2344894409179688,
53.200000000000003,3.1731719970703125,
53.299999999999997,3.1169586181640625,
53.399999999999999,3.0684127807617188,
53.5,3.0352020263671875,
53.600000000000001,3.0070953369140625,
53.700000000000003,2.9968719482421875,
53.799999999999997,2.9815444946289062,
53.899999999999999,2.9508819580078125,
54,2.9381103515625,
54.100000000000001,2.9381103515625,
54.200000000000003,2.9381103515625,
54.299999999999997,2.9432220458984375,
54.399999999999999,2.9585494995117188,
54.5,2.984100341796875,
54.600000000000001,3.0352020263671875,
54.700000000000003,3.1067352294921875,
54.799999999999997,3.1936111450195312,
54.899999999999999,3.2906951904296875,
55,3.387786865234375,
55.100000000000001,3.4848785400390625,
55.200000000000003,3.5768585205078125,
55.299999999999997,3.6662826538085938,
55.399999999999999,3.7276077270507812,
55.5,3.737823486328125,
55.600000000000001,3.7071609497070312,
55.700000000000003,3.6330718994140625,
55.799999999999997,3.5257568359375,
55.899999999999999,3.426116943359375,
56,3.3494644165039062,
56.100000000000001,3.2753677368164062,
56.200000000000003,3.2089385986328125,
56.299999999999997,3.1629486083984375,
56.399999999999999,3.1348419189453125,
56.5,3.1169586181640625,
56.600000000000001,3.0965194702148438,
56.700000000000003,3.0709686279296875,
56.799999999999997,3.0607452392578125,
56.899999999999999,3.0607452392578125,
57,3.0633010864257812,
57.100000000000001,3.06585693359375,
57.200000000000003,3.0633010864257812,
57.299999999999997,3.0633010864257812,
57.399999999999999,3.0735244750976562,
57.5,3.0735244750976562,
57.600000000000001,3.06585693359375,
57.700000000000003,3.058197021484375,
57.799999999999997,3.06585693359375,
57.899999999999999,3.1016311645507812,
58,3.17572021484375,
58.100000000000001,3.277923583984375,
58.200000000000003,3.3673477172851562,
58.299999999999997,3.4516677856445312,
58.399999999999999,3.5513076782226562,
58.5,3.6407318115234375,
58.600000000000001,3.6892776489257812,
58.700000000000003,3.719940185546875,
58.799999999999997,3.755706787109375,
58.899999999999999,3.7582626342773438,
59,3.7301559448242188,
59.100000000000001,3.69183349609375,
59.200000000000003,3.6535110473632812,
59.299999999999997,3.6151809692382812,
59.399999999999999,3.5666427612304688,
59.5,3.5053176879882812,
59.600000000000001,3.4388885498046875,
59.700000000000003,3.3826751708984375,
59.799999999999997,3.3443527221679688,
59.899999999999999,3.3111419677734375,
60,3.2702560424804688,16.228748321533203
60.100000000000001,3.221710205078125,
60.200000000000003,3.1936111450195312,
60.299999999999997,3.1731719970703125,
60.399999999999999,3.1425094604492188,
60.5,3.1195144653320312,
60.600000000000001,3.1092910766601562,
60.700000000000003,3.10418701171875,
60.799999999999997,3.10418701171875,
60.899999999999999,3.1067352294921875,
61,3.10418701171875,
61.100000000000001,3.1067352294921875,
61.200000000000003,3.1067352294921875,
61.299999999999997,3.0990753173828125,
61.399999999999999,3.0914077758789062,
61.5,3.0914077758789062,
61.600000000000001,3.10418701171875,
61.700000000000003,3.1348419189453125,
61.799999999999997,3.1987152099609375,
61.899999999999999,3.28814697265625,
62,3.3826751708984375,
62.100000000000001,3.4823226928710938,
62.200000000000003,3.5845260620117188,
62.299999999999997,3.663726806640625,
62.399999999999999,3.7327117919921875,
62.5,3.80169677734375,
62.600000000000001,3.80169677734375,
62.700000000000003,3.7454910278320312,
62.799999999999997,3.69183349609375,
62.899999999999999,3.6254043579101562,
63,3.5615310668945312,
63.100000000000001,3.5129852294921875,
63.200000000000003,3.4465560913085938,
63.299999999999997,3.3750152587890625,
63.399999999999999,3.32391357421875,
63.5,3.2830352783203125,
63.600000000000001,3.2447052001953125,
63.700000000000003,3.2114944458007812,
63.799999999999997,3.1808319091796875,
63.899999999999999,3.1552810668945312,
64,3.1425094604492188,
64.099999999999994,3.1425094604492188,
64.200000000000003,3.1373977661132812,
64.299999999999997,3.1195144653320312,
64.400000000000006,3.1144027709960938,
64.5,3.1220703125,
64.599999999999994,3.1246261596679688,
64.700000000000003,3.129730224609375,
64.799999999999997,3.1348419189453125,
64.900000000000006,3.1348419189453125,
65,3.1373977661132812,
65.099999999999994,3.1425094604492188,
65.200000000000003,3.1425094604492188,
65.299999999999997,3.1348419189453125,
65.400000000000006,3.129730224609375,
65.5,3.1373977661132812,
65.599999999999994,3.1629486083984375,
65.700000000000003,3.2293777465820312,
65.799999999999997,3.3162460327148438,
65.900000000000006,3.39801025390625,
66,3.479766845703125,
66.099999999999994,3.553863525390625,
66.200000000000003,3.6356277465820312,
66.299999999999997,3.702056884765625,
66.400000000000006,3.7582626342773438,
66.5,3.8170318603515625,
66.599999999999994,3.8272476196289062,
66.700000000000003,3.7863693237304688,
66.799999999999997,3.7352676391601562,
66.900000000000006,3.6816177368164062,
67,3.5972976684570312,
67.099999999999994,3.5155410766601562,
67.200000000000003,3.4491119384765625,
67.299999999999997,3.380126953125,
67.400000000000006,3.3188018798828125,
67.5,3.277923583984375,
67.599999999999994,3.2549285888671875,
67.700000000000003,3.2344894409179688,
67.799999999999997,3.2089385986328125,
67.900000000000006,3.1833877563476562,
68,3.1655044555664062,
68.099999999999994,3.1655044555664062,
68.200000000000003,3.1629486083984375,
68.299999999999997,3.150177001953125,
68.400000000000006,3.13995361328125,
68.5,3.1373977661132812,
68.599999999999994,3.1373977661132812,
68.700000000000003,3.1348419189453125,
68.799999999999997,3.1348419189453125,
68.900000000000006,3.1373977661132812,
69,3.1578369140625,
69.099999999999994,3.221710205078125,
69.200000000000003,3.3085861206054688,
69.299999999999997,3.3954544067382812,
69.400000000000006,3.4874343872070312,
69.5,3.5845260620117188,
69.599999999999994,3.6995010375976562,
69.700000000000003,3.829803466796875,
69.799999999999997,3.939666748046875,
69.900000000000006,4.0265426635742188,
70,4.0955276489257812,16.806722640991211
70.099999999999994,4.0955276489257812,
70.200000000000003,4.031646728515625,
70.299999999999997,3.9550018310546875,
70.400000000000006,3.8783493041992188,
70.5,3.794036865234375,
70.599999999999994,3.709716796875,
70.700000000000003,3.6381759643554688,
70.799999999999997,3.5768585205078125,
70.900000000000006,3.5283126831054688,
71,3.489990234375,
71.099999999999994,3.4414443969726562,
71.200000000000003,3.3826751708984375,
71.299999999999997,3.3469085693359375,
71.400000000000006,3.32391357421875,
71.5,3.3034744262695312,
71.599999999999994,3.2728118896484375,
71.700000000000003,3.242156982421875,
71.799999999999997,3.2268218994140625,
71.900000000000006,3.221710205078125,
72,3.221710205078125,
72.099999999999994,3.2191619873046875,
72.200000000000003,3.2114944458007812,
72.299999999999997,3.2063827514648438,
72.400000000000006,3.2063827514648438,
72.5,3.203826904296875,
72.599999999999994,3.203826904296875,
72.700000000000003,3.203826904296875,
72.799999999999997,3.2114944458007812,
72.900000000000006,3.24981689453125,
73,3.3188018798828125,
73.099999999999994,3.387786865234375,
73.200000000000003,3.4746627807617188,
73.299999999999997,3.5743026733398438,
73.400000000000006,3.6790618896484375,
73.5,3.7914810180664062,
73.599999999999994,3.8987884521484375,
73.700000000000003,3.9728851318359375,
73.799999999999997,4.0060958862304688,
73.900000000000006,4.0009918212890625,
74,3.9575576782226562,
74.099999999999994,3.8783493041992188,
74.200000000000003,3.7761459350585938,
74.299999999999997,3.6790618896484375,
74.400000000000006,3.5921859741210938,
74.5,3.5027618408203125,
74.599999999999994,3.4286651611328125,
74.700000000000003,3.3622360229492188,
74.799999999999997,3.3085861206054688,
74.900000000000006,3.2702560424804688,
75,3.2472610473632812,
75.099999999999994,3.2268218994140625,
75.200000000000003,3.2114944458007812,
75.299999999999997,3.2114944458007812,
75.400000000000006,3.2114944458007812,
75.5,3.2063827514648438,
75.599999999999994,3.2012710571289062,
75.700000000000003,3.1961669921875,
75.799999999999997,3.2012710571289062,
75.900000000000006,3.2063827514648438,
76,3.2063827514648438,
76.099999999999994,3.2012710571289062,
76.200000000000003,3.1987152099609375,
76.299999999999997,3.2012710571289062,
76.400000000000006,3.2012710571289062,
76.5,3.203826904296875,
76.599999999999994,3.2344894409179688,
76.700000000000003,3.3060302734375,
76.799999999999997,3.39801025390625,
76.900000000000006,3.5053176879882812,
77,3.6228485107421875,
77.099999999999994,3.7148284912109375,
77.200000000000003,3.7735977172851562,
77.299999999999997,3.8068084716796875,
77.400000000000006,3.8349151611328125,
77.5,3.8732376098632812,
77.599999999999994,3.9013442993164062,
77.700000000000003,3.8834609985351562,
77.799999999999997,3.8195877075195312,
77.900000000000006,3.719940185546875,
78,3.599853515625,
78.099999999999994,3.5053176879882812,
78.200000000000003,3.4363327026367188,
78.299999999999997,3.3826751708984375,
78.400000000000006,3.341796875,
78.5,3.2932510375976562,
78.599999999999994,3.2396011352539062,
78.700000000000003,3.2063827514648438,
78.799999999999997,3.1884994506835938,
78.900000000000006,3.1629486083984375,
79,3.1373977661132812,
79.099999999999994,3.1322860717773438,
79.200000000000003,3.129730224609375,
79.299999999999997,3.1246261596679688,
79.400000000000006,3.1195144653320312,
79.5,3.1169586181640625,
79.599999999999994,3.1144027709960938,
79.700000000000003,3.111846923828125,
79.799999999999997,3.1092910766601562,
79.900000000000006,3.10418701171875,
80,3.1144027709960938,16.496465682983398
80.099999999999994,3.1578369140625,
80.200000000000003,3.2370452880859375,
80.299999999999997,3.334136962890625,
80.400000000000006,3.4235610961914062,
80.5,3.489990234375,
80.599999999999994,3.553863525390625,
80.700000000000003,3.6381759643554688,
80.799999999999997,3.7327117919921875,
80.900000000000006,3.7965927124023438,
81,3.7991409301757812,
81.099999999999994,3.7863693237304688,
81.200000000000003,3.7761459350585938,
81.299999999999997,3.7429351806640625,
81.400000000000006,3.7071609497070312,
81.5,3.6586227416992188,
81.599999999999994,3.6024093627929688,
81.700000000000003,3.5513076782226562,
81.799999999999997,3.5002059936523438,
81.900000000000006,3.444000244140625,
82,3.387786865234375,
82.099999999999994,3.3213577270507812,
82.200000000000003,3.2549285888671875,
82.299999999999997,3.2012710571289062,
82.400000000000006,3.1527252197265625,
82.5,3.111846923828125,
82.599999999999994,3.0811920166015625,
82.700000000000003,3.0454177856445312,
82.799999999999997,3.0173110961914062,
82.900000000000006,3.0070953369140625,
83,3.0070953369140625,
83.099999999999994,3.001983642578125,
83.200000000000003,3.001983642578125,
83.299999999999997,3.0070953369140625,
83.400000000000006,3.0070953369140625,
83.5,3.0070953369140625,
83.599999999999994,3.01220703125,
83.700000000000003,3.0070953369140625,
83.799999999999997,2.9994277954101562,
83.900000000000006,2.9968719482421875,
84,2.9968719482421875,
84.099999999999994,2.99176025390625,
84.200000000000003,2.9968719482421875,
84.299999999999997,3.0096511840820312,
84.400000000000006,3.0275344848632812,
84.5,3.0735244750976562,
84.599999999999994,3.1450653076171875,
84.700000000000003,3.221710205078125,
84.799999999999997,3.3060302734375,
84.900000000000006,3.3954544067382812,
85,3.4848785400390625,
85.099999999999994,3.5615310668945312,
85.200000000000003,3.6356277465820312,
85.299999999999997,3.69183349609375,
85.400000000000006,3.7173843383789062,
85.5,3.7224960327148438,
85.599999999999994,3.6995010375976562,
85.700000000000003,3.6483993530273438,
85.799999999999997,3.5921859741210938,
85.900000000000006,3.5410919189453125,
86,3.4874343872070312,
86.099999999999994,3.426116943359375,
86.200000000000003,3.3673477172851562,
86.299999999999997,3.3060302734375,
86.400000000000006,3.2523727416992188,
86.5,3.2191619873046875,
86.599999999999994,3.1706161499023438,
86.700000000000003,3.0990753173828125,
86.799999999999997,3.0505294799804688,
86.900000000000006,3.0403060913085938,
87,3.0505294799804688,
87.099999999999994,3.0684127807617188,
87.200000000000003,3.0735244750976562,
87.299999999999997,3.0735244750976562,
87.400000000000006,3.0811920166015625,
87.5,3.083740234375,
87.599999999999994,3.076080322265625,
87.700000000000003,3.076080322265625,
87.799999999999997,3.0786361694335938,
87.900000000000006,3.0786361694335938,
88,3.0811920166015625,
88.099999999999994,3.083740234375,
88.200000000000003,3.083740234375,
88.299999999999997,3.0888519287109375,
88.400000000000006,3.0862960815429688,
88.5,3.083740234375,
88.599999999999994,3.1016311645507812,
88.700000000000003,3.1450653076171875,
88.799999999999997,3.2114944458007812,
88.900000000000006,3.2932510375976562,
89,3.3852310180664062,
89.099999999999994,3.4925460815429688,
89.200000000000003,3.6228485107421875,
89.299999999999997,3.7352676391601562,
89.400000000000006,3.8170318603515625,
89.5,3.886016845703125,
89.599999999999994,3.9447784423828125,
89.700000000000003,3.9626617431640625,
89.799999999999997,3.9166717529296875,
89.900000000000006,3.8425827026367188,
90,3.7710418701171875,15.486725807189941
90.099999999999994,3.7173843383789062,
90.200000000000003,3.6688385009765625,
90.299999999999997,3.5972976684570312,
90.400000000000006,3.4976577758789062,
90.5,3.39801025390625,
90.599999999999994,3.3290252685546875,
90.700000000000003,3.2906951904296875,
90.799999999999997,3.260040283203125,
90.900000000000006,3.2293777465820312,
91,3.1987152099609375,
91.099999999999994,3.1833877563476562,
91.200000000000003,3.1655044555664062,
91.299999999999997,3.150177001953125,
91.400000000000006,3.1552810668945312,
91.5,3.1655044555664062,
91.599999999999994,3.168060302734375,
91.700000000000003,3.1629486083984375,
91.799999999999997,3.1603927612304688,
91.900000000000006,3.1655044555664062,
92,3.1655044555664062,
92.099999999999994,3.1731719970703125,
92.200000000000003,3.1884994506835938,
92.299999999999997,3.1987152099609375,
92.400000000000006,3.1936111450195312,
92.5,3.1808319091796875,
92.599999999999994,3.17572021484375,
92.700000000000003,3.185943603515625,
92.799999999999997,3.1987152099609375,
92.900000000000006,3.2166061401367188,
93,3.277923583984375,
93.099999999999994,3.3750152587890625,
93.200000000000003,3.4848785400390625,
93.299999999999997,3.61773681640625,
93.400000000000006,3.7633743286132812,
93.5,3.903900146484375,
93.599999999999994,4.0214309692382812,
93.700000000000003,4.0955276489257812,
93.799999999999997,4.1312942504882812,
93.900000000000006,4.1466217041015625,
94,4.1389617919921875,
94.099999999999994,4.0980758666992188,
94.200000000000003,4.0444259643554688,
94.299999999999997,3.9882125854492188,
94.400000000000006,3.921783447265625,
94.5,3.84002685546875,
94.599999999999994,3.7276077270507812,
94.700000000000003,3.5334243774414062,
94.799999999999997,3.3494644165039062,
94.900000000000006,3.277923583984375,
95,3.24981689453125,
95.099999999999994,3.2370452880859375,
95.200000000000003,3.2344894409179688,
95.299999999999997,3.221710205078125,
95.400000000000006,3.1936111450195312,
95.5,3.1655044555664062,
95.599999999999994,3.1603927612304688,
95.700000000000003,3.1655044555664062,
95.799999999999997,3.1578369140625,
95.900000000000006,3.1450653076171875,
96,3.13995361328125,
96.099999999999994,3.1425094604492188,
96.200000000000003,3.150177001953125,
96.299999999999997,3.1552810668945312,
96.400000000000006,3.1450653076171875,
96.5,3.13995361328125,
96.599999999999994,3.1348419189453125,
96.700000000000003,3.1322860717773438,
96.799999999999997,3.129730224609375,
96.900000000000006,3.1322860717773438,
97,3.1348419189453125,
97.099999999999994,3.1476211547851562,
97.200000000000003,3.2012710571289062,
97.299999999999997,3.2932510375976562,
97.400000000000006,3.387786865234375,
97.5,3.489990234375,
97.599999999999994,3.6024093627929688,
97.700000000000003,3.7046127319335938,
97.799999999999997,3.8042526245117188,
97.900000000000006,3.8911209106445312,
98,3.9524459838867188,
98.099999999999994,4.0112075805664062,
98.200000000000003,4.0520858764648438,
98.299999999999997,4.0393142700195312,
98.400000000000006,3.9831008911132812,
98.5,3.9192276000976562,
98.599999999999994,3.8374710083007812,
98.700000000000003,3.7276077270507812,
98.799999999999997,3.6407318115234375,
98.900000000000006,3.5691909790039062,
99,3.5104293823242188,
99.099999999999994,3.4593276977539062,
99.200000000000003,3.3903427124023438,
99.299999999999997,3.3290252685546875,
99.400000000000006,3.3034744262695312,
99.5,3.2932510375976562,
99.599999999999994,3.2830352783203125,
99.700000000000003,3.2651519775390625,
99.799999999999997,3.24981689453125,
99.900000000000006,3.242156982421875,
100,3.242156982421875,14.914772987365723
100.09999999999999,3.2191619873046875,
100.2,3.1961669921875,
100.3,3.1910552978515625,
100.40000000000001,3.185943603515625,
100.5,3.1884994506835938,
100.59999999999999,3.1936111450195312,
100.7,3.1936111450195312,
100.8,3.1884994506835938,
100.90000000000001,3.1961669921875,
101,3.1987152099609375,
101.09999999999999,3.1910552978515625,
101.2,3.1884994506835938,
101.3,3.1961669921875,
101.40000000000001,3.2063827514648438,
101.5,3.2268218994140625,
101.59999999999999,3.277923583984375,
101.7,3.3673477172851562,
101.8,3.4772109985351562,
101.90000000000001,3.5896377563476562,
102,3.6816177368164062,
102.09999999999999,3.7761459350585938,
102.2,3.8706817626953125,
102.3,3.9345626831054688,
102.40000000000001,3.9677734375,
102.5,3.9805526733398438,
102.59999999999999,3.9831008911132812,
102.7,3.9703292846679688,
102.8,3.9192276000976562,
102.90000000000001,3.84002685546875,
103,3.7684860229492188,
103.09999999999999,3.7173843383789062,
103.2,3.6662826538085938,
103.3,3.6024093627929688,
103.40000000000001,3.5334243774414062,
103.5,3.4746627807617188,
103.59999999999999,3.4286651611328125,
103.7,3.3826751708984375,
103.8,3.3366851806640625,
103.90000000000001,3.3009185791015625,
104,3.2728118896484375,
104.09999999999999,3.24981689453125,
104.2,3.2293777465820312,
104.3,3.2166061401367188,
104.40000000000001,3.2166061401367188,
104.5,3.2242660522460938,
104.59999999999999,3.2268218994140625,
104.7,3.2268218994140625,
104.8,3.23193359375,
104.90000000000001,3.1936111450195312,
105,3.093963623046875,
105.09999999999999,3.0352020263671875,
105.2,3.0249786376953125,
105.3,3.0249786376953125,
105.40000000000001,3.0326461791992188,
105.5,3.0428619384765625,
105.59999999999999,3.0556411743164062,
105.7,3.0888519287109375,
105.8,3.13995361328125,
105.90000000000001,3.203826904296875,
106,3.2855911254882812,
106.09999999999999,3.380126953125,
106.2,3.4746627807617188,
106.3,3.5640869140625,
106.40000000000001,3.6535110473632812,
106.5,3.7352676391601562,
106.59999999999999,3.8093643188476562,
106.7,3.8783493041992188,
106.8,3.9371109008789062,
106.90000000000001,3.9831008911132812,
107,4.0163192749023438,
107.09999999999999,4.0290908813476562,
107.2,4.0163192749023438,
107.3,3.977996826171875,
107.40000000000001,3.9115676879882812,
107.5,3.8323593139648438,
107.59999999999999,3.7531509399414062,
107.7,3.6713943481445312,
107.8,3.5921859741210938,
107.90000000000001,3.5232009887695312,
108,3.4567718505859375,
108.09999999999999,3.3954544067382812,
108.2,3.3469085693359375,
108.3,3.2932510375976562,
108.40000000000001,3.2523727416992188,
108.5,3.2396011352539062,
108.59999999999999,3.2370452880859375,
108.7,3.23193359375,
108.8,3.2293777465820312,
108.90000000000001,3.2242660522460938,
109,3.21405029296875,
109.09999999999999,3.21405029296875,
109.2,3.2114944458007812,
109.3,3.203826904296875,
109.40000000000001,3.1961669921875,
109.5,3.1936111450195312,
109.59999999999999,3.1936111450195312,
109.7,3.1961669921875,
109.8,3.2012710571289062,
109.90000000000001,3.2089385986328125,
110,3.23193359375,13.78254222869873
110.09999999999999,3.28814697265625,
110.2,3.3775711059570312,
110.3,3.47210693359375,
110.40000000000001,3.5666427612304688,
110.5,3.65606689453125,
110.59999999999999,3.7531509399414062,
110.7,3.8451309204101562,
110.8,3.9268951416015625,
110.90000000000001,4.0009918212890625,
111,4.0444259643554688,
111.09999999999999,4.0342025756835938,
111.2,3.9754409790039062,
111.3,3.9013442993164062,
111.40000000000001,3.84002685546875,
111.5,3.7761459350585938,
111.59999999999999,3.6995010375976562,
111.7,3.61773681640625,
111.8,3.5410919189453125,
111.90000000000001,3.4823226928710938,
112,3.4465560913085938,
112.09999999999999,3.4158935546875,
112.2,3.3724594116210938,
112.3,3.3290252685546875,
112.40000000000001,3.2983627319335938,
112.5,3.2830352783203125,
112.59999999999999,3.2728118896484375,
112.7,3.2625961303710938,
112.8,3.2574844360351562,
112.90000000000001,3.2549285888671875,
113,3.2523727416992188,
113.09999999999999,3.2447052001953125,
113.2,3.221710205078125,
113.3,3.2012710571289062,
113.40000000000001,3.1987152099609375,
113.5,3.203826904296875,
113.59999999999999,3.2089385986328125,
113.7,3.2063827514648438,
113.8,3.2012710571289062,
113.90000000000001,3.2012710571289062,
114,3.2063827514648438,
114.09999999999999,3.2089385986328125,
114.2,3.2063827514648438,
114.3,3.2114944458007812,
114.40000000000001,3.2396011352539062,
114.5,3.295806884765625,
114.59999999999999,3.3673477172851562,
114.7,3.4363327026367188,
114.8,3.489990234375,
114.90000000000001,3.5308685302734375,
115,3.5870819091796875,
115.09999999999999,3.65606689453125,
115.2,3.709716796875,
115.3,3.7327117919921875,
115.40000000000001,3.7352676391601562,
115.5,3.7173843383789062,
115.59999999999999,3.69183349609375,
115.7,3.6713943481445312,
115.8,3.6381759643554688,
115.90000000000001,3.5870819091796875,
116,3.5283126831054688,
116.09999999999999,3.461883544921875,
116.2,3.4031219482421875,
116.3,3.3724594116210938,
116.40000000000001,3.3443527221679688,
116.5,3.3188018798828125,
116.59999999999999,3.2906951904296875,
116.7,3.2523727416992188,
116.8,3.2268218994140625,
116.90000000000001,3.2242660522460938,
117,3.21405029296875,
117.09999999999999,3.1884994506835938,
117.2,3.17572021484375,
117.3,3.1731719970703125,
117.40000000000001,3.1655044555664062,
117.5,3.168060302734375,
117.59999999999999,3.168060302734375,
117.7,3.168060302734375,
117.8,3.17572021484375,
117.90000000000001,3.17572021484375,
118,3.1833877563476562,
118.09999999999999,3.2166061401367188,
118.2,3.2855911254882812,
118.3,3.380126953125,
118.40000000000001,3.479766845703125,
118.5,3.571746826171875,
118.59999999999999,3.6432876586914062,
118.7,3.7148284912109375,
118.8,3.7914810180664062,
118.90000000000001,3.8425827026367188,
119,3.8681259155273438,
119.09999999999999,3.8706817626953125,
119.2,3.8374710083007812,
119.3,3.7812576293945312,
119.40000000000001,3.719940185546875,
119.5,3.6535110473632812,
119.59999999999999,3.5947418212890625,
119.7,3.5487518310546875,
119.8,3.5129852294921875,
119.90000000000001,3.479766845703125,
120,3.4363327026367188,14.462809562683105
120.09999999999999,3.3954544067382812,
120.2,3.35968017578125,
120.3,3.32391357421875,
120.40000000000001,3.2932510375976562,
120.5,3.2677001953125,
120.59999999999999,3.2472610473632812,
120.7,3.2242660522460938,
120.8,3.203826904296875,
120.90000000000001,3.1910552978515625,
121,3.185943603515625,
121.09999999999999,3.1833877563476562,
121.2,3.1833877563476562,
121.3,3.17572021484375,
121.40000000000001,3.1706161499023438,
121.5,3.1706161499023438,
121.59999999999999,3.1706161499023438,
121.7,3.1655044555664062,
121.8,3.1578369140625,
121.90000000000001,3.1629486083984375,
122,3.185943603515625,
122.09999999999999,3.2242660522460938,
122.2,3.3060302734375,
122.3,3.4082260131835938,
122.40000000000001,3.50787353515625,
122.5,3.6254043579101562,
122.59999999999999,3.7352676391601562,
122.7,3.8093643188476562,
122.8,3.85791015625,
122.90000000000001,3.8911209106445312,
123,3.903900146484375,
123.09999999999999,3.8732376098632812,
123.2,3.8093643188476562,
123.3,3.7301559448242188,
123.40000000000001,3.645843505859375,
123.5,3.5615310668945312,
123.59999999999999,3.4823226928710938,
123.7,3.4184494018554688,
123.8,3.380126953125,
123.90000000000001,3.341796875,
124,3.2932510375976562,
124.09999999999999,3.2472610473632812,
124.2,3.21405029296875,
124.3,3.1910552978515625,
124.40000000000001,3.185943603515625,
124.5,3.1808319091796875,
124.59999999999999,3.1603927612304688,
124.7,3.1425094604492188,
124.8,3.1373977661132812,
124.90000000000001,3.1348419189453125,
125,3.1373977661132812,
125.09999999999999,3.1348419189453125,
125.2,3.1322860717773438,
125.3,3.1322860717773438,
125.40000000000001,3.1425094604492188,
125.5,3.1731719970703125,
125.59999999999999,3.2549285888671875,
125.7,3.387786865234375,
125.8,3.5155410766601562,
125.90000000000001,3.6305160522460938,
126,3.755706787109375,
126.09999999999999,3.8681259155273438,
126.2,3.94989013671875,
126.3,4.0035476684570312,
126.40000000000001,4.0725326538085938,
126.5,4.115966796875,
126.59999999999999,4.0648651123046875,
126.7,3.9677734375,
126.8,3.8732376098632812,
126.90000000000001,3.7761459350585938,
127,3.6816177368164062,
127.09999999999999,3.5947418212890625,
127.2,3.5206527709960938,
127.3,3.47210693359375,
127.40000000000001,3.4184494018554688,
127.5,3.3545761108398438,
127.59999999999999,3.3009185791015625,
127.7,3.260040283203125,
127.8,3.2268218994140625,
127.90000000000001,3.2012710571289062,
128,3.1833877563476562,
128.09999999999999,3.1731719970703125,
128.19999999999999,3.1655044555664062,
128.30000000000001,3.1655044555664062,
128.40000000000001,3.1552810668945312,
128.5,3.1373977661132812,
128.59999999999999,3.1271820068359375,
128.69999999999999,3.1220703125,
128.80000000000001,3.1195144653320312,
128.90000000000001,3.1195144653320312,
129,3.1169586181640625,
129.09999999999999,3.1195144653320312,
129.19999999999999,3.1246261596679688,
129.30000000000001,3.1195144653320312,
129.40000000000001,3.1144027709960938,
129.5,3.1220703125,
129.59999999999999,3.1322860717773438,
129.69999999999999,3.1578369140625,
129.80000000000001,3.2166061401367188,
129.90000000000001,3.295806884765625,
130,3.3775711059570312,15.025041580200195
130.09999999999999,3.461883544921875,
130.19999999999999,3.5640869140625,
130.30000000000001,3.6739501953125,
130.40000000000001,3.7735977172851562,
130.5,3.8732376098632812,
130.59999999999999,3.9652175903320312,
130.69999999999999,4.0290908813476562,
130.80000000000001,4.05975341796875,
130.90000000000001,4.0393142700195312,
131,3.9652175903320312,
131.09999999999999,3.8630218505859375,
131.19999999999999,3.7633743286132812,
131.30000000000001,3.6739501953125,
131.40000000000001,3.6049652099609375,
131.5,3.5385360717773438,
131.59999999999999,3.4695510864257812,
131.69999999999999,3.4031219482421875,
131.80000000000001,3.3443527221679688,
131.90000000000001,3.3034744262695312,
132,3.260040283203125,
132.09999999999999,3.2063827514648438,
132.19999999999999,3.17572021484375,
132.30000000000001,3.1629486083984375,
132.40000000000001,3.1603927612304688,
132.5,3.1578369140625,
132.59999999999999,3.1527252197265625,
132.69999999999999,3.1527252197265625,
132.80000000000001,3.1552810668945312,
132.90000000000001,3.1552810668945312,
133,3.150177001953125,
133.09999999999999,3.13995361328125,
133.19999999999999,3.1348419189453125,
133.30000000000001,3.129730224609375,
133.40000000000001,3.1271820068359375,
133.5,3.129730224609375,
133.59999999999999,3.1322860717773438,
133.69999999999999,3.1373977661132812,
133.80000000000001,3.1603927612304688,
133.90000000000001,3.1961669921875,
134,3.2549285888671875,
134.09999999999999,3.3366851806640625,
134.19999999999999,3.43377685546875,
134.30000000000001,3.5385360717773438,
134.40000000000001,3.65606689453125,
134.5,3.7761459350585938,
134.59999999999999,3.8655776977539062,
134.69999999999999,3.9115676879882812,
134.80000000000001,3.921783447265625,
134.90000000000001,3.9166717529296875,
135,3.8936767578125,
135.09999999999999,3.8604660034179688,
135.19999999999999,3.8246917724609375,
135.30000000000001,3.7838134765625,
135.40000000000001,3.7301559448242188,
135.5,3.6611709594726562,
135.59999999999999,3.58197021484375,
135.69999999999999,3.5053176879882812,
135.80000000000001,3.4286651611328125,
135.90000000000001,3.3750152587890625,
136,3.35968017578125,
136.09999999999999,3.3571319580078125,
136.19999999999999,3.3392410278320312,
136.30000000000001,3.3034744262695312,
136.40000000000001,3.2625961303710938,
136.5,3.2293777465820312,
136.59999999999999,3.21405029296875,
136.69999999999999,3.1833877563476562,
136.80000000000001,3.150177001953125,
136.90000000000001,3.13995361328125,
137,3.1373977661132812,
137.09999999999999,3.1322860717773438,
137.19999999999999,3.129730224609375,
137.30000000000001,3.1246261596679688,
137.40000000000001,3.1271820068359375,
137.5,3.1552810668945312,
137.59999999999999,3.2089385986328125,
137.69999999999999,3.2753677368164062,
137.80000000000001,3.3469085693359375,
137.90000000000001,3.43377685546875,
138,3.5283126831054688,
138.09999999999999,3.6254043579101562,
138.19999999999999,3.709716796875,
138.30000000000001,3.7633743286132812,
138.40000000000001,3.7684860229492188,
138.5,3.7352676391601562,
138.59999999999999,3.6790618896484375,
138.69999999999999,3.610076904296875,
138.80000000000001,3.5589752197265625,
138.90000000000001,3.518096923828125,
139,3.4695510864257812,
139.09999999999999,3.4158935546875,
139.19999999999999,3.3622360229492188,
139.30000000000001,3.3162460327148438,
139.40000000000001,3.2728118896484375,
139.5,3.2472610473632812,
139.59999999999999,3.2268218994140625,
139.69999999999999,3.1936111450195312,
139.80000000000001,3.168060302734375,
139.90000000000001,3.1629486083984375,
140,3.1578369140625,0
140.09999999999999,3.1578369140625,
140.19999999999999,3.1578369140625,
140.30000000000001,3.1552810668945312,
140.40000000000001,3.1527252197265625,
140.5,3.1552810668945312,
140.59999999999999,3.1552810668945312,
140.69999999999999,3.1450653076171875,
140.80000000000001,3.1373977661132812,
140.90000000000001,3.13995361328125,
141,3.1425094604492188,
141.09999999999999,3.1552810668945312,
141.19999999999999,3.1936111450195312,
141.30000000000001,3.2625961303710938,
141.40000000000001,3.3545761108398438,
141.5,3.4542160034179688,
141.59999999999999,3.5589752197265625,
141.69999999999999,3.6483993530273438,
141.80000000000001,3.7250518798828125,
141.90000000000001,3.8068084716796875,
142,3.87579345703125,
142.09999999999999,3.9243392944335938,
142.19999999999999,3.9550018310546875,
142.30000000000001,3.9601058959960938,
142.40000000000001,3.9320068359375,
142.5,3.8885726928710938,
142.59999999999999,3.8374710083007812,
142.69999999999999,3.7710418701171875,
142.80000000000001,3.709716796875,
142.90000000000001,3.645843505859375,
143,3.5666427612304688,
143.09999999999999,3.4848785400390625,
143.19999999999999,3.4184494018554688,
143.30000000000001,3.369903564453125,
143.40000000000001,3.3366851806640625,
143.5,3.3009185791015625,
143.59999999999999,3.260040283203125,
143.69999999999999,3.23193359375,
143.80000000000001,3.2268218994140625,
143.90000000000001,3.2242660522460938,
144,3.2242660522460938,
144.09999999999999,3.2242660522460938,
144.19999999999999,3.221710205078125,
144.30000000000001,3.2268218994140625,
144.40000000000001,3.23193359375,
144.5,3.2242660522460938,
144.59999999999999,3.2114944458007812,
144.69999999999999,3.2114944458007812,
144.80000000000001,3.21405029296875,
144.90000000000001,3.21405029296875,
145,3.221710205078125,
145.09999999999999,3.2242660522460938,
145.19999999999999,3.2268218994140625,
145.30000000000001,3.2344894409179688,
145.40000000000001,3.2472610473632812,
145.5,3.2753677368164062,
145.59999999999999,3.334136962890625,
145.69999999999999,3.4210052490234375,
145.80000000000001,3.5155410766601562,
145.90000000000001,3.61773681640625,
146,3.7276077270507812,
146.09999999999999,3.829803466796875,
146.19999999999999,3.9141159057617188,
146.30000000000001,3.98565673828125,
146.40000000000001,4.0290908813476562,
146.5,4.0265426635742188,
146.59999999999999,4.02398681640625,
146.69999999999999,4.0214309692382812,
146.80000000000001,4.0060958862304688,
146.90000000000001,3.9907684326171875,
147,3.9652175903320312,
147.09999999999999,3.9192276000976562,
147.19999999999999,3.8527984619140625,
147.30000000000001,3.7633743286132812,
147.40000000000001,3.6611709594726562,
147.5,3.5743026733398438,
147.59999999999999,3.5027618408203125,
147.69999999999999,3.4388885498046875,
147.80000000000001,3.3852310180664062,
147.90000000000001,3.334136962890625,
148,3.277923583984375,
148.09999999999999,3.2447052001953125,
148.19999999999999,3.2166061401367188,
148.30000000000001,3.1910552978515625,
148.40000000000001,3.1884994506835938,
148.5,3.1910552978515625,
148.59999999999999,3.1910552978515625,
148.69999999999999,3.185943603515625,
148.80000000000001,3.185943603515625,
148.90000000000001,3.185943603515625,
149,3.1808319091796875,
149.09999999999999,3.1808319091796875,
149.19999999999999,3.1782760620117188,
149.30000000000001,3.1706161499023438,
149.40000000000001,3.168060302734375,
149.5,3.1706161499023438,
149.59999999999999,3.1731719970703125,
149.69999999999999,3.17572021484375,
149.80000000000001,3.17572021484375,
149.90000000000001,3.1731719970703125,
150,3.17572021484375,0
150.09999999999999,3.1987152099609375,
150.19999999999999,3.2447052001953125,
150.30000000000001,3.3111419677734375,
150.40000000000001,3.4082260131835938,
150.5,3.5232009887695312,
150.59999999999999,3.6356277465820312,
150.69999999999999,3.7429351806640625,
150.80000000000001,3.84002685546875,
150.90000000000001,3.9320068359375,
151,4.013763427734375,
151.09999999999999,4.087860107421875,
151.19999999999999,4.1440658569335938,
151.30000000000001,4.1772842407226562,
151.40000000000001,4.1772842407226562,
151.5,4.1772842407226562,
151.59999999999999,4.1594009399414062,
151.69999999999999,4.1108551025390625,
151.80000000000001,4.0495376586914062,
151.90000000000001,3.9703292846679688,
152,3.8834609985351562,
152.09999999999999,3.8068084716796875,
152.19999999999999,3.7224960327148438,
152.30000000000001,3.6228485107421875,
152.40000000000001,3.5410919189453125,
152.5,3.4772109985351562,
152.59999999999999,3.4158935546875,
152.69999999999999,3.3622360229492188,
152.80000000000001,3.313690185546875,
152.90000000000001,3.2677001953125,
153,3.2370452880859375,
153.09999999999999,3.2166061401367188,
153.19999999999999,3.1910552978515625,
153.30000000000001,3.1655044555664062,
153.40000000000001,3.1527252197265625,
153.5,3.1476211547851562,
153.59999999999999,3.1425094604492188,
153.69999999999999,3.1425094604492188,
153.80000000000001,3.13995361328125,
153.90000000000001,3.13995361328125,
154,3.1476211547851562,
154.09999999999999,3.1527252197265625,
154.19999999999999,3.1476211547851562,
154.30000000000001,3.1425094604492188,
154.40000000000001,3.1425094604492188,
154.5,3.1425094604492188,
154.59999999999999,3.1450653076171875,
154.69999999999999,3.1578369140625,
154.80000000000001,3.185943603515625,
154.90000000000001,3.2472610473632812,
155,3.35968017578125,
155.09999999999999,3.489990234375,
155.19999999999999,3.5947418212890625,
155.30000000000001,3.6739501953125,
155.40000000000001,3.7531509399414062,
155.5,3.8349151611328125,
155.59999999999999,3.9141159057617188,
155.69999999999999,3.98565673828125,
155.80000000000001,4.0290908813476562,
155.90000000000001,4.0418701171875,
156,4.0469818115234375,
156.09999999999999,4.0367584228515625,
156.19999999999999,3.9984359741210938,
156.30000000000001,3.9371109008789062,
156.40000000000001,3.8451309204101562,
156.5,3.7403793334960938,
156.59999999999999,3.6381759643554688,
156.69999999999999,3.5385360717773438,
156.80000000000001,3.444000244140625,
156.90000000000001,3.3673477172851562,
157,3.2932510375976562,
157.09999999999999,3.2191619873046875,
157.19999999999999,3.1808319091796875,
157.30000000000001,3.1603927612304688,
157.40000000000001,3.1425094604492188,
157.5,3.129730224609375,
157.59999999999999,3.1195144653320312,
157.69999999999999,3.1067352294921875,
157.80000000000001,3.1092910766601562,
157.90000000000001,3.1246261596679688,
158,3.1220703125,
158.09999999999999,3.1067352294921875,
158.19999999999999,3.1016311645507812,
158.30000000000001,3.1016311645507812,
158.40000000000001,3.1016311645507812,
158.5,3.1067352294921875,
158.59999999999999,3.1067352294921875,
158.69999999999999,3.10418701171875,
158.80000000000001,3.111846923828125,
158.90000000000001,3.1195144653320312,
159,3.1144027709960938,
159.09999999999999,3.1220703125,
159.19999999999999,3.1706161499023438,
159.30000000000001,3.260040283203125,
159.40000000000001,3.3622360229492188,
159.5,3.47210693359375,
159.59999999999999,3.5845260620117188,
159.69999999999999,3.69183349609375,
159.80000000000001,3.8093643188476562,
159.90000000000001,3.9141159057617188,
160,3.9703292846679688,14.393420219421387
160.09999999999999,3.977996826171875,
160.19999999999999,3.9626617431640625,
160.30000000000001,3.9294509887695312,
160.40000000000001,3.886016845703125,
160.5,3.8246917724609375,
160.59999999999999,3.7429351806640625,
160.69999999999999,3.6509552001953125,
160.80000000000001,3.5666427612304688,
160.90000000000001,3.4848785400390625,
161,3.405670166015625,
161.09999999999999,3.334136962890625,
161.19999999999999,3.2753677368164062,
161.30000000000001,3.221710205078125,
161.40000000000001,3.1808319091796875,
161.5,3.1603927612304688,
161.59999999999999,3.1476211547851562,
161.69999999999999,3.1348419189453125,
161.80000000000001,3.1220703125,
161.90000000000001,3.111846923828125,
162,3.1016311645507812,
162.09999999999999,3.0965194702148438,
162.19999999999999,3.0990753173828125,
162.30000000000001,3.10418701171875,
162.40000000000001,3.1067352294921875,
162.5,3.1092910766601562,
162.59999999999999,3.1144027709960938,
162.69999999999999,3.1169586181640625,
162.80000000000001,3.1195144653320312,
162.90000000000001,3.1220703125,
163,3.1195144653320312,
163.09999999999999,3.129730224609375,
163.19999999999999,3.1833877563476562,
163.30000000000001,3.2906951904296875,
163.40000000000001,3.43377685546875,
163.5,3.5845260620117188,
163.59999999999999,3.7327117919921875,
163.69999999999999,3.8911209106445312,
163.80000000000001,4.0214309692382812,
163.90000000000001,4.1006317138671875,
164,4.1823959350585938,
164.09999999999999,4.2181625366210938,
164.19999999999999,4.1645126342773438,
164.30000000000001,4.069976806640625,
164.40000000000001,3.9805526733398438,
164.5,3.9013442993164062,
164.59999999999999,3.8170318603515625,
164.69999999999999,3.7352676391601562,
164.80000000000001,3.6662826538085938,
164.90000000000001,3.5794143676757812,
165,3.4925460815429688,
165.09999999999999,3.426116943359375,
165.19999999999999,3.3724594116210938,
165.30000000000001,3.3213577270507812,
165.40000000000001,3.2753677368164062,
165.5,3.2396011352539062,
165.59999999999999,3.21405029296875,
165.69999999999999,3.2063827514648438,
165.80000000000001,3.1884994506835938,
165.90000000000001,3.1578369140625,
166,3.13995361328125,
166.09999999999999,3.1322860717773438,
166.19999999999999,3.1271820068359375,
166.30000000000001,3.1220703125,
166.40000000000001,3.1195144653320312,
166.5,3.1144027709960938,
166.59999999999999,3.1144027709960938,
166.69999999999999,3.1169586181640625,
166.80000000000001,3.111846923828125,
166.90000000000001,3.1016311645507812,
167,3.093963623046875,
167.09999999999999,3.0888519287109375,
167.19999999999999,3.093963623046875,
167.30000000000001,3.10418701171875,
167.40000000000001,3.111846923828125,
167.5,3.13995361328125,
167.59999999999999,3.2063827514648438,
167.69999999999999,3.3034744262695312,
167.80000000000001,3.4184494018554688,
167.90000000000001,3.5385360717773438,
168,3.6483993530273438,
168.09999999999999,3.7506027221679688,
168.19999999999999,3.8451309204101562,
168.30000000000001,3.9320068359375,
168.40000000000001,3.9907684326171875,
168.5,4.0060958862304688,
168.59999999999999,4.0112075805664062,
168.69999999999999,4.0163192749023438,
168.80000000000001,3.9907684326171875,
168.90000000000001,3.921783447265625,
169,3.8349151611328125,
169.09999999999999,3.748046875,
169.19999999999999,3.6713943481445312,
169.30000000000001,3.5870819091796875,
169.40000000000001,3.5053176879882812,
169.5,3.426116943359375,
169.59999999999999,3.3673477172851562,
169.69999999999999,3.3264694213867188,
169.80000000000001,3.2677001953125,
169.90000000000001,3.2063827514648438,
170,3.1833877563476562,13.636363983154297
170.09999999999999,3.1808319091796875,
170.19999999999999,3.1782760620117188,
170.30000000000001,3.1629486083984375,
170.40000000000001,3.0990753173828125,
170.5,3.0147552490234375,
170.59999999999999,2.9892120361328125,
170.69999999999999,3.0147552490234375,
170.80000000000001,3.0454177856445312,
170.90000000000001,3.0684127807617188,
171,3.0914077758789062,
171.09999999999999,3.1092910766601562,
171.19999999999999,3.1220703125,
171.30000000000001,3.1373977661132812,
171.40000000000001,3.1603927612304688,
171.5,3.21405029296875,
171.59999999999999,3.3162460327148438,
171.69999999999999,3.4286651611328125,
171.80000000000001,3.5206527709960938,
171.90000000000001,3.6049652099609375,
172,3.702056884765625,
172.09999999999999,3.7965927124023438,
172.19999999999999,3.8834609985351562,
172.30000000000001,3.9524459838867188,
172.40000000000001,3.9805526733398438,
172.5,3.9703292846679688,
172.59999999999999,3.9473342895507812,
172.69999999999999,3.9064559936523438,
172.80000000000001,3.84002685546875,
172.90000000000001,3.7582626342773438,
173,3.6713943481445312,
173.09999999999999,3.5794143676757812,
173.19999999999999,3.4951019287109375,
173.30000000000001,3.426116943359375,
173.40000000000001,3.3724594116210938,
173.5,3.3315811157226562,
173.59999999999999,3.2804794311523438,
173.69999999999999,3.2191619873046875,
173.80000000000001,3.1808319091796875,
173.90000000000001,3.1629486083984375,
174,3.1476211547851562,
174.09999999999999,3.1425094604492188,
174.19999999999999,3.1450653076171875,
174.30000000000001,3.1476211547851562,
174.40000000000001,3.150177001953125,
174.5,3.1578369140625,
174.59999999999999,3.1552810668945312,
174.69999999999999,3.1476211547851562,
174.80000000000001,3.1450653076171875,
174.90000000000001,3.1476211547851562,
175,3.1578369140625,
175.09999999999999,3.1833877563476562,
175.19999999999999,3.2242660522460938,
175.30000000000001,3.2932510375976562,
175.40000000000001,3.3954544067382812,
175.5,3.5155410766601562,
175.59999999999999,3.6202926635742188,
175.69999999999999,3.7046127319335938,
175.80000000000001,3.7914810180664062,
175.90000000000001,3.8885726928710938,
176,3.9754409790039062,
176.09999999999999,4.0060958862304688,
176.19999999999999,3.9703292846679688,
176.30000000000001,3.8962326049804688,
176.40000000000001,3.7838134765625,
176.5,3.6432876586914062,
176.59999999999999,3.5410919189453125,
176.69999999999999,3.4951019287109375,
176.80000000000001,3.4567718505859375,
176.90000000000001,3.4082260131835938,
177,3.3647918701171875,
177.09999999999999,3.3162460327148438,
177.19999999999999,3.260040283203125,
177.30000000000001,3.2344894409179688,
177.40000000000001,3.2293777465820312,
177.5,3.2063827514648438,
177.59999999999999,3.185943603515625,
177.69999999999999,3.1833877563476562,
177.80000000000001,3.185943603515625,
177.90000000000001,3.1808319091796875,
178,3.1782760620117188,
178.09999999999999,3.1706161499023438,
178.19999999999999,3.168060302734375,
178.30000000000001,3.1782760620117188,
178.40000000000001,3.1808319091796875,
178.5,3.168060302734375,
178.59999999999999,3.1629486083984375,
178.69999999999999,3.1629486083984375,
178.80000000000001,3.1578369140625,
178.90000000000001,3.1603927612304688,
179,3.1910552978515625,
179.09999999999999,3.2447052001953125,
179.19999999999999,3.3188018798828125,
179.30000000000001,3.426116943359375,
179.40000000000001,3.5461959838867188,
179.5,3.6586227416992188,
179.59999999999999,3.7684860229492188,
179.69999999999999,3.87579345703125,
179.80000000000001,3.9652175903320312,
179.90000000000001,4.0163192749023438,
180,4.0163192749023438,14.695591926574707
180.09999999999999,3.9882125854492188,
180.19999999999999,3.9447784423828125,
180.30000000000001,3.8732376098632812,
180.40000000000001,3.7787017822265625,
180.5,3.6892776489257812,
180.59999999999999,3.6254043579101562,
180.69999999999999,3.5666427612304688,
180.80000000000001,3.5104293823242188,
180.90000000000001,3.4491119384765625,
181,3.3826751708984375,
181.09999999999999,3.3315811157226562,
181.19999999999999,3.2932510375976562,
181.30000000000001,3.2447052001953125,
181.40000000000001,3.1936111450195312,
181.5,3.1706161499023438,
181.59999999999999,3.168060302734375,
181.69999999999999,3.1706161499023438,
181.80000000000001,3.1706161499023438,
181.90000000000001,3.168060302734375,
182,3.168060302734375,
182.09999999999999,3.17572021484375,
182.19999999999999,3.1808319091796875,
182.30000000000001,3.1731719970703125,
182.40000000000001,3.1655044555664062,
182.5,3.1655044555664062,
182.59999999999999,3.1655044555664062,
182.69999999999999,3.1655044555664062,
182.80000000000001,3.1706161499023438,
182.90000000000001,3.1808319091796875,
183,3.2166061401367188,
183.09999999999999,3.3034744262695312,
183.19999999999999,3.4184494018554688,
183.30000000000001,3.535980224609375,
183.40000000000001,3.6586227416992188,
183.5,3.7838134765625,
183.59999999999999,3.903900146484375,
183.69999999999999,4.0086517333984375,
183.80000000000001,4.1031875610351562,
183.90000000000001,4.1900558471679688,
184,4.2411575317382812,
184.09999999999999,4.225830078125,
184.19999999999999,4.1466217041015625,
184.30000000000001,4.0418701171875,
184.40000000000001,3.9345626831054688,
184.5,3.8246917724609375,
184.59999999999999,3.7301559448242188,
184.69999999999999,3.6407318115234375,
184.80000000000001,3.5564193725585938,
184.90000000000001,3.4848785400390625,
185,3.4005661010742188,
185.09999999999999,3.32391357421875,
185.19999999999999,3.2702560424804688,
185.30000000000001,3.221710205078125,
185.40000000000001,3.1629486083984375,
185.5,3.1092910766601562,
185.59999999999999,3.083740234375,
185.69999999999999,3.076080322265625,
185.80000000000001,3.0786361694335938,
185.90000000000001,3.0684127807617188,
186,3.0556411743164062,
186.09999999999999,3.0556411743164062,
186.19999999999999,3.0556411743164062,
186.30000000000001,3.0633010864257812,
186.40000000000001,3.0709686279296875,
186.5,3.0735244750976562,
186.59999999999999,3.076080322265625,
186.69999999999999,3.083740234375,
186.80000000000001,3.0888519287109375,
186.90000000000001,3.083740234375,
187,3.0914077758789062,
187.09999999999999,3.1348419189453125,
187.19999999999999,3.2166061401367188,
187.30000000000001,3.334136962890625,
187.40000000000001,3.4593276977539062,
187.5,3.5691909790039062,
187.59999999999999,3.6688385009765625,
187.69999999999999,3.7684860229492188,
187.80000000000001,3.8706817626953125,
187.90000000000001,3.9882125854492188,
188,4.1210708618164062,
188.09999999999999,4.225830078125,
188.19999999999999,4.2283859252929688,
188.30000000000001,4.179840087890625,
188.40000000000001,4.1210708618164062,
188.5,4.0444259643554688,
188.59999999999999,3.9652175903320312,
188.69999999999999,3.8732376098632812,
188.80000000000001,3.7863693237304688,
188.90000000000001,3.7224960327148438,
189,3.6688385009765625,
189.09999999999999,3.5947418212890625,
189.19999999999999,3.5104293823242188,
189.30000000000001,3.4363327026367188,
189.40000000000001,3.387786865234375,
189.5,3.3494644165039062,
189.59999999999999,3.295806884765625,
189.69999999999999,3.2549285888671875,
189.80000000000001,3.2344894409179688,
189.90000000000001,3.2114944458007812,
190,3.185943603515625,14.95726490020752
190.09999999999999,3.1629486083984375,
190.19999999999999,3.1425094604492188,
190.30000000000001,3.1373977661132812,
190.40000000000001,3.13995361328125,
190.5,3.1271820068359375,
190.59999999999999,3.1016311645507812,
190.69999999999999,3.0914077758789062,
190.80000000000001,3.0914077758789062,
190.90000000000001,3.0914077758789062,
191,3.0914077758789062,
191.09999999999999,3.0914077758789062,
191.19999999999999,3.0914077758789062,
191.30000000000001,3.0990753173828125,
191.40000000000001,3.1195144653320312,
191.5,3.17572021484375,
191.59999999999999,3.2906951904296875,
191.69999999999999,3.4133377075195312,
191.80000000000001,3.518096923828125,
191.90000000000001,3.6151809692382812,
192,3.7403793334960938,
192.09999999999999,3.8553543090820312,
192.19999999999999,3.9728851318359375,
192.30000000000001,4.0418701171875,
192.40000000000001,4.0060958862304688,
192.5,3.886016845703125,
192.59999999999999,3.755706787109375,
192.69999999999999,3.6535110473632812,
192.80000000000001,3.5666427612304688,
192.90000000000001,3.489990234375,
193,3.4082260131835938,
193.09999999999999,3.3188018798828125,
193.19999999999999,3.2396011352539062,
193.30000000000001,3.185943603515625,
193.40000000000001,3.1425094604492188,
193.5,3.1169586181640625,
193.59999999999999,3.1195144653320312,
193.69999999999999,3.1246261596679688,
193.80000000000001,3.1271820068359375,
193.90000000000001,3.1348419189453125,
194,3.1322860717773438,
194.09999999999999,3.1322860717773438,
194.19999999999999,3.1450653076171875,
194.30000000000001,3.150177001953125,
194.40000000000001,3.13995361328125,
194.5,3.1373977661132812,
194.59999999999999,3.13995361328125,
194.69999999999999,3.1425094604492188,
194.80000000000001,3.1450653076171875,
194.90000000000001,3.1603927612304688,
195,3.2191619873046875,
195.09999999999999,3.32391357421875,
195.19999999999999,3.47210693359375,
195.30000000000001,3.6305160522460938,
195.40000000000001,3.7735977172851562,
195.5,3.8834609985351562,
195.59999999999999,3.9754409790039062,
195.69999999999999,4.0725326538085938,
195.80000000000001,4.1389617919921875,
195.90000000000001,4.1440658569335938,
196,4.0801925659179688,
196.09999999999999,3.9933242797851562,
196.19999999999999,3.8962326049804688,
196.30000000000001,3.7761459350585938,
196.40000000000001,3.6688385009765625,
196.5,3.5870819091796875,
196.59999999999999,3.518096923828125,
196.69999999999999,3.444000244140625,
196.80000000000001,3.3724594116210938,
196.90000000000001,3.3162460327148438,
197,3.2855911254882812,
197.09999999999999,3.2574844360351562,
197.19999999999999,3.2166061401367188,
197.30000000000001,3.1808319091796875,
197.40000000000001,3.1578369140625,
197.5,3.1373977661132812,
197.59999999999999,3.1246261596679688,
197.69999999999999,3.1144027709960938,
197.80000000000001,3.1092910766601562,
197.90000000000001,3.111846923828125,
198,3.111846923828125,
198.09999999999999,3.1016311645507812,
198.19999999999999,3.0914077758789062,
198.30000000000001,3.093963623046875,
198.40000000000001,3.0965194702148438,
198.5,3.0965194702148438,
198.59999999999999,3.0965194702148438,
198.69999999999999,3.0990753173828125,
198.80000000000001,3.1144027709960938,
198.90000000000001,3.1706161499023438,
199,3.2728118896484375,
199.09999999999999,3.39801025390625,
199.19999999999999,3.5410919189453125,
199.30000000000001,3.702056884765625,
199.40000000000001,3.8604660034179688,
199.5,3.9907684326171875,
199.59999999999999,4.105743408203125,
199.69999999999999,4.2002792358398438,
199.80000000000001,4.2232742309570312,
199.90000000000001,4.179840087890625,
200,4.1006317138671875,15.362107276916504
200.09999999999999,4.02398681640625,
200.19999999999999,3.9550018310546875,
200.30000000000001,3.8706817626953125,
200.40000000000001,3.7684860229492188,
200.5,3.6611709594726562,
200.59999999999999,3.5487518310546875,
200.69999999999999,3.4491119384765625,
200.80000000000001,3.3852310180664062,
200.90000000000001,3.313690185546875,
201,3.2396011352539062,
201.09999999999999,3.1936111450195312,
201.19999999999999,3.1655044555664062,
201.30000000000001,3.1527252197265625,
201.40000000000001,3.1476211547851562,
201.5,3.1450653076171875,
201.59999999999999,3.13995361328125,
201.69999999999999,3.1425094604492188,
201.80000000000001,3.13995361328125,
201.90000000000001,3.1246261596679688,
202,3.1195144653320312,
202.09999999999999,3.1246261596679688,
202.19999999999999,3.1271820068359375,
202.30000000000001,3.1322860717773438,
202.40000000000001,3.129730224609375,
202.5,3.1271820068359375,
202.59999999999999,3.1322860717773438,
202.69999999999999,3.1527252197265625,
202.80000000000001,3.1910552978515625,
202.90000000000001,3.2651519775390625,
203,3.3826751708984375,
203.09999999999999,3.518096923828125,
203.19999999999999,3.6483993530273438,
203.30000000000001,3.7787017822265625,
203.40000000000001,3.903900146484375,
203.5,3.9933242797851562,
203.59999999999999,4.0367584228515625,
203.69999999999999,4.0367584228515625,
203.80000000000001,4.013763427734375,
203.90000000000001,3.9805526733398438,
204,3.9268951416015625,
204.09999999999999,3.8630218505859375,
204.19999999999999,3.7863693237304688,
204.30000000000001,3.7046127319335938,
204.40000000000001,3.6202926635742188,
204.5,3.5410919189453125,
204.59999999999999,3.4669952392578125,
204.69999999999999,3.39801025390625,
204.80000000000001,3.3622360229492188,
204.90000000000001,3.341796875,
205,3.3162460327148438,
205.09999999999999,3.2830352783203125,
205.19999999999999,3.2523727416992188,
205.30000000000001,3.23193359375,
205.40000000000001,3.221710205078125,
205.5,3.221710205078125,
205.59999999999999,3.2114944458007812,
205.69999999999999,3.2063827514648438,
205.80000000000001,3.2063827514648438,
205.90000000000001,3.1936111450195312,
206,3.1706161499023438,
206.09999999999999,3.1603927612304688,
206.19999999999999,3.1603927612304688,
206.30000000000001,3.168060302734375,
206.40000000000001,3.1782760620117188,
206.5,3.1808319091796875,
206.59999999999999,3.17572021484375,
206.69999999999999,3.1808319091796875,
206.80000000000001,3.185943603515625,
206.90000000000001,3.1884994506835938,
207,3.1936111450195312,
207.09999999999999,3.2191619873046875,
207.19999999999999,3.2855911254882812,
207.30000000000001,3.3852310180664062,
207.40000000000001,3.489990234375,
207.5,3.5743026733398438,
207.59999999999999,3.6713943481445312,
207.69999999999999,3.8170318603515625,
207.80000000000001,3.9601058959960938,
207.90000000000001,4.0904159545898438,
208,4.1926116943359375,
208.09999999999999,4.253936767578125,
208.19999999999999,4.2948150634765625,
208.30000000000001,4.2641525268554688,
208.40000000000001,4.1926116943359375,
208.5,4.1287384033203125,
208.59999999999999,4.0674209594726562,
208.69999999999999,4.0009918212890625,
208.80000000000001,3.9141159057617188,
208.90000000000001,3.8068084716796875,
209,3.7046127319335938,
209.09999999999999,3.61773681640625,
209.19999999999999,3.5232009887695312,
209.30000000000001,3.4593276977539062,
209.40000000000001,3.4235610961914062,
209.5,3.387786865234375,
209.59999999999999,3.3443527221679688,
209.69999999999999,3.3034744262695312,
209.80000000000001,3.2549285888671875,
209.90000000000001,3.2191619873046875,
210,3.1961669921875,14.904187202453613
210.09999999999999,3.1655044555664062,
210.19999999999999,3.150177001953125,
210.30000000000001,3.1450653076171875,
210.40000000000001,3.1425094604492188,
210.5,3.13995361328125,
210.59999999999999,3.13995361328125,
210.69999999999999,3.1348419189453125,
210.80000000000001,3.1322860717773438,
210.90000000000001,3.1373977661132812,
211,3.1271820068359375,
211.09999999999999,3.1169586181640625,
211.19999999999999,3.1195144653320312,
211.30000000000001,3.1220703125,
211.40000000000001,3.13995361328125,
211.5,3.1884994506835938,
211.59999999999999,3.260040283203125,
211.69999999999999,3.3443527221679688,
211.80000000000001,3.4465560913085938,
211.90000000000001,3.5640869140625,
212,3.663726806640625,
212.09999999999999,3.7454910278320312,
212.19999999999999,3.8246917724609375,
212.30000000000001,3.9013442993164062,
212.40000000000001,3.9601058959960938,
212.5,3.9601058959960938,
212.59999999999999,3.9192276000976562,
212.69999999999999,3.8681259155273438,
212.80000000000001,3.8170318603515625,
212.90000000000001,3.7429351806640625,
213,3.6586227416992188,
213.09999999999999,3.5845260620117188,
213.19999999999999,3.5104293823242188,
213.30000000000001,3.444000244140625,
213.40000000000001,3.3852310180664062,
213.5,3.3315811157226562,
213.59999999999999,3.2855911254882812,
213.69999999999999,3.24981689453125,
213.80000000000001,3.2191619873046875,
213.90000000000001,3.1833877563476562,
214,3.1578369140625,
214.09999999999999,3.1348419189453125,
214.19999999999999,3.1220703125,
214.30000000000001,3.1144027709960938,
214.40000000000001,3.1092910766601562,
214.5,3.1016311645507812,
214.59999999999999,3.0965194702148438,
214.69999999999999,3.0990753173828125,
214.80000000000001,3.0965194702148438,
214.90000000000001,3.0786361694335938,
215,3.0684127807617188,
215.09999999999999,3.06585693359375,
215.19999999999999,3.06585693359375,
215.30000000000001,3.06585693359375,
215.40000000000001,3.0684127807617188,
215.5,3.0811920166015625,
215.59999999999999,3.1246261596679688,
215.69999999999999,3.2166061401367188,
215.80000000000001,3.313690185546875,
215.90000000000001,3.4107818603515625,
216,3.535980224609375,
216.09999999999999,3.6611709594726562,
216.19999999999999,3.7863693237304688,
216.30000000000001,3.9064559936523438,
216.40000000000001,4.031646728515625,
216.5,4.1542892456054688,
216.59999999999999,4.24371337890625,
216.69999999999999,4.2641525268554688,
216.80000000000001,4.2309417724609375,
216.90000000000001,4.179840087890625,
217,4.1006317138671875,
217.09999999999999,3.995880126953125,
217.19999999999999,3.886016845703125,
217.30000000000001,3.7787017822265625,
217.40000000000001,3.6816177368164062,
217.5,3.6049652099609375,
217.59999999999999,3.5283126831054688,
217.69999999999999,3.4542160034179688,
217.80000000000001,3.39801025390625,
217.90000000000001,3.3545761108398438,
218,3.3111419677734375,
218.09999999999999,3.2625961303710938,
218.19999999999999,3.21405029296875,
218.30000000000001,3.1731719970703125,
218.40000000000001,3.1552810668945312,
218.5,3.1373977661132812,
218.59999999999999,3.1067352294921875,
218.69999999999999,3.0862960815429688,
218.80000000000001,3.083740234375,
218.90000000000001,3.0786361694335938,
219,3.0735244750976562,
219.09999999999999,3.0709686279296875,
219.19999999999999,3.076080322265625,
219.30000000000001,3.0811920166015625,
219.40000000000001,3.083740234375,
219.5,3.076080322265625,
219.59999999999999,3.0684127807617188,
219.69999999999999,3.076080322265625,
219.80000000000001,3.0888519287109375,
219.90000000000001,3.1092910766601562,
220,3.1655044555664062,14.790468215942383
220.09999999999999,3.2677001953125,
220.19999999999999,3.4210052490234375,
220.30000000000001,3.5870819091796875,
220.40000000000001,3.7327117919921875,
220.5,3.8604660034179688,
220.59999999999999,3.98565673828125,
220.69999999999999,4.0980758666992188,
220.80000000000001,4.1849517822265625,
220.90000000000001,4.2181625366210938,
221,4.179840087890625,
221.09999999999999,4.0980758666992188,
221.19999999999999,4.031646728515625,
221.30000000000001,3.977996826171875,
221.40000000000001,3.9090118408203125,
221.5,3.8323593139648438,
221.59999999999999,3.755706787109375,
221.69999999999999,3.6765060424804688,
221.80000000000001,3.5972976684570312,
221.90000000000001,3.5283126831054688,
222,3.461883544921875,
222.09999999999999,3.4005661010742188,
222.19999999999999,3.3469085693359375,
222.30000000000001,3.2830352783203125,
222.40000000000001,3.2166061401367188,
222.5,3.1808319091796875,
222.59999999999999,3.1578369140625,
222.69999999999999,3.1373977661132812,
222.80000000000001,3.1246261596679688,
222.90000000000001,3.1144027709960938,
223,3.111846923828125,
223.09999999999999,3.1195144653320312,
223.19999999999999,3.1271820068359375,
223.30000000000001,3.1169586181640625,
223.40000000000001,3.1067352294921875,
223.5,3.1067352294921875,
223.59999999999999,3.10418701171875,
223.69999999999999,3.10418701171875,
223.80000000000001,3.1067352294921875,
223.90000000000001,3.1144027709960938,
224,3.1322860717773438,
224.09999999999999,3.1910552978515625,
224.19999999999999,3.313690185546875,
224.30000000000001,3.4542160034179688,
224.40000000000001,3.5921859741210938,
224.5,3.7429351806640625,
224.59999999999999,3.8911209106445312,
224.69999999999999,3.9984359741210938,
224.80000000000001,4.0853042602539062,
224.90000000000001,4.1517333984375,
225,4.1568450927734375,
225.09999999999999,4.115966796875,
225.19999999999999,4.0571975708007812,
225.30000000000001,3.9907684326171875,
225.40000000000001,3.9166717529296875,
225.5,3.8246917724609375,
225.59999999999999,3.7250518798828125,
225.69999999999999,3.6432876586914062,
225.80000000000001,3.571746826171875,
225.90000000000001,3.4976577758789062,
226,3.43377685546875,
226.09999999999999,3.3673477172851562,
226.19999999999999,3.3009185791015625,
226.30000000000001,3.2549285888671875,
226.40000000000001,3.2242660522460938,
226.5,3.1961669921875,
226.59999999999999,3.1782760620117188,
226.69999999999999,3.17572021484375,
226.80000000000001,3.1731719970703125,
226.90000000000001,3.17572021484375,
227,3.1782760620117188,
227.09999999999999,3.1731719970703125,
227.19999999999999,3.1629486083984375,
227.30000000000001,3.1629486083984375,
227.40000000000001,3.1655044555664062,
227.5,3.1655044555664062,
227.59999999999999,3.168060302734375,
227.69999999999999,3.168060302734375,
227.80000000000001,3.1706161499023438,
227.90000000000001,3.1706161499023438,
228,3.1808319091796875,
228.09999999999999,3.2089385986328125,
228.19999999999999,3.277923583984375,
228.30000000000001,3.3852310180664062,
228.40000000000001,3.5053176879882812,
228.5,3.6254043579101562,
228.59999999999999,3.7403793334960938,
228.69999999999999,3.8732376098632812,
228.80000000000001,3.995880126953125,
228.90000000000001,4.0725326538085938,
229,4.1261825561523438,
229.09999999999999,4.1747283935546875,
229.19999999999999,4.215606689453125,
229.30000000000001,4.2334976196289062,
229.40000000000001,4.2028350830078125,
229.5,4.1312942504882812,
229.59999999999999,4.0520858764648438,
229.69999999999999,3.9754409790039062,
229.80000000000001,3.9064559936523438,
229.90000000000001,3.8374710083007812,
230,3.7531509399414062,14.354066848754883
230.09999999999999,3.6688385009765625,
230.19999999999999,3.5896377563476562,
230.30000000000001,3.5232009887695312,
230.40000000000001,3.4746627807617188,
230.5,3.43377685546875,
230.59999999999999,3.3903427124023438,
230.69999999999999,3.35968017578125,
230.80000000000001,3.341796875,
230.90000000000001,3.3213577270507812,
231,3.3009185791015625,
231.09999999999999,3.2932510375976562,
231.19999999999999,3.2906951904296875,
231.30000000000001,3.28814697265625,
231.40000000000001,3.2855911254882812,
231.5,3.2804794311523438,
231.59999999999999,3.2753677368164062,
231.69999999999999,3.2753677368164062,
231.80000000000001,3.2753677368164062,
231.90000000000001,3.2677001953125,
232,3.2549285888671875,
232.09999999999999,3.2447052001953125,
232.19999999999999,3.2447052001953125,
232.30000000000001,3.242156982421875,
232.40000000000001,3.2344894409179688,
232.5,3.2344894409179688,
232.59999999999999,3.2523727416992188,
232.69999999999999,3.28814697265625,
232.80000000000001,3.3366851806640625,
232.90000000000001,3.39801025390625,
233,3.4848785400390625,
233.09999999999999,3.5870819091796875,
233.19999999999999,3.6943893432617188,
233.30000000000001,3.8042526245117188,
233.40000000000001,3.9166717529296875,
233.5,4.0188751220703125,
233.59999999999999,4.0980758666992188,
233.69999999999999,4.1261825561523438,
233.80000000000001,4.115966796875,
233.90000000000001,4.0955276489257812,
234,4.05975341796875,
234.09999999999999,4.02398681640625,
234.19999999999999,3.98565673828125,
234.30000000000001,3.9345626831054688,
234.40000000000001,3.8630218505859375,
234.5,3.7761459350585938,
234.59999999999999,3.69183349609375,
234.69999999999999,3.6075210571289062,
234.80000000000001,3.5257568359375,
234.90000000000001,3.4465560913085938,
235,3.3826751708984375,
235.09999999999999,3.3366851806640625,
235.19999999999999,3.295806884765625,
235.30000000000001,3.2549285888671875,
235.40000000000001,3.2166061401367188,
235.5,3.2012710571289062,
235.59999999999999,3.1987152099609375,
235.69999999999999,3.1884994506835938,
235.80000000000001,3.1731719970703125,
235.90000000000001,3.17572021484375,
236,3.17572021484375,
236.09999999999999,3.168060302734375,
236.19999999999999,3.1603927612304688,
236.30000000000001,3.150177001953125,
236.40000000000001,3.1476211547851562,
236.5,3.1603927612304688,
236.59999999999999,3.2114944458007812,
236.69999999999999,3.3111419677734375,
236.80000000000001,3.4516677856445312,
236.90000000000001,3.6126327514648438,
237,3.76593017578125,
237.09999999999999,3.8962326049804688,
237.19999999999999,4.0163192749023438,
237.30000000000001,4.1389617919921875,
237.40000000000001,4.2615966796875,
237.5,4.335693359375,
237.59999999999999,4.35357666015625,
237.69999999999999,4.345916748046875,
237.80000000000001,4.3024826049804688,
237.90000000000001,4.2232742309570312,
238,4.1261825561523438,
238.09999999999999,4.0265426635742188,
238.19999999999999,3.9243392944335938,
238.30000000000001,3.8093643188476562,
238.40000000000001,3.709716796875,
238.5,3.6228485107421875,
238.59999999999999,3.535980224609375,
238.69999999999999,3.4542160034179688,
238.80000000000001,3.3954544067382812,
238.90000000000001,3.3469085693359375,
239,3.3009185791015625,
239.09999999999999,3.2651519775390625,
239.19999999999999,3.2344894409179688,
239.30000000000001,3.2114944458007812,
239.40000000000001,3.2063827514648438,
239.5,3.1936111450195312,
239.59999999999999,3.1782760620117188,
239.69999999999999,3.1731719970703125,
239.80000000000001,3.1706161499023438,
239.90000000000001,3.1629486083984375,
240,3.1603927612304688,14.308425903320312
240.09999999999999,3.1552810668945312,
240.19999999999999,3.1527252197265625,
240.30000000000001,3.1552810668945312,
240.40000000000001,3.1578369140625,
240.5,3.1833877563476562,
240.59999999999999,3.260040283203125,
240.69999999999999,3.3673477172851562,
240.80000000000001,3.4669952392578125,
240.90000000000001,3.5768585205078125,
241,3.6995010375976562,
241.09999999999999,3.829803466796875,
241.19999999999999,3.9550018310546875,
241.30000000000001,4.0623092651367188,
241.40000000000001,4.1312942504882812,
241.5,4.1364059448242188,
241.59999999999999,4.0750808715820312,
241.69999999999999,3.9831008911132812,
241.80000000000001,3.886016845703125,
241.90000000000001,3.80169677734375,
242,3.7250518798828125,
242.09999999999999,3.6381759643554688,
242.19999999999999,3.5487518310546875,
242.30000000000001,3.4593276977539062,
242.40000000000001,3.3826751708984375,
242.5,3.3392410278320312,
242.59999999999999,3.3085861206054688,
242.69999999999999,3.277923583984375,
242.80000000000001,3.24981689453125,
242.90000000000001,3.221710205078125,
243,3.2012710571289062,
243.09999999999999,3.1961669921875,
243.19999999999999,3.1961669921875,
243.30000000000001,3.1936111450195312,
243.40000000000001,3.185943603515625,
243.5,3.1910552978515625,
243.59999999999999,3.2114944458007812,
243.69999999999999,3.2549285888671875,
243.80000000000001,3.334136962890625,
243.90000000000001,3.444000244140625,
244,3.5691909790039062,
244.09999999999999,3.6969451904296875,
244.19999999999999,3.8221359252929688,
244.30000000000001,3.9268951416015625,
244.40000000000001,4.0035476684570312,
244.5,4.069976806640625,
244.59999999999999,4.1287384033203125,
244.69999999999999,4.1466217041015625,
244.80000000000001,4.1287384033203125,
244.90000000000001,4.105743408203125,
245,4.07763671875,
245.09999999999999,4.0393142700195312,
245.19999999999999,3.9933242797851562,
245.30000000000001,3.9345626831054688,
245.40000000000001,3.8809051513671875,
245.5,3.8246917724609375,
245.59999999999999,3.7506027221679688,
245.69999999999999,3.6611709594726562,
245.80000000000001,3.5666427612304688,
245.90000000000001,3.479766845703125,
246,3.4235610961914062,
246.09999999999999,3.387786865234375,
246.19999999999999,3.3443527221679688,
246.30000000000001,3.3085861206054688,
246.40000000000001,3.2983627319335938,
246.5,3.295806884765625,
246.59999999999999,3.2906951904296875,
246.69999999999999,3.2855911254882812,
246.80000000000001,3.2804794311523438,
246.90000000000001,3.2830352783203125,
247,3.2932510375976562,
247.09999999999999,3.295806884765625,
247.19999999999999,3.2855911254882812,
247.30000000000001,3.2753677368164062,
247.40000000000001,3.2728118896484375,
247.5,3.2728118896484375,
247.59999999999999,3.2702560424804688,
247.69999999999999,3.2855911254882812,
247.80000000000001,3.334136962890625,
247.90000000000001,3.4286651611328125,
248,3.571746826171875,
248.09999999999999,3.7429351806640625,
248.19999999999999,3.8962326049804688,
248.30000000000001,4.0163192749023438,
248.40000000000001,4.1185226440429688,
248.5,4.2105026245117188,
248.59999999999999,4.3152542114257812,
248.69999999999999,4.42767333984375,
248.80000000000001,4.445556640625,
248.90000000000001,4.3689117431640625,
249,4.2820358276367188,
249.09999999999999,4.1926116943359375,
249.19999999999999,4.1082992553710938,
249.30000000000001,4.0444259643554688,
249.40000000000001,3.9984359741210938,
249.5,3.939666748046875,
249.59999999999999,3.8809051513671875,
249.69999999999999,3.8195877075195312,
249.80000000000001,3.7454910278320312,
249.90000000000001,3.663726806640625,
250,3.5768585205078125,15.075377464294434
250.09999999999999,3.5027618408203125,
250.19999999999999,3.4465560913085938,
250.30000000000001,3.3928985595703125,
250.40000000000001,3.3443527221679688,
250.5,3.3009185791015625,
250.59999999999999,3.2677001953125,
250.69999999999999,3.2574844360351562,
250.80000000000001,3.2574844360351562,
250.90000000000001,3.2472610473632812,
251,3.23193359375,
251.09999999999999,3.2268218994140625,
251.19999999999999,3.221710205078125,
251.30000000000001,3.2191619873046875,
251.40000000000001,3.21405029296875,
251.5,3.203826904296875,
251.59999999999999,3.1987152099609375,
251.69999999999999,3.2012710571289062,
251.80000000000001,3.1961669921875,
251.90000000000001,3.1833877563476562,
252,3.1808319091796875,
252.09999999999999,3.203826904296875,
252.19999999999999,3.2574844360351562,
252.30000000000001,3.3443527221679688,
252.40000000000001,3.4567718505859375,
252.5,3.58197021484375,
252.59999999999999,3.7148284912109375,
252.69999999999999,3.8527984619140625,
252.80000000000001,3.977996826171875,
252.90000000000001,4.0853042602539062,
253,4.161956787109375,
253.09999999999999,4.1772842407226562,
253.19999999999999,4.1645126342773438,
253.30000000000001,4.1364059448242188,
253.40000000000001,4.0853042602539062,
253.5,4.0342025756835938,
253.59999999999999,3.98565673828125,
253.69999999999999,3.9166717529296875,
253.80000000000001,3.8323593139648438,
253.90000000000001,3.755706787109375,
254,3.6816177368164062,
254.09999999999999,3.6126327514648438,
254.19999999999999,3.553863525390625,
254.30000000000001,3.4669952392578125,
254.40000000000001,3.3775711059570312,
254.5,3.3111419677734375,
254.59999999999999,3.2549285888671875,
254.69999999999999,3.2268218994140625,
254.80000000000001,3.2166061401367188,
254.90000000000001,3.203826904296875,
255,3.1936111450195312,
255.09999999999999,3.1782760620117188,
255.19999999999999,3.1603927612304688,
255.30000000000001,3.1527252197265625,
255.40000000000001,3.1527252197265625,
255.5,3.1450653076171875,
255.59999999999999,3.1220703125,
255.69999999999999,3.1067352294921875,
255.80000000000001,3.1067352294921875,
255.90000000000001,3.10418701171875,
256,3.1067352294921875,
256.10000000000002,3.10418701171875,
256.19999999999999,3.1016311645507812,
256.30000000000001,3.1373977661132812,
256.39999999999998,3.2370452880859375,
256.5,3.380126953125,
256.60000000000002,3.5308685302734375,
256.69999999999999,3.6713943481445312,
256.80000000000001,3.7991409301757812,
256.89999999999998,3.9090118408203125,
257,3.9882125854492188,
257.10000000000002,4.0444259643554688,
257.19999999999999,4.0546417236328125,
257.30000000000001,4.02398681640625,
257.39999999999998,3.9805526733398438,
257.5,3.9192276000976562,
257.60000000000002,3.847686767578125,
257.69999999999999,3.7761459350585938,
257.80000000000001,3.6841659545898438,
257.89999999999998,3.58197021484375,
258,3.4823226928710938,
258.10000000000002,3.3954544067382812,
258.19999999999999,3.3315811157226562,
258.30000000000001,3.2830352783203125,
258.39999999999998,3.2191619873046875,
258.5,3.168060302734375,
258.60000000000002,3.1603927612304688,
258.69999999999999,3.1655044555664062,
258.80000000000001,3.1629486083984375,
258.89999999999998,3.1603927612304688,
259,3.1527252197265625,
259.10000000000002,3.1476211547851562,
259.19999999999999,3.150177001953125,
259.30000000000001,3.1476211547851562,
259.39999999999998,3.1348419189453125,
259.5,3.1246261596679688,
259.60000000000002,3.1271820068359375,
259.69999999999999,3.129730224609375,
259.80000000000001,3.1322860717773438,
259.89999999999998,3.150177001953125,
260,3.2089385986328125,15.358362197875977
260.10000000000002,3.3647918701171875,
260.19999999999999,3.5845260620117188,
260.30000000000001,3.7608184814453125,
260.39999999999998,3.9064559936523438,
260.5,4.0571975708007812,
260.60000000000002,4.2002792358398438,
260.69999999999999,4.3305816650390625,
260.80000000000001,4.4481124877929688,
260.89999999999998,4.48388671875,
261,4.4021224975585938,
261.10000000000002,4.2845916748046875,
261.19999999999999,4.1849517822265625,
261.30000000000001,4.0853042602539062,
261.39999999999998,4.0009918212890625,
261.5,3.9422225952148438,
261.60000000000002,3.8911209106445312,
261.69999999999999,3.8374710083007812,
261.80000000000001,3.7735977172851562,
261.89999999999998,3.6943893432617188,
262,3.6024093627929688,
262.10000000000002,3.5002059936523438,
262.19999999999999,3.3852310180664062,
262.30000000000001,3.3034744262695312,
262.39999999999998,3.2625961303710938,
262.5,3.2293777465820312,
262.60000000000002,3.2089385986328125,
262.69999999999999,3.1961669921875,
262.80000000000001,3.1731719970703125,
262.89999999999998,3.1629486083984375,
263,3.1655044555664062,
263.10000000000002,3.1578369140625,
263.19999999999999,3.1425094604492188,
263.30000000000001,3.13995361328125,
263.39999999999998,3.13995361328125,
263.5,3.13995361328125,
263.60000000000002,3.1425094604492188,
263.69999999999999,3.1425094604492188,
263.80000000000001,3.1706161499023438,
263.89999999999998,3.2472610473632812,
264,3.3571319580078125,
264.10000000000002,3.4669952392578125,
264.19999999999999,3.5921859741210938,
264.30000000000001,3.7352676391601562,
264.39999999999998,3.8630218505859375,
264.5,3.9601058959960938,
264.60000000000002,4.0342025756835938,
264.69999999999999,4.0827484130859375,
264.80000000000001,4.0980758666992188,
264.89999999999998,4.0674209594726562,
265,4.013763427734375,
265.10000000000002,3.9422225952148438,
265.19999999999999,3.8553543090820312,
265.30000000000001,3.7608184814453125,
265.39999999999998,3.6483993530273438,
265.5,3.5436477661132812,
265.60000000000002,3.4491119384765625,
265.69999999999999,3.369903564453125,
265.80000000000001,3.3111419677734375,
265.89999999999998,3.2574844360351562,
266,3.2012710571289062,
266.10000000000002,3.1655044555664062,
266.19999999999999,3.1603927612304688,
266.30000000000001,3.1629486083984375,
266.39999999999998,3.1603927612304688,
266.5,3.1603927612304688,
266.60000000000002,3.1603927612304688,
266.69999999999999,3.1578369140625,
266.80000000000001,3.1629486083984375,
266.89999999999998,3.1629486083984375,
267,3.1552810668945312,
267.10000000000002,3.1476211547851562,
267.19999999999999,3.1476211547851562,
267.30000000000001,3.1476211547851562,
267.39999999999998,3.1527252197265625,
267.5,3.1655044555664062,
267.60000000000002,3.2166061401367188,
267.69999999999999,3.3111419677734375,
267.80000000000001,3.4388885498046875,
267.89999999999998,3.571746826171875,
268,3.6867218017578125,
268.10000000000002,3.7914810180664062,
268.19999999999999,3.8783493041992188,
268.30000000000001,3.9473342895507812,
268.39999999999998,3.9907684326171875,
268.5,3.9907684326171875,
268.60000000000002,3.9447784423828125,
268.69999999999999,3.8809051513671875,
268.80000000000001,3.8221359252929688,
268.89999999999998,3.748046875,
269,3.6739501953125,
269.10000000000002,3.5972976684570312,
269.19999999999999,3.518096923828125,
269.30000000000001,3.444000244140625,
269.39999999999998,3.3673477172851562,
269.5,3.295806884765625,
269.60000000000002,3.2472610473632812,
269.69999999999999,3.21405029296875,
269.80000000000001,3.1731719970703125,
269.89999999999998,3.1425094604492188,
270,3.129730224609375,15.555556297302246
270.10000000000002,3.1220703125,
270.19999999999999,3.1220703125,
270.30000000000001,3.1195144653320312,
270.39999999999998,3.111846923828125,
270.5,3.111846923828125,
270.60000000000002,3.1195144653320312,
270.69999999999999,3.1169586181640625,
270.80000000000001,3.1092910766601562,
270.89999999999998,3.1348419189453125,
271,3.21405029296875,
271.10000000000002,3.3366851806640625,
271.19999999999999,3.4695510864257812,
271.30000000000001,3.6049652099609375,
271.39999999999998,3.7301559448242188,
271.5,3.8374710083007812,
271.60000000000002,3.939666748046875,
271.69999999999999,4.02398681640625,
271.80000000000001,4.1031875610351562,
271.89999999999998,4.16961669921875,
272,4.1721725463867188,
272.10000000000002,4.1261825561523438,
272.19999999999999,4.0725326538085938,
272.30000000000001,4.02398681640625,
272.39999999999998,3.9831008911132812,
272.5,3.9447784423828125,
272.60000000000002,3.8809051513671875,
272.69999999999999,3.7889251708984375,
272.80000000000001,3.719940185546875,
272.89999999999998,3.6662826538085938,
273,3.5972976684570312,
273.10000000000002,3.5436477661132812,
273.19999999999999,3.5027618408203125,
273.30000000000001,3.4516677856445312,
273.39999999999998,3.4158935546875,
273.5,3.3724594116210938,
273.60000000000002,3.3111419677734375,
273.69999999999999,3.2677001953125,
273.80000000000001,3.242156982421875,
273.89999999999998,3.2114944458007812,
274,3.1833877563476562,
274.10000000000002,3.1629486083984375,
274.19999999999999,3.1476211547851562,
274.30000000000001,3.1373977661132812,
274.39999999999998,3.1373977661132812,
274.5,3.150177001953125,
274.60000000000002,3.1808319091796875,
274.69999999999999,3.2523727416992188,
274.80000000000001,3.3494644165039062,
274.89999999999998,3.4644393920898438,
275,3.5768585205078125,
275.10000000000002,3.6892776489257812,
275.19999999999999,3.811920166015625,
275.30000000000001,3.921783447265625,
275.39999999999998,4.0086517333984375,
275.5,4.069976806640625,
275.60000000000002,4.1134109497070312,
275.69999999999999,4.1440658569335938,
275.80000000000001,4.1645126342773438,
275.89999999999998,4.1594009399414062,
276,4.1364059448242188,
276.10000000000002,4.1006317138671875,
276.19999999999999,4.0495376586914062,
276.30000000000001,3.9907684326171875,
276.39999999999998,3.9166717529296875,
276.5,3.8425827026367188,
276.60000000000002,3.7761459350585938,
276.69999999999999,3.702056884765625,
276.80000000000001,3.6305160522460938,
276.89999999999998,3.5564193725585938,
277,3.4746627807617188,
277.10000000000002,3.3928985595703125,
277.19999999999999,3.3366851806640625,
277.30000000000001,3.2804794311523438,
277.39999999999998,3.2191619873046875,
277.5,3.1833877563476562,
277.60000000000002,3.168060302734375,
277.69999999999999,3.1578369140625,
277.80000000000001,3.1527252197265625,
277.89999999999998,3.150177001953125,
278,3.1476211547851562,
278.10000000000002,3.1450653076171875,
278.19999999999999,3.1450653076171875,
278.30000000000001,3.1348419189453125,
278.39999999999998,3.111846923828125,
278.5,3.10418701171875,
278.60000000000002,3.10418701171875,
278.69999999999999,3.0965194702148438,
278.80000000000001,3.0965194702148438,
278.89999999999998,3.0990753173828125,
279,3.1016311645507812,
279.10000000000002,3.1246261596679688,
279.19999999999999,3.185943603515625,
279.30000000000001,3.2728118896484375,
279.39999999999998,3.39801025390625,
279.5,3.5436477661132812,
279.60000000000002,3.6765060424804688,
279.69999999999999,3.8042526245117188,
279.80000000000001,3.9192276000976562,
279.89999999999998,3.995880126953125,
280,4.07763671875,15.60178279876709
280.10000000000002,4.1670608520507812,
280.19999999999999,4.2411575317382812,
280.30000000000001,4.3050308227539062,
280.39999999999998,4.3101425170898438,
280.5,4.2513809204101562,
280.60000000000002,4.1875076293945312,
280.69999999999999,4.1261825561523438,
280.80000000000001,4.0623092651367188,
280.89999999999998,4.0086517333984375,
281,3.9447784423828125,
281.10000000000002,3.8681259155273438,
281.19999999999999,3.7812576293945312,
281.30000000000001,3.6969451904296875,
281.39999999999998,3.6228485107421875,
281.5,3.5564193725585938,
281.60000000000002,3.4976577758789062,
281.69999999999999,3.4312210083007812,
281.80000000000001,3.3647918701171875,
281.89999999999998,3.2906951904296875,
282,3.221710205078125,
282.10000000000002,3.185943603515625,
282.19999999999999,3.168060302734375,
282.30000000000001,3.1527252197265625,
282.39999999999998,3.13995361328125,
282.5,3.129730224609375,
282.60000000000002,3.1195144653320312,
282.69999999999999,3.1246261596679688,
282.80000000000001,3.129730224609375,
282.89999999999998,3.1169586181640625,
283,3.111846923828125,
283.10000000000002,3.1144027709960938,
283.19999999999999,3.1195144653320312,
283.30000000000001,3.13995361328125,
283.39999999999998,3.1987152099609375,
283.5,3.3034744262695312,
283.60000000000002,3.444000244140625,
283.69999999999999,3.6024093627929688,
283.80000000000001,3.7633743286132812,
283.89999999999998,3.9115676879882812,
284,4.0367584228515625,
284.10000000000002,4.1415176391601562,
284.19999999999999,4.2309417724609375,
284.30000000000001,4.2820358276367188,
284.39999999999998,4.2667083740234375,
284.5,4.2105026245117188,
284.60000000000002,4.1466217041015625,
284.69999999999999,4.0750808715820312,
284.80000000000001,4.0009918212890625,
284.89999999999998,3.9371109008789062,
285,3.8809051513671875,
285.10000000000002,3.829803466796875,
285.19999999999999,3.7684860229492188,
285.30000000000001,3.7122726440429688,
285.39999999999998,3.663726806640625,
285.5,3.6254043579101562,
285.60000000000002,3.5743026733398438,
285.69999999999999,3.5027618408203125,
285.80000000000001,3.444000244140625,
285.89999999999998,3.4158935546875,
286,3.3852310180664062,
286.10000000000002,3.341796875,
286.19999999999999,3.3034744262695312,
286.30000000000001,3.2702560424804688,
286.39999999999998,3.24981689453125,
286.5,3.2447052001953125,
286.60000000000002,3.2370452880859375,
286.69999999999999,3.2191619873046875,
286.80000000000001,3.2089385986328125,
286.89999999999998,3.203826904296875,
287,3.1987152099609375,
287.10000000000002,3.2012710571289062,
287.19999999999999,3.2089385986328125,
287.30000000000001,3.2370452880859375,
287.39999999999998,3.3213577270507812,
287.5,3.4516677856445312,
287.60000000000002,3.5921859741210938,
287.69999999999999,3.7403793334960938,
287.80000000000001,3.8809051513671875,
287.89999999999998,3.98565673828125,
288,4.05975341796875,
288.10000000000002,4.115966796875,
288.19999999999999,4.1440658569335938,
288.30000000000001,4.1287384033203125,
288.39999999999998,4.0801925659179688,
288.5,4.0112075805664062,
288.60000000000002,3.9294509887695312,
288.69999999999999,3.8502426147460938,
288.80000000000001,3.7710418701171875,
288.89999999999998,3.6892776489257812,
289,3.6126327514648438,
289.10000000000002,3.5410919189453125,
289.19999999999999,3.479766845703125,
289.30000000000001,3.43377685546875,
289.39999999999998,3.3852310180664062,
289.5,3.334136962890625,
289.60000000000002,3.3009185791015625,
289.69999999999999,3.277923583984375,
289.80000000000001,3.2625961303710938,
289.89999999999998,3.2574844360351562,
290,3.2549285888671875,15.384614944458008
290.10000000000002,3.242156982421875,
290.19999999999999,3.2370452880859375,
290.30000000000001,3.2370452880859375,
290.39999999999998,3.2293777465820312,
290.5,3.2242660522460938,
290.60000000000002,3.2549285888671875,
290.69999999999999,3.3264694213867188,
290.80000000000001,3.4363327026367188,
290.89999999999998,3.5743026733398438,
291,3.7148284912109375,
291.10000000000002,3.8451309204101562,
291.19999999999999,3.9703292846679688,
291.30000000000001,4.0853042602539062,
291.39999999999998,4.1772842407226562,
291.5,4.2411575317382812,
291.60000000000002,4.2360458374023438,
291.69999999999999,4.1568450927734375,
291.80000000000001,4.0648651123046875,
291.89999999999998,3.9907684326171875,
292,3.9294509887695312,
292.10000000000002,3.8834609985351562,
292.19999999999999,3.8349151611328125,
292.30000000000001,3.7454910278320312,
292.39999999999998,3.6407318115234375,
292.5,3.5615310668945312,
292.60000000000002,3.5027618408203125,
292.69999999999999,3.4491119384765625,
292.80000000000001,3.3954544067382812,
292.89999999999998,3.3315811157226562,
293,3.2677001953125,
293.10000000000002,3.2344894409179688,
293.19999999999999,3.2166061401367188,
293.30000000000001,3.1987152099609375,
293.39999999999998,3.1936111450195312,
293.5,3.1961669921875,
293.60000000000002,3.2089385986328125,
293.69999999999999,3.242156982421875,
293.80000000000001,3.2574844360351562,
293.89999999999998,3.24981689453125,
294,3.2472610473632812,
294.10000000000002,3.2549285888671875,
294.19999999999999,3.2549285888671875,
294.30000000000001,3.2396011352539062,
294.39999999999998,3.2293777465820312,
294.5,3.2191619873046875,
294.60000000000002,3.2166061401367188,
294.69999999999999,3.2191619873046875,
294.80000000000001,3.2191619873046875,
294.89999999999998,3.23193359375,
295,3.2855911254882812,
295.10000000000002,3.369903564453125,
295.19999999999999,3.4593276977539062,
295.30000000000001,3.5589752197265625,
295.39999999999998,3.6662826538085938,
295.5,3.76593017578125,
295.60000000000002,3.847686767578125,
295.69999999999999,3.8911209106445312,
295.80000000000001,3.8987884521484375,
295.89999999999998,3.9141159057617188,
296,3.94989013671875,
296.10000000000002,3.9677734375,
296.19999999999999,3.9626617431640625,
296.30000000000001,3.9447784423828125,
296.39999999999998,3.9166717529296875,
296.5,3.8732376098632812,
296.60000000000002,3.811920166015625,
296.69999999999999,3.7327117919921875,
296.80000000000001,3.6662826538085938,
296.89999999999998,3.6049652099609375,
297,3.5334243774414062,
297.10000000000002,3.4542160034179688,
297.19999999999999,3.3852310180664062,
297.30000000000001,3.3392410278320312,
297.39999999999998,3.3009185791015625,
297.5,3.2677001953125,
297.60000000000002,3.24981689453125,
297.69999999999999,3.24981689453125,
297.80000000000001,3.2396011352539062,
297.89999999999998,3.221710205078125,
298,3.2089385986328125,
298.10000000000002,3.1936111450195312,
298.19999999999999,3.1782760620117188,
298.30000000000001,3.168060302734375,
298.39999999999998,3.1629486083984375,
298.5,3.168060302734375,
298.60000000000002,3.1731719970703125,
298.69999999999999,3.168060302734375,
298.80000000000001,3.1578369140625,
298.89999999999998,3.1552810668945312,
299,3.1578369140625,
299.10000000000002,3.1655044555664062,
299.19999999999999,3.1987152099609375,
299.30000000000001,3.2804794311523438,
299.39999999999998,3.3903427124023438,
299.5,3.5104293823242188,
299.60000000000002,3.6228485107421875,
299.69999999999999,3.7122726440429688,
299.80000000000001,3.7812576293945312,
299.89999999999998,3.8553543090820312,
300,3.9192276000976562,14.978601455688477
