Timestamp,Breath Rate
25.34600043296814,11.883567487870621
25.34899663925171,11.877285457788119
25.543307065963745,11.871075575653355
25.54530620574951,11.864959974745815
25.54731059074402,11.858920617019523
25.550312280654907,11.852971020696558
25.590615272521973,11.847108295836787
25.793156385421753,11.841317063728104
25.79560685157776,11.835640150107057
25.79760217666626,11.829977069173324
25.800507068634033,11.824297442449744
25.840080499649048,11.818594478125371
26.057689666748047,11.812853682556815
26.059688568115234,11.807036443951674
26.06168842315674,11.801192321866063
26.063693284988403,11.795243868886184
26.08906078338623,11.789215963696764
26.29217791557312,11.783089729245258
26.29317355155945,11.776857656507524
26.29317355155945,11.770562719306552
26.2941734790802,11.764066902015136
26.337180137634277,11.757402756137592
26.539501667022705,11.750534443173487
26.540494441986084,11.74345152944634
26.54151201248169,11.736256496441463
26.54151201248169,11.728854629115668
26.742284059524536,11.721251015942155
26.743285655975342,11.713545997856661
26.744285821914673,11.705750844746818
26.74529242515564,11.697821855535599
26.789167165756226,11.689837516514364
26.994029998779297,11.681757288277627
26.99664044380188,11.673614339738908
26.999557733535767,11.665334214863744
27.00148582458496,11.657031347520917
27.040101289749146,11.648589092126368
27.25355291366577,11.640000338958842
27.25661277770996,11.631368901632115
27.259617567062378,11.622653064761256
27.26154375076294,11.613881129340418
27.29068112373352,11.605155824881313
27.54071044921875,11.596452509504086
27.542710304260254,11.587759477910405
27.54593563079834,11.579146556014697
27.547940969467163,11.570690585267782
27.550933599472046,11.562310372283836
27.743115663528442,11.554138000202851
27.746188402175903,11.54613521344358
27.74820351600647,11.538277403692785
27.75111961364746,11.530675770365619
27.7901930809021,11.523169719641771
27.943963527679443,11.515764091492736
27.94616675376892,11.508413489091652
27.949164867401123,11.501210374682492
27.991466283798218,11.494104259535419
28.242093563079834,11.487100685966578
28.2440984249115,11.48021340275666
28.246100187301636,11.473390994567804
28.24913191795349,11.466636818871901
28.251132488250732,11.45982452977664
28.45344829559326,11.45304320231876
28.456193208694458,11.446325303187043
28.458723545074463,11.439663299380411
28.46072292327881,11.433210494434364
28.64390230178833,11.426923115907249
28.645902156829834,11.420854173683017
28.64896297454834,11.414959654197943
28.6508948802948,11.409387724947011
28.690682888031006,11.403988445539312
28.89218807220459,11.398769408868413
28.894808053970337,11.39369350525932
28.89673137664795,11.388822702513343
28.89970326423645,11.38406514417873
28.940083980560303,11.379248136759168
29.142509937286377,11.374553596801197
29.14444351196289,11.369956031254498
29.14774489402771,11.365268667735032
29.149741411209106,11.3606002260496
29.392738580703735,11.355809331451546
29.394667148590088,11.350940426069117
29.398226261138916,11.346034459408626
29.40014958381653,11.341097887069905
29.403151750564575,11.336232154469185
29.652616500854492,11.331479261834378
29.655542850494385,11.326820463001562
29.658106327056885,11.322383889746966
29.661128520965576,11.318159648972392
29.66212749481201,11.314116015935179
29.689775943756104,11.310288340544268
29.8932683467865,11.306640195612125
29.89619779586792,11.303174737953059
29.898197174072266,11.29998322337576
29.90022850036621,11.297010084180611
29.941213846206665,11.294348295778722
30.144142866134644,11.291955879000048
30.146159887313843,11.289776336895283
30.14914560317993,11.287854346113006
30.15107560157776,11.2862598640436
30.191286325454712,11.284917508470055
30.39090847969055,11.283899312211355
30.392934560775757,11.283167748146207
30.394926071166992,11.282850509896909
30.396932363510132,11.28295835123792
30.64055871963501,11.283383965696629
30.643559455871582,11.2841274948719
30.645626068115234,11.285162201105557
30.648563861846924,11.286333762921096
30.650557041168213,11.287784433972492
30.854231357574463,11.289345176486195
30.85717463493347,11.291066162516202
30.859174966812134,11.2927818403277
30.862178564071655,11.294482216830545
30.890461444854736,11.296116809995485
31.093390703201294,11.297667247997161
31.09539031982422,11.299111935183873
31.097113132476807,11.30051903816802
31.099114418029785,11.301805679132922
31.139609336853027,11.303117453442939
31.344176530838013,11.304459171847308
31.347177982330322,11.30564104049278
31.34918212890625,11.306773534314319
31.35218095779419,11.30785560912373
31.391578674316406,11.308760400843658
31.439026832580566,11.309524160530154
31.642632722854614,11.310187820328018
31.645643949508667,11.310814755734542
31.647998094558716,11.311371975001096
31.65001130104065,11.31189878094208
31.68791961669922,11.312388423765764
31.84366011619568,11.31283695182286
31.846652030944824,11.31323654149877
31.84858536720276,11.313678794162144
31.895371437072754,11.314147427143805
32.04298782348633,11.314572930857508
32.045915365219116,11.315027038674181
32.04851722717285,11.315496813625884
32.090190410614014,11.315969012462368
32.24335694313049,11.316582101618112
32.2453556060791,11.317109389572545
32.24842572212219,11.317810083771484
32.29045796394348,11.318592057593518
32.54114103317261,11.31953377584095
32.542134046554565,11.320591394655088
32.54313635826111,11.3218053196971
32.54413676261902,11.323197357979629
32.54614543914795,11.324839466269426
32.588972091674805,11.326626951359328
32.79214930534363,11.32869056258249
32.794151067733765,11.331004712023102
32.79734826087952,11.333356761283829
32.8002724647522,11.335605532590275
33.056281089782715,11.337817681376828
33.05832600593567,11.340131169345968
33.060325145721436,11.342442085136955
33.06258296966553,11.344911736166626
33.06454873085022,11.347551223487532
33.29014205932617,11.350407876239823
33.29114246368408,11.353413533147782
33.292144536972046,11.35659630011125
33.292144536972046,11.35990738985442
33.2931432723999,11.363303517467326
33.492088317871094,11.366748840255763
33.4940824508667,11.37015000446064
33.495078802108765,11.373512373800935
33.496079444885254,11.37681901852495
33.53888654708862,11.380093577045693
33.742576122283936,11.38333797294814
33.74458122253418,11.38667186515542
33.74651074409485,11.390117882100318
33.749507904052734,11.393630132559487
33.78927230834961,11.397154756860168
33.991507053375244,11.400610928617393
33.9945023059845,11.404018609435552
33.996567726135254,11.407463920567245
33.9995059967041,11.410839927901238
34.206096172332764,11.414191843023817
34.209171295166016,11.41752225873476
34.21216177940369,11.420801968127437
34.21463894844055,11.424040152393962
34.240234375,11.427114621152752
34.44219422340393,11.430065471865685
34.44513559341431,11.43283026044879
34.44720196723938,11.43552205065374
34.45012879371643,11.438175097828147
34.488598585128784,11.440817455802888
34.69255089759827,11.443443319641004
34.69454884529114,11.446015212508824
34.696545362472534,11.44850308338253
34.69863176345825,11.450839738520237
34.739540338516235,11.453055274068118
34.94304919242859,11.455051984808641
34.94624471664429,11.456877698194214
34.94833421707153,11.45849134507127
34.951252460479736,11.460028753838886
34.98962354660034,11.461595765439949
35.19233512878418,11.463251509910632
35.19440007209778,11.46501746812211
35.19739532470703,11.466975832380433
35.19933080673218,11.468989843414757
35.246092796325684,11.471137936411417
35.44394659996033,11.473413818746428
35.44595265388489,11.475906126926626
35.44794678688049,11.478616485787315
35.44994616508484,11.481495983093815
35.490087032318115,11.48460662454089
35.69202184677124,11.487961701415308
35.69395089149475,11.491577214488467
35.696622371673584,11.495392129750236
35.69955229759216,11.499448600972078
35.94182872772217,11.503689784083392
35.94382047653198,11.50807710141793
35.94707369804382,11.512575201721383
35.949004888534546,11.517159927051237
35.952001094818115,11.521759919439127
36.19223499298096,11.526392812228648
36.195279121398926,11.531063375979159
36.19772791862488,11.535742004535013
36.19966769218445,11.54040190025318
36.2016761302948,11.54501481721756
36.40480661392212,11.549683259455707
36.407893657684326,11.554327281807785
36.40997886657715,11.55888840541336
36.41147994995117,11.563429447938361
36.59191274642944,11.567902959167563
36.593914270401,11.572324187473576
36.595990896224976,11.576813755468637
36.59891128540039,11.581271002841413
36.6379075050354,11.585830724189973
36.891860485076904,11.59044613205596
36.89486360549927,11.594962274297611
36.8969304561615,11.59969196257753
36.89986276626587,11.604422737677824
36.90085816383362,11.609037724785487
37.14082050323486,11.61376828632501
37.14403581619263,11.618357172580986
37.147095918655396,11.623027093312137
37.14903450012207,11.627669205931463
37.152031898498535,11.632348395995303
37.39118719100952,11.637016137598422
37.39282536506653,11.641784757688903
37.39582419395447,11.646621874175139
37.397826194763184,11.651602187064329
37.40082120895386,11.656530383073152
37.60240912437439,11.661634522072676
37.60432958602905,11.666697171329444
37.60654091835022,11.671913636064735
37.60894703865051,11.677369404320583
37.63908076286316,11.683023076887533
37.84121823310852,11.688986544859134
37.84320068359375,11.695023074787105
37.84360098838806,11.701236744558383
37.84518504142761,11.707741084626207
38.04209613800049,11.714519664646952
38.04409456253052,11.721612661844645
38.04635286331177,11.729159097606647
38.04955244064331,11.73692785592593
38.08813810348511,11.744863551466413
38.29168963432312,11.752892406000571
38.294702768325806,11.761176067140442
38.29670310020447,11.770029983538922
38.29877519607544,11.779173987055298
38.4933021068573,11.788495481581716
38.49530243873596,11.797820338765138
38.49849081039429,11.807122660922465
38.500417947769165,11.81627773468457
38.53911352157593,11.825325093367734
38.75927186012268,11.834088279395345
38.76133418083191,11.842757663396293
38.76353406906128,11.851236216334138
38.76435565948486,11.859454097426374
38.78871011734009,11.867285130720184
38.99092698097229,11.874783286342689
38.994078397750854,11.881910280031764
38.99606537818909,11.88884996780544
38.99900269508362,11.89543765081911
39.24232053756714,11.901644399388077
39.244324922561646,11.907558186644751
39.24632120132446,11.912923532637073
39.24931764602661,11.917926678825708
39.251320600509644,11.922563702228928
39.28940463066101,11.926852663100945
39.49164843559265,11.930691991912598
39.49367046356201,11.934269675925737
39.496742248535156,11.937440016676952
39.498740673065186,11.94015121323148
39.693613052368164,11.942479501725808
39.69684863090515,11.944345456626577
39.69884753227234,11.945831390941946
39.700846910476685,4.290736768995354
39.739452600479126,4.2887391843909946
39.95213317871094,4.286402077382854
39.95506238937378,4.2840037162523075
39.95707058906555,4.281451112610804
39.960062980651855,4.279063911309416
40.14407563209534,4.276775011920229
40.14707565307617,4.273947664795749
40.149094104766846,4.270688461540201
40.15200471878052,4.266930352543714
40.18941831588745,4.263055515963555
40.39342546463013,4.2589454759098615
40.39542508125305,4.254366428721851
40.397427558898926,4.249422616689415
40.3994255065918,4.244192126767848
40.439905405044556,4.238625836486887
40.643367528915405,4.2328237701793086
40.64536738395691,4.226632745301185
40.648783445358276,4.220587681761621
40.65115547180176,4.214459627709834
40.69030213356018,4.208241934182739
40.89310026168823,4.20205609513179
40.895026445388794,4.195795048604062
40.89809703826904,4.189440881359622
40.90052247047424,4.183154983201999
40.93922281265259,4.1769646116174854
41.10411190986633,4.17108192664209
41.106116771698,4.1655960830780225
41.109110832214355,4.160513666981063
41.14130902290344,4.1554506952495895
41.342403173446655,4.1505458344395985
41.34500312805176,4.145453470764825
41.34670090675354,4.140485834047964
41.34969758987427,4.135943147792968
41.388137340545654,4.131548411408419
41.543941259384155,4.127316360569518
41.54594421386719,4.123136915196895
41.548985719680786,4.119217594211836
41.59147071838379,4.115541003069114
41.793649435043335,4.112146952039207
41.79620957374573,4.108721128702374
41.79821062088013,4.10579585392408
41.801207304000854,4.102988709843979
41.83915829658508,4.10062370046357
41.994014739990234,4.098724737778647
41.997281074523926,4.097325919105186
41.99969220161438,4.09653853950309
42.03964686393738,4.095890024142618
42.088690757751465,4.095528951393784
42.25432276725769,4.095544207286255
42.256248474121094,4.095649959441571
42.258639097213745,4.095748811227495
42.289979696273804,4.0957576180498805
42.49314761161804,4.095939855416855
42.49507546424866,4.095918436686296
42.498066902160645,4.0957166672037255
42.50092697143555,4.095670100392707
42.53856921195984,4.095928369284716
42.741209268569946,4.096570011994715
42.74312448501587,4.097103226163002
42.74612307548523,4.0972128622576465
42.74812364578247,4.096489365380979
42.94380259513855,4.095089640806327
42.945802211761475,4.092887830418707
42.948323488235474,4.08953335476458
42.950684785842896,4.085428332915986
42.991642236709595,4.0805156165195875
43.24048185348511,4.074491969918153
43.242475748062134,4.067654910608617
43.24567985534668,4.059886454323958
43.247703552246094,4.0515239837195605
43.249701261520386,4.042490482376372
43.45452094078064,4.03289132241258
43.457457542419434,4.022579387271084
43.45944786071777,4.011686123865867
43.46244955062866,3.9996379794539267
43.49011254310608,11.647791996705328
43.69234895706177,11.650115519541838
43.69437313079834,11.652626924309763
43.69662284851074,11.655311108434264
43.69837689399719,11.658088214590347
43.741116523742676,11.660945987724638
43.99169182777405,11.663843349098407
43.9946346282959,11.666769414826584
43.99662733078003,11.669790281856262
43.999634981155396,11.672868519022325
44.00162720680237,11.676038309356828
44.19235134124756,11.679248190749385
44.19486141204834,11.682500486048115
44.19693636894226,11.685853653466502
44.19985747337341,11.689298710623351
44.393425703048706,11.692792503564638
44.39617967605591,11.696353771577206
44.398256063461304,11.69985620976425
44.40125775337219,11.703352422238543
44.440489768981934,11.706865936250836
44.65436029434204,11.710378775139288
44.65727782249451,11.713885267963159
44.66044878959656,11.717460120916659
44.662381172180176,11.721034914212908
44.69018912315369,11.724709150085522
44.89415621757507,11.728417890237422
44.896156311035156,11.732177595382625
44.89909529685974,11.735990227585912
44.90108919143677,11.739859041148259
44.94052290916443,11.743877255693521
45.14402890205383,11.747989338261698
45.14603018760681,11.752247352309196
45.14902639389038,11.756715449931928
45.151031732559204,11.761393739518379
45.19080996513367,11.766362825549194
45.44180941581726,11.771618574223591
45.44382309913635,11.777216495720412
45.44554615020752,11.783161532033873
45.44872713088989,11.78951406930847
45.450724840164185,11.796236684637359
45.70320391654968,11.803396188902791
45.706196308135986,11.810964928776093
45.70827102661133,11.818927658349867
45.71119999885559,11.827281616671703
45.71319842338562,11.835977024472495
45.94026803970337,11.845027376569623
45.94228386878967,11.854224989112975
45.945335149765015,11.863671442862533
45.94726538658142,11.873292272947648
45.94926643371582,11.883065089772021
46.092976808547974,11.893047873054975
46.09600305557251,11.90306691969231
46.09857535362244,11.913181942816797
46.14062857627869,11.923410704199545
46.34302020072937,11.933682409606622
46.34601402282715,11.943915539364294
46.34808397293091,11.95402713100111
46.35101270675659,11.963958582362212
46.38889813423157,11.973708371236867
46.54361629486084,11.983173668832332
46.54553985595703,11.992443286116032
46.54754066467285,12.001434133133518
46.59083414077759,12.009879015309531
46.85650110244751,12.017506018005584
46.859691858291626,12.02332482818595
46.86138725280762,12.026975354601467
46.86482620239258,12.0293848993644
46.86782956123352,12.031202629360184
46.890650033950806,12.032784515449732
47.04360866546631,12.034217893583033
47.045616149902344,12.035520764310746
47.04860782623291,12.036677287583567
47.088663816452026,12.037615381297893
47.24388098716736,12.038341449550343
47.246883153915405,12.038840254188035
47.24906253814697,12.0390198560349
47.288341999053955,12.038964154576835
47.49324035644531,12.038595136978586
47.49564838409424,12.037986734944589
47.497655391693115,12.037194258649054
47.49864101409912,12.036150120029074
47.539857149124146,12.034942795278955
47.74176836013794,12.033633840493538
47.74422097206116,12.03237687636243
47.747151613235474,12.031269593021532
47.749143838882446,12.030444542983346
47.997872829437256,12.030000377029792
47.99887228012085,12.029927396442607
47.99987077713013,12.030169320194961
48.00087571144104,12.030765372943637
48.00087571144104,12.031776495070261
48.03758215904236,12.033157779296833
48.23968482017517,12.034860720861458
48.24068069458008,12.036794700464908
48.24168157577515,12.038893466348235
48.24168157577515,12.04116116065946
48.28868365287781,12.043573404033845
48.49207830429077,12.046093720764574
48.495145320892334,12.04875229527464
48.49707317352295,12.051493678937042
48.50007438659668,12.054405614238487
48.54007601737976,12.057413824002596
48.74339580535889,12.0605206871859
48.74539494514465,12.063570513041263
48.74839544296265,12.066533684065437
48.75040149688721,12.069399217861601
48.79140043258667,12.07213610967448
48.99141836166382,12.074721136942077
48.9944167137146,12.077137633437966
48.99634623527527,12.07936115091777
49.01334285736084,12.08139420570393
49.243180990219116,12.0831898211072
49.246256828308105,12.084783327810298
49.248180627822876,12.086141067343453
49.25018048286438,12.087234666820155
49.25217890739441,12.088099986280591
49.28887414932251,12.088683614325532
49.492122650146484,12.089040759435026
49.494014739990234,12.088998848166542
49.49693846702576,12.088579212870957
49.49945688247681,12.087815805723574
49.53932189941406,12.086646022701
49.693533182144165,12.08511980379703
49.695533752441406,12.083181399393457
49.69853401184082,12.080846031388795
49.74127221107483,12.078202455335711
49.99136424064636,12.07524137572355
49.99336528778076,12.072008965038304
49.995439767837524,12.068548246618334
49.99743700027466,12.064865795930672
49.999364137649536,12.06099186454382
50.254539489746094,12.056961841735177
50.25660800933838,12.052874881375121
50.25870394706726,12.048740853193285
50.260284662246704,12.044564495680273
50.262208223342896,12.040414912572901
50.44326853752136,12.03631637089995
50.44534182548523,12.032334746249262
50.448338747024536,12.02844810229545
50.450350761413574,12.024737435795483
50.48929238319397,12.021201034531519
50.69262194633484,12.017818353764515
50.69561767578125,12.014588748757122
50.69761371612549,12.011505990026773
50.70054340362549,12.008517355528916
50.73948311805725,12.005635008593412
50.94280934333801,12.002844260510841
50.945818185806274,12.000083085629146
50.94848299026489,11.997313905252284
50.95099115371704,11.994521824409343
50.9890341758728,11.991715453750109
51.14394164085388,11.988870125636497
51.14702033996582,11.985933678747418
51.1490204334259,11.982888776360399
51.189467906951904,11.979723628613332
51.40830683708191,11.976389812631668
51.40931677818298,11.972895631426665
51.41135239601135,11.969220742616256
51.41135239601135,11.965363953520852
51.59297490119934,11.96133661744319
51.59606337547302,11.957167359522632
51.5987389087677,11.952861479691988
51.60073781013489,11.94842162062923
51.63878846168518,11.943871430218156
51.84180688858032,11.939212029669466
51.84480690956116,11.93446262430333
51.84480690956116,11.929586407047234
51.84581995010376,11.92455881412242
51.89073157310486,11.919387565839651
52.09025979042053,11.914045731406299
52.093260288238525,11.90851235154872
52.09582328796387,11.902790883260133
52.097821950912476,11.896870415567985
52.29159069061279,11.89076568707259
52.29359197616577,11.884503088034117
52.296586990356445,11.878070543056808
52.29901146888733,11.871466904108877
52.50018334388733,11.864673644287423
52.501116037368774,11.857739853428226
52.50311756134033,11.85067715749344
52.504409313201904,11.84350983877231
52.53987789154053,11.836280284482969
52.5882670879364,11.828986038452292
52.791619300842285,11.82165789237443
52.79361820220947,11.814310022535643
52.79661440849304,11.806996867009559
52.79861354827881,11.799834218481537
52.99253535270691,11.792871520528909
52.99553990364075,11.786182391850694
52.99817728996277,11.77975785150278
53.00020146369934,11.773610668192557
53.03855895996094,11.767731275737148
53.24311447143555,11.762038680061801
53.245113134384155,11.75650492815932
53.24811935424805,11.751073347173229
53.25011682510376,11.745710107239029
53.289270877838135,11.740381454219559
53.4929084777832,11.73506422448986
53.4949107170105,11.729736082963512
53.49785304069519,11.724340071209209
53.500622510910034,11.718881987702668
53.75091791152954,11.713380582505096
53.7529194355011,11.707844988303538
53.75592827796936,11.702282102707096
53.75791788101196,11.69669173347376
53.75992298126221,11.691075754296776
53.94290542602539,11.685429232838851
53.945897340774536,11.679749677223267
53.94782257080078,11.674031576399987
53.95075345039368,11.66826383419379
54.191529750823975,11.662465359019059
54.194533824920654,11.656606909239967
54.19653272628784,11.650690748512142
54.19853091239929,11.644750968299483
54.2005295753479,11.638772606342537
54.39350938796997,11.632802953845257
54.39671969413757,11.626805657166628
54.39939618110657,11.620815955051823
54.40177059173584,11.614814478236891
54.44029903411865,11.6087950286501
54.642279386520386,11.602762971449442
54.644280195236206,11.596735586843979
54.64627981185913,11.590703031287708
54.64928317070007,11.584671362274769
54.68951106071472,11.57864007996633
54.853713035583496,11.572615192190643
54.85663294792175,11.566580393629005
54.859633922576904,11.56055061637818
54.890560150146484,11.554540738441737
55.04411554336548,11.548535993635532
55.04618763923645,11.542548600057884
55.04918336868286,11.536583508501286
55.09118962287903,11.5306606488608
55.290690660476685,11.52479832739999
55.29361915588379,11.519035875751193
55.29569625854492,11.513374740883643
55.29862713813782,11.507846216317542
55.4927761554718,11.502461268345387
55.4947772026062,11.497233785855167
55.49806785583496,11.492155881333666
55.50006914138794,11.487241130804607
55.539954662323,11.482495823288918
55.74415922164917,11.47793748764688
55.74615836143494,11.473607873571787
55.74915862083435,11.469489847832147
55.75216746330261,11.465584365536714
55.791719913482666,11.461868956474252
55.838865995407104,11.458317306229254
56.05268716812134,11.454916016061548
56.055684328079224,11.451656739177075
56.05890107154846,11.44852195079745
56.06165862083435,11.445505514703914
56.08957242965698,11.442588976734394
56.243212938308716,11.439744471453176
56.24523854255676,11.436921898156204
56.24821400642395,11.434085534111775
56.2901771068573,11.431214086137626
56.493239402770996,11.428303290805047
56.4951753616333,11.425354193188271
56.49824357032776,11.422392707734407
56.50017213821411,11.419459135659926
56.539806604385376,11.416557943827712
56.74172401428223,11.413713038463579
56.74482035636902,11.410905182265049
56.74681830406189,11.408143010195896
56.749743700027466,11.4054321271404
56.788074254989624,11.402753837154467
56.94188404083252,11.40010135101928
56.94588327407837,11.397442791739397
56.947885274887085,11.394763926180628
56.98999786376953,11.392064696087536
57.203553438186646,11.389351297147673
57.20655870437622,11.38660724358987
57.2086296081543,11.38387858450172
57.21186113357544,11.381168381174431
57.239471673965454,11.378477958202122
57.441940784454346,11.375836734230955
57.44511938095093,11.37326673390751
57.44784355163574,11.370788484133818
57.45039772987366,11.368449396484664
57.489158630371094,11.366281888667
57.69278645515442,11.364297646880601
57.69479465484619,11.36256885066774
57.69779586791992,11.361101919252102
57.700567960739136,11.359856221586973
57.941346883773804,11.35883448809896
57.943347215652466,11.358027694734785
57.94542717933655,11.357460367705706
57.948341608047485,11.3571077287178
57.950342416763306,11.357007760072511
58.144195318222046,11.357169798286492
58.14626121520996,11.357590083676644
58.149261236190796,11.35823111548731
58.1511971950531,11.359088907491744
58.19127631187439,11.360139132981105
58.397215843200684,11.361322442748074
58.398216009140015,11.362675262374774
58.398216009140015,11.36420427810683
58.400227546691895,11.365886460116903
58.59176969528198,11.367741574728873
58.59376764297485,11.369697149688585
58.59670281410217,11.371685273808609
58.598697900772095,11.373690579804277
58.8423638343811,11.375685931925855
58.844364166259766,11.37773198805542
58.846368074417114,11.379872146573511
58.848769426345825,11.38212607076388
58.850770711898804,11.384514069558023
58.88856554031372,11.387031963908347
59.04337525367737,11.389713967304019
59.04537487030029,11.392523050459179
59.048447370529175,11.395431147069432
59.089738845825195,11.398462372763522
59.293747425079346,11.40159223553492
59.29667520523071,11.404795384266377
59.29923105239868,11.408056249231095
59.301167011260986,11.411410092412622
59.34018111228943,11.414845310542601
59.55584001541138,11.418371082070315
59.55877161026001,11.421911715546408
59.5609815120697,11.425488925677875
59.56390571594238,11.4291072835978
59.58910274505615,11.43274214710604
59.744553327560425,11.4364187855135
59.746551275253296,11.440121489753519
59.74955177307129,11.443827868692848
59.78814148902893,11.447534082147104
59.99309682846069,11.451160460906426
59.995707511901855,11.454722084665114
59.99838376045227,11.458211535173776
60.00031018257141,11.461647297666552
60.038095474243164,11.46501277881932
60.1937255859375,11.468332386563869
60.19579529762268,11.4717193167003
60.198797941207886,11.47517524330474
60.24085998535156,11.478742913550374
60.44275712966919,11.482392116425112
60.44474792480469,11.48616651207349
60.44776010513306,11.489963052888424
60.45067739486694,11.493822611358162
60.4900381565094,11.497826159866504
60.706724405288696,11.502030618985213
60.70965337753296,11.506369606106363
60.712648153305054,11.510921141660818
60.71465182304382,11.515729367714359
60.73975682258606,11.520831610113422
60.94302582740784,11.526182836730008
60.94495368003845,11.531739468911328
60.94795751571655,11.537572093866634
60.94995975494385,11.543550159678768
60.98934888839722,11.549691050117376
61.19167494773865,11.555946166423066
61.19388747215271,11.56227764394358
61.195716381073,11.568605671827527
61.19955039024353,11.575029499125517
61.39277958869934,11.581539654896314
61.39477825164795,11.588125283953993
61.39677882194519,11.594744517942758
61.39877891540527,11.601350347187811
61.440446853637695,11.607897653575186
61.69066524505615,11.614374949304858
61.693217277526855,11.620832543923397
61.69522571563721,11.627374440800288
61.6981565952301,11.633978445394838
61.701148986816406,11.640657344679969
61.90427923202515,11.64731611402955
61.90726447105408,11.653830546265647
61.91024947166443,11.660395210815661
61.91243553161621,11.666792220212459
62.092612743377686,11.672995182736164
62.09461283683777,11.678936695943428
62.09761118888855,11.684663180185455
62.099613189697266,11.690223546290486
62.140326499938965,11.695631001060807
62.34141683578491,11.700928296544381
62.34341859817505,11.706023425104927
62.346413135528564,11.710876353189937
62.34842109680176,11.715499631795339
62.54230499267578,11.719876715000854
62.5453040599823,11.7240285503086
62.547309160232544,11.728069147099337
62.549306869506836,11.731920736548076
62.589481592178345,11.735770728468
62.79141616821289,11.73958058793968
62.79348707199097,11.743340849168666
62.79648447036743,11.747100331623113
62.79941487312317,11.750909292506035
63.003583669662476,11.75478126363367
63.005650997161865,11.758701598959956
63.00665998458862,11.762812016511994
63.008652448654175,11.767096595507754
63.24375677108765,11.7716405845851
63.24582529067993,11.776389056703783
63.24782180786133,11.781369343771217
63.25075554847717,11.78655200075229
63.25275731086731,11.791877604171718
63.2898154258728,11.79729686462473
63.49162197113037,11.80282273826994
63.49462294578552,11.808448554935504
63.49662518501282,11.81411429242751
63.4990656375885,11.819766010079972
63.69238209724426,11.82545968175017
63.694456338882446,11.831140000168855
63.695380210876465,11.836730680462182
63.69743609428406,11.842287263039767
63.7391631603241,11.847620806119805
63.9419162273407,11.852738708848015
63.94291114807129,11.857698420855712
63.94291114807129,11.862531336924969
63.94391107559204,11.867125347440158
63.98896241188049,11.871505123456426
64.20848631858826,11.875684573801998
64.2104914188385,11.879616590419214
64.21349215507507,11.883347757190284
64.21548914909363,11.88678297715229
64.23822498321533,11.890060060648107
64.44331240653992,11.893131910100408
64.44630861282349,11.895873845430453
64.44830369949341,11.898350290373306
64.45123744010925,11.900635256053436
64.49036073684692,11.902628524429604
64.69306755065918,11.904334085583972
64.69606852531433,11.905722089279344
64.69914150238037,11.906793433919523
64.70107173919678,11.907527898919476
64.73906421661377,11.908013039543471
64.94269227981567,11.908260522322447
64.94477248191833,11.908185512783286
64.94768929481506,11.907884723405932
64.94968509674072,11.907380642763098
64.98908758163452,11.906676258986938
65.19165563583374,11.905817632469564
65.19464421272278,11.904828114591655
65.19704341888428,11.903696018488588
65.1991868019104,11.902497002756913
65.4031457901001,11.901242411164297
65.40514826774597,11.899969207203709
65.40833306312561,11.898662536227537
65.41133117675781,11.897319710028656
65.44107270240784,11.896143129979206
65.64372992515564,11.895176191225271
65.64672684669495,11.894428265333149
65.6481683254242,11.89400836186184
65.65116715431213,11.893835279828394
65.89012789726257,11.893892575356027
65.8931941986084,11.894120081211375
65.8951952457428,11.894424435587446
65.89712882041931,11.894840640705388
65.90012645721436,11.895325477876503
66.09357833862305,11.895907724545678
66.09650564193726,11.896544241666891
66.09892845153809,11.897239536304465
66.1009292602539,11.89789088147886
66.13887000083923,11.898531489913003
66.34351134300232,11.899077311608261
66.34692120552063,11.89953506758482
66.34862422943115,11.8999122943166
66.35071849822998,11.900149184923038
66.39072060585022,11.900235878446724
66.60329675674438,11.900219912826715
66.60521459579468,11.900075836380072
66.60728192329407,11.89981331459725
66.60927867889404,11.899397064464202
66.6414487361908,11.898910408240853
66.84039211273193,11.89828595399693
66.84149742126465,11.897425451174986
66.84295344352722,11.896390660115028
66.84406733512878,11.89525579190486
66.88852119445801,11.893947329016475
67.09122681617737,11.892478037470774
67.09419703483582,11.89083576061869
67.0961971282959,11.88898621075711
67.09920310974121,11.88694617432418
67.29294800758362,11.884703646292241
67.29646849632263,11.882249613864222
67.29943108558655,11.879579109343853
67.30243039131165,11.876743823924345
67.33896684646606,11.873758289102177
67.5418930053711,11.870638211530348
67.54457831382751,11.86738155409761
67.5465030670166,11.864013495287587
67.54950332641602,11.860537529967855
67.80287337303162,11.857024269803365
67.80486822128296,11.853455339873157
67.8078715801239,11.849833970476684
67.81086421012878,11.846270242757052
67.81287384033203,11.84270569019632
68.04211974143982,11.839259023943521
68.04572415351868,11.835975827996215
68.04842519760132,11.832915686662968
68.05035138130188,11.830032098110006
68.05235385894775,11.827355895583748
68.08941268920898,11.824892911235864
68.29198694229126,11.822636429931073
68.29398918151855,11.820560361050578
68.2959852218628,11.818626933635414
68.29798460006714,11.816848762376365
68.49293208122253,11.815168292494938
68.49493885040283,11.813627573718406
68.49793887138367,11.812222666843635
68.49993538856506,11.810901932156842
68.54075407981873,11.809661830477763
68.74404406547546,11.808437952921242
68.74601888656616,11.807204353965805
68.74896192550659,11.805945702244232
68.75096297264099,11.804615452236536
68.79031991958618,11.803193410632794
69.05380487442017,11.801659178066373
69.05580925941467,11.800063915074839
69.05913758277893,11.798365595865278
69.06158876419067,11.796589378689962
69.06358289718628,11.794764765751149
69.08965730667114,11.792870905505044
69.24300861358643,11.790957951368481
69.24500775337219,11.788988285959942
69.24600744247437,11.787023512694844
69.28877401351929,11.785145278704313
69.49153065681458,11.783173722552009
69.49358916282654,11.781111752522081
69.4967725276947,11.778951801990244
69.49890685081482,11.776709647641928
69.69400358200073,11.77448096884464
69.69600319862366,11.77228942182869
69.6993191242218,11.77008748974192
69.70145845413208,11.767889482109272
69.74092841148376,11.765710386610264
69.94222235679626,11.76348361982582
69.94419980049133,11.761234571861767
69.94619846343994,11.758897745501816
69.94913387298584,11.756484387193096
69.98900413513184,11.754076768745628
70.20055055618286,11.751664479165049
70.20349860191345,11.74919029337694
70.20556831359863,11.74665412430546
70.20849657058716,11.74409817974663
70.23960900306702,11.741537407713464
70.44184112548828,11.739015357573269
70.44384932518005,11.73646655923758
70.44591069221497,11.73389353666781
70.44875860214233,11.731368244294753
70.69266629219055,11.728523718651113
70.69467115402222,11.725741205239446
70.69667077064514,11.723064684695677
70.69866895675659,11.720415272575151
70.70167970657349,11.71800909637482
70.73901581764221,11.715845725312732
70.94325399398804,11.713725850937125
70.9452543258667,11.711600440762163
70.94833397865295,11.709337221545232
70.95025563240051,11.707004554638194
70.98961281776428,11.704585273756535
71.19395327568054,11.702138431590981
71.19601798057556,11.69962174631678
71.19803547859192,11.69716991162066
71.20003771781921,11.69483404744299
71.24928116798401,11.69261298159446
71.44249153137207,11.690509924065122
71.44558453559875,11.688463839804239
71.44758224487305,11.68634891645283
71.45055651664734,11.684111491851702
71.48872327804565,11.68180447416511
71.69099140167236,11.679507425658933
71.69399094581604,11.67722887038988
71.69598937034607,11.675008148466773
71.69898653030396,11.67286296672692
71.89362907409668,11.670787405957093
71.89670634269714,11.668760930971047
71.89918351173401,11.666720605366386
71.90120697021484,11.664710683987677
71.9401364326477,11.662708180994002
72.1425461769104,11.660704922410723
72.14455199241638,11.658616301644301
72.1455512046814,11.65645165073228
72.14754986763,11.654186634772714
72.19052219390869,11.65184916668397
72.40346646308899,11.64935995749277
72.40547394752502,11.6467587873002
72.40746545791626,11.643941657347538
72.40954804420471,11.64090946365253
72.58938217163086,11.637667334167803
72.59232234954834,11.634222843724668
72.59430694580078,11.630617063064081
72.59630584716797,11.62692685156643
72.7912335395813,11.623228688831244
72.79222655296326,11.61949973471814
72.793221950531,11.615752780611539
72.793221950531,11.612054899432529
72.83890008926392,11.608541220247485
73.04218888282776,11.605241116735334
73.04510974884033,11.602235633872239
73.04717779159546,11.5995764476859
73.04910516738892,11.597326690837445
73.24098992347717,11.595424865173202
73.24199032783508,11.593863217593338
73.24299001693726,11.59255374016098
73.24299001693726,11.591413339028776
73.28946948051453,11.590462678174053
73.5061902999878,11.589670926052538
73.50944471359253,11.588967153381631
73.51144576072693,11.588388594753173
73.51481819152832,11.587886308770685
73.53892850875854,11.587433650639703
73.74361562728882,11.58696401127836
73.74561262130737,11.586534903283109
73.74861311912537,11.586172617769112
73.75061559677124,11.585863012689247
73.78958249092102,11.585601082959885
73.99232363700867,11.585361510978094
73.99534559249878,11.585111644855434
73.99727296829224,11.584794879386214
74.00027441978455,11.584413925753395
74.03984022140503,11.583889416349079
74.24154853820801,11.5833259588931
74.24457240104675,11.582550922344517
74.24663615226746,11.581620426030014
74.24956774711609,11.580591982684972
74.28838872909546,11.579542078571428
74.49301147460938,11.578354919519139
74.4960105419159,11.576963141435076
74.49701046943665,11.575430511980175
74.49901294708252,11.573797078364697
74.5447826385498,11.572026575414075
74.74037528038025,11.57005858025314
74.74237108230591,11.567848347406795
74.74337100982666,11.565457800669522
74.74497961997986,11.562833350957042
74.9418134689331,11.55999005646814
74.94381594657898,11.5568860119874
74.94588160514832,11.553519364125998
74.94781064987183,11.550009121500171
74.98927760124207,11.546391069074835
75.19332671165466,11.542630076474405
75.19625520706177,11.538795177998965
75.19832444190979,11.534936781497045
75.20031595230103,11.531071236931187
75.2402491569519,11.527286752713517
75.4425745010376,11.523591940394697
75.44456720352173,11.520052962561753
75.44757318496704,11.516706039353464
75.4495632648468,11.513615942820358
75.49018859863281,11.510809735096895
75.69955134391785,11.508345557079078
75.69955134391785,11.506338743216222
75.7007508277893,11.504752667844256
75.7007508277893,11.503526370884947
75.74043536186218,11.502652028063185
75.94308471679688,11.502071080781784
75.94502067565918,11.501713128314396
75.9480094909668,11.50158101445907
75.95100855827332,11.501599397299113
75.99032926559448,11.50174344906358
76.19485139846802,11.50202665015264
76.19761562347412,11.5024290940925
76.19962406158447,11.502951670722663
76.20255160331726,11.50361115550057
76.23972177505493,11.504383063984324
76.49136328697205,11.505300305919922
76.4932770729065,11.506334389928375
76.49533271789551,11.507478995232566
76.49667096138,11.508737744729213
76.49759554862976,11.510118472950126
76.69245600700378,11.511590234763375
76.6934723854065,11.513148393023073
76.69446873664856,11.514809324681952
76.6954665184021,11.516566745095812
76.74813723564148,11.51839688049805
76.94293236732483,11.520293668853864
76.94631052017212,11.522212396037467
76.94731068611145,11.524109100219999
76.94930958747864,11.525931847808888
76.99030447006226,11.527689138544291
77.1921329498291,11.529416405848504
77.19513702392578,11.531048204120173
77.19713521003723,11.532582623414328
77.19973540306091,11.534068625391976
77.23825478553772,11.535507261981612
77.44275546073914,11.536916962243613
77.44475817680359,11.538338762476721
77.44775319099426,11.539779138937114
77.44975137710571,11.54126913928093
77.48875904083252,11.542864615425861
77.69145846366882,11.544520514029099
77.69445633888245,11.546311485102533
77.69652271270752,11.548298799358317
77.699458360672,11.550504096280216
77.89974546432495,11.552943690899959
77.9016797542572,11.555673442214042
77.90367341041565,11.55877968469621
77.90526080131531,11.562321104855116
77.94048047065735,11.566298593408638
78.14336943626404,11.570720148379516
78.14541602134705,11.575579983556942
78.14850854873657,11.580809709535563
78.1511332988739,11.586353543328817
78.19019389152527,11.592169175225887
78.34328508377075,11.598182301085442
78.34527778625488,11.604393399233862
78.3475353717804,11.610802800534946
78.389319896698,11.617380822359229
78.59168529510498,11.624082383483437
78.5946786403656,11.63093663580353
78.59668946266174,11.637905351244061
78.5996150970459,11.645014859874301
78.84361934661865,11.652256761577535
78.84562063217163,11.65962664925629
78.84868478775024,11.667155101116087
78.85161781311035,11.674843723461288
78.85361933708191,11.682708414425225
78.88993549346924,11.690733563589705
79.09860587120056,11.698912070792051
79.09960651397705,11.707264000347609
79.10009217262268,11.71569777506339
79.10061287879944,11.724153639034734
79.13986444473267,11.732550314865982
79.34131979942322,11.740872659930218
79.34438157081604,11.749181587359033
79.34638500213623,11.757439707626318
79.34932136535645,11.765640518023314
79.54169940948486,11.77376460245145
79.54362726211548,11.781812806125314
79.54669499397278,11.789790670299467
79.54862475395203,11.797747510062553
79.58922386169434,11.805643363585606
79.79164218902588,11.813455232422307
79.7941734790802,11.821202947676085
79.79718565940857,11.828904515439417
79.79925084114075,11.83645448136538
79.99299240112305,11.843847727201899
79.99500298500061,11.85112810866419
79.99821400642395,11.858291244493484
80.00014448165894,11.865349490068972
80.20350098609924,11.872270016851749
80.20542526245117,11.879075238641569
80.20886516571045,11.885755386232566
80.21186852455139,11.892342854658535
80.44194722175598,11.898891769977478
80.44488644599915,11.905430680400773
80.44774436950684,11.912015205290084
80.44966101646423,11.91865560565541
80.45166039466858,11.925422576563605
80.69047617912292,11.93231360224126
80.69332146644592,11.939336957102928
80.6962366104126,11.946518844132134
80.69816565513611,11.953941002306111
80.70116138458252,11.961586740702895
80.89290165901184,11.969446097266937
80.89488744735718,11.977456579095861
80.89689421653748,11.985607269766692
80.89889621734619,11.993942957696008
80.9398205280304,12.00236950993124
81.09428668022156,12.01077837621064
81.09628415107727,12.01917840219583
81.09928369522095,12.027591550320235
81.14124965667725,12.036032379200408
81.35391926765442,12.044512974675436
81.35692238807678,12.053006202219429
81.36002516746521,12.061470028869191
81.36402487754822,12.069931981072257
81.38928246498108,12.078384065322346
81.59233665466309,12.086868711866597
81.59433174133301,12.095334862458152
81.59533548355103,12.103775004466266
81.59634065628052,12.112244371869831
81.64046669006348,12.120667368762849
81.84304189682007,12.129029160046496
81.8460464477539,12.13728076131049
81.8480453491211,12.145373085191029
81.85104513168335,12.153292169586564
82.09300780296326,12.160890527986258
82.09500575065613,12.168154074195435
82.0980052947998,12.175043304512343
82.10049295425415,12.181566118617726
82.10251259803772,12.187636736824011
82.14089369773865,12.193260253104315
82.40248894691467,12.198357590447536
82.40509986877441,12.202818796249213
82.40723443031311,12.206574577128425
82.41025614738464,12.209561742650878
82.4122531414032,12.211750000051659
82.59252333641052,12.213082705820378
82.59459328651428,12.213585507078303
82.59786891937256,12.213265218341183
82.5998022556305,12.212195756792811
82.8412549495697,12.210502868619969
82.84325456619263,12.208296318783216
82.84625005722046,12.20569594156958
82.84824919700623,12.202762252976692
82.85124945640564,12.199638391400669
82.99422645568848,12.196373062288687
82.99622249603271,12.193021559049422
82.99922752380371,12.18959415998498
83.04095673561096,12.186200200303126
83.24322152137756,12.18289839213721
83.24515128135681,12.179696945664832
83.24821019172668,12.176588054735685
83.25015330314636,12.173594310247962
83.29051351547241,12.170712349999848
83.5542860031128,12.167931077849929
83.55621027946472,12.165205231276737
83.55921483039856,12.162574660442255
83.5612096786499,12.160030652040826
83.56321954727173,12.157523800252225
83.59079790115356,12.15476023108111
83.84211087226868,12.150648701008262
83.84411001205444,12.145855381677412
83.84711027145386,12.140934507668758
83.84911632537842,12.136030734275106
83.85211324691772,12.131091791015304
83.8901138305664,12.12613694980291
84.09306287765503,12.121199031605395
84.09425520896912,12.116239357553422
84.09583592414856,12.111272572883507
84.09762763977051,12.106279891828061
84.13865160942078,12.1012737485417
84.34257459640503,12.096163672337973
84.34559440612793,12.090980914963872
84.34829616546631,12.085714606207784
84.35048389434814,12.080364449217564
84.60556650161743,12.074865607964526
84.60850238800049,12.069160115252606
84.61050343513489,12.063335068163198
84.61358141899109,12.057320301424562
84.61549377441406,12.051021569677332
84.63949632644653,12.04441128954306
84.84133458137512,12.03745532243787
84.84335565567017,12.030084026974317
84.84536266326904,12.022260562822083
84.84735536575317,12.013985192295513
85.09365749359131,12.005245807603742
85.09666156768799,11.996019084535261
85.09866261482239,11.98630170034314
85.10166025161743,11.976103913941342
85.1036536693573,11.96548102617423
85.14116716384888,11.954441564288175
85.34194087982178,11.943026643746911
85.34493970870972,11.931287365821369
85.34731554985046,11.91929557807865
85.34923934936523,11.907125516622898
85.54406690597534,11.894793502570867
85.54707193374634,11.882361341034928
85.54907178878784,11.869929820533594
85.55201458930969,11.857577918509179
85.59114480018616,11.84542845768831
85.7975206375122,11.833483965933404
85.79950642585754,11.821918588121374
85.80051779747009,11.810838453960104
85.80144739151001,11.800262608281235
85.83832597732544,11.790204035139803
85.99323773384094,11.780696795442346
85.99520969390869,11.771771792790389
85.99677038192749,11.763386220717877
86.04077339172363,11.75553955811493
86.24361777305603,11.748123028427223
86.24562549591064,11.741163184544298
86.24868941307068,11.734549848843052
86.25061964988708,11.728229792272769
86.2906174659729,11.722133101933197
86.4914071559906,11.716270282863084
86.49239873886108,11.71060236262015
86.4933979511261,11.705144124552369
86.4933979511261,11.699866086042102
86.5405604839325,11.694801915441161
86.742760181427,11.689899856131598
86.74376106262207,11.68514531348177
86.74475359916687,11.680550809300977
86.7468318939209,11.676049279816755
86.7905912399292,11.671718103627148
87.00395321846008,11.667483188822848
87.00602197647095,11.663327332980744
87.00895285606384,11.659235462482773
87.0104866027832,11.65516602279777
87.0412347316742,11.65111284686294
87.24299216270447,11.647008712327937
87.24598813056946,11.642880484165248
87.24843716621399,11.638752807703009
87.25035786628723,11.634627231229036
87.2890043258667,11.63050332167294
87.49365282058716,11.626351585903723
87.49657678604126,11.622180684222581
87.49808144569397,11.618005935155978
87.50107932090759,11.613816188585831
87.53917598724365,11.609635180162112
87.74178671836853,11.605500700540132
87.74369764328003,11.601396891040729
87.74669694900513,11.597337621965073
87.7486960887909,11.593303711552032
87.9925286769867,11.589364832173795
87.99489378929138,11.585548929726205
87.99775004386902,11.581922605247053
87.99874329566956,11.578547394786034
88.00075483322144,11.575478016331218
88.20576477050781,11.572718882206283
88.20775771141052,11.57026877310898
88.20976424217224,11.568126094246598
88.21121954917908,11.566308096930191
88.23981022834778,11.564777554354153
88.44285488128662,11.563543725127793
88.44475221633911,11.562617315084152
88.4481692314148,11.561999539768799
88.45010185241699,11.561698147307975
88.48924207687378,11.561742975717321
88.69284582138062,11.562149862321997
88.69485282897949,11.562949445681493
88.69785642623901,11.564118902409112
88.69985175132751,11.565622438162803
88.73778223991394,11.567467244663723
88.89391541481018,11.569644768251102
88.89683794975281,11.572133005867748
88.89891266822815,11.574933831074183
88.94118928909302,11.578023054406014
89.14327216148376,11.581405199191558
89.14520287513733,11.58504313190415
89.14827299118042,11.588893950763401
89.15119671821594,11.592950796258831
89.1892900466919,11.597177275960714
89.40685963630676,11.601566291985968
89.40879321098328,11.606122266459995
89.40979385375977,11.61087728247803
89.41091251373291,11.615847397480076
89.43931102752686,11.621026646195977
89.64355850219727,11.626433872257389
89.64555859565735,11.632020307741069
89.64855551719666,11.637738663166317
89.65068864822388,11.643559138906056
89.68997764587402,11.649417734517765
89.89158916473389,11.655289404520706
89.89359545707703,11.661175214704299
89.89658880233765,11.667083099483403
89.89859008789062,11.673028602622132
89.93959283828735,11.679012944783164
90.09414577484131,11.685040315404162
90.09721827507019,11.691098966751246
90.09922218322754,11.69718973749333
90.14022016525269,11.70329627441174
90.34249353408813,11.709401831633457
90.34349203109741,11.715501197684608
90.34449291229248,11.721560266949057
90.34549331665039,11.727568544306003
90.38994669914246,11.733512661843216
90.60739207267761,11.739400474765024
90.609445810318,11.745257686142992
90.61141419410706,11.751125842640615
90.61299800872803,11.757029059840612
90.63894486427307,11.762976648780818
90.84323358535767,11.768959870805778
90.84616684913635,11.774955329006843
90.8487913608551,11.780940507916222
90.85172247886658,11.786893835527858
90.88979506492615,11.792826310896023
91.09422421455383,11.7987470648295
91.09728932380676,11.804663770618571
91.09922456741333,11.810554429466336
91.10222387313843,11.816396283091247
91.13898587226868,11.822165497950081
91.34174656867981,11.827803888390426
91.34373903274536,11.833260007110148
91.34567666053772,11.838416462637026
91.3479516506195,11.843227577621358
91.54184079170227,11.847691908429873
91.54485559463501,11.851878476172391
91.54685950279236,11.8558678833981
91.55085635185242,11.85969459593687
91.75428533554077,11.863453016365854
91.75621485710144,11.867184492157264
91.75921201705933,11.870908922353777
91.7622389793396,11.874635820264345
91.79052519798279,11.878361458169687
91.99320554733276,11.882047026527577
91.99513936042786,11.885689253450499
91.99820351600647,11.88928495925028
92.00080823898315,11.892844731114169
92.03842186927795,11.896331834246936
92.29126954078674,11.899735357856573
92.29427289962769,11.902998470796614
92.29627275466919,11.906086395039221
92.29927492141724,11.908986997782467
92.30127048492432,11.911670019619292
92.49322056770325,11.914125845158365
92.49624037742615,11.916339205751674
92.49856901168823,11.91836518961373
92.50094604492188,11.920234586733322
92.53839492797852,11.921946185283733
92.74217557907104,11.923514632680563
92.74517917633057,11.924951298472184
92.74717807769775,11.926290654949339
92.74917721748352,11.927554090462928
93.00192499160767,11.928714172065192
93.00393176078796,11.92977684744568
93.00694942474365,11.93075941476796
93.00985670089722,11.931682028867382
93.01185727119446,11.932580029711856
93.24088549613953,11.933454309234767
93.24288558959961,11.934418646646643
93.24501204490662,11.9354680974879
93.24800944328308,11.936641259101618
93.25100636482239,11.937961839849791
93.44330048561096,11.93946024635504
93.4452269077301,11.941152471438846
93.44725847244263,11.943066941075529
93.45023393630981,11.945191379463095
93.48932600021362,11.947520922987888
93.69232511520386,11.95001767564272
93.69432616233826,11.95264974125356
93.69632482528687,11.955443457773928
93.6983551979065,11.958384838322115
93.8934679031372,11.961452303458803
93.89653873443604,11.964625711961782
93.89854693412781,11.967867878411669
93.90147161483765,11.9711719148622
93.94047117233276,11.974513038883103
94.14306640625,11.977900824919182
94.1439881324768,11.981291333416692
94.14498805999756,11.984675149487776
94.14498805999756,11.988049044116952
94.18751883506775,11.991351637264334
94.39271450042725,11.994571507251527
94.39363193511963,11.99770643751799
94.39563345909119,12.000713007888937
94.39663434028625,12.003600675134669
94.43935871124268,12.00633114936026
94.64422273635864,12.008896391129484
94.64629483222961,12.011275646924208
94.64929938316345,12.013460675300475
94.65122652053833,12.015462612922605
94.68908262252808,12.017289153634362
94.89269852638245,12.018940876516142
94.89670252799988,12.020433583771823
94.89770221710205,12.021762281746213
94.89869046211243,12.022932279904271
94.93857789039612,12.023929773959821
95.09407091140747,12.02475861663013
95.09671378135681,12.025412125956475
95.09946799278259,12.025892398375182
95.13967895507812,12.026250769299153
95.40226030349731,12.026502657663896
95.40519380569458,12.02668385191514
95.40719270706177,12.026784935820599
95.40990018844604,12.02685755678686
95.41190195083618,12.026914972298306
95.59212899208069,12.02694590481058
95.59514379501343,12.026965598267962
95.59769439697266,12.027033194904002
95.59979486465454,12.027140725856178
95.63991808891296,12.02735572316314
95.8415629863739,12.027710331772221
95.84316992759705,12.028216445360833
95.84669637680054,12.02891017587479
95.84876728057861,12.029810159415392
96.04370951652527,12.030921117620007
96.04571461677551,12.032280266991778
96.04870820045471,12.03390844869182
96.05171298980713,12.03576331988361
96.09177255630493,12.03785399580788
96.34293007850647,12.040127559931628
96.34593057632446,12.042546300280378
96.34851145744324,12.045125698344124
96.35051321983337,12.04787186076903
96.3525128364563,12.050767092358013
96.605708360672,12.053801617174319
96.60866737365723,12.056877092851982
96.6107087135315,12.059981437669464
96.61263608932495,12.063036463544357
96.61463642120361,12.066019670175567
96.63773775100708,12.068915506044084
96.84199857711792,12.071713012418202
96.84399962425232,12.074406122486225
96.84605431556702,12.076976472709493
96.84699749946594,12.079416854812914
96.88995122909546,12.08171406918882
97.13944458961487,12.083814306081516
97.14222455024719,12.085721934328904
97.14524173736572,12.0874265784441
97.14743232727051,12.088889519210099
97.14920449256897,12.090130440813343
97.3421905040741,12.09113851858004
97.34511160850525,12.091924771842587
97.34717917442322,12.092528232577939
97.34910607337952,12.092928734510913
97.5919144153595,12.093143826613899
97.59390687942505,12.093185204465025
97.59690594673157,12.093078167209132
97.5992431640625,12.092804048210892
97.60158610343933,12.092371230603437
97.80523300170898,12.091766603118623
97.80829215049744,12.091007728504442
97.8106963634491,12.090099477703562
97.81262946128845,12.08905975266541
97.83962655067444,12.087879682164761
98.0428717136383,12.08656145154354
98.04587292671204,12.085152943859518
98.04788851737976,12.083666654498629
98.05086851119995,12.082136936292933
98.08960819244385,12.080616579232638
98.28953385353088,12.0791151316138
98.29086804389954,12.077649483602164
98.29193019866943,12.0762361948787
98.29193019866943,12.07488813144608
98.49356770515442,12.07362981766926
98.4955689907074,12.072503769564245
98.4965660572052,12.07151227125617
98.49856996536255,12.070674084199661
98.54090857505798,12.070009226376
98.74361181259155,12.069499605394853
98.74661326408386,12.069187045062
98.74861168861389,12.069045239972784
98.7506103515625,12.069043213626893
98.78935551643372,12.069156886858782
99.00487232208252,12.069377310558679
99.00787234306335,12.069692240092813
99.01027154922485,12.07006060886444
99.0122709274292,12.070469798881534
99.24306178092957,12.070912357874588
99.24506378173828,12.071363448491423
99.24706053733826,12.071790137711242
99.25005507469177,12.072200699485277
99.25306010246277,12.072571452996014
99.28876543045044,12.072931520342504
99.49243569374084,12.07329232656896
99.49342250823975,12.073659615357398
99.49543285369873,12.074052656284914
99.49744606018066,12.074483647361673
99.7435793876648,12.074949076714393
99.74552392959595,12.075423101461778
99.74658155441284,12.07589475860858
99.7475380897522,12.076295425678094
99.74951267242432,12.076588224197046
99.79003286361694,12.076732511247432
99.99396514892578,12.076726510206122
99.99602818489075,12.07656715346666
99.99922585487366,12.076263044868647
100.00122427940369,12.07586515209052
100.04445219039917,12.075378452476698
100.24264097213745,12.074840726061181
100.24566864967346,12.07424850682614
100.24864554405212,12.073596757119734
100.2496407032013,12.072895336102322
100.28983235359192,12.072138893527772
100.49102854728699,12.071358604769983
100.4933512210846,12.070534967455954
100.49494242668152,12.069650335221214
100.49867486953735,12.068726371466182
100.69355797767639,12.067817325456202
100.69556140899658,12.066925444236874
100.69855809211731,12.066045300085689
100.70122027397156,12.065182643486454
100.73937058448792,12.06434641213196
100.89399433135986,12.063566708678168
100.89606738090515,12.062861479984626
100.89899969100952,12.062220828801948
100.94013786315918,12.06168110447349
101.20563077926636,12.061264948441508
101.20663285255432,12.060966581115093
101.20862889289856,12.060811361370058
101.2106237411499,12.06083385702659
101.21262216567993,12.061017298825094
101.39333057403564,12.061377150711213
101.39592576026917,12.061917457802831
101.39861631393433,12.062649255496234
101.4005479812622,12.063553716256473
101.44054746627808,12.064629148303716
101.64162302017212,12.06584031255006
101.64362144470215,12.067159888076496
101.64562177658081,12.068526258765145
101.64861845970154,12.069910615713416
101.84306812286377,12.071304430433132
101.8450379371643,12.072653375639385
101.84825325012207,12.073964537624784
101.85076808929443,12.07518995366665
101.88984394073486,12.076297030876125
102.09186935424805,12.077255805986633
102.09386944770813,12.078047823695742
102.09587335586548,12.078638804772106
102.09788203239441,12.079028244480003
102.35796403884888,12.079244469180997
102.36029052734375,12.079292991833944
102.36229085922241,12.079209558148992
102.366295337677,12.079017338613115
102.36829566955566,12.078677481629933
102.39022254943848,12.07820315597037
102.59251666069031,12.077614523550926
102.59551930427551,12.076899070132749
102.59819674491882,12.07604571616569
102.60069060325623,12.075031921570707
102.84207725524902,12.07386825713322
102.84507393836975,12.072624776496681
102.84707379341125,12.071277840934204
102.8500726222992,12.069862863781974
102.85307765007019,12.068456634816448
103.09144353866577,12.067020350583439
103.09244060516357,12.06560614143493
103.0945053100586,12.064229491442449
103.09652209281921,12.0629079409566
103.09744644165039,12.06166134191694
103.29315233230591,12.060522755341598
103.2950689792633,12.059472846582155
103.29707098007202,12.058459021924106
103.29906749725342,12.0575040680773
103.55799865722656,12.056564835782533
103.56000900268555,12.055706438707142
103.56174969673157,12.05488313938849
103.56344985961914,12.054132666579493
103.56511449813843,12.053475734036024
103.74368596076965,12.05292012069713
103.74568510055542,12.052431707281247
103.74768495559692,12.052024145660107
103.74969172477722,12.051708335664914
103.79006624221802,12.051475872565504
103.99293541908264,12.05130604750265
103.99494552612305,12.051202046902208
103.99823951721191,12.051159738523587
104.00017237663269,12.051183060362852
104.04008913040161,12.051245500546312
104.2418429851532,12.05136917225226
104.2437732219696,12.051517977470237
104.24684524536133,12.05163982399442
104.24876976013184,12.0517540922988
104.44436621665955,12.05183448410755
104.44743013381958,12.051871270579037
104.44944453239441,12.051839900373835
104.45223951339722,12.051756691226892
104.49058723449707,12.051602982188399
104.75084829330444,12.051321995872765
104.75385284423828,12.050928138789471
104.75584840774536,12.05041741788139
104.75784873962402,12.049756449047656
104.76023149490356,12.048939343643948
104.99150013923645,12.04793602292467
104.99350118637085,12.046719213298655
104.9965009689331,12.045282678397285
104.9991352558136,12.043606002294693
105.00112581253052,12.041658139265008
105.19318342208862,12.039418334489023
105.19617700576782,12.036901666821773
105.1982593536377,12.034118272094263
105.20019435882568,12.03105993295434
105.24090576171875,12.027768139131197
105.44341015815735,12.024216755363543
105.44540977478027,12.020408513754433
105.44841003417969,12.016372625977905
105.45041227340698,12.01212745847794
105.48929691314697,12.007702677926625
105.69361925125122,12.003120089963838
105.69662022590637,11.998443505332194
105.69861674308777,11.993694254619294
105.70061564445496,11.988933626203783
105.73807835578918,11.984193883368135
105.94806146621704,11.97953229543722
105.94806146621704,11.974988504146733
105.94906044006348,11.97063654759721
105.95006060600281,11.966533422159722
106.19011545181274,11.962703190552746
106.19210839271545,11.95911092885014
106.19503784179688,11.955770366695159
106.19730567932129,11.952662324598917
106.20029377937317,11.94971959634317
106.3913893699646,11.94692453097766
106.39440846443176,11.944205875034088
106.39720010757446,11.941531658158821
106.39871907234192,11.93888720461684
106.64260029792786,11.936253606926105
106.6446008682251,11.933625863758547
106.64745783805847,11.930937442122904
106.64947414398193,11.928199575753773
106.65146088600159,11.925359330250473
106.89234328269958,11.922403469807602
106.89534163475037,11.919277990525115
106.89633989334106,11.915998017089386
106.89935111999512,11.91254904016446
106.90026760101318,11.908877691467323
107.10411167144775,11.904988282411189
107.10711026191711,11.900844958344228
107.10810947418213,11.896451091203339
107.11010694503784,11.89178652674973
107.1398515701294,11.886848087603312
107.3928427696228,11.881668619200004
107.39584374427795,11.876211024402293
107.39784121513367,11.870487713524568
107.39984703063965,11.864493572307193
107.4018440246582,11.858236116110772
107.4384560585022,11.851752335034611
107.64350199699402,11.84506886850042
107.64658689498901,11.838202705204788
107.64851140975952,11.831164368398849
107.64851140975952,11.82396235082279
107.69054532051086,11.816667946186572
107.89098072052002,11.80931458267351
107.89405560493469,11.801974344241298
107.89598608016968,11.794724893771773
107.89861607551575,11.78763126339729
108.15293955802917,11.780742599710965
108.15594816207886,11.774084959240591
108.15907764434814,11.767669301741632
108.1620864868164,11.76148830883032
108.16407775878906,11.755577300469065
108.34274578094482,11.749902057292601
108.34466052055359,11.744461990177578
108.34795379638672,11.739233154762442
108.35039186477661,11.734218227254392
108.39039063453674,11.729419017032793
108.59416651725769,11.724788411958476
108.59623742103577,11.720328623219464
108.5993115901947,11.716041493215265
108.60123896598816,11.711906225074461
108.63928771018982,11.707932235120975
108.89061975479126,11.704108875687563
108.89261078834534,11.700411986956126
108.89561772346497,11.696801890880424
108.897545337677,11.693252058606634
108.90054988861084,11.689742467966232
109.09361410140991,11.686267556914064
109.09562110900879,11.682822440853787
109.09861040115356,11.67942587780508
109.10154938697815,11.676062902208397
109.13960385322571,11.672722553634255
109.35369610786438,11.669390322694536
109.35569286346436,11.66609088089793
109.35769486427307,11.66281194917917
109.36088705062866,11.659560288848569
109.54423975944519,11.65631725770772
109.54685401916504,11.65307178460156
109.54947328567505,11.649807687405197
109.551762342453,11.646489876338125
109.59160566329956,11.64310854035216
109.84365105628967,11.639656068817704
109.8466386795044,11.636154645772915
109.84863543510437,11.632620545253493
109.8506338596344,11.629070969022747
109.85363340377808,11.625502157581902
109.88904428482056,11.6219070310382
110.09320306777954,11.61829703300293
110.09538459777832,11.614672562853968
110.09783291816711,11.611062319919734
110.1003475189209,11.607471576290347
110.29357671737671,11.603903664276002
110.29565143585205,11.600365142685863
110.2986466884613,11.596858129178907
110.30057859420776,11.59338343430202
110.34130358695984,11.58994498248651
110.55568647384644,11.5865638865219
110.55868577957153,11.583253144556931
110.56076264381409,11.580042448843711
110.56489419937134,11.57693759743243
110.744304895401,11.573987128671556
110.74630451202393,11.571200626178324
110.7493052482605,11.568585396828333
110.7513198852539,11.566163045542655
110.79025936126709,11.563981236633369
110.9916045665741,11.562084292362671
110.99367260932922,11.560508537742946
110.99668502807617,11.559276690200631
110.99860763549805,11.558425496028816
111.24107575416565,11.557977735764695
111.24400234222412,11.557932870572252
111.24607419967651,11.558301501604003
111.2480001449585,11.559065598697034
111.25007462501526,11.560218810633513
111.49261784553528,11.561765569061203
111.49469232559204,11.56368639856112
111.49701356887817,11.565955658246391
111.49994707107544,11.568532970778884
111.50194716453552,11.571387123520624
111.69902086257935,11.574486985962753
111.70109724998474,11.577794512381127
111.70150446891785,11.58127565428602
111.7026596069336,11.584897577659424
111.94346022605896,11.588626495191747
111.94597363471985,11.592443477326025
111.94796800613403,11.596321147348695
111.94996976852417,11.600246826373978
111.95197558403015,11.604172808662122
111.99061489105225,11.60810512821476
112.19383692741394,11.612007603651733
112.19591736793518,11.615894774686613
112.19923257827759,11.619752316728151
112.20117211341858,11.623552719350291
112.24096727371216,11.6273095304021
112.44188213348389,11.631012848626462
112.44388031959534,11.634657274743798
112.44487953186035,11.638271461432682
112.44588088989258,11.64181680590335
112.48889136314392,11.645308385746915
112.69348549842834,11.648740494427607
112.69548726081848,11.652125098769867
112.69748544692993,11.655448526118327
112.69948649406433,11.658695519290527
112.75372672080994,11.661872511529968
112.94288325309753,11.664973464572208
112.94488310813904,11.667993296114485
112.94787812232971,11.670962115472555
112.94982862472534,11.673897176956206
112.98880696296692,11.67679713814743
113.19163465499878,11.679698822771279
113.19356060028076,11.682605016818798
113.19663548469543,11.685534171307381
113.19860792160034,11.688485928093511
113.44165349006653,11.691478843518077
113.44456601142883,11.694509929056117
113.44664192199707,11.697604312603955
113.4496340751648,11.700778849243319
113.45257091522217,11.704028178045329
113.4896330833435,11.707378394977342
113.69085597991943,11.710850982498552
113.69385766983032,11.714448421636856
113.69585704803467,11.718173204430155
113.6988582611084,11.722005626763444
113.90538191795349,11.725948970560607
113.90838861465454,11.729996996672432
113.91038656234741,11.734157515570796
113.91239047050476,11.738411284377698
113.93979072570801,11.742705677643432
114.14245748519897,11.747029387588457
114.14445853233337,11.751366115451066
114.14746117591858,11.75567066972736
114.14946365356445,11.759945563256567
114.3432080745697,11.764167390516059
114.34412837028503,11.768322873057436
114.34521079063416,11.77240835031312
114.34819626808167,11.776389303790392
114.3907310962677,11.780262837750351
114.59292459487915,11.783995210588628
114.59559965133667,11.78755553530844
114.59758424758911,11.790941778024097
114.60050940513611,11.794171436846296
114.63951015472412,11.797238268890025
114.8437511920929,11.800130437802716
114.84682488441467,11.80283041752353
114.84775447845459,11.805335406917434
114.8487901687622,11.807689158364042
114.88947129249573,11.809802921401635
115.10618352890015,11.811691807275706
115.10824275016785,11.813367342011937
115.10982298851013,11.814810987992487
115.11143803596497,11.816018186378573
115.13818073272705,11.816971209365613
115.34237504005432,11.817694996033362
115.34536218643188,11.81819476906424
115.34736037254333,11.818471353657008
115.35028672218323,11.818538599887601
115.54300498962402,11.818380400293762
115.54500889778137,11.818007220802603
115.54750633239746,11.817426627194784
115.54993510246277,11.816652109785071
115.58823609352112,11.815680211274834
115.7910430431366,11.814542787703285
115.7930474281311,11.81324149789798
115.7962875366211,11.811792332348817
115.79829120635986,11.810235085422162
115.99314308166504,11.808581029854833
115.99514770507812,11.806880315774125
115.99814105033875,11.80513036664837
116.0010392665863,11.803350486058525
116.04107403755188,11.801573744466001
116.26080083847046,11.799856108065237
116.26179432868958,11.798204193203311
116.26381397247314,11.79663856245071
116.2647979259491,11.795159906630785
116.28857350349426,11.7937784738963
116.49379897117615,11.79250141227825
116.49679899215698,11.791312829690204
116.49889183044434,11.79017665359693
116.50179529190063,11.789066580565907
116.5401542186737,11.78796482336749
116.74111747741699,11.786825637389684
116.74446201324463,11.785628488148634
116.74738621711731,11.784324433833259
116.74938821792603,11.782878695218558
116.94245409965515,11.781291879119298
116.94453477859497,11.779534471479128
116.94752979278564,11.777606181514384
116.9504611492157,11.775484484925538
116.99044728279114,11.773156360846006
117.1938784122467,11.770608506489047
117.19588494300842,11.767823222916535
117.19907641410828,11.764829412984113
117.2010748386383,11.761597690377782
117.24007272720337,11.758145325531876
117.45224618911743,11.754459888305648
117.45424771308899,11.75055671630028
117.4562475681305,11.7464210004026
117.45724558830261,11.742058275530859
117.48870754241943,11.737454300855061
117.69148826599121,11.732647803971721
117.69388055801392,11.727626943908856
117.69687843322754,11.722401454123462
117.6993625164032,11.716981486728244
117.94216203689575,11.711371198446917
117.94398593902588,11.705576424083898
117.9472267627716,11.699629876742328
117.94961714744568,11.693512020080984
117.95161700248718,11.687263859163142
118.14228630065918,11.68085283170364
118.14529204368591,11.674285226766708
118.14773559570312,11.66766088325351
118.15012216567993,11.660954218030618
118.39105916023254,11.65423878702309
118.39359641075134,11.647544863381707
118.39559769630432,11.640898295944316
118.39852237701416,11.634315697139659
118.40052056312561,11.627829809954807
118.60430645942688,11.621475739649009
118.60631036758423,11.615206411195787
118.60870027542114,11.609125813591012
118.61175346374512,11.60318369821752
118.63974404335022,11.597420707506794
118.89196848869324,11.59183791670715
118.89503455162048,11.586444063645338
118.89797139167786,11.581211126537182
118.89996337890625,11.576126757290776
118.90296697616577,11.571177191916084
119.14101672172546,11.566351068766371
119.14394736289978,11.561607625557862
119.14601635932922,11.556936239529088
119.14900350570679,11.55231112638357
119.15100312232971,11.547759611997765
119.34423613548279,11.543292344719609
119.347238779068,11.538929444129778
119.3496778011322,11.534586545412866
119.35160565376282,11.530246376962038
119.39036774635315,11.525956646133807
119.59286856651306,11.521698872332545
119.59479641914368,11.517430103984454
119.59725570678711,11.513181562348073
119.59934139251709,11.508927694863369
119.64574480056763,11.504645645993488
119.84280776977539,11.500299226191228
119.84481143951416,11.495881915831161
119.8468120098114,11.49140427635158
119.84780859947205,11.48685805911151
119.8898537158966,11.48225371976738
120.09131741523743,11.477647526295481
120.09432029724121,11.47300160967693
120.0963966846466,11.4684204696296
120.09832048416138,11.463847742789149
120.29158306121826,11.459325157972744
120.2935721874237,11.454832123153947
120.29568934440613,11.450365577902359
120.29770731925964,11.44591213383242
120.4926609992981,11.44151231277126
120.49611401557922,11.437118518102205
120.49811029434204,11.43278851110567
120.49910593032837,11.428502049912211
120.53883743286133,11.42431643747981
120.75015068054199,11.420199316650152
120.75102519989014,11.416185994971666
120.75181269645691,11.412336644069415
120.75282907485962,11.408640330316492
120.78964185714722,11.405181927576184
120.99295377731323,11.40193055577891
120.99496293067932,11.398888692781721
120.99788403511047,11.396051425940389
121.00074481964111,11.393448730328169
121.03832793235779,11.391134992423929
121.19298696517944,11.389062108071672
121.19506621360779,11.387279252679308
121.19706416130066,11.385772670026181
121.24184894561768,11.384537878320106
121.28923487663269,11.383536608530276
121.44407486915588,11.382750659478225
121.4470682144165,11.382256130258172
121.4490716457367,11.382050276490805
121.49109840393066,11.38203961647706
121.6936285495758,11.382385839626222
121.695556640625,11.382911486735258
121.69755840301514,11.383751239763898
121.70055413246155,11.384888722326306
121.73928713798523,11.386284288298938
121.95348596572876,11.387930630605954
121.9555413722992,11.38976500418366
121.9574875831604,11.391840656936388
121.95948386192322,11.394120342630139
121.9882264137268,11.39657705183606
122.14389538764954,11.399245521522596
122.1458990573883,11.402118323090098
122.14789962768555,11.405220576725378
122.19039416313171,11.40852471936747
122.44152426719666,11.412035193452033
122.44453930854797,11.415791833525557
122.44663524627686,11.41978835389233
122.44865560531616,11.423948630543116
122.45165586471558,11.428187902789446
122.69178056716919,11.432533601001104
122.69407320022583,11.436942725632779
122.69729924201965,11.441373874442478
122.6992974281311,11.445874227070458
122.70129680633545,11.450550317118985
122.8940179347992,11.455287844562982
122.89701819419861,11.46014935146559
122.89901566505432,11.465095018150452
122.90101408958435,11.47017706716534
122.94086050987244,11.475404976832946
123.14828515052795,11.480728415946405
123.14928698539734,11.48617339379125
123.15028285980225,11.491673063411
123.15028285980225,11.497280817240458
123.18900513648987,11.503035943979146
123.38962936401367,11.508900253444722
123.3916883468628,11.51489913097689
123.39371228218079,11.521012846490843
123.39569926261902,11.527325757639865
123.64068055152893,11.533827532215993
123.64346504211426,11.54048658641428
123.64545726776123,11.54726270728964
123.64838862419128,11.55420161258709
123.65038657188416,11.561298217253453
123.84413170814514,11.568608585707807
123.84617948532104,11.576099695459748
123.84818696975708,11.583760218178483
123.84979605674744,11.591634608966158
123.89007019996643,11.599678294014469
124.09371852874756,11.60796240288625
124.09671711921692,11.61646942236542
124.09871411323547,11.625148117628264
124.10071277618408,11.633937024565679
124.13951587677002,11.642854663322048
124.35011768341064,11.651871482042985
124.35103678703308,11.660992568995693
124.35203528404236,11.670211115524877
124.35403370857239,11.679469990033715
124.38981509208679,11.688689985507876
124.59155201911926,11.69790847046944
124.59254693984985,11.707115775871781
124.5935480594635,11.71627168778303
124.59454989433289,11.725376203967466
124.63777232170105,11.7344422405503
124.84253406524658,11.74340234111746
124.84446716308594,11.75230445509204
124.84746432304382,11.761128644469657
124.84946918487549,11.769849818183053
125.04321312904358,11.778441571737957
125.04514718055725,11.786927365919965
125.04821467399597,11.795293621417432
125.05114245414734,11.803534200699717
125.08889174461365,11.811618320511423
125.29065132141113,11.819529643891158
125.2926504611969,11.827241524180295
125.2956485748291,11.834744925605138
125.29765033721924,11.842006580336035
125.55212426185608,11.849031318207691
125.554044008255,11.855801121071316
125.55504488945007,11.862285335472611
125.55604529380798,11.868526004125238
125.55704426765442,11.874459924504897
125.58908176422119,11.880163677713785
125.84036374092102,11.8856977158229
125.84236884117126,11.891055420163962
125.84537029266357,11.896170568579326
125.84736919403076,11.901062420465173
125.84836792945862,11.905745949358922
126.0442590713501,11.910278794365025
126.04681348800659,11.914735283621475
126.04945707321167,11.919136158555924
126.0513846874237,11.923515918632162
126.09045648574829,11.927899866844605
126.34217476844788,11.932310335863269
126.34517765045166,11.936775994241419
126.34823870658875,11.941308331164363
126.35123372077942,11.945930475455336
126.35331606864929,11.950629795249512
126.38946557044983,11.955402594354092
126.6051173210144,11.960266594316057
126.60810995101929,11.965217013574959
126.61010408401489,11.970231797753586
126.61303210258484,11.975298955381877
126.79166889190674,11.980371782501516
126.79467988014221,11.98540763139766
126.79667639732361,11.99036923694422
126.7996015548706,11.99522821284093
126.83815455436707,11.999955854526988
127.04187321662903,12.004528178135878
127.04487562179565,12.008910073570762
127.04694819450378,12.013062255400966
127.04987001419067,12.016979315324468
127.08959579467773,12.020648461969246
127.29126858711243,12.024051027648404
127.29364919662476,12.027195473569765
127.29671263694763,12.030082997199532
127.29864048957825,12.032700144364405
127.49154019355774,12.035040092332682
127.49362254142761,12.03708650511659
127.49661350250244,12.038847094795301
127.49861598014832,12.040306834033567
127.54018115997314,12.041479802488876
127.75770258903503,12.042357465527225
127.7597234249115,12.042956541192586
127.76186895370483,12.043268918549769
127.76480054855347,12.043296137423173
127.78853988647461,12.043038835985588
127.99240255355835,12.042511502793442
127.99440145492554,12.041733341747532
127.99740219116211,12.040730802929174
128.00039768218994,12.039541708987885
128.2422742843628,12.038206407825424
128.24427366256714,12.0367423213566
128.24628019332886,12.035186569425429
128.24827241897583,12.033563151510958
128.25027799606323,12.031884422555551
128.29014587402344,12.030159297353823
128.492431640625,12.02837922482401
128.49343371391296,12.026561140079558
128.4944305419922,12.024706785389732
128.4954297542572,12.02282601532573
128.69453835487366,12.020933622064694
128.69657945632935,12.019062419345687
128.69857478141785,12.017203443227947
128.70150542259216,12.015400187257505
128.7405025959015,12.0136561002643
129.00796723365784,12.011974464369375
129.01096868515015,12.010381591563846
129.0140404701233,12.008866163477997
129.01664471626282,12.007446971748735
129.01866126060486,12.006074202609756
129.19384241104126,12.00474079079876
129.19583940505981,12.003398344846124
129.19876837730408,12.002059457818389
129.20177030563354,12.000651807423434
129.2401692867279,11.999187834733705
129.44234085083008,11.997718571542656
129.44541573524475,11.996228723823771
129.44734168052673,11.994681036907387
129.45034456253052,11.993112586913067
129.6922469139099,11.991467811216355
129.6952404975891,11.98972703270817
129.6972439289093,11.987898216398253
129.70024299621582,11.98592873784052
129.70224142074585,11.983836548789702
129.74006366729736,11.98158974757663
129.94352674484253,11.97917756720436
129.9454538822174,11.976615502606707
129.94747757911682,11.973847840000124
129.94948530197144,11.970876418797632
129.990220785141,11.967683893165827
130.20508670806885,11.964227049678563
130.2080216407776,11.960499904750899
130.211097240448,11.95653641314914
130.2141010761261,11.952333258048977
130.24026370048523,11.947878781459915
130.44343161582947,11.943143021498614
130.44543027877808,11.938150563507646
130.44843816757202,11.93293958846298
130.4503617286682,11.927542964986186
130.48984575271606,11.921990017456915
130.69387197494507,11.916286926206714
130.69586753845215,11.910459012392902
130.69886875152588,11.904549241854745
130.69987106323242,11.898570591335131
130.74085783958435,11.892607553308567
130.94310092926025,11.886677737641829
130.94504165649414,11.880817597128873
130.94710183143616,11.875091761658853
130.94903779029846,11.869605732806015
130.98940420150757,11.864354226577671
131.19225025177002,11.859388634700906
131.19322299957275,11.854716707681273
131.19528222084045,11.850343827013972
131.1962194442749,11.846296322331686
131.45218920707703,11.84255608721561
131.45426511764526,11.839164395353032
131.457195520401,11.836118705788772
131.46019411087036,11.833422298796158
131.4621925354004,11.83106844783574
131.64404797554016,11.82906558088354
131.64611530303955,11.827358296593603
131.64905071258545,11.825901890437708
131.65104341506958,11.824681105825121
131.69154143333435,11.823638610824172
131.94074034690857,11.822723992316869
131.94267225265503,11.821882826097463
131.94371891021729,11.821107570830515
131.94472432136536,11.820351216277075
131.9457459449768,11.819551953823492
132.1907196044922,11.81867518525934
132.1935317516327,11.817697334670575
132.19653058052063,11.816599439583161
132.1985378265381,11.815393361658074
132.20053720474243,11.814081350011357
132.39392352104187,11.812652170730319
132.39592599868774,11.811093793974743
132.39885234832764,11.809412645904729
132.40185165405273,11.807620510690583
132.43978810310364,11.80571418540758
132.65432119369507,11.80369556732777
132.65732622146606,11.80156439733981
132.6593255996704,11.799278751405597
132.66132140159607,11.796857209508918
132.689457654953,11.794300042399444
132.89300417900085,11.79160960999715
132.89500403404236,11.788770768630805
132.89708757400513,11.785775595197105
132.8990819454193,11.782638015793431
132.9404673576355,11.779366684399925
133.14151763916016,11.775962724290492
133.14551711082458,11.772462716937953
133.14751648902893,11.768863634619855
133.15052485466003,11.765209165184505
133.34366869926453,11.761498156388752
133.3456699848175,11.757749182825567
133.34860467910767,11.753985720522572
133.35060596466064,11.75021577709719
133.39081859588623,11.746460695391274
133.59420371055603,11.742769013332225
133.5962781906128,11.73915695722043
133.5977041721344,11.735669612300903
133.59962630271912,11.732334609250982
133.6404368877411,11.729166329890003
133.85691094398499,11.726185620261825
133.8603596687317,11.723400612739262
133.8624484539032,11.720818304509752
133.86635446548462,11.7184408886049
133.8913402557373,11.716255740933178
134.09285879135132,11.71424255543412
134.09585690498352,11.71238493342798
134.09785652160645,11.710676945591613
134.10086178779602,11.709112087012215
134.34231543540955,11.707693570923261
134.34431743621826,11.706416805735254
134.34531569480896,11.705284783853209
134.3473184108734,11.704289828580322
134.3493161201477,11.70343373919978
134.38885235786438,11.702707553578927
134.59238815307617,11.702080723384244
134.5943956375122,11.701568867315284
134.59646582603455,11.701139750527549
134.59839582443237,11.700788174335306
134.63925004005432,11.700510475075099
134.84218454360962,11.700279566475148
134.84553289413452,11.700057961426255
134.8476219177246,11.69986432756274
134.8505573272705,11.699691058551348
135.1050729751587,11.699519696107334
135.10807824134827,11.699359176331045
135.1100718975067,11.69924388473575
135.11307406425476,11.699105903191588
135.11407589912415,11.698922702589915
135.1394681930542,11.698702225163828
135.3403878211975,11.698436692275445
135.342383146286,11.698145111008603
135.34338474273682,11.697844598218765
135.34538960456848,11.697515004763336
135.59050607681274,11.697219732718114
135.59358763694763,11.696959978501967
135.59550833702087,11.696753920616118
135.59850597381592,11.696688563792899
135.60059213638306,11.696838100514503
135.74347472190857,11.697106225266488
135.74547410011292,11.697330846628446
135.74748587608337,11.697557333094608
135.7909927368164,11.697809010906575
135.99202060699463,11.698019387149987
135.993022441864,11.698120751749773
135.9950201511383,11.698205196075817
135.99602341651917,11.698321150700078
136.03851175308228,11.698426755027999
136.24546241760254,11.698479865058172
136.24609994888306,11.698566765272435
136.24710893630981,11.698744656171975
136.24810886383057,11.699037442889589
136.2882227897644,11.699469532779782
136.4442982673645,11.700124564216367
136.44697403907776,11.701003356678198
136.4489781856537,11.702183930398197
136.49147415161133,11.703637510232184
136.6937539577484,11.705293432306407
136.69574737548828,11.707092265235975
136.69867587089539,11.709041592771195
136.70141053199768,11.711052332205922
136.74039959907532,11.7131106258053
136.99302554130554,11.715192522712064
136.99502038955688,11.717265079130915
136.99703216552734,11.719362692294032
137.0000183582306,11.721528904155889
137.00195026397705,11.723685542335161
137.04005813598633,11.72591055107657
137.19317650794983,11.728137923204137
137.19511198997498,11.730383787792581
137.19719099998474,11.732637807402721
137.2417733669281,11.734814791796163
137.45589542388916,11.736932444427005
137.4578137397766,11.738904859744768
137.46081066131592,11.74072907145329
137.4628608226776,11.742382839512873
137.4888401031494,11.743876270150395
137.64342761039734,11.745164430712592
137.64543294906616,11.746253786142342
137.6484305858612,11.747168466566036
137.68960118293762,11.747923742482591
137.8918673992157,11.748450656569373
137.89278936386108,11.74876188639193
137.89378929138184,11.748828661500172
137.89378929138184,11.748708359961482
137.93879437446594,11.74838129802614
138.1412434577942,11.747807427815374
138.14324355125427,11.74705586207584
138.14623975753784,11.746004902153343
138.14823627471924,11.744722922517058
138.3424355983734,11.743004839353693
138.34443926811218,11.74111379225234
138.34643816947937,11.73912982933305
138.3494372367859,11.73711382727418
138.5593650341034,11.73504118582987
138.56192111968994,11.732937135466434
138.56469297409058,11.731028937193143
138.56670999526978,11.729414902662652
138.59189105033875,11.728035388860267
138.63894724845886,11.72678625564541
138.79364562034607,11.725696884294175
138.7956404685974,11.724746858801058
138.79864120483398,11.723945650141715
138.83861470222473,11.723324538043563
139.04118514060974,11.722941955841343
139.04317617416382,11.722738602509168
139.04517769813538,11.72270548252985
139.04617404937744,11.722817979853978
139.29134273529053,11.723053236114136
139.29334592819214,11.723446821144874
139.29433703422546,11.724003040784119
139.29633975028992,11.724704434737184
139.29733896255493,11.725427276551622
139.5422158241272,11.72624573964082
139.54420709609985,11.727135146232376
139.54720854759216,11.728011157909123
139.54913997650146,11.72887521599854
139.55013918876648,11.729640981693368
139.79365134239197,11.73037008508401
139.79464960098267,11.73096077119487
139.79464960098267,11.731513348782395
139.7956507205963,11.731982041421112
139.79665160179138,11.732344592174153
139.83839583396912,11.732646066947447
140.04061937332153,11.732860649350288
140.0416190624237,11.732909403940129
140.04261994361877,11.732844777101281
140.04462027549744,11.732553383446284
140.0876181125641,11.732064947636145
140.28879499435425,11.731389201292334
140.28978896141052,11.730535851760148
140.2907099723816,11.729538080785364
140.2907099723816,11.72842445177764
140.3369665145874,11.72711512012904
140.5391972064972,11.725629780706708
140.54011940956116,11.724001751031155
140.5411193370819,11.722280356865078
140.54212045669556,11.720420279446646
140.74174308776855,11.718403713738123
140.74274015426636,11.716179309092388
140.74274015426636,11.713802844212656
140.74374151229858,11.711301964684575
140.7877540588379,11.70870253411826
140.99351143836975,11.706042463356752
140.9945113658905,11.703326002360154
140.9945113658905,11.700542374575944
140.99550652503967,11.697695219119296
141.23855566978455,11.694765299617902
141.23946332931519,11.69179506438358
141.2414629459381,11.688898597213866
141.24246382713318,11.686181153209205
141.24347019195557,11.683622145385876
141.49025511741638,11.681211297661209
141.49226903915405,11.679025934546342
141.49326133728027,11.677039117086927
141.49527764320374,11.675301707853293
141.49625873565674,11.673851172776539
141.69202995300293,11.672704873064223
141.69303107261658,11.67191609242125
141.69303107261658,11.671475024765101
141.69403171539307,11.671374515707347
141.74103784561157,11.671578709197433
141.78903532028198,11.672059151987206
141.9910409450531,11.672794776581982
141.99203491210938,11.67372615750162
141.9940402507782,11.674843551544992
142.00111365318298,11.676090604516729
142.24068188667297,11.677423458849407
142.241605758667,11.678835943115228
142.24260544776917,11.680281203544457
142.24469828605652,11.68172318373702
142.24661445617676,11.683115371290834
142.49162530899048,11.684423629037402
142.49468278884888,11.68567295083823
142.4966812133789,11.686851138630528
142.49961376190186,11.68797968748661
142.50161790847778,11.689028319157323
142.74145245552063,11.689989429631538
142.74453139305115,11.690851320212904
142.7465362548828,11.691625837465052
142.7484519481659,11.692298678545079
142.7504599094391,11.692857231836808
142.99115252494812,11.693301836954111
142.9932312965393,11.69360272309077
142.99615716934204,11.693750731921252
142.99723315238953,11.69375408642206
142.9992551803589,11.69361609150593
143.25054121017456,11.693372069870078
143.25256371498108,11.69304344246736
143.25662851333618,11.692647862584815
143.25960969924927,11.692206030007315
143.26163458824158,11.69173653033533
143.44236874580383,11.691267653099342
143.44346070289612,11.6908302944551
143.44446229934692,11.690457825625712
143.4464409351349,11.69016874124066
143.49105381965637,11.689994479053679
143.69320511817932,11.689973201345046
143.69514226913452,11.690138239718356
143.69721388816833,11.690499809568687
143.70021080970764,11.691066368313143
143.94131302833557,11.691826159562394
143.94331312179565,11.692773935981727
143.94431400299072,11.693891064623699
143.9453067779541,11.695203562661623
143.94631338119507,11.696705640722598
143.98850274085999,11.698422003632164
144.18868851661682,11.700325838360255
144.18969869613647,11.702411039732388
144.19170570373535,11.704665803504723
144.19170570373535,11.707086248646936
144.39363718032837,11.7096441047144
144.39363718032837,11.712338195759386
144.39463567733765,11.715222198897745
144.3956367969513,11.718240580671358
144.43724417686462,11.721304339238811
144.64093589782715,11.724404507843817
144.64194202423096,11.72753761652721
144.64294147491455,11.730672399092489
144.64294147491455,11.733814471470035
144.68771839141846,11.736971792829527
144.88942503929138,11.74011064142745
144.89042592048645,11.743260923230649
144.8914258480072,11.746452382767146
144.89242577552795,11.74969007675162
145.14281249046326,11.75292956900183
145.14481616020203,11.756131050926006
145.14783692359924,11.75928619917857
145.14981508255005,11.762318706315101
145.15181040763855,11.765118041094967
145.18831753730774,11.767798375476012
145.39231705665588,11.770364268978824
145.3993103504181,11.772834636677814
145.40043425559998,11.775232632972386
145.4023187160492,11.777537647351883
145.59331345558167,11.779730775790323
145.59531164169312,11.781721563724018
145.5973174571991,11.783482251403484
145.59937930107117,11.785131864494382
145.64031219482422,11.786693498217673
145.89089679718018,11.78821962873708
145.8928985595703,11.789648898139442
145.8958978652954,11.790955818244267
145.89789605140686,11.79213783038329
145.89989495277405,11.793235138404729
146.14159154891968,11.794261900856423
146.14359283447266,11.795259614988401
146.14559173583984,11.796279319516175
146.14759159088135,11.797260603768411
146.14959168434143,11.798157249378232
146.3917679786682,11.79908783968029
146.39376664161682,11.80012354487347
146.3967707157135,11.801299690672835
146.39877128601074,11.802683720772366
146.40877151489258,11.804255378063331
146.59204721450806,11.80609622880231
146.59304666519165,11.808225929643653
146.59404850006104,11.810639177337572
146.595046043396,11.813350479305015
146.64005064964294,11.816346052280462
146.89240550994873,11.819602155587495
146.89340662956238,11.82307042399358
146.89440631866455,11.826704181108244
146.8954062461853,11.830517199099061
146.89640593528748,11.834430871309483
146.94040846824646,11.838469646853625
147.14211225509644,11.842666257431741
147.14412760734558,11.846882253215446
147.14712476730347,11.851135779561503
147.14911913871765,11.85542138028948
147.39055800437927,11.859657076350206
147.39349269866943,11.863888781426569
147.39548683166504,11.86809571905255
147.39749431610107,11.872206575745377
147.40049004554749,11.876277829743687
147.60131406784058,11.880316675650095
147.60431480407715,11.884348836548183
147.60530972480774,11.888372783882922
147.60631132125854,11.892332196111123
147.64031171798706,11.89629751107672
147.84231448173523,11.900190797032396
147.8433096408844,11.904048265691737
147.84631872177124,11.907808235686154
147.84931564331055,11.911510833576177
147.88933181762695,11.915073884421767
148.13957810401917,11.918562555253219
148.1415798664093,11.921999088554912
148.14258313179016,11.925358847671923
148.1435832977295,11.928638765443122
148.14457988739014,11.931871774148263
148.3905303478241,11.934996806511743
148.39253401756287,11.938008899927294
148.394526720047,11.940880948407665
148.3965265750885,11.943668226521728
148.3985276222229,11.946361764753345
148.5923149585724,11.94894711721713
148.59531354904175,11.951483065744505
148.59730577468872,11.954021650792612
148.5993103981018,11.956568447281587
148.65330576896667,11.959185716275886
148.89080119132996,11.96190102646337
148.89179491996765,11.964774290697319
148.89379715919495,11.967852887466343
148.8957962989807,11.971185386439874
148.89679503440857,11.974804774749192
149.1448040008545,11.97866391844723
149.14679527282715,11.9827431306712
149.1477963924408,11.987062203846204
149.14880084991455,11.99157393101071
149.14979314804077,11.996275929032976
149.1894073486328,12.001122445211578
149.39242553710938,12.006101199097126
149.39442658424377,12.01125170784858
149.39742994308472,12.01658677624989
149.39942860603333,12.022118591301625
149.6431941986084,12.027807701939741
149.6451940536499,12.033675099187128
149.64820098876953,12.039707245153885
149.65019416809082,12.04585667592091
149.65119314193726,12.052090024698709
149.69418573379517,12.058334691300825
149.89372992515564,12.064594253112858
149.89572405815125,12.070905869655865
149.8977246284485,12.077220321414146
149.89973282814026,12.083521657920379
149.94072604179382,12.089754584855342
150.19191718101501,12.09585894710252
150.19389414787292,12.101804087878984
150.19587087631226,12.107514390509287
150.1988763809204,12.112997971297741
150.20088362693787,12.118198281132038
150.23979830741882,12.123137648953515
150.441792011261,12.127726370304474
150.441792011261,12.132043153060415
150.44279289245605,12.13603211725482
150.4437916278839,12.139633564112627
150.48879384994507,12.14290577413477
150.64333534240723,12.145794801253414
150.64531230926514,12.14833318459713
150.64733362197876,12.150528188950913
150.6893126964569,12.15236238788764
150.90140199661255,12.153881914493256
150.90341591835022,12.155110368964154
150.9054033756256,12.156037495773424
150.90631437301636,12.156703067650296
151.093421459198,12.157153555352318
151.09538340568542,12.157443895845198
151.09739303588867,12.157647217576871
151.0993230342865,12.157813882170995
151.140319108963,12.157952006857961
151.342679977417,12.158108572995687
151.34567761421204,12.158353467526235
151.34875059127808,12.15874383754136
151.35276651382446,12.159306132631814
151.5943295955658,12.16007759322438
151.59642267227173,12.161084014140897
151.5993242263794,12.162320742268328
151.6023244857788,12.16378727411737
151.60432600975037,12.165467574648183
151.6399712562561,12.167324718615468
151.8938581943512,12.169315795524595
151.89587712287903,12.17137032016117
151.8988606929779,12.173444248244472
151.91486263275146,12.175509918161387
151.9178614616394,12.177543651565665
151.93985843658447,12.17949911228978
152.1896996498108,12.181353357520145
152.19216990470886,12.183065429904286
152.19316482543945,12.184623202028332
152.19416499137878,12.185963635712014
152.19516611099243,12.187102365459042
152.44104957580566,12.188031597601551
152.44403743743896,12.188756458607896
152.44803524017334,12.189283351813707
152.4510567188263,12.189601046070099
152.45198345184326,12.189698750581753
152.64258360862732,12.189580611443269
152.64467120170593,12.18922750969037
152.64565706253052,12.18862993482095
152.64866614341736,12.18777957677425
152.687668800354,12.186666350784678
152.89044904708862,12.18528954958339
152.8923623561859,12.183629892768456
152.8954484462738,12.181674200377225
152.89944219589233,12.179431036034542
153.15545010566711,12.176894568947406
153.15844893455505,12.174059057324984
153.16045212745667,12.170928059723794
153.1624538898468,12.167534319730892
153.16445302963257,12.163892299727724
153.39180445671082,12.160019566871442
153.3938069343567,12.155935498826516
153.39479994773865,12.151650232952292
153.39580392837524,12.147175239229139
153.39780282974243,12.142545497614016
153.59431767463684,12.137781796452913
153.5963158607483,12.132907855555287
153.5973174571991,12.12799221548631
153.5993173122406,12.123073973482738
153.64231634140015,12.118172985060843
153.88906693458557,12.113338262305001
153.88998746871948,12.108595041798141
153.89098739624023,12.103969985856294
153.89098739624023,12.099458374960372
153.89198660850525,12.095082803991017
154.14135003089905,12.090822715929264
154.14335250854492,12.086685368840874
154.14635348320007,12.082666324031269
154.14935564994812,12.0787622481837
154.15189385414124,12.074960159084483
154.40666604042053,12.071257010910223
154.40966868400574,12.067644139797727
154.41167163848877,12.064127224549745
154.4126694202423,12.060671734186354
154.4136621952057,12.057283936966376
154.59346294403076,12.053910106413461
154.59649419784546,12.050552609975293
154.59846758842468,12.047176108543319
154.6014564037323,12.043753752602647
154.6401298046112,12.040251775327135
154.83975386619568,12.03663780684252
154.84075379371643,12.032903755324519
154.84175372123718,12.029049263735418
154.84175372123718,12.025084143223435
154.88776016235352,12.020998799937152
155.04281497001648,12.016824794957131
155.04281497001648,12.01256333884485
155.04375576972961,12.008200105230909
155.2935745716095,12.003757734702576
155.2965602874756,11.999209776070426
155.3004720211029,11.994584282629669
155.30247592926025,11.989861714733392
155.30547213554382,11.985051263876933
155.34053778648376,11.980137613964416
155.552321434021,11.975165374786464
155.55432105064392,11.970120812910675
155.55632638931274,11.965099695035637
155.55832052230835,11.959906433871753
155.5896520614624,11.95473346123316
155.7917501926422,11.949605635351976
155.79284811019897,11.94461923151303
155.79386973381042,11.939711101159814
155.7957468032837,11.934770346731508
155.99354529380798,11.929770694575533
155.9955382347107,11.92465176116089
155.99753856658936,11.919357269322353
156.00046229362488,11.913881973134577
156.0395588874817,11.90823878593498
156.29137420654297,11.902458088325032
156.29434967041016,11.896601093271439
156.29628133773804,11.890690525441027
156.29936528205872,11.884807650593054
156.30128598213196,11.878999311742517
156.49380326271057,11.873343100793127
156.49580311775208,11.867907170327113
156.498943567276,11.86270478909519
156.5009422302246,11.857766500361162
156.540949344635,11.85310392295892
156.75228309631348,11.848736608812077
156.75528693199158,11.844663924048763
156.75729298591614,11.840918935842474
156.759215593338,11.83749564569619
156.78920555114746,11.834385429361351
156.9930760860443,11.83155919551634
156.99507999420166,11.829002721745491
156.9970784187317,11.826670870993233
157.00007462501526,11.824554074588466
157.04007816314697,11.822617701133437
157.2919180393219,11.820841266717139
157.29391813278198,11.819194718744274
157.29592490196228,11.817661267474165
157.2978436946869,11.816220425616315
157.29884433746338,11.814846416843094
157.49309873580933,11.81353586337442
157.49445986747742,11.812263566545425
157.49567675590515,11.811021208480433
157.4967896938324,11.809803912988507
157.54057955741882,11.808584574496479
157.8041319847107,11.807340528304021
157.8061339855194,11.806067816193162
157.8080496788025,11.804747425285548
157.81004929542542,11.80337629151356
157.81204891204834,11.801936883384045
157.83905148506165,11.800433414851126
158.09225010871887,11.798844393642746
158.09517812728882,11.797193055603914
158.09725379943848,11.795450171285903
158.10017228126526,11.79360447896951
158.10211086273193,11.79163673050423
158.34028124809265,11.789574051233775
158.34119629859924,11.787401565985245
158.3422966003418,11.785139198261366
158.34328198432922,11.782798682495548
158.34328198432922,11.780409645163862
158.54289841651917,11.777995725379625
158.54289841651917,11.775607928052315
158.5442554950714,11.77327983830904
158.54533648490906,11.771055128550515
158.59184670448303,11.768980056660858
158.79408192634583,11.76707191764101
158.79698610305786,11.765348492695367
158.79905438423157,11.763822427852055
158.80199122428894,11.762506079449604
158.84406304359436,11.761407963168466
159.04254913330078,11.760549507422661
159.0445523262024,11.759932845669034
159.04654836654663,11.759558251410171
159.0485532283783,11.759419447575247
159.09055089950562,11.75950649347485
159.34339547157288,11.759812965453587
159.34646153450012,11.760316513375662
159.34939122200012,11.76099254549792
159.35146737098694,11.761811078375972
159.35446953773499,11.762746457942992
159.59156394004822,11.763764131463795
159.5935673713684,11.764862763889123
159.5955629348755,11.766012073577327
159.59756660461426,11.76720776686532
159.59962821006775,11.768440761370655
159.63863325119019,11.769709511419483
159.84251379966736,11.771004429187068
159.8559534549713,11.772320435122893
159.85695004463196,11.7736553878675
159.8589951992035,11.775010658182426
159.88906049728394,11.77636555802576
160.14088249206543,11.777717570250347
160.14400267601013,11.77905819156251
160.14609003067017,11.780383794007209
160.14898586273193,11.781693213927461
160.14898586273193,11.782990265280816
160.34229040145874,11.7842931940662
160.34529161453247,11.785577847723879
160.34736108779907,11.786821331392442
160.35028743743896,11.78800864385482
160.5912790298462,11.789103143906543
160.59227991104126,11.790093713236331
160.5932800769806,11.790974597816032
160.5942840576172,11.791716101342102
160.59527850151062,11.792312840231096
160.79275393486023,11.792764769146753
160.79475855827332,11.793063239687791
160.79726648330688,11.793199856556392
160.7985758781433,11.793164617028426
160.83956861495972,11.792938871294119
161.04856371879578,11.792513849192051
161.05056619644165,11.791899823277278
161.05156636238098,11.79110776389665
161.05363702774048,11.790183499855583
161.08955931663513,11.789115604676374
161.34297442436218,11.78794017230907
161.34589982032776,11.78668493304308
161.34788942337036,11.785368873702748
161.35088419914246,11.784047667189329
161.351881980896,11.782736819423157
161.59048223495483,11.781503569482043
161.59247517585754,11.780380393285919
161.59547114372253,11.77942161078105
161.59749746322632,11.778678978987491
161.6004741191864,11.778130144350897
161.84203171730042,11.777774918212508
161.84402060508728,11.777600980349408
161.84503412246704,11.77758564145785
161.84694457054138,11.777713677906188
161.8479447364807,11.777969831339313
162.10417461395264,11.778305456112207
162.10624718666077,11.778725111192633
162.10717606544495,11.779215502338905
162.11017632484436,11.779743421286007
162.11117911338806,11.78031901542643
162.29263257980347,11.780902192933535
162.29360342025757,11.781451363343951
162.29360342025757,11.781951196256552
162.29459309577942,11.78239555781656
162.54155230522156,11.782763074329342
162.54355549812317,11.783037729227608
162.54662466049194,11.783189014494354
162.54855370521545,11.783199695432643
162.55055475234985,11.783051481240985
162.74307084083557,11.78271678522666
162.7453486919403,11.782179691952022
162.7476453781128,11.781436285638748
162.74966406822205,11.780486066968924
162.79166221618652,11.779313788680673
163.040762424469,11.777942407419463
163.0417342185974,11.77637976498333
163.04273676872253,11.774627953635497
163.04376578330994,11.772680825723262
163.0457363128662,11.77054525643081
163.25443196296692,11.768227769117205
163.2554259300232,11.765719253746056
163.25642704963684,11.76301445213522
163.25754022598267,11.760151664780379
163.28942322731018,11.75715902448573
163.49298691749573,11.75400162226187
163.49499225616455,11.750718453279632
163.49698972702026,11.74732372962199
163.50002264976501,11.743845522436505
163.53912472724915,11.740306915031354
163.74010372161865,11.73676062707204
163.74110627174377,11.733238630130158
163.74202179908752,11.729783933443091
163.74202179908752,11.726393249129655
163.9412887096405,11.723100362114538
163.94228768348694,11.719906647850928
163.94228768348694,11.716856426415402
163.94328951835632,11.71395849914994
163.9883680343628,11.71123285060588
164.14430379867554,11.708655809666633
164.14630222320557,11.706210466642267
164.14929103851318,11.70387254840808
164.19029450416565,11.70162508537834
164.40510892868042,11.699421835659273
164.40803265571594,11.697245170642312
164.41003441810608,11.695060639013816
164.41403532028198,11.692882811172568
164.43721532821655,11.690675065009163
164.69071125984192,11.68843700994701
164.6927092075348,11.686168563492512
164.69571042060852,11.683824559179913
164.6977093219757,11.681367360581492
164.69870162010193,11.67881121297026
164.9416947364807,11.676148019800916
164.94369840621948,11.673374833634481
164.9456968307495,11.670497236861786
164.94869947433472,11.667512390374965
164.9506893157959,11.66441214225419
165.1908495426178,11.661227440690967
165.19184017181396,11.657919209032515
165.19184017181396,11.654518222044768
165.19292426109314,11.651021201656174
165.19392228126526,11.647434145462174
165.23991703987122,11.643781189057155
165.45017290115356,11.640059568279172
165.45017290115356,11.636244769955512
165.45113706588745,11.632365967585276
165.45113706588745,11.628417385865776
165.49165296554565,11.624417374276417
165.74169254302979,11.620369041519115
165.74377870559692,11.616292584859655
165.7467601299286,11.61221375582876
165.7486915588379,11.608177269112938
165.7506856918335,11.604177891033002
165.94242668151855,11.60021167724263
165.94535040855408,11.596321023019954
165.94743394851685,11.592479845892683
165.9493498802185,11.588727283373855
165.98942589759827,11.585031179703524
166.24140572547913,11.581462852062742
166.24340677261353,11.577973886159016
166.24440383911133,11.574601026057888
166.24540376663208,11.571341682543395
166.24739694595337,11.568229685949602
166.44333386421204,11.56530728571407
166.44533801078796,11.562607216178643
166.44826245307922,11.56015008728874
166.45725679397583,11.557957732363377
166.48973488807678,11.556026678762024
166.69225907325745,11.554378425878623
166.6941840648651,11.55301828035425
166.69518041610718,11.551951958053873
166.69617772102356,11.551233495713117
166.74038290977478,11.550840968079171
166.94347023963928,11.550789479883568
166.9464271068573,11.551050858560266
166.94746232032776,11.55159950348748
166.9483826160431,11.552453493830331
166.98939323425293,11.553537647476439
167.19138383865356,11.55486987181615
167.19237685203552,11.556399177631038
167.19337844848633,11.558112882588741
167.19437789916992,11.559995177589256
167.43942260742188,11.562032210079522
167.44041776657104,11.56422796050073
167.44141817092896,11.566556386015073
167.44141817092896,11.56904231644719
167.44241738319397,11.57164532954154
167.64942359924316,11.574379178489593
167.65141892433167,11.577192168740918
167.65141892433167,11.58009135799765
167.65241599082947,11.583094664740226
167.6894245147705,11.586196609759762
167.8919231891632,11.589373149517016
167.89292097091675,11.592610733457757
167.8950228691101,11.595934443795278
167.89692497253418,11.599316087954325
167.9389259815216,11.60273069719734
168.19401717185974,11.60618345153959
168.19601798057556,11.609653643027546
168.19901371002197,11.613143751574174
168.20101070404053,11.616640777051147
168.2040832042694,11.620134337745663
168.242014169693,11.623624118620516
168.49210119247437,11.627098408458664
168.4940700531006,11.630559329942407
168.49601984024048,11.634026672851551
168.49801111221313,11.637510398234706
168.49801111221313,11.64103270781747
168.53919768333435,11.644615882289116
168.79329705238342,11.648300447035966
168.7962338924408,11.65213424880696
168.79722476005554,11.656160709512587
168.79722476005554,11.660406494010482
168.79830050468445,11.664905366833317
169.04401445388794,11.669679806162865
169.04601001739502,11.674773269059832
169.04907631874084,11.680200650353939
169.0510859489441,11.68601361732005
169.05300855636597,11.692150522808367
169.0910084247589,11.69863492328893
169.34186506271362,11.705481390932302
169.34385585784912,11.712658895282361
169.3468611240387,11.720167092819912
169.3497920036316,11.727991256663366
169.3517894744873,11.736160458965944
169.64121341705322,11.744637334854458
169.64314079284668,11.753399189128167
169.64449763298035,11.762408097839312
169.64550685882568,11.771671975972986
169.6480541229248,11.781156867303164
169.64919996261597,11.790818575655834
169.85232996940613,11.800639113600004
169.85532879829407,11.810565205149587
169.857262134552,11.820587979467986
169.860342502594,11.830686026417734
169.8887848854065,11.840820312810731
170.08969044685364,11.850984912184652
170.0906846523285,11.861170158381876
170.0916862487793,11.871378599414435
170.09268450737,11.881600048452759
170.34341645240784,11.891801012871682
170.34441375732422,11.901955898970199
170.34541583061218,11.912043864123534
170.34641551971436,11.922006772622828
170.3474085330963,11.931848585658718
170.38994121551514,11.941556263385959
170.59263515472412,11.951129095404081
170.59557580947876,11.960523594797612
170.59763765335083,11.969743947159289
170.6006314754486,11.978772284750583
170.63863563537598,11.98759719408837
170.84030652046204,11.99618448942547
170.84130716323853,12.0045647564613
170.8428053855896,12.012743575134209
170.84387683868408,12.020691510573972
171.0551872253418,12.02841160422955
171.0571916103363,12.035896326142227
171.0591893196106,12.04317774448289
171.06218719482422,12.050228239590231
171.0901837348938,12.057084997075043
171.29210019111633,12.063771027236267
171.29409217834473,12.070326903706858
171.2960810661316,12.076767538612255
171.29801201820374,12.083139189598665
171.49237990379333,12.08947191709013
171.4943869113922,12.095841991813106
171.4974045753479,12.10229202630404
171.49966430664062,12.10884628988045
171.5408525466919,12.115556314724136
171.74366116523743,12.122463754466365
171.74567127227783,12.12958270231425
171.7486710548401,12.136910158700376
171.75159549713135,12.144441957489148
171.79076027870178,12.152169754074452
171.9927854537964,12.160038497215595
171.99578881263733,12.16805311987187
171.99779391288757,12.176144606191556
171.9997148513794,12.184274298646358
172.04070615768433,12.192414662795805
172.25044178962708,12.200524234211661
172.25142621994019,12.20857105369966
172.25236535072327,12.216537386477906
172.25337266921997,12.22436924266299
172.29136753082275,12.232039695464186
172.33836674690247,12.239525414017699
172.5914866924286,12.246775569197924
172.5923671722412,12.253777026775271
172.5933644771576,12.260490784810102
172.59436798095703,12.266884010580327
172.59536576271057,12.27292764988908
172.63936305046082,12.278624840405971
172.84389662742615,12.283970849158372
172.84589862823486,12.28894417092828
172.8489019870758,12.293534631257053
172.8509006500244,12.297735224106773
172.8905336856842,12.301523244113541
173.094420671463,12.30492160028875
173.0964879989624,12.307916408301702
173.09848737716675,12.31051646952339
173.10048627853394,12.31271078849788
173.14086270332336,12.314485764916961
173.40564370155334,12.315830193408816
173.40864396095276,12.316764585842797
173.41072344779968,12.317303217447316
173.41364908218384,12.317474963275448
173.41664743423462,12.317296589694518
173.43917202949524,12.31677028392557
173.6913251876831,12.315914179911934
173.69332480430603,12.314747411625214
173.69432091712952,12.313314194861368
173.69632363319397,12.31164273318375
173.69732213020325,12.309779026713148
173.73831391334534,12.307775477331628
173.94144344329834,12.305660494428377
173.94343876838684,12.303461446299478
173.9454424381256,12.301204626321885
173.94744300842285,12.298917697951557
173.98962807655334,12.296637417690528
174.19318985939026,12.294395622759604
174.19619250297546,12.292208210310767
174.19819116592407,12.290108924532868
174.20120191574097,12.288111414923657
174.24018549919128,12.286236441135761
174.5034885406494,12.28450480224719
174.50647616386414,12.2829324578541
174.50847458839417,12.281518825676365
174.5114734172821,12.28026098614535
174.51447582244873,12.279142965873186
174.74396443367004,12.278149386083177
174.7462911605835,12.27725191557065
174.74837160110474,12.27641622075993
174.75029349327087,12.275619623414284
174.75229287147522,12.27483147934814
174.79028916358948,12.274007212977972
174.99273681640625,12.273087403512791
174.99473977088928,12.272013532631522
174.9967451095581,12.270730479817656
174.9977469444275,12.269187156388309
175.03977465629578,12.267341169810333
175.24248242378235,12.265160832781742
175.24453926086426,12.262634142441748
175.24651408195496,12.259760879705365
175.2484097480774,12.256549572198997
175.29041647911072,12.25300160094044
175.49382162094116,12.249109947690773
175.49582648277283,12.24487288403186
175.49882316589355,12.240295234665167
175.500825881958,12.235393232527436
175.54605436325073,12.230168888117932
175.74162077903748,12.224616124498427
175.74362015724182,12.218729493059437
175.74562525749207,12.212551357524813
175.7476305961609,12.206150294994925
175.79071068763733,12.1996075649483
176.04093313217163,12.192982522076491
176.04210257530212,12.186291994760214
176.0450141429901,12.179516579905142
176.0470085144043,12.172635581154418
176.05002188682556,12.165595755077717
176.29252767562866,12.15837739753808
176.29452514648438,12.150958654208011
176.29652214050293,12.143335146264231
176.29752588272095,12.135509286530436
176.2995264530182,12.127509671460524
176.54143118858337,12.119369879341324
176.54343605041504,12.111136791886882
176.54542589187622,12.102870868817151
176.5545003414154,12.094658715512695
176.55743145942688,12.0865483423316
176.58994507789612,12.078625758711508
176.8421597480774,12.070962764121115
176.84515953063965,12.063607087131382
176.84723806381226,12.056604361730145
176.8501582145691,12.04996396001445
176.85215544700623,12.043668253023107
177.04395818710327,12.037688845967626
177.04595470428467,12.031992405096082
177.0478732585907,12.026561504327082
177.04987573623657,12.021359997785373
177.08899545669556,12.016360318518265
177.2920823097229,12.011523504157363
177.29307293891907,12.006811660893193
177.29407691955566,12.002189542503954
177.29507637023926,11.997633317805048
177.340407371521,11.993110126640456
177.60315227508545,11.988591444809217
177.60408449172974,11.984057056556981
177.60615515708923,11.979482567680215
177.60707902908325,11.974842953241364
177.60908150672913,11.970122074688105
177.79215669631958,11.965303965997643
177.79508209228516,11.960380383209053
177.79715752601624,11.955342161870755
177.79908418655396,11.950200036651193
177.8401539325714,11.944923858859891
178.0430371761322,11.939522052051874
178.04503059387207,11.93399119574444
178.04802250862122,11.928318693342371
178.05003213882446,11.922491231129957
178.08895206451416,11.916516247548406
178.29294896125793,11.91040503001745
178.294007062912,11.904178874925158
178.29495120048523,11.897854311398959
178.29701471328735,11.891454547035455
178.33995461463928,11.884992498568097
178.5439748764038,11.878487498315991
178.54597687721252,11.871951493987778
178.54805040359497,11.865399623774552
178.54904961585999,11.85884473238929
178.58998346328735,11.852321905188438
178.8057291507721,11.845856582675298
178.80873322486877,11.839473979603259
178.8108265399933,11.833188296933528
178.81373596191406,11.827038109414065
179.040940284729,11.821040731977371
179.0419430732727,11.815237450656191
179.04402613639832,11.809647402662229
179.04493975639343,11.80428566923538
179.04694509506226,11.799154192460424
179.24250483512878,11.794235296185086
179.243426322937,11.789543938537168
179.24440836906433,11.785061923887366
179.24549269676208,11.780790557323082
179.28936409950256,11.776708372064986
179.53938841819763,11.772805578763101
179.5403962135315,11.769063306521781
179.54139590263367,11.76546874413611
179.54238843917847,11.762022960471363
179.5433943271637,11.758697232373812
179.7433524131775,11.755502535870882
179.74634790420532,11.752428972292561
179.74934768676758,11.74945909511911
179.75137591362,11.746589799953103
179.79034662246704,11.743822370347694
180.01207160949707,11.741118402736078
180.01500725746155,11.738492974239724
180.0180082321167,11.735913607036617
180.0200982093811,11.73335730231766
180.04009556770325,11.730832115358863
180.29276847839355,11.728299274589885
180.29276847839355,11.72576397434978
180.29375433921814,11.723219592640737
180.29375433921814,11.720654934538763
180.29475283622742,11.718035767230573
180.33907198905945,11.715363299194053
180.5430564880371,11.712624790941181
180.54506039619446,11.709816580229303
180.54798316955566,11.706916813412562
180.5499837398529,11.703927504610093
180.58998131752014,11.700847706735956
180.7929356098175,11.697659808105264
180.7949526309967,11.694355040927544
180.79695224761963,11.690912763791822
180.79795145988464,11.687355341599034
180.8399534225464,11.683665933900835
181.09500217437744,11.679843717487666
181.0980019569397,11.67588556739055
181.10007524490356,11.671797556872265
181.10207557678223,11.667607637563677
181.10306787490845,11.663318982258827
181.1400797367096,11.658922012578973
181.44309377670288,11.654456146889379
181.44509387016296,11.64992873481257
181.44709587097168,11.64533755621942
181.45008754730225,11.640703866688645
181.45108485221863,11.636020713754206
181.45308756828308,11.631303630526842
181.49108934402466,11.626576854343602
181.74207472801208,11.62188801305827
181.74308109283447,11.617299628370965
181.74408555030823,11.61288839092782
181.74408555030823,11.608689003883917
181.74509572982788,11.604729889884533
181.78799557685852,11.601063040894411
182.04148960113525,11.597692797385106
182.0434136390686,11.594664278458712
182.04641103744507,11.591939628722038
182.04840993881226,11.589540222862436
182.05047917366028,11.587454163992067
182.08964681625366,11.585661969725267
182.30209589004517,11.584118496976886
182.30509662628174,11.582791658850663
182.3070981502533,11.58165792545537
182.31013441085815,11.58065838623067
182.34012007713318,11.579762949694217
182.5439417362213,11.578942876892228
182.54594779014587,11.578173550540996
182.5489263534546,11.577442683973764
182.55093598365784,11.576705050101832
182.5908522605896,11.575962859372112
182.84155917167664,11.575197672454449
182.8451178073883,11.574378366516012
182.84772992134094,11.573475807671352
182.84965014457703,11.572469060656564
182.8526690006256,11.57134541838201
182.88921880722046,11.570085136841163
183.14261674880981,11.568690956847838
183.14562606811523,11.56716462658054
183.147616147995,11.56551943484532
183.1506209373474,11.563773740165903
183.15262269973755,11.561939195983948
183.1885437965393,11.56003117027425
183.4440882205963,11.558067082712686
183.4451665878296,11.55606719534285
183.44608664512634,11.554052428892124
183.44708728790283,11.552033123269297
183.44809198379517,11.550025714914643
183.6915407180786,11.54803185667338
183.69245624542236,11.546049342525095
183.69445848464966,11.544083597517595
183.6954574584961,11.542135700231787
183.69645524024963,11.540204682258254
183.73946142196655,11.538305159365535
183.9895420074463,11.536437668752463
183.99055314064026,11.534615664055385
183.9915406703949,11.532854487440126
183.99245738983154,11.531175280503895
183.9945352077484,11.529583262270055
184.19192695617676,11.528093882286022
184.19402837753296,11.52672079728518
184.19602036476135,11.525472633331223
184.196946144104,11.524346872711325
184.23951983451843,11.523343355462403
184.44348192214966,11.52246762850305
184.46243572235107,11.521720870251073
184.46438097953796,11.521097807075856
184.46838331222534,11.520607688093378
184.49006414413452,11.520245628340836
184.53801155090332,11.519999220411009
184.74116849899292,11.519853931538332
184.74224877357483,11.519794829364397
184.74325585365295,11.519810127709757
184.74325585365295,11.519909841772552
184.788489818573,11.520090682340749
185.04164838790894,11.520348687713609
185.04457473754883,11.520683124488155
185.04665756225586,11.52109112507538
185.04857730865479,11.521568423838426
185.05157828330994,11.522102174482683
185.08964610099792,11.522679490302218
185.3406412601471,11.52328320203397
185.3426332473755,11.523903333513749
185.34366130828857,11.524533396572192
185.34565687179565,11.525176432224981
185.3466501235962,11.525823096946972
185.38761734962463,11.526472166029397
185.6012680530548,11.527117061641716
185.6021966934204,11.527760511269216
185.60427045822144,11.5283969458175
185.60519194602966,11.529020154234711
185.7911195755005,11.529630171852313
185.79319834709167,11.5302280038817
185.79612112045288,11.530821172104426
185.7981243133545,11.531408389336658
185.98992228507996,11.531983890134237
185.99191403388977,11.532545883003156
185.99499344825745,11.533095128314582
185.99792909622192,11.53361718856805
186.24197387695312,11.534120714885107
186.24397563934326,11.534602164925444
186.24690437316895,11.535062847190868
186.24990010261536,11.535501257781949
186.2521514892578,11.53591746058146
186.4922513961792,11.536315553937445
186.4942500591278,11.536700589611922
186.49625086784363,11.537080931009976
186.49825263023376,11.537459169030736
186.50024819374084,11.537842549598539
186.54024934768677,11.538254482630187
186.75127267837524,11.538691754752548
186.75230836868286,11.53916611760847
186.7533402442932,11.539693851919363
186.7543306350708,11.540299604664558
186.7886998653412,11.541015470648945
186.99299240112305,11.541875065386261
186.99599361419678,11.542900767916317
186.99799394607544,11.544114328645346
187.00099110603333,11.545527341804785
187.03998923301697,11.547132814197631
187.29305481910706,11.548930022299698
187.296053647995,11.550924175388273
187.29805302619934,11.553105067146392
187.30105471611023,11.555466350232525
187.30305886268616,11.558001764026665
187.34105324745178,11.560690256643282
187.64296579360962,11.563514117161715
187.6449635028839,11.56644772734191
187.6470468044281,11.569468711698969
187.6491858959198,11.572562421135641
187.6502025127411,11.575702826935526
187.6517140865326,11.578888719291761
187.68895292282104,11.582100180284465
187.90351581573486,11.58531947178068
187.90555238723755,11.58852404355228
187.90744757652283,11.591693467451552
187.90844631195068,11.594813918646427
188.09399580955505,11.597860365369925
188.09599614143372,11.600815501327048
188.09899735450745,11.603665987671816
188.10099411010742,11.606398603379915
188.14106726646423,11.608997027899214
188.3431990146637,11.611436806101674
188.34419989585876,11.613730110187767
188.34519600868225,11.615863775970551
188.34619641304016,11.617860965944562
188.39120078086853,11.619729169868362
188.44019961357117,11.62147999837268
188.69334053993225,11.62314640058636
188.69533848762512,11.624730498521478
188.69833970069885,11.626267581906836
188.700341463089,11.627775027677266
188.70234417915344,11.629250474405676
188.74134945869446,11.630705103890488
188.95715522766113,11.63215116455667
188.95915460586548,11.633599698624064
188.96025896072388,11.635070926713489
188.96221041679382,11.636563914820877
188.99216151237488,11.638104907353922
189.04015278816223,11.63972371134412
189.2416214942932,11.641448384345676
189.24261450767517,11.64329578920058
189.24459767341614,11.645275445575471
189.24662280082703,11.647407603439758
189.28952431678772,11.649697987680163
189.49025797843933,11.652163434761572
189.4912645816803,11.654818510072065
189.49225425720215,11.657639829263504
189.4932518005371,11.660620400748112
189.74195790290833,11.663742461234664
189.74398183822632,11.66700589129872
189.74595952033997,11.670398050394214
189.74696016311646,11.673930602873716
189.7478859424591,11.677580651451457
190.00002360343933,11.681339159616922
190.00120496749878,11.6851857707507
190.00244164466858,11.689106213845236
190.00345373153687,11.693098169635395
190.00445675849915,11.697145179922614
190.19105553627014,11.701233401884151
190.19304370880127,11.705344618693513
190.19405031204224,11.709462563037828
190.19405031204224,11.71357143025734
190.23905515670776,11.717657531664864
190.39329433441162,11.721711332064832
190.39429569244385,11.725714134008602
190.39629673957825,11.729656813192209
190.43983054161072,11.733534658437046
190.64301538467407,11.73733404459443
190.64301538467407,11.741041049876799
190.6441080570221,11.744646840039008
190.64510798454285,11.748139133766442
190.69129538536072,11.751508369435001
190.73782229423523,11.754754996542355
190.9430549144745,11.757876669321384
190.94597673416138,11.760877394668665
190.94806551933289,11.763757372998928
190.94997811317444,11.766519674711702
191.20021867752075,11.76916805040118
191.20121788978577,11.771711608811797
191.20221614837646,11.774159818784177
191.20321440696716,11.776520071624768
191.20421648025513,11.778801121605886
191.39262413978577,11.781011405946483
191.39564394950867,11.78316257508993
191.39864659309387,11.785271086089397
191.4006471633911,11.787356106783868
191.64178800582886,11.789439220919832
191.6427822113037,11.791544639597923
191.64378380775452,11.793698734217958
191.6457860469818,11.795930451510225
191.646790266037,11.798272580449664
191.6902346611023,11.800767059842547
191.89289164543152,11.80344946314072
191.89488005638123,11.806363079635007
191.8978977203369,11.809537916255156
191.89988660812378,11.812997209968833
191.9389750957489,11.816747543817138
192.14376068115234,11.820788834674527
192.14668536186218,11.825112989806891
192.14870238304138,11.829706398712267
192.1509337425232,11.834556299415569
192.18946647644043,11.839638655053017
192.40637397766113,11.844924492178626
192.40837240219116,11.850384401908439
192.4093735218048,11.85597078439679
192.41037154197693,11.86162323117599
192.4421410560608,11.867299215547867
192.69088673591614,11.872967838886934
192.6928870677948,11.878604707328183
192.6948847770691,11.88418786390506
192.69588494300842,11.889697676479301
192.69788360595703,11.89511390963776
192.73797011375427,11.900426191455796
192.89200115203857,11.905632907091354
192.8959493637085,11.910728933208889
192.89795541763306,11.915713801352986
192.9393117427826,11.9205770637157
193.14397859573364,11.925314160160987
193.14697694778442,11.929918459726792
193.1499719619751,11.934394185250378
193.1519796848297,11.938735316083633
193.19022822380066,11.942932813184571
193.39336609840393,11.94697257486275
193.3953628540039,11.950867141332063
193.39636611938477,11.954600788260207
193.398362159729,11.958178390428547
193.44756484031677,11.961602705715647
193.6432957649231,11.96488693181831
193.64529180526733,11.968047245231196
193.6473023891449,11.971079842364505
193.6502935886383,11.97399574716673
193.68973302841187,11.976801103171713
193.89132118225098,11.97950085767189
193.89230966567993,11.982096647209971
193.8933093547821,11.984596948636774
193.8933093547821,11.987008359185861
193.9393274784088,11.989350774981068
194.18949031829834,11.99164069176332
194.18949031829834,11.993895308662236
194.19053769111633,11.996138252294676
194.191490650177,11.998381179022042
194.191490650177,12.00065298836046
194.441335439682,12.002977720978217
194.4423291683197,12.005360160389603
194.44332838058472,12.007818292074203
194.44432759284973,12.010364470685898
194.44432759284973,12.013003557394292
194.6911883354187,12.015743381457101
194.6921808719635,12.018582793212573
194.6931779384613,12.02153701300284
194.6931779384613,12.024606966751708
194.69418692588806,12.027798669168847
194.89318776130676,12.031127037095205
194.89423537254333,12.034585165773317
194.89423537254333,12.038161008409437
194.89567351341248,12.041844825974708
194.93951082229614,12.045605137671911
194.98744559288025,12.049422304502004
195.18891263008118,12.05327817322145
195.18990659713745,12.05714271245773
195.19090676307678,12.060974385237257
195.19090676307678,12.064748254810791
195.4415102005005,12.068424974408428
195.44450974464417,12.071980767973576
195.44992661476135,12.075390214993904
195.45295119285583,12.078632867697705
195.4559507369995,12.081691569010147
195.68957495689392,12.084556105628595
195.69354724884033,12.087217239445287
195.69454908370972,12.089665779130353
195.69654750823975,12.091887810779937
195.69754791259766,12.093869765927531
195.8922438621521,12.095599943827724
195.8932445049286,12.097060601223584
195.8932445049286,12.098250674445291
195.8942437171936,12.099180130834876
195.93824362754822,12.099862278177811
196.19119668006897,12.100306857973585
196.19223880767822,12.100521422350152
196.19319248199463,12.100510020162702
196.19427490234375,12.100282755325376
196.19527411460876,12.09985254281145
196.23732662200928,12.099233997836057
196.44108033180237,12.09844226081222
196.44415521621704,12.09749447991433
196.4461476802826,12.096395250120455
196.44808149337769,12.095148284136018
196.64299368858337,12.09375665580722
196.64599108695984,12.092231416914734
196.64798736572266,12.090592659803825
196.65098571777344,12.088873305016556
196.68937587738037,12.087111238261063
196.89903903007507,12.085349971998664
196.89903903007507,12.083637768284518
196.9000382423401,12.082012989958427
196.9000382423401,12.080508316269674
196.9401831626892,12.079147171063031
197.14266681671143,12.077956801406476
197.14366555213928,12.076958020760907
197.14566612243652,12.076167679637908
197.1466715335846,12.075585828990917
197.18871593475342,12.075195916865502
197.39275193214417,12.074976179406095
197.39551639556885,12.074895172835618
197.3976068496704,12.07491208853757
197.40053963661194,12.074993473882516
197.43883419036865,12.075107092676916
197.64211916923523,12.07521098338713
197.64421439170837,12.075273413371463
197.64711999893188,12.075261722052154
197.65011930465698,12.07514377333561
197.89143991470337,12.074892522176151
197.89243960380554,12.074480015074148
197.8944435119629,12.073891776786926
197.895441532135,12.073120945801012
197.89644408226013,12.072158567089058
198.10140419006348,12.071008469162074
198.10340428352356,12.069652472389867
198.10540390014648,12.068086915348843
198.10740518569946,12.066298099525802
198.2911660671234,12.06427762929232
198.29216599464417,12.062021853364252
198.29416918754578,12.059523204561762
198.295170545578,12.056781667224332
198.33787035942078,12.053794880362258
198.54196953773499,12.05057141237698
198.5449035167694,12.047119741031242
198.54697823524475,12.043428913753846
198.54990339279175,12.039507252867788
198.58908486366272,12.035362606785082
198.74392294883728,12.031005415562591
198.74592471122742,12.026449753338882
198.74899697303772,12.021711968322656
198.79099559783936,12.016823883497045
198.9919753074646,12.01182158660958
198.99298548698425,12.006737946497125
198.99397611618042,12.001593281088335
198.9948992729187,11.996416934093364
199.04033875465393,11.991236135613155
199.2465751171112,11.986091817859977
199.24857711791992,11.981022342515491
199.24857711791992,11.97605298926323
199.2495777606964,11.971215501874152
199.44513082504272,11.966521283296743
199.44611597061157,11.961971834283625
199.44841289520264,11.957584411274015
199.45041728019714,11.953372418866717
199.49078035354614,11.94934740925372
199.692209482193,11.945522618705612
199.6948835849762,11.941915044021759
199.6969165802002,11.938514726161051
199.6988422870636,11.935316230810894
199.89310431480408,11.932307435936995
199.89563059806824,11.92946762056446
199.89763188362122,11.926771865058047
199.90056467056274,11.92419690986272
199.9406704902649,11.921728253868979
200.1415457725525,11.919343000483122
200.14401984214783,11.917010758804485
200.146954536438,11.914708230048138
200.1489531993866,11.912403974935248
200.40149879455566,11.910086078822772
200.40349555015564,11.907744740107702
200.40449929237366,11.905367365336742
200.4054980278015,11.902939739657276
200.40754222869873,11.9004461151773
200.43961024284363,11.897860349326411
200.64113807678223,11.895170996604469
200.64214324951172,11.892374110397377
200.64315223693848,11.889469202609616
200.6441514492035,11.886446731612764
200.89197874069214,11.883308095075071
200.89456939697266,11.880045927707089
200.89657020568848,11.87666152202869
200.89856815338135,11.873150111815539
200.9015076160431,11.869511890667336
201.09330677986145,11.865746730423231
201.0953049659729,11.86185487989789
201.0973060131073,11.857837746945096
201.10030817985535,11.853701601402445
201.34126210212708,11.849444361627759
201.34318661689758,11.845073568020643
201.34518432617188,11.840604779616417
201.34725522994995,11.836049100685209
201.34919118881226,11.831416602741541
201.54917669296265,11.826709692463016
201.5511133670807,11.82193580925866
201.55318093299866,11.817111165280547
201.55443859100342,11.812274717660786
201.59053874015808,11.807467368991961
201.79134917259216,11.802739231144095
201.79433941841125,11.798143071153131
201.7963399887085,11.793722196999031
201.79834294319153,11.789525028819847
202.04167318344116,11.78558074047294
202.043683052063,11.781918139186704
202.0466718673706,11.77856132381949
202.0486762523651,11.775529564785973
202.05067658424377,11.772835288966524
202.24414372444153,11.770479050704715
202.2461428642273,11.76843874381763
202.24814200401306,11.766707457838269
202.25114250183105,11.765238111215856
202.2909758090973,11.764002702445717
202.49331879615784,11.762978501260081
202.49524068832397,11.762147517894682
202.49844479560852,11.76147527144353
202.50044345855713,11.760926548481903
202.70760226249695,11.76048283317392
202.71059489250183,11.760119664988762
202.71258854866028,11.759800850423543
202.7155900001526,11.759497994912888
202.74134993553162,11.759180131311558
202.94348621368408,11.758843710831297
202.9464819431305,11.758455733505691
202.9484841823578,11.7580099797848
202.95141768455505,11.75749424736081
202.99041104316711,11.756910368814317
203.03926968574524,11.756277460675326
203.24257636070251,11.755575796824324
203.24457597732544,11.754783869199263
203.24764776229858,11.753945893866788
203.24957418441772,11.75305390392232
203.28950476646423,11.752124472336696
203.49300813674927,11.751145739812824
203.4959421157837,11.750107570731645
203.49855947494507,11.748978440837442
203.50048780441284,11.747772754028269
203.53948783874512,11.746502851771801
203.752126455307,11.745147376976467
203.752126455307,11.743704888722501
203.75312566757202,11.742167624665305
203.7541253566742,11.740567709818883
203.79101634025574,11.738889356774637
203.99280428886414,11.737175405128003
203.99489331245422,11.735357237965554
203.99679923057556,11.733522332530953
203.99779987335205,11.731686827760512
204.24224996566772,11.729875175514067
204.24514532089233,11.728121930117352
204.24713969230652,11.726457888173524
204.25007247924805,11.724906273184649
204.25210237503052,11.723505257028341
204.49243307113647,11.722264496255342
204.49543499946594,11.721220117095728
204.49843573570251,11.720384089149562
204.50042700767517,11.719773501793215
204.50342988967896,11.719380017130764
204.53875255584717,11.719168982396864
204.74135971069336,11.719127575725773
204.74235773086548,11.71925360147567
204.74335646629333,11.719573510966912
204.74435806274414,11.720079215963397
205.0086166858673,11.720732285578386
205.01162981987,11.72153453830773
205.01461696624756,11.722448995724594
205.01754713058472,11.723449961163036
205.02054238319397,11.724548693289536
205.1938979625702,11.725736426229126
205.19589829444885,11.726988243701792
205.19789743423462,11.728287164440253
205.2008979320526,11.729619586944821
205.23933601379395,11.730983696388945
205.44249939918518,11.732351611172641
205.4444968700409,11.733710676989972
205.44776225090027,11.735058617076254
205.44875836372375,11.736405914119423
205.48816347122192,11.7377268932874
205.69449710845947,11.73897808452534
205.69850373268127,11.740153018698853
205.70050239562988,11.741229182546272
205.70349645614624,11.74220461752177
205.7396399974823,11.74306737654558
205.94316911697388,11.74384032006988
205.9440953731537,11.744503785366978
205.94509315490723,11.745048559075462
205.94609189033508,11.74545161192769
205.98998403549194,11.74573489469013
206.20097017288208,11.745882106672607
206.20290160179138,11.745923367914076
206.20600152015686,11.745876632355001
206.20837354660034,11.745690684079406
206.39432525634766,11.74540474445932
206.39639568328857,11.74501774057608
206.3994016647339,11.744530419977963
206.40132021903992,11.74397050809605
206.44098377227783,11.743330495575517
206.6436321735382,11.742626325047365
206.64565300941467,11.741864389404977
206.6487843990326,11.74101487287971
206.65178728103638,11.740132086756178
206.68778467178345,11.739229856476406
206.89106392860413,11.738324353043497
206.8946189880371,11.737489370475199
206.89661717414856,11.736769508433243
206.8996138572693,11.736200620675087
207.09420442581177,11.735813892648409
207.0967652797699,11.735654544659594
207.09975862503052,11.735714087774
207.10177159309387,11.736007423421247
207.14037466049194,11.736550709779612
207.3502757549286,11.737353838809002
207.3512830734253,11.738396437954586
207.35327339172363,11.73968103807104
207.3542766571045,11.741182240780645
207.3906922340393,11.742878385740289
207.593736410141,11.744744775831434
207.59570956230164,11.746745355222192
207.59870767593384,11.748869499078694
207.60064363479614,11.751089692851526
207.6406593322754,11.753374568506002
207.84272003173828,11.755720588761335
207.84581398963928,11.758096769415125
207.84730744361877,11.760474153119798
207.85023546218872,11.762828032740877
207.88828706741333,11.765132255088819
208.0917513370514,11.767370183975121
208.09475541114807,11.769522556648653
208.0967583656311,11.771570196835704
208.099689245224,11.773488846420127
208.13871216773987,11.775262664539888
208.34168434143066,11.776891634721354
208.34368705749512,11.77836178884958
208.34505677223206,11.779679122770798
208.3460714817047,11.780854130975515
208.3987843990326,11.78189618518828
208.59352660179138,11.782828238403283
208.59552645683289,11.783656309426885
208.59824299812317,11.784395398218855
208.60024285316467,11.78505383547021
208.84148597717285,11.78564089211314
208.84448766708374,11.78616948866737
208.84649062156677,11.786650749005222
208.8493893146515,11.787095408153322
208.85139298439026,11.787501569971246
209.0443150997162,11.78787387666448
209.04630851745605,11.788215083334407
209.04924368858337,11.788531205026269
209.05123829841614,11.788832733813315
209.09035897254944,11.789144035019891
209.29293966293335,11.789491727400598
209.29596328735352,11.789901901294025
209.29796242713928,11.79040218095267
209.29996156692505,11.791024138734883
209.5042600631714,11.791784268228403
209.50725865364075,11.792706692047483
209.50919127464294,11.793804005443699
209.5122730731964,11.795076627316945
209.5398349761963,11.796529258841058
209.74343848228455,11.798163426803741
209.7464416027069,11.799984627482141
209.74843502044678,11.80198723050623
209.75143098831177,11.804166298964777
209.7886905670166,11.806511027057308
209.9922206401825,11.809008948082758
209.9932222366333,11.811650950504724
209.99422001838684,11.814408652331027
209.99522066116333,11.817258154887352
210.0391788482666,11.820180134277221
210.2420299053192,11.823151588716492
210.24404954910278,11.826146190324613
210.2470452785492,11.829142649001447
210.2484836578369,11.832119250396353
210.28912496566772,11.835067101863114
210.49383902549744,11.837980513267986
210.49576950073242,11.840843737312884
210.4990086555481,11.843639322204446
210.50092911720276,11.846355538839333
210.5469343662262,11.84896934571153
210.79197311401367,11.851465094964704
210.794047832489,11.853823843717652
210.79617166519165,11.856038572797639
210.7988817691803,11.85809530492891
210.80159425735474,11.859994184725831
210.99353551864624,11.861730676099658
210.99614644050598,11.863301182328955
210.99813508987427,11.864707537431373
211.00120735168457,11.865950688046286
211.03956651687622,11.867036813345166
211.24069261550903,11.867968573074602
211.2426574230194,11.868752832151177
211.2446928024292,11.86939738816758
211.24562048912048,11.869909874539914
211.44356441497803,11.870302736141527
211.4465720653534,11.870589789286822
211.44823145866394,11.870786681925718
211.45115542411804,11.870905239620983
211.49133443832397,11.870952576318226
211.701242685318,11.870938133736253
211.701242685318,11.87087238460912
211.7021622657776,11.870776588745542
211.70417022705078,11.870673950326456
211.73973536491394,11.870596749684438
211.9422528743744,11.870583296918086
211.94425249099731,11.870674991749814
211.9462547302246,11.870911834795747
211.947256565094,11.87133224702379
211.98955392837524,11.871960349964477
212.14432191848755,11.872818884021184
212.1473207473755,11.873938006013077
212.14931416511536,11.875336302272238
212.19061374664307,11.877018443986554
212.2389371395111,11.878988702312796
212.44200158119202,11.88123336680736
212.4440050125122,11.883721003598042
212.44699692726135,11.886424986177005
212.44899725914001,11.88930612622388
212.69175481796265,11.892326507831648
212.6947512626648,11.895461262488359
212.69674921035767,11.898659093356548
212.69874739646912,11.901882020599523
212.70174980163574,11.90507105479021
212.9488344192505,11.908215601328108
212.94984555244446,11.911275871944401
212.95300221443176,11.914242172261128
212.95560956001282,11.917121056605826
212.95730233192444,11.919876496699901
213.14424085617065,11.922500197050153
213.14623999595642,11.925004046376623
213.14823961257935,11.927364198528984
213.1512405872345,11.929570969288331
213.18843150138855,11.931631531867348
213.3444061279297,11.93350260911565
213.34749269485474,11.935209080405018
213.3494794368744,11.936750675943273
213.39140486717224,11.93812859574466
213.43926787376404,11.93938616511655
213.64251446723938,11.940478573343995
213.6456000804901,11.941451671133335
213.6485195159912,11.942289581735965
213.65061354637146,11.94302922253538
213.68944191932678,11.94370243973994
213.89163756370544,11.944316666862218
213.89463829994202,11.944857531141906
213.8966338634491,11.945387756343553
213.89963603019714,11.945902351059704
214.1054606437683,11.946443279434478
214.10746359825134,11.947001622999656
214.1094617843628,11.947582032745082
214.11154174804688,11.948150252106172
214.1379964351654,11.948721602522085
214.34273838996887,11.949288630238867
214.34520387649536,11.94988565206262
214.34719967842102,11.950534939278972
214.34820771217346,11.951240422909189
214.59315061569214,11.95199250653181
214.59472107887268,11.952807470955547
214.59546065330505,11.953692416598006
214.59760808944702,11.954661997408598
214.598534822464,11.955744899641315
214.6398730278015,11.956933169117951
214.89083647727966,11.958287873573962
214.89283275604248,11.959775613820995
214.89483618736267,11.961362241158097
214.8968334197998,11.963078641760069
214.89783334732056,11.964937428803225
214.93949723243713,11.966920182474915
215.1572971343994,11.969047179090104
215.15930128097534,11.971310142944779
215.1623020172119,11.973677778908245
215.1653094291687,11.976150646833954
215.18860816955566,11.978660763652064
215.39347505569458,11.981208996459419
215.3954746723175,11.983781341270166
215.39747524261475,11.986355628687667
215.39952564239502,11.988897622616687
215.4395878314972,11.991406748899443
215.6405007839203,11.993860845344612
215.64149570465088,11.996185141933369
215.64149570465088,11.998410211506375
215.64249420166016,12.000498027497423
215.68766593933105,12.002436174308889
215.89156651496887,12.004259870478315
215.89256238937378,12.005906019299069
215.89335131645203,12.007377081671448
215.89541792869568,12.0086583106708
215.93968200683594,12.009731906423589
216.0941457748413,12.010612127019497
216.09606385231018,12.0113216223575
216.09806299209595,12.011852168542218
216.14085721969604,12.012195843969625
216.3494610786438,12.012413296062993
216.3514883518219,12.012455443244203
216.3524661064148,12.012338398039025
216.35346364974976,12.01208166173648
216.3902232646942,12.011717212444418
216.59200859069824,12.011206143637903
216.59469318389893,12.01059557750524
216.59771466255188,12.009929730601922
216.60027170181274,12.009121656650112
216.8413369655609,12.00821721010152
216.84431743621826,12.00721658739643
216.84639310836792,12.006169932352728
216.8495442867279,12.005115111672124
216.8518307209015,12.004112888292047
217.04358553886414,12.003179758886578
217.045973777771,12.002305472629233
217.04792380332947,12.001541325068189
217.05090522766113,12.000950432278433
217.089848279953,12.000611579280449
217.29390954971313,12.000492307774685
217.29691290855408,12.000631834853328
217.29890823364258,12.001040291694373
217.30091261863708,12.001709653149714
217.3411946296692,12.002636477172315
217.55078387260437,12.003775803189557
217.55178356170654,12.005104526960316
217.55383253097534,12.006589287169064
217.55579805374146,12.00817105231407
217.7928237915039,12.009824644335765
217.79483199119568,12.011513177990384
217.79683303833008,12.013141143131781
217.7987515926361,12.014630914376824
217.80175304412842,12.015986600742822
217.9931263923645,12.017276691885757
217.99505043029785,12.01846090119466
217.99706602096558,12.019504829790415
217.99905490875244,12.020274167876822
218.0412404537201,12.020846492402487
218.24296736717224,12.021257331272754
218.24496722221375,12.021461473592971
218.24896812438965,12.021452371180827
218.2519702911377,12.021211802657554
218.2882273197174,12.020725643738853
218.4916970729828,12.0199812643289
218.49369549751282,12.018957889071327
218.49570155143738,12.01767104571918
218.49712991714478,12.016099149850886
218.70407605171204,12.01426240857642
218.70509433746338,12.012129046456982
218.70608592033386,12.00972666237713
218.7070882320404,12.007060852776588
218.7409908771515,12.004144978925206
218.94339728355408,12.000943187281287
218.9453911781311,11.997511431157722
218.94739389419556,11.993865249397162
218.9505910873413,11.99006030221365
218.99038410186768,11.986162417920125
219.19278287887573,11.982190038450687
219.19479155540466,11.978200393058986
219.19778084754944,11.974225154505342
219.19971346855164,11.970304706732238
219.44296026229858,11.966464900562467
219.445955991745,11.962725809020206
219.44695615768433,11.959170100632077
219.44995713233948,11.955786121633867
219.45195388793945,11.952621629585462
219.49003410339355,11.949696433886942
219.69260668754578,11.947037666443386
219.693608045578,11.94466147964738
219.6942915916443,11.942493513726081
219.69530129432678,11.940523230565272
219.7470235824585,11.93873121435096
219.9442036151886,11.937111701384953
219.94619727134705,11.935634855096117
219.9482011795044,11.93429352604878
219.95027685165405,11.933074700875352
219.9901192188263,11.931964225483423
220.19338083267212,11.930931547848143
220.19538187980652,11.929935533520988
220.19739031791687,11.928960424701993
220.2003836631775,11.927989395267243
220.24138236045837,11.927008967821102
220.49184274673462,11.926007773568287
220.49463319778442,11.924954265560444
220.496319770813,11.923826256194644
220.4996120929718,11.922607479753381
220.50224089622498,11.921275556461088
220.74149298667908,11.919811058373883
220.74348998069763,11.91820965139384
220.74649047851562,11.916456400248236
220.75748538970947,11.914546117855776
220.75949215888977,11.912472369517321
220.7885386943817,11.91023080798653
220.99240636825562,11.907809245334821
220.9943127632141,11.905213072321905
220.99631214141846,11.90244379099799
220.99831581115723,11.899512661003929
221.03912687301636,11.896427363891878
221.24240064620972,11.893199352850399
221.24373865127563,11.889831166129307
221.2457993030548,11.88633043724858
221.24779438972473,11.882706422412523
221.49142336845398,11.878973272756244
221.4934229850769,11.875140344784064
221.49677801132202,11.871213998453596
221.49870443344116,11.867181688809442
221.50170493125916,11.863013953178257
221.69403743743896,11.858690754931816
221.69701981544495,11.854207153452238
221.69903779029846,11.849578839941987
221.70148825645447,11.844829065738601
221.7402582168579,11.839989048254608
221.95220160484314,11.835090319345142
221.95520162582397,11.83017406632151
221.95820093154907,11.825284853878431
221.96128749847412,11.820477786144775
221.98881006240845,11.815797295981623
222.19354820251465,11.81128884830804
222.19661808013916,11.806989231898337
222.19797778129578,11.802933828259022
222.1993637084961,11.799144706741279
222.23969626426697,11.795638005056905
222.49187469482422,11.792425932538222
222.4948694705963,11.789507914220957
222.49739623069763,11.786880676435043
222.49971461296082,11.784528099137999
222.50171780586243,11.78242600416313
222.5378017425537,11.78054537968122
222.7431755065918,11.778844925743645
222.74617552757263,11.77728940954745
222.74917650222778,11.775835220651617
222.75117802619934,11.77444570394096
222.78964352607727,11.77307931616058
222.99702763557434,11.771707937227404
222.99802827835083,11.77031485107302
222.99902820587158,11.768879497510888
222.99902820587158,11.767394078663987
223.03984236717224,11.765850276174357
223.24351334571838,11.76422951501323
223.24551248550415,11.762521847895956
223.24751448631287,11.76071234584997
223.25051474571228,11.75880034708278
223.29239749908447,11.756778038607814
223.33916473388672,11.75464887296802
223.5413637161255,11.752410963587138
223.54436540603638,11.750068200763955
223.54636454582214,11.747620400964806
223.5483694076538,11.745076154407325
223.58894753456116,11.742436702667831
223.74228596687317,11.739714360126063
223.74428796768188,11.736898795927823
223.74635815620422,11.73399250121095
223.79012250900269,11.730987808949964
223.99375319480896,11.727889466435856
223.99575519561768,11.724696796706231
224.00975513458252,11.721421954757682
224.01075673103333,11.718093490266309
224.24376273155212,11.714746845697409
224.2476668357849,11.711399964097618
224.2516655921936,11.708091113404214
224.25467014312744,11.704850609481854
224.25766682624817,11.701699664078948
224.29075622558594,11.698682110583698
224.49063873291016,11.695798418336677
224.49163794517517,11.693078566011868
224.49372816085815,11.690523937934165
224.49471473693848,11.688113068488216
224.7420153617859,11.685852949534823
224.7440149784088,11.683734640396988
224.74701523780823,11.68176614386981
224.74901628494263,11.679958795387847
224.7515470981598,11.67832567945463
224.78806495666504,11.676862555322796
224.9918155670166,11.67558003432299
224.99380207061768,11.674466911584908
224.99680495262146,11.673525774089875
224.99980092048645,11.672769322152815
225.2500340938568,11.672176884082463
225.2500340938568,11.67174494452669
225.25125122070312,11.671468053341389
225.2522690296173,11.671307305466243
225.2542645931244,11.671233647855274
225.28878664970398,11.671245293183183
225.4918920993805,11.671331879508003
225.4929003715515,11.671462086922242
225.49390149116516,11.67162867809528
225.49489998817444,11.671815395276669
225.5389325618744,11.671994772652091
225.79288959503174,11.67214814196685
225.79589247703552,11.672255304109626
225.79695177078247,11.672307045259226
225.79896926879883,11.672304182069707
225.80088567733765,11.67224635530647
225.9941601753235,11.67213740175254
225.99668335914612,11.671963821057739
225.99968218803406,11.671711578498126
226.00161051750183,11.671380730778873
226.04160594940186,11.670933542094316
226.2978959083557,11.670400408787192
226.2978959083557,11.669778908686835
226.29887700080872,11.669052028138822
226.29887700080872,11.668222178026724
226.29987621307373,11.667323209140092
226.49321460723877,11.666348575523742
226.49421191215515,11.665320865257023
226.49552416801453,11.66424990452121
226.49653840065002,11.663149595927598
226.54070687294006,11.662026612833014
226.7425935268402,11.660901859910672
226.74559926986694,11.659799383029917
226.74859523773193,11.65871844789387
226.7505979537964,11.657680613016769
226.78873586654663,11.656693624229492
227.04243516921997,11.655798797622461
227.0445101261139,11.65500593112522
227.0465099811554,11.654342070423859
227.04944109916687,11.65385974053732
227.0514395236969,11.653588285244783
227.24225068092346,11.653557533865282
227.24324989318848,11.653807705380437
227.2442502975464,11.654349894516596
227.24524903297424,11.655189938195626
227.29018115997314,11.656333085132662
227.50479078292847,11.657754562630208
227.50653314590454,11.659463999404373
227.50916147232056,11.661422889280622
227.51133632659912,11.663608353369776
227.7413890361786,11.666000931026542
227.74487924575806,11.668550893683953
227.74687504768372,11.671242765719823
227.74888038635254,11.674029507424542
227.75187826156616,11.676876989537595
227.78787755966187,11.679759608235862
227.94358825683594,11.68266407475034
227.94659209251404,11.685581452592633
227.9485900402069,11.688476387545801
227.9890263080597,11.69134190993081
228.14397168159485,11.694158702514365
228.14597058296204,11.696925319363736
228.14897298812866,11.69966657202628
228.19174551963806,11.702349530722884
228.43982601165771,11.704969521803802
228.44082474708557,11.7075449471287
228.4418239593506,11.710051430452424
228.4428207874298,11.712487913933225
228.4428207874298,11.714862718204522
228.6561679840088,11.717152276475788
228.65817546844482,11.719384376692568
228.66117215156555,11.72155138933277
228.66417288780212,11.723676233876029
228.68916869163513,11.725743500613618
228.89355492591858,11.727763534454215
228.89555597305298,11.729738015994979
228.89763498306274,11.731672853917615
228.89955759048462,11.733569883244462
229.1418101787567,11.735438270847707
229.14380955696106,11.737271693604404
229.1468095779419,11.7390662187128
229.14881134033203,11.740837559742053
229.1508138179779,11.742583695048122
229.39176845550537,11.744334242261873
229.39476680755615,11.746106199986471
229.39676713943481,11.747923526488623
229.39976382255554,11.74981198096022
229.40176939964294,11.751794089056773
229.43914127349854,11.753896093246304
229.70705199241638,11.75613256763681
229.7101194858551,11.758522297823076
229.71304774284363,11.761074691741145
229.7160427570343,11.763802841461203
229.71804404258728,11.766717465687062
229.73953318595886,11.769824605289156
229.99307799339294,11.773126142138983
229.99507904052734,11.776629351760658
229.99707961082458,11.78034792136956
229.99907994270325,11.784268842075146
230.0010805130005,11.78839137528395
230.03954124450684,11.792696097531135
230.2441120147705,11.797153652119475
230.24635791778564,11.801744483862146
230.2491385936737,11.806445974893075
230.2510666847229,11.811230673979304
230.29041624069214,11.816084741746344
230.49375224113464,11.82099340426571
230.4967725276947,11.825933658803375
230.4987735748291,11.830892562335752
230.50077438354492,11.835849958186348
230.54033994674683,11.84078715283168
230.74925994873047,11.845693627360607
230.75026297569275,11.850554102225042
230.75026297569275,11.855362880125877
230.7513451576233,11.860108037935252
230.99435710906982,11.864782428208134
230.99636030197144,11.869375292781749
230.99942922592163,11.873878277816843
231.00235533714294,11.878281099680976
231.0043568611145,11.882576463067243
231.04180002212524,11.886757633012728
231.24392318725586,11.890822772169049
231.24592518806458,11.894768674766263
231.24793791770935,11.898597320293353
231.25124859809875,11.90231172258098
231.28918027877808,11.905913377047147
231.49282121658325,11.909410172398857
231.49482035636902,11.912801257277872
231.49681973457336,11.916089716660405
231.49882316589355,11.919289202600027
231.54084491729736,11.922400827096125
231.74316120147705,11.92543780496995
231.74516081809998,11.928410232870528
231.747154712677,11.931316005136955
231.75007939338684,11.93416796436837
231.79616522789001,11.936970970757141
231.9923334121704,11.939731763436967
231.99454760551453,11.94247278729813
231.9975461959839,11.945224123684248
231.9995472431183,11.948021604595032
232.03990387916565,11.950913962731759
232.24219584465027,11.95393444596176
232.24520993232727,11.957127084870244
232.24812173843384,11.960505433438708
232.25112175941467,11.964094380694315
232.2884202003479,11.96794037833708
232.49113965034485,11.972043548640242
232.49312043190002,11.976398242008203
232.49513244628906,11.981004504954907
232.49706363677979,11.98585634774504
232.69320273399353,11.990924635900193
232.69513511657715,11.996167415909337
232.69817805290222,12.001557814397733
232.70012855529785,12.00704708483073
232.73912477493286,12.012601323833572
232.95256900787354,12.018158259797282
232.95456194877625,12.02369151462157
232.9575653076172,12.0291649393054
232.9614977836609,12.034539538225065
233.19301414489746,12.039820463648997
233.1950225830078,12.044960995862628
233.19810461997986,12.049962464703473
233.20010232925415,12.054797178864622
233.20310282707214,12.059464587767103
233.2389361858368,12.063946870421038
233.44358277320862,12.068223601949148
233.4465081691742,12.072284373718492
233.44851207733154,12.076107647798493
233.45151138305664,12.079716993930905
233.48950672149658,12.083106333315673
233.693176984787,12.086281862283956
233.6951174736023,12.089254232770392
233.69611930847168,12.09203427097369
233.69811725616455,12.094638980057887
233.74193930625916,12.097092721231155
234.00296425819397,12.099395652740117
234.00589084625244,12.101583302718728
234.0078911781311,12.1036733378655
234.00988912582397,12.105693469766809
234.01188826560974,12.10767081127799
234.04034113883972,12.109588036435166
234.29278373718262,12.111437134897281
234.2957842350006,12.113224495192108
234.29816555976868,12.114963879351748
234.3001630306244,12.116642776375926
234.3022804260254,12.118263998634903
234.33794498443604,12.11982443506388
234.5422329902649,12.121354187015605
234.54523611068726,12.122881421025333
234.54723119735718,12.124419389460307
234.5502278804779,12.126000707459102
234.58833980560303,12.127643241196155
234.7913477420807,12.129381365983527
234.7923493385315,12.131213813095856
234.79334712028503,12.133163858178563
234.79391598701477,12.135219904275342
235.05490040779114,12.137396413499316
235.05690503120422,12.139641351996524
235.059903383255,12.141993014739821
235.06141686439514,12.14440991126787
235.0644326210022,12.146894787517233
235.0912959575653,12.149463353438039
235.2929449081421,12.152071283492306
235.29493713378906,12.154727419389042
235.29804182052612,12.157419857886207
235.30054640769958,12.16007854691407
235.49412488937378,12.16270087705742
235.49612736701965,12.165259611533665
235.49812388420105,12.167684924270315
235.50120759010315,12.170062306250209
235.5406038761139,12.172297180326717
235.79137802124023,12.174389938319498
235.7932960987091,12.176350422014314
235.79429602622986,12.17812914418751
235.79637169837952,12.179781200708032
235.79734826087952,12.181273692047888
235.83825612068176,12.182639230263005
236.0426254272461,12.183850618436288
236.04353737831116,12.18484691869335
236.04470229148865,12.185699781774325
236.04672193527222,12.186348862428371
236.10015630722046,12.186845077895109
236.29145669937134,12.187176385489728
236.29437494277954,12.187350108328884
236.2963752746582,12.187375784323416
236.29937720298767,12.187344687605831
236.49296832084656,12.187259166906344
236.49502182006836,12.187112037145596
236.4970257282257,12.186929924860308
236.5003626346588,12.18669069523489
236.5384328365326,12.186412373802069
236.69476509094238,12.18605014850897
236.69686102867126,12.185582469253028
236.69979214668274,12.184988780462156
236.74061036109924,12.184256313489698
236.94202303886414,12.183432195924484
236.94402241706848,12.182471102365195
236.94610333442688,12.181409823455676
236.94802069664001,12.180302340932057
237.15497970581055,12.179132850800057
237.15697717666626,12.177874182798991
237.15997886657715,12.17659037339013
237.16235995292664,12.175426297459587
237.1907398700714,12.174416449560624
237.44136142730713,12.173627943060762
237.44434070587158,12.173119690503501
237.44634246826172,12.172913286157048
237.44940733909607,12.173030582209035
237.451340675354,12.17345083625201
237.64352679252625,12.174144735643349
237.64552426338196,12.175102682078606
237.6486005783081,12.17633984977779
237.65052771568298,12.177749393420903
237.69116950035095,12.179264167136951
237.89409971237183,12.180808275636469
237.8960988521576,12.182363385123576
237.89879179000854,12.18383203855844
237.9013590812683,12.185202540222019
237.9384355545044,12.186426314764894
238.1419916152954,12.18743415427322
238.1439983844757,12.18823128476766
238.1469943523407,12.188832832629236
238.1496376991272,12.189263154867065
238.2014639377594,12.189483167826285
238.34328842163086,12.189530753480815
238.34534358978271,12.189437285039318
238.3462038040161,12.189151860960026
238.3909571170807,12.188680077453498
238.5940079689026,12.187986594771608
238.59607791900635,12.187108637382961
238.598242521286,12.186022634647157
238.6012396812439,12.184763697925316
238.63920331001282,12.18331736388287
238.84408617019653,12.181671173169347
238.84708714485168,12.179864108813078
238.85008668899536,12.177886782376529
238.8520872592926,12.175727111575643
238.88993644714355,12.173446173837897
239.14098072052002,12.171110413310931
239.14405465126038,12.168737040054486
239.14598274230957,12.166329506372637
239.1489806175232,12.163918118141089
239.15105056762695,12.161534863335401
239.35465908050537,12.159163289511685
239.3566598892212,12.156834881622624
239.35865783691406,12.154630087531451
239.35965752601624,12.152612670662412
239.38983488082886,12.150785467669436
239.59265875816345,12.149247905946186
239.59465956687927,12.148004406271504
239.59671640396118,12.147023903451913
239.59865975379944,12.146285082421402
239.6385622024536,12.145775486012255
239.84082770347595,12.145520867136376
239.84376072883606,12.145543523632796
239.84575605392456,12.145846341678565
239.84775567054749,12.146458872609983
240.04402661323547,12.147262078894048
240.04602360725403,12.14819169554673
240.04910469055176,12.14932145029832
240.05203127861023,12.15063408572188
240.09002661705017,12.15206820243067
240.29292106628418,12.153639347658014
240.2949242591858,12.155343281490158
240.2979667186737,12.15709254622461
240.29996705055237,12.158867459173848
240.3401596546173,12.160628829184553
240.55814123153687,12.162367915980482
240.56061053276062,12.164083945330397
240.56267833709717,12.165732828419939
240.56460404396057,12.167279330798069
240.5894923210144,12.168712951453832
240.74391388893127,12.170006664482539
240.74589323997498,12.171183757512132
240.7488932609558,12.172245774298238
240.79104900360107,12.173179561181607
240.99170184135437,12.173969205703827
240.9937629699707,12.174628378037761
240.99669218063354,12.17513984950229
240.99938035011292,12.175519000237799
241.24282217025757,12.175800945760471
241.24482488632202,12.175914677386865
241.24772191047668,12.175958328493827
241.25031518936157,12.175870457145502
241.25231409072876,12.175628944537516
241.28981375694275,12.175255380000397
241.4927523136139,12.174780811544428
241.49475145339966,12.174225112602018
241.496755361557,12.173574286274517
241.4987449645996,12.172827001141634
241.74893260002136,12.171967461959262
241.7508521080017,12.171011066337668
241.7508521080017,12.169913548842764
241.75185108184814,12.168738778134434
241.7528576850891,12.167498935655015
241.79008030891418,12.166191057529652
241.9928240776062,12.16491725322754
241.99482917785645,12.163655294246123
241.9978244304657,12.162483698897088
241.99982380867004,12.161417294743874
242.03953289985657,12.160452913067598
242.24161458015442,12.159695794766002
242.2446150779724,12.15911410517053
242.24661135673523,12.158761422844341
242.24954295158386,12.158671660063998
242.4421625137329,12.15893817972994
242.4431757926941,12.159557332149872
242.44397449493408,12.160538171509014
242.4449315071106,12.16189443483631
242.49064898490906,12.163552651983009
242.6943986415863,12.16549931965896
242.69633150100708,12.16763628970005
242.69958806037903,12.169910610051792
242.70203518867493,12.172281256550068
242.74111413955688,12.1746692567693
242.9972207546234,12.177010629302794
242.99817371368408,12.179279174321831
242.99917316436768,12.181404806260462
243.0011751651764,12.18338162469996
243.00217604637146,12.185169204972684
243.03880548477173,12.186736654726115
243.24049615859985,12.188043428259613
243.2414948940277,12.189087566827347
243.2414948940277,12.189832381914629
243.24249505996704,12.190304864620453
243.28830194473267,12.190451807757585
243.4421570301056,12.190292840203224
243.44415974617004,12.189828826761294
243.44515800476074,12.189019143324002
243.4894495010376,12.187895237395615
243.69266843795776,12.186437450392184
243.69466876983643,12.184647815254243
243.69666838645935,12.182530418522242
243.6976728439331,12.180101301693767
243.73922514915466,12.177346295709356
243.94264364242554,12.174272669809758
243.9456467628479,12.170891663135437
243.94764757156372,12.167224838486426
243.9496443271637,12.163256260559226
243.98989462852478,12.159034267528735
244.20233941078186,12.154588872581277
244.20333743095398,12.149952245153305
244.2043378353119,12.145196025365331
244.2043378353119,12.140331039137166
244.23874473571777,12.135387592615917
244.4911367893219,12.1303929241479
244.49313068389893,12.125353613287768
244.49506092071533,12.120276189237359
244.49705624580383,12.115142699207619
244.49905514717102,12.109605740892095
244.69356417655945,12.103750695070751
244.6955828666687,12.097925985260796
244.69763779640198,12.09222401402937
244.69858527183533,12.086655766308702
244.74069499969482,12.081251688837046
244.94234704971313,12.076031866021987
244.94434905052185,12.07098834980965
244.94634795188904,12.066081211027464
244.9483504295349,12.061346734488238
244.989399433136,12.056738342230119
245.19209003448486,12.052240942374766
245.195086479187,12.047824103201586
245.19709086418152,12.043454525585
245.19987320899963,12.039083737450296
245.50109362602234,12.03467642305559
245.50409412384033,12.030207967015933
245.5060293674469,12.025665594162318
245.50802898406982,12.021031022301628
245.51002764701843,12.01627444904392
245.5130271911621,12.011354845741801
245.7416913509369,12.006242154966353
245.74461555480957,12.0008976299563
245.7466163635254,11.995314080859625
245.7496166229248,11.989486757276886
245.75172019004822,11.983401627094274
245.94230771064758,11.977052396951544
245.9433078765869,11.97043959803182
245.94430947303772,11.963552246578127
245.94430947303772,11.956384501617292
245.98930764198303,11.94893602847417
246.19082736968994,11.941212023731469
246.19182682037354,11.933215320874162
246.19283199310303,11.924960815773568
246.19383192062378,11.916462601467105
246.44126725196838,11.9077269248628
246.44226908683777,11.898776783102448
246.44326663017273,11.889647801047849
246.44426774978638,11.880366995483644
246.4452667236328,11.870926632782762
246.65349173545837,11.86130784261283
246.65592408180237,11.851504328916546
246.65892672538757,11.84150285544715
246.66157722473145,11.831329198060871
246.69094824790955,11.821032514346344
246.8924024105072,11.810646823911153
246.89562678337097,11.800224439468558
246.89770436286926,11.78981175778701
246.8998601436615,11.779437691016119
246.9395718574524,11.76913939457426
247.1432294845581,11.758920666478193
247.14615154266357,11.748844339034505
247.1485652923584,11.73894561309964
247.1513433456421,11.72923381540401
247.1893060207367,11.719715351027606
247.3920304775238,11.710397411500535
247.3950355052948,11.701293242993124
247.3974826335907,11.692401094922126
247.39950609207153,11.68378219144701
247.59406447410583,11.675234685125272
247.59637475013733,11.666782350470756
247.59864830970764,11.658401223677586
247.600647687912,11.650069733043603
247.64050459861755,11.641820013875131
247.85275101661682,11.633557326160057
247.85477352142334,11.62521107700901
247.85675024986267,11.616747493408049
247.85774636268616,11.608145005707804
247.8900363445282,11.59940305649524
248.09147834777832,11.590531506587066
248.09247851371765,11.581523436397914
248.09347891807556,11.572405671630094
248.09448409080505,11.5631978594602
248.13965487480164,11.553908701024008
248.34250116348267,11.544506969018759
248.3448989391327,11.53505084537567
248.3469696044922,11.525462819096512
248.3498318195343,11.515721439631434
248.38827633857727,11.505872072395395
248.59326839447021,11.49594959138009
248.59526920318604,11.4860287303186
248.59825992584229,11.476075654004555
248.6002676486969,11.466097068843272
248.63964939117432,11.456140705844685
248.84073138237,11.446262017190195
248.84265565872192,11.436497182337142
248.8436563014984,11.426771879198084
248.8443374633789,11.417107309168657
249.1019217967987,11.407513566836998
249.103928565979,11.39800303684565
249.10685181617737,11.388520717225905
249.1088523864746,11.37904312015902
249.11085557937622,11.369590242469432
249.13820958137512,11.360169917348424
249.34152841567993,11.35084608432108
249.34452724456787,11.341656257615279
249.34652304649353,11.332573378834537
249.3485209941864,11.323664496287538
249.54430723190308,11.315006730384289
249.54737639427185,11.306516296236197
249.54930996894836,11.298221880016968
249.55130624771118,11.29000570817224
249.5903058052063,11.282054872632884
249.79410600662231,11.274321978326725
249.79718136787415,11.26670701304209
249.79917669296265,11.25912616237473
249.80110621452332,11.25160821309863
249.83976912498474,11.244147332004388
250.0408434867859,11.236804556965762
250.04184103012085,11.229531059632418
250.04384303092957,11.222352142857192
250.0448431968689,11.215123179297242
250.0891182422638,11.20788336960413
250.24809169769287,11.200618239970542
250.24910497665405,11.19343593163968
250.25010895729065,11.186405014626986
250.28920912742615,11.179672531856854
250.49249243736267,11.173277320626028
250.49590182304382,11.16715639908279
250.4978997707367,11.161261119586436
250.50090193748474,11.155587439778136
250.5402762889862,11.150148147953093
250.74206376075745,11.14496999243967
250.74406504631042,11.140007809448559
250.74606466293335,11.135296990289913
250.74906468391418,11.130999588133001
251.04236006736755,11.12697931287519
251.04429006576538,11.12307547650668
251.04791069030762,11.119346446193388
251.04932522773743,11.115883663000693
251.05202960968018,11.11274761394632
251.05488348007202,11.109960434131063
251.24260210990906,11.107618850906071
251.24459862709045,11.105885545000968
251.2466025352478,11.104409664515863
251.26049733161926,11.103138617841786
251.49125623703003,11.101891829997106
251.4932403564453,11.100639852123578
251.4961724281311,11.099516334308552
251.4986753463745,11.098501303875858
251.50067234039307,11.097646579241031
251.6930947303772,11.096983696654119
251.69509029388428,11.096415098333638
251.69745922088623,11.095961519379207
251.70038771629333,11.09551430229365
251.94084286689758,11.095047794201193
251.94084286689758,11.09453787594597
251.9424512386322,11.094044738288977
251.94345474243164,11.093471209142152
251.94646692276,11.09323996736766
251.98846530914307,11.093006613214628
252.1921510696411,11.092771495421227
252.1961693763733,11.092637545707655
252.19803833961487,11.092573065095074
252.20105504989624,11.092610123904105
252.40633726119995,11.092508941531666
252.40940880775452,11.092336450728205
252.41135668754578,11.092199565394452
252.41335916519165,11.09202042910047
252.43942785263062,11.091867639695216
252.6429979801178,11.091790293170963
252.6439926624298,11.091572970521137
252.64499878883362,11.09129863839621
252.64600682258606,11.090945970404164
252.69013833999634,11.0903623478279
252.89335799217224,11.08967952778466
252.89529752731323,11.088917541939198
252.89734268188477,11.088043355105967
252.90034461021423,11.087176510851142
252.93973755836487,11.08626379452295
253.14418625831604,11.085298288736645
253.14611411094666,11.084413065489333
253.14938879013062,11.083567281840116
253.15238857269287,11.08270620784312
253.18914103507996,11.08184002179029
253.39243865013123,11.081009377001891
253.3944993019104,11.080295341430503
253.39751172065735,11.079712377551903
253.4003415107727,11.079241231770473
253.44608330726624,11.078979850277445
253.64203476905823,11.078962223066604
253.64523220062256,11.079224202630101
253.64828824996948,11.079792053347386
253.65061616897583,11.080619422599385
253.68849062919617,11.08171885275706
253.8430163860321,11.083020057382052
253.8459460735321,11.084575211812574
253.8479483127594,11.086375359211821
253.89005851745605,11.088388937447979
254.14126229286194,11.090580605808084
254.14226293563843,11.092955959097583
254.14526271820068,11.095505795513136
254.14625906944275,11.098116132637495
254.14625906944275,11.10091788473787
254.18960738182068,11.103926774784764
254.39103817939758,11.106813303839688
254.3920361995697,11.109748573481243
254.39303588867188,11.112693784322202
254.39303588867188,11.115320325279768
254.65606570243835,11.118028179445028
254.6591386795044,11.120671205843347
254.6611304283142,11.12316170675898
254.66406106948853,11.125420181719715
254.66606378555298,11.127486059320102
254.84304523468018,11.129367885177995
254.84396696090698,11.130860406781197
254.84609365463257,11.13202470474875
254.8475067615509,11.13296867832001
254.88883924484253,11.133726122471671
255.0930676460266,11.134186631856178
255.0947470664978,11.134322837856258
255.0981867313385,11.134112270601097
255.09935998916626,11.133556224125634
255.13849115371704,11.132728535784732
255.3424699306488,11.13164038803017
255.34514689445496,11.130275290938316
255.34715056419373,11.128686872105627
255.34984636306763,11.126922837054739
255.38967871665955,11.12502181080968
255.59215378761292,11.12298518955986
255.59315371513367,11.120729826918646
255.59515285491943,11.118292481233219
255.5962290763855,11.115695646422685
255.84715151786804,11.112934562814843
255.84815096855164,11.110018766388674
255.8491518497467,11.106953684749408
255.85015153884888,11.103745231959422
255.85220766067505,11.100396562325274
255.8895332813263,11.096893794985945
256.0936932563782,11.093238982149968
256.0967843532562,11.089434356903336
256.0987882614136,11.085508561087703
256.1017129421234,11.081525656431578
256.1400616168976,11.077487915732547
256.3437776565552,11.073383531036743
256.3457119464874,11.069245580647763
256.3477156162262,11.065177574752497
256.3497145175934,11.06121811208609
256.39069652557373,11.0573928844188
256.5921530723572,11.053655561891349
256.5930814743042,11.049947592547394
256.59408140182495,11.046215053012142
256.59408140182495,11.042508083456541
256.7928910255432,11.038764039967978
256.79588317871094,11.034904003687661
256.7978813648224,11.031066907922764
256.7988839149475,11.027240024024659
256.8396534919739,11.02332615491584
257.1095576286316,11.019229372692923
257.1115605831146,11.014935258536585
257.11463475227356,11.010394532448476
257.1175606250763,11.005606955195192
257.11963963508606,11.000609484650845
257.29257106781006,10.995455293377077
257.29457211494446,10.99016853244662
257.2965679168701,10.984785567871615
257.29756784439087,10.979404785101798
257.3404493331909,10.97408770585217
257.5913465023041,10.968815109859719
257.5943446159363,10.963479712638966
257.5973467826843,10.958053636084323
257.59935188293457,10.952543169663679
257.6013443470001,10.946896157737365
257.7914481163025,10.94111956373283
257.79345440864563,10.93521826743922
257.79638504981995,10.929097738632565
257.7993907928467,10.922786125407102
257.9931287765503,10.91627375466662
257.99514603614807,10.909585286749678
257.99713110923767,10.902795454156879
257.9990665912628,10.895899512573493
258.0413830280304,10.888938662405316
258.29757618904114,10.881917776792296
258.2990233898163,10.874899635935819
258.30001497268677,10.86788765872643
258.30112743377686,10.860907708992837
258.30201482772827,10.853987678978484
258.4929482936859,10.847172977874887
258.49495697021484,10.840501081319772
258.4979476928711,10.833965924458937
258.4999506473541,10.827648756149552
258.53937339782715,10.821619058208842
258.74257254600525,10.815921633707324
258.74357175827026,10.810520536206202
258.7445707321167,10.805504342595068
258.74657344818115,10.800812819748213
258.7902464866638,10.796434058317256
258.945196390152,10.792370319402929
258.9472391605377,10.788638022627469
258.94975876808167,10.785294368591895
258.99121832847595,10.782312255493826
259.2431490421295,10.779704088658184
259.24636578559875,10.777447482386384
259.24837040901184,10.775582328841187
259.2513659000397,10.774141813674534
259.2543659210205,10.773063288438943
259.5009129047394,10.772317431849926
259.50391387939453,10.771816643054956
259.5059139728546,10.771646886807268
259.50891733169556,10.7717172683462
259.510915517807,10.77210437802616
259.53906869888306,10.772750262391673
259.74170756340027,10.773764040684082
259.74270844459534,10.775055476567236
259.7437071800232,10.776669145457713
259.7447054386139,10.778586361599215
259.78881430625916,10.78079647919068
259.99130749702454,10.783224846845846
259.99330615997314,10.785811245027142
259.9953088760376,10.788516416542079
259.99737429618835,10.791304464151327
260.2427062988281,10.794219074885905
260.2447142601013,10.797242319884452
260.24706172943115,10.800348468922833
260.24999475479126,10.80357088526144
260.2529947757721,10.80701218865715
260.2888731956482,10.810612789646749
260.44400811195374,10.814428752451295
260.4469406604767,10.81842332533754
260.44894003868103,10.822554484879037
260.4901964664459,10.826845682778186
260.74248456954956,10.831382904644173
260.7434949874878,10.83617779947547
260.7434949874878,10.841259323951025
260.74450063705444,10.84669979169074
260.74450063705444,10.852552059333359
260.99199295043945,10.858840920661224
260.9939122200012,10.86564542395637
260.9969825744629,10.873028146504998
260.9994776248932,10.88109322581899
261.00147819519043,10.889829705955886
261.1942627429962,10.89921266742307
261.19626235961914,10.909260544545512
261.19926929473877,10.919937533672378
261.20223116874695,10.931189228981397
261.24114894866943,10.943020708666145
261.4440710544586,10.955418214803458
261.44607496261597,10.968345933314971
261.44913935661316,10.981783845048556
261.4520773887634,10.995683617545499
261.4904730319977,11.009999433847492
261.7404079437256,11.024651257865152
261.7414071559906,11.039544061288177
261.74240732192993,11.054590604100047
261.74240732192993,11.069717256755634
261.7434070110321,11.084953096284144
261.95517897605896,11.100279592064615
261.9585266113281,11.115834077262168
261.96063017845154,11.13165598522302
261.96255016326904,11.14776049283188
261.98977494239807,11.16413788311419
262.19322633743286,11.180742959063878
262.19522356987,11.197554522079072
262.1972289085388,11.214555361646228
262.19922280311584,11.231744365437697
262.239155292511,11.249081957114841
262.44354224205017,11.266503316288441
262.445552110672,11.283989645176087
262.4484713077545,11.301412512734291
262.4504737854004,11.318766233834923
262.489825963974,11.336082913816217
262.6920461654663,11.353302373213388
262.69253969192505,11.37041321494415
262.69371700286865,11.387326456749307
262.69471287727356,11.404064882840814
262.73873949050903,11.420733469532179
262.9428472518921,11.437429425391418
262.9457731246948,11.454139852625818
262.94877219200134,11.470753299724644
262.9508101940155,11.487272169650739
263.202574968338,11.503540939051447
263.2045683860779,11.519383191703938
263.2066419124603,11.534785984563753
263.2095718383789,11.549821915363076
263.212575674057,11.564621658333804
263.3924231529236,11.5793096704922
263.3954236507416,11.594005431102898
263.3979923725128,11.608720786624398
263.39998841285706,11.62354766214756
263.4390661716461,11.638525219620012
263.64299488067627,11.65361820086049
263.64598870277405,11.668698058230325
263.6479871273041,11.683690863096462
263.649986743927,11.698688406068896
263.6900863647461,11.713661020833007
263.9429612159729,11.728717571060672
263.94505524635315,11.743894086466955
263.94721698760986,11.759181697821926
263.95015025138855,11.774512878610041
263.95315051078796,11.78980744368705
263.9877755641937,11.805078426989862
264.1440131664276,11.820242989928353
264.14601469039917,11.835348663841469
264.14900159835815,11.850313225673128
264.19098019599915,11.865159443620305
264.44911670684814,11.879939043832186
264.45144152641296,11.8945878753441
264.453111410141,11.908972459795494
264.45563769340515,11.923072752980229
264.4576394557953,11.936864434309035
264.64050936698914,11.95035914411119
264.6414940357208,11.963540586948353
264.64249300956726,11.976400785795084
264.64349269866943,11.988954443968648
264.893182516098,12.001210755684097
264.8951826095581,12.01325394324347
264.8983519077301,12.025114064024596
264.9007148742676,12.036813888392556
264.9030487537384,12.04832659944628
264.9402983188629,12.059681442104818
265.14260721206665,12.070906658540324
265.14467215538025,12.082090966613762
265.14796328544617,12.093265837848321
265.1499626636505,12.104455178485576
265.1895537376404,12.115653085422666
265.39347314834595,12.126912683002836
265.3954725265503,12.1381947558724
265.3974711894989,12.14946374325689
265.3984797000885,12.160707350303971
265.4393239021301,12.171923815767032
265.6499836444855,12.183160205538483
265.6499836444855,12.194356623162836
265.65096282958984,12.205530016474027
265.65096282958984,12.216691446336164
265.6911816596985,12.227748880985777
265.892294883728,12.238693150526712
265.89529609680176,12.249486777101612
265.89628863334656,12.260100007560254
265.8992955684662,12.270541575495669
265.9382927417755,12.280790729818815
266.09296679496765,12.290802523443626
266.09496426582336,12.300592284826283
266.09696674346924,12.31012408803184
266.14106369018555,12.319378845170922
266.3443856239319,12.328380346714287
266.3473882675171,12.337104938464877
266.349472284317,12.345500051035877
266.352388381958,12.353580554998793
266.3915641307831,12.361358558077548
266.64291429519653,12.368799778056852
266.64390802383423,12.376006341680473
266.64390802383423,12.383011189054564
266.64491605758667,12.389757654357453
266.64491605758667,12.396261034844924
266.69291472435,12.402455319313615
266.9429168701172,12.40822479260146
266.94492268562317,12.413561950931783
266.94791555404663,12.418390454268286
266.9499206542969,12.42267665912073
266.9529182910919,12.42639083799283
267.19096517562866,12.4294782488905
267.19396448135376,12.432010354596141
267.1956090927124,12.433926523700746
267.19863057136536,12.435289433851787
267.20060658454895,12.436160418009669
267.39436531066895,12.436526703010506
267.3973820209503,12.436496023801936
267.39936423301697,12.436075512214215
267.4033467769623,12.435321520889717
267.4412899017334,12.434376618706429
267.64341020584106,12.43329053498273
267.645405292511,12.432199506401785
267.64739751815796,12.431171794400516
267.64739751815796,12.430237278327041
267.9049892425537,12.429419151942371
267.90691804885864,12.428814534006063
267.9099152088165,12.428384450895848
267.9119191169739,12.42809405284592
267.91391491889954,12.427917510636933
268.0921812057495,12.427803922323694
268.09512972831726,12.427719629306187
268.0971128940582,12.427593029552241
268.0991096496582,12.427417720921591
268.14008140563965,12.427251547000537
268.34394097328186,12.427066449245457
268.34693813323975,12.426846285495039
268.34894013404846,12.426577503888428
268.3521385192871,12.426216179735263
268.3903157711029,12.425682509656507
268.5930337905884,12.424990955727656
268.5954647064209,12.424110470772783
268.59846234321594,12.423031643655449
268.6004993915558,12.421750576093688
268.63957500457764,12.420228963525794
268.8436403274536,12.418428088607001
268.8456971645355,12.41640214618799
268.84763503074646,12.414105169198292
268.8507089614868,12.411499006177301
268.8895606994629,12.408582625057472
269.1072657108307,12.40525648913909
269.10919761657715,12.401518835528842
269.11219549179077,12.397290444203096
269.1148154735565,12.392478347243848
269.294312953949,12.387080886118339
269.2962374687195,12.38104308628559
269.29823422431946,12.374399907658827
269.3012320995331,12.367160903064386
269.3402843475342,12.35936860554935
269.54171442985535,12.35102360012528
269.54481840133667,12.342133310896843
269.54673528671265,12.332879403232996
269.54973459243774,12.323264403955909
269.743319272995,12.31335635875207
269.744900226593,12.303228500668279
269.7481179237366,12.292849122288008
269.74912548065186,12.282341164884626
269.79057598114014,12.271689117928327
270.0409646034241,12.26092541771755
270.04196286201477,12.250079010162674
270.04296684265137,12.239187262276408
270.0439760684967,12.228284113307934
270.044997215271,12.217443509847309
270.3017997741699,12.20666742020354
270.30487275123596,12.196018979312532
270.3072054386139,12.185536132576129
270.3115839958191,12.175278976682476
270.3141131401062,12.165281680377726
270.49387311935425,12.15565901746585
270.49587321281433,12.146388566395707
270.49787163734436,12.137524657896536
270.4998731613159,12.129006725977765
270.5420503616333,12.120784986854037
270.7432613372803,12.11279458903045
270.7452607154846,12.105173695224563
270.7472631931305,12.097796827016763
270.74935269355774,12.090711866786398
270.790265083313,12.083849868350583
270.9932577610016,12.077235438653881
270.9932577610016,12.070844542700348
270.9942581653595,12.064786711680595
270.9942581653595,12.058888475945109
271.2428243160248,12.053205922877723
271.24582409858704,12.04744950278076
271.24782538414,12.041748344610939
271.24982738494873,12.03618785073849
271.2508268356323,12.030741143776464
271.28782415390015,12.025507352542022
271.4928193092346,12.020106439457198
271.4928193092346,12.014556250446141
271.4928193092346,12.00904107624107
271.49381828308105,12.003439102583263
271.74110317230225,11.997690566878095
271.7430908679962,11.991689253929648
271.74409103393555,11.985441263058297
271.7450911998749,11.979326798519534
271.74609088897705,11.973148261075588
271.78909397125244,11.966935857166167
271.99230885505676,11.96068478225888
271.99524450302124,11.954426967228867
271.99731063842773,11.948141454807262
271.9992446899414,11.941869578353392
272.19223833084106,11.935673494792923
272.19323110580444,11.929481986559145
272.1952373981476,11.923407297467463
272.198237657547,11.917325005901404
272.240229845047,11.911294432189635
272.4441168308258,11.905227290839854
272.44612169265747,11.899161840912939
272.44911670684814,11.89313116921622
272.4521133899689,11.887109818629547
272.4912040233612,11.881104778082
272.705180644989,11.875123692638548
272.7081186771393,11.869229956823474
272.71118092536926,11.86361764367029
272.71311593055725,11.858235815464477
272.7391049861908,11.853021941597566
272.9411954879761,11.848081518410947
272.9411954879761,11.84333756913939
272.9421558380127,11.838848097581424
272.94310426712036,11.834640858331863
272.9891095161438,11.830775026400527
273.1931130886078,11.82744867445769
273.1951107978821,11.824641682776289
273.1981134414673,11.822153959950478
273.2001099586487,11.819928304930604
273.24010610580444,11.81826977743723
273.4422836303711,11.816985796086605
273.44428181648254,11.816011451042026
273.4472098350525,11.815443341319828
273.45021629333496,11.815167912694525
273.69020438194275,11.815156257714511
273.6922035217285,11.815396064490356
273.69320845603943,11.81587470320691
273.6952087879181,11.816493031417076
273.6972041130066,11.817330873142847
273.94325733184814,11.818306088989715
273.94626212120056,11.819398546110282
273.947190284729,11.820661319202012
273.9491939544678,11.821973001259693
273.95119190216064,11.823358160370807
274.14418959617615,11.824750948484297
274.14619159698486,11.826185691658843
274.1491904258728,11.827632918256805
274.1501932144165,11.82908467896522
274.19119024276733,11.830511456066862
274.3933594226837,11.831887437285534
274.3953592777252,11.833165459965953
274.3963658809662,11.834419013474461
274.3963658809662,11.835595219820876
274.44036197662354,11.836697223506253
274.6433937549591,11.83773123273244
274.64436173439026,11.838718841948785
274.64643836021423,11.839643031170159
274.6473662853241,11.840555640371624
274.69136118888855,11.841415954023288
274.8934979438782,11.842230598891124
274.8944296836853,11.843052558200087
274.8964309692383,11.843942851565902
274.89742827415466,11.844886138102863
274.9414265155792,11.845953072060341
275.20074820518494,11.847150145724449
275.2027328014374,11.848524096759176
275.2046756744385,11.850069615079098
275.20570707321167,11.851799684523828
275.206661939621,11.853687770278139
275.4426620006561,11.855688127635402
275.4426620006561,11.857880370020588
275.4438145160675,11.86021446821376
275.4446613788605,11.86269455292599
275.4456641674042,11.865349464622941
275.4896626472473,11.868191688166458
275.69290709495544,11.871248439700347
275.69491052627563,11.874484371035027
275.6969094276428,11.877945170032296
275.69891023635864,11.881603210201883
275.73890948295593,11.88536349256868
275.9429190158844,11.889189672076535
275.9459834098816,11.893121348642625
275.9479172229767,11.897091349107587
275.9509084224701,11.90119279848072
275.9889121055603,11.905377970082338
276.19290471076965,11.909611274484622
276.1939055919647,11.913898921562858
276.195907831192,11.918179558248276
276.19690704345703,11.922439315656096
276.2453668117523,11.92666483328308
276.44044399261475,11.930824160871248
276.44136476516724,11.934985184671808
276.4423658847809,11.939068542198509
276.4423658847809,11.943068690217519
276.64209175109863,11.94693912790049
276.64209175109863,11.950723169538673
276.6430048942566,11.95434298154342
276.64400339126587,11.957786528220407
276.690012216568,11.961142543487698
276.89253783226013,11.964389922227717
276.8945426940918,11.967517282248387
276.89553689956665,11.970473205620262
276.8975419998169,11.97327540292491
276.94053745269775,11.975901094069153
277.1425349712372,11.978359819472518
277.14353466033936,11.98064214290725
277.1445391178131,11.982741063097684
277.1465439796448,11.984658038267488
277.1895363330841,11.9863641503159
277.4022035598755,11.9879658078617
277.4032037258148,11.989414101102428
277.40430307388306,11.990736820817911
277.40430307388306,11.99188848405186
277.43931555747986,11.992888012951331
277.64331579208374,11.993769435021239
277.6463930606842,11.994571415159593
277.64831948280334,11.995357358234228
277.6513156890869,11.99617258651303
277.6893095970154,11.997089793689995
277.8909332752228,11.998143648353562
277.8919403553009,11.999347151118137
277.8929681777954,12.00072345659485
277.8939344882965,12.002246379318406
277.9392535686493,12.003934516318534
278.1422846317291,12.00585221425471
278.1453583240509,12.007976182334922
278.1472878456116,12.01029703309038
278.1493625640869,12.012793467221467
278.18816661834717,12.015413750747765
278.3439395427704,12.018151840662433
278.34593415260315,12.02092364806751
278.34887409210205,12.023775845840248
278.391286611557,12.026660011069687
278.60699248313904,12.02952426795133
278.6100616455078,12.032348714302053
278.61213183403015,12.035066676564382
278.6150629520416,12.037673129751449
278.641060590744,12.04013065861154
278.8439290523529,12.042410259030486
278.84592747688293,12.044462813318786
278.84792828559875,12.046264285145103
278.85093235969543,12.047760623701986
278.89090180397034,12.04892129924474
279.0940811634064,12.049723225008579
279.0960817337036,12.050138094187655
279.0990836620331,12.050207824053974
279.10108160972595,12.049934499655004
279.14007925987244,12.049335079882635
279.34400629997253,12.048434351794567
279.3469970226288,12.047282661279711
279.3490676879883,12.045898038246971
279.35100054740906,12.044284605937321
279.39053082466125,12.042469313959186
279.5935378074646,12.04046265105732
279.5965487957001,12.038273584346172
279.59853863716125,12.035920877895927
279.6015384197235,12.033427944078328
279.6480567455292,12.03077431011046
279.84153628349304,12.028017707997757
279.84353518486023,12.025097276329717
279.8445374965668,12.022087092809494
279.8455319404602,12.018987135885459
279.8892734050751,12.015832049803185
280.0929787158966,12.012685740713499
280.0949070453644,12.009584201946794
280.0969099998474,12.006573649039746
280.0989031791687,12.003638746815048
280.3417332172394,12.000845761869245
280.34425926208496,11.9981933277278
280.34620571136475,11.995675017266587
280.3492228984833,11.99326681074495
280.3521406650543,11.991014335068698
280.5429491996765,11.988883007506
280.54494643211365,11.986894386661747
280.5459542274475,11.985101209451493
280.54795122146606,11.983497875667597
280.59136986732483,11.98210026268498
280.80838346481323,11.980974379128044
280.8114757537842,11.98009145803848
280.81347465515137,11.979494270744281
280.8164005279541,11.979160904609886
280.8404071331024,11.979073088716039
281.04249572753906,11.979188129688877
281.04449343681335,11.979481202975393
281.0475564002991,11.979882789614669
281.0494830608368,11.980343468327
281.24311923980713,11.980801625597874
281.2450602054596,11.981226132227002
281.24832940101624,11.98155642634428
281.2508363723755,11.981783601508878
281.28797030448914,11.981877436631608
281.4923915863037,11.98182556588222
281.49439883232117,11.981589597330213
281.4974670410156,11.981203823205606
281.5003924369812,11.98068480034432
281.538281917572,11.980020905038074
281.7417583465576,11.97908183960585
281.7426903247833,11.977915506104743
281.7437481880188,11.97657983937312
281.74475288391113,11.975049303351273
281.7902431488037,11.97336000708111
282.00821685791016,11.971474784832095
282.01037073135376,11.969432450735058
282.0118396282196,11.967203812479028
282.0134742259979,11.96480166031565
282.03864073753357,11.962265692729215
282.24276089668274,11.959629686771569
282.2457642555237,11.956832922586099
282.2477684020996,11.953918844448829
282.2505967617035,11.95089674642809
282.44249987602234,11.947751418450975
282.4455785751343,11.944447607412764
282.4475748538971,11.940953038439
282.44950127601624,11.937364223858921
282.643271446228,11.933689587927473
282.64513754844666,11.930030537814973
282.64612650871277,11.926475836688153
282.64702820777893,11.923106565019886
282.6915500164032,11.919973579310367
282.8941044807434,11.917137382764317
282.8970949649811,11.91465856102517
282.89909768104553,11.912538157543242
282.90190505981445,11.910747939919789
282.94030594825745,11.909268612864816
283.14758110046387,11.908097963109396
283.1495954990387,11.90718589578706
283.1515874862671,11.906494203047993
283.15358448028564,11.905979401167505
283.18952989578247,11.905702720940637
283.4420430660248,11.905590309387353
283.4440426826477,11.90563202245045
283.4470446109772,11.9058361605479
283.44997215270996,11.906166669921967
283.4519753456116,11.90660403561724
283.6442246437073,11.90713233954083
283.6462252140045,11.907684951170253
283.64913392066956,11.908272635470519
283.6515429019928,11.908827131937434
283.69085240364075,11.90931068822942
283.89236760139465,11.909671588390498
283.89407896995544,11.909914019486738
283.8960111141205,11.910074030657384
283.8970112800598,11.910128064489202
283.93910908699036,11.910082665686142
284.1440634727478,11.909981348365786
284.14706659317017,11.90979482209651
284.15806698799133,11.909550111835895
284.1600682735443,11.90923326019416
284.19062638282776,11.908834031708626
284.39342308044434,11.90833557970822
284.396436214447,11.907724833587434
284.39844036102295,11.907049498556951
284.40144181251526,11.906217481214638
284.4395055770874,11.905257220971066
284.64355182647705,11.904222689369568
284.64663004875183,11.90306178913028
284.64855337142944,11.901753878774471
284.65155029296875,11.900294647687355
284.68883204460144,11.898735361412536
284.8934004306793,11.89708795567542
284.8954041004181,11.895394541618312
284.89840364456177,11.893676480858078
284.90040493011475,11.892038197722432
284.9388020038605,11.890505845797412
285.14098596572876,11.88907716952323
285.14298605918884,11.88776337017018
285.14598751068115,11.886612815602588
285.14798307418823,11.885746750770995
285.35411953926086,11.885040217757243
285.3571105003357,11.884530776152086
285.3590450286865,11.884208755968311
285.3620481491089,11.88409314415253
285.5936379432678,11.884228333955154
285.5950782299042,11.884658725797973
285.59716606140137,11.885369437834685
285.5988097190857,11.88631404171343
285.6008095741272,11.887533683779607
285.6389629840851,11.888979370207371
285.84207463264465,11.890532418330123
285.84405994415283,11.892216615695425
285.8469841480255,11.893953496492912
285.84842109680176,11.895718189138844
286.0441303253174,11.897473794795866
286.04612946510315,11.899248170744277
286.0490608215332,11.900973536240587
286.0520577430725,11.90267235648049
286.0906181335449,11.904323223886813
286.29089164733887,11.905960982027043
286.2917995452881,11.907572652510737
286.2927997112274,11.909156587509994
286.2927997112274,11.91069026655555
286.33976435661316,11.91217381867979
286.55514693260193,11.913593400135156
286.55814695358276,11.914971281943808
286.56014704704285,11.91627057348464
286.5631504058838,11.91748040412782
286.5911908149719,11.918530959814966
286.7942144870758,11.919541280440022
286.79622054100037,11.920475517443125
286.7992832660675,11.921279873837358
286.8012065887451,11.92197195232725
286.83904695510864,11.922598987896263
287.0432937145233,11.923138552819935
287.0466046333313,11.923621985494798
287.0489408969879,11.92404387772074
287.050940990448,11.92435662036481
287.0892312526703,11.924565979191266
287.29211163520813,11.924673021498567
287.2951202392578,11.924657341382046
287.2961914539337,11.92452624288775
287.29911518096924,11.924295877280787
287.33943819999695,11.923985959224915
287.5406951904297,11.923612229076731
287.54266381263733,11.92321476975144
287.5436897277832,11.922807179178768
287.5436897277832,11.922432441678906
287.74884486198425,11.922182484461354
287.74884486198425,11.92211130133019
287.74990820884705,11.922313837383074
287.7508451938629,11.92281034772356
287.78857803344727,11.923619320871877
287.9919922351837,11.924728407182974
287.99399280548096,11.92619620469196
287.996990442276,11.928026582393088
287.9989902973175,11.930182890539783
288.1926574707031,11.932651325784102
288.1939010620117,11.935391586836875
288.1959173679352,11.938394076106254
288.19794487953186,11.941648040053135
288.2397458553314,11.945140190223395
288.4425208568573,11.948828599229413
288.44560837745667,11.952710890119494
288.4475984573364,11.956738958026458
288.45068192481995,11.960847899720438
288.4880187511444,11.964994376632003
288.69194507598877,11.969141590072127
288.69394302368164,11.973252736862529
288.69594168663025,11.977296530483487
288.6990876197815,11.981223656055418
288.90422916412354,11.984980510612608
288.9062306880951,11.988551933387111
288.9072253704071,11.991920206134782
288.90922689437866,11.995071299343868
288.9400248527527,11.998023313642724
289.1910948753357,12.000769944428669
289.1931631565094,12.00332465353657
289.1960868835449,12.005681477630676
289.198082447052,12.007836303935147
289.2010877132416,12.00977192171662
289.3930993080139,12.011490416805247
289.3950889110565,12.012993290683132
289.3980324268341,12.014285108184414
289.40072655677795,12.015378596266249
289.4395112991333,12.016279423618913
289.64407873153687,12.017005448154839
289.64625310897827,12.017564378595797
289.6492772102356,12.017966928225263
289.6512794494629,12.018216971780246
289.68912863731384,12.018316463927139
289.892511844635,12.01826796422971
289.8935122489929,12.018077526574572
289.8945138454437,12.017760199247165
289.89651250839233,12.017345381800869
289.952285528183,12.016866123883808
290.14392733573914,12.016348489612469
290.1469120979309,12.015821605719841
290.149911403656,12.015304944809245
290.15191102027893,12.014820834170957
290.3913514614105,12.01438956395864
290.3933517932892,12.014054256306071
290.3965153694153,12.013843851792098
290.39897418022156,12.013802086997792
290.4019730091095,12.013971722572157
290.592333316803,12.014350378085338
290.5943377017975,12.014954944340438
290.5953381061554,12.015758856618946
290.59633898735046,12.01677868137465
290.63974118232727,12.01801250994621
290.7942867279053,12.01946428059889
290.79735589027405,12.021096770431598
290.80028200149536,12.022863603967721
290.8398461341858,12.024729430633784
291.30644631385803,12.026674110677222
291.3094515800476,12.02866465882933
291.3113830089569,12.030660764168221
291.31537890434265,12.032656508520763
291.3174545764923,12.034642698036478
291.3193781375885,12.036631035272654
291.3213801383972,12.038586998491292
291.3233768939972,12.040490379529626
291.32537817955017,12.04228689682959
291.3385419845581,12.043883396714692
291.5420308113098,12.045283595697672
291.544007062912,12.046467046399219
291.54600191116333,12.047393610891612
291.54913330078125,12.048052139529053
291.79159808158875,12.048435577564945
291.7947165966034,12.04856046264733
291.7967355251312,12.0484274837384
291.79973316192627,12.048002439929611
291.80073618888855,12.047318579044347
291.9943187236786,12.046363808349069
291.99632263183594,12.045146516467753
291.99832582473755,12.043656860793023
292.0013208389282,12.041906868545075
292.0404908657074,12.03992889272136
292.24360370635986,12.037723838522156
292.2455174922943,12.035286751291887
292.2475872039795,12.032638183270167
292.2495107650757,12.02980193040225
292.2896490097046,12.026792013765423
292.50560331344604,12.023647854500402
292.50860047340393,12.020378474476995
292.51060128211975,12.017003999911237
292.5127389431,12.01356420487602
292.69322085380554,12.010083080676573
292.69522285461426,12.006573933086925
292.6962203979492,12.003073537190915
292.6982800960541,11.999627773565567
292.74037408828735,11.99626433969032
292.94268107414246,11.99300556124844
292.9446141719818,11.989902262004753
292.94561767578125,11.986962329413446
292.94861340522766,11.984177167487907
293.1430160999298,11.981558515353585
293.1440899372101,11.979095448258384
293.1448051929474,11.9768278519788
293.1458652019501,11.974715897264863
293.1912112236023,11.972744457688664
293.39239382743835,11.97088348434165
293.39582204818726,11.969121393790049
293.39782643318176,11.967416414875007
293.39995765686035,11.965748445257672
293.43976283073425,11.964088093899388
293.65452313423157,11.962440659974476
293.6564440727234,11.960792616025548
293.65748834609985,11.959129959757336
293.6584565639496,11.957432194254913
293.6895475387573,11.955698258003858
293.89157128334045,11.953892073162478
293.89364290237427,11.951993380218733
293.89457297325134,11.950007785022908
293.89665055274963,11.947895938174419
293.93971276283264,11.94566915661832
294.14199209213257,11.943300938331266
294.1440107822418,11.940781878665119
294.14699816703796,11.938104533913435
294.14892625808716,11.935277843505814
294.18866205215454,11.932291779655692
294.3431222438812,11.929140520162932
294.34611773490906,11.925848579221292
294.3471164703369,11.922407339161266
294.3916778564453,11.918829032913646
294.59165620803833,11.91513285350455
294.5939884185791,11.911343691711247
294.5960602760315,11.907480303714866
294.59898710250854,11.903550138220988
294.6380522251129,11.89957261355399
294.85415172576904,11.89557430097939
294.85615706443787,11.8915796805005
294.85708260536194,11.88760935097446
294.85908246040344,11.883676195728427
295.04215383529663,11.879799647719267
295.04515314102173,11.875993541101026
295.0472264289856,11.872264781295916
295.05015540122986,11.86863607494665
295.0882315635681,11.865115905596758
295.292112827301,11.861711688733113
295.29510712623596,11.858432602686989
295.2971098423004,11.855284807280754
295.2991101741791,11.852264613664124
295.33918952941895,11.849361998048277
295.54305243492126,11.84656546133901
295.5451190471649,11.843859339370974
295.5480480194092,11.841226419018316
295.5510585308075,11.838645933811161
295.5898597240448,11.836099085382594
295.79192543029785,11.833574974851652
295.7949249744415,11.831071896637663
295.7979257106781,11.828598177883606
295.7999188899994,11.82617163595438
295.837922334671,11.823816163497481
296.00303387641907,11.82154624941051
296.0050370693207,11.819364878794513
296.00803899765015,11.81725691673404
296.04096388816833,11.815213400454892
296.2433269023895,11.813217157018055
296.2453281879425,11.811250446471357
296.24832034111023,11.809312508569256
296.250319480896,11.807374418758974
296.2905116081238,11.805425609990412
296.4929025173187,11.803433983789066
296.4949064254761,11.801375569909142
296.49690198898315,11.79923662299799
296.49819779396057,11.796991705955936
296.54022550582886,11.794637325949852
296.7435357570648,11.792175953008028
296.74559688568115,11.789600006705097
296.7486023902893,11.78690829316966
296.7505352497101,11.784097162394954
296.9940321445465,11.78118606776169
296.99710297584534,11.77816450206676
296.9991035461426,11.775044192023355
297.00202536582947,11.771840778114521
297.0140197277069,11.768544646110563
297.0401735305786,11.76515831776438
297.29231095314026,11.761683929655758
297.29431438446045,11.758123771047233
297.2973117828369,11.754498299748215
297.299311876297,11.75079877244662
297.3016712665558,11.747061777436747
297.5411288738251,11.743300704270828
297.5441298484802,11.739513540530865
297.5471978187561,11.735729436519893
297.54912853240967,11.731967353713493
297.55168437957764,11.728275287564518
297.74251675605774,11.724692788605417
297.74458384513855,11.721266530419175
297.7475929260254,11.718064446436923
297.74952483177185,11.715093577854766
297.7888333797455,11.71239761756953
297.9925539493561,11.710001155572334
297.9945533275604,11.707908927946798
297.99662494659424,11.70615155035995
297.99855494499207,11.704702945089654
298.04753017425537,11.703544848635747
298.24298572540283,11.702725968311947
298.24591732025146,11.702220268624924
298.2469177246094,11.702036520154072
298.2489767074585,11.702185855003965
298.28899598121643,11.702672316714379
298.49350595474243,11.703486263477478
298.4955747127533,11.70457968178683
298.4985783100128,11.705920651153182
298.5015025138855,11.70748358103715
298.54070234298706,11.709251365993639
298.7425010204315,11.711191283469503
298.7454991340637,11.713288764778506
298.7475025653839,11.715509306568611
298.74949836730957,11.717827110674012
298.7884955406189,11.720234730488208
298.9923896789551,11.722663732418317
298.99477648735046,11.72510525581237
298.9976975917816,11.727533029292772
298.99969482421875,11.729902277677374
299.25009846687317,11.732252472617715
299.25207901000977,11.734498567220294
299.2540249824524,11.736653170960299
299.2550232410431,11.738720738419115
299.25702238082886,11.740691461598134
299.4917039871216,11.742599883557263
299.49469923973083,11.744424980971072
299.496698141098,11.746163603471407
299.49870681762695,11.74784380445516
299.5006995201111,11.74943031762005
299.53875517845154,11.750949136267169
299.7421989440918,11.752389650015704
299.74412417411804,11.75373691219506
299.7461278438568,11.755045456569672
299.7482109069824,11.756286048946958
299.7893559932709,11.757472758692566
299.9911162853241,11.758654655243689
299.99331402778625,11.759829411905242
299.9956111907959,11.761046118526485
299.9986298084259,11.76233340085289
300.1923260688782,11.763700849752706
300.1943233013153,11.765146175499762
300.19531989097595,11.76669214353201
300.19732332229614,11.76835996253593
300.23999643325806,11.7701563067398
300.5004107952118,11.772065685160559
300.5024108886719,11.774132228732286
300.5034148693085,11.776348414671707
300.50441431999207,11.778773460139996
300.5054135322571,11.78145665886853
300.6919832229614,11.784383832529876
300.6939742565155,11.787593549265948
300.69697403907776,11.791063907238016
300.6989743709564,11.794713016754208
300.73801493644714,11.798615494704276
300.94388246536255,11.802675527946537
300.9466164112091,11.80688986823056
300.94894647598267,11.81124790517976
300.95060300827026,11.81574452787664
300.9910445213318,11.820342945865058
301.24148058891296,11.824974691337928
301.24447774887085,11.829644883951747
301.24647784233093,11.83432255977525
301.2494719028473,11.839010404248159
301.25247621536255,11.843667899035145
301.49264693260193,11.848292022118313
301.49471831321716,11.852868683150371
301.49764919281006,11.857333247177822
301.49964904785156,11.86164680844204
301.5126414299011,11.865805670933984
301.53913474082947,11.869858921295656
301.7430999279022,11.873828063681946
301.745099067688,11.877634723717808
301.7471055984497,11.881271225968828
301.7501714229584,11.884807521457727
301.7893853187561,11.888166260682684
301.991219997406,11.891357816986737
301.99420523643494,11.89429690923092
301.99564957618713,11.897035471747476
301.9984917640686,11.899635312057908
302.19372177124023,11.90202729705098
302.19573402404785,11.904272656192743
302.19865679740906,11.906346088418276
302.20145988464355,11.908253247837665
302.2415897846222,11.910016374962597
302.44327783584595,11.911613746853012
302.44628071784973,11.91305956596225
302.44828176498413,11.914328465658286
302.4512801170349,11.91543738324063
302.49064207077026,11.916383663043097
302.7498757839203,11.917170842567938
302.75087666511536,11.917847648862292
302.75191926956177,11.918412688368777
302.75191926956177,11.918843759541552
302.75395107269287,11.919215575468566
302.78909158706665,11.919529859239995
302.9914791584015,11.919867511358508
302.9934251308441,11.920258516336244
302.9954059123993,11.920722024141122
302.99838423728943,11.921283219528794
303.1941514015198,11.92193686835324
303.1961500644684,11.922641754383282
303.1982202529907,11.923382597199835
303.2011511325836,11.924157908755863
303.24014925956726,11.924958712455682
303.44127321243286,11.925796386872246
303.443377494812,11.926656745738216
303.4463062286377,11.927520413448146
303.44883918762207,11.92840712198764
303.6935393810272,11.929298360896357
303.6955397129059,11.930169270488184
303.6985430717468,11.930999137427989
303.70054388046265,11.931751675312686
303.7025377750397,11.9324287188873
303.7405376434326,11.93295358786803
303.9562129974365,11.933321425059539
303.95821619033813,11.933484534161664
303.9602074623108,11.933416194118514
303.96320700645447,11.93310562632216
303.99065041542053,11.932545464415348
304.2425892353058,11.93172766029111
304.24458956718445,11.93065866628393
304.2475926876068,11.929342776780695
304.24959206581116,11.927793683819646
304.25259280204773,11.926011797655718
304.28859210014343,11.923988366089892
304.49407386779785,11.921745131754042
304.49606585502625,11.919278339321606
304.49807119369507,11.916598181674386
304.50107407569885,11.913715580882679
304.5400674343109,11.910609711356813
304.7422411441803,11.907243366800222
304.7442433834076,11.903615290312088
304.7473142147064,11.89981226590374
304.7492411136627,11.89579121235945
304.7893137931824,11.891592036924308
305.00216031074524,11.887187637540174
305.0042440891266,11.88257866657532
305.0051624774933,11.877800198228737
305.00616097450256,11.872862679098802
305.2433261871338,11.867783750642845
305.2452540397644,11.862541964885727
305.2472503185272,11.857188945408492
305.2492527961731,11.85173907008063
305.2512483596802,11.846171082122924
305.49229073524475,11.840564400117776
305.4952201843262,11.834938278252825
305.4972939491272,11.829411259625072
305.5000994205475,11.824001815809764
305.5020935535431,11.818708196777035
305.53848338127136,11.81356211842796
305.74211287498474,11.808601108354626
305.7431128025055,11.803785273790218
305.7441153526306,11.799122648313443
305.7451148033142,11.794583670457058
305.7888548374176,11.790153530939827
305.9916913509369,11.785781337514567
305.9936399459839,11.781436715300524
305.9956383705139,11.777114892961407
305.9976396560669,11.772792673909619
306.0495948791504,11.768433656920916
306.2420334815979,11.76401338687724
306.24405312538147,11.759532393263198
306.24654173851013,11.754942288765028
306.24954628944397,11.750279731725017
306.4423816204071,11.745524960070307
306.4433810710907,11.740671220395827
306.4453864097595,11.73570863041561
306.4463849067688,11.730558523938479
306.48913979530334,11.725261248769657
306.6900050640106,11.71979259978212
306.6910037994385,11.714129484434327
306.6910037994385,11.708336295240315
306.69200325012207,11.702462054522659
306.73808884620667,11.696463697747895
306.93932008743286,11.690384993423935
306.94031167030334,11.684243016840158
306.9413094520569,11.67803994987735
306.9414632320404,11.67178391689186
307.20612049102783,11.665515555323731
307.20819115638733,11.659181897270534
307.2111859321594,11.652827529788915
307.21412444114685,11.646428252627686
307.21613812446594,11.63996854951885
307.3938705921173,11.633505329380634
307.3959426879883,11.62698283109648
307.39793848991394,11.620438698533762
307.399870634079,11.613889383942148
307.4405109882355,11.607293414620203
307.690758228302,11.60068013037225
307.69269323349,11.594055075588624
307.69469356536865,11.587447070602868
307.6966905593872,11.580882592425665
307.697713136673,11.574351775759911
307.89219307899475,11.567874506814169
307.8941924571991,11.561485402679416
307.8971915245056,11.555222091989721
307.8991916179657,11.5491916088838
308.1914119720459,11.543400348409051
308.1942756175995,11.537682871888206
308.1963384151459,11.532151287377845
308.19927525520325,11.526795867772726
308.20127296447754,11.521675398249382
308.204345703125,11.51679509107378
308.4531590938568,11.512148146244622
308.45513796806335,11.50774590124482
308.45709013938904,11.503676402538073
308.4580900669098,11.499790950225467
308.4590880870819,11.496123749586566
308.64475560188293,11.492712156019673
308.6467716693878,11.489423992483466
308.64877915382385,11.486278232019382
308.6518032550812,11.483207586447952
308.6893126964569,11.480254165942663
308.893944978714,11.477383365244648
308.89594650268555,11.474555047453618
308.89894580841064,11.471822917355697
308.9008731842041,11.469083464842804
308.939177274704,11.466363034074222
309.1425654888153,11.46361972531595
309.1445610523224,11.460873131431496
309.1466221809387,11.458185617422695
309.1486351490021,11.455586173575824
309.3901786804199,11.453083376571469
309.3921763896942,11.450694821181862
309.3951060771942,11.448422003043113
309.3969416618347,11.446243198025956
309.3999457359314,11.44415713616105
309.6028687953949,11.442132579818672
309.6058690547943,11.440163081464686
309.6077892780304,11.438171662379007
309.6107895374298,11.436170968982982
309.6403946876526,11.434184717294803
309.8414874076843,11.43212953978482
309.84355759620667,11.430108658399005
309.8454918861389,11.427939574890345
309.8484859466553,11.425698620431847
310.04363918304443,11.423404038042452
310.04570484161377,11.421250420525675
310.048707485199,11.419049844457744
310.05063343048096,11.41679757938246
310.0882565975189,11.414596105680088
310.2441203594208,11.412466227669388
310.24668192863464,11.4104949002966
310.2496888637543,11.408548133344908
310.29140043258667,11.406719693566723
310.49429750442505,11.405063949092758
310.4973027706146,11.403549917255335
310.5002906322479,11.402273889304091
310.5022928714752,11.401229630154473
310.54028964042664,11.400417816962621
310.75256872177124,11.399806749312914
310.7545077800751,11.399453270864926
310.756507396698,11.399227790905421
310.7575058937073,11.399342754475008
310.78943634033203,11.399835460722757
310.9930899143219,11.40061025071527
310.9950981140137,11.401685255076051
310.99709725379944,11.40292246097587
311.00010347366333,11.404336821929105
311.19231390953064,11.405916146601378
311.1954047679901,11.407597219587496
311.1973168849945,11.409326564521653
311.1994700431824,11.411253368584443
311.2385437488556,11.413316908097675
311.44405794143677,11.415435641999343
311.446058511734,11.417628508452871
311.4490616321564,11.419775234094905
311.45105838775635,11.421940954495856
311.48804926872253,11.424249333319205
311.6942915916443,11.426466549209742
311.69619965553284,11.42872371191672
311.6981987953186,11.43110503977168
311.70120000839233,11.43353433017677
311.7401933670044,11.436037209624605
311.95222306251526,11.438590991759277
311.9542989730835,11.441170541138245
311.9562966823578,11.443734728288232
311.95723271369934,11.446326638795796
311.989218711853,11.448870961436604
312.18995451927185,11.451413578229488
312.1933825016022,11.453862827890616
312.19531750679016,11.456249805460844
312.19826102256775,11.458560067454158
312.3904287815094,11.460834059812461
312.39293241500854,11.463113734073783
312.3949327468872,11.465329702890642
312.3968687057495,11.467482456493697
312.5934884548187,11.469566645493426
312.59555196762085,11.471678156473276
312.59754610061646,11.473792202149498
312.6004829406738,11.475910775672089
312.6402246952057,11.47796783774796
312.8436372280121,11.480097782027256
312.84565138816833,11.482324429899485
312.8485677242279,11.484642455212997
312.8505642414093,11.48703457083754
312.88964200019836,11.489547042529194
313.1027822494507,11.492239396227466
313.10378193855286,11.494997156735227
313.10578513145447,11.497882505635486
313.10678219795227,11.50079570355162
313.14074087142944,11.503725341897455
313.3407938480377,11.506790476274732
313.3418095111847,11.510013669813121
313.3428087234497,11.513368173526079
313.3438096046448,11.516888634275858
313.54332208633423,11.520599832109061
313.5453236103058,11.524470618149461
313.5473403930664,11.52850133022262
313.54942655563354,11.532648662373477
313.5908217430115,11.536969481440535
313.7922625541687,11.5414378331905
313.7942633628845,11.546038957438052
313.7960751056671,11.550768993040592
313.79816126823425,11.555659085952668
313.99322748184204,11.56066141784814
313.9952483177185,11.565776882095234
313.9965856075287,11.570970183795334
313.99760007858276,11.576085937025725
314.04024267196655,11.581142675104775
314.2481565475464,11.586206466688234
314.2491264343262,11.591223078907845
314.25116062164307,11.596307326374506
314.2540907859802,11.601379423839807
314.2893373966217,11.606416040945215
314.44404673576355,11.611362919416287
314.44604444503784,11.616236736941525
314.4480438232422,11.621012422498008
314.49026918411255,11.62567634639907
314.7430565357208,11.630286188570985
314.74605441093445,11.634806528581837
314.749055147171,11.63924898694252
314.7509183883667,11.643583220890815
314.7529368400574,11.647875669148792
314.7903411388397,11.652098120239387
315.0421049594879,11.656272609193799
315.0451092720032,11.660373504697324
315.04810428619385,11.664419483085375
315.0501220226288,11.668406703052414
315.05312752723694,11.672365341814642
315.30414938926697,11.676248561269944
315.30615234375,11.680042512888482
315.30915570259094,11.683769063898751
315.31115317344666,11.6874658029383
315.3131515979767,11.691093938305402
315.34037590026855,11.694717906223802
315.54401302337646,11.698381472465089
315.54607224464417,11.702065516866242
315.5490770339966,11.70579078151514
315.5510005950928,11.709544323885655
315.591281414032,11.71332452057048
315.7931983470917,11.717219582883974
315.79519724845886,11.721142435209298
315.7981915473938,11.72510563606466
315.8001916408539,11.729109966278982
315.8387598991394,11.733132187493272
315.99413800239563,11.737219635934354
315.9967722892761,11.74138175786796
315.9987065792084,11.745621722434713
316.039915561676,11.749907165014863
316.1940906047821,11.754242520334106
316.1960835456848,11.75861864141834
316.1990797519684,11.763034505285992
316.24102449417114,11.7674755441005
316.45790553092957,11.771926407572979
316.45990777015686,11.776359398580603
316.4629065990448,11.780744327671915
316.46590542793274,11.785073293767347
316.4909014701843,11.7893218139109
316.5401773452759,11.79351819913602
316.6943120956421,11.797627467039874
316.69631242752075,11.801621154078557
316.6993067264557,11.805492804243551
316.7422351837158,11.809258391305812
316.99093317985535,11.812880488755466
316.9938681125641,11.8163251733322
316.9958665370941,11.819635207729513
316.99799728393555,11.822765630186913
316.9999945163727,11.825707574384667
317.1945149898529,11.828454702413172
317.1965208053589,11.830977448553723
317.19971346855164,11.83329798038731
317.20164251327515,11.83538233363925
317.2416408061981,11.83722210907569
317.49973940849304,11.838837553383875
317.5017349720001,11.84023345718505
317.5037314891815,11.841429211885094
317.50572991371155,11.842427704195988
317.507732629776,11.84319126130005
317.741623878479,11.843748677774983
317.74454498291016,11.844159937284626
317.74554562568665,11.84445583063656
317.7480525970459,11.84464512465029
317.75007128715515,11.844754216483535
317.99253129959106,11.844833567318215
317.99554920196533,11.844889731463873
317.9975528717041,11.8449782647427
318.00054812431335,11.845133246373237
318.0035481452942,11.845382473040617
318.03917956352234,11.845768917707241
318.2433466911316,11.846319354928147
318.24635004997253,11.847038328628653
318.2488570213318,11.847925536658929
318.25089716911316,11.848961685484317
318.2906141281128,11.850138924895594
318.5576069355011,11.851418729574014
318.5595872402191,11.85273435865119
318.5625877380371,11.854111786781033
318.56558632850647,11.855545878000985
318.5675849914551,11.857028458120677
318.79207968711853,11.858508230142299
318.7950961589813,11.859999356473626
318.7980971336365,11.861497958794246
318.80010199546814,11.862981526739937
318.8030996322632,11.864452606121183
318.9945619106293,11.865917095785322
318.9965467453003,11.867353410096499
318.99977946281433,11.868754804880203
319.00184178352356,11.870089254875925
319.0396978855133,11.871320868639621
319.24219393730164,11.872410477613734
319.2452130317688,11.873359362379919
319.24832582473755,11.874145220458981
319.2523787021637,11.874767427951959
319.44363474845886,11.875195697317338
319.44617795944214,11.875414778402073
319.4481780529022,11.875417976774818
319.4511842727661,11.875211059860359
319.49014592170715,11.874818519104664
319.70496797561646,11.874188136880761
319.7079689502716,11.873348725778074
319.7095694541931,11.872277965854664
319.71256971359253,11.871003055813771
319.8943302631378,11.869533463402236
319.8973307609558,11.867893797936942
319.899334192276,11.86605835601964
319.901330947876,11.864049778826113
319.9399814605713,11.861879108422963
320.14426708221436,11.859555436517207
320.1462802886963,11.857091328853636
320.1491930484772,11.854499848641332
320.15219712257385,11.851806462813492
320.1917769908905,11.849013176869217
320.39387345314026,11.846176722751547
320.39579701423645,11.843322617558194
320.3988687992096,11.84047804368298
320.40086364746094,11.8376699623654
320.43998646736145,11.834978119850959
320.64335083961487,11.832451603625826
320.6454391479492,11.830161571092248
320.648353099823,11.828072687820551
320.6513555049896,11.82621639774712
320.68943548202515,11.82459851326079
320.91141629219055,11.823237699871989
320.9134078025818,11.82212831973161
320.91540789604187,11.821264457129772
320.9174072742462,11.820618938711297
320.93840742111206,11.820181703381825
321.1411099433899,11.819916698895188
321.14410877227783,11.819810254793353
321.1461067199707,11.819842584383933
321.1491096019745,11.819991367796064
321.34079217910767,11.820236182375725
321.3437931537628,11.820533242206034
321.34579157829285,11.820855516790441
321.34779167175293,11.821171411399222
321.5413866043091,11.821430804454453
321.5433888435364,11.821602611023474
321.5453951358795,11.821682511710515
321.5477981567383,11.821683404473358
321.74338841438293,11.821633059319257
321.7463972568512,11.821520454339272
321.7484812736511,11.821335536416479
321.75039434432983,11.821055503685086
321.79114818573,11.82068165919984
322.00206780433655,11.820195600946306
322.0052258968353,11.81960497966856
322.00723147392273,11.818900859753176
322.0102286338806,11.818085611167598
322.2413077354431,11.817128322902573
322.2433090209961,11.816042586204613
322.24631452560425,11.81485561347213
322.24930787086487,11.813582712293481
322.25131487846375,11.812229337138747
322.44297885894775,11.810807283303
322.4460515975952,11.809330050285759
322.4479763507843,11.807828428358196
322.45097851753235,11.80625098533289
322.49097633361816,11.804542093607504
322.69189286231995,11.802680737503813
322.69289541244507,11.800694052998452
322.693895816803,11.798566446357427
322.6948935985565,11.796313935827005
322.74103450775146,11.793987836755436
322.94434881210327,11.791586050883588
322.9466588497162,11.789153228694936
322.9496612548828,11.786742965303231
322.951379776001,11.784351289320302
322.9906094074249,11.782031960209705
323.20417499542236,11.77981795436361
323.20710492134094,11.77769281299629
323.20810890197754,11.775732497604064
323.2101774215698,11.773921141733455
323.2389304637909,11.77229329051107
323.4425084590912,11.770870891936921
323.44450521469116,11.769652271783256
323.4475026130676,11.768672619732394
323.44950246810913,11.767941264537962
323.69277596473694,11.76738872015535
323.69477820396423,11.76706657936498
323.6967775821686,11.766926261622688
323.69864678382874,11.767047969368114
323.70056676864624,11.767365905903098
323.7390139102936,11.76785486398391
323.941668510437,11.76852246777979
323.9436683654785,11.769305004547466
323.94566559791565,11.770155474658516
323.94898223876953,11.771046379421911
324.14257287979126,11.77191764456024
324.1445724964142,11.77276235019939
324.14557003974915,11.773552786054474
324.1477770805359,11.77430307971777
324.40170979499817,11.775009481964828
324.4036934375763,11.77564366979522
324.40664649009705,11.776185300548564
324.4086449146271,11.776619292280351
324.41064262390137,11.776926612801065
324.59298276901245,11.777137912220237
324.594984292984,11.777224782665616
324.5980603694916,11.777115470480535
324.6009855270386,11.776871073564669
324.63908529281616,11.77642071605709
324.8424723148346,11.77579434188354
324.8455402851105,11.774994643953981
324.8475434780121,11.773986441978897
324.8504629135132,11.772801260627077
325.04453349113464,11.771451841828862
325.0465362071991,11.769944388333782
325.0499060153961,11.768300701045575
325.0519163608551,11.766521992799316
325.091427564621,11.76460012971462
325.29233980178833,11.76252230366101
325.29447722435,11.76032176781091
325.2964811325073,11.757975350027998
325.29847741127014,11.755572997948196
325.50204730033875,11.753187894089066
325.5040466785431,11.750965446539295
325.50504660606384,11.748875125648787
325.5070505142212,11.746867772401606
325.53989005088806,11.745005190607248
325.7432384490967,11.743277326805211
325.7452280521393,11.74178956840309
325.7472276687622,11.740604150612262
325.7495756149292,11.739693934523986
325.7902798652649,11.73906257866423
326.04252195358276,11.738706158997141
326.044451713562,11.73858908580139
326.04643964767456,11.738697216688154
326.048437833786,11.738943982850826
326.0504376888275,11.73938105036271
326.2919006347656,11.739949253839068
326.2939021587372,11.740678713931834
326.2949011325836,11.741516228797234
326.296897649765,11.742392846068572
326.29889845848083,11.743242179769126
326.3394992351532,11.74404437654239
326.49207282066345,11.744861178961417
326.4940311908722,11.745641448746818
326.49505853652954,11.746312202883342
326.5484321117401,11.746903565865075
326.7397367954254,11.747423893691957
326.7407374382019,11.747872762726056
326.7417359352112,11.748275926149319
326.7427818775177,11.748594707012218
326.99161434173584,11.74885798241765
326.99361419677734,11.749081987516366
326.99561071395874,11.749174861651804
326.9966173171997,11.749104957283832
326.9991271495819,11.74897413075412
327.04229187965393,11.74883216127397
327.24352979660034,11.748522777896806
327.2455337047577,11.748130714033591
327.2486593723297,11.747580573172524
327.25059032440186,11.746741434200782
327.2903482913971,11.745686117559263
327.49200439453125,11.744488092673551
327.49431824684143,11.743240261869182
327.496595621109,11.741724817241787
327.4985942840576,11.739726480103998
327.70645236968994,11.737541233349194
327.70888686180115,11.735634878551922
327.71202278137207,11.733774569512807
327.7140944004059,11.731650568549284
327.7395782470703,11.728856567294802
327.99090051651,11.726458135768782
327.9940011501312,11.723912091863825
327.9960036277771,11.721420451549598
327.99700379371643,11.718852082745363
327.99700379371643,11.716706938723668
328.2421431541443,11.714607332224247
328.24407148361206,11.712883299231693
328.2462501525879,11.711222752679602
328.249623298645,11.709386479436024
328.2525632381439,11.707205488665036
328.4923713207245,11.705150944778707
328.49464893341064,11.703594709911156
328.49664783477783,11.702704707578441
328.4987256526947,11.701988406960389
328.5016493797302,11.701581381589456
328.7552421092987,11.701730774798147
328.7572429180145,11.702118806797163
328.75957202911377,11.702734722952695
328.76256704330444,11.703897728180886
328.76456475257874,11.70504199867346
328.993745803833,11.70600614710003
328.99665689468384,11.70734057601171
328.9986484050751,11.707916073112726
329.0015878677368,11.70918141990115
329.0035879611969,11.710475735641058
329.04075622558594,11.710813615602625
329.29086089134216,11.71148745831934
329.2936489582062,11.71243114295067
329.29564213752747,11.712984036334513
329.29857420921326,11.714257005728099
329.301118850708,11.714695242353722
329.5395872592926,11.716110318879155
329.54058718681335,11.717286748412672
329.5415880680084,11.718776959929533
329.5425908565521,11.719465680705868
329.54358959198,11.7200545678789
329.74179005622864,11.721257133740636
329.74377369880676,11.722551779028114
329.74477338790894,11.723424606843608
329.7457766532898,11.72440874652323
329.8087863922119,11.725152704871013
329.99323058128357,11.725717530363719
329.99529504776,11.726465027268835
329.9962251186371,11.727328787840841
329.99722838401794,11.728225775418425
330.04007744789124,11.728992754664182
330.2441568374634,11.729521265410284
330.2471604347229,11.730128175480079
330.2491638660431,11.730845266501667
330.2521574497223,11.73160088499198
330.29135751724243,11.732414453049712
330.543035030365,11.733349417636866
330.5452275276184,11.734499100710016
330.54823207855225,11.735591717679542
330.5502254962921,11.737228508208378
330.552410364151,11.73898897579115
330.58957719802856,11.741275087038566
330.79219150543213,11.743951423794812
330.7941882610321,11.746810057302103
330.79719591140747,11.750131594287767
330.7991940975189,11.753590188989579
331.000426530838,11.757629651863251
331.0013689994812,11.762365967738006
331.0023694038391,11.767844620134502
331.0023694038391,11.774140889337346
331.03937005996704,11.78091967932123
331.2396216392517,11.787985035582922
331.24062633514404,11.795369355200876
331.24062633514404,11.803760188711454
331.2416272163391,11.812567541236772
331.4936156272888,11.82140503144132
331.4956123828888,11.830369059522399
331.4976875782013,11.839812344254515
331.4996106624603,11.849550798799394
331.5011501312256,11.859242105711273
331.7400906085968,11.86888970750978
331.74109172821045,11.878112108186931
331.74109172821045,11.887319527829296
331.7420916557312,11.896203822488967
331.7420916557312,11.904620320905646
331.99169540405273,11.912812847412061
