Data Set 1:Time(s),Data Set 1:Force(N),Data Set 1:Respiration Rate(bpm)
0,2.5906295776367188,10.544815063476562
0.10000000000000001,2.6263961791992188,
0.20000000000000001,2.4475479125976562,
0.29999999999999999,2.174163818359375,
0.40000000000000002,2.3606796264648438,
0.5,2.8282470703125,
0.59999999999999998,3.1527252197265625,
0.69999999999999996,3.1450653076171875,
0.80000000000000004,3.0045394897460938,
0.90000000000000002,3.1552810668945312,
1,3.5334243774414062,
1.1000000000000001,3.903900146484375,
1.2,4.3331375122070312,
1.3,4.841583251953125,
1.3999999999999999,5.2861557006835938,
1.5,5.6157455444335938,
1.6000000000000001,5.9351272583007812,
1.7,6.1650772094726562,
1.8,6.203399658203125,
1.8999999999999999,6.1957321166992188,
2,6.1906204223632812,
2.1000000000000001,6.1982879638671875,
2.2000000000000002,6.1650772094726562,
2.2999999999999998,6.1318588256835938,
2.3999999999999999,6.2570571899414062,
2.5,6.4870071411132812,
2.6000000000000001,6.6709671020507812,
2.7000000000000002,6.7578353881835938,
2.7999999999999998,6.9366836547851562,
2.8999999999999999,6.8498153686523438,
3,6.1548538208007812,
3.1000000000000001,5.4701156616210938,
3.2000000000000002,5.1303024291992188,
3.2999999999999998,4.9642257690429688,
3.3999999999999999,4.7828216552734375,
3.5,4.5528717041015625,
3.6000000000000001,4.381683349609375,
3.7000000000000002,4.2973709106445312,
3.7999999999999998,4.2999267578125,
3.8999999999999999,4.3663558959960938,
4,4.4200057983398438,
4.0999999999999996,4.399566650390625,
4.2000000000000002,4.4404525756835938,
4.2999999999999998,4.5222091674804688,
4.4000000000000004,4.473663330078125,
4.5,4.4123458862304688,
4.5999999999999996,4.4327850341796875,
4.7000000000000002,4.5222091674804688,
4.7999999999999998,4.6985015869140625,
4.9000000000000004,4.8799057006835938,
5,4.9003524780273438,
5.0999999999999996,4.8109207153320312,
5.2000000000000002,4.7061691284179688,
5.2999999999999998,4.5733108520507812,
5.4000000000000004,4.455780029296875,
5.5,4.4097900390625,
5.5999999999999996,4.437896728515625,
5.7000000000000002,4.48388671875,
5.7999999999999998,4.50177001953125,
5.9000000000000004,4.4992141723632812,
6,4.4353408813476562,
6.0999999999999996,4.3203659057617188,
6.2000000000000002,4.2743759155273438,
6.2999999999999998,4.3382492065429688,
6.4000000000000004,4.4149017333984375,
6.5,4.48388671875,
6.5999999999999996,4.5554275512695312,
6.7000000000000002,4.5886383056640625,
6.7999999999999998,4.6652908325195312,
6.9000000000000004,4.8492507934570312,
7,5.0127716064453125,
7.0999999999999996,5.1481857299804688,
7.2000000000000002,5.3372573852539062,
7.2999999999999998,5.541656494140625,
7.4000000000000004,5.6489639282226562,
7.5,5.6310806274414062,
7.5999999999999996,5.5442123413085938,
7.7000000000000002,5.4343414306640625,
7.7999999999999998,5.2759323120117188,
7.9000000000000004,5.1200790405273438,
8,4.9029006958007812,
8.0999999999999996,4.5707550048828125,
8.1999999999999993,4.3433609008789062,
8.3000000000000007,4.1951675415039062,
8.4000000000000004,4.013763427734375,
8.5,3.8962326049804688,
8.5999999999999996,3.8451309204101562,
8.6999999999999993,3.7812576293945312,
8.8000000000000007,3.7429351806640625,
8.9000000000000004,3.76593017578125,
9,3.7787017822265625,
9.0999999999999996,3.719940185546875,
9.1999999999999993,3.6739501953125,
9.3000000000000007,3.6662826538085938,
9.4000000000000004,3.6943893432617188,
9.5,3.7506027221679688,
9.5999999999999996,3.84002685546875,
9.6999999999999993,4.0290908813476562,
9.8000000000000007,4.2360458374023438,
9.9000000000000004,4.4225616455078125,
10,4.621856689453125,8.7378644943237305
10.1,4.7879257202148438,
10.199999999999999,4.8773574829101562,
10.300000000000001,4.933563232421875,
10.4,5.1890640258789062,
10.5,5.5084381103515625,
10.6,5.7818222045898438,
10.699999999999999,6.1906204223632812,
10.800000000000001,6.553436279296875,
10.9,6.74505615234375,
11,6.921356201171875,
11.1,7.158966064453125,
11.199999999999999,7.3480377197265625,
11.300000000000001,7.5243301391601562,
11.4,7.6393051147460938,
11.5,7.55499267578125,
11.6,7.3659210205078125,
11.699999999999999,7.141082763671875,
11.800000000000001,6.92901611328125,
11.9,6.81915283203125,
12,6.7067337036132812,
12.1,6.5585403442382812,
12.199999999999999,6.5125503540039062,
12.300000000000001,6.4946670532226562,
12.4,6.3950271606445312,
12.5,6.2545013427734375,
12.6,6.0986404418945312,
12.699999999999999,5.82525634765625,
12.800000000000001,5.4624481201171875,
12.9,5.1251907348632812,
13,4.8364715576171875,
13.1,4.5681991577148438,
13.199999999999999,4.31781005859375,
13.300000000000001,4.1364059448242188,
13.4,4.0367584228515625,
13.5,4.031646728515625,
13.6,4.0853042602539062,
13.699999999999999,4.0929718017578125,
13.800000000000001,3.9728851318359375,
13.9,3.7889251708984375,
14,3.6995010375976562,
14.1,3.6790618896484375,
14.199999999999999,3.7173843383789062,
14.300000000000001,3.8349151611328125,
14.4,3.9550018310546875,
14.5,4.0444259643554688,
14.6,4.1670608520507812,
14.699999999999999,4.3765716552734375,
14.800000000000001,4.5605316162109375,
14.9,4.61163330078125,
15,4.583526611328125,
15.1,4.50177001953125,
15.199999999999999,4.4481124877929688,
15.300000000000001,4.445556640625,
15.4,4.3842391967773438,
15.5,4.2360458374023438,
15.6,4.0444259643554688,
15.699999999999999,3.977996826171875,
15.800000000000001,4.013763427734375,
15.9,3.9575576782226562,
16,3.8553543090820312,
16.100000000000001,3.7991409301757812,
16.199999999999999,3.7889251708984375,
16.300000000000001,3.7787017822265625,
16.399999999999999,3.76593017578125,
16.5,3.7889251708984375,
16.600000000000001,3.85791015625,
16.699999999999999,3.98565673828125,
16.800000000000001,4.1006317138671875,
16.899999999999999,4.225830078125,
17,4.42767333984375,
17.100000000000001,4.5579757690429688,
17.199999999999999,4.5170974731445312,
17.300000000000001,4.42767333984375,
17.399999999999999,4.3740158081054688,
17.5,4.3689117431640625,
17.600000000000001,4.4327850341796875,
17.699999999999999,4.4634475708007812,
17.800000000000001,4.4251174926757812,
17.899999999999999,4.4123458862304688,
18,4.4097900390625,
18.100000000000001,4.3510208129882812,
18.199999999999999,4.1926116943359375,
18.300000000000001,4.0086517333984375,
18.399999999999999,3.9294509887695312,
18.5,3.9294509887695312,
18.600000000000001,3.921783447265625,
18.699999999999999,3.9294509887695312,
18.800000000000001,3.9524459838867188,
18.899999999999999,3.939666748046875,
19,3.9090118408203125,
19.100000000000001,3.8655776977539062,
19.199999999999999,3.7889251708984375,
19.300000000000001,3.7122726440429688,
19.399999999999999,3.6943893432617188,
19.5,3.7633743286132812,
19.600000000000001,3.9141159057617188,
19.699999999999999,4.1185226440429688,
19.800000000000001,4.3944625854492188,
19.899999999999999,4.6985015869140625,
20,5.1021957397460938,3.6014406681060791
20.100000000000001,5.6208572387695312,
20.199999999999999,6.0066604614257812,
20.300000000000001,6.1982879638671875,
20.399999999999999,6.4256820678710938,
20.5,6.78338623046875,
20.600000000000001,7.049102783203125,
20.699999999999999,7.0439910888671875,
20.800000000000001,6.8906936645507812,
20.899999999999999,6.5815353393554688,
21,5.95556640625,
21.100000000000001,5.3525848388671875,
21.199999999999999,5.0229873657226562,
21.300000000000001,4.7010574340820312,
21.399999999999999,4.381683349609375,
21.5,4.2105026245117188,
21.600000000000001,4.1134109497070312,
21.699999999999999,4.05975341796875,
21.800000000000001,3.9677734375,
21.899999999999999,3.85791015625,
22,3.7838134765625,
22.100000000000001,3.6995010375976562,
22.199999999999999,3.6407318115234375,
22.300000000000001,3.5947418212890625,
22.399999999999999,3.553863525390625,
22.5,3.4874343872070312,
22.600000000000001,3.313690185546875,
22.699999999999999,3.093963623046875,
22.800000000000001,2.9815444946289062,
22.899999999999999,3.0096511840820312,
23,3.13995361328125,
23.100000000000001,3.3315811157226562,
23.199999999999999,3.4593276977539062,
23.300000000000001,3.4644393920898438,
23.399999999999999,3.4312210083007812,
23.5,3.4133377075195312,
23.600000000000001,3.3290252685546875,
23.699999999999999,3.1987152099609375,
23.800000000000001,3.1527252197265625,
23.899999999999999,3.203826904296875,
24,3.2830352783203125,
24.100000000000001,3.3571319580078125,
24.199999999999999,3.43377685546875,
24.300000000000001,3.4644393920898438,
24.399999999999999,3.4465560913085938,
24.5,3.5002059936523438,
24.600000000000001,3.58197021484375,
24.699999999999999,3.748046875,
24.800000000000001,4.0801925659179688,
24.899999999999999,4.4149017333984375,
25,4.79559326171875,
25.100000000000001,5.2529373168945312,
25.199999999999999,5.6464080810546875,
25.300000000000001,5.9785614013671875,
25.399999999999999,6.3183746337890625,
25.5,6.6019821166992188,
25.600000000000001,6.7603912353515625,
25.699999999999999,6.8702545166015625,
25.800000000000001,6.8625869750976562,
25.899999999999999,6.6326370239257812,
26,6.3745803833007812,
26.100000000000001,6.1650772094726562,
26.199999999999999,5.8303680419921875,
26.300000000000001,5.3372573852539062,
26.399999999999999,4.8569107055664062,
26.5,4.4787750244140625,
26.600000000000001,4.1823959350585938,
26.699999999999999,3.9652175903320312,
26.800000000000001,3.8068084716796875,
26.899999999999999,3.6995010375976562,
27,3.6151809692382812,
27.100000000000001,3.5436477661132812,
27.199999999999999,3.518096923828125,
27.300000000000001,3.5232009887695312,
27.399999999999999,3.5232009887695312,
27.5,3.5206527709960938,
27.600000000000001,3.489990234375,
27.699999999999999,3.4848785400390625,
27.800000000000001,3.599853515625,
27.899999999999999,3.8195877075195312,
28,4.0571975708007812,
28.100000000000001,4.3254776000976562,
28.199999999999999,4.437896728515625,
28.300000000000001,4.3484725952148438,
28.399999999999999,4.437896728515625,
28.5,4.8748016357421875,
28.600000000000001,5.4803314208984375,
28.699999999999999,5.9197921752929688,
28.800000000000001,6.2366104125976562,
28.899999999999999,6.5457687377929688,
29,6.7041778564453125,
29.100000000000001,6.6403045654296875,
29.199999999999999,6.3388137817382812,
29.300000000000001,5.8789138793945312,
29.399999999999999,5.4087905883789062,
29.5,5.0383224487304688,
29.600000000000001,4.7087249755859375,
29.699999999999999,4.3791275024414062,
29.800000000000001,4.1389617919921875,
29.899999999999999,3.921783447265625,
30,3.663726806640625,13.761467933654785
30.100000000000001,3.43377685546875,
30.199999999999999,3.3162460327148438,
30.300000000000001,3.2728118896484375,
30.399999999999999,3.2370452880859375,
30.5,3.2114944458007812,
30.600000000000001,3.1910552978515625,
30.699999999999999,3.150177001953125,
30.800000000000001,3.0811920166015625,
30.899999999999999,3.0249786376953125,
31,3.0070953369140625,
31.100000000000001,3.0454177856445312,
31.199999999999999,3.168060302734375,
31.300000000000001,3.3111419677734375,
31.399999999999999,3.4210052490234375,
31.5,3.5232009887695312,
31.600000000000001,3.5615310668945312,
31.699999999999999,3.5232009887695312,
31.800000000000001,3.4465560913085938,
31.899999999999999,3.3264694213867188,
32,3.260040283203125,
32.100000000000001,3.2651519775390625,
32.200000000000003,3.3111419677734375,
32.299999999999997,3.3750152587890625,
32.399999999999999,3.3724594116210938,
32.5,3.2574844360351562,
32.600000000000001,3.0428619384765625,
32.700000000000003,2.9253311157226562,
32.799999999999997,2.984100341796875,
32.899999999999999,3.0811920166015625,
33,3.0914077758789062,
33.100000000000001,2.9866561889648438,
33.200000000000003,2.9227752685546875,
33.299999999999997,2.9713211059570312,
33.399999999999999,3.03009033203125,
33.5,3.0888519287109375,
33.600000000000001,3.2293777465820312,
33.700000000000003,3.5104293823242188,
33.799999999999997,3.8425827026367188,
33.899999999999999,4.069976806640625,
34,4.2615966796875,
34.100000000000001,4.5170974731445312,
34.200000000000003,4.8492507934570312,
34.299999999999997,5.2248306274414062,
34.399999999999999,5.5825347900390625,
34.5,5.8584747314453125,
34.600000000000001,6.0117721557617188,
34.700000000000003,5.9836654663085938,
34.799999999999997,5.7102813720703125,
34.899999999999999,5.3065948486328125,
35,4.8926849365234375,
35.100000000000001,4.4762191772460938,
35.200000000000003,4.0904159545898438,
35.299999999999997,3.7608184814453125,
35.399999999999999,3.5002059936523438,
35.5,3.3290252685546875,
35.600000000000001,3.23193359375,
35.700000000000003,3.1603927612304688,
35.799999999999997,3.0888519287109375,
35.899999999999999,2.9789886474609375,
36,2.8410186767578125,
36.100000000000001,2.7592620849609375,
36.200000000000003,2.743927001953125,
36.299999999999997,2.7592620849609375,
36.399999999999999,2.7848052978515625,
36.5,2.7950286865234375,
36.600000000000001,2.8052520751953125,
36.700000000000003,2.910003662109375,
36.799999999999997,3.111846923828125,
36.899999999999999,3.2906951904296875,
37,3.4158935546875,
37.100000000000001,3.571746826171875,
37.200000000000003,3.8042526245117188,
37.299999999999997,4.13385009765625,
37.399999999999999,4.4762191772460938,
37.5,4.841583251953125,
37.600000000000001,5.283599853515625,
37.700000000000003,5.6949539184570312,
37.799999999999997,6.00921630859375,
37.899999999999999,6.2519454956054688,
38,6.405242919921875,
38.100000000000001,6.4895553588867188,
38.200000000000003,6.5585403442382812,
38.299999999999997,6.5457687377929688,
38.399999999999999,6.3388137817382812,
38.5,5.871246337890625,
38.600000000000001,5.2222824096679688,
38.700000000000003,4.5963058471679688,
38.799999999999997,4.1261825561523438,
38.899999999999999,3.7863693237304688,
39,3.5232009887695312,
39.100000000000001,3.3188018798828125,
39.200000000000003,3.1450653076171875,
39.299999999999997,2.9994277954101562,
39.399999999999999,2.8946762084960938,
39.5,2.8333511352539062,
39.600000000000001,2.7950286865234375,
39.700000000000003,2.726043701171875,
39.799999999999997,2.6187362670898438,
39.899999999999999,2.5906295776367188,
40,2.669830322265625,11.18568229675293
40.100000000000001,2.7490386962890625,
40.200000000000003,2.8052520751953125,
40.299999999999997,2.892120361328125,
40.399999999999999,3.0249786376953125,
40.5,3.2063827514648438,
40.600000000000001,3.47210693359375,
40.700000000000003,3.7787017822265625,
40.799999999999997,4.1364059448242188,
40.899999999999999,4.4685516357421875,
41,4.731719970703125,
41.100000000000001,5.099639892578125,
41.200000000000003,5.4241256713867188,
41.299999999999997,5.5391006469726562,
41.399999999999999,5.5467605590820312,
41.5,5.485443115234375,
41.600000000000001,5.3347015380859375,
41.700000000000003,5.1532974243164062,
41.799999999999997,4.9999923706054688,
41.899999999999999,4.8007049560546875,
42,4.6065216064453125,
42.100000000000001,4.4659957885742188,
42.200000000000003,4.3152542114257812,
42.299999999999997,4.1312942504882812,
42.399999999999999,3.9192276000976562,
42.5,3.7301559448242188,
42.600000000000001,3.5870819091796875,
42.700000000000003,3.4593276977539062,
42.799999999999997,3.334136962890625,
42.899999999999999,3.2242660522460938,
43,3.1220703125,
43.100000000000001,3.0224227905273438,
43.200000000000003,2.9406661987304688,
43.299999999999997,2.8716812133789062,
43.399999999999999,2.8256912231445312,
43.5,2.7873611450195312,
43.600000000000001,2.73626708984375,
43.700000000000003,2.743927001953125,
43.799999999999997,2.8563461303710938,
43.899999999999999,3.0990753173828125,
44,3.4210052490234375,
44.100000000000001,3.6688385009765625,
44.200000000000003,3.8093643188476562,
44.299999999999997,4.0444259643554688,
44.399999999999999,4.42767333984375,
44.5,4.79559326171875,
44.600000000000001,5.0689773559570312,
44.700000000000003,5.2631607055664062,
44.799999999999997,5.3321456909179688,
44.899999999999999,5.2478256225585938,
45,5.0843124389648438,
45.100000000000001,4.8952407836914062,
45.200000000000003,4.6882858276367188,
45.299999999999997,4.4506683349609375,
45.399999999999999,4.20794677734375,
45.5,4.02398681640625,
45.600000000000001,3.8195877075195312,
45.700000000000003,3.5691909790039062,
45.799999999999997,3.3775711059570312,
45.899999999999999,3.2574844360351562,
46,3.1450653076171875,
46.100000000000001,3.0709686279296875,
46.200000000000003,3.06585693359375,
46.299999999999997,3.058197021484375,
46.399999999999999,3.019866943359375,
46.5,2.9611053466796875,
46.600000000000001,2.9176712036132812,
46.700000000000003,2.9023361206054688,
46.799999999999997,2.7975845336914062,
46.899999999999999,2.644287109375,
47,2.6263961791992188,
47.100000000000001,2.7311553955078125,
47.200000000000003,2.9151153564453125,
47.299999999999997,3.1884994506835938,
47.399999999999999,3.4976577758789062,
47.5,3.748046875,
47.600000000000001,3.9320068359375,
47.700000000000003,4.0980758666992188,
47.799999999999997,4.2462692260742188,
47.899999999999999,4.3612442016601562,
48,4.4123458862304688,
48.100000000000001,4.3484725952148438,
48.200000000000003,4.1031875610351562,
48.299999999999997,3.6611709594726562,
48.399999999999999,3.313690185546875,
48.5,3.1731719970703125,
48.600000000000001,3.0428619384765625,
48.700000000000003,2.8256912231445312,
48.799999999999997,2.5650787353515625,
48.899999999999999,2.3555679321289062,
49,2.2610321044921875,
49.100000000000001,2.2533721923828125,
49.200000000000003,2.2763671875,
49.299999999999997,2.3146896362304688,
49.399999999999999,2.3555679321289062,
49.5,2.3530120849609375,
49.600000000000001,2.3325729370117188,
49.700000000000003,2.3657913208007812,
49.799999999999997,2.4168853759765625,
49.899999999999999,2.4552154541015625,
50,2.5344161987304688,14.913007736206055
50.100000000000001,2.6391754150390625,
50.200000000000003,2.7694778442382812,
50.299999999999997,2.9764328002929688,
50.399999999999999,3.23193359375,
50.5,3.4848785400390625,
50.600000000000001,3.6816177368164062,
50.700000000000003,3.8885726928710938,
50.799999999999997,4.1389617919921875,
50.899999999999999,4.3714675903320312,
51,4.5860824584960938,
51.100000000000001,4.7725982666015625,
51.200000000000003,4.8645782470703125,
51.299999999999997,4.8492507934570312,
51.399999999999999,4.7777099609375,
51.5,4.6167449951171875,
51.600000000000001,4.3765716552734375,
51.700000000000003,4.1134109497070312,
51.799999999999997,3.847686767578125,
51.899999999999999,3.58197021484375,
52,3.3392410278320312,
52.100000000000001,3.1603927612304688,
52.200000000000003,3.0454177856445312,
52.299999999999997,2.9611053466796875,
52.399999999999999,2.8844528198242188,
52.5,2.8256912231445312,
52.600000000000001,2.7797012329101562,
52.700000000000003,2.7311553955078125,
52.799999999999997,2.6749420166015625,
52.899999999999999,2.6289520263671875,
53,2.5701904296875,
53.100000000000001,2.5114212036132812,
53.200000000000003,2.485870361328125,
53.299999999999997,2.5344161987304688,
53.399999999999999,2.708160400390625,
53.5,2.9687652587890625,
53.600000000000001,3.2651519775390625,
53.700000000000003,3.5691909790039062,
53.799999999999997,3.8144760131835938,
53.899999999999999,4.0060958862304688,
54,4.1542892456054688,
54.100000000000001,4.289703369140625,
54.200000000000003,4.4787750244140625,
54.299999999999997,4.6882858276367188,
54.399999999999999,4.8441390991210938,
54.5,4.8799057006835938,
54.600000000000001,4.7879257202148438,
54.700000000000003,4.6729507446289062,
54.799999999999997,4.6014175415039062,
54.899999999999999,4.4506683349609375,
55,4.2667083740234375,
55.100000000000001,4.0801925659179688,
55.200000000000003,3.8911209106445312,
55.299999999999997,3.7761459350585938,
55.399999999999999,3.6713943481445312,
55.5,3.5666427612304688,
55.600000000000001,3.4235610961914062,
55.700000000000003,3.2983627319335938,
55.799999999999997,3.168060302734375,
55.899999999999999,3.0505294799804688,
56,3.0556411743164062,
56.100000000000001,3.1220703125,
56.200000000000003,3.0786361694335938,
56.299999999999997,2.9892120361328125,
56.399999999999999,2.9713211059570312,
56.5,2.9994277954101562,
56.600000000000001,3.0990753173828125,
56.700000000000003,3.2983627319335938,
56.799999999999997,3.5308685302734375,
56.899999999999999,3.7224960327148438,
57,3.9013442993164062,
57.100000000000001,4.0725326538085938,
57.200000000000003,4.197723388671875,
57.299999999999997,4.2999267578125,
57.399999999999999,4.3970108032226562,
57.5,4.4481124877929688,
57.600000000000001,4.4608917236328125,
57.700000000000003,4.4481124877929688,
57.799999999999997,4.4097900390625,
57.899999999999999,4.3280258178710938,
58,4.2130508422851562,
58.100000000000001,4.115966796875,
58.200000000000003,4.0060958862304688,
58.299999999999997,3.8425827026367188,
58.399999999999999,3.6228485107421875,
58.5,3.369903564453125,
58.600000000000001,3.0888519287109375,
58.700000000000003,2.8767852783203125,
58.799999999999997,2.80780029296875,
58.899999999999999,2.7873611450195312,
59,2.726043701171875,
59.100000000000001,2.6545028686523438,
59.200000000000003,2.616180419921875,
59.299999999999997,2.5855178833007812,
59.399999999999999,2.5165328979492188,
59.5,2.4066696166992188,
59.600000000000001,2.3249053955078125,
59.700000000000003,2.3044662475585938,
59.799999999999997,2.33001708984375,
59.899999999999999,2.4526596069335938,
60,2.7056045532226562,18.308631896972656
60.100000000000001,3.0352020263671875,
60.200000000000003,3.35968017578125,
60.299999999999997,3.6432876586914062,
60.399999999999999,3.8834609985351562,
60.5,4.1082992553710938,
60.600000000000001,4.2948150634765625,
60.700000000000003,4.3612442016601562,
60.799999999999997,4.3126983642578125,
60.899999999999999,4.1721725463867188,
61,4.0009918212890625,
61.100000000000001,3.8195877075195312,
61.200000000000003,3.599853515625,
61.299999999999997,3.3903427124023438,
61.399999999999999,3.2268218994140625,
61.5,3.0811920166015625,
61.600000000000001,2.9355545043945312,
61.700000000000003,2.7771453857421875,
61.799999999999997,2.6289520263671875,
61.899999999999999,2.542083740234375,
62,2.506317138671875,
62.100000000000001,2.5293121337890625,
62.200000000000003,2.5548553466796875,
62.299999999999997,2.5293121337890625,
62.399999999999999,2.5114212036132812,
62.5,2.5012054443359375,
62.600000000000001,2.5037612915039062,
62.700000000000003,2.5676345825195312,
62.799999999999997,2.7107162475585938,
62.899999999999999,2.9304428100585938,
63,3.1987152099609375,
63.100000000000001,3.5053176879882812,
63.200000000000003,3.7965927124023438,
63.299999999999997,4.0520858764648438,
63.399999999999999,4.2948150634765625,
63.5,4.6550674438476562,
63.600000000000001,5.2069473266601562,
63.700000000000003,5.7077255249023438,
63.799999999999997,5.9964447021484375,
63.899999999999999,6.147186279296875,
64,6.3490371704101562,
64.099999999999994,6.5457687377929688,
64.200000000000003,6.56109619140625,
64.299999999999997,6.5355453491210938,
64.400000000000006,6.5329971313476562,
64.5,6.4691162109375,
64.599999999999994,6.3209304809570312,
64.700000000000003,6.0245513916015625,
64.799999999999997,5.6719589233398438,
64.900000000000006,5.4190139770507812,
65,5.1686248779296875,
65.099999999999994,4.9310073852539062,
65.200000000000003,4.7470474243164062,
65.299999999999997,4.5528717041015625,
65.400000000000006,4.3740158081054688,
65.5,4.2309417724609375,
65.599999999999994,4.0648651123046875,
65.700000000000003,3.8553543090820312,
65.799999999999997,3.645843505859375,
65.900000000000006,3.489990234375,
66,3.4133377075195312,
66.099999999999994,3.2932510375976562,
66.200000000000003,3.1067352294921875,
66.299999999999997,2.973876953125,
66.400000000000006,3.01220703125,
66.5,3.0735244750976562,
66.599999999999994,3.019866943359375,
66.700000000000003,2.9176712036132812,
66.799999999999997,2.7771453857421875,
66.900000000000006,2.6851654052734375,
67,2.7158203125,
67.099999999999994,2.7873611450195312,
67.200000000000003,2.8129119873046875,
67.299999999999997,2.8614578247070312,
67.400000000000006,2.966217041015625,
67.5,3.1092910766601562,
67.599999999999994,3.24981689453125,
67.700000000000003,3.3724594116210938,
67.799999999999997,3.5308685302734375,
67.900000000000006,3.748046875,
68,3.9907684326171875,
68.099999999999994,4.1926116943359375,
68.200000000000003,4.3280258178710938,
68.299999999999997,4.3740158081054688,
68.400000000000006,4.3893508911132812,
68.5,4.39190673828125,
68.599999999999994,4.2667083740234375,
68.700000000000003,4.0393142700195312,
68.799999999999997,3.8349151611328125,
68.900000000000006,3.6867218017578125,
69,3.58197021484375,
69.099999999999994,3.4874343872070312,
69.200000000000003,3.369903564453125,
69.299999999999997,3.2549285888671875,
69.400000000000006,3.1603927612304688,
69.5,3.093963623046875,
69.599999999999994,3.0811920166015625,
69.700000000000003,3.0786361694335938,
69.799999999999997,3.0505294799804688,
69.900000000000006,3.0070953369140625,
70,2.945770263671875,13.157895088195801
70.099999999999994,2.8972320556640625,
70.200000000000003,2.864013671875,
70.299999999999997,2.8282470703125,
70.400000000000006,2.8256912231445312,
70.5,2.8665695190429688,
70.599999999999994,2.9227752685546875,
70.700000000000003,2.9943161010742188,
70.799999999999997,3.0888519287109375,
70.900000000000006,3.2293777465820312,
71,3.4516677856445312,
71.099999999999994,3.80169677734375,
71.200000000000003,4.307586669921875,
71.299999999999997,4.823699951171875,
71.400000000000006,5.2989273071289062,
71.5,5.7997055053710938,
71.599999999999994,6.3004913330078125,
71.700000000000003,6.7629470825195312,
71.799999999999997,7.1538619995117188,
71.900000000000006,7.4527969360351562,
72,7.6137619018554688,
72.099999999999994,7.6163101196289062,
72.200000000000003,7.3275985717773438,
72.299999999999997,6.681182861328125,
72.400000000000006,5.807373046875,
72.5,4.9412307739257812,
72.599999999999994,4.3050308227539062,
72.700000000000003,3.8323593139648438,
72.799999999999997,3.3647918701171875,
72.900000000000006,3.0096511840820312,
73,2.8154678344726562,
73.099999999999994,2.6826095581054688,
73.200000000000003,2.5957412719726562,
73.299999999999997,2.5395278930664062,
73.400000000000006,2.5190887451171875,
73.5,2.5190887451171875,
73.599999999999994,2.506317138671875,
73.700000000000003,2.5012054443359375,
73.799999999999997,2.506317138671875,
73.900000000000006,2.5037612915039062,
74,2.4730987548828125,
74.099999999999994,2.4117813110351562,
74.200000000000003,2.393890380859375,
74.299999999999997,2.4603271484375,
74.400000000000006,2.5446395874023438,
74.5,2.598297119140625,
74.599999999999994,2.6110687255859375,
74.700000000000003,2.6212921142578125,
74.799999999999997,2.6570587158203125,
74.900000000000006,2.690277099609375,
75,2.708160400390625,
75.099999999999994,2.8103561401367188,
75.200000000000003,2.9125595092773438,
75.299999999999997,2.8844528198242188,
75.400000000000006,2.892120361328125,
75.5,3.0479736328125,
75.599999999999994,3.3009185791015625,
75.700000000000003,3.5513076782226562,
75.799999999999997,3.737823486328125,
75.900000000000006,3.9090118408203125,
76,4.115966796875,
76.099999999999994,4.3408050537109375,
76.200000000000003,4.5170974731445312,
76.299999999999997,4.6193008422851562,
76.400000000000006,4.6908416748046875,
76.5,4.6882858276367188,
76.599999999999994,4.6141891479492188,
76.700000000000003,4.4813308715820312,
76.799999999999997,4.2002792358398438,
76.900000000000006,3.8451309204101562,
77,3.5896377563476562,
77.099999999999994,3.4286651611328125,
77.200000000000003,3.2549285888671875,
77.299999999999997,3.0786361694335938,
77.400000000000006,3.0352020263671875,
77.5,3.0709686279296875,
77.599999999999994,3.0607452392578125,
77.700000000000003,3.093963623046875,
77.799999999999997,3.2242660522460938,
77.900000000000006,3.3954544067382812,
78,3.6126327514648438,
78.099999999999994,3.8604660034179688,
78.200000000000003,4.0750808715820312,
78.299999999999997,4.335693359375,
78.400000000000006,4.61163330078125,
78.5,4.8211441040039062,
78.599999999999994,5.0127716064453125,
78.700000000000003,5.23760986328125,
78.799999999999997,5.4777755737304688,
78.900000000000006,5.7000656127929688,
79,5.9019088745117188,
79.099999999999994,5.9760055541992188,
79.200000000000003,5.9019088745117188,
79.299999999999997,5.8022613525390625,
79.400000000000006,5.7000656127929688,
79.5,5.4982223510742188,
79.599999999999994,5.2171707153320312,
79.700000000000003,4.9565582275390625,
79.799999999999997,4.731719970703125,
79.900000000000006,4.491546630859375,
80,4.1900558471679688,8.0428953170776367
80.099999999999994,3.8732376098632812,
80.200000000000003,3.6024093627929688,
80.299999999999997,3.3162460327148438,
80.400000000000006,2.99176025390625,
80.5,2.7209320068359375,
80.599999999999994,2.5804061889648438,
80.700000000000003,2.51397705078125,
80.799999999999997,2.4628753662109375,
80.900000000000006,2.4475479125976562,
81,2.5012054443359375,
81.099999999999994,2.6136245727539062,
81.200000000000003,2.6800537109375,
81.299999999999997,2.6774978637695312,
81.400000000000006,2.69793701171875,
81.5,2.7285995483398438,
81.599999999999994,2.7107162475585938,
81.700000000000003,2.6596145629882812,
81.799999999999997,2.598297119140625,
81.900000000000006,2.5548553466796875,
82,2.5804061889648438,
82.099999999999994,2.6928253173828125,
82.200000000000003,2.8716812133789062,
82.299999999999997,3.0914077758789062,
82.400000000000006,3.32391357421875,
82.5,3.5487518310546875,
82.599999999999994,3.7531509399414062,
82.700000000000003,3.9320068359375,
82.799999999999997,4.0853042602539062,
82.900000000000006,4.1849517822265625,
83,4.20794677734375,
83.099999999999994,4.1415176391601562,
83.200000000000003,4.013763427734375,
83.299999999999997,3.9141159057617188,
83.400000000000006,3.8655776977539062,
83.5,3.7633743286132812,
83.599999999999994,3.5206527709960938,
83.700000000000003,3.2702560424804688,
83.799999999999997,3.0862960815429688,
83.900000000000006,2.9227752685546875,
84,2.7515945434570312,
84.099999999999994,2.616180419921875,
84.200000000000003,2.5676345825195312,
84.299999999999997,2.5497512817382812,
84.400000000000006,2.5114212036132812,
84.5,2.485870361328125,
84.599999999999994,2.4986495971679688,
84.700000000000003,2.5267562866210938,
84.799999999999997,2.5906295776367188,
84.900000000000006,2.7107162475585938,
85,2.8793411254882812,
85.099999999999994,3.0275344848632812,
85.200000000000003,3.1782760620117188,
85.299999999999997,3.369903564453125,
85.400000000000006,3.5845260620117188,
85.5,3.8144760131835938,
85.599999999999994,4.013763427734375,
85.700000000000003,4.1364059448242188,
85.799999999999997,4.123626708984375,
85.900000000000006,4.031646728515625,
86,3.9524459838867188,
86.099999999999994,3.8068084716796875,
86.200000000000003,3.5947418212890625,
86.299999999999997,3.3724594116210938,
86.400000000000006,3.1092910766601562,
86.5,2.8589019775390625,
86.599999999999994,2.690277099609375,
86.700000000000003,2.5931854248046875,
86.799999999999997,2.5574111938476562,
86.900000000000006,2.5548553466796875,
87,2.5676345825195312,
87.099999999999994,2.5753021240234375,
87.200000000000003,2.5395278930664062,
87.299999999999997,2.485870361328125,
87.400000000000006,2.4884262084960938,
87.5,2.5855178833007812,
87.599999999999994,2.7771453857421875,
87.700000000000003,3.0479736328125,
87.799999999999997,3.32391357421875,
87.900000000000006,3.553863525390625,
88,3.7735977172851562,
88.099999999999994,3.98565673828125,
88.200000000000003,4.1389617919921875,
88.299999999999997,4.2181625366210938,
88.400000000000006,4.179840087890625,
88.5,4.0265426635742188,
88.599999999999994,3.8068084716796875,
88.700000000000003,3.5564193725585938,
88.799999999999997,3.3085861206054688,
88.900000000000006,3.1195144653320312,
89,2.9687652587890625,
89.099999999999994,2.8231353759765625,
89.200000000000003,2.7183761596679688,
89.299999999999997,2.6468353271484375,
89.400000000000006,2.5574111938476562,
89.5,2.47821044921875,
89.599999999999994,2.4603271484375,
89.700000000000003,2.4833221435546875,
89.799999999999997,2.559967041015625,
89.900000000000006,2.7311553955078125,
90,2.9866561889648438,8.0428953170776367
90.099999999999994,3.2804794311523438,
90.200000000000003,3.5896377563476562,
90.299999999999997,3.9013442993164062,
90.400000000000006,4.2028350830078125,
90.5,4.5094375610351562,
90.599999999999994,4.8492507934570312,
90.700000000000003,5.2171707153320312,
90.799999999999997,5.6106414794921875,
90.900000000000006,6.0117721557617188,
91,6.3388137817382812,
91.099999999999994,6.5559921264648438,
91.200000000000003,6.6377487182617188,
91.299999999999997,6.5406570434570312,
91.400000000000006,6.2723846435546875,
91.5,5.9019088745117188,
91.599999999999994,5.5109939575195312,
91.700000000000003,5.1481857299804688,
91.799999999999997,4.8313674926757812,
91.900000000000006,4.5605316162109375,
92,4.3203659057617188,
92.099999999999994,4.0904159545898438,
92.200000000000003,3.8834609985351562,
92.299999999999997,3.6943893432617188,
92.400000000000006,3.5155410766601562,
92.5,3.3290252685546875,
92.599999999999994,3.1373977661132812,
92.700000000000003,2.9892120361328125,
92.799999999999997,2.8997802734375,
92.900000000000006,2.8512420654296875,
93,2.7107162475585938,
93.099999999999994,2.4756546020507812,
93.200000000000003,2.4194412231445312,
93.299999999999997,2.51397705078125,
93.400000000000006,2.5037612915039062,
93.5,2.432220458984375,
93.599999999999994,2.4271087646484375,
93.700000000000003,2.5088653564453125,
93.799999999999997,2.7285995483398438,
93.900000000000006,3.0684127807617188,
94,3.4031219482421875,
94.099999999999994,3.6509552001953125,
94.200000000000003,3.8604660034179688,
94.299999999999997,4.1261825561523438,
94.400000000000006,4.455780029296875,
94.5,4.823699951171875,
94.599999999999994,5.1967315673828125,
94.700000000000003,5.5109939575195312,
94.799999999999997,5.7741622924804688,
94.900000000000006,5.9887771606445312,
95,6.0322113037109375,
95.099999999999994,5.8559188842773438,
95.200000000000003,5.5723114013671875,
95.299999999999997,5.1584014892578125,
95.400000000000006,4.583526611328125,
95.5,4.0265426635742188,
95.599999999999994,3.6049652099609375,
95.700000000000003,3.277923583984375,
95.799999999999997,3.0530853271484375,
95.900000000000006,2.92022705078125,
96,2.8052520751953125,
96.099999999999994,2.7388153076171875,
96.200000000000003,2.7285995483398438,
96.299999999999997,2.66217041015625,
96.400000000000006,2.5829620361328125,
96.5,2.5906295776367188,
96.599999999999994,2.6136245727539062,
96.700000000000003,2.5395278930664062,
96.799999999999997,2.4117813110351562,
96.900000000000006,2.347900390625,
97,2.3708953857421875,
97.099999999999994,2.4245529174804688,
97.200000000000003,2.4424362182617188,
97.299999999999997,2.450103759765625,
97.400000000000006,2.5446395874023438,
97.5,2.7413711547851562,
97.599999999999994,2.9483261108398438,
97.700000000000003,3.1144027709960938,
97.799999999999997,3.2651519775390625,
97.900000000000006,3.4465560913085938,
98,3.6509552001953125,
98.099999999999994,3.829803466796875,
98.200000000000003,3.903900146484375,
98.299999999999997,3.8374710083007812,
98.400000000000006,3.7224960327148438,
98.5,3.5947418212890625,
98.599999999999994,3.4133377075195312,
98.700000000000003,3.2268218994140625,
98.799999999999997,3.03009033203125,
98.900000000000006,2.8282470703125,
99,2.6800537109375,
99.099999999999994,2.6085128784179688,
99.200000000000003,2.5701904296875,
99.299999999999997,2.5446395874023438,
99.400000000000006,2.5829620361328125,
99.5,2.7413711547851562,
99.599999999999994,3.0173110961914062,
99.700000000000003,3.3647918701171875,
99.799999999999997,3.663726806640625,
99.900000000000006,3.87579345703125,
100,4.0546417236328125,7.8671331405639648
100.09999999999999,4.24371337890625,
100.2,4.4659957885742188,
100.3,4.6704025268554688,
100.40000000000001,4.7879257202148438,
100.5,4.7930374145507812,
100.59999999999999,4.6831741333007812,
100.7,4.4353408813476562,
100.8,4.0623092651367188,
100.90000000000001,3.7148284912109375,
101,3.4644393920898438,
101.09999999999999,3.2344894409179688,
101.2,3.0454177856445312,
101.3,2.9304428100585938,
101.40000000000001,2.835906982421875,
101.5,2.7515945434570312,
101.59999999999999,2.6545028686523438,
101.7,2.577850341796875,
101.8,2.55230712890625,
101.90000000000001,2.5216445922851562,
102,2.4935379028320312,
102.09999999999999,2.5676345825195312,
102.2,2.782257080078125,
102.3,3.0735244750976562,
102.40000000000001,3.3775711059570312,
102.5,3.6995010375976562,
102.59999999999999,4.0929718017578125,
102.7,4.6269607543945312,
102.8,5.2478256225585938,
102.90000000000001,5.7358322143554688,
103,6.0245513916015625,
103.09999999999999,6.2596054077148438,
103.2,6.4767837524414062,
103.3,6.6224212646484375,
103.40000000000001,6.6556320190429688,
103.5,6.5278854370117188,
103.59999999999999,6.3081512451171875,
103.7,6.1037521362304688,
103.8,5.871246337890625,
103.90000000000001,5.541656494140625,
104,5.2043914794921875,
104.09999999999999,4.951446533203125,
104.2,4.7700424194335938,
104.3,4.6525115966796875,
104.40000000000001,4.53753662109375,
104.5,4.3893508911132812,
104.59999999999999,4.2488250732421875,
104.7,4.1134109497070312,
104.8,3.9320068359375,
104.90000000000001,3.7148284912109375,
105,3.5027618408203125,
105.09999999999999,3.3034744262695312,
105.2,3.1322860717773438,
105.3,2.9968719482421875,
105.40000000000001,2.8716812133789062,
105.5,2.7694778442382812,
105.59999999999999,2.7004928588867188,
105.7,2.644287109375,
105.8,2.6085128784179688,
105.90000000000001,2.6008453369140625,
106,2.5829620361328125,
106.09999999999999,2.5855178833007812,
106.2,2.6723861694335938,
106.3,2.800140380859375,
106.40000000000001,2.9943161010742188,
106.5,3.2268218994140625,
106.59999999999999,3.4210052490234375,
106.7,3.65606689453125,
106.8,3.9626617431640625,
106.90000000000001,4.2564926147460938,
107,4.50177001953125,
107.09999999999999,4.6933975219726562,
107.2,4.823699951171875,
107.3,4.8901290893554688,
107.40000000000001,4.8339157104492188,
107.5,4.6422958374023438,
107.59999999999999,4.3944625854492188,
107.7,4.1670608520507812,
107.8,4.0086517333984375,
107.90000000000001,3.8809051513671875,
108,3.6841659545898438,
108.09999999999999,3.3545761108398438,
108.2,3.019866943359375,
108.3,2.80780029296875,
108.40000000000001,2.6826095581054688,
108.5,2.6212921142578125,
108.59999999999999,2.5931854248046875,
108.7,2.5855178833007812,
108.8,2.5957412719726562,
108.90000000000001,2.6110687255859375,
109,2.6289520263671875,
109.09999999999999,2.6468353271484375,
109.2,2.616180419921875,
109.3,2.5446395874023438,
109.40000000000001,2.51397705078125,
109.5,2.5471954345703125,
109.59999999999999,2.634063720703125,
109.7,2.7771453857421875,
109.8,2.9483261108398438,
109.90000000000001,3.1195144653320312,
110,3.28814697265625,14.906831741333008
110.09999999999999,3.5206527709960938,
110.2,3.8272476196289062,
110.3,4.105743408203125,
110.40000000000001,4.3254776000976562,
110.5,4.5094375610351562,
110.59999999999999,4.6550674438476562,
110.7,4.7623825073242188,
110.8,4.8083724975585938,
110.90000000000001,4.713836669921875,
111,4.5630874633789062,
111.09999999999999,4.5170974731445312,
111.2,4.5170974731445312,
111.3,4.399566650390625,
111.40000000000001,4.2053909301757812,
111.5,4.1108551025390625,
111.59999999999999,4.1082992553710938,
111.7,4.0980758666992188,
111.8,4.0393142700195312,
111.90000000000001,3.903900146484375,
112,3.8323593139648438,
112.09999999999999,3.80169677734375,
112.2,3.6330718994140625,
112.3,3.4005661010742188,
112.40000000000001,3.1808319091796875,
112.5,3.0249786376953125,
112.59999999999999,2.927886962890625,
112.7,2.8282470703125,
112.8,2.7311553955078125,
112.90000000000001,2.669830322265625,
113,2.6672821044921875,
113.09999999999999,2.7030487060546875,
113.2,2.7107162475585938,
113.3,2.7234878540039062,
113.40000000000001,2.7848052978515625,
113.5,2.8103561401367188,
113.59999999999999,2.7158203125,
113.7,2.6493911743164062,
113.8,2.8614578247070312,
113.90000000000001,3.221710205078125,
114,3.5845260620117188,
114.09999999999999,3.8553543090820312,
114.2,4.0188751220703125,
114.3,4.2309417724609375,
114.40000000000001,4.5068817138671875,
114.5,4.7444915771484375,
114.59999999999999,4.8288116455078125,
114.7,4.8441390991210938,
114.8,4.9540023803710938,
114.90000000000001,5.1711807250976562,
115,5.3653564453125,
115.09999999999999,5.393463134765625,
115.2,5.2171707153320312,
115.3,4.9488906860351562,
115.40000000000001,4.6499557495117188,
115.5,4.2922592163085938,
115.59999999999999,3.9754409790039062,
115.7,3.7327117919921875,
115.8,3.50787353515625,
115.90000000000001,3.3290252685546875,
116,3.21405029296875,
116.09999999999999,3.1092910766601562,
116.2,3.0173110961914062,
116.3,2.9585494995117188,
116.40000000000001,2.9176712036132812,
116.5,2.8410186767578125,
116.59999999999999,2.7285995483398438,
116.7,2.6136245727539062,
116.8,2.524200439453125,
116.90000000000001,2.4628753662109375,
117,2.4168853759765625,
117.09999999999999,2.393890380859375,
117.2,2.393890380859375,
117.3,2.40411376953125,
117.40000000000001,2.43988037109375,
117.5,2.4833221435546875,
117.59999999999999,2.5931854248046875,
117.7,2.77203369140625,
117.8,2.9534378051757812,
117.90000000000001,3.2191619873046875,
118,3.6049652099609375,
118.09999999999999,4.0290908813476562,
118.2,4.4225616455078125,
118.3,4.7572708129882812,
118.40000000000001,5.0383224487304688,
118.5,5.3040390014648438,
118.59999999999999,5.541656494140625,
118.7,5.6387405395507812,
118.8,5.5442123413085938,
118.90000000000001,5.2989273071289062,
119,5.0102157592773438,
119.09999999999999,4.7393875122070312,
119.2,4.4251174926757812,
119.3,4.1210708618164062,
119.40000000000001,3.94989013671875,
119.5,3.8042526245117188,
119.59999999999999,3.610076904296875,
119.7,3.5283126831054688,
119.8,3.5589752197265625,
119.90000000000001,3.5794143676757812,
120,3.4976577758789062,15.272727012634277
120.09999999999999,3.3494644165039062,
120.2,3.2396011352539062,
120.3,3.2268218994140625,
120.40000000000001,3.3545761108398438,
120.5,3.50787353515625,
120.59999999999999,3.5308685302734375,
120.7,3.4312210083007812,
120.8,3.3085861206054688,
120.90000000000001,3.260040283203125,
121,3.3111419677734375,
121.09999999999999,3.4082260131835938,
121.2,3.5410919189453125,
121.3,3.7224960327148438,
121.40000000000001,3.939666748046875,
121.5,4.1823959350585938,
121.59999999999999,4.437896728515625,
121.7,4.7112808227539062,
121.8,4.9923324584960938,
121.90000000000001,5.2912673950195312,
122,5.5850906372070312,
122.09999999999999,5.817596435546875,
122.2,5.9887771606445312,
122.3,6.0884246826171875,
122.40000000000001,6.0424346923828125,
122.5,5.8508071899414062,
122.59999999999999,5.60552978515625,
122.7,5.3040390014648438,
122.8,4.9003524780273438,
122.90000000000001,4.473663330078125,
123,4.1134109497070312,
123.09999999999999,3.8349151611328125,
123.2,3.5768585205078125,
123.3,3.3060302734375,
123.40000000000001,3.076080322265625,
123.5,2.8972320556640625,
123.59999999999999,2.754150390625,
123.7,2.6493911743164062,
123.8,2.5753021240234375,
123.90000000000001,2.5293121337890625,
124,2.5114212036132812,
124.09999999999999,2.55230712890625,
124.2,2.6545028686523438,
124.3,2.84613037109375,
124.40000000000001,3.1246261596679688,
124.5,3.3622360229492188,
124.59999999999999,3.5410919189453125,
124.7,3.7429351806640625,
124.8,4.0035476684570312,
124.90000000000001,4.3331375122070312,
125,4.6295166015625,
125.09999999999999,4.7981491088867188,
125.2,4.823699951171875,
125.3,4.7700424194335938,
125.40000000000001,4.6806182861328125,
125.5,4.53753662109375,
125.59999999999999,4.3382492065429688,
125.7,4.123626708984375,
125.8,3.9345626831054688,
125.90000000000001,3.7582626342773438,
126,3.6075210571289062,
126.09999999999999,3.5436477661132812,
126.2,3.5002059936523438,
126.3,3.387786865234375,
126.40000000000001,3.242156982421875,
126.5,3.10418701171875,
126.59999999999999,2.95599365234375,
126.7,2.8129119873046875,
126.8,2.7234878540039062,
126.90000000000001,2.6800537109375,
127,2.6417312622070312,
127.09999999999999,2.6110687255859375,
127.2,2.6034011840820312,
127.3,2.6034011840820312,
127.40000000000001,2.651947021484375,
127.5,2.8052520751953125,
127.59999999999999,3.0556411743164062,
127.7,3.3264694213867188,
127.8,3.6151809692382812,
127.90000000000001,3.9064559936523438,
128,4.1542892456054688,
128.09999999999999,4.4149017333984375,
128.19999999999999,4.6985015869140625,
128.30000000000001,4.9872207641601562,
128.40000000000001,5.2478256225585938,
128.5,5.439453125,
128.59999999999999,5.5288772583007812,
128.69999999999999,5.5084381103515625,
128.80000000000001,5.4803314208984375,
128.90000000000001,5.439453125,
129,5.3040390014648438,
129.09999999999999,5.1303024291992188,
129.19999999999999,4.9310073852539062,
129.30000000000001,4.6780624389648438,
129.40000000000001,4.4097900390625,
129.5,4.1823959350585938,
129.59999999999999,4.013763427734375,
129.69999999999999,3.8093643188476562,
129.80000000000001,3.5845260620117188,
129.90000000000001,3.4082260131835938,
130,3.2677001953125,17.033357620239258
130.09999999999999,3.1578369140625,
130.19999999999999,3.0607452392578125,
130.30000000000001,2.9789886474609375,
130.40000000000001,2.8870086669921875,
130.5,2.8333511352539062,
130.59999999999999,2.8997802734375,
130.69999999999999,2.9483261108398438,
130.80000000000001,2.8307952880859375,
130.90000000000001,2.7132720947265625,
131,2.7158203125,
131.09999999999999,2.7924728393554688,
131.19999999999999,2.9227752685546875,
131.30000000000001,3.0709686279296875,
131.40000000000001,3.2293777465820312,
131.5,3.4184494018554688,
131.59999999999999,3.6816177368164062,
131.69999999999999,3.9882125854492188,
131.80000000000001,4.2411575317382812,
131.90000000000001,4.4302291870117188,
132,4.5426483154296875,
132.09999999999999,4.5043258666992188,
132.19999999999999,4.3612442016601562,
132.30000000000001,4.2232742309570312,
132.40000000000001,4.05975341796875,
132.5,3.8374710083007812,
132.59999999999999,3.6126327514648438,
132.69999999999999,3.405670166015625,
132.80000000000001,3.1936111450195312,
132.90000000000001,2.9713211059570312,
133,2.7848052978515625,
133.09999999999999,2.6596145629882812,
133.19999999999999,2.5727462768554688,
133.30000000000001,2.5190887451171875,
133.40000000000001,2.4935379028320312,
133.5,2.4909820556640625,
133.59999999999999,2.5190887451171875,
133.69999999999999,2.5395278930664062,
133.80000000000001,2.5293121337890625,
133.90000000000001,2.5114212036132812,
134,2.4884262084960938,
134.09999999999999,2.51397705078125,
134.19999999999999,2.644287109375,
134.30000000000001,2.8793411254882812,
134.40000000000001,3.1706161499023438,
134.5,3.5104293823242188,
134.59999999999999,3.7863693237304688,
134.69999999999999,3.9703292846679688,
134.80000000000001,4.1875076293945312,
134.90000000000001,4.3867950439453125,
135,4.5247650146484375,
135.09999999999999,4.6908416748046875,
135.19999999999999,4.9463424682617188,
135.30000000000001,5.2120590209960938,
135.40000000000001,5.4547805786132812,
135.5,5.7332763671875,
135.59999999999999,6.0219955444335938,
135.69999999999999,6.2800521850585938,
135.80000000000001,6.4384613037109375,
135.90000000000001,6.369476318359375,
136,6.1369705200195312,
136.09999999999999,5.8865814208984375,
136.19999999999999,5.6770706176757812,
136.30000000000001,5.5799789428710938,
136.40000000000001,5.5237655639648438,
136.5,5.4598922729492188,
136.59999999999999,5.4241256713867188,
136.69999999999999,5.375579833984375,
136.80000000000001,5.2989273071289062,
136.90000000000001,5.1584014892578125,
137,4.8722457885742188,
137.09999999999999,4.4966583251953125,
137.19999999999999,4.1185226440429688,
137.30000000000001,3.748046875,
137.40000000000001,3.4158935546875,
137.5,3.2089385986328125,
137.59999999999999,2.9943161010742188,
137.69999999999999,2.8231353759765625,
137.80000000000001,2.7004928588867188,
137.90000000000001,2.6034011840820312,
138,2.524200439453125,
138.09999999999999,2.4552154541015625,
138.19999999999999,2.3913421630859375,
138.30000000000001,2.3453521728515625,
138.40000000000001,2.3351287841796875,
138.5,2.3657913208007812,
138.59999999999999,2.4552154541015625,
138.69999999999999,2.6212921142578125,
138.80000000000001,2.8282470703125,
138.90000000000001,3.019866943359375,
139,3.1731719970703125,
139.09999999999999,3.2830352783203125,
139.19999999999999,3.387786865234375,
139.30000000000001,3.5104293823242188,
139.40000000000001,3.6816177368164062,
139.5,3.9141159057617188,
139.59999999999999,4.115966796875,
139.69999999999999,4.1721725463867188,
139.80000000000001,4.1185226440429688,
139.90000000000001,4.0444259643554688,
140,3.9831008911132812,16.773162841796875
140.09999999999999,3.9345626831054688,
140.19999999999999,3.84002685546875,
140.30000000000001,3.6151809692382812,
140.40000000000001,3.3060302734375,
140.5,3.0326461791992188,
140.59999999999999,2.8410186767578125,
140.69999999999999,2.6749420166015625,
140.80000000000001,2.5625228881835938,
140.90000000000001,2.49609375,
141,2.4424362182617188,
141.09999999999999,2.47821044921875,
141.19999999999999,2.634063720703125,
141.30000000000001,2.853790283203125,
141.40000000000001,3.1067352294921875,
141.5,3.3724594116210938,
141.59999999999999,3.6969451904296875,
141.69999999999999,4.1594009399414062,
141.80000000000001,4.6371841430664062,
141.90000000000001,5.025543212890625,
142,5.3781356811523438,
142.09999999999999,5.6617355346679688,
142.19999999999999,5.8201522827148438,
142.30000000000001,5.8456954956054688,
142.40000000000001,5.697509765625,
142.5,5.4471206665039062,
142.59999999999999,5.2350540161132812,
142.69999999999999,5.0510940551757812,
142.80000000000001,4.841583251953125,
142.90000000000001,4.6806182861328125,
143,4.5707550048828125,
143.09999999999999,4.4251174926757812,
143.19999999999999,4.2360458374023438,
143.30000000000001,4.0342025756835938,
143.40000000000001,3.8195877075195312,
143.5,3.5794143676757812,
143.59999999999999,3.3622360229492188,
143.69999999999999,3.1910552978515625,
143.80000000000001,3.0275344848632812,
143.90000000000001,2.8691253662109375,
144,2.7311553955078125,
144.09999999999999,2.62384033203125,
144.19999999999999,2.5369720458984375,
144.30000000000001,2.4424362182617188,
144.40000000000001,2.3427963256835938,
144.5,2.2865829467773438,
144.59999999999999,2.284027099609375,
144.69999999999999,2.2891387939453125,
144.80000000000001,2.2916946411132812,
144.90000000000001,2.3070220947265625,
145,2.347900390625,
145.09999999999999,2.4245529174804688,
145.19999999999999,2.542083740234375,
145.30000000000001,2.6953811645507812,
145.40000000000001,2.853790283203125,
145.5,3.03009033203125,
145.59999999999999,3.2396011352539062,
145.69999999999999,3.4669952392578125,
145.80000000000001,3.7224960327148438,
145.90000000000001,3.977996826171875,
146,4.1875076293945312,
146.09999999999999,4.31781005859375,
146.19999999999999,4.3254776000976562,
146.30000000000001,4.2564926147460938,
146.40000000000001,4.1466217041015625,
146.5,3.995880126953125,
146.59999999999999,3.886016845703125,
146.69999999999999,3.8451309204101562,
146.80000000000001,3.8323593139648438,
146.90000000000001,3.8093643188476562,
147,3.7301559448242188,
147.09999999999999,3.610076904296875,
147.19999999999999,3.47210693359375,
147.30000000000001,3.313690185546875,
147.40000000000001,3.1322860717773438,
147.5,2.92022705078125,
147.59999999999999,2.7107162475585938,
147.69999999999999,2.5753021240234375,
147.80000000000001,2.506317138671875,
147.90000000000001,2.4654312133789062,
148,2.43988037109375,
148.09999999999999,2.4347763061523438,
148.19999999999999,2.4449920654296875,
148.30000000000001,2.4705429077148438,
148.40000000000001,2.5293121337890625,
148.5,2.6570587158203125,
148.59999999999999,2.8307952880859375,
148.69999999999999,3.0403060913085938,
148.80000000000001,3.3162460327148438,
148.90000000000001,3.6586227416992188,
149,4.0444259643554688,
149.09999999999999,4.3791275024414062,
149.19999999999999,4.72149658203125,
149.30000000000001,5.1405181884765625,
149.40000000000001,5.54931640625,
149.5,5.8865814208984375,
149.59999999999999,6.1190872192382812,
149.69999999999999,6.2110671997070312,
149.80000000000001,6.129302978515625,
149.90000000000001,5.8891372680664062,
150,5.6259689331054688,13.148283004760742
150.09999999999999,5.393463134765625,
150.19999999999999,5.1328506469726562,
150.30000000000001,4.8262557983398438,
150.40000000000001,4.491546630859375,
150.5,4.1415176391601562,
150.59999999999999,3.794036865234375,
150.69999999999999,3.47210693359375,
150.80000000000001,3.2089385986328125,
150.90000000000001,3.0326461791992188,
151,2.9151153564453125,
151.09999999999999,2.8026962280273438,
151.19999999999999,2.690277099609375,
151.30000000000001,2.5906295776367188,
151.40000000000001,2.5165328979492188,
151.5,2.47821044921875,
151.59999999999999,2.4526596069335938,
151.69999999999999,2.4092254638671875,
151.80000000000001,2.347900390625,
151.90000000000001,2.2789154052734375,
152,2.248260498046875,
152.09999999999999,2.266143798828125,
152.19999999999999,2.2814712524414062,
152.30000000000001,2.284027099609375,
152.40000000000001,2.284027099609375,
152.5,2.3095779418945312,
152.59999999999999,2.38623046875,
152.69999999999999,2.4986495971679688,
152.80000000000001,2.6212921142578125,
152.90000000000001,2.7771453857421875,
153,2.95599365234375,
153.09999999999999,3.168060302734375,
153.19999999999999,3.405670166015625,
153.30000000000001,3.6151809692382812,
153.40000000000001,3.7863693237304688,
153.5,3.903900146484375,
153.59999999999999,3.9447784423828125,
153.69999999999999,3.9447784423828125,
153.80000000000001,3.85791015625,
153.90000000000001,3.69183349609375,
154,3.6254043579101562,
154.09999999999999,3.5513076782226562,
154.19999999999999,3.4107818603515625,
154.30000000000001,3.3622360229492188,
154.40000000000001,3.3009185791015625,
154.5,3.1603927612304688,
154.59999999999999,3.0454177856445312,
154.69999999999999,2.9866561889648438,
154.80000000000001,2.88189697265625,
154.90000000000001,2.6877212524414062,
155,2.5190887451171875,
155.09999999999999,2.3990020751953125,
155.19999999999999,2.29425048828125,
155.30000000000001,2.2022705078125,
155.40000000000001,2.1358413696289062,
155.5,2.1486129760742188,
155.59999999999999,2.1971588134765625,
155.69999999999999,2.2635879516601562,
155.80000000000001,2.4117813110351562,
155.90000000000001,2.6570587158203125,
156,2.966217041015625,
156.09999999999999,3.2677001953125,
156.19999999999999,3.518096923828125,
156.30000000000001,3.7506027221679688,
156.40000000000001,3.9601058959960938,
156.5,4.1312942504882812,
156.59999999999999,4.2564926147460938,
156.69999999999999,4.271820068359375,
156.80000000000001,4.1491775512695312,
156.90000000000001,3.886016845703125,
157,3.535980224609375,
157.09999999999999,3.1987152099609375,
157.19999999999999,2.9534378051757812,
157.30000000000001,2.8384628295898438,
157.40000000000001,2.8103561401367188,
157.5,2.7464828491210938,
157.59999999999999,2.66217041015625,
157.69999999999999,2.542083740234375,
157.80000000000001,2.376007080078125,
157.90000000000001,2.2916946411132812,
158,2.2431488037109375,
158.09999999999999,2.18438720703125,
158.19999999999999,2.2457046508789062,
158.30000000000001,2.43988037109375,
158.40000000000001,2.6953811645507812,
158.5,3.001983642578125,
158.59999999999999,3.369903564453125,
158.69999999999999,3.7582626342773438,
158.80000000000001,4.123626708984375,
158.90000000000001,4.4966583251953125,
159,4.8722457885742188,
159.09999999999999,5.1890640258789062,
159.19999999999999,5.4522323608398438,
159.30000000000001,5.6770706176757812,
159.40000000000001,5.909576416015625,
159.5,6.1778488159179688,
159.59999999999999,6.3950271606445312,
159.69999999999999,6.5585403442382812,
159.80000000000001,6.7757186889648438,
159.90000000000001,6.921356201171875,
160,6.7041778564453125,8.6145009994506836
160.09999999999999,6.2417221069335938,
160.19999999999999,5.7281723022460938,
160.30000000000001,5.1686248779296875,
160.40000000000001,4.68572998046875,
160.5,4.3126983642578125,
160.59999999999999,3.9984359741210938,
160.69999999999999,3.7301559448242188,
160.80000000000001,3.4542160034179688,
160.90000000000001,3.185943603515625,
161,2.9994277954101562,
161.09999999999999,2.9227752685546875,
161.19999999999999,2.8410186767578125,
161.30000000000001,2.6851654052734375,
161.40000000000001,2.5650787353515625,
161.5,2.4935379028320312,
161.59999999999999,2.4168853759765625,
161.69999999999999,2.33001708984375,
161.80000000000001,2.2686996459960938,
161.90000000000001,2.2354812622070312,
162,2.18438720703125,
162.09999999999999,2.138397216796875,
162.19999999999999,2.1537246704101562,
162.30000000000001,2.2891387939453125,
162.40000000000001,2.4271087646484375,
162.5,2.4730987548828125,
162.59999999999999,2.4654312133789062,
162.69999999999999,2.4833221435546875,
162.80000000000001,2.5318603515625,
162.90000000000001,2.6034011840820312,
163,2.669830322265625,
163.09999999999999,2.5701904296875,
163.19999999999999,2.644287109375,
163.30000000000001,3.0735244750976562,
163.40000000000001,3.4695510864257812,
163.5,3.7352676391601562,
163.59999999999999,3.9447784423828125,
163.69999999999999,4.0444259643554688,
163.80000000000001,4.16961669921875,
163.90000000000001,4.4966583251953125,
164,4.7904815673828125,
164.09999999999999,4.933563232421875,
164.19999999999999,5.0740890502929688,
164.30000000000001,5.2324981689453125,
164.40000000000001,5.34747314453125,
164.5,5.3653564453125,
164.59999999999999,5.3219223022460938,
164.69999999999999,5.301483154296875,
164.80000000000001,5.3040390014648438,
164.90000000000001,5.2861557006835938,
165,5.2120590209960938,
165.09999999999999,5.1660690307617188,
165.19999999999999,5.1430740356445312,
165.30000000000001,5.0664215087890625,
165.40000000000001,5.0153274536132812,
165.5,4.9361190795898438,
165.59999999999999,4.7751541137695312,
165.69999999999999,4.6882858276367188,
165.80000000000001,4.7061691284179688,
165.90000000000001,4.6959457397460938,
166,4.583526611328125,
166.09999999999999,4.4992141723632812,
166.19999999999999,4.5094375610351562,
166.30000000000001,4.5503158569335938,
166.40000000000001,4.6474075317382812,
166.5,4.841583251953125,
166.59999999999999,5.025543212890625,
166.69999999999999,4.9488906860351562,
166.80000000000001,4.565643310546875,
166.90000000000001,4.0750808715820312,
167,3.6356277465820312,
167.09999999999999,3.28814697265625,
167.19999999999999,3.019866943359375,
167.30000000000001,2.7797012329101562,
167.40000000000001,2.5395278930664062,
167.5,2.33001708984375,
167.59999999999999,2.1639404296875,
167.69999999999999,2.03619384765625,
167.80000000000001,1.97998046875,
167.90000000000001,1.990203857421875,
168,2.0336380004882812,
168.09999999999999,2.0949554443359375,
168.19999999999999,2.1869354248046875,
168.30000000000001,2.376007080078125,
168.40000000000001,2.6800537109375,
168.5,3.0096511840820312,
168.59999999999999,3.2472610473632812,
168.69999999999999,3.3928985595703125,
168.80000000000001,3.5334243774414062,
168.90000000000001,3.7276077270507812,
169,3.9728851318359375,
169.09999999999999,4.2309417724609375,
169.19999999999999,4.4225616455078125,
169.30000000000001,4.5528717041015625,
169.40000000000001,4.6704025268554688,
169.5,4.7444915771484375,
169.59999999999999,4.7266082763671875,
169.69999999999999,4.6244125366210938,
169.80000000000001,4.5094375610351562,
169.90000000000001,4.3970108032226562,
170,4.2667083740234375,8.7976541519165039
170.09999999999999,4.1645126342773438,
170.19999999999999,4.1108551025390625,
170.30000000000001,4.0469818115234375,
170.40000000000001,3.9626617431640625,
170.5,3.8553543090820312,
170.59999999999999,3.6943893432617188,
170.69999999999999,3.4644393920898438,
170.80000000000001,3.185943603515625,
170.90000000000001,2.9151153564453125,
171,2.6877212524414062,
171.09999999999999,2.5037612915039062,
171.19999999999999,2.3632354736328125,
171.30000000000001,2.3274612426757812,
171.40000000000001,2.3811187744140625,
171.5,2.4424362182617188,
171.59999999999999,2.5037612915039062,
171.69999999999999,2.5650787353515625,
171.80000000000001,2.5957412719726562,
171.90000000000001,2.5753021240234375,
172,2.5676345825195312,
172.09999999999999,2.6315078735351562,
172.19999999999999,2.7413711547851562,
172.30000000000001,2.8231353759765625,
172.40000000000001,2.8486862182617188,
172.5,2.8307952880859375,
172.59999999999999,2.8486862182617188,
172.69999999999999,2.892120361328125,
172.80000000000001,2.9048919677734375,
172.90000000000001,2.9789886474609375,
173,3.1450653076171875,
173.09999999999999,3.3111419677734375,
173.19999999999999,3.4414443969726562,
173.30000000000001,3.5206527709960938,
173.40000000000001,3.4848785400390625,
173.5,3.39801025390625,
173.59999999999999,3.3060302734375,
173.69999999999999,3.185943603515625,
173.80000000000001,3.019866943359375,
173.90000000000001,2.8052520751953125,
174,2.5753021240234375,
174.09999999999999,2.393890380859375,
174.19999999999999,2.2968063354492188,
174.30000000000001,2.2508163452148438,
174.40000000000001,2.2124862670898438,
174.5,2.1690521240234375,
174.59999999999999,2.1358413696289062,
174.69999999999999,2.138397216796875,
174.80000000000001,2.1690521240234375,
174.90000000000001,2.1997146606445312,
175,2.2405929565429688,
175.09999999999999,2.3913421630859375,
175.19999999999999,2.6800537109375,
175.30000000000001,3.03009033203125,
175.40000000000001,3.3928985595703125,
175.5,3.7710418701171875,
175.59999999999999,4.2641525268554688,
175.69999999999999,4.8850173950195312,
175.80000000000001,5.4624481201171875,
175.90000000000001,5.9044647216796875,
176,6.295379638671875,
176.09999999999999,6.6173095703125,
176.19999999999999,6.8344802856445312,
176.30000000000001,6.9903411865234375,
176.40000000000001,7.02099609375,
176.5,6.883026123046875,
176.59999999999999,6.6479721069335938,
176.69999999999999,6.3592529296875,
176.80000000000001,5.97344970703125,
176.90000000000001,5.4905548095703125,
177,4.9693374633789062,
177.09999999999999,4.4685516357421875,
177.19999999999999,4.0520858764648438,
177.30000000000001,3.719940185546875,
177.40000000000001,3.4644393920898438,
177.5,3.260040283203125,
177.59999999999999,3.0811920166015625,
177.69999999999999,2.9687652587890625,
177.80000000000001,2.88189697265625,
177.90000000000001,2.754150390625,
178,2.6391754150390625,
178.09999999999999,2.6008453369140625,
178.19999999999999,2.598297119140625,
178.30000000000001,2.5855178833007812,
178.40000000000001,2.5574111938476562,
178.5,2.4705429077148438,
178.59999999999999,2.2610321044921875,
178.69999999999999,2.0157546997070312,
178.80000000000001,1.9186630249023438,
178.90000000000001,1.9672088623046875,
179,1.97998046875,
179.09999999999999,1.9109954833984375,
179.19999999999999,1.8471221923828125,
179.30000000000001,1.8343505859375,
179.40000000000001,1.8752288818359375,
179.5,1.9646530151367188,
179.59999999999999,2.0949554443359375,
179.69999999999999,2.2686996459960938,
179.80000000000001,2.450103759765625,
179.90000000000001,2.6008453369140625,
180,2.6877212524414062,9.1116170883178711
180.09999999999999,2.754150390625,
180.19999999999999,2.927886962890625,
180.30000000000001,3.129730224609375,
180.40000000000001,3.341796875,
180.5,3.5334243774414062,
180.59999999999999,3.5385360717773438,
180.69999999999999,3.3545761108398438,
180.80000000000001,3.1450653076171875,
180.90000000000001,2.9892120361328125,
181,2.8205795288085938,
181.09999999999999,2.6417312622070312,
181.19999999999999,2.5037612915039062,
181.30000000000001,2.4066696166992188,
181.40000000000001,2.3504562377929688,
181.5,2.3530120849609375,
181.59999999999999,2.4092254638671875,
181.69999999999999,2.4935379028320312,
181.80000000000001,2.6263961791992188,
181.90000000000001,2.8205795288085938,
182,3.0556411743164062,
182.09999999999999,3.3060302734375,
182.19999999999999,3.6407318115234375,
182.30000000000001,3.9626617431640625,
182.40000000000001,4.1849517822265625,
182.5,4.4966583251953125,
182.59999999999999,4.8901290893554688,
182.69999999999999,5.2861557006835938,
182.80000000000001,5.7562713623046875,
182.90000000000001,6.17529296875,
183,6.3618087768554688,
183.09999999999999,6.5355453491210938,
183.19999999999999,6.8268203735351562,
183.30000000000001,6.8395919799804688,
183.40000000000001,6.5074462890625,
183.5,6.2698287963867188,
183.59999999999999,6.19317626953125,
183.69999999999999,6.0526504516601562,
183.80000000000001,5.8789138793945312,
183.90000000000001,5.7281723022460938,
184,5.5518722534179688,
184.09999999999999,5.3551406860351562,
184.19999999999999,5.16351318359375,
184.30000000000001,4.9642257690429688,
184.40000000000001,4.7853775024414062,
184.5,4.621856689453125,
184.59999999999999,4.42767333984375,
184.69999999999999,4.161956787109375,
184.80000000000001,3.8783493041992188,
184.90000000000001,3.599853515625,
185,3.3085861206054688,
185.09999999999999,3.0811920166015625,
185.19999999999999,2.9508819580078125,
185.30000000000001,2.8844528198242188,
185.40000000000001,2.8410186767578125,
185.5,2.7694778442382812,
185.59999999999999,2.6723861694335938,
185.69999999999999,2.6110687255859375,
185.80000000000001,2.5829620361328125,
185.90000000000001,2.5548553466796875,
186,2.5088653564453125,
186.09999999999999,2.4271087646484375,
186.19999999999999,2.3785629272460938,
186.30000000000001,2.4373321533203125,
186.40000000000001,2.60595703125,
186.5,2.8103561401367188,
186.59999999999999,3.0096511840820312,
186.69999999999999,3.2396011352539062,
186.80000000000001,3.4567718505859375,
186.90000000000001,3.6305160522460938,
187,3.7582626342773438,
187.09999999999999,3.7710418701171875,
187.19999999999999,3.6356277465820312,
187.30000000000001,3.4669952392578125,
187.40000000000001,3.3545761108398438,
187.5,3.3009185791015625,
187.59999999999999,3.2728118896484375,
187.69999999999999,3.23193359375,
187.80000000000001,3.1527252197265625,
187.90000000000001,2.9968719482421875,
188,2.8512420654296875,
188.09999999999999,2.7797012329101562,
188.19999999999999,2.6851654052734375,
188.30000000000001,2.5701904296875,
188.40000000000001,2.485870361328125,
188.5,2.450103759765625,
188.59999999999999,2.4245529174804688,
188.69999999999999,2.3990020751953125,
188.80000000000001,2.40411376953125,
188.90000000000001,2.4705429077148438,
189,2.616180419921875,
189.09999999999999,2.8231353759765625,
189.19999999999999,3.037750244140625,
189.30000000000001,3.2191619873046875,
189.40000000000001,3.4210052490234375,
189.5,3.6816177368164062,
189.59999999999999,4.0009918212890625,
189.69999999999999,4.399566650390625,
189.80000000000001,4.8134765625,
189.90000000000001,5.1532974243164062,
190,5.4701156616210938,10.006670951843262
190.09999999999999,5.853363037109375,
190.19999999999999,6.2187271118164062,
190.30000000000001,6.4767837524414062,
190.40000000000001,6.6658554077148438,
190.5,6.755279541015625,
190.59999999999999,6.6607437133789062,
190.69999999999999,6.4129104614257812,
190.80000000000001,6.1165313720703125,
190.90000000000001,5.8329238891601562,
191,5.4931106567382812,
191.09999999999999,5.0051040649414062,
191.19999999999999,4.4685516357421875,
191.30000000000001,4.0163192749023438,
191.40000000000001,3.6586227416992188,
191.5,3.3724594116210938,
191.59999999999999,3.1348419189453125,
191.69999999999999,2.92022705078125,
191.80000000000001,2.7285995483398438,
191.90000000000001,2.5650787353515625,
192,2.4373321533203125,
192.09999999999999,2.3325729370117188,
192.19999999999999,2.2124862670898438,
192.30000000000001,2.1128463745117188,
192.40000000000001,2.0540771484375,
192.5,2.0285263061523438,
192.59999999999999,2.03619384765625,
192.69999999999999,2.0566329956054688,
192.80000000000001,2.0591888427734375,
192.90000000000001,2.0566329956054688,
193,2.0617446899414062,
193.09999999999999,2.07196044921875,
193.19999999999999,2.07196044921875,
193.30000000000001,2.0694122314453125,
193.40000000000001,2.1077346801757812,
193.5,2.2252655029296875,
193.59999999999999,2.4194412231445312,
193.69999999999999,2.6493911743164062,
193.80000000000001,2.874237060546875,
193.90000000000001,3.1195144653320312,
194,3.4107818603515625,
194.09999999999999,3.7122726440429688,
194.19999999999999,3.98565673828125,
194.30000000000001,4.1849517822265625,
194.40000000000001,4.3612442016601562,
194.5,4.5630874633789062,
194.59999999999999,4.7266082763671875,
194.69999999999999,4.8185882568359375,
194.80000000000001,4.859466552734375,
194.90000000000001,4.8952407836914062,
195,5.025543212890625,
195.09999999999999,5.1762924194335938,
195.19999999999999,5.2401657104492188,
195.30000000000001,5.2708206176757812,
195.40000000000001,5.2989273071289062,
195.5,5.2810440063476562,
195.59999999999999,5.265716552734375,
195.69999999999999,5.2861557006835938,
195.80000000000001,5.301483154296875,
195.90000000000001,5.3168106079101562,
196,5.3372573852539062,
196.09999999999999,5.2938156127929688,
196.19999999999999,5.1941757202148438,
196.30000000000001,5.0792007446289062,
196.40000000000001,4.9284515380859375,
196.5,4.7777099609375,
196.59999999999999,4.6346282958984375,
196.69999999999999,4.4353408813476562,
196.80000000000001,4.24371337890625,
196.90000000000001,4.05975341796875,
197,3.7863693237304688,
197.09999999999999,3.4848785400390625,
197.19999999999999,3.1808319091796875,
197.30000000000001,2.9329986572265625,
197.40000000000001,2.6826095581054688,
197.5,2.4986495971679688,
197.59999999999999,2.376007080078125,
197.69999999999999,2.3146896362304688,
197.80000000000001,2.2686996459960938,
197.90000000000001,2.2175979614257812,
198,2.1894912719726562,
198.09999999999999,2.1716079711914062,
198.19999999999999,2.1613922119140625,
198.30000000000001,2.1639404296875,
198.40000000000001,2.209930419921875,
198.5,2.3070220947265625,
198.59999999999999,2.4475479125976562,
198.69999999999999,2.6315078735351562,
198.80000000000001,2.80780029296875,
198.90000000000001,2.9585494995117188,
199,3.1220703125,
199.09999999999999,3.3264694213867188,
199.19999999999999,3.5027618408203125,
199.30000000000001,3.610076904296875,
199.40000000000001,3.6943893432617188,
199.5,3.8144760131835938,
199.59999999999999,3.87579345703125,
199.69999999999999,3.886016845703125,
199.80000000000001,4.161956787109375,
199.90000000000001,4.6806182861328125,
200,5.2938156127929688,10.160881042480469
200.09999999999999,5.963226318359375,
200.19999999999999,6.5738754272460938,
200.30000000000001,7.123199462890625,
200.40000000000001,7.7159576416015625,
200.5,8.3623733520507812,
200.59999999999999,9.0011215209960938,
200.69999999999999,9.5632247924804688,
200.80000000000001,9.9158172607421875,
200.90000000000001,9.9311447143554688,
201,9.570892333984375,
201.09999999999999,8.7532882690429688,
201.19999999999999,7.8615951538085938,
201.30000000000001,7.3224868774414062,
201.40000000000001,6.9111328125,
201.5,6.45123291015625,
201.59999999999999,6.0347671508789062,
201.69999999999999,5.7000656127929688,
201.80000000000001,5.32958984375,
201.90000000000001,4.9872207641601562,
202,4.7444915771484375,
202.09999999999999,4.5119857788085938,
202.19999999999999,4.2590408325195312,
202.30000000000001,4.0342025756835938,
202.40000000000001,3.7965927124023438,
202.5,3.50787353515625,
202.59999999999999,3.221710205078125,
202.69999999999999,2.9687652587890625,
202.80000000000001,2.8205795288085938,
202.90000000000001,2.7950286865234375,
203,2.7490386962890625,
203.09999999999999,2.6391754150390625,
203.19999999999999,2.55230712890625,
203.30000000000001,2.49609375,
203.40000000000001,2.4296646118164062,
203.5,2.4015579223632812,
203.59999999999999,2.49609375,
203.69999999999999,2.6289520263671875,
203.80000000000001,2.6877212524414062,
203.90000000000001,2.6493911743164062,
204,2.5293121337890625,
204.09999999999999,2.4245529174804688,
204.19999999999999,2.3811187744140625,
204.30000000000001,2.3555679321289062,
204.40000000000001,2.340240478515625,
204.5,2.33001708984375,
204.59999999999999,2.38623046875,
204.69999999999999,2.4756546020507812,
204.80000000000001,2.49609375,
204.90000000000001,2.4449920654296875,
205,2.4015579223632812,
205.09999999999999,2.40411376953125,
205.19999999999999,2.4347763061523438,
205.30000000000001,2.4577713012695312,
205.40000000000001,2.4577713012695312,
205.5,2.4628753662109375,
205.59999999999999,2.5165328979492188,
205.69999999999999,2.5446395874023438,
205.80000000000001,2.5293121337890625,
205.90000000000001,2.5701904296875,
206,2.6085128784179688,
206.09999999999999,2.644287109375,
206.19999999999999,2.7848052978515625,
206.30000000000001,2.9943161010742188,
206.40000000000001,3.221710205078125,
206.5,3.5002059936523438,
206.59999999999999,3.8323593139648438,
206.69999999999999,4.1389617919921875,
206.80000000000001,4.345916748046875,
206.90000000000001,4.4659957885742188,
207,4.5963058471679688,
207.09999999999999,4.7700424194335938,
207.19999999999999,4.9284515380859375,
207.30000000000001,5.08941650390625,
207.40000000000001,5.2069473266601562,
207.5,5.2069473266601562,
207.59999999999999,5.1660690307617188,
207.69999999999999,5.1021957397460938,
207.80000000000001,4.951446533203125,
207.90000000000001,4.7112808227539062,
208,4.445556640625,
208.09999999999999,4.161956787109375,
208.19999999999999,3.8936767578125,
208.30000000000001,3.6995010375976562,
208.40000000000001,3.5334243774414062,
208.5,3.369903564453125,
208.59999999999999,3.203826904296875,
208.69999999999999,3.0275344848632812,
208.80000000000001,2.8103561401367188,
208.90000000000001,2.55230712890625,
209,2.3530120849609375,
209.09999999999999,2.2431488037109375,
209.19999999999999,2.1818313598632812,
209.30000000000001,2.1613922119140625,
209.40000000000001,2.1588363647460938,
209.5,2.18438720703125,
209.59999999999999,2.238037109375,
209.69999999999999,2.2686996459960938,
209.80000000000001,2.248260498046875,
209.90000000000001,2.2022705078125,
210,2.1716079711914062,6.8259382247924805
210.09999999999999,2.1664962768554688,
210.19999999999999,2.2048263549804688,
210.30000000000001,2.2916946411132812,
210.40000000000001,2.4219970703125,
210.5,2.5957412719726562,
210.59999999999999,2.8052520751953125,
210.69999999999999,3.0352020263671875,
210.80000000000001,3.2702560424804688,
210.90000000000001,3.5257568359375,
211,3.7889251708984375,
211.09999999999999,4.0290908813476562,
211.19999999999999,4.253936767578125,
211.30000000000001,4.473663330078125,
211.40000000000001,4.6806182861328125,
211.5,4.8339157104492188,
211.59999999999999,4.90545654296875,
211.69999999999999,4.9080123901367188,
211.80000000000001,4.8543624877929688,
211.90000000000001,4.7521591186523438,
212,4.5911941528320312,
212.09999999999999,4.3970108032226562,
212.19999999999999,4.2181625366210938,
212.30000000000001,4.0571975708007812,
212.40000000000001,3.85791015625,
212.5,3.6126327514648438,
212.59999999999999,3.3673477172851562,
212.69999999999999,3.13995361328125,
212.80000000000001,2.945770263671875,
212.90000000000001,2.7643661499023438,
213,2.6263961791992188,
213.09999999999999,2.4909820556640625,
213.19999999999999,2.3325729370117188,
213.30000000000001,2.2354812622070312,
213.40000000000001,2.2022705078125,
213.5,2.2227096557617188,
213.59999999999999,2.25592041015625,
213.69999999999999,2.2738113403320312,
213.80000000000001,2.2891387939453125,
213.90000000000001,2.301910400390625,
214,2.3146896362304688,
214.09999999999999,2.3172454833984375,
214.19999999999999,2.2891387939453125,
214.30000000000001,2.2508163452148438,
214.40000000000001,2.2354812622070312,
214.5,2.2635879516601562,
214.59999999999999,2.340240478515625,
214.69999999999999,2.4347763061523438,
214.80000000000001,2.5753021240234375,
214.90000000000001,2.782257080078125,
215,3.0326461791992188,
215.09999999999999,3.2677001953125,
215.19999999999999,3.461883544921875,
215.30000000000001,3.6586227416992188,
215.40000000000001,3.903900146484375,
215.5,4.1594009399414062,
215.59999999999999,4.445556640625,
215.69999999999999,4.7879257202148438,
215.80000000000001,5.1098556518554688,
215.90000000000001,5.3832473754882812,
216,5.67962646484375,
216.09999999999999,5.9070205688476562,
216.19999999999999,5.927459716796875,
216.30000000000001,5.82525634765625,
216.40000000000001,5.6540756225585938,
216.5,5.4139022827148438,
216.59999999999999,5.2478256225585938,
216.69999999999999,5.16351318359375,
216.80000000000001,5.0332107543945312,
216.90000000000001,4.8824615478515625,
217,4.7393875122070312,
217.09999999999999,4.6141891479492188,
217.19999999999999,4.4634475708007812,
217.30000000000001,4.2334976196289062,
217.40000000000001,3.9064559936523438,
217.5,3.518096923828125,
217.59999999999999,3.1833877563476562,
217.69999999999999,2.9227752685546875,
217.80000000000001,2.7285995483398438,
217.90000000000001,2.6085128784179688,
218,2.51397705078125,
218.09999999999999,2.4219970703125,
218.19999999999999,2.3657913208007812,
218.30000000000001,2.3172454833984375,
218.40000000000001,2.2789154052734375,
218.5,2.2533721923828125,
218.59999999999999,2.2048263549804688,
218.69999999999999,2.1716079711914062,
218.80000000000001,2.1537246704101562,
218.90000000000001,2.1716079711914062,
219,2.2610321044921875,
219.09999999999999,2.4117813110351562,
219.19999999999999,2.58807373046875,
219.30000000000001,2.7950286865234375,
219.40000000000001,2.9687652587890625,
219.5,3.0914077758789062,
219.59999999999999,3.2728118896484375,
219.69999999999999,3.5027618408203125,
219.80000000000001,3.6943893432617188,
219.90000000000001,3.8068084716796875,
220,3.84002685546875,5.8027081489562988
220.09999999999999,3.7991409301757812,
220.19999999999999,3.69183349609375,
220.30000000000001,3.5436477661132812,
220.40000000000001,3.2983627319335938,
220.5,2.9687652587890625,
220.59999999999999,2.6774978637695312,
220.69999999999999,2.414337158203125,
220.80000000000001,2.2329254150390625,
220.90000000000001,2.18438720703125,
221,2.2175979614257812,
221.09999999999999,2.3044662475585938,
221.19999999999999,2.4168853759765625,
221.30000000000001,2.4935379028320312,
221.40000000000001,2.4705429077148438,
221.5,2.38623046875,
221.59999999999999,2.3351287841796875,
221.69999999999999,2.3555679321289062,
221.80000000000001,2.4194412231445312,
221.90000000000001,2.5190887451171875,
222,2.6570587158203125,
222.09999999999999,2.8154678344726562,
222.19999999999999,3.0888519287109375,
222.30000000000001,3.571746826171875,
222.40000000000001,4.0648651123046875,
222.5,4.4123458862304688,
222.59999999999999,4.7240524291992188,
222.69999999999999,5.1021957397460938,
222.80000000000001,5.5058822631835938,
222.90000000000001,5.8380355834960938,
223,6.1088638305664062,
223.09999999999999,6.3618087768554688,
223.19999999999999,6.571319580078125,
223.30000000000001,6.7016220092773438,
223.40000000000001,6.8063812255859375,
223.5,6.8855819702148438,
223.59999999999999,6.8753662109375,
223.69999999999999,6.8114852905273438,
223.80000000000001,6.7195053100585938,
223.90000000000001,6.5585403442382812,
224,6.3004913330078125,
224.09999999999999,6.0143280029296875,
224.19999999999999,5.6668472290039062,
224.30000000000001,5.2018356323242188,
224.40000000000001,4.72149658203125,
224.5,4.3331375122070312,
224.59999999999999,4.0418701171875,
224.69999999999999,3.8042526245117188,
224.80000000000001,3.599853515625,
224.90000000000001,3.3903427124023438,
225,3.1476211547851562,
225.09999999999999,2.9253311157226562,
225.19999999999999,2.761810302734375,
225.30000000000001,2.616180419921875,
225.40000000000001,2.4909820556640625,
225.5,2.3887863159179688,
225.59999999999999,2.3070220947265625,
225.69999999999999,2.2584762573242188,
225.80000000000001,2.2329254150390625,
225.90000000000001,2.2227096557617188,
226,2.2508163452148438,
226.09999999999999,2.3274612426757812,
226.19999999999999,2.4015579223632812,
226.30000000000001,2.4526596069335938,
226.40000000000001,2.5497512817382812,
226.5,2.7285995483398438,
226.59999999999999,2.9534378051757812,
226.69999999999999,3.168060302734375,
226.80000000000001,3.352020263671875,
226.90000000000001,3.4312210083007812,
227,3.3903427124023438,
227.09999999999999,3.3085861206054688,
227.19999999999999,3.1782760620117188,
227.30000000000001,2.984100341796875,
227.40000000000001,2.818023681640625,
227.5,2.708160400390625,
227.59999999999999,2.6263961791992188,
227.69999999999999,2.5650787353515625,
227.80000000000001,2.5190887451171875,
227.90000000000001,2.4884262084960938,
228,2.4730987548828125,
228.09999999999999,2.4730987548828125,
228.19999999999999,2.47821044921875,
228.30000000000001,2.4296646118164062,
228.40000000000001,2.3734512329101562,
228.5,2.3887863159179688,
228.59999999999999,2.467987060546875,
228.69999999999999,2.5829620361328125,
228.80000000000001,2.7209320068359375,
228.90000000000001,2.8614578247070312,
229,2.9585494995117188,
229.09999999999999,3.019866943359375,
229.19999999999999,3.1246261596679688,
229.30000000000001,3.260040283203125,
229.40000000000001,3.39801025390625,
229.5,3.6254043579101562,
229.59999999999999,3.939666748046875,
229.69999999999999,4.225830078125,
229.80000000000001,4.4787750244140625,
229.90000000000001,4.7163925170898438,
230,4.9233474731445312,2.6455028057098389
230.09999999999999,5.071533203125,
230.19999999999999,5.0638656616210938,
230.30000000000001,4.8850173950195312,
230.40000000000001,4.6320724487304688,
230.5,4.39190673828125,
230.59999999999999,4.1747283935546875,
230.69999999999999,3.9831008911132812,
230.80000000000001,3.80169677734375,
230.90000000000001,3.645843505859375,
231,3.5461959838867188,
231.09999999999999,3.4286651611328125,
231.19999999999999,3.2728118896484375,
231.30000000000001,3.1195144653320312,
231.40000000000001,2.9892120361328125,
231.5,2.8870086669921875,
231.59999999999999,2.7848052978515625,
231.69999999999999,2.6877212524414062,
231.80000000000001,2.6034011840820312,
231.90000000000001,2.5165328979492188,
232,2.4117813110351562,
232.09999999999999,2.3070220947265625,
232.19999999999999,2.2865829467773438,
232.30000000000001,2.36834716796875,
232.40000000000001,2.4730987548828125,
232.5,2.5829620361328125,
232.59999999999999,2.7337112426757812,
232.69999999999999,2.9125595092773438,
232.80000000000001,3.083740234375,
232.90000000000001,3.2344894409179688,
233,3.4286651611328125,
233.09999999999999,3.663726806640625,
233.19999999999999,3.9064559936523438,
233.30000000000001,4.2053909301757812,
233.40000000000001,4.6090774536132812,
233.5,4.9974365234375,
233.59999999999999,5.2427215576171875,
233.69999999999999,5.4011306762695312,
233.80000000000001,5.5544281005859375,
233.90000000000001,5.725616455078125,
234,5.909576416015625,
234.09999999999999,6.0782012939453125,
234.19999999999999,6.203399658203125,
234.30000000000001,6.221282958984375,
234.40000000000001,6.0730972290039062,
234.5,5.89935302734375,
234.59999999999999,5.78948974609375,
234.69999999999999,5.6489639282226562,
234.80000000000001,5.4445648193359375,
234.90000000000001,5.2529373168945312,
235,5.071533203125,
235.09999999999999,4.8569107055664062,
235.19999999999999,4.5707550048828125,
235.30000000000001,4.225830078125,
235.40000000000001,3.8681259155273438,
235.5,3.47210693359375,
235.59999999999999,3.1169586181640625,
235.69999999999999,2.8614578247070312,
235.80000000000001,2.6647262573242188,
235.90000000000001,2.4909820556640625,
236,2.3427963256835938,
236.09999999999999,2.2457046508789062,
236.19999999999999,2.1946029663085938,
236.30000000000001,2.174163818359375,
236.40000000000001,2.1588363647460938,
236.5,2.18438720703125,
236.59999999999999,2.2584762573242188,
236.69999999999999,2.3274612426757812,
236.80000000000001,2.3504562377929688,
236.90000000000001,2.3325729370117188,
237,2.2789154052734375,
237.09999999999999,2.230377197265625,
237.19999999999999,2.2175979614257812,
237.30000000000001,2.1869354248046875,
237.40000000000001,2.14605712890625,
237.5,2.1256179809570312,
237.59999999999999,2.1128463745117188,
237.69999999999999,2.1154022216796875,
237.80000000000001,2.128173828125,
237.90000000000001,2.1051788330078125,
238,2.07196044921875,
238.09999999999999,2.0975112915039062,
238.19999999999999,2.2048263549804688,
238.30000000000001,2.4219970703125,
238.40000000000001,2.6928253173828125,
238.5,2.9789886474609375,
238.59999999999999,3.3060302734375,
238.69999999999999,3.6535110473632812,
238.80000000000001,3.9601058959960938,
238.90000000000001,4.2334976196289062,
239,4.4762191772460938,
239.09999999999999,4.68572998046875,
239.19999999999999,4.897796630859375,
239.30000000000001,5.0919723510742188,
239.40000000000001,5.2912673950195312,
239.5,5.5620956420898438,
239.59999999999999,5.8916854858398438,
239.69999999999999,6.2110671997070312,
239.80000000000001,6.4282379150390625,
239.90000000000001,6.553436279296875,
240,6.5687637329101562,10.593220710754395
240.09999999999999,6.5176620483398438,
240.19999999999999,6.4640121459960938,
240.30000000000001,6.3720321655273438,
240.40000000000001,6.2545013427734375,
240.5,6.1625213623046875,
240.59999999999999,6.055206298828125,
240.69999999999999,5.9402313232421875,
240.80000000000001,5.8431472778320312,
240.90000000000001,5.7690505981445312,
241,5.743499755859375,
241.09999999999999,5.6898422241210938,
241.19999999999999,5.5186614990234375,
241.30000000000001,5.1149673461914062,
241.40000000000001,4.4634475708007812,
241.5,3.829803466796875,
241.59999999999999,3.352020263671875,
241.69999999999999,2.9687652587890625,
241.80000000000001,2.7107162475585938,
241.90000000000001,2.5676345825195312,
242,2.4807662963867188,
242.09999999999999,2.4424362182617188,
242.19999999999999,2.4654312133789062,
242.30000000000001,2.4935379028320312,
242.40000000000001,2.5318603515625,
242.5,2.60595703125,
242.59999999999999,2.669830322265625,
242.69999999999999,2.6672821044921875,
242.80000000000001,2.6289520263671875,
242.90000000000001,2.62384033203125,
243,2.651947021484375,
243.09999999999999,2.7004928588867188,
243.19999999999999,2.7592620849609375,
243.30000000000001,2.8103561401367188,
243.40000000000001,2.8256912231445312,
243.5,2.818023681640625,
243.59999999999999,2.8589019775390625,
243.69999999999999,3.0096511840820312,
243.80000000000001,3.1476211547851562,
243.90000000000001,3.2063827514648438,
244,3.2906951904296875,
244.09999999999999,3.4542160034179688,
244.19999999999999,3.6075210571289062,
244.30000000000001,3.6816177368164062,
244.40000000000001,3.7122726440429688,
244.5,3.7148284912109375,
244.59999999999999,3.6892776489257812,
244.69999999999999,3.6816177368164062,
244.80000000000001,3.663726806640625,
244.90000000000001,3.5615310668945312,
245,3.4184494018554688,
245.09999999999999,3.28814697265625,
245.19999999999999,3.168060302734375,
245.30000000000001,3.0249786376953125,
245.40000000000001,2.8844528198242188,
245.5,2.7643661499023438,
245.59999999999999,2.6570587158203125,
245.69999999999999,2.5906295776367188,
245.80000000000001,2.4935379028320312,
245.90000000000001,2.3734512329101562,
246,2.284027099609375,
246.09999999999999,2.238037109375,
246.19999999999999,2.2457046508789062,
246.30000000000001,2.3121337890625,
246.40000000000001,2.432220458984375,
246.5,2.616180419921875,
246.59999999999999,2.835906982421875,
246.69999999999999,3.0607452392578125,
246.80000000000001,3.2702560424804688,
246.90000000000001,3.4823226928710938,
247,3.6943893432617188,
247.09999999999999,3.9064559936523438,
247.19999999999999,4.1006317138671875,
247.30000000000001,4.2513809204101562,
247.40000000000001,4.3714675903320312,
247.5,4.4762191772460938,
247.59999999999999,4.5554275512695312,
247.69999999999999,4.5784225463867188,
247.80000000000001,4.5503158569335938,
247.90000000000001,4.4659957885742188,
248,4.3254776000976562,
248.09999999999999,4.161956787109375,
248.19999999999999,4.0495376586914062,
248.30000000000001,3.9652175903320312,
248.40000000000001,3.9013442993164062,
248.5,3.87579345703125,
248.59999999999999,3.8425827026367188,
248.69999999999999,3.8068084716796875,
248.80000000000001,3.8042526245117188,
248.90000000000001,3.8042526245117188,
249,3.755706787109375,
249.09999999999999,3.663726806640625,
249.19999999999999,3.5845260620117188,
249.30000000000001,3.5027618408203125,
249.40000000000001,3.4031219482421875,
249.5,3.2855911254882812,
249.59999999999999,3.1373977661132812,
249.69999999999999,2.9687652587890625,
249.80000000000001,2.7950286865234375,
249.90000000000001,2.634063720703125,
250,2.5012054443359375,9.9420051574707031
250.09999999999999,2.3708953857421875,
250.19999999999999,2.2610321044921875,
250.30000000000001,2.2073822021484375,
250.40000000000001,2.192047119140625,
250.5,2.1894912719726562,
250.59999999999999,2.1997146606445312,
250.69999999999999,2.266143798828125,
250.80000000000001,2.414337158203125,
250.90000000000001,2.754150390625,
251,3.3034744262695312,
251.09999999999999,3.8553543090820312,
251.19999999999999,4.345916748046875,
251.30000000000001,4.7470474243164062,
251.40000000000001,5.0383224487304688,
251.5,5.32958984375,
251.59999999999999,5.6131973266601562,
251.69999999999999,5.8380355834960938,
251.80000000000001,6.055206298828125,
251.90000000000001,6.2877120971679688,
252,6.4716720581054688,
252.09999999999999,6.5508804321289062,
252.19999999999999,6.515106201171875,
252.30000000000001,6.405242919921875,
252.40000000000001,6.2493896484375,
252.5,6.0424346923828125,
252.59999999999999,5.8559188842773438,
252.69999999999999,5.7230606079101562,
252.80000000000001,5.6361923217773438,
252.90000000000001,5.5748672485351562,
253,5.4266815185546875,
253.09999999999999,5.1405181884765625,
253.19999999999999,4.8492507934570312,
253.30000000000001,4.6193008422851562,
253.40000000000001,4.4123458862304688,
253.5,4.2105026245117188,
253.59999999999999,3.977996826171875,
253.69999999999999,3.6867218017578125,
253.80000000000001,3.35968017578125,
253.90000000000001,3.0556411743164062,
254,2.7975845336914062,
254.09999999999999,2.6136245727539062,
254.19999999999999,2.4730987548828125,
254.30000000000001,2.347900390625,
254.40000000000001,2.2686996459960938,
254.5,2.2354812622070312,
254.59999999999999,2.2354812622070312,
254.69999999999999,2.2584762573242188,
254.80000000000001,2.2686996459960938,
254.90000000000001,2.2533721923828125,
255,2.2405929565429688,
255.09999999999999,2.248260498046875,
255.19999999999999,2.25592041015625,
255.30000000000001,2.266143798828125,
255.40000000000001,2.2993621826171875,
255.5,2.3172454833984375,
255.59999999999999,2.347900390625,
255.69999999999999,2.4475479125976562,
255.80000000000001,2.5753021240234375,
255.90000000000001,2.726043701171875,
256,2.910003662109375,
256.10000000000002,3.1348419189453125,
256.19999999999999,3.3954544067382812,
256.30000000000001,3.5487518310546875,
256.39999999999998,3.5308685302734375,
256.5,3.4695510864257812,
256.60000000000002,3.4925460815429688,
256.69999999999999,3.6049652099609375,
256.80000000000001,3.7224960327148438,
256.89999999999998,3.76593017578125,
257,3.7173843383789062,
257.10000000000002,3.6535110473632812,
257.19999999999999,3.5921859741210938,
257.30000000000001,3.4925460815429688,
257.39999999999998,3.3315811157226562,
257.5,3.1655044555664062,
257.60000000000002,3.03009033203125,
257.69999999999999,2.8972320556640625,
257.80000000000001,2.782257080078125,
257.89999999999998,2.7030487060546875,
258,2.6315078735351562,
258.10000000000002,2.5446395874023438,
258.19999999999999,2.4756546020507812,
258.30000000000001,2.4245529174804688,
258.39999999999998,2.340240478515625,
258.5,2.2124862670898438,
258.60000000000002,2.128173828125,
258.69999999999999,2.1051788330078125,
258.80000000000001,2.0975112915039062,
258.89999999999998,2.1128463745117188,
259,2.2048263549804688,
259.10000000000002,2.3785629272460938,
259.19999999999999,2.5829620361328125,
259.30000000000001,2.874237060546875,
259.39999999999998,3.2191619873046875,
259.5,3.4491119384765625,
259.60000000000002,3.6381759643554688,
259.69999999999999,3.9243392944335938,
259.80000000000001,4.2105026245117188,
259.89999999999998,4.4251174926757812,
260,4.6090774536132812,10.053619384765625
260.10000000000002,4.8083724975585938,
260.19999999999999,5.0127716064453125,
260.30000000000001,5.1149673461914062,
260.39999999999998,5.117523193359375,
260.5,5.071533203125,
260.60000000000002,4.9667816162109375,
260.69999999999999,4.8211441040039062,
260.80000000000001,4.657623291015625,
260.89999999999998,4.50177001953125,
261,4.381683349609375,
261.10000000000002,4.2462692260742188,
261.19999999999999,4.031646728515625,
261.30000000000001,3.7761459350585938,
261.39999999999998,3.50787353515625,
261.5,3.221710205078125,
261.60000000000002,2.9636611938476562,
261.69999999999999,2.743927001953125,
261.80000000000001,2.5369720458984375,
261.89999999999998,2.3785629272460938,
262,2.2916946411132812,
262.10000000000002,2.2227096557617188,
262.19999999999999,2.1639404296875,
262.30000000000001,2.1256179809570312,
262.39999999999998,2.100067138671875,
262.5,2.0872955322265625,
262.60000000000002,2.117950439453125,
262.69999999999999,2.1767196655273438,
262.80000000000001,2.2022705078125,
262.89999999999998,2.2150421142578125,
263,2.2789154052734375,
263.10000000000002,2.4092254638671875,
263.19999999999999,2.55230712890625,
263.30000000000001,2.6672821044921875,
263.39999999999998,2.8026962280273438,
263.5,2.9687652587890625,
263.60000000000002,3.0965194702148438,
263.69999999999999,3.2114944458007812,
263.80000000000001,3.2830352783203125,
263.89999999999998,3.2574844360351562,
264,3.1603927612304688,
264.10000000000002,2.9687652587890625,
264.19999999999999,2.80780029296875,
264.30000000000001,2.8256912231445312,
264.39999999999998,2.99176025390625,
264.5,3.2370452880859375,
264.60000000000002,3.4286651611328125,
264.69999999999999,3.535980224609375,
264.80000000000001,3.6151809692382812,
264.89999999999998,3.65606689453125,
265,3.7327117919921875,
265.10000000000002,3.9320068359375,
265.19999999999999,4.1594009399414062,
265.30000000000001,4.307586669921875,
265.39999999999998,4.473663330078125,
265.5,4.6704025268554688,
265.60000000000002,4.7700424194335938,
265.69999999999999,4.7649307250976562,
265.80000000000001,4.6882858276367188,
265.89999999999998,4.5452041625976562,
266,4.3893508911132812,
266.10000000000002,4.2667083740234375,
266.19999999999999,4.16961669921875,
266.30000000000001,4.1006317138671875,
266.39999999999998,4.0393142700195312,
266.5,3.94989013671875,
266.60000000000002,3.8502426147460938,
266.69999999999999,3.7301559448242188,
266.80000000000001,3.5410919189453125,
266.89999999999998,3.3162460327148438,
267,3.0709686279296875,
267.10000000000002,2.8205795288085938,
267.19999999999999,2.644287109375,
267.30000000000001,2.5216445922851562,
267.39999999999998,2.3887863159179688,
267.5,2.2635879516601562,
267.60000000000002,2.1664962768554688,
267.69999999999999,2.0872955322265625,
267.80000000000001,2.0157546997070312,
267.89999999999998,1.9646530151367188,
268,1.9288864135742188,
268.10000000000002,1.8650054931640625,
268.19999999999999,1.7985763549804688,
268.30000000000001,1.7730255126953125,
268.39999999999998,1.7832489013671875,
268.5,1.81646728515625,
268.60000000000002,1.8828964233398438,
268.69999999999999,1.9978713989257812,
268.80000000000001,2.1435012817382812,
268.89999999999998,2.3172454833984375,
269,2.5165328979492188,
269.10000000000002,2.7004928588867188,
269.19999999999999,2.8333511352539062,
269.30000000000001,2.9713211059570312,
269.39999999999998,3.2242660522460938,
269.5,3.553863525390625,
269.60000000000002,3.8630218505859375,
269.69999999999999,4.115966796875,
269.80000000000001,4.3689117431640625,
269.89999999999998,4.6320724487304688,
270,4.8313674926757812,10.006670951843262
270.10000000000002,4.9463424682617188,
270.19999999999999,4.9693374633789062,
270.30000000000001,4.8875732421875,
270.39999999999998,4.7623825073242188,
270.5,4.5988616943359375,
270.60000000000002,4.42767333984375,
270.69999999999999,4.3331375122070312,
270.80000000000001,4.3203659057617188,
270.89999999999998,4.3101425170898438,
271,4.2820358276367188,
271.10000000000002,4.2488250732421875,
271.19999999999999,4.1491775512695312,
271.30000000000001,4.0035476684570312,
271.39999999999998,3.8783493041992188,
271.5,3.7046127319335938,
271.60000000000002,3.43377685546875,
271.69999999999999,3.1476211547851562,
271.80000000000001,2.892120361328125,
271.89999999999998,2.6749420166015625,
272,2.5165328979492188,
272.10000000000002,2.4092254638671875,
272.19999999999999,2.3146896362304688,
272.30000000000001,2.2354812622070312,
272.39999999999998,2.1511688232421875,
272.5,2.0745162963867188,
272.60000000000002,2.0387496948242188,
272.69999999999999,2.0387496948242188,
272.80000000000001,2.0515213012695312,
272.89999999999998,2.0770721435546875,
273,2.1230621337890625,
273.10000000000002,2.1690521240234375,
273.19999999999999,2.209930419921875,
273.30000000000001,2.2686996459960938,
273.39999999999998,2.3095779418945312,
273.5,2.2789154052734375,
273.60000000000002,2.230377197265625,
273.69999999999999,2.2073822021484375,
273.80000000000001,2.1435012817382812,
273.89999999999998,2.00042724609375,
274,1.9212188720703125,
274.10000000000002,1.972320556640625,
274.19999999999999,2.0413055419921875,
274.30000000000001,2.0668563842773438,
274.39999999999998,2.0694122314453125,
274.5,2.0489654541015625,
274.60000000000002,2.008087158203125,
274.69999999999999,1.9876480102539062,
274.80000000000001,2.0157546997070312,
274.89999999999998,2.0847396850585938,
275,2.1946029663085938,
275.10000000000002,2.322357177734375,
275.19999999999999,2.4449920654296875,
275.30000000000001,2.5676345825195312,
275.39999999999998,2.8052520751953125,
275.5,3.1348419189453125,
275.60000000000002,3.4031219482421875,
275.69999999999999,3.627960205078125,
275.80000000000001,3.8655776977539062,
275.89999999999998,4.087860107421875,
276,4.2794876098632812,
276.10000000000002,4.3586883544921875,
276.19999999999999,4.307586669921875,
276.30000000000001,4.2973709106445312,
276.39999999999998,4.271820068359375,
276.5,4.0827484130859375,
276.60000000000002,3.80169677734375,
276.69999999999999,3.5487518310546875,
276.80000000000001,3.4542160034179688,
276.89999999999998,3.426116943359375,
277,3.3213577270507812,
277.10000000000002,3.1552810668945312,
277.19999999999999,2.9508819580078125,
277.30000000000001,2.782257080078125,
277.39999999999998,2.6034011840820312,
277.5,2.4066696166992188,
277.60000000000002,2.3530120849609375,
277.69999999999999,2.4552154541015625,
277.80000000000001,2.5369720458984375,
277.89999999999998,2.5216445922851562,
278,2.4654312133789062,
278.10000000000002,2.432220458984375,
278.19999999999999,2.4475479125976562,
278.30000000000001,2.4756546020507812,
278.39999999999998,2.467987060546875,
278.5,2.4015579223632812,
278.60000000000002,2.3146896362304688,
278.69999999999999,2.2610321044921875,
278.80000000000001,2.2252655029296875,
278.89999999999998,2.2073822021484375,
279,2.1997146606445312,
279.10000000000002,2.138397216796875,
279.19999999999999,2.0489654541015625,
279.30000000000001,2.0029754638671875,
279.39999999999998,2.0157546997070312,
279.5,2.0310821533203125,
279.60000000000002,2.018310546875,
279.69999999999999,1.990203857421875,
279.80000000000001,1.9595413208007812,
279.89999999999998,1.9697647094726562,
280,2.00042724609375,10.025062561035156
280.10000000000002,2.0285263061523438,
280.19999999999999,2.0694122314453125,
280.30000000000001,2.1690521240234375,
280.39999999999998,2.358123779296875,
280.5,2.6749420166015625,
280.60000000000002,3.06585693359375,
280.69999999999999,3.4465560913085938,
280.80000000000001,3.8144760131835938,
280.89999999999998,4.1721725463867188,
281,4.5528717041015625,
281.10000000000002,4.9310073852539062,
281.19999999999999,5.2580490112304688,
281.30000000000001,5.53143310546875,
281.39999999999998,5.7281723022460938,
281.5,5.8584747314453125,
281.60000000000002,5.8967971801757812,
281.69999999999999,5.7588272094726562,
281.80000000000001,5.5544281005859375,
281.89999999999998,5.4266815185546875,
282,5.2759323120117188,
282.10000000000002,5.0459823608398438,
282.19999999999999,4.7828216552734375,
282.30000000000001,4.4353408813476562,
282.39999999999998,4.0163192749023438,
282.5,3.6688385009765625,
282.60000000000002,3.4133377075195312,
282.69999999999999,3.150177001953125,
282.80000000000001,2.8793411254882812,
282.89999999999998,2.6187362670898438,
283,2.3785629272460938,
283.10000000000002,2.1613922119140625,
283.19999999999999,2.008087158203125,
283.30000000000001,1.9391021728515625,
283.39999999999998,1.8854522705078125,
283.5,1.81646728515625,
283.60000000000002,1.7832489013671875,
283.69999999999999,1.8190155029296875,
283.80000000000001,1.8394622802734375,
283.89999999999998,1.8036880493164062,
284,1.7755813598632812,
284.10000000000002,1.7730255126953125,
284.19999999999999,1.76025390625,
284.30000000000001,1.7474822998046875,
284.39999999999998,1.74237060546875,
284.5,1.76025390625,
284.60000000000002,1.8215713500976562,
284.69999999999999,1.8931121826171875,
284.80000000000001,1.96209716796875,
284.89999999999998,2.0310821533203125,
285,2.0975112915039062,
285.10000000000002,2.0847396850585938,
285.19999999999999,1.9876480102539062,
285.30000000000001,1.9007797241210938,
285.39999999999998,1.8547897338867188,
285.5,1.824127197265625,
285.60000000000002,1.8139114379882812,
285.69999999999999,1.8139114379882812,
285.80000000000001,1.7985763549804688,
285.89999999999998,1.7832489013671875,
286,1.7909164428710938,
286.10000000000002,1.8113555908203125,
286.19999999999999,1.8496780395507812,
286.30000000000001,1.8956680297851562,
286.39999999999998,1.972320556640625,
286.5,2.1077346801757812,
286.60000000000002,2.2968063354492188,
286.69999999999999,2.62384033203125,
286.80000000000001,3.1910552978515625,
286.89999999999998,3.9090118408203125,
287,4.7010574340820312,
287.10000000000002,5.3909072875976562,
287.19999999999999,5.7997055053710938,
287.30000000000001,6.1804046630859375,
287.39999999999998,6.4205703735351562,
287.5,6.5355453491210938,
287.60000000000002,7.0695419311523438,
287.69999999999999,7.8181610107421875,
287.80000000000001,8.244842529296875,
287.89999999999998,8.7072982788085938,
288,9.274505615234375,
288.10000000000002,9.4380264282226562,
288.19999999999999,9.596435546875,
288.30000000000001,9.956695556640625,
288.39999999999998,10.339942932128906,
288.5,10.8126220703125,
288.60000000000002,11.269966125488281,
288.69999999999999,11.193313598632812,
288.80000000000001,10.483024597167969,
288.89999999999998,9.404815673828125,
289,8.410919189453125,
289.10000000000002,7.675079345703125,
289.19999999999999,6.8855819702148438,
289.30000000000001,6.1420822143554688,
289.39999999999998,5.4650039672851562,
289.5,4.94378662109375,
289.60000000000002,4.621856689453125,
289.69999999999999,4.1594009399414062,
289.80000000000001,3.5896377563476562,
289.89999999999998,3.2166061401367188,
290,2.9534378051757812,0
290.10000000000002,2.7975845336914062,
290.19999999999999,2.7234878540039062,
290.30000000000001,2.6391754150390625,
290.39999999999998,2.5650787353515625,
290.5,2.5267562866210938,
290.60000000000002,2.5190887451171875,
290.69999999999999,2.5012054443359375,
290.80000000000001,2.485870361328125,
290.89999999999998,2.4935379028320312,
291,2.4730987548828125,
291.10000000000002,2.3734512329101562,
291.19999999999999,2.2738113403320312,
291.30000000000001,2.2789154052734375,
291.39999999999998,2.2891387939453125,
291.5,2.2405929565429688,
291.60000000000002,2.2584762573242188,
291.69999999999999,2.3325729370117188,
291.80000000000001,2.3657913208007812,
291.89999999999998,2.358123779296875,
292,2.3351287841796875,
292.10000000000002,2.3274612426757812,
292.19999999999999,2.322357177734375,
292.30000000000001,2.2993621826171875,
292.39999999999998,2.3070220947265625,
292.5,2.340240478515625,
292.60000000000002,2.3555679321289062,
292.69999999999999,2.3504562377929688,
292.80000000000001,2.3555679321289062,
292.89999999999998,2.3836746215820312,
293,2.40411376953125,
293.10000000000002,2.4015579223632812,
293.19999999999999,2.4219970703125,
293.30000000000001,2.5650787353515625,
293.39999999999998,2.8256912231445312,
293.5,3.111846923828125,
293.60000000000002,3.3647918701171875,
293.69999999999999,3.6126327514648438,
293.80000000000001,3.9013442993164062,
293.89999999999998,4.2053909301757812,
294,4.4992141723632812,
294.10000000000002,4.7547149658203125,
294.19999999999999,4.9744415283203125,
294.30000000000001,5.1967315673828125,
294.39999999999998,5.4241256713867188,
294.5,5.687286376953125,
294.60000000000002,5.97344970703125,
294.69999999999999,6.2238388061523438,
294.80000000000001,6.4435653686523438,
294.89999999999998,6.6377487182617188,
295,6.7859420776367188,
295.10000000000002,6.9085769653320312,
295.19999999999999,6.9826736450195312,
295.30000000000001,6.9545669555664062,
295.39999999999998,6.9341278076171875,
295.5,6.9699020385742188,
295.60000000000002,6.9443511962890625,
295.69999999999999,6.8702545166015625,
295.80000000000001,6.7322845458984375,
295.89999999999998,6.4921112060546875,
296,6.2366104125976562,
296.10000000000002,5.9862213134765625,
296.19999999999999,5.6719589233398438,
296.30000000000001,5.265716552734375,
296.39999999999998,4.915679931640625,
296.5,4.6499557495117188,
296.60000000000002,4.3612442016601562,
296.69999999999999,4.0520858764648438,
296.80000000000001,3.6713943481445312,
296.89999999999998,3.2625961303710938,
297,2.9585494995117188,
297.10000000000002,2.754150390625,
297.19999999999999,2.5957412719726562,
297.30000000000001,2.467987060546875,
297.39999999999998,2.3811187744140625,
297.5,2.3274612426757812,
297.60000000000002,2.2763671875,
297.69999999999999,2.230377197265625,
297.80000000000001,2.1869354248046875,
297.89999999999998,2.1307296752929688,
298,2.0489654541015625,
298.10000000000002,2.0055313110351562,
298.19999999999999,1.9978713989257812,
298.30000000000001,1.9774322509765625,
298.39999999999998,1.9850921630859375,
298.5,2.018310546875,
298.60000000000002,2.0285263061523438,
298.69999999999999,2.018310546875,
298.80000000000001,2.0131988525390625,
298.89999999999998,2.0234222412109375,
299,2.0387496948242188,
299.10000000000002,2.0387496948242188,
299.19999999999999,1.9978713989257812,
299.30000000000001,1.9365463256835938,
299.39999999999998,1.8777847290039062,
299.5,1.8113555908203125,
299.60000000000002,1.7755813598632812,
299.69999999999999,1.8854522705078125,
299.80000000000001,2.1486129760742188,
299.89999999999998,2.4475479125976562,
300,2.77203369140625,9.1463413238525391
