Timestamp,Breath Rate
28.52100706100464,6.694937292710398
28.52200746536255,6.701768081563406
28.523005723953247,6.708607549680932
28.52500581741333,6.71553462706904
28.527003288269043,6.72312420241868
28.5290744304657,6.730782302964855
28.53007459640503,6.7393436901668835
28.531072854995728,6.748873676039968
28.532142162322998,11.899364888838866
28.53307271003723,11.880152465087535
28.534071445465088,11.862146659957704
28.535072565078735,11.844481442596116
28.536071300506592,11.827335251457779
28.537071228027344,11.81086873442921
28.5380756855011,11.79517386499858
28.53907561302185,11.780360966086715
28.54001784324646,11.766489296216696
28.54202699661255,11.753475643072719
28.543028593063354,11.741210563123191
28.5436589717865,11.729637275507386
28.544410467147827,11.718681548752587
28.54541850090027,11.708365848400279
28.546419858932495,11.698941336665388
28.547418355941772,11.690120439371144
28.54843759536743,11.682110171743116
28.549418926239014,11.674673194172755
28.55041813850403,11.667753909481723
28.551424980163574,11.661317011964375
28.55241894721985,11.65538072312273
28.554423570632935,11.650138705543284
28.555429220199585,11.645623668210554
28.55647373199463,11.641771149683212
28.557417631149292,11.638664579336874
28.55841875076294,11.636117539805143
28.55941891670227,11.634134545922313
28.55941891670227,11.63276826816404
28.560439586639404,11.632298072433466
28.561456441879272,11.632853507092769
28.562418937683105,11.634502398623043
28.56341791152954,11.63703370586397
28.56341791152954,11.640193791402977
28.564428091049194,11.64379983396684
28.56548261642456,11.647741896350105
28.566514492034912,11.65195851289454
28.567509412765503,11.656386693582004
28.568509101867676,11.66104271239496
28.56960105895996,11.665924958789523
28.570509433746338,11.670848927680094
28.571509838104248,11.675946713272062
28.571509838104248,11.681061475619346
28.57250690460205,11.68633524064783
28.57351016998291,11.691814357650191
28.574508905410767,11.697373604767884
28.575509071350098,11.703113525242566
28.575509071350098,11.709255524507071
28.576558351516724,11.715690418055203
28.57755160331726,11.722067393577431
28.578508853912354,11.728310351216994
28.579556226730347,11.735240044813036
28.579556226730347,11.742655031151125
28.580583333969116,11.750490623619735
28.581556797027588,11.75842973810346
28.58251643180847,11.766493193120407
28.583510160446167,11.77452312035888
28.584510564804077,11.782395813480305
28.585553884506226,11.790302489111038
28.586582899093628,11.798115483846615
28.588512182235718,11.805887828393889
28.589510917663574,11.81364447107765
28.590587854385376,11.821413207771373
28.591510772705078,11.829203622245052
28.592510223388672,11.837024986736594
28.59355664253235,11.844896589240852
28.59450888633728,11.852737704747236
28.595512866973877,11.860553246635932
28.596547842025757,11.868321457030046
28.597543954849243,11.876105761066825
28.598581790924072,11.883838621629017
28.59951114654541,11.891542784851204
28.601568937301636,11.89913561200345
28.602590322494507,11.90645105686843
28.60351014137268,11.913518103760014
28.605396032333374,11.920285648569406
28.60640573501587,11.926706626009898
28.607486963272095,11.932832367385299
34.196382999420166,11.93865058427057
34.19938611984253,11.94419616191208
34.20238518714905,11.949531775056132
34.20631146430969,11.954747079865102
34.209311962127686,11.959840529912194
34.212310552597046,11.96494414941792
34.21444511413574,11.97015556497727
34.216840982437134,11.975508299781538
34.218863010406494,11.981101807938469
34.22186470031738,11.986928206609626
34.22389054298401,11.99298386158417
34.22685790061951,11.999259930453604
34.229862451553345,12.005705160710328
34.23489308357239,12.012310346661726
34.23589253425598,12.01904569850691
34.23939609527588,12.02588336041155
34.240394115448,12.032806561746899
34.241397857666016,12.039832995373695
34.24385905265808,12.0469293917286
34.24485659599304,12.054046862202053
34.245856046676636,12.061220775686511
34.24885559082031,12.068411814382213
34.25116753578186,12.075648252688053
34.252169132232666,12.082851718239368
34.25469779968262,12.090023956978555
34.25669455528259,12.097148147735421
34.25769782066345,12.10420688799764
34.25908446311951,12.111260145418504
34.262099266052246,12.11827671535736
34.26309871673584,12.125280224911247
34.26509928703308,12.13228227306573
34.26710057258606,12.139356306372607
34.26911234855652,12.14647356238816
34.27009630203247,12.153634986067814
34.27310395240784,12.160873927508067
34.27510046958923,12.168105830983365
34.27809953689575,12.175391422100232
34.28110313415527,12.182692853656286
34.282480239868164,12.18998662478682
34.28355669975281,12.197208455163722
34.285574197769165,12.20427404021091
34.287575244903564,12.210897867753134
34.28960037231445,12.217207192849179
34.29057264328003,12.223306211496546
34.292577505111694,12.229180613180144
34.294572591781616,12.235031101870538
34.29659366607666,12.240859288405757
34.29857158660889,12.246685359760686
34.29957437515259,12.252412845800746
34.301573514938354,12.257950288976609
34.302570104599,12.263100574723572
34.304571866989136,12.267971518192413
34.3065721988678,12.272493461026501
34.30757260322571,12.276654173700306
34.30957102775574,12.28063936691923
34.311570167541504,12.284372338759466
34.312573194503784,12.28791463550523
34.31457233428955,12.291241971270177
34.31557250022888,12.294330827067444
34.317577600479126,12.297096429694244
34.319573402404785,12.29953987729358
34.32057285308838,12.301764488618623
34.322574615478516,12.303746156906818
34.325061321258545,12.305647364529454
34.32806134223938,12.30742743013146
34.32906103134155,12.309098003319518
34.331059217453,12.310761268916679
34.333061933517456,12.312314995338868
34.33506107330322,12.313771764040514
34.337058305740356,12.31507564149074
34.33906030654907,12.316209876949591
34.34005928039551,12.317275709932163
34.3420627117157,12.31836563621238
34.34305930137634,12.319812324352291
34.34405517578125,12.321243553160732
34.346317291259766,12.322796361748981
34.3473265171051,12.324352251852046
34.349326848983765,12.325796012531551
34.350589752197266,12.327165283334477
34.35263228416443,12.328567205657214
34.35364365577698,12.330067717768578
34.355066537857056,12.331382441568675
34.355066537857056,12.332379350384594
34.357303619384766,12.333054663968735
34.35930061340332,12.333667042681466
34.36030101776123,12.333717137613483
34.36229991912842,12.333450310718415
34.36430358886719,12.332933207621622
34.36579251289368,12.33196589968461
34.36780858039856,12.330219621120799
34.369807958602905,12.327380491795376
34.3708074092865,12.323160552295382
34.372806549072266,12.317184752697951
34.37421369552612,12.309286434880237
34.376161336898804,12.29969616932433
34.37721514701843,12.288551098467838
34.379157066345215,12.276280592297725
34.38015389442444,12.263143840422003
39.88583993911743,12.249267048306468
39.88813376426697,12.234755601364022
39.891130447387695,12.21960023124742
39.894062519073486,12.204047915499544
39.897067070007324,12.18811646648658
39.90105986595154,12.171947954373417
39.90514039993286,12.155801333569645
39.907058000564575,12.140012138362083
39.910064697265625,12.125008605079294
39.91306209564209,12.110689684286097
39.9160692691803,3.8180831921281997
39.918054819107056,3.8453776007085603
39.922059059143066,3.8713372779040798
39.924060106277466,3.896334725180219
39.92606282234192,3.920291511210611
39.92863202095032,3.9433086637776196
39.932557344436646,3.9653409447840606
39.93462014198303,3.986791313834335
39.937413454055786,4.0072526353188325
39.93943691253662,4.026925209209083
39.94143772125244,4.0457717749868864
39.94350337982178,4.064073399385036
39.946430921554565,4.08197502596541
39.949474573135376,4.099599483361615
39.95143246650696,4.117336495854984
39.953941345214844,4.1354762833801555
39.95500898361206,4.15390589933693
39.95794105529785,4.172563903399538
39.95994424819946,4.191786073313585
39.96206545829773,4.211252754156278
39.96506929397583,4.230864014726627
39.96647882461548,4.250615724792993
39.96850609779358,4.2702261074098065
39.96973538398743,4.289621710438487
39.97274947166443,4.308925179437634
39.974751472473145,4.327968292141594
39.976842403411865,4.346753019484157
39.97875237464905,4.365290307165238
39.97981667518616,4.383389601857947
39.981772899627686,4.401203918326871
39.9838125705719,4.418770778413169
39.9868278503418,4.436138484319194
39.98882269859314,4.453291316918034
39.99117469787598,4.470229697194792
39.99319410324097,4.486995857997402
39.99519228935242,4.503683602071357
39.99726843833923,4.520766726448603
39.999274015426636,4.538202720970787
40.00220036506653,4.5561020941065715
40.00351881980896,4.574447656604031
40.00560522079468,4.592788682218972
40.00753712654114,4.611149573924083
40.00960683822632,4.629485818497758
40.01153564453125,4.6478076332696325
40.01359295845032,4.665848197895777
40.01454138755798,4.683532633254216
40.01657009124756,4.7009007687026285
40.019538164138794,4.717830545804039
40.021538972854614,4.734237841276266
40.0235378742218,4.749986628986546
40.0255401134491,4.76492417864313
40.02853488922119,4.778921149010275
40.03053879737854,4.791991349313956
40.03253483772278,4.80396176892634
40.03362727165222,4.815017039494688
40.036536693573,4.82540553092395
40.03859281539917,4.835021834013189
40.04053997993469,4.843921702861484
40.042614698410034,4.852190049403635
40.045539140701294,4.859876352428904
40.047537326812744,4.866855999112587
40.050538539886475,4.873121897285423
40.0526065826416,4.879039611432239
40.05564522743225,4.8844338143780055
40.05753779411316,4.88960575565906
40.06074523925781,4.894625425023563
40.062793493270874,4.899319939708267
40.06473779678345,4.904078531797179
40.066734075546265,4.9085893955303375
40.06799364089966,4.9129096373156305
40.07003569602966,4.916860777862465
40.07201099395752,4.920355203459879
40.074010133743286,4.923452997327025
40.076409339904785,4.9260815382695995
40.07790207862854,4.928337868846217
40.07891845703125,4.9302300859109005
40.08099699020386,4.931650527072814
40.08309316635132,4.932591974906851
40.08517098426819,4.9329525035121495
40.086108446121216,4.932635287260329
40.088112354278564,4.931370160608248
40.090126752853394,4.929211821713885
40.092190742492676,4.925894481299016
40.093204498291016,4.921528433667486
40.09530472755432,4.915931595585408
40.0973858833313,4.909051206047649
40.09930109977722,4.900771828934293
40.101375102996826,4.891630608879467
45.58507204055786,4.881784249129898
45.58806395530701,4.871238544624089
45.59007263183594,4.8602754310208285
45.59399676322937,4.849298016888791
45.5970025062561,4.838430356885229
45.60200476646423,4.827798514120267
45.606998920440674,4.817505122087045
45.60999655723572,4.8074511336688825
45.61300086975098,4.797600454334235
45.61527371406555,4.78801222388027
45.61829614639282,4.778795962418397
45.6213800907135,4.770111108805057
45.62518858909607,4.761801105801092
45.627586126327515,4.7537480463529285
45.630969762802124,4.7460911006036595
45.633124351501465,4.738654887698098
45.6361289024353,4.731357249343589
45.63912630081177,4.7240652323770265
45.64124393463135,4.716758222449137
45.64312815666199,4.709470993080878
45.64649677276611,4.701972013548062
45.64857053756714,4.6943651336619086
45.65050005912781,4.686691154084461
45.65260052680969,4.678813075277972
45.65458607673645,4.670673386383657
45.65649700164795,4.662229067606318
45.65849804878235,4.6536521997962845
45.660553216934204,4.645078085116267
45.66349744796753,4.636538435011642
45.665568828582764,4.6280233805119595
45.667500019073486,4.619556422425782
45.67049694061279,4.611177352444445
45.67349815368652,4.60280698017808
45.674986124038696,4.594505200129103
45.67700505256653,4.586363833871542
45.679009199142456,4.5783217363220485
45.68107485771179,4.570170224346825
45.6830050945282,4.562047284352398
45.68608736991882,4.55406845296965
45.68811345100403,4.546193219960544
45.6900749206543,4.538584983214302
45.69208335876465,4.531336968087796
45.69400382041931,4.524345688612009
45.69601058959961,4.517695424298905
45.69800853729248,4.511363770422224
45.70111322402954,4.505481503249456
45.70307517051697,4.500175055024646
45.7050096988678,4.495445792987515
45.70707941055298,4.491159414348182
45.70909333229065,4.487240274065783
45.710005044937134,4.48369425888649
45.71333408355713,4.480545468250449
45.71534061431885,4.477622811086368
45.71733093261719,4.474969183413921
45.71833038330078,4.472568017723679
45.72043752670288,4.4703329166902295
45.72276496887207,4.468244574224731
45.72478270530701,4.466169156391643
45.72678232192993,4.463841951972205
45.72978377342224,4.461270235419081
45.73165583610535,4.4585947436022
45.733739614486694,4.455872640014342
45.73467469215393,4.453146849784202
45.73715686798096,4.450452882607683
45.738075971603394,4.447970586570811
45.74056529998779,4.4458065591875435
45.74262070655823,4.444064966009988
45.74556231498718,4.442888192943947
45.74756693840027,4.442308151855877
45.74964189529419,4.442473274699673
45.751564025878906,4.443271290909242
45.75364327430725,4.444682657119678
45.75663733482361,4.4468900086291905
45.75956583023071,4.449649333525052
45.764559268951416,4.453011011337034
45.767565965652466,4.4570571674490935
45.77255892753601,4.461801812343146
45.77656054496765,4.467042407458081
45.78156089782715,4.47291176728668
45.78555989265442,4.479298897378567
45.78956174850464,4.4861936960769615
45.793570041656494,4.493626574669692
45.79556488990784,4.501526790398813
45.79956650733948,4.509629619116037
45.8035683631897,4.518132140467459
45.80664324760437,4.526502291615689
45.80856657028198,4.534854587499431
45.812562465667725,4.543382724709062
45.814560890197754,4.551987207688622
45.81755781173706,4.56059156270238
45.81956076622009,4.569267553763149
45.82156038284302,4.577972023215537
45.824562788009644,4.586698534425331
45.82756280899048,4.595433539752643
45.83056592941284,4.604188177977797
45.83356523513794,4.612948521976336
45.83656692504883,4.621529352024203
45.840561389923096,4.630121807077553
51.27107214927673,4.638795598367365
51.27314233779907,4.647668323618074
51.276026248931885,4.656765522742143
51.2780225276947,4.666105806346058
51.28111410140991,4.675846844803058
51.28402614593506,4.686045929453587
51.28702402114868,4.6969885312581
51.290021896362305,4.708734367016246
51.29326105117798,4.721363011368682
51.29715824127197,4.734987987623207
51.301504611968994,4.749431320853624
51.30355644226074,4.764576697773864
51.306498527526855,4.78046017182397
51.30835437774658,4.796993291332641
51.31045985221863,4.814080220694719
51.311370849609375,4.832054645339819
51.314374923706055,4.850857345618305
51.31637668609619,4.870646713962647
51.3183753490448,4.891407666363646
51.32037329673767,4.913461860745394
51.32343411445618,4.936716776555713
51.3246169090271,4.961243583927283
51.32606911659241,4.9872596456822444
51.3280885219574,5.015096841199999
51.3310821056366,5.045197056968454
51.333158016204834,5.0777566263505864
51.3360869884491,5.113326658812273
51.33708429336548,5.152507868231475
51.3400821685791,5.19544896810434
51.34107685089111,5.242369322122509
51.34307909011841,5.293890188123501
51.345158100128174,5.350971916282071
51.34708642959595,5.415132711870669
51.349085330963135,5.487739191711404
51.35108494758606,5.569894536503817
51.35308766365051,5.663007873261769
51.3560836315155,5.7687710695334395
51.35816669464111,6.191547339605835
51.36009335517883,7.144156092245863
51.36214542388916,7.683524938432073
51.36418056488037,8.014591230772671
51.36608958244324,8.206644217178933
51.36808633804321,8.227845468094017
51.37009048461914,8.247945905229741
51.373207807540894,8.268515068614807
51.37529468536377,8.289145585252006
51.377559423446655,8.309612013595924
51.379494428634644,8.33006989895918
51.38149547576904,8.350447232941974
51.38357901573181,8.3707455740578
51.386494159698486,8.391119190962826
51.38849496841431,8.411485299607955
51.39049506187439,8.431722970856326
51.39300298690796,8.451719388380122
51.39511966705322,8.471449170819083
51.397045612335205,8.490533225185523
51.39843535423279,8.50889752058589
51.4008903503418,8.526529428132822
51.40291213989258,8.543400571792407
51.40390610694885,8.55922071581357
51.406389474868774,8.57425475995562
51.40846514701843,8.588499804381424
51.40986609458923,8.602418126319131
51.41188287734985,8.616020579384372
51.4138879776001,8.629395057321643
51.41595435142517,8.642540995559287
51.41788387298584,8.65523980033056
51.41988563537598,8.667072277637434
51.420992612838745,8.67777422358721
51.422934770584106,8.68717144586618
51.424954652786255,8.69588329462212
51.42703104019165,8.703878086979747
51.42903923988342,8.711580387402211
51.43113088607788,8.719068304336066
51.433149099349976,8.726834348177517
51.43558406829834,8.734611395793141
51.4376335144043,8.742344200627915
51.43967914581299,8.749618301038938
51.44058680534363,8.756055471026583
51.442583322525024,8.761605028010225
51.44466543197632,8.766316757505766
51.4475839138031,8.770323675510204
51.4485821723938,8.774101768595196
51.45166492462158,8.777772166839263
51.45358228683472,8.7816371692261
51.454588890075684,8.785851014294192
51.45658588409424,8.790440141888674
51.458632707595825,8.79538956302423
51.46058893203735,8.800647706324531
51.46265172958374,8.805905445379477
51.463584661483765,8.811055765290817
51.46558213233948,8.816117179745216
51.46764254570007,8.821125442653434
51.46966481208801,8.826058582502217
51.47159028053284,8.831580473755288
51.47365474700928,8.83732494006015
51.47465372085571,8.843195959556557
51.4765887260437,8.849171386207
56.970810651779175,8.855153041762419
56.97387075424194,8.861085837712391
56.97617506980896,8.867034885261212
56.979100465774536,8.873135379015245
56.98110294342041,8.879424270463087
56.983710050582886,8.886147373827429
56.98671317100525,8.892975259603283
56.990708112716675,8.89986926555797
56.9967086315155,8.906811055324118
57.00096678733826,8.914036844261295
57.00197196006775,8.921577938775908
57.00496578216553,8.929216868588462
57.006962060928345,8.93677879178799
57.00896596908569,8.944450040163312
57.010963916778564,8.951931824259143
57.01396608352661,8.959154331962663
57.0149621963501,8.966150155487133
57.01708960533142,8.973037359765232
57.01810336112976,8.979787500759995
57.02019214630127,8.986464290930517
57.02155303955078,8.993069404037437
57.02356314659119,8.999751989434824
57.02556777000427,9.006435855880005
57.02756881713867,9.013242137834798
57.02997136116028,9.020274365897514
57.03099298477173,9.027399939739492
57.03299045562744,9.034716481337743
57.035988569259644,9.042262582584963
57.03799057006836,9.050061854596049
57.03998899459839,9.058066503783614
57.041987657547,9.066393008995302
57.044053077697754,9.07503301054534
57.045994997024536,9.084076077880187
57.04798722267151,9.093552392663398
57.04998755455017,9.103414302306359
57.05231285095215,9.113653170317082
57.05430817604065,9.124243917570478
57.05530571937561,9.135208823411375
57.05731701850891,9.14644364479706
57.060303688049316,9.15792802362154
57.06230187416077,9.169757596435028
57.06430411338806,9.181972306247959
57.066301107406616,9.194612172493109
57.06767201423645,9.207822200272009
57.069690227508545,9.221668706315468
57.07168745994568,9.236340715098304
57.07368612289429,9.251904775438794
57.075345039367676,9.268509008420303
57.07734274864197,9.286165067036002
57.07934284210205,9.304828077631376
57.081342935562134,9.324547787868024
57.083571434020996,9.34551399620632
57.08458614349365,9.367833589714344
57.08658480644226,9.391682533790457
57.08858299255371,9.41697286163062
57.09058237075806,9.443304101499274
57.09258437156677,9.470097693148563
57.09558320045471,9.496688413916482
57.097585916519165,9.52242093404311
57.10065722465515,9.546964432567048
57.10265636444092,9.570180023147435
57.10458946228027,9.592168130992597
57.10658621788025,9.613128786527769
57.10959267616272,9.633262761212947
57.11159324645996,9.652676503555348
57.11358833312988,9.671567291790124
57.11458945274353,9.69007094956934
57.11692190170288,9.708401251309203
57.11794090270996,9.726710326337198
57.12093639373779,9.745298448583723
57.12193703651428,9.764252251918835
57.123937129974365,9.783679568326228
57.126941204071045,9.803772261747476
57.129936933517456,9.82443631391705
57.13193678855896,9.845651185362575
57.13393592834473,9.86744400564712
57.134936571121216,9.889705621797434
57.136937379837036,13.997938696819434
57.1389422416687,14.039531968029753
57.14093804359436,14.07427792976976
57.14293599128723,14.103890501494057
57.14393854141235,14.128927475945707
57.14694166183472,14.150608258638274
57.14893674850464,14.169780702307328
57.150938749313354,14.186980190430278
57.15293884277344,14.202867837214816
57.154946088790894,14.217791280384539
57.15694212913513,14.231905682753444
57.157938718795776,14.245399897827841
57.15994095802307,14.258536032395318
57.161938190460205,14.271546275484324
57.164942026138306,14.284384068715013
57.16693663597107,14.297350723535036
57.16893911361694,14.310778043667382
57.17194366455078,14.324592190786637
57.17393946647644,14.338962549688482
57.17593693733215,14.354212393574134
57.177937746047974,14.370376356910727
57.17993688583374,14.387262477803825
62.676254987716675,14.404685195175936
62.67926096916199,14.422652761235401
62.68125796318054,14.441212040093147
62.68442225456238,14.4602623274045
62.68742084503174,14.479776661887634
62.690733432769775,14.499669074881464
62.693732023239136,14.51951244074867
62.69810152053833,14.53913816192329
62.70102882385254,14.55876711679893
62.704018354415894,14.577688441410935
62.70507097244263,14.596167424803461
62.70808506011963,14.613774280305964
62.709091663360596,14.631013919288103
62.71108913421631,14.647202351296833
62.71309804916382,14.661818165693472
62.715089559555054,14.675800111222493
62.71641731262207,14.688348391799702
62.71843457221985,14.699888951035224
62.72065544128418,14.710123188708128
62.72166848182678,14.719995375014927
62.72467231750488,14.729173430996779
62.725667238235474,14.737590672521403
62.72793960571289,14.745514117237384
62.730034828186035,14.752952090462825
62.732051849365234,14.759791349369792
62.73408603668213,14.766216405642762
62.735103130340576,14.772330469901231
62.7370982170105,14.778664704932718
62.739283084869385,14.78450809181362
62.740220069885254,14.790676493103142
62.742215633392334,14.797030513374956
62.74428749084473,14.803806688163677
62.74631333351135,14.810825717803251
62.74721884727478,14.818127989531732
62.750582695007324,14.825802257791276
62.75167775154114,14.834108492810195
62.75360178947449,14.842883683250156
62.75582671165466,14.852249732608488
62.75782537460327,14.862228498432376
62.75897717475891,14.872565838895596
62.76105809211731,14.883263352837414
62.762996435165405,14.894074616088046
62.76605439186096,14.9050578037766
62.76711845397949,14.916221800998779
62.76921248435974,14.927483288410222
62.7706253528595,14.938877482949392
62.77264046669006,14.950204855267655
62.77463674545288,14.961298971691185
62.77570724487305,14.972685718460323
62.777722120285034,14.984155903726569
62.77971792221069,14.995706935980678
62.780722856521606,15.007264258445861
62.7829053401947,15.018315036461766
62.78394865989685,15.029179701660123
62.78594756126404,15.039796378028349
62.78786611557007,15.050121749543491
62.78886437416077,15.060207472002608
62.79086756706238,15.070386658018895
62.79286813735962,15.080509586066835
62.793867349624634,15.090610086591955
62.79596495628357,15.100726065362895
62.7979474067688,15.111209920413676
62.79886436462402,15.121675813538767
62.80086588859558,15.132158218724884
62.8028724193573,15.143533289209277
62.80493521690369,15.15583521751795
62.805941104888916,15.168936886769442
62.80801725387573,15.183093572540656
62.809017181396484,15.197991555376378
62.81102108955383,15.213266758731255
62.81301927566528,15.228713175143355
62.81501889228821,15.245052078003399
62.817020416259766,15.261327204778876
62.81808137893677,15.27654130406535
62.820019245147705,15.290512547558311
62.82202363014221,15.303180342304566
62.82401776313782,15.314597390240468
62.82602119445801,15.325003301158228
62.829015016555786,15.334816867635656
62.83109474182129,15.344508511937176
62.83301663398743,15.354308185419814
62.83401894569397,15.36411135565369
62.83602428436279,15.374059879694329
62.83802008628845,15.383835860912779
62.840023040771484,15.393574518551047
62.84201955795288,15.403387281949925
62.84401822090149,15.413055604251548
62.84501314163208,15.4226279837814
62.84601044654846,15.43197903672331
62.8480179309845,15.441046158042413
62.850016593933105,15.449869577737937
62.852022647857666,15.45843670257317
62.85401630401611,15.466724232336894
62.85601758956909,15.474800503287215
62.85801720619202,15.482578035228812
62.86002492904663,15.49025650326125
62.861016273498535,15.498022284752182
62.863014698028564,15.506110308868093
68.36144423484802,15.514562576633997
68.36589622497559,15.523285935262908
68.36889314651489,15.53216938879293
68.3711850643158,15.541240101609981
68.37318134307861,15.550482898351536
68.37625026702881,15.560004079571076
68.37919425964355,15.569922371613869
68.38217973709106,15.580214075388183
68.3841803073883,15.590812170589633
68.3881824016571,15.601736001131698
68.39318609237671,15.613055626965815
68.39518284797668,15.62462637312724
68.39818072319031,15.63628932506711
68.40019106864929,15.648092043893648
68.40318179130554,15.65972936277118
68.40418076515198,15.671125909456201
68.40751791000366,15.68220672116691
68.40952181816101,15.692907427695985
68.41052556037903,15.70331367841549
68.41252303123474,15.713497878857327
68.41452240943909,15.723403142772709
68.41652250289917,15.732897157142919
68.41752195358276,15.741786469391077
68.41952395439148,15.750394502505603
68.42152380943298,15.758580926045967
68.42354369163513,15.766517353818195
68.4258816242218,15.774232137591857
68.4278838634491,15.781722433270627
68.42988395690918,15.789171433296668
68.43266749382019,15.796416010779456
68.43473052978516,15.803190483694292
68.43766927719116,15.809552180076464
68.43966770172119,15.815641529943365
68.44102692604065,15.821552666308914
68.44303965568542,15.827343792413336
68.44504070281982,15.832860620578593
68.44603848457336,15.838007645249611
68.44803881645203,15.842990958021161
68.45015048980713,15.847912207907058
68.45212364196777,15.852674070605076
68.45354962348938,15.857038264026617
68.46256422996521,15.860904384660198
68.46656847000122,15.86457175282443
68.47056460380554,15.868130757033418
68.47256517410278,15.871509995010893
68.47556638717651,15.874730713406583
68.47756457328796,15.877673093564239
68.47956609725952,15.880201458334207
68.48256731033325,15.882189897192747
68.48456740379333,15.88386633467085
68.48756694793701,15.885255197039942
68.48956418037415,15.886559636148082
68.49256706237793,15.887750785293358
68.49556684494019,15.888926035507255
68.4985659122467,15.890201190479242
68.50156426429749,15.891558420229776
68.5055627822876,15.892905822242373
68.50756478309631,15.894275363451552
68.51056408882141,15.895725403874902
68.51456356048584,15.897388342257702
68.51656317710876,15.899289259254493
68.51856303215027,15.9013772062417
68.52156376838684,15.903604014071092
68.52399110794067,15.905784065225479
68.52723622322083,15.907804892035392
68.53048014640808,15.909540404384074
68.53315496444702,15.910992508419943
68.5371527671814,15.912119865843987
68.53915643692017,15.912871945525058
68.54315423965454,15.913263444856383
68.54615235328674,15.91330563603081
68.55015277862549,15.912926993878788
68.55215668678284,15.912299063748302
68.55618453025818,15.911334886594307
68.55953907966614,15.91017471031755
68.56253576278687,15.908623972787959
68.56565141677856,15.906827776926674
68.5678482055664,15.904775087892531
68.57097148895264,15.90261222782107
68.5729718208313,15.90028865290804
68.57496905326843,15.897864232752953
68.57896852493286,15.895358349730683
68.58096814155579,15.89274603527789
68.58304452896118,15.89007834640915
68.58504796028137,15.887384272826015
68.58704590797424,15.884655310835727
68.59004282951355,15.881940404746107
68.59150266647339,15.879275529104294
68.59365773200989,15.876623944560977
68.59588885307312,15.873974234864122
68.59791040420532,15.871318353029706
68.59990644454956,15.868698657963261
68.60190391540527,15.866140857545588
68.60290455818176,15.863721008678667
68.60490894317627,15.861525590219312
68.60590362548828,15.859643827630904
68.60790467262268,15.858139162736023
68.61009788513184,15.857022242352713
74.06185269355774,15.856275897775902
74.06429624557495,15.855871895036293
74.06722211837769,15.855757045229616
74.06973695755005,15.85588037820882
74.07174468040466,15.856181513607051
74.0747423171997,15.85657308775912
74.0782401561737,15.856961707340972
74.08126664161682,15.85727529712245
74.08335161209106,15.857409503277534
74.08627915382385,15.85730756042588
74.09036707878113,15.856927364063303
74.09458756446838,15.856215804307862
74.09759283065796,15.855097935437922
74.10063886642456,15.853508503227644
74.1036810874939,15.851435313840653
74.10564017295837,15.848819265047979
74.1076409816742,15.845697394771868
74.10971331596375,15.842050959579563
74.11207151412964,15.837886118629736
74.11407113075256,15.833265554850676
74.11607551574707,15.828169857036379
74.11807203292847,15.822632620170854
74.12054824829102,15.816667876696798
74.12299275398254,15.81030285973692
74.12491917610168,15.803493964795798
74.12736773490906,15.796334901608182
74.12938141822815,15.78880924829293
74.13137698173523,15.78097961355403
74.13370180130005,15.772904975784488
74.13562488555908,15.764569866056114
74.13763070106506,15.755873814163287
74.14062976837158,15.74674346468171
74.14163184165955,15.737268979401131
74.1436288356781,15.727655395298433
74.1456892490387,15.717795419468246
74.1476378440857,15.707908669299297
74.1486303806305,15.697728107869187
74.15062999725342,15.68735523362003
74.15262985229492,15.676754212404227
74.15363073348999,15.665876948688336
74.15562844276428,15.654908410021573
74.15763473510742,15.64392621677252
74.15871047973633,15.63309309848415
74.16062951087952,15.62249519263531
74.16268801689148,15.6120379533858
74.16467094421387,15.601898157304534
74.16663217544556,15.592181624148102
74.16763067245483,15.582945720409537
74.16969180107117,15.574190539631775
74.17262721061707,15.565918363606672
74.17363333702087,15.557826881040423
74.17663025856018,15.549758537482155
74.17863130569458,15.541521732349134
74.18063259124756,15.532881443862252
74.18163251876831,15.52369143941474
74.18363404273987,15.513888483175872
74.18562889099121,15.503519485087105
74.18763303756714,15.492669007741938
74.18962907791138,15.481170666009232
74.19163537025452,15.46889391548088
74.19470953941345,15.455616899826406
74.19663453102112,15.441284380388197
74.19962978363037,15.426241755859085
74.20063066482544,15.410568694761018
74.20370197296143,15.394518375083807
74.20463681221008,15.378361285686113
74.20663356781006,15.362063541367634
74.20971131324768,15.345590397843093
74.2117121219635,15.328857789915642
74.21371293067932,15.31183306114458
74.2157142162323,15.294162111575547
74.21863102912903,15.275725217836353
74.22063136100769,15.256331705013444
74.2226300239563,15.236433673138894
74.22469520568848,15.217959846874244
74.22568917274475,15.200559079414734
74.22762894630432,15.1839176079645
74.2296359539032,15.167752344259963
74.2317099571228,15.151686290692348
74.23363018035889,15.13507454703548
74.23562908172607,15.11789311820057
74.23763370513916,15.099890291868373
74.23967003822327,15.081419111131858
74.24170970916748,15.062512503619146
74.24369192123413,15.043553076636657
74.24576187133789,15.024763869666204
74.24769186973572,15.00596113483552
74.24869585037231,14.987220539176375
74.25077939033508,14.968355804336973
74.25268745422363,14.94947785817727
74.25476169586182,14.930288240412033
74.2566921710968,14.91079412824138
74.25774788856506,14.891288251803704
74.25968599319458,14.871666936249822
74.26168918609619,14.8518807469828
74.26268887519836,14.831960368345724
74.26569628715515,14.812085633184385
74.26669096946716,14.792020273976505
79.75660157203674,14.77175593756061
79.75867533683777,14.751343026602276
79.76166772842407,14.730784272674718
79.76360368728638,14.710131894484697
79.76660323143005,14.689430814381394
79.76960110664368,14.668534439105153
79.77260112762451,14.647423217666741
79.77759766578674,14.626080729558552
79.78060364723206,14.60474101041404
79.78360199928284,14.583329628115695
79.7865982055664,14.562203805662556
79.7907166481018,14.541474710607826
79.79423832893372,14.521287499814926
79.79626512527466,14.501548468525124
79.79940938949585,14.482256946834275
79.80140590667725,14.46329171337352
79.80346059799194,14.444540693582548
79.80665898323059,14.425741041367004
79.80768013000488,14.40685285864208
79.8106803894043,14.387820527504811
79.81275606155396,14.368431520941964
79.81468081474304,14.348780158308676
79.81668186187744,14.32861055941067
79.81868147850037,14.308044808060393
79.8206775188446,14.28694013995087
79.82267880439758,14.265413830702634
79.82474565505981,14.243568352852689
79.82667684555054,14.221510999551814
79.82867932319641,14.199309777085722
79.8306770324707,14.17699468520223
79.83267307281494,14.154622364383776
79.8350019454956,14.132096203147421
79.83605146408081,14.109500567930265
79.838308095932,14.086879800138904
79.84033107757568,14.064208223743016
79.84240460395813,14.041676200249514
79.84333038330078,14.019309454213932
79.84533262252808,13.99730754397396
79.84733319282532,13.975613519417488
79.8493320941925,13.954288358999216
79.85133266448975,13.933201818390339
79.85333251953125,13.91243121296436
79.85533380508423,13.891912737082373
79.85733151435852,13.871632938099511
79.8593282699585,13.85186351176013
79.86033225059509,13.832526949207956
79.86233258247375,13.813579238736805
79.86473226547241,13.794948526076197
79.86674761772156,13.776723359030967
79.86820888519287,13.758825334539942
79.87022638320923,13.741093599624579
79.87222743034363,13.723697681398656
79.8742208480835,13.706565379251222
79.87531352043152,13.689456347840133
79.87665295600891,13.672419218850276
79.87866878509521,13.655376661787576
79.88067102432251,13.638141951833006
79.88267040252686,13.620896415411506
79.88497805595398,13.603529455880228
79.88714647293091,13.58582255917284
79.88914823532104,13.56764294896949
79.89117550849915,13.548921964406219
79.89314699172974,13.529279848351385
79.89414548873901,13.50867557996515
79.89614987373352,13.486876780104936
79.89814591407776,13.463506747611607
79.90022206306458,13.438449867296514
79.9016523361206,13.411317278487312
79.90365552902222,13.382386584300205
79.90553045272827,13.351025752128631
79.90744304656982,13.317448444177133
79.90943694114685,13.281572108818937
79.91144299507141,13.243251481658508
79.91344356536865,13.20268340026979
79.9144401550293,13.160387789311862
79.91650557518005,13.117020650071503
79.91843914985657,13.07279052526277
79.92044305801392,13.028560551587468
79.92243838310242,12.98453328645904
79.92444276809692,12.941413438291105
79.92644691467285,12.899065428810648
79.92744302749634,12.842951546529324
79.92962074279785,12.788246401657783
79.93200922012329,12.738215699259548
79.93302154541016,12.691877373540322
79.93474888801575,12.648212363361814
79.93686985969543,12.60685380500864
79.93788266181946,12.56682569556266
79.94016003608704,12.528441087100397
79.94117593765259,12.491346997227287
79.9432725906372,12.455224779042796
79.94428539276123,12.420101844312303
79.94630908966064,12.38571708188682
79.94830989837646,12.352140999371453
79.94938254356384,12.31955716651797
79.95130705833435,12.28775306206277
79.95331072807312,12.25671449484176
79.95530605316162,12.226073525396224
85.45022797584534,12.196026803780178
85.45329141616821,12.166251307155829
85.45529508590698,12.136450830110261
85.45828700065613,12.106713795020895
85.46128749847412,12.076583329421638
85.46322131156921,12.046256162872188
85.46721911430359,12.015528997294703
85.47028684616089,11.984525869660285
85.47321557998657,11.953558343431204
85.47763419151306,11.922679945146255
85.47990536689758,11.892126544215762
85.48091006278992,11.86206174127809
85.48297691345215,11.832616647389095
85.48590898513794,11.803704011583351
85.48762321472168,11.775622679430628
85.48995113372803,11.748115930974109
85.4918692111969,11.721571462617932
85.49287104606628,11.695904899856146
85.49546813964844,11.671026590718158
85.49839401245117,11.647291044302301
85.5003981590271,11.624629222767005
85.50339317321777,11.6031804438989
85.50539970397949,11.582784914792803
85.50739407539368,11.563328284178535
85.50939893722534,11.544612279330646
85.51139497756958,11.52662974889681
85.51339435577393,11.508930286955042
85.5153911113739,11.491268788021165
85.51645731925964,11.47371174636187
85.51791000366211,11.456141547933248
85.52002382278442,11.43876200653869
85.5219509601593,11.421486731674989
85.52395033836365,11.404436689217569
85.52594256401062,11.38749078270943
85.52694773674011,11.370686329253797
85.52833461761475,11.354185526092413
85.52965760231018,11.337798045138868
85.53167414665222,11.321737998971168
85.53366541862488,11.306057691854877
85.53566861152649,11.290282581041035
85.5386700630188,11.274755157064412
85.54067182540894,11.259404217829367
85.54166889190674,11.244170690108731
85.54366707801819,11.229007911399076
85.54467344284058,11.214173353655532
85.54667353630066,11.199450914789155
85.54771041870117,11.18511668116751
85.549809217453,11.17095405477764
85.55184268951416,11.156939905146183
85.55284428596497,11.143182031162954
85.55481171607971,11.129601591019554
85.55581259727478,11.11634032649236
85.5578122138977,11.103598152730182
85.55981707572937,11.09096293348119
85.56081223487854,11.078726861184101
85.56281638145447,11.06673181832539
85.56481957435608,11.055059695009565
85.566091299057,11.0438470311729
85.56809043884277,11.032781988806438
85.56957960128784,11.022179441050733
85.57161355018616,11.011890375918295
85.5726215839386,11.002418648897693
85.57461333274841,10.993463509789507
85.57661032676697,10.984937125715295
85.57761192321777,10.976794358864856
85.57961177825928,10.968642903628298
85.5818440914154,10.960449151188058
85.58285999298096,10.952019785375263
85.58485865592957,10.943790020940861
85.58685994148254,10.935855722649176
85.58786153793335,10.928145139737211
85.58989882469177,10.92037149414795
85.59093737602234,10.912200745692434
85.59288263320923,10.90363902415739
85.59493255615234,10.894305962021505
85.59685730934143,10.884250480950776
85.59886407852173,10.873756503206547
85.60086512565613,10.863063118750977
85.6028618812561,10.85267756473906
85.60493397712708,10.842545297568769
85.60595369338989,10.8327899067828
85.60800409317017,10.823646879387589
85.60995316505432,10.815040299776399
85.61195015907288,10.80721604755358
85.6129560470581,10.800131714247842
85.61495399475098,10.793860785756534
85.61795926094055,10.787889505160926
85.61895155906677,10.782497762388271
85.62095141410828,10.777154317285184
85.62303590774536,10.771930740675769
85.62495493888855,10.766785492049266
85.6269543170929,10.761460989224783
85.62901425361633,10.755821312459911
85.63095378875732,10.74980768096358
85.63295459747314,10.743334723734202
85.63403797149658,10.736641536331389
85.63643169403076,10.729833668646267
85.63945317268372,10.723150874093095
91.15153050422668,10.716445056058038
91.15493488311768,10.70970174612494
91.15730500221252,10.703138966233455
91.15877175331116,10.696548393774037
91.16128945350647,10.69016143832676
91.162752866745,10.684057827003919
91.16376566886902,10.678402327276519
91.16676783561707,10.673136466485776
91.16876769065857,10.668213685059067
91.17076802253723,10.663543770430733
91.17377161979675,10.659138985357783
91.17576694488525,10.65513379552313
91.17876505851746,10.651385791105271
91.18077182769775,10.647786083596866
91.18177056312561,10.644186748455828
91.1849422454834,10.64062456124222
91.18595266342163,10.637028286964448
91.18695712089539,4.902626242606509
91.18998765945435,4.914193341036416
91.192058801651,4.92606150652022
91.19421339035034,4.938430844568407
91.19707703590393,4.951329044787417
91.20507597923279,4.964923372433129
91.20908498764038,4.979069555525267
91.21207761764526,4.9938829452858045
91.21607565879822,5.00931144591373
91.21907472610474,5.025108780192255
91.22322392463684,5.041093307590412
91.22731351852417,5.057667268437734
91.22930788993835,5.07405022227154
91.23323011398315,5.09017932638085
91.23622226715088,5.105561999931217
91.23974299430847,5.121163249205836
91.24175977706909,5.136796911519547
91.24475836753845,5.152718139745944
91.24875736236572,5.168880073074348
91.25175833702087,5.185525415726901
91.25375843048096,5.201084445683746
91.25775909423828,5.215667110279244
91.26175880432129,5.229239432497181
91.26475811004639,5.242229484485588
91.26776456832886,5.255131788935304
91.27113080024719,5.268010523983101
91.2746593952179,5.280494067497295
91.27866077423096,5.292491778441006
91.28166437149048,5.3042304693064795
91.28366446495056,5.315528511446556
91.28666019439697,5.325858583966579
91.29066109657288,5.3350114925625185
91.29466152191162,5.342787070420599
91.29866099357605,5.34949053551724
91.30066061019897,5.355773731631537
91.30365896224976,5.36163614580435
91.30566000938416,5.367566050852608
91.30966234207153,5.373537103292963
91.312664270401,5.37974617915282
91.31566023826599,5.386137837398098
91.31866073608398,5.392855537997251
91.32066059112549,5.4000220205005895
91.32266211509705,5.407390945259261
91.3256607055664,5.415002153038145
91.32866072654724,5.4224369298670325
91.33066272735596,5.429648526773046
91.3330910205841,5.436258980628229
91.33510994911194,5.441962692229264
91.33710598945618,5.4466267531967505
91.34010767936707,5.450109218802461
91.34312438964844,5.452382838988148
91.3451144695282,5.453688178118724
91.34811186790466,5.454027981839212
91.35111093521118,5.453324993904765
91.35311460494995,5.451619427669669
91.35611414909363,5.449210928381235
91.35911130905151,5.446321578271967
91.36211156845093,5.443067450042769
91.3641152381897,5.439879444454526
91.36711239814758,5.4366952682900385
91.36920189857483,5.4335623642579565
91.37211275100708,5.4306038837457375
91.37511038780212,5.427978616378825
91.3772280216217,5.425714520738995
91.37925171852112,5.423860332655999
91.38224673271179,5.422434819091537
91.38424968719482,5.4213708792006114
91.38624715805054,5.420618263332867
91.38825011253357,5.420141524223449
91.39125490188599,5.41988690201391
91.39325046539307,5.419891978498537
91.3956310749054,5.420123237751286
91.39707350730896,5.420568285269211
91.39907479286194,5.421226203264716
91.40183281898499,5.4220286528797175
91.40384554862976,5.422964400797312
91.4068431854248,5.423858284158113
91.40936136245728,5.424753061221577
91.41136407852173,5.425583515950129
91.41336274147034,5.426349509490946
91.41536164283752,5.427056164861652
96.83604383468628,5.427702331650077
96.83805084228516,5.428273724071489
96.84097695350647,5.428738028423118
96.84404873847961,5.42895530456478
96.84698009490967,5.428904616317502
96.84997653961182,5.428487792055132
96.8519778251648,5.42762737877593
96.85591864585876,5.426290090645854
96.85984468460083,5.424462783039358
96.86401176452637,5.422152133195796
96.8673803806305,5.419278529947878
96.87240409851074,5.415869341395436
96.87439823150635,5.4118813626486535
96.87825751304626,5.407281286571607
96.88160920143127,5.402143954628216
96.88360667228699,5.396526546779893
96.88661170005798,5.390539166210166
96.88866472244263,5.384209083045765
96.89075708389282,5.377627570708819
96.89188361167908,5.3708748445139465
96.89490413665771,5.363992393599634
96.89590001106262,5.356933650871181
96.89910936355591,5.349716307900507
96.90117502212524,5.3423135951689
96.90356302261353,5.334791986325882
96.90565490722656,5.327237908203733
96.90858268737793,5.319580269725644
96.91064739227295,5.311703745263932
96.91257786750793,5.303531386310398
96.9145815372467,5.295003055107338
96.91666388511658,5.286187348415338
96.9186315536499,5.277076615247232
96.92057919502258,5.267776082762848
96.92265915870667,5.258268347075329
96.92557764053345,5.248612571455502
96.92666125297546,5.2388835484847736
96.92912411689758,5.22910263352883
96.93122863769531,5.219252266964589
96.93314504623413,5.2093811087611455
96.93514585494995,5.1994326267582185
96.93814873695374,5.189403134758435
96.94014835357666,5.179330537371214
96.94225835800171,5.169147809957985
96.9441499710083,5.158888745170678
96.94614863395691,5.148513705044114
96.94919466972351,5.138109658284123
96.95119714736938,5.127733236834194
96.95320653915405,5.117564261651123
96.95519661903381,5.10765525060214
96.9572696685791,5.098180717935417
96.96022057533264,5.089289826055795
96.96320295333862,5.081039434436603
96.9651985168457,5.0734401197477625
96.96819710731506,5.066444811288433
96.97019362449646,5.059956304277527
96.97119784355164,5.053910481020694
96.97422933578491,5.048308621322089
96.97629237174988,5.042998990041942
96.97923111915588,5.0379251872825135
96.98122215270996,5.032976235629076
96.98422646522522,5.02807471624341
96.98621821403503,5.023070583715604
96.9882264137268,5.017864345729667
96.99022173881531,5.01238162210104
96.99311661720276,5.0066177505573295
96.99513006210327,5.000547681514546
96.99612641334534,4.994139184077914
96.99938106536865,4.987338856300589
97.00054407119751,4.980159086580008
97.00215220451355,4.9725992016421365
97.00414681434631,4.964701233188283
97.00614953041077,4.9564577913516175
97.00815415382385,4.9478896337611165
97.01115298271179,4.939065773430266
97.01415205001831,4.930068358546371
97.01714825630188,4.920861169722666
97.01915049552917,4.9114765120511175
97.02222681045532,4.9019892667101965
97.02415370941162,4.892425102885603
97.02615356445312,4.882745968988235
97.02914881706238,4.872927317180574
97.03116250038147,4.863008121942609
97.03415155410767,4.852967332424198
97.03615093231201,4.842796829743244
97.03823184967041,4.832408755883751
97.04115152359009,4.821889214357672
97.0421450138092,4.811199241361299
97.04415273666382,4.800256541661704
97.04615640640259,4.789094279255685
97.04947233200073,4.777667961105176
97.0515124797821,4.766024048841409
97.05420970916748,4.754191252970648
97.05620884895325,4.742258692770545
97.05763983726501,13.287448301530967
97.05970597267151,13.305811291709785
97.06266045570374,13.324229040882214
97.06464076042175,13.342783223769613
97.06563973426819,13.361396146626802
102.53531670570374,13.380024177193626
102.5393135547638,13.398518191376903
102.54144954681396,13.416774195794689
102.54441666603088,13.434762615579935
102.5473701953888,13.452385467678255
102.55044150352478,13.469539727445824
102.5533754825592,13.486214127525209
102.55636811256409,13.502305119668296
102.55838561058044,13.517809540996097
102.56236982345581,13.532733763313793
102.56486225128174,13.547095919165459
102.56686305999756,13.560904245514319
102.56886553764343,13.57416321731217
102.57168936729431,13.586963214888144
102.57478523254395,13.59939224771671
102.57970523834229,13.611468375464192
102.58270263671875,13.623301152945823
102.58470797538757,13.634883670246364
102.58676815032959,13.64631118599628
102.58890318870544,13.657536201816834
102.59094548225403,13.668604563586367
102.59292483329773,13.67953969729295
102.59592866897583,13.690392484626061
102.59892344474792,13.701159792502427
102.60092568397522,13.711895114638528
102.6031219959259,13.722581759004665
102.60514163970947,13.733265392416936
102.60813975334167,13.74389589918626
102.61113739013672,13.754649082505258
102.61294031143188,13.765461866021726
102.61458730697632,13.776332870390394
102.6161801815033,13.787303754252973
102.61887812614441,13.79842388093305
102.62056088447571,13.809760574421237
102.62258338928223,13.821098395139622
102.62457919120789,13.83234879162835
102.62657809257507,13.84337389710934
102.62857341766357,13.85401806493311
102.62957525253296,13.86420601121486
102.63157320022583,13.873798653381286
102.63357377052307,13.882946129757439
102.63557744026184,13.891763463056156
102.63757538795471,13.900359157633261
102.64057207107544,13.908861632385012
102.64158082008362,13.917335903057287
102.644113779068,13.925818763084711
102.64524817466736,13.934340263991649
102.64726567268372,13.942894719459366
102.64925980567932,13.951468454625077
102.65026760101318,13.960006339803103
102.65226316452026,13.968497468604134
102.65426468849182,13.976897133233967
102.65526127815247,13.985166608825978
102.65826058387756,13.993279999377402
102.66009283065796,14.001242947287897
102.66209292411804,14.009065628355973
102.66309952735901,14.016744677359974
102.6650903224945,14.024287015524852
102.66609334945679,14.031687464655594
102.6680965423584,14.038966529044064
102.67018938064575,14.046103979591164
102.67217516899109,14.053127659927153
102.67416787147522,14.06002047445943
102.67509245872498,14.06681562979443
102.67716932296753,14.073505022454995
102.67909383773804,14.08009182917238
102.68015050888062,14.086583424173734
102.68209075927734,14.093004085403255
102.68309092521667,14.099338415692397
102.68509721755981,14.105581379870706
102.6871542930603,14.111768138499205
102.68817949295044,14.117869064270483
102.69009208679199,14.123909563841964
102.69109153747559,14.129893888726203
102.6930902004242,14.135817643071464
102.69409394264221,14.141708298957948
102.69609093666077,14.147575272071776
102.69809174537659,14.153410368332226
102.69909334182739,14.159233277280354
102.70116233825684,14.16507827882046
102.70309090614319,14.170913289205409
102.70409488677979,14.176726704970235
102.70613598823547,14.18244890113942
102.70809173583984,14.187974844045264
102.71809148788452,14.19326819694209
102.7240948677063,14.198227375572692
102.72809338569641,14.202814471775921
102.73209071159363,14.206990400149394
102.7351803779602,14.21070638772044
102.73909783363342,14.213986499270788
102.74308896064758,14.216891711261985
102.74708890914917,14.21948682983318
102.74909210205078,14.221814589219228
102.75409603118896,14.223964463022492
102.75709176063538,14.225983885613832
102.7610936164856,14.227932978646278
102.76445579528809,14.229818258991703
102.7684555053711,14.23168505069502
108.23894691467285,14.23357298839073
108.24129343032837,14.235459262042193
108.24357581138611,14.23735496938717
108.24659514427185,14.23922851836531
108.24959444999695,14.241022202376596
108.25189399719238,14.242696596765962
108.25498723983765,14.24428115624206
108.25692105293274,14.245818168844387
108.26091265678406,14.247294705858494
108.26345467567444,14.248742075540232
108.26544976234436,14.250190770154205
108.26746320724487,14.251617714789546
108.27045178413391,14.253045695243152
108.27245354652405,14.254482606623741
108.27445077896118,14.255890917097048
108.27851700782776,14.257289258699197
108.28054237365723,14.258660770227529
108.28253984451294,14.259978894525444
108.28453493118286,14.261228477293384
108.28860402107239,14.262378344917861
108.2915518283844,14.263455056931624
108.29554414749146,14.264444337350989
108.29772019386292,14.265390050905008
108.30067753791809,14.266305475721255
108.30227565765381,14.267222769226414
108.30548357963562,14.268105410659466
108.30710172653198,14.268924896532162
108.30970621109009,14.269631145392877
108.3127007484436,14.270206510969658
108.31493091583252,14.270630464359279
108.31704378128052,14.27082545904815
108.32095289230347,14.270777945928074
108.32394933700562,14.27052520397962
108.3259482383728,14.27004451671669
108.33094358444214,14.269350970843599
108.33394289016724,14.2684700609134
108.3369472026825,14.267447055555408
108.33994269371033,14.266290997016856
108.34294939041138,14.264994537992482
108.34594893455505,14.263580158974387
108.34994983673096,14.262010734348117
108.35194897651672,14.260245844691957
108.35395336151123,14.258287493512496
108.35694599151611,14.256107496191426
108.35994696617126,14.253710141230204
108.3629560470581,14.251109224057593
108.36494326591492,14.24833235735699
108.36794090270996,14.245352348708456
108.369943857193,14.242133060376899
108.37194299697876,14.238692297659783
108.37494659423828,14.235075062683768
108.37820029258728,14.231275426986974
108.38019919395447,14.22730071439274
108.38219904899597,14.223165776211582
108.38420534133911,14.218896906599937
108.38819789886475,14.21451728631154
108.39119958877563,14.210076065181148
108.39519906044006,14.205578587685496
108.39820075035095,14.201069604263534
108.40120315551758,14.19654984062745
108.40367794036865,14.192006327086379
108.40567564964294,14.187443913740076
108.40879416465759,14.18288775522379
108.41120314598083,14.178318592207487
108.41320276260376,14.17380853384729
108.41540861129761,14.169348863458824
108.41777110099792,14.164884318858086
108.41977214813232,14.160432571566501
108.4227683544159,14.155987914455338
108.42477512359619,14.15156198692417
108.42777037620544,14.147123240989083
108.42976808547974,14.142702431774525
108.43277144432068,14.138295401942331
108.43477129936218,14.13391698511089
108.43777132034302,14.129560831669767
108.43993544578552,14.125259748923087
108.4419493675232,14.120944624771653
108.44294929504395,14.116641387423165
108.44527196884155,14.112332507051827
108.44727039337158,14.108054713333651
108.44827079772949,14.103835287324053
108.45026874542236,14.099638622398565
108.45127415657043,14.095518264598992
108.45326948165894,14.091505031841121
108.45430827140808,14.087641841239389
108.45631885528564,14.083901774050315
108.45741963386536,14.080208886576948
108.45941734313965,14.076528470414665
108.46041893959045,14.072828899056505
108.46342635154724,14.069030410419922
108.465416431427,14.065075688808813
108.4684190750122,14.060945037806711
108.47041535377502,14.056615626779244
108.47141671180725,14.052019317451443
108.47382950782776,14.047178691194004
108.47583484649658,14.042071640102439
108.47782897949219,14.036748054428042
108.48083257675171,14.03116975515431
113.92340803146362,14.025362846585915
113.92564463615417,14.019317421707793
113.92865180969238,14.013090193714884
113.93157291412354,14.00672556437429
113.93457341194153,14.000193096043448
113.93656897544861,13.993541438388265
113.9405767917633,13.986825503734785
113.94393825531006,13.980103405382147
113.94694447517395,13.973506638498947
113.94993829727173,13.967080685772821
113.95293664932251,13.960941641114948
113.95493602752686,13.955139947580639
113.95733642578125,13.94973048725367
113.95971369743347,13.944706060001229
113.96171593666077,13.940033264308262
113.9647114276886,13.935670568830739
113.9677095413208,13.931575518266134
113.96971464157104,13.927677243895078
113.97171115875244,13.92393005107447
113.97319483757019,13.920301849549489
113.97638583183289,13.916791066092957
113.97740578651428,13.913353899496737
113.97940015792847,13.909972305209378
113.98240637779236,13.906655341299498
113.98444151878357,13.90339607670361
113.98641109466553,13.900304842917395
113.98844146728516,13.897446727286058
113.99040412902832,13.894857416618226
113.99240398406982,13.892530421661398
113.99474859237671,13.890406874162998
113.99677085876465,13.88845508907277
113.99788308143616,13.886612260396918
114.0007758140564,13.884857441567577
114.00277185440063,13.883132331399617
114.00577235221863,13.88140735547423
114.00786447525024,13.879650595318571
114.00977039337158,13.877869797047765
114.01184964179993,13.876026801119906
114.01477360725403,13.874123635598002
114.01686072349548,13.872176029814362
114.01878714561462,13.870194421303848
114.0207827091217,13.868181375777604
114.02377128601074,13.866151788119632
114.02577543258667,13.864104979055892
114.0277738571167,13.862040978451644
114.03077149391174,13.859952646266764
114.03276872634888,13.85778946821464
114.03485751152039,13.85562627482192
114.03776836395264,13.85340658917563
114.04039454460144,13.851181748893802
114.04331803321838,13.848998053795487
114.04532361030579,13.846894431894926
114.0473940372467,13.84484746997735
114.0503191947937,13.84299351997613
114.052330493927,13.841278520808412
114.05431795120239,13.83969303275232
114.05631685256958,13.838261967365812
114.05831575393677,13.836970098719377
114.06032085418701,13.835809493222765
114.06331634521484,13.834674693395748
114.06531620025635,13.833399791750889
114.06631445884705,13.83195038637903
114.06831622123718,13.830272704627205
114.06932163238525,13.828404487384024
114.07232117652893,13.826430776562859
114.07431840896606,13.824380368400135
114.07538723945618,13.822301046458884
114.07731914520264,13.820215789043312
114.07932043075562,13.818122654197293
114.08132076263428,13.816075339086863
114.08331441879272,13.814042593595092
114.08632802963257,13.812064008301867
114.08831810951233,13.810129075981088
114.09032106399536,13.80823620891556
114.09235215187073,13.80638877471275
114.09437727928162,13.804576350523892
114.09531831741333,13.802778112978025
114.09838533401489,13.800974874603744
114.09967637062073,13.799183267989699
114.10154104232788,13.797344450598896
114.10255861282349,13.795495092577593
114.10456085205078,13.793604783582712
114.10555911064148,13.791753587436986
114.10755586624146,13.789988990123735
114.10955834388733,13.788391084136393
114.11055731773376,13.786984554801126
114.11355900764465,13.785868875935217
114.1145613193512,13.785014934677664
114.11656093597412,13.78442610417534
114.11864423751831,13.78407972319989
114.12056541442871,13.7840217037095
114.12265229225159,13.78411593158149
114.12455654144287,13.784396269265534
114.12562608718872,13.784891544322338
114.12656617164612,13.78556480749303
114.1285572052002,13.78643832037525
114.13061833381653,13.787488424348219
114.13256072998047,13.788765011102091
119.62758922576904,13.790205699454331
119.62958574295044,13.79185458536301
119.63158679008484,13.79372847789323
119.63358783721924,13.795747917517854
119.63662958145142,13.797900470606681
119.63858461380005,13.80019020535092
119.64058876037598,13.802646236161543
119.64258480072021,13.80523784532534
119.6445837020874,13.80798969780438
119.64589786529541,13.8108240606996
119.64891076087952,13.813785731991898
119.65016746520996,13.816860366962793
119.65122866630554,13.819990471897095
119.65324687957764,13.823183857999828
119.6554274559021,13.826470831336866
119.65743112564087,13.829835768141333
119.65942597389221,13.833232088067309
119.6604254245758,13.836735179928702
119.66243195533752,13.840296773842926
119.66542983055115,13.843919718684386
119.66847586631775,13.847635396517857
119.66942763328552,13.85148946238899
119.67243003845215,13.855518178631575
119.6745138168335,13.859736318080621
119.67653107643127,13.864210699957749
119.67862057685852,13.869000861272143
119.67954850196838,13.874176270042645
119.68168258666992,13.879738033880832
119.68467998504639,13.885773585914318
119.68668603897095,13.892297564234777
119.68867802619934,13.89928639982505
119.69077229499817,13.906793505060223
119.6926817893982,13.91483807215172
119.69473052024841,13.923409499267981
119.69668054580688,13.93252868566924
119.69868493080139,13.942196917476545
119.70067834854126,13.95237690984698
119.70268368721008,13.96296140875935
119.70468306541443,13.973953467696363
119.7066798210144,13.985250149176334
119.70868587493896,13.99678879826211
119.71068120002747,14.008549292603202
119.71268200874329,14.020467477125738
119.71475982666016,14.03250538991079
119.71786761283875,14.04469822444653
119.7199559211731,14.056977106357712
119.72288393974304,14.06933078343306
119.72588396072388,14.081688079730803
119.72796821594238,14.094157317173083
119.72988057136536,14.106642642798544
119.73295855522156,14.119169066592443
119.73490071296692,14.131812510414786
119.73788213729858,14.144565611604893
119.74000382423401,14.15738798962468
119.74220013618469,14.170230059273253
119.74422121047974,14.183036049190676
119.7462203502655,14.19584583673466
119.74828720092773,14.208670903608724
119.75138139724731,14.221626218403756
119.75239491462708,14.234770654674545
119.75366544723511,14.24823254601155
119.75668263435364,14.261986585033917
119.7586784362793,14.276071143984549
119.75984311103821,14.29046813386391
119.7623643875122,14.305134109624957
119.76338267326355,14.32016607954806
119.76543498039246,14.33563944405587
119.76738166809082,14.351696308253995
119.76943588256836,14.368492692222805
119.7713828086853,14.386032352890288
119.77338147163391,14.404432592306797
119.77547311782837,14.423582912071062
119.77738189697266,14.44340915840883
119.77838587760925,14.463777311127703
119.78038311004639,14.48457172616778
119.78237628936768,14.505629517216112
119.78438234329224,14.526781288385315
119.78538227081299,14.547967510104755
119.78738570213318,14.569213939709492
119.78938269615173,14.590377636240884
119.79137992858887,14.611262793971548
119.79338312149048,14.631705359899783
119.79438495635986,14.651539331298737
119.79638147354126,14.6707634504326
119.79845833778381,14.689474777421909
119.80189514160156,14.707533954184884
119.8029146194458,14.725093528905392
119.80493116378784,14.74203308403306
119.80691313743591,14.75848481017732
119.80891370773315,14.774483405348397
119.80991411209106,14.790033151477283
119.81191277503967,14.805321539326894
119.81397199630737,14.820346802626036
119.8159806728363,14.835273001066533
119.81804466247559,14.85014423882091
119.8191487789154,14.865121793889008
119.82105898857117,14.880012326069885
119.82305812835693,14.894962618487881
125.3116443157196,14.909886753221398
125.31370663642883,14.924846343422734
125.31670761108398,14.939896715857584
125.31964421272278,14.95498645563676
125.32164144515991,14.970204851430877
125.32464170455933,14.985645024774783
125.32766032218933,15.001294450598161
125.3307101726532,15.017259165461272
125.33364176750183,15.033585143052031
125.33663964271545,15.050169035034394
125.3399612903595,15.067165899199363
125.34296298027039,15.084522129625386
125.34696412086487,15.102081732604264
125.34897828102112,15.119940956889073
125.35096597671509,15.137929307202235
125.35295987129211,15.156151340518756
125.35496520996094,15.174559548793248
125.35796046257019,15.19301536668419
125.35996294021606,15.211344057227398
125.3619613647461,15.229325356198641
125.36396598815918,15.248205202283977
125.36596131324768,15.2664690394451
125.36798644065857,15.283421429786749
125.37038087844849,15.299100700859338
125.37239336967468,15.313438523041436
125.37438344955444,15.326321302460075
125.37645077705383,15.337830698637283
125.37837862968445,15.3479799062181
125.38038063049316,15.356935794123526
125.3823835849762,15.364620768873928
125.38538646697998,15.371241377246928
125.38637948036194,15.376714886618991
125.3886365890503,15.38150179298474
125.39063668251038,15.38562646862047
125.3926374912262,15.389010198504785
125.3946304321289,15.391673070174619
125.39663624763489,15.393747151607236
125.39863991737366,15.395302223502082
125.40102577209473,15.39648477013889
125.40302562713623,15.397452235608245
125.405024766922,15.398086325193619
125.40702080726624,15.398506757006803
125.40802240371704,15.39880712028527
125.41005563735962,15.398898290058547
125.41207480430603,15.398956691241676
125.41519784927368,15.399185515010064
125.41722059249878,15.39950865064457
125.41922116279602,15.400040346439905
125.42122006416321,15.400599266028946
125.42321586608887,15.401267364215732
125.4312174320221,15.402003307749446
125.43540143966675,15.402773765803841
125.43940234184265,15.403501750014243
125.44240236282349,15.404168360434113
125.44639945030212,15.404796257662941
125.44940209388733,15.40549423866036
125.45240187644958,15.406269616724156
125.45440244674683,15.40712947594125
125.45740389823914,15.408027420942759
125.45940160751343,15.408881802162124
125.46140027046204,15.409633576182673
125.46440291404724,15.410068973196863
125.4674015045166,15.409948310624642
125.47040438652039,15.409071308795747
125.47240424156189,15.407213172281043
125.47440338134766,15.404228403155201
125.47639870643616,15.400057415971705
125.48040318489075,15.394512693529418
125.48239874839783,15.387536936956801
125.48639440536499,15.379145201852996
125.48839688301086,15.36941420679739
125.4923996925354,15.358407019980238
125.49539923667908,15.346241697112106
125.49939894676208,15.333022884330214
125.50339913368225,15.318922704300673
125.50740242004395,15.304122572319121
125.51040720939636,15.288767568345069
125.51340126991272,15.272972540750306
125.51740074157715,15.256898920999438
125.52140021324158,15.24064611562675
125.5234010219574,15.225547545979772
125.52595043182373,15.211397707135308
125.52796816825867,15.197510507322733
125.5299711227417,15.183934668999717
125.53296494483948,15.17069545522913
125.53396654129028,15.157784205111158
125.53596520423889,15.14525251341657
125.53796553611755,15.133081800209435
125.53896474838257,15.121197250090258
125.54096508026123,15.109549207077357
125.54296684265137,15.098072893490906
125.54596638679504,15.086848856409427
125.54796576499939,15.075845277803406
125.54996609687805,15.065110808885114
125.55296516418457,15.054593672050077
125.55497121810913,15.044107595695445
125.55705833435059,15.033515335703736
125.55997395515442,15.02276366135362
131.01041746139526,15.01174453057303
131.01441383361816,15.00052642269196
131.01645278930664,14.98908233897958
131.01745057106018,14.97728680691983
131.01945090293884,14.96516380798589
131.02055668830872,14.952671254186534
131.0229320526123,14.939626586938322
131.02402710914612,14.926020080410018
131.02699184417725,14.911919132993923
131.02895998954773,14.897328602705514
131.032555103302,14.88222443692013
131.03355240821838,14.86670057739441
131.03655195236206,14.850669877703579
131.03885054588318,14.834176549950728
131.04083466529846,14.81729312156438
131.04283595085144,14.8001315816691
131.0458333492279,14.782657415048785
131.04683256149292,14.764989590544758
131.04983592033386,14.747096016601546
131.05283284187317,14.729140947931217
131.0538351535797,14.711075167552664
131.05683064460754,14.692983935392585
131.0581443309784,14.674975881718964
131.06048727035522,14.657067600461367
131.06238746643066,14.63936580868873
131.06416821479797,14.62186916495592
131.06576704978943,14.60460795531745
131.06740593910217,14.58768194984694
131.06946325302124,14.571159852493276
131.0721116065979,14.554980698587844
131.0744593143463,14.539438487123203
131.0764594078064,14.524333317780288
131.07845306396484,14.509741206640424
131.07945346832275,14.495723209935472
131.08145213127136,14.482274543975262
131.0837106704712,14.469328429636779
131.08470273017883,14.456791272970278
131.08716702461243,14.444726286784388
131.08918166160583,14.433130594233702
131.09118127822876,14.42185628083412
131.09317994117737,14.410837806003013
131.09518146514893,14.399956841862855
131.0961833000183,14.389107159268331
131.09818124771118,14.378235183446993
131.10056471824646,14.367403676351175
131.10156440734863,14.3565794678833
131.10356307029724,14.345751494093605
131.10556817054749,14.33489748292709
131.10811114311218,14.323943237330012
131.110111951828,14.313012605385616
131.1121120452881,14.302102197835513
131.11311388015747,14.291196508904122
131.11510944366455,14.28036248796911
131.11711525917053,14.26964303726877
131.11960244178772,14.25897142366248
131.12061667442322,14.248420626785663
131.12262225151062,14.238031680972647
131.12361574172974,14.227898346327803
131.12561464309692,14.217931520661503
131.12861585617065,14.208230919779632
131.12961506843567,14.19860063721315
131.13161420822144,14.18919693660548
131.1346218585968,14.179980667263573
131.13561844825745,14.171197587396053
131.1391122341156,14.162704119878757
131.14110779762268,14.154368465013631
131.1431086063385,14.146397648785552
131.14511156082153,14.138625586536083
131.14711046218872,14.131112517182293
131.14911031723022,14.123745339113594
131.1511092185974,14.116718406972458
131.1531105041504,14.109965553006653
131.1551079750061,14.103508629502679
131.15710759162903,14.097207937716592
131.1601095199585,14.09111059359985
131.162118434906,14.08514385446437
131.16311168670654,14.07950153082896
131.1661093235016,14.074207525705017
131.1687150001526,14.069467680402845
131.17080545425415,14.064976068745226
131.1728229522705,14.060992662640242
131.1738202571869,14.057235842902235
131.17582178115845,14.053775319651493
131.17782044410706,14.050506750318101
131.17982077598572,14.047275680199206
131.1808261871338,14.044004667659351
131.1828212738037,14.040861518599415
131.18482637405396,14.037618990570744
131.18582344055176,14.034240552663555
131.18831586837769,14.030765004225628
131.19031190872192,14.027224048103331
131.19231629371643,14.023578091087488
131.19331550598145,14.019873618895552
131.1953158378601,14.016165375748699
131.19731664657593,14.012388604786485
131.19932055473328,14.008621037471634
131.20131659507751,14.004954246192039
131.2023103237152,14.001543312750755
136.71368861198425,13.998144644819586
136.716295003891,13.994988025578168
136.71930193901062,13.992195085618572
136.72223377227783,13.989626437575886
136.72523522377014,13.987252217345157
136.7302725315094,13.984949297382245
136.7331998348236,13.983092666817086
136.7362084388733,13.981626181912054
136.74020266532898,13.980390711256918
136.74519777297974,13.9794975786648
136.74920797348022,13.97915671982336
136.75225162506104,13.979485087023034
136.75528001785278,13.980345169095639
136.758371591568,13.981485603375193
136.7607352733612,13.982932209281024
136.76275181770325,13.984610450703087
136.76499938964844,13.986226212697456
136.7660117149353,13.98824233283823
136.76800870895386,13.990729862223624
136.77153491973877,13.99339794362343
136.77252531051636,13.996129516621783
136.77640676498413,13.998685970672279
136.77752113342285,14.000893635649811
136.7795217037201,14.002942550023267
136.78152561187744,14.004838674473595
136.78356742858887,14.006435256308656
136.78552436828613,14.00779507595818
136.78752875328064,14.009149837923506
136.78952503204346,14.010434211729335
136.79152131080627,14.011381770651397
136.79306292533875,14.012189077492573
136.7950518131256,14.012951434210557
136.7960548400879,14.01398042965062
136.7980659008026,14.015119428346154
136.80005407333374,14.016335375966506
136.80204892158508,14.017725676264158
136.80411958694458,14.019167231796503
136.80505228042603,14.020182367042647
136.80904984474182,14.02170587446669
136.81105184555054,14.023689546606631
136.81308722496033,14.025835527190356
136.8154742717743,14.028118401929015
136.81749653816223,14.030423495674368
136.81957030296326,14.033489420018048
136.82198238372803,14.036518592646113
136.8239986896515,14.039604707636528
136.8260736465454,14.042572784198118
136.8280065059662,14.045448299279418
136.83007287979126,14.048562409159812
136.83199882507324,14.052325620640437
136.8345079421997,14.056291070412966
136.83652901649475,14.060647100974123
136.8398633003235,14.065387911626983
136.84183979034424,14.070793979546979
136.8438379764557,14.07695827467844
136.84583950042725,14.083541249174562
136.84883952140808,14.090681219922786
136.85093021392822,14.098069937484825
136.85383915901184,14.105960533846185
136.8558487892151,14.11460679674392
136.85789012908936,14.123891856177217
136.86033463478088,14.133555471256999
136.8623538017273,14.143664238726167
136.86540007591248,14.153961396695486
136.86737203598022,14.164161537704665
136.86935782432556,14.175181346813693
136.8718659877777,14.186876211562245
136.87409114837646,14.198827053158315
136.87615871429443,14.211213450061955
136.87835478782654,14.224054292045627
136.87935280799866,14.237305025387322
136.88135385513306,14.250442184133364
136.88335800170898,14.263600691891078
136.8857502937317,14.27655670660347
136.8868293762207,14.2902376940098
136.88876795768738,14.304255153765471
136.89076590538025,14.318556381633973
136.89283418655396,14.33281304449594
136.89476490020752,14.34690113477442
136.89576315879822,14.36159266884066
136.89776730537415,14.376867014769026
136.89976835250854,14.392302171697205
136.90176343917847,14.407888122257575
136.902765750885,14.423468027451612
136.90476846694946,14.439470053067364
136.90726518630981,14.456580853227416
136.9085898399353,14.474358181784456
136.91060328483582,14.492560796819891
136.9136242866516,14.512861273366427
136.91560435295105,14.536176777546151
136.9166076183319,14.56387959728146
136.91960287094116,14.597286986135948
136.92060494422913,14.636154172095475
136.92261004447937,14.681935706758715
136.9246048927307,14.73559015998208
136.92760944366455,14.79905889384689
136.92960834503174,14.874805969690067
136.93193936347961,14.966791648385565
142.40038013458252,15.079457613790566
142.40379786491394,15.218501734440558
142.4051558971405,15.276774609118885
142.4082546234131,15.321629243140912
142.41038990020752,15.364178245400902
142.41341161727905,15.404388505142446
142.41741061210632,15.442558289968426
142.42041420936584,15.478660961113638
142.4224944114685,15.512968542108789
142.42441320419312,15.545125281789982
142.426411151886,15.575253945113577
142.42940974235535,15.603559900873364
142.4314112663269,15.630035263411482
142.43341374397278,15.654983667298623
142.43541646003723,15.67836024717859
142.4374120235443,15.70062102845691
142.4394085407257,15.721676896155111
142.44241166114807,15.741673773502873
142.444415807724,15.760799047290044
142.4474151134491,15.779168756562193
142.44942212104797,15.796854660744149
142.45241904258728,15.813899856244856
142.45441699028015,15.830464139517245
142.45641231536865,15.846552755684025
142.45940971374512,15.862220039120562
142.46248269081116,15.87757169725939
142.46441292762756,15.892664274717724
142.4664125442505,15.9075295513818
142.46841168403625,15.922202069337978
142.4704909324646,15.93678278928393
142.4734764099121,15.951251020202793
142.4764130115509,15.965726361798666
142.47849082946777,15.98026071905611
142.48041224479675,15.994960077740432
142.4824092388153,16.00984021412533
142.4844515323639,16.02491879203807
142.48641538619995,16.04020615289883
142.4884147644043,16.055746430549735
142.49241018295288,16.071361674194055
142.49541449546814,16.0870628654935
142.49641394615173,16.1027929623944
142.49841260910034,16.118437731434284
142.501811504364,16.13403370034449
142.5038366317749,16.149498412396298
142.5058310031891,16.164768914079776
142.50784277915955,16.17979461772429
142.50983500480652,16.194412813978175
142.51282787322998,16.208613086301266
142.51482892036438,16.222395509593785
142.51682806015015,16.23573073265639
142.51882791519165,16.24866023832049
142.52182865142822,16.261140249131923
142.52382731437683,16.27318628190064
142.52482843399048,16.284831268374067
142.52683401107788,16.296097154414973
142.5288281440735,16.30698604421097
142.530832529068,16.31757120296885
142.53183031082153,16.327853602781246
142.5358293056488,16.337903113489133
142.53782987594604,16.34774858520762
142.53882884979248,16.35747568555051
142.54184126853943,16.36709744777064
142.54282879829407,16.376569478649074
142.5448341369629,16.38589547467634
142.54683113098145,16.395042447555205
142.54982900619507,16.40397222344864
142.55183386802673,16.412660757602666
142.55382990837097,16.42104475774187
142.55583119392395,16.42891681503703
142.55883169174194,16.435270155394292
142.5608310699463,16.437688188559246
142.56282830238342,16.43747292854404
142.56482791900635,16.436603946050877
142.56682920455933,16.435499113296753
142.56883025169373,16.434293820978155
142.5698356628418,16.433059662037742
142.572829246521,16.43184231052212
142.57482886314392,16.430620810483248
142.57683086395264,16.42938959317844
142.57882714271545,16.428117667126628
142.57982921600342,16.426792244050322
142.5818316936493,8.586258948222532
142.58383321762085,8.56944019968985
142.58582949638367,8.552814891441548
142.58783078193665,8.536490265643977
142.58983063697815,8.52048607803982
142.59083008766174,8.504877075417939
142.59282875061035,8.489962265810659
142.59582996368408,8.475813374828812
142.5978410243988,8.462066517433813
142.60083556175232,8.448893276288386
142.60282731056213,8.436285742646836
142.6048321723938,8.424087773543688
142.60683035850525,8.412190894786063
142.61383509635925,8.400745293275525
142.61983561515808,8.38958603500037
142.62683176994324,8.378542214634685
142.63083124160767,8.367509410309795
148.1012408733368,8.356207870603404
148.1042468547821,8.344993695984973
148.10624384880066,8.333566427111293
148.110276222229,8.322368525996431
148.112553358078,8.311249025072819
148.1145510673523,8.30012650041982
148.11755394935608,8.289315556245256
148.1205506324768,8.27864370309722
148.12255120277405,8.268158892459397
148.12555074691772,8.257685393689977
148.12655115127563,8.247603990112188
148.1299397945404,8.237653739487122
148.1319453716278,8.2278939087339
148.13394045829773,8.218145970833742
148.13726353645325,8.208636842048293
148.13919830322266,8.183668764391932
148.14119625091553,8.140025389872743
148.14370107650757,8.097054236540252
148.1467056274414,8.054688131604948
148.14777541160583,8.012719157945913
148.14977502822876,7.97121155500734
148.1520435810089,7.930801407105116
148.15405917167664,7.890681280613694
148.1560709476471,7.8512614455502625
148.15727591514587,7.8131055082925265
148.15928864479065,7.775653935882141
148.161288022995,7.739859390399904
148.1632924079895,7.706331628570917
148.16429090499878,7.675295049246915
148.16629123687744,7.646620077703617
148.16728925704956,7.620949233120566
148.1702914237976,7.5984688935969045
148.17228841781616,7.579012360723028
148.1742901802063,7.561940756403163
148.17564129829407,7.546484466005168
148.17764544487,7.533034863156666
148.1796452999115,7.5209621693510655
148.18164205551147,7.510705557501249
148.18264174461365,7.500947238967422
148.18464541435242,7.492072994262746
148.1866443157196,7.483708523603197
148.18864583969116,7.476016628260375
148.19064831733704,7.468430000781514
148.1926474571228,7.461788227783573
148.19464325904846,7.456069880674583
148.19564151763916,7.4508367101021165
148.1976456642151,7.446719725374644
148.1996624469757,7.443493348680173
148.20166039466858,7.440558433986421
148.20265746116638,7.438099167284471
148.20465636253357,7.436077788747657
148.2066605091095,7.434147038968773
148.2076575756073,7.43244205482666
148.21005129814148,7.430989377384758
148.21205472946167,7.429618658209666
148.21405005455017,7.427254150739081
148.21629166603088,7.424077133072039
148.21829557418823,7.420174496100034
148.21957397460938,7.416079712048683
148.2215859889984,7.411466200526617
148.22359108924866,7.407058091951759
148.224591255188,7.402269826717215
148.2255892753601,7.3978724497578225
148.22758889198303,7.393147803955592
148.2295868396759,7.3886859230051956
148.23158478736877,7.384345505224418
148.23359298706055,7.380531161991229
148.2347195148468,7.377030192772802
148.2357325553894,7.373383747178741
148.23873329162598,7.369008747923813
148.24074029922485,7.363949394000198
148.24173521995544,7.358736008647293
148.2441849708557,7.3535906758524385
148.24618363380432,7.348864559125753
148.24818515777588,7.343836015020376
148.2501826286316,7.338880432115464
148.25118970870972,7.33350972015107
148.25318837165833,7.328389600090084
148.25518679618835,7.32333366076087
148.2580828666687,7.3185577093835175
148.25910329818726,7.31448832820844
148.2621715068817,7.311076605565811
148.2641065120697,7.308616835401798
148.2661714553833,7.306621336680997
148.26809906959534,7.304675573342665
148.26917719841003,7.302615218077864
148.27110147476196,7.300679875080841
148.27319979667664,7.299334346124982
148.27417039871216,7.298687036759434
148.27610564231873,7.29830132359691
148.2781069278717,7.298043458262468
148.2800989151001,7.298148488231153
148.28210043907166,7.298114238150384
148.2831552028656,7.297502080861837
148.28509974479675,7.297170660925561
148.2871720790863,7.296200438419513
148.289146900177,7.294650865335338
148.29010319709778,7.293213208606485
153.7943994998932,7.291614313952269
153.7964382171631,7.289966843103718
153.79750657081604,7.2875311970015995
153.7995195388794,7.285480819276605
153.801518201828,7.283919507121553
153.80251455307007,7.282398806953826
153.80451607704163,7.281073061766432
153.80551743507385,7.279863521860197
153.8075144290924,7.2786940701646685
153.80851578712463,7.277425703670035
153.80967330932617,7.275452244561563
153.81199955940247,7.273316507128476
153.81450009346008,7.270655283273419
153.81726717948914,7.2681610536990675
153.8186695575714,7.264979282012048
153.82007098197937,7.26170459021477
153.82324147224426,7.258036287205847
153.82460641860962,7.253373281428004
153.82694935798645,7.248440051193053
153.82828068733215,7.243845537398756
153.83114314079285,7.239204772252444
153.8332486152649,7.234743106620836
153.83426427841187,13.063585673969762
153.83626317977905,13.040148367079786
153.837260723114,13.018207891908991
153.83926391601562,12.99739072410676
153.84225869178772,12.976611292744034
153.8442575931549,12.955637377078704
153.8462619781494,12.9353115003947
153.8482608795166,12.916127995639311
153.85032725334167,12.897429255763004
153.8524148464203,12.880473704734914
153.85342454910278,12.865620852186208
153.85462951660156,12.851599868962687
153.85574579238892,12.838108805667902
153.85675644874573,12.82585164064424
153.859224319458,12.814810488402847
153.8602204322815,12.804456398150078
153.86221504211426,12.794406705924448
153.86421823501587,12.784409341368105
153.86600542068481,12.774582765286993
153.86795020103455,12.764284717827259
153.86994981765747,12.75426178767562
153.87095022201538,12.743647614369015
153.8730182647705,12.732544913804015
153.87494897842407,12.720615306788124
153.87702131271362,12.706565887698781
153.87894463539124,12.691385099540891
153.8799467086792,12.674609353501499
153.88202691078186,12.655879403923832
153.88394212722778,12.636657808718608
153.88494515419006,12.616168926763317
153.88694763183594,12.595814137635411
153.88800311088562,12.576482140194276
153.8900225162506,12.55805798968827
153.89094805717468,12.539819130046796
153.89305138587952,12.521887343005037
153.89494633674622,12.503474588050068
153.8959448337555,12.485456531560223
153.89794850349426,12.467050046981704
153.8999490737915,12.449048027559858
153.90194749832153,12.430743672551213
153.90302777290344,12.412484110081712
153.90501880645752,12.394328376977478
153.9060413837433,12.376347865177193
153.90794444084167,12.358300910458455
153.91002297401428,12.340173196355982
153.910986661911,12.322837743498273
153.91294527053833,12.305106421048153
153.91400289535522,12.287263593374966
153.91594576835632,12.269298069633692
153.91795563697815,12.250583027956724
153.91994619369507,12.231845323931745
153.92094469070435,12.212732869499453
153.9230237007141,12.193498959438346
153.9249472618103,12.17392802985941
153.92694807052612,12.153805325988477
153.92803382873535,12.13327216422296
153.92995381355286,12.113206800148806
153.93202710151672,12.09323477393187
153.93395161628723,12.0724603575923
153.9360227584839,12.051527524413835
153.93695521354675,12.030207676627711
153.93994975090027,12.008358731194335
153.94094514846802,11.985784175311675
153.94339632987976,11.962107462415881
153.94560408592224,11.937495794852225
153.94771528244019,11.911569564698336
153.9496157169342,11.885219379936135
153.95061898231506,11.858872524608524
153.95265817642212,6.543095689445314
153.95367336273193,6.531359875008569
153.9556736946106,6.520016790989379
153.95767068862915,6.50821535482215
153.95889520645142,6.495196351081604
153.95991039276123,6.481111247113606
153.96190524101257,6.465477472891044
153.96290683746338,6.448838047459647
159.48954057693481,6.429547668876122
159.49159860610962,6.408574436762115
159.4935326576233,6.385993089182019
159.4955358505249,6.361482056492076
159.49783897399902,6.334997000360667
159.4998972415924,6.3056411148967255
159.5012493133545,6.273045868852572
159.50526189804077,6.236737259821844
159.50726222991943,3.1700667395183477
159.50925755500793,3.18330190754217
159.51131105422974,3.196624292847207
159.51332426071167,3.210138508439612
159.51532626152039,3.22352166057955
159.51733684539795,3.237390079701299
159.51932287216187,3.2505394549969835
159.52139234542847,3.2634691856013056
159.5233244895935,3.2751887538313254
159.5233244895935,3.2872851054933494
159.52574825286865,3.297893243398232
159.52801775932312,3.3077466723689803
159.53057599067688,3.3174300126406067
159.5325951576233,3.3263867554349087
159.53459334373474,3.3359080881427974
159.5365927219391,3.3464101210037804
159.53759264945984,3.3583183076689402
159.54009699821472,3.3712562810308597
159.5413634777069,3.384811143020739
159.54338431358337,3.3982742890615585
159.54537844657898,3.411617963183642
159.5463833808899,3.424708525344763
159.54866552352905,3.437124153296088
159.55066776275635,3.4488731720673407
159.55266046524048,3.4595479487585057
159.55514883995056,3.46880831908197
159.55713987350464,3.4762568294137592
159.5591380596161,3.4820884704103436
159.56112813949585,3.4858781506834013
159.56313848495483,3.48783248674425
159.56513023376465,3.4887599691163795
159.56713676452637,3.487227898769575
159.56813216209412,3.4839708586863627
159.56912779808044,3.480036236671486
159.571133852005,3.4739298467000608
159.57323813438416,3.4664075827955694
159.5751383304596,3.4579091174890104
159.57613515853882,3.448618836418772
159.57913446426392,3.4391984406278877
159.58013319969177,3.429973138342014
159.58213353157043,3.421200977661862
159.5841338634491,3.413217827861649
159.58613443374634,3.4056313131735805
159.58814978599548,3.3982473779643154
159.5901336669922,3.3908466241007864
159.5921335220337,3.3836453156406607
159.59413075447083,3.3766646197711094
159.59560227394104,3.3697437653722107
159.59761929512024,3.3626708646482055
159.59907484054565,3.3554766446459294
159.60107517242432,3.346158755027971
159.60306930541992,3.3365808651874524
159.60407137870789,3.327061889791362
159.60706877708435,3.31809790871643
159.60807037353516,3.30974525261598
159.6100733280182,3.3019263291970558
159.61257910728455,3.294946858417066
159.61357855796814,3.2887665413762495
159.61557817459106,3.2834368905573124
159.61757802963257,3.2790458468184114
159.61858487129211,3.2754204443383306
159.62058186531067,3.272590456871402
159.62158203125,3.27062924152486
159.62358212471008,3.2694796555972654
159.6256947517395,3.268910840177569
159.62669157981873,3.268811496687542
159.62912368774414,3.269198237841805
159.63041138648987,3.269845995997109
159.63142347335815,3.2707987500716778
159.63241720199585,3.2720606960542873
159.63484048843384,3.2736192771960155
159.63684034347534,3.275348598240891
159.63883924484253,3.277154117830825
159.64083981513977,3.27942432855628
159.64184188842773,3.2817856889619446
159.64384365081787,3.284139980998744
159.64599204063416,3.286832278683662
159.64700889587402,3.2894205251157294
159.6490867137909,3.2923022734276866
159.65108561515808,3.2953280148427315
159.65208554267883,3.296605517537751
159.6540870666504,3.2969721574524553
159.6560845375061,3.297566519885334
159.6580846309662,3.298409967135044
159.65908575057983,3.2994826232695313
159.6621217727661,3.30060777567294
159.66308188438416,3.30176892712331
159.6660828590393,3.302995677778985
159.66808009147644,3.3041856481640757
159.67007899284363,3.3059077285596463
165.19261717796326,3.3076251473861813
165.19462537765503,3.3102724209803744
165.1976158618927,3.3129355002003495
165.20010495185852,3.315817561500999
165.20210814476013,3.318872142528306
165.204110622406,3.3215406971898433
165.2071042060852,3.3238018479675313
165.20910668373108,3.326139131885095
165.2111053466797,3.328363351027815
165.21328043937683,3.3309214236394604
165.21727800369263,3.3335543268144017
165.21828198432922,3.336595317515886
165.22055959701538,3.3400481956744175
165.2215552330017,3.343667697451121
165.2235586643219,3.3471970496621206
165.22555994987488,3.3516481327092515
165.2265751361847,3.356311444637715
165.2285566329956,3.361534236605685
165.22961854934692,3.3674920758359668
165.23255968093872,3.3739209252541356
165.23463702201843,3.3806330302304564
165.23655891418457,3.3875618374613023
165.23863625526428,3.3948732026464827
165.2405605316162,3.40307191827078
165.24256253242493,3.412114319388897
165.24485397338867,3.422282757392961
165.24687099456787,3.433659003235963
165.24886512756348,3.445840601468829
165.25087189674377,3.4599876823824225
165.2528691291809,3.4741746517981054
165.25486660003662,3.4898191980522215
165.25686502456665,3.5069702290901468
165.25886869430542,3.532153953168267
165.2608664035797,3.564817485567647
165.262868642807,3.5979459278982246
165.26386952400208,3.6311514497839625
165.26586937904358,3.6650875788096426
165.26886653900146,3.6996452476039687
165.26993083953857,3.7354800037733207
165.27194929122925,3.7727285308664933
165.27455234527588,3.810141739507396
165.27565932273865,3.8475506924872906
165.27855229377747,3.8844711758968518
165.28063082695007,3.9207414968243075
165.28155183792114,3.9565650348466495
165.2835488319397,3.9919972169890547
165.28555035591125,4.027441582362416
165.28755235671997,4.061840081011132
165.28955173492432,4.0956995612972324
165.29063749313354,4.128638209705608
165.29265117645264,4.16085753217373
165.29489254951477,4.191832311705336
165.29601335525513,4.221381325274134
165.2978072166443,4.249795258987529
165.299870967865,4.277523030636063
165.3021514415741,4.30498413199793
165.30421948432922,4.331937842392373
165.30584073066711,4.358491449174941
165.3073694705963,4.3847811132582155
165.30933594703674,4.4103227691713505
165.31092834472656,4.435304175373588
165.3123607635498,4.459578865967295
165.31337356567383,4.482911412035564
165.31537199020386,4.505435575022505
165.31737208366394,4.526774179279276
165.31853342056274,4.546941672403125
165.31954669952393,4.565743136570307
165.32155203819275,4.583657337147399
165.32354474067688,4.60068603316707
165.32454466819763,4.6169376242782
165.3265483379364,4.632458613923945
165.32754802703857,4.64723441036313
165.32954478263855,4.661693240813206
165.3315441608429,4.6759321069724304
165.33254742622375,4.690216534417577
165.33354449272156,4.703950611946668
165.33554196357727,4.717496822808829
165.33654522895813,4.731130299418186
165.33755040168762,4.744283155904199
165.3385467529297,4.757125652034769
165.3405499458313,4.7694486518273935
165.34254264831543,4.781473004717577
165.34354853630066,4.793634043689436
165.3455469608307,4.805888827126851
165.34754967689514,4.818170528076562
165.34854865074158,4.83038026608023
165.35054755210876,4.842633553876005
165.35155057907104,4.854878232963646
165.35399508476257,4.867144230066615
165.35501050949097,4.879363964499854
165.35701656341553,4.891393211086883
165.35800695419312,4.903569688891577
165.36001062393188,4.915130487865417
165.3620047569275,4.926380919174403
165.36300683021545,4.937186473652688
165.36500644683838,4.947634698177256
165.3670768737793,4.957590962313057
165.36907577514648,4.967154129709325
170.8770546913147,4.975882748673982
170.87999320030212,4.98376155774803
170.8814206123352,4.990963942254985
170.88435292243958,4.99737030063583
170.88635849952698,5.0028398935125065
170.8894326686859,5.007658509123989
170.89236116409302,5.011677401895538
170.89435338974,5.015082741932769
170.89686250686646,5.017763222782991
170.8989589214325,5.020042845506832
170.90187573432922,5.021751371590819
170.90387320518494,5.023227331874112
170.90587663650513,5.024411932290157
170.9078779220581,5.025261003150312
170.91088724136353,5.025806055642723
170.91295957565308,5.0261316545043675
170.91529154777527,5.026133435028999
170.91767477989197,5.026459365197263
170.9197859764099,5.02611349432027
170.9217813014984,5.025741476197351
170.9237732887268,5.025325335084288
170.9257824420929,5.024261587222272
170.92771410942078,5.022831812507339
170.9297161102295,5.020866354100475
170.9317102432251,5.018579240877399
170.93379044532776,5.016295635449199
170.93571543693542,5.013787198744463
170.93771123886108,5.011134463522764
170.93971610069275,5.00857742053621
170.9418432712555,5.005264987018968
170.9438440799713,5.00169310174909
170.94584274291992,4.997919212421655
170.94788670539856,4.994427554825341
170.94998955726624,4.9912260225247795
170.9520823955536,4.9875984275885346
170.9540991783142,4.983735242245011
170.95609784126282,4.979336235564744
170.9571657180786,4.974801408905236
170.96009755134583,4.9702154914326435
170.96109676361084,4.9655360591979525
170.96310544013977,4.960755913345426
170.9650957584381,4.955647997010077
170.96717429161072,4.950608758064935
170.9680917263031,4.9449782799309485
170.97009801864624,4.9390787553325755
170.97310328483582,4.933266766074671
170.97411060333252,4.9271605352856485
170.97609639167786,4.920986045769433
170.9782054424286,4.914889402761495
170.97918796539307,4.908903664607576
170.98109674453735,4.902971487271554
170.98210096359253,4.89674815350904
170.98409700393677,4.8902841645869914
170.98609805107117,4.883742763741282
170.98817586898804,4.877099726437302
170.98909544944763,4.870343496460317
170.9911720752716,4.863136839868196
170.99309730529785,4.855835146913451
170.99509596824646,4.848251861149812
170.99618649482727,4.840592998757988
170.99710774421692,4.8327322364626975
170.99909591674805,4.824924240653675
171.00010538101196,4.817134084919042
171.00212407112122,4.809363535436295
171.00317287445068,4.802016966893585
171.00510931015015,4.794878518157437
171.00709772109985,4.787882997857211
171.00818705558777,4.780967832844114
171.01009821891785,4.774219455911978
171.01110076904297,4.767625609677647
171.01209831237793,4.761057816865942
171.01413440704346,4.754199675614589
171.0151023864746,4.746914575918376
171.01710271835327,4.739223250729333
171.0190989971161,4.731324220085078
171.0201690196991,4.722824281255804
171.0220992565155,4.714135498304233
171.0241310596466,4.705488207813875
171.02515721321106,4.696404453201277
171.02709794044495,4.687196380073232
171.02918457984924,4.678489250990546
171.0301070213318,4.670024921531008
171.03210306167603,4.661247541067527
171.03410148620605,4.652298043990348
171.03510642051697,4.643548689051401
171.0371823310852,4.634722703079833
171.03909516334534,4.625992411665212
171.04117846488953,4.617106725040599
171.04216885566711,4.60869655677774
171.04410934448242,4.6005022002346845
171.04618787765503,4.592142510456785
171.04716515541077,4.583367247350005
171.04915928840637,4.574449811362769
171.05110144615173,4.5659296900033475
171.05209970474243,4.557476132667992
171.05418276786804,4.548770867483259
171.05609607696533,4.5396145349004255
171.05809831619263,4.530099715761034
176.58039712905884,4.5207173016760445
176.58139896392822,4.511162777993986
176.58268284797668,4.5015665560682
176.58469128608704,4.491233036919759
176.5860676765442,4.482793272567179
176.58708310127258,4.475067645073263
176.58846831321716,4.466480716054214
176.59054040908813,4.457353717655278
176.5927734375,4.447694619099431
176.5947723388672,4.4382496466979635
176.59677386283875,4.4292720889459405
176.59877371788025,4.420646480959075
176.60176944732666,4.4121678456715845
176.60278058052063,4.402897510801759
176.60576963424683,4.392673691809857
176.60777115821838,4.383372146560826
176.60977292060852,4.374911010061923
176.61182737350464,4.366143852247042
176.61477184295654,4.356838399675276
176.61684894561768,4.346590454938909
176.6187698841095,4.336040506717941
176.62077260017395,4.325225033071217
176.62298703193665,4.315260286984586
176.625004529953,4.306258233897553
176.62703037261963,4.297895583513813
176.62885117530823,4.289755429629806
176.6315233707428,4.281484631345343
176.63253712654114,4.272965687836558
176.6345386505127,4.263954098129712
176.63654088974,4.254775507054797
176.63853907585144,4.2456565981421015
176.63954043388367,4.236602273137899
176.6415410041809,4.227109676099165
176.6435956954956,4.217470858303555
176.64470553398132,4.207190548916456
176.64661169052124,4.196290721829385
176.64861154556274,4.185411363872078
176.65061259269714,4.174884120485838
176.65260696411133,4.164510056530373
176.65397810935974,4.155085523333025
176.65536308288574,4.147541095804638
176.65659832954407,4.142750533880648
176.65861129760742,4.138907838900185
176.6596121788025,4.135471511704032
176.6606125831604,4.131945629234616
176.66261529922485,4.128223049532535
176.66384077072144,4.1241830839422216
176.66584968566895,4.119867823134469
176.66785049438477,4.115253876678069
176.66885447502136,4.110374422550798
176.67185354232788,4.105210982098236
176.67285442352295,4.099855390092243
176.67485761642456,4.094257907550321
176.6768524646759,4.088328179687076
176.67786478996277,4.081768970887534
176.6798539161682,4.074772360146957
176.68085408210754,4.067318073098882
176.68285727500916,4.059389873447118
176.68485617637634,4.0508627296231605
176.6868770122528,4.04133898604878
176.68819499015808,4.0306835898368
176.68919730186462,4.019156474288831
176.69119906425476,4.0070106743887495
176.6932020187378,3.9943698663975757
176.6952018737793,3.9807292886698487
176.69772028923035,3.9655745765084567
176.6987442970276,3.94921141703267
176.7007417678833,3.9317197590682853
176.70274472236633,3.913164641014025
176.70474100112915,3.8936460629256384
176.70679354667664,3.873167243161369
176.707745552063,3.852029676354281
176.70994806289673,3.8296476291405916
176.7120451927185,3.806243258371302
176.7129626274109,3.7810079209725185
176.71496605873108,3.7534913268825005
176.71704983711243,3.7237050730975443
176.7179672718048,3.6904454378834113
176.71996402740479,3.653988721519658
176.7219672203064,3.613163898947791
176.72402667999268,3.5672051955408564
176.72503352165222,3.515642312110354
176.72696495056152,3.4925599284708464
176.72896337509155,3.4694932983568822
176.73096346855164,3.4462989734216336
176.7330379486084,3.4235045783901925
176.73541259765625,3.400972927633396
176.73652482032776,3.3789467508423505
176.73843097686768,3.357847659806721
176.7414836883545,3.337597397990893
176.74242901802063,3.3179698434548786
176.74443173408508,3.2987357861080597
176.74769234657288,3.2799717450020713
176.74868178367615,3.2616543858514064
176.75062584877014,3.243636945396273
176.75262904167175,3.2261665755835436
176.75370597839355,3.2090485274109395
176.755628824234,3.1921567640882054
182.28803539276123,3.175671077742714
182.29303097724915,3.1594947746418405
182.2950315475464,3.143482797461302
182.29704356193542,3.1277389133915823
182.29903197288513,3.112497159809527
182.30302906036377,3.097795512246751
182.30803155899048,3.08305145895548
182.31009721755981,3.0652746033920515
182.31309509277344,3.0476256752862136
182.31703114509583,3.030152536201281
182.31911087036133,3.0128893862237254
182.3220407962799,2.9957486907669284
182.32603883743286,2.9788998244768834
182.3291289806366,2.962105084606629
182.33204197883606,2.9454809908607538
182.33512353897095,2.9291822552743243
182.33910536766052,2.9133045619502993
182.34311294555664,2.8976826156239186
182.34705018997192,2.8822870879851115
182.34911727905273,2.8674092173435715
182.3531084060669,2.8529196566127983
182.3570442199707,2.8390487855991835
182.36103677749634,2.825626656056547
182.36303305625916,2.8126500331778983
182.36703443527222,2.79995414978633
182.3704445362091,2.7876417860158877
182.37374305725098,2.775929886020513
182.37807774543762,2.7649354164627034
182.38107991218567,2.754484043747659
182.38513588905334,2.7448340738362367
182.38815879821777,2.735635442139982
182.3920795917511,2.727189782336398
182.39613270759583,2.7196499023317475
182.40009140968323,2.712840349728563
182.40407991409302,2.7066649062365467
182.4080934524536,2.70086443166937
182.41007828712463,2.6958534658516564
182.41248893737793,2.6910756301777408
182.4144048690796,2.684069705859166
182.41640520095825,2.6728210411529867
182.4184055328369,2.6618184362129544
182.422456741333,2.6509724998744013
182.4254105091095,2.6406310929908465
182.42748475074768,2.630598972166615
182.43047547340393,2.6209437270730724
182.43446493148804,2.61186425587695
182.4374120235443,2.60319584942567
182.4394130706787,2.5949420048884133
182.4424102306366,2.5869596614810604
182.4454061985016,2.579208333659933
182.44740962982178,2.571730881408617
182.44940948486328,2.564321730103014
182.4534068107605,2.5569961700246577
182.45640778541565,2.5496549062630485
182.45940852165222,2.542254998055736
182.46141028404236,2.5350375219636687
182.46340680122375,2.5280059916963666
182.46540546417236,2.521289904560701
182.46940803527832,2.515043405817786
182.47240710258484,2.509391572054848
182.47440791130066,2.5042214131479352
182.47685360908508,2.499410959984603
182.48091101646423,2.4949497639405087
182.48393726348877,2.4908559482080843
182.4858500957489,2.4869278722442987
182.48784375190735,2.483282051275091
182.4918601512909,2.4794791702980867
182.49484491348267,2.475903224877463
182.4968500137329,2.4725746507191326
182.50030159950256,2.469641224564208
182.50341701507568,2.4671281321702927
182.5055730342865,2.464979187182009
182.50857019424438,2.4632174864281526
182.51056289672852,2.461935811719554
182.51256394386292,2.460983825128834
182.51456713676453,2.4603802302472615
182.5165650844574,2.4602201251814915
182.51864552497864,2.4604487069292116
182.5205659866333,2.4612205029216714
182.52156686782837,2.462297531419985
182.52456307411194,2.4637155173081284
182.5255787372589,2.4654121222559575
182.52863192558289,2.467565439577814
182.5305678844452,2.470055416623378
182.53156733512878,2.472867429831238
182.53356862068176,2.475907860726917
182.5355668067932,2.479176096628624
182.53662037849426,2.4827363879723303
182.53856539726257,2.486572447785396
182.54056787490845,2.490715506707599
182.54258632659912,2.495308385116724
182.54359817504883,2.5003591247016694
182.54507517814636,2.505842500332899
182.54711151123047,2.511818244386933
182.5491168498993,2.5180664227069474
182.55011010169983,2.5247015082641475
182.55211067199707,2.531708409690217
182.55411100387573,2.5390712439481247
187.96796369552612,2.5468139233762295
187.96996092796326,2.5548126483918874
187.972962141037,2.56298833748218
187.9749629497528,2.571265227911308
187.97704005241394,2.579453961043133
187.97902607917786,2.587548368821242
187.98096203804016,2.595846421265598
187.98396062850952,2.604128926705686
187.9859595298767,2.6123495259479004
187.98802423477173,2.6204489425881103
187.99003958702087,2.628662598687584
187.99203777313232,2.6368554573074823
187.99304246902466,2.644899564436792
187.99504041671753,2.653172306494961
187.9970405101776,2.661382781756921
187.99905133247375,2.669697132210498
188.00203943252563,2.678170652011359
188.0030369758606,2.6871056667125677
188.0050401687622,2.696035611319613
188.00703859329224,2.705284108568095
188.0090413093567,2.714815762206202
188.01103925704956,2.725012003225622
188.01204705238342,2.735764723634193
188.01504230499268,2.7470370310787398
188.01603746414185,2.758532824130044
188.01809573173523,2.770190381481913
188.02004075050354,2.782237835910707
188.022038936615,2.794409761350005
188.0230405330658,2.8066888577316784
188.0250403881073,2.819204546544901
188.02703952789307,10.235813094512729
188.02903485298157,10.28599742632957
188.03003978729248,10.336413525559735
188.0320339202881,10.388068366065465
188.0340394973755,10.441372133817957
188.03504085540771,10.495596295036663
188.03703999519348,10.551007540690362
188.03904104232788,10.595635567716542
188.0411274433136,10.638575303954585
188.0431296825409,10.680016082223377
188.04412627220154,10.719442654151164
188.04616737365723,10.757664797605534
188.04812908172607,10.793681353418012
188.0542345046997,10.828336817365434
188.06122827529907,10.86184571466123
188.06823301315308,10.89442359511151
188.07223320007324,10.925684052882495
188.07523107528687,10.956172168261988
188.07968521118164,10.985142160053481
188.08368802070618,11.012390035308584
188.08768510818481,11.03804842790277
188.08968710899353,11.06253241215769
188.09069442749023,11.085753999110803
188.09268593788147,11.107951667528589
188.0956962108612,11.12892909544598
188.099689245224,11.148819185204623
188.10268902778625,11.167779529106866
188.10468101501465,11.18580940060836
188.10768461227417,11.202225332824042
188.1106882095337,11.217977405582445
188.11368465423584,11.232717215462648
188.11668753623962,11.247040760556576
188.11868524551392,11.261002075837414
188.12168264389038,11.274393282067356
188.12468361854553,11.287705517647886
188.12868475914001,11.300810111381688
188.1306929588318,11.313917713924871
188.13468480110168,11.326801337640472
188.1376895904541,11.339472153099615
188.14168453216553,11.352049055125908
188.14468431472778,11.36463477555367
188.14768409729004,11.377135916499416
188.1506850719452,11.389415973610111
188.15468502044678,11.401611373523695
188.15668487548828,11.413898432833157
188.16068410873413,11.426170746561276
188.16368436813354,11.438578963314646
188.16668391227722,11.451161944230094
188.16972184181213,11.463941970992853
188.17279648780823,11.476923275673427
188.17580199241638,11.490052861375254
188.1777491569519,11.503183789088006
188.18080139160156,11.51646520774712
188.18380093574524,11.529837169009019
188.1867220401764,11.543259087758525
188.19072127342224,11.556689355421312
188.1937518119812,11.570092014283885
188.1977288722992,11.583586030692473
188.20127654075623,11.597140817630054
188.20327305793762,11.610820168405038
188.2052743434906,11.624478859153873
188.2082803249359,11.638155548654263
188.20927548408508,11.651773900068866
188.2112741470337,11.665231698838474
188.21427059173584,11.678653685113826
188.21727776527405,11.692135633894697
188.21935081481934,11.70559842084877
188.2232744693756,11.719201284464827
193.66978454589844,11.732871374863883
193.67178773880005,11.74653691259635
193.67378306388855,11.760166420029806
193.67578792572021,11.773728411668614
193.67878532409668,11.787142936127958
193.68177914619446,11.800564518236465
193.6857829093933,11.813920052862752
193.68778204917908,11.827157179746733
193.69078254699707,11.840291544331848
193.69286966323853,11.853384383813253
193.69578075408936,11.866642121660762
193.69778561592102,11.879940247550632
193.69978380203247,11.89330741757759
193.70178151130676,11.906622905112252
193.70378255844116,11.920023769301572
193.7047815322876,11.933411507169188
193.70778441429138,11.946814848449185
193.70978307724,11.96020974302834
193.71178126335144,11.973628095159356
193.71278619766235,11.987077892273122
193.71478295326233,12.000570632578112
193.71723198890686,12.01416283492054
193.72009348869324,12.02793812019738
193.72209572792053,12.041825692444156
193.7240960597992,12.055890017139568
193.7250895500183,12.070156035201498
193.7284758090973,12.084926552778889
193.7304928302765,12.100122865683735
193.73148655891418,12.11573953805567
193.7339460849762,12.131869782921585
193.73593950271606,12.148556379832659
193.73793959617615,12.165519711847923
193.73894047737122,12.182646962681313
193.74118947982788,12.199810717286384
193.74220943450928,12.216797752044686
193.74420428276062,12.233668264798071
193.746262550354,12.250540881900164
193.74728178977966,12.26740775973176
193.74920535087585,12.284122266729822
193.75120997428894,12.30067878515829
193.75320100784302,12.316928563667744
193.7542109489441,12.332849006488741
193.75620579719543,12.348394380686328
193.75845909118652,12.36378328096424
193.7594587802887,12.379086914435552
193.76145720481873,12.394367027139282
193.76345300674438,12.409531781945788
193.76545238494873,12.424764560189088
193.76745557785034,12.439807504817232
193.76962184906006,12.454641335199096
193.77164030075073,12.469350347881749
193.77273988723755,12.484003241853825
193.77404856681824,12.498468119936962
193.77629327774048,12.512796477560798
193.77829098701477,12.527052653508271
193.7812957763672,12.541323041965978
193.7822961807251,12.555762459600379
193.7832932472229,12.570314899953127
193.78529262542725,12.585171799090018
193.78628849983215,12.60016097294411
193.78829097747803,12.615303332961062
193.79028630256653,12.630758917208372
193.7912929058075,12.646774345578388
193.79328441619873,12.663395022474475
193.7946915626526,12.680688263742177
193.79670667648315,12.698831875487793
193.79770135879517,12.71777834330742
193.79971289634705,12.737488440727814
193.80170273780823,12.758139552096104
193.80370664596558,12.779389358710374
193.80570697784424,12.801136530939997
193.8077051639557,12.823286555578047
193.80870413780212,12.845716809106095
193.81070590019226,12.868387757380658
193.81270694732666,12.891509166708968
193.8147029876709,12.915768771912118
193.81670355796814,12.939063362624001
193.81870579719543,12.961042431503401
193.8197033405304,12.981951806140332
193.8227059841156,13.002038638351985
193.82370495796204,13.021415753915214
193.8257076740265,13.040299610678394
193.827702999115,13.058543731144491
193.82970786094666,13.075673210258344
193.83170127868652,13.092319915303165
193.8337082862854,13.108353684953919
193.83570337295532,13.12377974684254
193.8367054462433,13.138659556825688
193.83870887756348,13.152968729122204
193.84100222587585,13.16676398472342
193.84301352500916,13.180042299869395
193.84523272514343,13.193005891654995
193.84724712371826,13.20557797248433
193.8492453098297,13.217809327372814
193.85124826431274,13.229575762201566
193.85324621200562,13.24112898690777
193.8552474975586,13.252412386280476
193.85724687576294,13.263113897445567
199.35728311538696,13.273496425515189
199.35926914215088,13.283461493241976
199.362202167511,13.292877837031979
199.3641984462738,13.301689551015489
199.36720323562622,13.310031136613578
199.3702037334442,13.317995275440452
199.3722002506256,13.325511780680065
199.37520265579224,13.332832132779803
199.37819814682007,13.339933762033619
199.3814389705658,13.346659978915808
199.38443398475647,13.353057326397076
199.38743090629578,13.35915189559098
199.38943076133728,13.36506617994659
199.3924355506897,13.371054453844714
199.39363813400269,13.376852484615458
199.39565682411194,13.38254174580015
199.39869928359985,13.388126736006635
199.40171337127686,13.393791775801255
199.40307760238647,13.39935254601186
199.40609002113342,13.40474701897446
199.40728878974915,13.409894301544407
199.40930461883545,13.414838790923328
199.41030049324036,13.419839746804165
199.41250276565552,13.42487673399865
199.4148736000061,13.429931774389269
199.41697573661804,13.435107492533088
199.41797304153442,13.440368836364637
199.42039227485657,13.445449699907774
199.42338967323303,13.450142530339168
199.42539429664612,13.454411290721001
199.42639112472534,13.45844515434086
199.428391456604,13.46225315482194
199.43046259880066,13.466008325507467
199.432391166687,13.46948503556305
199.43340706825256,13.47275134795919
199.43439078330994,13.475850356050376
199.43639063835144,13.478649152956251
199.43839502334595,13.481192774082245
199.44039511680603,13.483378187701266
199.44246792793274,13.485182558875422
199.4443917274475,13.486513491473605
199.4464466571808,13.487476699757872
199.4483950138092,13.488109725698884
199.45039319992065,13.48837633931697
199.45239400863647,13.48837250681641
199.45438957214355,13.488057052334549
199.4568326473236,13.487331524359739
199.45885252952576,13.486385443428155
199.45985293388367,13.48516141972695
199.4618537425995,13.483608047528731
199.46384692192078,13.481726405710699
199.46524453163147,13.479509711384033
199.46725583076477,13.476954032297987
199.46861171722412,13.474007256841082
199.46991539001465,13.470800951027972
199.4719316959381,13.467239580798589
199.47335267066956,13.463300538177633
199.47536158561707,13.45895694112931
199.4773666858673,13.45431346418938
199.47836709022522,13.449425623402265
199.4803740978241,13.44430295319153
199.48136377334595,13.438917256783771
199.48336362838745,13.433795306875474
199.48536229133606,13.428507369296723
199.48636603355408,13.423157166720658
199.48836493492126,13.417685059508514
199.49036407470703,13.412261127296837
199.49236035346985,13.406884204730435
199.4938623905182,13.401562462014292
199.4948742389679,13.39613465436456
199.49787592887878,13.390515699202346
199.4988739490509,13.384712253513236
199.501158952713,13.378838878020854
199.50221037864685,13.372669222569481
199.50422477722168,13.36628680767338
199.50622296333313,13.359468914512703
199.5082242488861,13.35245610413933
199.50922393798828,13.345048064109124
199.5112280845642,13.337347062315478
199.51361846923828,13.329178481527672
199.51461935043335,13.32058625463185
199.51761531829834,13.311635560531604
199.5196192264557,13.302449301258747
199.5216188430786,13.293030260051937
199.52361965179443,13.283351812433327
199.52661538124084,13.273333330046828
199.52762150764465,13.26302746216057
199.52961802482605,13.252462177523958
199.53162145614624,13.241594154029295
199.53261733055115,13.230497257039108
199.5350205898285,13.219210352870533
199.5370328426361,13.207714574880361
199.5390326976776,13.196034696082723
199.5415050983429,13.184096824250988
199.54350090026855,13.172092263316639
199.54550051689148,13.160114408473413
199.5465052127838,13.148149923237012
199.5485281944275,13.135969087587679
205.05058932304382,13.123758442611704
205.0530936717987,13.111509423699491
205.0551290512085,13.099128234975062
205.0576205253601,13.086602361115052
205.05850195884705,13.073884098040844
205.06050491333008,13.060781966758439
205.06350207328796,13.047288534411198
205.06650471687317,13.033429385178088
205.06850290298462,13.019191560773347
205.069500207901,13.00462867363946
205.07149624824524,12.989634669389169
205.0735046863556,12.974107592683877
205.0755639076233,12.958078680727
205.07767868041992,12.941529322039273
205.07873511314392,12.924557155060812
205.079749584198,12.907062798369543
205.08192777633667,12.888024589677133
205.08293104171753,12.859262860419243
205.0849244594574,12.83061259513652
205.08617782592773,12.802361174450558
205.08719396591187,12.774422211674773
205.08819127082825,12.746804614843404
205.09119510650635,12.719494252045763
205.0936040878296,12.692515390808895
205.09566402435303,12.666089799516882
205.09766960144043,12.640475457671329
205.09969806671143,12.61574769715693
205.10166025161743,12.592034367596138
205.10266065597534,12.569412258662602
205.10483264923096,12.547874373889412
205.1070396900177,12.527183607155859
205.109037399292,12.507135794019087
205.11003398895264,12.487457932157412
205.1112310886383,12.468016738603623
205.11258840560913,12.448699853060653
205.11373448371887,12.429447821750982
205.1147482395172,12.410307915115803
205.11674785614014,12.391335757853806
205.11874675750732,12.372671290345648
205.12074875831604,12.35441568841283
205.12300181388855,12.336654668931953
205.1240155696869,12.319423481264648
205.12601327896118,12.30273483924958
205.12835097312927,12.286673174267936
205.13034749031067,12.271216360321826
205.1323447227478,12.256320199624268
205.13433718681335,12.241913031943051
205.13634490966797,12.227874299047205
205.13834023475647,12.214096121332
205.14133667945862,12.200443547250941
205.1424674987793,12.186847823622253
205.14448046684265,12.173207273781422
205.14647555351257,12.159605961443157
205.14795589447021,12.145920412277157
205.14997005462646,12.132213516067745
205.15196871757507,12.11841772839875
205.1529688835144,12.104494580424596
205.154967546463,12.090526276338208
205.15696930885315,12.07649660004426
205.15796971321106,12.062529082400157
205.16033601760864,12.04872143581442
205.16181468963623,12.034930890748562
205.16282677650452,12.021095593145384
205.16483211517334,12.007372506735878
205.16683053970337,11.993631401151722
205.16882753372192,11.979993574344599
205.1708254814148,11.966598066784979
205.17282581329346,11.953510362710647
205.17482709884644,11.940515012825388
205.17626404762268,11.927890709423476
205.17827773094177,11.915486731261534
205.18027925491333,11.903330072501506
205.18228340148926,11.891355775345824
205.1832799911499,11.879532679643042
205.18527579307556,11.868103650065446
205.18727231025696,11.85705143883509
205.18828225135803,11.846320485011818
205.19127941131592,11.83590732458316
205.19327640533447,11.825804201500041
205.19527912139893,11.81616784457767
205.19727897644043,11.806978917796767
205.19927549362183,11.798195774680444
205.20128178596497,11.789722006707194
205.20327639579773,11.781776945325447
205.20527744293213,11.774195263212853
205.20627856254578,11.766927697933573
205.20827412605286,11.760100101513306
205.21027612686157,11.753811364043425
205.21227765083313,11.74785289412552
205.21371388435364,11.742165747230763
205.2157244682312,11.73653624864962
205.2177243232727,11.731125891785577
205.21909594535828,11.725727322009226
205.22110986709595,11.720391946278108
205.22211003303528,11.715144714497066
205.22310781478882,11.709953476458411
205.22516417503357,11.704340295624585
210.76534247398376,11.698733065008767
210.76834058761597,11.69295359605632
210.77134895324707,11.687313120317775
210.77334451675415,11.681618398821929
210.77633929252625,11.67608866716122
210.77833819389343,11.670584384932013
210.7813413143158,11.665293847971661
210.78434324264526,11.660099674047327
210.7893407344818,11.6548567873616
210.79234147071838,11.649599155757
210.7953326702118,11.644597517189393
210.79733896255493,11.639618639672731
210.80034184455872,11.63484286145103
210.80334186553955,11.630129195399562
210.80533647537231,11.625498913449949
210.80753445625305,11.62092858961186
210.80949544906616,11.616552805818856
210.81168937683105,11.61226358284293
210.8156270980835,11.608034184837141
210.81775903701782,11.604006180855183
210.81984424591064,11.600134675393166
210.8227813243866,11.596425898872388
210.82479047775269,11.59281967002874
210.8277769088745,11.589417484657986
210.83078169822693,11.586202370898167
210.8328206539154,11.583050035940266
210.83697414398193,11.579848423382625
210.83897042274475,11.57666194450665
210.8409719467163,11.573480806015052
210.8429708480835,11.57050723540236
210.8449683189392,11.56770364018196
210.84797620773315,11.564929652790262
210.8490171432495,11.562432180039705
210.8514654636383,11.56017394994882
210.85356402397156,11.558161752587951
210.85594415664673,11.556465610773218
210.8584156036377,11.555045459618269
210.86037635803223,11.553995690549819
210.862375497818,11.553226291876367
210.86360883712769,11.552600408310743
210.86562514305115,11.552047334885907
210.86709594726562,11.551746229877917
210.86811089515686,11.551516321803541
210.8721218109131,11.55136979378845
210.87933158874512,11.551129249366653
210.8833258152008,11.550948323874719
210.88632655143738,11.550793597208806
210.88832783699036,11.550742412526489
210.89232540130615,11.550812880472964
210.89632534980774,11.55097912643815
210.900324344635,11.551219577718417
210.90332436561584,11.55154153205077
210.9073257446289,11.552049477807742
210.91032600402832,11.552711401193728
210.91332983970642,11.553694526308782
210.91632962226868,11.554852713965126
210.92032718658447,11.556212190483128
210.92332530021667,11.557872729100326
210.9263253211975,11.559697319864528
210.92932558059692,11.561780039647214
210.93232440948486,11.564157851772304
210.93432235717773,11.56678499242244
210.93732452392578,11.569772944955602
210.93932700157166,11.573104939962226
210.94232559204102,11.576770774711289
210.94432473182678,11.580774151306215
210.94632172584534,11.585178737317275
210.94833087921143,11.589993986006883
210.9513223171234,11.595350444905801
210.95532298088074,11.601150495813718
210.9583225250244,11.607322121907528
210.96036100387573,11.613726294701928
210.9633595943451,11.620372623338135
210.9663634300232,11.627147549517604
210.9693603515625,11.634099756483069
210.9723677635193,11.641219275577436
210.97536039352417,11.648324015484828
210.97836351394653,11.655730668735186
210.9813587665558,11.663432812569217
210.9843602180481,11.671464932338122
210.98735976219177,11.679743328342774
210.9903609752655,11.68838748707792
210.99336957931519,11.697389350022952
210.99736523628235,11.706716061857486
211.00136971473694,11.716338316456685
211.00537037849426,11.726146736434693
211.0073652267456,11.736235570944352
211.01036834716797,11.746615013951487
211.013365983963,11.757366472453302
211.01536655426025,11.76856753714278
211.01846361160278,11.780174817949746
211.02038073539734,11.792232856180355
211.02259850502014,11.804658319633534
211.02460074424744,11.817420482093453
211.02759766578674,11.830483147304903
211.02959203720093,11.843863756556647
211.03165435791016,11.8579531323247
211.03359818458557,11.872438928548641
216.44736170768738,11.887308731552851
216.4502305984497,11.902244958349197
216.45291447639465,11.916922365989262
216.45484328269958,11.93160460234917
216.45784854888916,11.946815459175552
216.46091389656067,11.961991242323892
216.46284699440002,11.9770446171646
216.4658443927765,11.99226007666351
216.4688425064087,12.00787584823225
216.47184944152832,12.023418031212078
216.47484874725342,12.038445812447737
216.47684907913208,12.053263248559213
216.47884368896484,12.067427406184702
216.48106575012207,12.079285230140945
216.48348712921143,12.083681751201338
216.48548698425293,12.085731858788701
216.48748469352722,12.087673827134045
216.489492893219,12.08976307576494
216.4915885925293,12.09205464641317
216.49360394477844,12.094499154167494
216.49560856819153,12.097612421359996
216.49706888198853,12.100883109171136
216.499085187912,12.104870634750522
216.50108575820923,12.10922501839654
216.50316882133484,12.1139799835511
216.50508832931519,12.118242270740431
216.50808334350586,12.122377162111261
216.50908303260803,12.126218632740407
216.5120828151703,12.130410779865999
216.51408171653748,12.134694765655746
216.51607871055603,12.139363935722905
216.5170783996582,12.144195405867505
216.5190761089325,12.149043241239308
216.52107524871826,12.153469379340669
216.52307510375977,12.157767577448572
216.52507829666138,12.161865809518018
216.5260808467865,12.16617774086841
216.5260808467865,12.170637090340714
216.5280785560608,12.175295508016719
216.52908039093018,12.1802070650121
216.53116393089294,12.184582826949091
216.53207778930664,12.1883675773138
216.53543424606323,12.19176428828039
216.53643584251404,12.195342838287393
216.53845739364624,12.19819365851772
216.54043221473694,12.200620580346282
216.5428056716919,12.202798888831216
216.54373407363892,12.205160174717818
216.54573225975037,12.207039618694207
216.5478138923645,12.208211198039015
216.5497362613678,12.208714427076464
216.55073261260986,12.207911068733512
216.55273461341858,12.207139435995371
216.55475401878357,12.203176710379775
216.55681109428406,12.197548684392578
216.55885219573975,12.188844841114236
216.56087017059326,12.176537490705071
216.56286716461182,12.160772919663998
216.5638678073883,12.141378986344703
216.56586837768555,12.117746790857252
216.56787037849426,12.090643979034684
216.56992721557617,12.059869736216442
216.57187032699585,12.025509982818921
216.5739586353302,11.987401249209228
216.57592010498047,11.94659800011033
216.5770983695984,11.903721123102757
216.57913637161255,11.858182858703689
216.5801362991333,11.81109151448583
216.5831322669983,11.766618026384121
216.58430337905884,11.721766518358521
216.5858063697815,11.674940039587621
216.58848357200623,11.625413669829822
216.5894808769226,11.576592468838761
216.5924813747406,11.526973751172411
216.5934853553772,11.476405184494817
216.59648489952087,11.424555149850013
216.5974850654602,11.373024774407261
216.59948778152466,11.321154746100529
216.6014862060547,11.265437402991035
216.60348272323608,11.207976916947228
216.60548424720764,11.148802206941639
216.6084806919098,11.084953585139495
216.61048436164856,11.018512483028283
216.61248230934143,10.945071413198422
216.61448335647583,10.869097752857762
216.61648321151733,10.792736057459768
216.61848521232605,10.714592609020318
216.62048196792603,10.631188162529547
216.62248516082764,10.546609836415854
216.62448048591614,10.41346118222016
216.62653040885925,10.31284370622944
216.6284806728363,10.239387655743938
216.63030076026917,10.180189445425631
216.63131666183472,10.132397784444196
216.63331508636475,10.091294382090393
216.63475036621094,10.056349554468232
216.63708758354187,10.027289512119014
216.63946962356567,10.00515505339592
222.14067268371582,9.98542709250352
222.14367008209229,9.968630716541469
222.14566349983215,9.95570544371716
222.14731574058533,9.947054987548727
222.15030813217163,9.94010681782673
222.1513090133667,9.936238043116042
222.1532917022705,9.932924013453482
222.15528845787048,9.933537183503567
222.15760946273804,9.937093698106917
222.15962886810303,9.93880778862983
222.1616325378418,9.941754147283103
222.16463017463684,9.946881167135968
222.16605186462402,9.955969246755698
222.16839790344238,9.968707137122403
222.16939759254456,9.984315692588632
222.17140126228333,10.003013309063467
222.17314529418945,10.023760964119235
222.17514061927795,10.045158699136307
222.1761496067047,10.06625790033625
222.17814588546753,10.086600184992053
222.18014693260193,10.105590618250309
222.18214178085327,10.124228646111014
222.18214178085327,10.142073178936863
222.18314027786255,10.158717118428338
222.18537068367004,10.175965940095212
222.1872696876526,10.194962972272716
222.18862771987915,10.214826205048366
222.19085121154785,10.23557718174942
222.19186234474182,10.255663354104087
222.193945646286,10.275209393944898
222.1958646774292,10.294730116140414
222.19786524772644,10.31598806071433
222.20006322860718,10.339487445752438
222.2014720439911,10.362923871417458
222.20248794555664,10.386734729899676
222.20449137687683,10.407004361060892
222.20658040046692,10.418368387017619
222.2074887752533,10.422781946717642
222.20849013328552,10.423703497183293
222.21058106422424,10.423209730493618
222.21249413490295,10.421149912817217
222.21449398994446,10.417885771030189
222.21449398994446,10.41407900221461
222.21591663360596,10.409434909413143
222.21692752838135,10.404129860941426
222.21892952919006,10.396961045828482
222.22133660316467,10.38917014217097
222.22281980514526,10.379314490572682
222.2253279685974,10.368767840978583
222.22740411758423,10.357325119989865
222.22888708114624,10.34233083766972
222.23141765594482,10.32792736797945
222.2339141368866,10.313867060963492
222.23584604263306,10.298421425369632
222.23715138435364,10.284542625363317
222.23916387557983,10.27060183181422
222.2411687374115,10.258188965148204
222.2432520389557,10.24609014647074
222.24417185783386,10.234250648726855
222.24717140197754,10.22234157022784
222.24818515777588,10.211285210009555
222.25116872787476,10.200630337741863
222.25316500663757,10.190123235922645
222.25526309013367,10.179140181576265
222.25636172294617,10.167213432069994
222.258282661438,10.156045168915123
222.26033473014832,10.146885394543402
222.26128149032593,10.136828251361433
222.26429080963135,10.126796154340111
222.26640939712524,10.116705032807154
222.26741886138916,10.10726824439949
222.26842093467712,10.097850495832896
222.27066898345947,10.089079280464034
222.2727451324463,10.080477192246184
222.27466797828674,10.07153132121769
222.27666854858398,10.062202292831513
222.27767086029053,10.053459845618546
222.280291557312,10.044901148237672
222.2823076248169,10.0355237929984
222.2843096256256,10.027800557601992
222.285311460495,10.023008507890106
222.28746151924133,10.019500733492166
222.28948068618774,10.015327122012804
222.2909734249115,10.011344621652304
222.29305052757263,10.007745889323578
222.29503536224365,10.004587488126376
222.29697585105896,10.002232071411322
222.29898190498352,10.000632927897326
222.3009741306305,9.99564408788591
222.30297374725342,9.99031127998368
222.30504250526428,9.985134680731234
222.3070352077484,9.9804087853314
222.30897283554077,9.975847723379701
222.31097149848938,9.971610834841625
222.3129756450653,9.967467897262676
222.31498551368713,9.962023481816003
222.3165979385376,9.95623374635651
222.31761765480042,9.95125240046937
227.85376000404358,9.947223247751392
227.85675764083862,9.943939253642
227.8583083152771,9.941384483784736
227.8612515926361,9.938687037752372
227.8632574081421,9.935751801884873
227.86525678634644,9.932819795459997
227.8682541847229,9.93060295351962
227.8712499141693,9.931349408813189
227.8732554912567,9.931936318270495
227.87425661087036,9.932658755069305
227.87625217437744,9.933601288522615
227.878258228302,9.934603586398946
227.8802535533905,9.936640527141883
227.88325238227844,9.938671348570907
227.88525223731995,9.939334264535365
227.88725209236145,9.939552620233515
227.8892538547516,9.939911308225287
227.89025282859802,9.938690255328531
227.89225339889526,9.93688250839153
227.8942050933838,9.935881069236117
227.89620399475098,9.934290776576336
227.89728999137878,9.932729543522838
227.89931750297546,9.9304839046486
227.90166544914246,9.928640500692204
227.90314984321594,9.926506613055672
227.90517568588257,9.924110008723547
227.90746974945068,9.922284145555887
227.90947580337524,9.920192966976677
227.9108166694641,9.918342137002938
227.91281151771545,9.917040745889775
227.91481518745422,9.915415701395487
227.91680669784546,9.913747258382358
227.91881370544434,9.912018943292006
227.91981029510498,9.910288222174604
227.9218156337738,9.909116009340925
227.92381119728088,9.90928017495953
227.92581725120544,9.909396184007988
227.92815804481506,9.910360822591649
227.92916131019592,9.911160836435068
227.93150281906128,9.912600697724253
227.93350911140442,9.914060160700476
227.93651604652405,9.916151003239362
227.9388725757599,9.918613246786776
227.9418761730194,9.922675875531713
227.94387793540955,9.926786449820296
227.9448766708374,9.93141596465418
227.94687962532043,9.936569801759651
227.9488775730133,9.941583533390158
227.94987797737122,9.947164478908975
227.95230793952942,9.953566914689926
227.95352125167847,9.959686979013394
227.95553421974182,9.965896841034818
227.95754027366638,9.973644147362537
227.9585371017456,9.98181592185696
227.9606261253357,9.990054461541172
227.96261310577393,9.99837440485552
227.9636092185974,10.00737489030999
227.9656116962433,10.017167507911665
227.96661233901978,10.02732400809341
227.96863555908203,10.038209432366882
227.9706130027771,10.050597952549087
227.97161149978638,10.063289623057448
227.9736156463623,10.077588185364721
227.9746606349945,10.094419003702479
227.9766092300415,10.111146607876213
227.97861051559448,10.129726350250866
227.97961163520813,10.148166974166498
227.98161578178406,10.167224257315063
227.9836118221283,10.18620839942756
227.9846158027649,10.20546059935274
227.98661184310913,10.226713991774707
227.9886121749878,10.24885977508236
227.99060940742493,10.271449501032109
227.99263858795166,10.294427501628682
227.9946150779724,10.321225656297043
227.99561142921448,10.349922617355235
227.9976098537445,10.379834843753127
227.99861001968384,10.411258060359241
228.00061416625977,10.44517396198102
228.00261735916138,10.47901176649387
228.00460958480835,10.513457964501804
228.00661611557007,10.548627799396755
228.0086145401001,10.563711235182092
228.01061534881592,10.579837566152616
228.01267981529236,10.596912109501584
228.01624488830566,10.613869947351485
228.0172655582428,10.631694858409142
228.01884865760803,10.648640038653562
228.02147459983826,10.665686822333694
228.022851228714,10.682440900878614
228.02386689186096,10.698718385324735
228.02672958374023,10.715435028445166
228.0287308692932,10.731810153694862
228.02972841262817,10.748404556235394
228.03172945976257,10.765537638621048
228.03372859954834,10.782444978599678
228.03597736358643,10.800240136493919
228.03797793388367,10.818556656320078
233.53843235969543,10.835995809752134
233.54243206977844,10.854773555999543
233.54464268684387,10.87394419931141
233.54766607284546,10.892021230283436
233.54966592788696,10.90901994058118
233.5526638031006,10.924464670475572
233.55666637420654,10.938104514753196
233.55966424942017,10.949848774414745
233.56366324424744,10.960445564809836
233.5656635761261,10.968714258642777
233.56884622573853,10.976393470462726
233.57092571258545,10.982963582091513
233.5738561153412,10.988916699119676
233.57684874534607,10.99381212799534
233.57885003089905,10.997520954125124
233.58184218406677,11.000671968238334
233.58384037017822,11.003690841361015
233.58584451675415,11.007128445395107
233.58784413337708,11.011217420751233
233.59019374847412,11.015272634871183
233.5911967754364,11.019160542559778
233.5931978225708,11.024077760955882
233.5951955318451,11.027738738950983
233.5982801914215,11.032747709312618
233.59944081306458,11.037495902034319
233.60170245170593,11.04313938957853
233.60371899604797,11.049147921247284
233.60572028160095,11.055855094691472
233.60781860351562,11.06365651538393
233.60921120643616,11.071825916981272
233.61130809783936,11.079934136255103
233.6143033504486,11.08984235424071
233.61630964279175,11.101767995779277
233.61830282211304,11.113403703237966
233.62147974967957,11.125529461529878
233.6235544681549,11.13823791935133
233.62547945976257,11.15205488007269
233.62648105621338,11.167384306852785
233.62956070899963,11.184268812183955
233.6315634250641,11.199875591906109
233.63347673416138,11.217031344931955
233.63547825813293,11.234514079064148
233.63748502731323,11.250584930105017
233.6404800415039,11.26553792186209
233.6414806842804,11.280657152280549
233.6434781551361,11.295167307657092
233.64548087120056,11.309718621361618
233.64748096466064,11.32558484058396
233.64948153495789,11.340300669246643
233.65174269676208,11.354563282077862
233.65302324295044,11.369118597636703
233.65503311157227,11.38402384237262
233.6560354232788,11.40006658120709
233.6585829257965,11.416874133888358
233.65999269485474,11.434848723674211
233.6610050201416,11.455054811737401
233.663232088089,11.477553129489811
233.66522359848022,11.502243437776059
233.66622948646545,11.531625901953184
233.668221950531,11.564772821852811
233.67022156715393,11.601129143324165
233.67222118377686,11.64042466056904
233.6732223033905,11.68457209510047
233.67522311210632,11.731919210688432
233.67755842208862,11.784427651446267
233.67956066131592,11.842130740970783
233.6825590133667,11.904715160217481
233.6835639476776,11.971661495404172
233.6855607032776,12.041637945424572
233.68755984306335,12.1166890719642
233.68958497047424,12.195633514710046
233.69060850143433,12.279979390458605
233.69362473487854,12.368644320735015
233.69562292099,12.463464323742523
233.69862031936646,12.561456463762672
233.6996202468872,12.663583704966799
233.7016499042511,12.76756782303752
233.7036476135254,12.874176815819245
233.7056427001953,12.950725979497879
233.7076916694641,13.012153264217407
233.71001052856445,13.068449575677812
233.71211671829224,13.119915126795084
233.7140154838562,13.165005072560936
233.71709823608398,13.204461214361213
233.71906852722168,13.243105425628142
233.721018075943,13.28033206469136
233.72241806983948,13.317015343908125
233.7245614528656,13.353362197757473
233.72551274299622,13.389946445851649
233.72751092910767,13.426146807411877
233.7295961380005,13.463712494279543
233.73151278495789,13.502618771001401
233.7335181236267,13.540772739163087
233.7345154285431,13.578419808841877
233.7365140914917,13.615539669708912
233.7385106086731,13.652291685197374
233.740549325943,13.68698696121036
233.74251461029053,13.718970760603527
239.23880624771118,13.748848698481906
239.24180555343628,13.777682058120249
239.24472546577454,13.80520033649249
239.2487268447876,13.831046599178583
239.25072360038757,13.855234055648197
239.25372838974,13.877601165429628
239.25772285461426,13.899051577053099
239.25972175598145,13.9198269911239
239.26208877563477,13.940077975833328
239.26410579681396,13.959273463381491
239.266108751297,13.978755729891377
239.26840209960938,13.997770738269454
239.27041721343994,14.016251830434367
239.2734227180481,14.034041476770899
239.27642059326172,14.051214288449646
239.2774178981781,14.067783932989421
239.2794177532196,14.083663591189875
239.28141736984253,14.098942146405843
239.28349041938782,14.113631967255897
239.28441667556763,14.127689660616925
239.2874219417572,14.14114814752158
239.28941416740417,14.153820813747052
239.29192066192627,14.165601745814236
239.29346346855164,14.176622835012408
239.29547691345215,14.186732423356052
239.29748249053955,14.196510225090545
239.29901099205017,14.206054050283614
239.30099487304688,14.215663233191954
239.3029866218567,14.225419358317662
239.3049876689911,14.23532111703215
239.30699157714844,14.245549680407738
239.31006622314453,14.25632173777934
239.31206631660461,14.267571309746048
239.31407141685486,14.27975876358916
239.3170223236084,14.292713683954544
239.31898379325867,14.306203659310535
239.32097959518433,14.320092925498665
239.32297921180725,14.334246385698227
239.3240556716919,14.348416801794997
239.32598543167114,14.362804725011632
239.32836079597473,14.377412283679963
239.32932782173157,14.39206835882437
239.3312885761261,14.406613441076011
239.33428740501404,14.421374998267906
239.33535027503967,14.435655227100606
239.33737874031067,14.449705968695516
239.33936738967896,14.463630767523242
239.3402898311615,14.477543161564562
239.34228777885437,14.491376647313045
239.34428787231445,14.50507871661333
239.34628677368164,14.518720925391053
239.3472878932953,14.53230866096598
239.34936451911926,14.545923166959293
239.35028171539307,14.559529907727828
239.35136342048645,14.573097309624774
239.35329270362854,14.586366881241918
239.35529232025146,14.599636888977823
239.35635995864868,14.612741474449836
239.35929083824158,14.62563903757139
239.36028861999512,14.63828532145544
239.36242175102234,14.650684042943219
239.36529564857483,14.662943547454054
239.3663787841797,14.674651381934218
239.36829161643982,14.685850924824521
239.37035202980042,14.696237235168311
239.37235713005066,14.706076017528174
239.3732933998108,14.715277690639875
239.37528800964355,14.723527831954309
239.37677097320557,14.730821695707178
239.37886595726013,14.737268152864463
239.3807909488678,14.743125441429283
239.38287162780762,14.748210301265287
239.3837912082672,14.752906596995935
239.3857934474945,14.757346744915042
239.38684821128845,14.761745255927377
239.38886833190918,14.766386435092366
239.39080095291138,14.771191089534337
239.3927924633026,14.776275931211593
239.39479565620422,14.781430716902582
239.39682817459106,14.78672426833391
239.39886856079102,4.3742284974485806
239.40079593658447,4.373367868501328
239.40279531478882,4.372478760349245
239.40479445457458,4.371450881833547
239.4058575630188,4.370376227229547
239.40780591964722,4.3691061926261465
239.40986108779907,4.367583678588764
239.41087579727173,4.365852691603446
239.41279530525208,4.364127479018222
239.4158890247345,4.362563646659947
239.4178020954132,4.361076974275756
239.4188051223755,4.359435583920854
239.4208779335022,4.357963533591374
239.42279410362244,4.356518428441141
239.42486882209778,4.354996556314571
239.42679643630981,4.353788075322213
239.4277958869934,4.352461586510904
239.42979669570923,4.351445768180219
244.92436718940735,4.350184208744912
244.9273805618286,4.348966896107544
244.93037867546082,4.3474280727928045
244.93284058570862,4.346051469476272
244.93484044075012,4.345141416172086
244.9388358592987,4.34377321555309
244.94191884994507,4.342684401759824
244.94383668899536,4.341367209528344
244.94808745384216,4.340142009607045
244.9520924091339,4.339160666191177
244.9560887813568,4.338360831535223
244.95909142494202,4.338010964453763
244.9600911140442,4.338415362191691
244.96209001541138,4.339211063886932
244.9640872478485,4.340150993772187
244.96608924865723,4.341250558884594
244.96809005737305,4.342706009766212
244.97008895874023,4.344429934167069
244.97108793258667,4.346550991557674
244.97208905220032,4.348760209909093
244.97446942329407,4.350741295819878
244.976464509964,4.352573797657075
244.97815942764282,4.35417525227562
244.98010802268982,4.355838273238207
244.98110961914062,4.357514026471052
244.9831099510193,4.359341164841
244.98411107063293,4.361389544116881
244.9861068725586,4.363686000069655
244.98838663101196,4.365700937091806
244.98941564559937,4.368131027495313
244.99140214920044,4.370831443275258
244.99246382713318,4.373967632632619
244.99440050125122,4.377389331718468
244.99650645256042,4.381211242017553
244.9975254535675,4.385363977738786
244.99952101707458,4.38979743773988
245.00152254104614,4.394758423977157
245.0035252571106,4.399865184038769
245.0055251121521,4.4054191072634135
245.0077531337738,4.411131299313008
245.0108323097229,4.417161910548294
245.0122528076172,4.423560813201873
245.01426672935486,4.4303929669595306
245.01527190208435,4.437709965217972
245.01726984977722,4.445083196705535
245.01931929588318,4.452986313674874
245.0212757587433,4.4610567631376155
245.02427434921265,4.469138744991571
245.02626872062683,4.477615539103498
245.02827167510986,4.4862455513961175
245.0292682647705,4.494802170243488
245.03134441375732,4.503043262315605
245.0332727432251,4.5109303833922
245.03626656532288,4.519058538736753
245.0382685661316,4.526949215706161
245.0392725467682,4.535078701086596
245.04126930236816,4.5435207689589925
245.04327011108398,4.551495884449009
245.04526901245117,4.559400840177823
245.0472710132599,4.567272224614454
245.04926872253418,4.57501617842273
245.05127215385437,4.5831306849718985
245.0532693862915,4.591294010689894
245.0552670955658,4.5995204677260535
245.0572690963745,4.607645261616888
245.0592646598816,4.615763607025962
245.06027603149414,4.624205487208898
245.06229043006897,4.633000632149151
245.064288854599,4.641755364760757
245.065288066864,4.65074653578333
245.06628918647766,4.659966009868041
245.0672891139984,4.669387646180608
245.06929087638855,4.678907955141693
245.0712902545929,4.688545209640636
245.07436728477478,4.6983018401125625
245.07641983032227,4.707983080243293
245.07742309570312,4.71733643323868
245.0794177055359,4.726694934342827
245.08042240142822,4.7360947634428205
245.08242654800415,4.745518839020334
245.08341717720032,4.7552188892107985
245.08542466163635,4.764385144263113
245.08742022514343,4.773972433505902
245.08842635154724,4.783670916781499
245.09142303466797,4.792712413937439
245.09242057800293,4.801385945172972
245.0944321155548,4.809797790413049
245.0954189300537,4.817978930902554
245.09742140769958,4.825927071063527
245.09842157363892,4.833452492079228
245.1008460521698,4.8405246252574035
245.10185837745667,4.847417115473029
245.10485982894897,4.853829966496427
245.10586142539978,4.860116329956845
245.1078600883484,4.866048339031139
245.10912418365479,4.871909627619654
245.11111855506897,4.87797705879526
245.1131203174591,4.884082222172304
250.624577999115,4.890138441415995
250.62707114219666,4.896198451767644
250.63009572029114,4.902235869418051
250.63209891319275,4.908427759376519
250.63516879081726,4.914610045574698
250.63809514045715,4.920752442133042
250.63909459114075,4.92662334678553
250.6430950164795,4.93218390285082
250.64710211753845,4.937581269211257
250.6490981578827,4.9427226565932045
250.65209436416626,4.947443740393378
250.65409684181213,4.951921040095858
250.65716195106506,4.956381461593693
250.65921258926392,4.960360376504135
250.66123747825623,4.964266743926994
250.66326808929443,4.967903130254546
250.66515970230103,4.971429479211993
250.66662335395813,4.974875837511457
250.66871285438538,4.978301157681557
250.67168474197388,4.981518695827647
250.67532229423523,4.98468415897611
250.67697072029114,4.987769427749302
250.67983984947205,4.990800433721521
250.6825635433197,4.993702654866646
250.68583822250366,4.9965176068173935
250.68826007843018,4.999247925870066
250.69033432006836,5.0017625021701875
250.6926326751709,5.004018281086656
250.69460892677307,5.006085136041435
250.6966860294342,5.008001766784856
250.6986153125763,5.009646172189603
250.70060300827026,5.011056219265518
250.70268177986145,5.012250994816001
250.7046194076538,5.013188630876896
250.70668578147888,5.013904841276868
250.70868849754333,5.014366406683794
250.70961236953735,5.014510298782724
250.71162295341492,5.014292651128058
250.71368145942688,5.013786034886278
250.71465706825256,5.01288089404379
250.71888518333435,5.011656145983993
250.72080612182617,5.010159725007325
250.7228946685791,5.008344797840518
250.72480964660645,5.00621702194175
250.72681498527527,5.003858615671862
250.7288784980774,5.001154329779039
250.72988533973694,4.998115206281353
250.73189687728882,4.994900390010409
250.73389148712158,4.991441024708493
250.7358808517456,4.987650943769884
250.73681473731995,4.983601666257008
250.73888182640076,4.979309373306837
250.73981070518494,4.974753167000277
250.7418177127838,4.970024772434079
250.74481439590454,4.965024804760838
250.74688124656677,4.959767011135002
250.7488775253296,4.9542909710363
250.75081086158752,4.948400047933212
250.75188636779785,4.942322921064046
250.7539038658142,4.935982545214118
250.75681114196777,4.9294090099804695
250.75781536102295,4.922553258179242
250.75988674163818,4.9153355063240385
250.7618100643158,4.90768633733126
250.76781249046326,4.899747203531349
250.7738163471222,4.891563019513495
250.77780842781067,4.883005011619518
250.7818078994751,4.87422521132258
250.78580808639526,4.865293379725225
250.78980612754822,4.856065587107594
250.79280757904053,4.846812385882759
250.79680919647217,4.837141570061426
250.80080842971802,4.8273199185734486
250.80480861663818,4.817358117544302
250.80780911445618,4.807042202090328
250.8118085861206,4.796425036884845
250.81481456756592,4.785479342535394
250.8188135623932,4.774159897423999
250.8218128681183,4.762562059539831
250.82590794563293,4.750548077552066
250.82890152931213,4.738102047851972
250.83188724517822,4.725195643120367
250.8338086605072,4.712081784741388
250.83688950538635,4.698717868577228
250.83989095687866,4.685115810373429
250.84290432929993,4.6711711819702595
250.84589743614197,4.6568462469254
250.84888362884521,4.642009095377702
250.85190343856812,4.626817259880136
250.85390043258667,4.611270044377301
250.85590386390686,4.59527094194509
250.85891199111938,4.579061516626128
250.8608114719391,4.562477239791527
250.8639154434204,4.545495932979277
250.8669035434723,4.528309980495171
250.86989402770996,4.510985859507861
250.8728165626526,4.493437935724742
250.8749520778656,4.4754787552894655
256.3262131214142,4.4569341416588
256.3292489051819,4.438138423232522
256.3311622142792,4.419240609849982
256.3341615200043,4.399909621887565
256.3364679813385,4.380164361499301
256.3384590148926,4.360009017440848
256.34138345718384,4.339387922966674
256.3444254398346,4.318303286798385
256.34643483161926,4.2967801131187455
256.3494243621826,4.274856256797686
256.3524293899536,4.252496883441744
256.35442328453064,4.229884711043343
256.35842752456665,4.206425813762641
256.3614938259125,4.182292456902234
256.3635106086731,4.157383318890532
256.36550760269165,4.1319706763497015
256.3675887584686,4.106033346451891
256.37050795555115,4.0795913350471
256.3726189136505,4.052865330735771
256.37462091445923,4.0256282959330125
256.3756215572357,3.9979551690637787
256.37862181663513,3.9700705431862264
256.3806219100952,3.94187658892804
256.38293862342834,3.9131491308862705
256.38493037223816,3.8843315668103577
256.38641238212585,3.8554461135518423
256.38842940330505,3.8265742991192826
256.390424489975,3.798282834884418
256.3914258480072,3.7702280334156315
256.393426656723,3.7425408372298197
256.39442586898804,3.715315714694615
256.39642906188965,3.688616683586619
256.39812302589417,3.6621546536583964
256.4001262187958,3.6360610158992666
256.40212965011597,3.610725104538603
256.40312600135803,3.5861601352717405
256.405127286911,3.5627248947281998
256.40812063217163,3.5398738244330987
256.4091284275055,3.5176719385979505
256.4111280441284,3.487719031690887
256.4131302833557,3.4580131506132847
256.41512727737427,3.4287777051512913
256.41712284088135,3.4007786507130007
256.41912317276,3.373044293811236
256.4211287498474,3.346457186728006
256.42212438583374,3.3207838981257196
256.4246094226837,3.2955950826812836
256.42660903930664,3.2710277819157105
256.42860555648804,3.247324095567877
256.430606842041,3.224113849124432
256.43260765075684,3.201692418467037
256.4346160888672,3.1794031113692984
256.4366457462311,3.1578934446449702
256.4386565685272,3.137025316587192
256.4406554698944,3.117053102884378
256.4436569213867,3.0982052000156295
256.44566082954407,3.0795856124088044
256.4466619491577,3.0615209143268527
256.44966292381287,3.044759777496073
256.45165944099426,3.028681622688134
256.45465898513794,3.013761279863359
256.45666003227234,2.9992809304954293
256.45865988731384,2.98592677420869
256.45965933799744,2.973646980132695
256.46165800094604,2.9622214633866286
256.46369981765747,2.9514016082434456
256.46569871902466,2.941916091266164
256.4676992893219,2.933347991172181
256.4700014591217,2.926053114501476
256.4720153808594,2.919964230394034
256.473016500473,2.9151969051998945
256.4750165939331,2.9116316709716106
256.4770290851593,2.9085950336259416
256.47801446914673,2.9059670779222553
256.4800109863281,2.904623297592214
256.4820122718811,2.904288882079348
256.4840121269226,2.9047473983905223
256.4860129356384,2.9056941113307087
256.48801493644714,2.9069467180058077
256.49001145362854,2.908359088090898
256.49130511283875,2.9093595300585826
256.49332189559937,2.9105317359995087
256.49431681632996,2.9116460540504474
256.49632358551025,2.9136003281729717
256.49831795692444,2.9165396796987317
256.5006365776062,2.9209361635324504
256.5016407966614,2.9266076311162905
256.50407099723816,2.9333223057009348
256.5060684680939,2.9409121238424287
256.5070700645447,2.949412213825949
256.5100736618042,2.9592285326890972
256.51206851005554,2.969947020174749
256.5150682926178,2.9812790226089643
256.5170683860779,2.993490892219199
256.51807260513306,3.006012421789999
256.5200707912445,3.0191542679624743
256.5220732688904,3.0328354749786666
256.52407121658325,3.046712071317971
262.0077700614929,3.061040513406614
262.00976181030273,3.0757450513489344
262.0108358860016,3.09072262460092
262.0137801170349,3.106210208872023
262.01576948165894,3.1221011710687137
262.01776576042175,3.13781890334784
262.0197694301605,3.153962688364513
262.02177000045776,3.170437081757879
262.023809671402,3.186691902991612
262.0258321762085,3.2029228796761
262.0278618335724,3.219115595946156
262.0300934314728,3.23498103254276
262.0311007499695,3.2507881923917292
262.0330984592438,3.266398970076792
262.0360996723175,3.281659672288832
262.0370979309082,3.2965043173854753
262.0400958061218,3.31083583573457
262.04142928123474,3.324809027109453
262.04344272613525,3.338224082648739
262.0448064804077,3.3512765357820173
262.0481460094452,3.364406387478113
262.0501503944397,3.3774820289651375
262.05214834213257,3.390167978704373
262.054151058197,3.4028322960669524
262.0575783252716,3.415540107833644
262.0595750808716,3.428072164479891
262.06163716316223,3.4407588162660367
262.0635778903961,3.4531349032537104
262.06557846069336,3.465562164308816
262.0665807723999,3.4775485579573076
262.0685758590698,3.489096005576636
262.0705740451813,3.5002194204152706
262.0715732574463,3.5110405142705914
262.0736360549927,3.5217522270993644
262.0755789279938,3.532467312044743
262.07757902145386,3.543161450951531
262.07965111732483,3.5532744948239943
262.0815761089325,3.5631475421510497
262.08257699012756,3.573618796038571
262.08457255363464,3.5840022025977594
262.08657598495483,3.5938826967656947
262.08865761756897,3.603637149165157
262.09069061279297,3.6134533173586
262.09269285202026,3.6232577540655053
262.0936906337738,3.6332259073489714
262.0956916809082,3.642626475189255
262.09768867492676,3.6503105937220726
262.0999929904938,3.657106289699219
262.1025185585022,3.662915330693792
262.10454416275024,3.6675979160707666
262.1060583591461,3.6719132116335573
262.1071107387543,3.6753140205458457
262.10917592048645,3.6787418343213836
262.1113269329071,3.6822768414695823
262.11360931396484,3.685611512950476
262.1146206855774,3.6895254745595754
262.11732506752014,3.692663125709872
262.1183285713196,3.695735499593395
262.12033104896545,3.69803738460468
262.1223430633545,3.7004035902896057
262.12533473968506,3.7023230756119645
262.12733364105225,3.7040066180999576
262.130331993103,3.7058052701059223
262.1343424320221,3.708893116208589
262.13733315467834,3.7136678930393514
262.14033484458923,3.719901646154353
262.14371728897095,3.7277463671725948
262.145715713501,3.73742412732661
262.14871859550476,3.7477195218378263
262.15071845054626,3.758061256760171
262.15271615982056,3.768862745757499
262.1553227901459,3.7791657820520457
262.15733671188354,3.7893002726583043
262.1593327522278,3.7995527316549174
262.1623332500458,3.8092844201110383
262.16433572769165,3.8183655017232456
262.16833662986755,3.8271750179089827
262.16933488845825,3.8355782591721335
262.17347383499146,3.8433598508119706
262.17480278015137,3.85113016728096
262.17837047576904,3.8587107822510096
262.1803774833679,3.8659221145742535
262.18257117271423,3.873558367910423
262.18456506729126,3.8810635686508115
262.18859100341797,3.888520822828702
262.1895875930786,3.895719700499727
262.191814661026,3.9029291428893877
262.193834066391,3.909985427527864
262.19529819488525,3.9167355120449603
262.19889736175537,3.9234211765297
262.1999161243439,3.9298112088510586
262.2025144100189,3.9358537383189787
262.2047107219696,3.9413865460406976
262.2071921825409,3.947098877898021
262.21020674705505,3.9522980391156755
262.21220660209656,3.956944967037198
262.2152063846588,3.960988751595468
262.2172062397003,3.964943108388921
267.7127709388733,3.9681339876802393
267.7156972885132,3.970616722998125
267.7182161808014,3.972635367942501
267.7201428413391,3.973844425249873
267.7225739955902,3.9747715146884834
267.7246689796448,3.975397587544131
267.7285976409912,3.975347341868591
267.7315905094147,3.9748115113986255
267.7365982532501,3.973345235183597
267.7386112213135,3.971278501515638
267.74162793159485,3.9685778940697563
267.74462628364563,3.9649928027848618
267.7456316947937,3.96092156631286
267.74963569641113,3.955924724055398
267.75162625312805,3.950101521233083
267.7536315917969,3.943881552662053
267.7556266784668,3.936991915014097
267.7566249370575,3.929082791669905
267.75791478157043,3.9202082747645037
267.75992941856384,3.91003692110465
267.7619287967682,3.89866954150013
267.76395416259766,3.886439233709722
267.76698565483093,3.873490039455378
267.7679634094238,3.8592046064519385
267.76996517181396,3.8435644490751164
267.77136874198914,3.826839367119958
267.77338552474976,3.8086819261204634
267.77539348602295,3.7896792425435772
267.7767810821533,3.7698511195604554
267.7780556678772,3.749655524321713
267.7791407108307,3.7293020093094014
267.7815434932709,3.7085557021348308
267.7835352420807,3.6871928568086005
267.78453040122986,3.665580900417141
267.7865312099457,3.643817188601443
267.7886095046997,3.622070822749294
267.7895381450653,3.6003604026326754
267.79255199432373,3.5787585313436914
267.7945396900177,3.5566167978580303
267.7955415248871,3.533416128479827
267.79853343963623,3.5111437243408132
267.80053544044495,3.4925285930276138
267.80153942108154,3.473168525782711
267.80356645584106,3.453085872501136
267.8055362701416,3.432395587644477
267.8077783584595,3.4112941170973445
267.80977296829224,3.3896271101416655
267.81177258491516,3.367613953764438
267.8140871524811,3.345709867165394
267.81510877609253,3.3234817379726427
267.8181073665619,3.301455741586887
267.8201062679291,3.2793123462684717
267.82119274139404,3.257298147945028
267.82410621643066,3.235663608458953
267.8261079788208,3.214385104855004
267.8281593322754,3.1932940094256606
267.8301103115082,3.172588289006612
267.83211636543274,3.152330867723912
267.83410453796387,3.1327544501671474
267.83611035346985,3.1136118239538737
267.8381097316742,3.0948522143983754
267.84110474586487,3.075916864830933
267.84212732315063,3.05758388640143
267.8441140651703,3.0395877914988865
267.8461058139801,3.0217764513175633
267.84822511672974,3.0041132130712267
267.8503198623657,2.986859936567685
267.8522484302521,2.970074710071395
267.85424160957336,2.9535155875157866
267.8552408218384,2.937427386409282
267.8572402000427,2.9215268427056147
267.8593873977661,2.905798141417141
267.8614025115967,2.8908293999776307
267.8633999824524,2.8764703662975917
267.8653988838196,2.862836190531179
267.86639952659607,2.8504204513586235
267.8684585094452,2.83815425272788
267.86940121650696,2.826492190081851
267.8714032173157,2.815791250742619
267.87339878082275,2.805639388022538
267.875394821167,2.796590207356147
267.87655997276306,2.78871188787963
267.87857365608215,2.781935305277194
267.8808238506317,2.7753789628825722
267.8828408718109,2.7702378895187563
267.88383388519287,2.765802529574398
267.88583755493164,2.7620063038766434
267.88733434677124,2.7585029922786863
267.8893451690674,2.755105765224555
267.89134645462036,2.7526115284039885
267.89334630966187,2.751355272340584
267.8953459262848,2.7500856937330793
267.89635038375854,2.74020784776856
267.8993489742279,2.7309518058722206
267.9013469219208,2.722305457223139
267.90341424942017,2.7142659582717683
267.9057114124298,2.707074667937097
267.9077093601227,2.6999078002937553
273.41404366493225,2.6934550957655152
273.41705679893494,2.6876239160240725
273.42013454437256,2.6821556051274236
273.42333030700684,2.6769791324664953
273.4263265132904,2.6715694711364995
273.43032932281494,2.665946109266318
273.4335675239563,2.6601043021823223
273.43656396865845,2.654733391905217
273.4395613670349,2.6496009692794456
273.44356393814087,2.6440481573969556
273.4455635547638,2.637815401523808
273.4489586353302,2.6312466820833342
273.4584062099457,2.6248208986144816
273.4634075164795,2.6178829645871295
273.46740770339966,2.6115479523120086
273.4714071750641,2.6052563317084636
273.473406791687,2.5996994467693684
273.4774160385132,2.5940422626606168
273.48140931129456,2.5882210083468014
273.48541140556335,2.582604585075901
273.48840856552124,2.577158218386791
273.4924063682556,2.5715992409151784
273.49541211128235,2.566236734767796
273.4994041919708,2.560648734758316
273.5024106502533,2.5560810153830573
273.50641345977783,2.551856755859194
273.5107250213623,2.5480901632609028
273.5148272514343,2.5450638360806868
273.51873874664307,2.542602241374196
273.5227427482605,2.5403696037818193
273.5257453918457,2.539922102861594
273.5277416706085,2.539152083543527
273.5317418575287,2.539323444017932
273.53474164009094,2.540102136015222
273.53774094581604,2.5415793884634836
273.5417437553406,2.5431866743218814
273.54474234580994,2.5458896659456363
273.54774284362793,2.5486997710107584
273.5497386455536,2.5504211357321656
273.5527422428131,2.553235814934749
273.55474281311035,2.556454315192257
273.5597426891327,2.5608603613073857
273.5627410411835,2.5661941472862093
273.56674218177795,2.5721283607861753
273.5707416534424,2.5788197978852367
273.57274317741394,2.586981254908465
273.5767431259155,2.5963880355103437
273.5797507762909,2.60658507142004
273.5817437171936,2.6162711105325247
273.5847451686859,2.6248928645625296
273.586745262146,2.6311172760933617
273.58974719047546,2.6373112505419467
273.5917434692383,2.644024092715183
273.59474635124207,2.651710578451115
273.59704089164734,2.659760185236549
273.60009384155273,2.6676951585316413
273.6020917892456,2.674106295762929
273.60509157180786,2.679802802092034
273.6070878505707,2.6857036216836665
273.6100883483887,2.6907984113418197
273.6120936870575,2.6958165244488796
273.6140933036804,2.7010296201250106
273.6180877685547,2.706146387157328
273.62109112739563,2.711011977379544
273.6235558986664,2.7155087634484314
273.62655377388,2.719733199337726
273.6295516490936,2.723864115819324
273.63155150413513,2.7283413433916137
273.6335527896881,2.7323246621172324
273.635550737381,2.737034129984549
273.63655042648315,2.742763436745243
273.63997626304626,2.748866534103687
273.6419758796692,2.7556654426288323
273.64497542381287,2.7630081143760914
273.6469819545746,2.7715375737365937
273.6489796638489,2.7795157076937325
273.65097403526306,2.7875542255970713
273.65297985076904,2.796161622280648
273.6543719768524,2.8052611421691735
273.6573739051819,2.8142666722144667
273.65845465660095,2.822941390715356
273.66145181655884,2.8311990107082163
273.66345047950745,2.8397343612382464
273.66537404060364,2.847732822519424
273.6673707962036,2.854374262908325
273.67037439346313,2.8598152603715667
273.67137813568115,2.8648192786152102
273.6733796596527,2.870067256902217
273.67537212371826,2.875495982214927
273.67844891548157,2.880840664682256
273.6813704967499,2.885534339782407
273.6843726634979,2.8859423723464146
273.68544125556946,2.885078143957986
273.6883735656738,2.8840393830127677
273.69037318229675,2.88305064040475
273.6918487548828,2.882118365710072
273.6949098110199,2.8810626157839105
273.6968421936035,2.8802138719703634
279.101389169693,2.8787449106941345
279.1044602394104,2.8753389202580357
279.10646748542786,2.871277883449688
279.1094627380371,2.8676861078040226
279.11238980293274,2.8646101797032713
279.1146523952484,2.8617413405907155
279.1166751384735,2.859026381295701
279.1206703186035,2.8566623560133095
279.12366938591003,2.8548556311466453
279.12667655944824,2.8531978362919683
279.13004541397095,2.852253976209531
279.13303899765015,2.8525435689186565
279.1360340118408,2.854102543726762
279.1380343437195,2.8570112444389486
279.1400418281555,2.8612090275543567
279.1422908306122,2.866799631768417
279.14330410957336,2.873756991066734
279.14581060409546,2.8819171890808106
279.14781308174133,2.890817334195183
279.15080738067627,2.9000456692484535
279.15181183815,2.9096732136439387
279.154265165329,2.9196640454531724
279.1552846431732,2.930384247137829
279.15727400779724,2.941877119818834
279.15828680992126,2.953804619037785
279.1602780818939,2.9657152783180645
279.16341376304626,2.977438398922021
279.16492915153503,2.9891209796986336
279.1659505367279,3.001024286600505
279.16838788986206,3.0098855661445887
279.1703824996948,3.015678063049486
279.1723864078522,3.021918697179038
279.174387216568,3.028567391709049
279.1753885746002,3.0357186183869023
279.1775164604187,3.0431045395401086
279.17938208580017,3.0508703931837413
279.181444644928,3.0590381975446737
279.1833989620209,3.0675209962641925
279.18538522720337,3.0766865309090816
279.18756198883057,3.086458592422104
279.1895568370819,3.096837262131041
279.1915545463562,3.1077700574721954
279.19356751441956,3.1190912092198935
279.1954822540283,3.131005820577658
279.1974756717682,3.1435505859162065
279.19948410987854,3.1565831503701944
279.20146918296814,3.1704444608852214
279.2038998603821,3.1852044514080573
279.20598816871643,3.2008322096386235
279.20691204071045,3.217239312004402
279.2089421749115,3.2345664419329063
279.21091294288635,3.2526160324193403
279.2129147052765,3.2713389421712784
279.21428751945496,3.2906708281988126
279.21630024909973,3.3108541840463954
279.2193009853363,3.3316657591521857
279.22130036354065,3.3530555621533207
279.22330045700073,3.3749878777400677
279.22530150413513,3.397145301662767
279.22661089897156,3.4197871342130295
279.22862362861633,3.442692498277536
279.2307312488556,3.4665780812821514
279.2317442893982,3.4907207049480737
279.23275995254517,3.515352247700916
279.2347526550293,3.538230843032741
279.23576283454895,3.5607444299878885
279.23735523223877,3.581700550405849
279.23981952667236,3.6024711757524153
279.24211263656616,3.6224638797736923
279.24312019348145,3.6416581906391907
279.2451243400574,3.6598968329830157
279.2461233139038,3.6773870650489853
279.24812173843384,3.6942220576527114
279.24955344200134,3.7102349226825546
279.25056767463684,3.725553879668017
279.25256991386414,3.740073818632758
279.2535676956177,3.7538099436653236
279.25494027137756,3.7670217245520727
279.2569568157196,3.779873736974771
279.257954120636,3.7921393199754676
279.2603404521942,3.8038413089772822
279.26164174079895,3.815250842261892
279.2631151676178,3.8264709241437704
279.2641303539276,3.8376646698215606
279.26612663269043,3.84872146507352
279.2711262702942,3.85969301602219
279.2771291732788,3.8703043556916894
279.2811360359192,3.880934030843569
279.28413343429565,3.8916597069934284
279.28713154792786,3.902514321704134
279.2911319732666,3.9135729569651385
279.2941315174103,3.9248567981686584
279.2971365451813,3.9363159705597734
279.30113220214844,3.94791847084932
279.30413269996643,3.9595544243376235
279.3071303367615,3.971333601834481
279.31013083457947,3.983403252419154
279.31412959098816,3.9957025257297465
284.80514121055603,4.0082416846252755
284.807165145874,4.020956459136988
284.8102505207062,4.0336501740290736
284.8131654262543,4.046066936204483
284.81623888015747,4.058196160966222
284.8212640285492,4.0700582754395915
284.82466983795166,4.081595682832747
284.8276877403259,4.09299456475381
284.83069252967834,4.104425720485177
284.8336908817291,4.115603756140487
284.836882352829,4.126514475649722
284.83938431739807,4.137421009891118
284.84138584136963,4.148372834025189
284.8433880805969,4.1592363332094475
284.8463830947876,4.169987665364401
284.84838223457336,4.180592336465343
284.8494522571564,4.191131303142648
284.8513832092285,4.2015794360779335
284.8535363674164,4.21190204941906
284.85455656051636,4.222278240596245
284.85654973983765,4.232709458914022
284.85956931114197,4.242846868485996
284.86158776283264,4.253093273588767
284.8635947704315,4.263499647605076
284.8655867576599,4.274036196615262
284.86758852005005,4.284622701460495
284.8695902824402,4.295346176995713
284.87168741226196,4.306086038407909
284.87270402908325,4.3170230763977875
284.87477135658264,4.327930685268609
284.8767032623291,4.338823468326046
284.87969970703125,4.349424502413322
284.88070154190063,4.359682341565144
284.88412857055664,4.370006590681363
284.8861322402954,4.3800643114486
284.8881313800812,4.390086431641858
284.89012837409973,4.399850764947899
284.8921308517456,4.409185832044027
284.89412784576416,4.418408183511196
284.8961329460144,4.42768977429434
284.8981308937073,4.436667275313133
284.9005992412567,4.445434501569922
284.90295004844666,4.4542012532910755
284.9039614200592,4.463049620518406
284.9059684276581,4.472092376920523
284.9089617729187,4.48104188530898
284.90996408462524,4.489827736673992
284.9119882583618,4.498431159960384
284.91400384902954,4.506807764607768
284.91599893569946,4.514983060870354
284.9179985523224,4.523123844348665
284.9209988117218,4.530980750640537
284.9230000972748,4.538702952226398
284.9251685142517,4.546419615520435
284.9271876811981,4.554134928083401
284.92972779273987,4.561843462265139
284.9317286014557,4.569983753486196
284.9327313899994,4.578404408135886
284.93473172187805,4.586483094469429
284.93672943115234,4.594374575857376
284.93872904777527,4.601769039241651
284.939724445343,4.608933255369456
284.94172763824463,4.616079838511185
284.9442312717438,4.622946369840042
284.9452335834503,4.629607989642939
284.94743728637695,4.6361100539998485
284.94874477386475,4.642375953583595
284.9507648944855,4.648665674667021
284.9517619609833,4.654951318183316
284.9537615776062,4.661038313291172
284.956045627594,4.66690946312584
284.9574501514435,4.67227902110508
284.9594705104828,4.677126042122863
284.9604740142822,4.681406413365766
284.9624741077423,4.684890071390013
284.9634757041931,4.687838213336584
284.9654772281647,4.689929177721116
284.9674754142761,4.69145698284138
284.9686849117279,4.692355827576634
284.97000885009766,4.692729687651818
284.9710087776184,4.692550294002231
284.9730894565582,4.692079610689571
284.9740090370178,4.6911834264064005
284.97600412368774,4.689891211661893
284.97800397872925,4.687969010948806
284.9790096282959,4.685064046073667
284.98100996017456,4.681888223304983
284.98300647735596,4.679010699012564
284.9850058555603,4.676398331062424
284.9880111217499,4.673913444625171
284.98907804489136,4.671557232024625
284.99100637435913,4.6688137221290935
284.99200415611267,4.665671131171238
284.99400448799133,4.661973366088177
284.9960150718689,4.65753044545827
284.9980742931366,4.652959837846758
285.000009059906,4.648174266983178
285.0010049343109,4.643218098298168
290.4891474246979,4.6383754448680365
290.49116492271423,4.634215282295308
290.4931044578552,4.630083364614023
290.49603605270386,4.625908323596568
290.49748516082764,4.621915704301698
290.4994864463806,4.61837684318213
290.50148487091064,4.6148932560492195
290.5034866333008,4.611222047099206
290.50448513031006,4.607564366024395
290.50748324394226,4.60354481433087
290.50847911834717,4.599193857451754
290.51147985458374,4.594895138018866
290.51356315612793,4.590633375214198
290.51550006866455,4.586659914719958
290.5174834728241,4.582311902590701
290.5194854736328,4.577583358555941
290.5224816799164,4.572522021800764
290.52348279953003,4.568476338197859
290.52548384666443,4.564613499925172
290.5274832248688,4.560290131240918
290.52948355674744,4.556042248860857
290.53148579597473,4.5519770415169045
290.5334849357605,4.547938216923229
290.5354850292206,4.543398650442499
290.5384793281555,4.539392334000999
290.5396201610565,4.535158387736171
290.5420973300934,4.5297503802706665
290.54503774642944,4.523954325089085
290.5460388660431,4.51799020884698
290.5481188297272,4.511445531389565
290.5501334667206,4.5044247190619915
290.5521295070648,4.4969740106479685
290.5541307926178,4.489617981552878
290.55613684654236,4.482868944284506
290.55812644958496,4.477379616972913
290.5593318939209,4.472983910338131
290.5614182949066,4.469551733812211
290.5634033679962,4.466619565800561
290.5653450489044,4.464028120857839
290.5673460960388,4.462306854671673
290.5693447589874,4.460967687257752
290.5714077949524,4.4595885961099215
290.5733525753021,4.458572010673691
290.575345993042,4.458348462224387
290.57734537124634,4.458601589664475
290.57934975624084,4.4588470905964295
290.5803487300873,4.459251724412701
290.582346200943,4.4594270565478595
290.58434534072876,4.459350112016002
290.58534502983093,4.459338403683432
290.5873429775238,4.458926645446527
290.5893442630768,4.4578538431842265
290.5903422832489,4.4559969688146674
290.5923433303833,4.4536208732100935
290.5933430194855,4.4514500405318
290.5953435897827,4.4490828011838985
290.59734296798706,4.446444879402805
290.60034561157227,4.443613603883343
290.6023437976837,4.440595355804984
290.60434651374817,4.437435529965228
290.6063416004181,4.433885000598076
290.6083438396454,4.429816417767195
290.6103434562683,4.424932631116089
290.6123445034027,4.419236763925138
290.6133472919464,4.41290485617507
290.61534357070923,4.406010251957444
290.61634969711304,4.398962603696057
290.6183454990387,4.3917984795172895
290.6203451156616,4.384829900183309
290.6223452091217,4.378190004551373
290.6243486404419,4.372040326159227
290.62634658813477,4.366335828757951
290.62834429740906,4.360644320345797
290.630348443985,4.355063326871701
290.6323502063751,4.3496203481326
290.6343448162079,4.344346669261543
290.6363458633423,4.338957558826922
290.6383466720581,4.333556120009688
290.64034628868103,4.327806155064906
290.64134526252747,4.321682359492055
290.64434456825256,4.315389004448877
290.6453447341919,4.309943566315702
290.6483438014984,4.304955316523334
290.64983582496643,4.300490950131629
290.6518511772156,4.29658968147291
290.6538486480713,4.293121495478652
290.6558451652527,4.2898676218934035
290.65826869010925,4.2868714985211245
290.659282207489,4.284111405804129
290.66167974472046,4.281360569747958
290.6636800765991,4.278433072802758
290.6656801700592,4.275628797809305
290.673681974411,4.272703282288105
290.6776852607727,4.269891189434071
290.6806843280792,4.2672223129263065
290.6846842765808,14.500678334760442
290.6866841316223,14.512661580264185
290.69068455696106,14.524285318291597
296.19433999061584,14.535590411719088
296.19667506217957,14.54665776267642
296.1996967792511,14.557589673689531
296.20169472694397,14.56837165140427
296.20370268821716,14.579110751787951
296.2066922187805,14.589846879329167
296.21095395088196,14.60065085141395
296.21301555633545,14.611624651263616
296.2149484157562,14.622770579023092
296.2169487476349,14.634150424881
296.2189486026764,14.645756799307351
296.2221632003784,14.657569684714119
296.22317576408386,14.669656668336888
296.225528717041,14.682001198938757
296.2278070449829,14.694588434102943
296.22980999946594,14.707266046161777
296.2328107357025,14.720030997496051
296.23381066322327,14.732919220663565
296.23580956459045,14.745938176138194
296.2378029823303,14.759140578884224
296.2393023967743,14.772619464623084
296.24238538742065,14.786273027584333
296.24431586265564,14.799987942304476
296.24531507492065,14.813707123845134
296.24731373786926,14.827378537971288
296.249879360199,14.840888715955998
296.2519278526306,14.854178769984188
296.25345849990845,14.867251245249587
296.25545477867126,14.88001732249981
296.2584547996521,14.892372664098751
296.26054072380066,14.904197534169526
296.2624580860138,14.915324126976309
296.2649006843567,14.925540506371345
296.26597118377686,14.93476435289435
296.26790285110474,14.942846451644048
296.27016282081604,14.949754592614852
296.2730972766876,14.955462452798374
296.27409863471985,14.959986102529994
296.2760968208313,14.963400626305008
296.27809977531433,14.965795570855208
296.2815537452698,14.967327781151559
296.28260254859924,14.96811853210622
296.2845301628113,14.968308348684602
296.2865207195282,14.968018155567089
296.2875211238861,14.96732159619693
296.289519071579,14.966277645849052
296.290518283844,14.964816401546152
296.2925236225128,14.962892593539637
296.29352498054504,14.960547732044127
296.29558396339417,14.957910367547276
296.29752373695374,14.955028074708677
296.2987759113312,14.951944836702891
296.30079340934753,14.94877066660702
296.3037929534912,14.945485458055545
296.3070559501648,14.942186245058855
296.30905270576477,14.939049523946787
296.3113377094269,14.93617887160286
296.3133339881897,14.933696709920351
296.31480145454407,14.931692873876607
296.31580996513367,14.930344270392089
296.316814661026,14.929725863693108
296.3187220096588,14.929964545432005
296.320778131485,14.930894329374745
296.32278275489807,14.93223772098523
296.32478427886963,14.933716676600039
296.32677841186523,14.93512775690413
296.32977747917175,14.936252762013227
296.3317847251892,14.936940281900108
296.3337860107422,14.937095979622072
296.33577728271484,14.936595116239218
296.3367819786072,14.935325217589776
296.3392767906189,14.933339169834362
296.3412883281708,14.9307292411579
296.3422887325287,14.927639438281682
296.34475684165955,14.924177162942634
296.34676361083984,14.920408827104625
296.34876465797424,14.916375660838625
296.3507590293884,14.912085110722154
296.35176062583923,14.907561102264404
296.35475873947144,14.902913740245257
296.3580002784729,14.898217212580077
296.3590135574341,14.893613808605046
296.36201453208923,14.889168802893604
296.36501383781433,14.88491018273782
296.36701345443726,14.880906436910651
296.36906147003174,14.877138177635347
296.37155294418335,14.873761833899458
296.3738844394684,14.870825849116896
296.3759000301361,14.868277741376607
296.3768951892853,14.866159764299525
296.37889885902405,14.864520522948673
296.38290095329285,14.86329652757155
296.38489842414856,14.862403355449594
296.38690090179443,14.861752727043388
296.38789772987366,14.861295823700079
296.38990235328674,14.86096290010082
296.3919024467468,14.860639001804437
296.39489936828613,14.860233133423502
301.89877247810364,14.859576426279688
301.9027740955353,14.858555649616921
301.90404772758484,14.856977903378622
301.9060649871826,14.85469570928225
301.9080636501312,14.851597837713813
301.9103126525879,14.847708947851787
301.9115483760834,14.843012204302134
301.915559053421,14.837533075129723
301.9175589084625,14.831225054780822
301.9199709892273,14.824140732026873
301.92096638679504,14.816214107764004
301.92242527008057,14.807497763980997
301.92344188690186,14.7980875984823
301.92569613456726,14.788052664884859
301.9267084598541,14.777507769686801
301.9267084598541,14.76663204132107
301.9295856952667,14.755429627511432
301.93160462379456,14.744130777731618
301.93365693092346,14.732704534041899
301.9356713294983,14.721296637430218
301.937664270401,14.710054766055865
301.9396734237671,14.69912312750037
301.94175457954407,14.688501825795976
301.9446692466736,14.678303262388228
301.9466700553894,14.66855623140553
301.94875049591064,14.659267243123075
301.9506678581238,14.650449650959278
301.9537446498871,14.642113491595191
301.95590448379517,14.63424151920728
301.95691990852356,14.626848991339223
301.9589567184448,14.61994818280512
301.96121168136597,14.613671057907348
301.9632077217102,14.608109675370104
301.96521162986755,14.603276715533042
301.96720695495605,14.599242138008732
301.96820616722107,14.59581240300568
301.97022128105164,14.592892043467248
301.9722146987915,14.590352332453431
301.97421312332153,14.588086657148294
301.9762077331543,14.586071269442563
301.97720289230347,14.584334156524545
301.9796483516693,14.58277855339407
301.9811565876007,14.58147521205362
301.9821705818176,14.580229075324823
301.983784198761,14.578865404911477
301.98614740371704,14.577329055877918
301.9884626865387,14.575563344971531
301.99048614501953,14.5736225612657
301.9924795627594,14.57162263214604
301.9934813976288,14.569532498354414
301.9954831600189,14.567347555748777
301.9974799156189,14.565034529366818
301.99948239326477,14.562603681357832
302.0004813671112,14.560006830721077
302.0024802684784,14.557316528344222
302.0044801235199,14.554638000169158
302.0064799785614,14.5518819954892
302.00747895240784,14.549110251340526
302.01096177101135,14.546244730987368
302.0129613876343,14.543298678074446
302.0142812728882,14.540329466787323
302.01529335975647,14.537385743262725
302.0172951221466,14.534448346477268
302.01929473876953,14.531540160283411
302.02029275894165,14.528700011046448
302.0227620601654,14.526046704871383
302.0237605571747,14.52369834107831
302.0257613658905,14.521612525697398
302.02777099609375,14.519863659243066
302.0297610759735,14.518541984238372
302.03176164627075,14.517796295858892
302.03276109695435,14.51765918696333
302.03407073020935,14.518236633887462
302.036084651947,14.519584308976047
302.0380828380585,14.52178880221996
302.0390841960907,14.524935401550234
302.0410876274109,14.529005037015555
302.04341554641724,14.533827831353179
302.04541420936584,14.539244434283972
302.04741525650024,14.54510399715955
302.04841446876526,14.551263124111232
302.0504138469696,14.557608092620168
302.05169224739075,14.564166407770038
302.0547044277191,14.570836307790808
302.05571150779724,14.577581463334827
302.0577096939087,14.584435959262358
302.05970883369446,14.59143880270689
302.06170773506165,14.598624281826387
302.0627017021179,14.60598631754608
302.0647032260895,14.613441268842994
302.0667040348053,14.621005697240397
302.0697069168091,14.628674833206365
302.0717043876648,14.636454992413158
302.07370829582214,14.644226830786085
302.07471108436584,14.65203214332139
302.07608675956726,14.65994127227574
302.0781035423279,14.667951725373158
302.08009934425354,14.676044119046855
307.58115816116333,14.68424268215037
307.5842356681824,14.692565807763547
307.5862331390381,14.701009696380646
307.5881531238556,14.709651508258188
307.59080743789673,14.718502112748423
307.59287548065186,14.727630683210952
307.5951397418976,14.737118809627175
307.5966694355011,14.747147303406278
307.5998566150665,14.757859906691548
307.6008596420288,14.76928349371293
307.603951215744,14.781492269828902
307.60494661331177,14.794447340530269
307.607950925827,14.808103307569588
307.60995078086853,14.822450141074064
307.6109583377838,14.83740638328674
307.61302399635315,14.852933549980753
307.6149492263794,14.868916691703351
307.61743569374084,14.885280996510307
307.61845302581787,14.901983909451927
307.61944675445557,14.919078881167176
307.62188148498535,14.936651089176229
307.62501072883606,14.954807880241084
307.62602376937866,14.973501504756658
307.6280725002289,14.992663158338043
307.6289920806885,15.012204950789336
307.63199400901794,15.031965403005515
307.63399744033813,15.051871449415643
307.63499450683594,15.07183790915369
307.6382827758789,15.091880847358967
307.64034509658813,15.11193924251759
307.64229464530945,15.132010587358598
307.6442973613739,15.152044815535925
307.6466383934021,15.171915121613019
307.6486520767212,15.191588693158883
307.6509838104248,15.21098985206249
307.65201926231384,15.23013464275565
307.65525579452515,15.249197447553406
307.6562547683716,15.267916302605565
307.6584749221802,15.286305108154522
307.6599726676941,15.304516278890471
307.66298723220825,15.322627947557969
307.66399121284485,15.34088672965195
307.66598892211914,15.359549290285926
307.6679883003235,15.378871610738766
307.6700978279114,15.399050640548957
307.67209243774414,15.420166606126209
307.67409801483154,15.442204619687699
307.6755425930023,15.465120438460879
307.67755579948425,15.488785971864372
307.6795563697815,15.513062687984124
307.6805558204651,15.537727965714623
307.68278431892395,15.562537995925428
307.68486428260803,15.587328329172548
307.686865568161,15.611911392967958
307.68886709213257,15.636174824680898
307.69097447395325,15.660054948554658
307.6929461956024,15.683495060640283
307.69506788253784,15.706478302753107
307.6959636211395,15.728992314609396
307.6980285644531,15.751014986443167
307.69996213912964,15.772523575103667
307.70203042030334,15.793526733480302
307.7042980194092,15.814114047198656
307.70659494400024,15.834295646094521
307.70766615867615,15.854120019935753
307.7095937728882,15.873604133430156
307.71198296546936,15.892703643720901
307.7131869792938,15.911367477144653
307.71428990364075,15.929537319404105
307.71629214286804,15.94718679505183
307.71871161460876,15.964308135189217
307.7196409702301,15.98090603488995
307.72264528274536,15.996974862436566
307.72463965415955,16.012539235140718
307.72671151161194,16.027615931947405
307.72864961624146,16.042229142604228
307.7307767868042,16.056434064453555
307.7328267097473,16.070308357232353
307.7347776889801,16.0839205332204
307.7357759475708,16.097338906848126
307.7378385066986,16.11061188762089
307.7398536205292,16.123739213789936
307.7418620586395,16.136718166824018
307.7438564300537,16.14956395312824
307.7463855743408,16.162290645091737
307.7474009990692,16.174910574335687
307.7494044303894,16.187411481308295
307.75140142440796,16.19977404190589
307.75347328186035,16.211975614997893
307.75540232658386,16.223998445352617
307.75840401649475,16.235812475302186
307.7594039440155,16.247377056380333
307.76146364212036,16.258657954760196
307.7644028663635,16.2696134610694
307.76646423339844,16.280205606685506
307.76840329170227,16.290396391196126
307.7704095840454,16.300158534311844
307.772403717041,16.309474329759517
313.2861478328705,16.318346492805514
313.28822445869446,16.326801818890516
313.29014897346497,16.334871599484924
313.2916679382324,16.34259935854775
313.29367232322693,16.35000914926142
313.2946834564209,16.35713582073992
313.29698848724365,16.36401035406456
313.2994589805603,16.370656793361825
313.3015630245209,16.377059604853088
313.3045620918274,16.38318262084965
313.3075621128082,16.38900280593587
313.3096432685852,16.394496998589293
313.31297850608826,16.39964436472949
313.314062833786,16.40443162070896
313.31748366355896,16.408879448470444
313.3194794654846,16.413021149499567
313.32048296928406,16.416873382679412
313.3225646018982,16.42045791331453
313.32459115982056,16.423803877836274
313.32667541503906,16.426910172004675
313.3296060562134,16.429768237319877
313.331604719162,16.432364176708525
313.3336033821106,16.43471118487679
313.33461451530457,16.436822416053644
313.3366069793701,16.43869460230234
313.33860659599304,16.440319258321484
313.3406081199646,16.441701891651146
313.34260272979736,16.442869669085987
313.3446042537689,16.443820337355834
313.3456094264984,16.44453649471741
313.347603559494,16.445021973161165
313.3496060371399,16.44529227838948
313.35118198394775,16.445346198014725
313.35319328308105,16.44517776731511
313.35619282722473,16.44476006238224
313.35765171051025,16.444055376228246
313.35866475105286,16.44306069182339
313.36107301712036,16.44177080700149
313.36200499534607,16.440182093913023
313.3630120754242,16.438266938115063
313.3650131225586,16.436051895608657
313.36800837516785,16.433607166455587
313.36955523490906,16.43097517522869
313.3710720539093,16.428217771151726
313.37208580970764,16.42538812912968
313.37408804893494,16.422522834639533
313.37608647346497,16.41964401307899
313.3770868778229,16.416723661694817
313.37918615341187,16.4137392183044
313.38108682632446,16.410706432692443
313.3830862045288,16.407603254133033
313.38408613204956,16.40442314348752
313.38617062568665,16.401108230925853
313.3890872001648,16.397600646389066
313.3900830745697,16.393892959004617
313.3925702571869,16.38996892846529
313.3945777416229,16.38581558998482
313.3975806236267,16.381461081090777
313.39857244491577,16.376927052435928
313.4016501903534,16.372205071115513
313.40357089042664,16.367240623061736
313.40557312965393,16.361992361887133
313.40762639045715,16.356424649807273
313.4095973968506,16.350551000946837
313.41157603263855,16.34439925445165
313.4135754108429,16.337987464324357
313.4146375656128,16.331302426272586
313.41660165786743,16.32434903730182
313.41862773895264,16.31712376407787
313.4205849170685,16.309626386279458
313.4226551055908,16.30190575896883
313.4242272377014,16.293987444168614
313.42623829841614,16.285903452316095
313.4283068180084,16.277669463952346
313.43195605278015,16.269317816897157
313.4341266155243,16.26088774139979
313.43573451042175,16.25237208375916
313.4383432865143,16.243792946043662
313.43943095207214,16.235166825282803
313.4419062137604,16.226494914556444
313.44317626953125,16.217791660105057
313.4451913833618,16.20904026650046
313.447336435318,16.200232151833674
313.45696926116943,16.191352488247684
313.46296787261963,16.182389169442754
313.46836709976196,16.173318149601513
313.4743752479553,16.164096864913493
313.4763660430908,16.15468752095654
313.4804379940033,16.145050866836055
313.4843783378601,16.135158349628984
313.4883725643158,16.125011483796776
313.4924702644348,16.114622377535397
313.4953861236572,16.104007551656725
313.4993715286255,16.093177642845912
313.50336360931396,16.08213141753894
313.50536274909973,16.070864591813624
313.50936460494995,16.059361774104378
313.5133640766144,16.047614633633273
318.97491359710693,16.035620949478748
318.97690987586975,16.023387790686726
318.9788718223572,16.01092727202837
318.980890750885,15.998255825538203
318.98289036750793,15.985403316825035
318.98488664627075,15.97240115659298
318.9868884086609,15.95928126787239
318.98788571357727,15.946055798141712
318.99025297164917,15.93273867393386
318.99164938926697,15.919331052604456
318.9946630001068,15.905863819160915
318.99666357040405,15.892343790607445
318.99867510795593,15.878820212526135
318.9996864795685,15.865320946077668
319.00169229507446,15.851866575802532
319.00268745422363,15.838447385770195
319.00489115715027,15.825038219487444
319.00725078582764,15.81164674100212
319.00824522972107,15.798256017571545
319.01024293899536,15.78489676941131
319.0113468170166,15.771600948770853
319.01275396347046,15.758388256523748
319.01275396347046,15.745255091915835
319.0149977207184,15.732170626216382
319.0170028209686,15.719192530744854
319.018994808197,15.706314374088274
319.02125883102417,15.693507949245205
319.0222713947296,15.680693133978208
319.0242691040039,15.66774890185903
319.02527141571045,15.654547816761909
319.02773237228394,15.64097995793649
319.0292067527771,15.62699873832077
319.03042364120483,15.612570816474614
319.031929731369,15.597649571457243
319.03392481803894,15.582150227305744
319.03492522239685,15.56601148274713
319.0362288951874,15.549085673096414
319.0382487773895,15.531308573055426
319.04024052619934,15.51257284927168
319.0412383079529,15.492706114344598
319.04270195961,15.471605409467912
319.04432129859924,15.449183320961785
319.0463273525238,15.425357574755026
319.0487115383148,15.400102274878213
319.049800157547,15.373518487105798
319.05181527137756,15.345748040385926
319.05381631851196,15.317019914970082
319.05595231056213,15.287399214796835
319.05595231056213,15.25721849576732
319.05796122550964,15.225204488758438
319.0599672794342,15.189981306737458
319.0624141693115,15.157103551944566
319.0635566711426,15.126379761027462
319.0655686855316,15.097698917479255
319.0670623779297,15.070763343520472
319.0690927505493,15.045486183430587
319.0705738067627,15.021783745763766
319.07158374786377,14.99953532566531
319.0735890865326,14.97858170844736
319.07558369636536,14.958901884395798
319.0775828361511,14.940358284113735
319.07858538627625,14.922779742343737
319.0818843841553,14.90594798398316
319.08331990242004,14.889835052710557
319.0845980644226,14.87448551816381
319.0865933895111,14.859670868157698
319.0875868797302,14.844896608125548
319.0895895957947,14.83012993874537
319.0910189151764,14.815272602671621
319.0930275917053,14.800223386248346
319.09502935409546,14.78478492239815
319.0960268974304,14.76875769351934
319.0981140136719,14.75207032092258
319.10014963150024,14.734758033335801
319.1021468639374,14.716864189591474
319.103147983551,14.698613000984164
319.1044762134552,14.680155013411234
319.1068115234375,14.661551398418787
319.1088237762451,14.643022687037423
319.1098220348358,14.624568403736193
319.1108236312866,14.606215732055547
319.11328768730164,14.588038775201463
319.11430191993713,14.570031973591696
319.1153013706207,14.552246223390462
319.1177990436554,14.534696552431278
319.1202919483185,14.517373947931443
319.1215386390686,14.500349780677494
319.1235558986664,14.483670293116006
319.1256523132324,14.467501591363959
319.1276617050171,14.451816899471579
319.12865805625916,14.436631006780656
319.13065791130066,14.421996194955453
319.13166189193726,14.40779411909083
319.13266468048096,14.394130786798282
319.1346619129181,14.38113632090889
319.135666847229,14.36881680103677
319.1376612186432,14.357194903692688
319.1386604309082,14.346225031730981
324.6792359352112,14.335842544150076
324.6812779903412,14.326041859923263
324.684463262558,14.316696723040021
324.68697023391724,14.307687687673637
324.69097423553467,14.298883931846227
324.6933717727661,14.290180350610003
324.69775676727295,14.28155805134056
324.7015132904053,14.272924360590736
324.7035982608795,14.2642179366619
324.7066123485565,14.255360647454477
324.7085916996002,14.246358152242415
324.71065378189087,14.237218231842386
324.71359062194824,14.227981710046725
324.71559262275696,14.218648216775977
324.7176878452301,14.209240357371367
324.7230534553528,14.199803030786471
324.72905468940735,14.190425771941703
324.7313952445984,14.181154255407886
324.73562836647034,14.172016106237646
324.7396252155304,14.163059630828236
324.7436261177063,14.154284856597949
324.74762511253357,14.14571458593025
324.75162649154663,14.1373790036649
324.7536287307739,14.12928538923932
324.7576265335083,14.121422165258808
324.76162242889404,14.11383353893203
324.7647228240967,14.106550827993809
324.76669692993164,14.099535775166654
324.76963663101196,14.092783599307765
324.7736315727234,14.086286504270541
324.7776279449463,14.080066083236694
324.7816255092621,14.07415267502183
324.78470277786255,14.068548190032141
324.7866928577423,14.063238573274495
324.78969383239746,14.058190700671755
324.79269790649414,14.053367762240322
324.79569816589355,14.048730923570588
324.79869747161865,14.04422930062016
324.8032660484314,14.039852975136967
324.8068220615387,14.035587659627545
324.8100709915161,14.03138883081787
324.81233286857605,14.027230512326538
324.81533098220825,14.023075498758287
324.8183295726776,14.018911578926947
324.8203315734863,14.014723617315939
324.82333302497864,14.010517352683966
324.8253343105316,14.006312083215338
324.82732939720154,14.002139752787668
324.82932686805725,13.998025883654496
324.83333802223206,13.993965103181347
324.8353362083435,13.9899619457569
324.83932852745056,13.986021777970107
324.84133291244507,13.982136929225444
324.8423330783844,13.978330284952337
324.8466010093689,13.974600652413383
324.84960532188416,13.970976349476874
324.8516044616699,13.967466094149128
324.8536033630371,13.96407740694903
324.8556070327759,13.960827453569497
324.8576030731201,13.957732211411896
324.8586027622223,13.95480578585275
324.86060523986816,13.95206292368668
324.86360478401184,13.949510341027272
324.8666024208069,13.94715144298886
324.8686032295227,13.944970283076248
324.86960434913635,13.942962677352291
324.87260270118713,13.941112473917837
324.87460446357727,13.939396979616722
324.8766098022461,13.937790453242126
324.8796055316925,13.936278445182689
324.88169598579407,13.93484636380705
324.8846125602722,13.933491734306267
324.8876166343689,13.932223007000571
324.88961124420166,13.93104844617261
324.89168882369995,13.929987641311168
324.89561462402344,13.92904135506033
324.8976230621338,13.928220299291693
324.90068674087524,13.927525052725857
324.9027018547058,13.926956202491512
324.9046103954315,13.926488712159468
324.9076120853424,13.926092983319004
324.9096095561981,13.925737164407108
324.91160106658936,13.925355775647665
324.9136128425598,13.924905546332166
324.916606426239,13.924361292655343
324.919602394104,13.923715642517498
324.92275738716125,13.922984423351538
324.92477774620056,13.922191088679899
324.928781747818,13.92136022039082
324.9307792186737,13.92053158731356
324.93324041366577,13.919730787160969
324.9367995262146,13.918997256321877
324.9387993812561,13.91834830643474
324.94105768203735,13.917815157219392
324.94405937194824,13.9174130108136
324.9450602531433,13.917166638297008
324.9471502304077,13.917088929035648
324.95013403892517,13.917195606526821
330.3850703239441,13.91750073303653
330.38756489753723,13.918030966533083
330.39050698280334,13.918836335726908
330.39406871795654,13.919950753634428
330.39606404304504,13.921384361389718
330.39906215667725,13.923117328678346
330.4034218788147,13.925113981315793
330.40657019615173,13.927342130237939
330.4108283519745,13.929758876032455
330.4152777194977,13.932319659014313
330.4187514781952,13.934990482434532
330.42175555229187,13.937733497244832
330.424751996994,13.940528094732935
330.4278404712677,13.94336271230265
330.42984318733215,13.946217394694283
330.4328396320343,13.94908415638601
330.4348385334015,13.951944537427062
330.436842918396,13.954793471520743
330.43884110450745,13.957608403765365
330.4412930011749,13.960399602113249
330.4426910877228,13.963147024826775
330.444899559021,13.965843400080905
330.44791316986084,13.968507256046124
330.4489130973816,13.971115186634028
330.45136308670044,13.973639299732765
330.4524722099304,13.976081925744351
330.45478224754333,13.978440912513634
330.45777916908264,13.980739723826265
330.4597818851471,13.982948611648073
330.4607832431793,13.985062007819808
330.4627866744995,13.987101411014537
330.4649157524109,13.9890806910384
330.46604657173157,13.99102874485841
330.4675364494324,13.992983509058519
330.4695496559143,13.994955697781275
330.47155380249023,13.996974776622539
330.47255873680115,13.999038834318123
330.4755530357361,14.001102596242248
330.47754764556885,14.003199645095158
330.47854685783386,14.00534836003979
330.48054814338684,14.007550908122875
330.4826340675354,14.009775495317061
330.4842231273651,14.011919664780121
330.4861407279968,14.013955947668261
330.48814368247986,14.015945492974236
330.4891400337219,14.017869976963265
330.49014019966125,14.01976732300524
330.49214029312134,14.021690148162028
330.49422693252563,14.023691885692712
330.4959490299225,14.025865560784249
330.4978618621826,14.028264457593417
330.4998643398285,14.030952160719725
330.50192427635193,14.03396366236358
330.50285840034485,14.037323473204355
330.5048563480377,14.040973600760069
330.50608563423157,14.044887241025267
330.5075671672821,14.049113516218403
330.50956988334656,14.05366928976164
330.51056718826294,14.05852367728293
330.5115683078766,14.06366809443089
330.51356744766235,14.069118366585268
330.5145719051361,14.074860075974062
330.5167555809021,14.080852988995028
330.5186769962311,14.087068887811231
330.5208783149719,14.093477474904116
330.5228941440582,14.100048648981856
330.52389335632324,14.10672842224439
330.5262153148651,14.113506869651264
330.5267252922058,14.120348616947926
330.5290803909302,14.127148361664036
330.53030705451965,14.133787634078528
330.5324139595032,14.140197864936665
330.5333206653595,14.146360317755384
330.5353214740753,14.152259727877823
330.53731989860535,14.157844895773017
330.53875851631165,14.163157824566753
330.54110383987427,14.168196747820549
330.543114900589,14.173016476769504
330.5451180934906,14.177664044510065
330.54746985435486,14.182156387114299
330.54848408699036,14.186495434120577
330.55048513412476,14.19071114464664
330.5525598526001,14.19477730642364
330.5547776222229,14.198769172525822
330.5567874908447,14.202689296935219
330.55778908729553,14.20659353786647
330.55979108810425,14.210610797399768
330.5617871284485,14.214758474184356
330.562792301178,14.218955707464195
330.5647888183594,14.223302229222273
330.56678915023804,14.227945968844368
330.56778836250305,14.232962242814356
330.5700054168701,14.238439769926394
330.57224583625793,14.24445929827125
330.57325315475464,14.251074698402308
330.5746822357178,14.258185987929682
330.5769908428192,14.265841771121499
330.5790011882782,14.27410553745735
336.06878685951233,14.283047704194827
