Timestamp,Breath Rate
28.539352655410767,8.232643111052576
28.54135036468506,8.199671627047296
28.543352603912354,8.176979424368291
28.54634976387024,8.154200862894672
28.54843235015869,8.131107656942936
28.550347566604614,8.107777500180484
28.55234980583191,8.084702684886548
28.553348064422607,8.061885378933887
28.555596351623535,8.039304614060066
28.55759835243225,8.016933829149027
28.559083461761475,7.994540254836061
28.561018228530884,7.972063166352801
28.564013719558716,7.9498128948778675
28.565056085586548,7.927588544252373
28.56707215309143,7.905381276963304
28.56929636001587,7.882988961381098
28.571392059326172,7.860538310023264
28.573391437530518,7.838149402217435
28.5753915309906,7.815781438417518
28.57639217376709,7.793542901948075
28.578463792800903,7.771414454779666
28.580392599105835,7.749418079915358
28.582387447357178,7.727488806198412
28.584383726119995,7.70565971600833
28.58638882637024,7.6838345380497755
28.588393926620483,7.6620195391277495
28.589388132095337,7.640262738972774
28.591391801834106,7.618529329868423
28.59438443183899,7.596871467467146
28.595383405685425,7.575318303765565
28.59738278388977,7.553837076963917
28.5983829498291,7.532459024032642
28.600390672683716,7.511364836614515
28.602805137634277,7.4904450882955365
28.60482406616211,7.469781959985765
28.606863260269165,7.449218623588325
28.607862949371338,7.428734276730222
28.609869241714478,7.408011657503467
28.610868215560913,7.386977196833265
28.61286449432373,7.36578549525031
28.61486291885376,7.3446002469232194
28.616352319717407,7.323375101991009
28.617689609527588,7.301882804802737
28.619698762893677,7.280165427296149
28.62170386314392,7.25806244102394
28.622698545455933,7.235853268036877
28.62469720840454,7.213426632140139
28.62669849395752,7.190965524809869
28.628697872161865,7.168748357155216
28.629697799682617,7.146989070247806
28.63270926475525,7.125220700780767
28.6347017288208,7.103265283471259
28.635703563690186,7.081092273841226
28.637701749801636,7.058556812057713
28.639705896377563,7.035661778181977
28.641709566116333,7.012306501319465
28.643699169158936,6.988520614377731
28.64570164680481,6.9642624127387185
28.647698163986206,6.939523987566855
28.64970350265503,6.914341813578116
28.651698350906372,6.8887258038630925
28.653701782226562,6.862601912005469
28.654703617095947,6.835970457254057
28.65670609474182,6.808834442373052
28.658698797225952,6.781131965142901
28.659701108932495,6.752921155437276
28.661698579788208,6.724264732435264
28.663698196411133,6.69513539917504
28.66569757461548,6.665634370860399
28.666704893112183,6.635760169457784
28.66870641708374,6.605557073043886
28.670705318450928,6.575049240491812
28.671700716018677,6.544328446218046
28.6737060546875,6.513500998162277
28.674969911575317,6.48278226177058
28.67596673965454,6.45243238077032
28.67796778678894,6.422626971498752
28.67896270751953,6.393351358732835
28.680963039398193,6.364257274773655
28.688228368759155,6.33485131094956
28.691226959228516,6.304539661865202
28.697225093841553,6.272747930464039
28.701226472854614,6.239110475574001
28.706223964691162,6.203304023582065
28.70922088623047,6.165115366997556
34.209328174591064,6.124434859025642
34.21238684654236,6.081168978939229
34.21526050567627,6.035275070524623
34.21825933456421,5.986515134598456
34.22131705284119,5.93461362419207
34.22325825691223,5.879159343035798
34.226338148117065,5.837960402473687
34.23025965690613,5.8054530967224105
34.232518672943115,5.773103214941936
34.2372772693634,5.741189873229292
34.24138426780701,5.709948992827165
34.24429702758789,5.679559221661248
34.24752187728882,5.650175569243583
34.24949908256531,5.6213746957648185
34.25249218940735,5.593814231932949
34.25549650192261,5.566760826538819
34.25757169723511,5.539998575713207
34.26049757003784,5.513573253340581
34.26255655288696,5.487461844460698
34.26456379890442,5.461698319700249
34.26749324798584,5.436396361931248
34.26958656311035,5.411742229695768
34.27155542373657,5.388011372516104
34.273576736450195,5.364979453465593
34.27556777000427,5.34249846498033
34.27756118774414,5.320741142943611
34.28057146072388,5.299739052492548
34.2835693359375,5.2785452770640235
34.284502267837524,5.257317382261853
34.286500692367554,5.236570901096355
34.289780378341675,5.21653645634047
34.29222655296326,5.197168792023716
34.293142795562744,5.1783681243892605
34.29621338844299,5.160118652902647
34.29814338684082,5.142346022122748
34.29960083961487,5.125019008038343
34.30161094665527,5.107942504211565
34.30261826515198,5.091021508062113
34.30563998222351,5.07423715766673
34.30716586112976,5.0575940869386455
34.30922555923462,5.041136938505464
34.31118679046631,5.0247956529739755
34.31318926811218,5.008737794212552
34.314300775527954,4.99284295979983
34.316264629364014,4.977314454998626
34.31818771362305,4.962207555682905
34.32026147842407,4.947405830192472
34.323187589645386,4.933059948201609
34.32419228553772,4.919354420832939
34.32625460624695,4.90620000295546
34.32720613479614,4.893467205071514
34.330193281173706,4.881128818404305
34.33128023147583,4.869108972170574
34.33327078819275,4.857488396748736
34.335259437561035,4.846121513991574
34.33718824386597,4.835046599951735
34.339200019836426,4.82409769201006
34.34125804901123,4.813296460166271
34.34327983856201,4.802566696894794
34.34528350830078,4.791769603889092
34.34754800796509,4.781067690046808
34.350645542144775,4.770256549419423
34.35261917114258,4.759335006609568
34.35463309288025,4.748437262120654
34.35656976699829,4.737573849308251
34.358646631240845,4.726772346666596
34.36056399345398,4.716170805216409
34.36356830596924,4.705816876153199
34.3655731678009,4.695637438050724
34.36757016181946,4.685772082613144
34.36961793899536,4.676094016589971
34.37156319618225,4.6668449254665525
34.3746337890625,4.658025059202546
34.37657046318054,4.6495220007900455
34.3775691986084,4.641328870252107
34.3805673122406,4.633490396494065
34.38264226913452,4.625824273796362
34.38591170310974,4.618485960481081
34.3870108127594,4.611196398592796
34.38991379737854,4.604155660996202
34.3909113407135,4.5974433388215425
34.39297938346863,4.590994352125392
34.39490795135498,4.584926069329284
34.39690709114075,4.579165587340503
34.39793658256531,4.573703986390715
34.4009051322937,4.568536221157662
34.40191864967346,4.563576035141712
34.403921604156494,4.558696071132799
34.405903816223145,4.553848617957856
34.40725517272949,4.549094738917265
34.408265590667725,4.54447670514783
34.40968155860901,4.539904070372802
34.41309905052185,4.535509871168042
34.41410183906555,4.531145184896736
34.41620421409607,4.5269549848394375
34.41809630393982,4.522955357759823
34.419466495513916,4.519287180495803
34.42138147354126,4.51591015092475
39.89926362037659,4.5128737563063925
39.90219736099243,4.5101603005490105
39.90520095825195,4.507791179040827
39.907198429107666,4.505852906721672
39.91019678115845,4.504142456608462
39.91319823265076,4.502700438459424
39.91519522666931,4.501530858577783
39.91819524765015,4.500661991819115
39.92219305038452,4.50012351377412
39.92419624328613,4.499951289380243
39.927250146865845,4.500145947278249
39.92919564247131,4.500710817052263
39.93126440048218,4.501519587277286
39.933247089385986,4.502620849571862
39.935657262802124,4.503921152684014
39.93786430358887,4.50542599179219
39.93889021873474,4.507234172868559
39.940908432006836,4.509355778693614
39.94290280342102,4.511906007119656
39.94555735588074,4.514911306365168
39.947641372680664,4.518497448979455
39.9496693611145,4.52267404877409
39.95165801048279,4.52759716779321
39.95373272895813,4.53312799657812
39.95566368103027,4.539187723217357
39.957664489746094,4.545765018653889
39.95966291427612,4.552731144792161
39.96172595024109,4.5599647700329005
39.96364998817444,4.567427144959195
39.965715169906616,4.575073237408106
39.96865153312683,4.582853492741972
39.97065043449402,4.590946729409007
39.97164988517761,4.599267612772751
39.97364854812622,4.607974247142274
39.975648403167725,4.617168358188826
39.976651191711426,4.626885380258417
39.97864770889282,4.637411748599805
39.980650186538696,4.648566959403184
39.98235893249512,4.660506546381762
39.984358072280884,4.673241453851296
39.986361503601074,4.686910767414678
39.9883553981781,4.701521383065654
39.990357875823975,4.716965628881028
39.99336361885071,4.733336846381183
39.99535512924194,4.7506627788958555
39.99757480621338,4.769092928446623
39.99958825111389,4.7885811166345755
40.001590967178345,4.809160003696847
40.0035924911499,4.830869071619113
40.00658941268921,4.853757906434064
40.0075888633728,4.87793122643144
40.01060152053833,4.903098596546955
40.01359701156616,4.9294898937551155
40.01459002494812,4.957218201564555
40.01660490036011,4.98632183387185
40.01861834526062,5.016792736952042
40.020601987838745,5.048735447004083
40.022610664367676,5.082305665271387
40.02460694313049,5.1173173205917575
40.026607275009155,5.153792453341765
40.02861046791077,5.191806882566088
40.029868602752686,5.231623340486561
40.03194451332092,5.273218657577246
40.034260511398315,5.316570191644672
40.036349296569824,5.361454228727348
40.03928089141846,5.407691990003423
40.04135465621948,5.455315760632566
40.0437593460083,5.5044326424843195
40.04620337486267,5.555430278682206
40.04829001426697,5.6087455913636814
40.05022144317627,5.664765933554622
40.05232381820679,5.723968354599009
40.05421853065491,5.786501598496524
40.056307792663574,5.852626676132195
40.05930423736572,5.893308180805724
40.0613751411438,5.930861111344899
40.063305139541626,5.968384717197819
40.065372943878174,6.005979789031404
40.06635022163391,6.043789806373577
40.06830286979675,6.081908208873684
40.07030272483826,6.1202800464416285
40.07230234146118,6.15877349192484
40.07430577278137,6.197176298168071
40.07733345031738,6.235265868937978
40.079370737075806,6.272865022090102
40.081302642822266,6.309867429806245
40.083303689956665,6.346223516515625
40.08592176437378,6.381918235297052
40.087029218673706,6.416896039178435
40.089404344558716,6.451175170679219
40.09142231941223,6.484759237865856
40.09342908859253,6.517535936256386
40.095728158950806,6.549481297725893
40.09773397445679,6.58052819479175
40.100735902786255,6.610591362301235
40.10273265838623,6.639664361321852
40.104731798172,6.667745269012955
40.10627102851868,6.694795880421804
45.604875326156616,6.720895461704603
45.60795450210571,6.7459518423416
45.610878705978394,6.770136532979193
45.61491322517395,6.793405779720727
45.61791920661926,6.815914217327713
45.62212252616882,6.8376383501898275
45.62511849403381,6.858662281160665
45.6291229724884,6.879005766126081
45.63333249092102,6.898623945845369
45.63726758956909,6.917467893982784
45.63933324813843,6.935571787967891
45.642261266708374,6.952930154143092
45.64550852775574,6.969470684424802
45.64752435684204,6.98501445397031
45.650529861450195,6.999507658025829
45.65252685546875,7.013091959466107
45.65452337265015,7.025824702565564
45.65653204917908,7.0376700537515635
45.6595253944397,7.048589518621535
45.66258406639099,7.0586084700313485
45.6646249294281,7.067727186042992
45.666587114334106,7.07591912126985
45.66860222816467,7.083163814903832
45.670663595199585,7.089524953883233
45.67278051376343,7.094870575516681
45.674983978271484,7.099332932352056
45.67699980735779,7.1028271412162765
45.67906308174133,7.105274712547083
45.68108153343201,7.106686990992215
45.683077812194824,7.107000187620436
45.685078859329224,7.106225574704724
45.68708038330078,7.104485045750071
45.68808031082153,7.1018538138935146
45.69014310836792,7.098504999043281
45.69207692146301,7.0944469106993955
45.694080114364624,7.0897292475971705
45.696080446243286,7.084452591861966
45.698078632354736,7.078717556092984
45.700074911117554,7.072612630925336
45.70208263397217,7.066240859068903
45.704079389572144,7.059671238165155
45.70607805252075,7.052992553830927
45.708075761795044,7.046256773788729
45.711161375045776,7.039513690989788
45.713077783584595,7.032784029578222
45.71515202522278,7.025998987823481
45.71708536148071,7.019128707081709
45.719085931777954,7.012113568925468
45.72207689285278,7.00493398856099
45.724074840545654,6.997536055228022
45.72609734535217,6.989890147292776
45.72907781600952,6.981976184646456
45.73108267784119,6.973810153320739
45.73307657241821,6.965376514936968
45.73565864562988,6.956649331644945
45.737584829330444,6.947572268829147
45.7385790348053,6.938130429536839
45.74057674407959,6.928281811020916
45.74257779121399,6.918049015745254
45.743579149246216,6.9074073851826014
45.74672222137451,6.896372657224742
45.74774503707886,6.884922648366997
45.750744581222534,6.873045362011975
45.75275659561157,6.8607378161336925
45.75474190711975,6.848106457747315
45.75682544708252,6.835107697679034
45.75874304771423,6.821920652018336
45.76174783706665,6.8084975667426395
45.763747692108154,6.794886837952268
45.76574516296387,6.7811227349488306
45.76874375343323,6.767292377422422
45.770747661590576,6.753510534786632
45.771742820739746,6.739930576275809
45.77449655532837,6.726604896440656
45.77651834487915,6.713567893286235
45.77856922149658,6.700738848157917
45.781126976013184,6.688149995356029
45.783151149749756,6.675807211774385
45.785151720047,6.663642342190179
45.78714656829834,6.651692349255875
45.78917932510376,6.640036813162883
45.79114842414856,6.628557193908012
45.79315114021301,6.617334950109967
45.79521417617798,6.606434144910073
45.7972617149353,6.595686465937747
45.798245906829834,6.585110170200624
45.800150871276855,6.574767083252337
45.802151679992676,6.5646612425252835
45.80414962768555,6.554985962933028
45.807191610336304,6.545720329016583
45.80915117263794,6.536900774661286
45.81115388870239,6.528521753446069
45.812148571014404,6.520420515913294
45.81415557861328,6.5126228420252845
45.81715440750122,6.505099695240221
45.81920099258423,6.497653468680016
45.82115030288696,6.490304042815415
45.824153423309326,6.482969088459483
51.28882169723511,6.475628447819237
51.29082226753235,6.468182654043276
51.29382586479187,6.460636592463941
51.29682970046997,6.452940310789488
51.29982900619507,6.44487056192589
51.301759243011475,6.436634782322644
51.30475735664368,6.42815596250304
51.307753801345825,6.4196088694405
51.31075191497803,6.411078814005442
51.31475305557251,6.402585802433182
51.317758560180664,6.394050388152312
51.31982970237732,6.385372306544154
51.32275629043579,6.376453352872941
51.32682251930237,6.367278312350338
51.328758239746094,6.357859312515141
51.33175611495972,6.348081909417967
51.33475852012634,6.338023806234551
51.34326529502869,6.327582415406707
51.3472683429718,6.316897261402815
51.351261377334595,6.30606247826165
51.35582160949707,6.295087531823002
51.35883975028992,6.2840388403426655
51.3638436794281,6.2730035065431995
51.36784076690674,6.262135064602953
51.370850801467896,6.251507398702954
51.374842405319214,6.2412302134250375
51.3798394203186,6.231375454049869
51.382838010787964,6.221919049841737
51.38684034347534,6.212946269472679
51.39083957672119,6.204426503085179
51.39384150505066,6.196331166800554
51.39783978462219,6.188690357673589
51.39984083175659,6.181467970838231
51.40184020996094,6.1748890914261425
51.40284037590027,6.169061079834979
51.40484023094177,6.163863775959319
51.4088408946991,6.15931806325713
51.4108407497406,6.155436792782828
51.41484045982361,6.152113253019071
51.417845726013184,6.149476956802581
51.42084288597107,6.147520674954094
51.42284655570984,6.146184359420865
51.42585039138794,6.145354623496905
51.42883920669556,6.144851114348549
51.432847023010254,6.144667244259865
51.43584966659546,6.144759573197592
51.43884038925171,6.145050952442076
51.44084024429321,6.145567985784622
51.44284009933472,6.146425822036291
51.44584369659424,6.147323479216551
51.44883918762207,6.148311170204264
51.450844526290894,6.149308601539554
51.453840494155884,6.150228853026697
51.45683932304382,6.151127203572302
51.458840131759644,6.1520501141626704
51.459840297698975,6.152998141357041
51.46183800697327,6.153892390569407
51.463845014572144,6.154724246604546
51.46584677696228,6.1554062258176385
51.46884059906006,6.155949431897156
51.47084069252014,6.156357469807541
51.47291803359985,6.156714947691083
51.47591209411621,6.15709682774626
51.479846477508545,6.157386670426872
51.48186373710632,6.157535956761934
51.4853675365448,6.157592135159317
51.488444805145264,6.15736949954118
51.490373611450195,6.1571239395088
51.49245238304138,6.156763745674132
51.494364738464355,6.156395334845702
51.49743127822876,6.15598055663155
51.49936103820801,6.155539999507325
51.50240969657898,6.155058177026329
51.503392696380615,6.154310432279791
51.505444288253784,6.153433416770826
51.5074622631073,6.152422625103929
51.509434938430786,6.151218231791448
51.51236176490784,6.1500275251355045
51.51435685157776,6.148827565867992
51.51644253730774,6.147543413018471
51.51736807823181,6.146032665304932
51.519455671310425,6.144168001585883
51.521366119384766,6.14242068672626
51.52336406707764,6.140471694317568
51.526445627212524,6.137193069665848
51.528366565704346,6.131405561543585
51.5304434299469,6.124965470013698
51.53344964981079,6.119745571346281
51.535447120666504,6.11560186808416
51.53644251823425,6.11361962420766
51.538437366485596,6.114237058499774
51.540371894836426,6.118006159205678
51.54343628883362,6.125363226288091
51.545416593551636,6.1365669626315125
51.5463707447052,6.152579450155754
51.54936504364014,6.1729205381157355
51.55145192146301,6.198131480427755
51.553367137908936,6.2299675281587605
56.99389863014221,6.270202945877469
56.99697184562683,6.32176464448368
56.99890327453613,6.385182141384729
57.00290012359619,6.458616137684325
57.00496315956116,6.539665159033541
57.00808334350586,13.56479499757713
57.012009382247925,13.554674832054323
57.016005992889404,13.543983737559229
57.01807904243469,13.532724218006
57.021119594573975,13.520929367426211
57.02448534965515,13.508646535520427
57.027703046798706,13.495930653071927
57.02928352355957,13.48284835855835
57.03332781791687,13.469465953529042
57.035056829452515,13.455810459893316
57.03808093070984,13.441939280193298
57.04108119010925,13.427841339980866
57.04408121109009,13.413571636663823
57.047147274017334,13.399167839144445
57.05007886886597,13.384764426660961
57.05307865142822,13.370521901609017
57.05514597892761,13.35655165372672
57.05816054344177,13.342850707941832
57.0609872341156,13.329404645786328
57.06402063369751,13.316306364425847
57.06601095199585,13.303745412889395
57.06800961494446,13.291898999041479
57.071083545684814,13.280868240413369
57.0740966796875,13.27067015552426
57.07610368728638,13.261406889430603
57.08007454872131,13.253098818826187
57.08201026916504,13.245725455664857
57.085031032562256,13.239249288342915
57.088019132614136,13.23367062925595
57.09000778198242,13.228990609101393
57.094006299972534,13.225252093906178
57.096089601516724,13.222576786688801
57.099008321762085,13.22116197334465
57.10201120376587,13.221146021299575
57.105109214782715,13.222438771403336
57.10800576210022,13.224833394311238
57.110008239746094,13.228080769523311
57.11301255226135,13.231804608726097
57.116055965423584,13.235735249976157
57.1190550327301,13.239594389659267
57.12300419807434,13.243115375974924
57.12600660324097,13.24612301240475
57.1280951499939,13.248479567546731
57.1310088634491,13.2501217536936
57.13288068771362,13.251121847521025
57.13590168952942,13.251497298901295
57.13897132873535,13.251407039804436
57.14190316200256,13.250995111137028
57.14392113685608,13.25036371459523
57.14696907997131,13.249621928673088
57.149903535842896,13.248819966736674
57.152968645095825,13.248039165955966
57.15589618682861,13.247331404145847
57.158902406692505,13.24681071637299
57.16090250015259,13.24651156906578
57.16397762298584,13.2465187847897
57.1658992767334,13.246856429085025
57.16890621185303,13.247648561735808
57.17091131210327,13.248928676060926
57.173900842666626,13.250654534561576
57.17689919471741,13.252866495291538
57.1799054145813,13.25565176193107
57.181896924972534,13.259170546403588
57.18489933013916,13.263573027851539
57.186901807785034,13.269056708026937
57.18897986412048,13.275835938869635
57.19190287590027,13.284075346166855
57.19396162033081,13.293878675134698
57.19690418243408,13.305323634392334
57.199054479599,13.31833030083393
57.20112371444702,13.332730921956381
57.203046798706055,13.348364189848045
57.2060489654541,13.36503100119102
57.20814538002014,13.382563296041948
57.21104907989502,13.400853740953508
57.213048696517944,13.419769916747127
57.21604824066162,13.439161574454818
57.21704411506653,13.458822664495557
57.21904182434082,13.47854802185862
57.222041606903076,13.498121125986337
57.22404503822327,13.517344477455005
57.2250440120697,13.536098092946002
57.22904586791992,13.554286766432233
57.231041431427,13.571906789930102
57.233495473861694,13.588970256338447
57.23575806617737,13.605465848753761
57.23677086830139,13.621477404292927
57.23876881599426,13.63700600537759
57.24078154563904,13.652109132694243
57.24277329444885,13.666822833882826
57.244773864746094,13.681247664644912
57.246774673461914,13.695415178269505
57.2497718334198,13.70933034328806
57.252641916275024,13.723079394512576
62.700106382369995,13.736697211901404
62.70303153991699,13.750157551813986
62.70605754852295,13.763530614003566
62.708993911743164,13.776838623059582
62.71098256111145,13.790095389733924
62.7144410610199,13.803336795757108
62.71766662597656,13.816564595333213
62.71967434883118,13.829864248669226
62.72366905212402,13.843281487265097
62.72666907310486,13.856826413791806
62.730666637420654,13.870528050283594
62.732667684555054,13.884391579584664
62.73567271232605,13.898398644943978
62.737669944763184,13.912530415161866
62.74066686630249,13.926759424101524
62.74266743659973,13.941068905578526
62.74466633796692,13.955486998696026
62.74766707420349,13.969944834502028
62.74966526031494,13.984415992925204
62.75166606903076,13.998818984215804
62.753666162490845,14.013108117629594
62.756664991378784,14.02721059474224
62.758758544921875,14.041070834744872
62.76067233085632,14.054656985476775
62.762667417526245,14.067941348341678
62.764665365219116,14.080913370239777
62.766741037368774,14.093619495154222
62.76866602897644,14.106034268650241
62.77072882652283,14.118212039067068
62.77266573905945,14.130196757667186
62.77366518974304,14.141970191805566
62.77615427970886,14.153574895654488
62.777156829833984,14.1650689944192
62.77915334701538,14.176472895555849
62.7811541557312,14.187820732987184
62.782161235809326,14.199086410410494
62.78415632247925,14.210271264905808
62.78615427017212,14.221402919019699
62.78815746307373,14.23246270383187
62.78915596008301,14.243486703716856
62.791255474090576,14.2544660834484
62.79315948486328,14.26541171527374
62.79515624046326,14.276251700415298
62.79721665382385,14.287015678238228
62.798163175582886,14.297737715428468
62.80015516281128,14.308456064452287
62.802335262298584,14.319161970176419
62.80436158180237,14.329900658828583
62.8063588142395,14.340688790592939
62.808427810668945,14.351536385570324
62.81035757064819,14.362497610780505
62.81236028671265,14.37355498705405
62.81335687637329,14.384732294032846
62.81578826904297,14.396017270476598
62.816797494888306,14.407393220584424
62.81878924369812,14.418848988661708
62.82078671455383,14.430371630155554
62.822789430618286,14.441960066600807
62.823789834976196,14.453584649025785
62.826855182647705,14.465182327631009
62.82778739929199,14.476721656944864
62.829861640930176,14.488145347582648
62.830787897109985,14.499432068309131
62.83278822898865,14.510568578168074
62.83478760719299,14.521575937341938
62.835808992385864,14.53250105233995
62.837788820266724,14.543378856594135
62.84078884124756,14.554249853411719
62.84220242500305,14.56514899523089
62.8442919254303,14.576092686151433
62.84523415565491,14.58710517178698
62.847232818603516,14.598192399483713
62.849281549453735,14.609368822404813
62.85123062133789,14.620647397427808
62.8532338142395,14.632026925845729
62.855236530303955,14.643536042116164
62.858232259750366,14.655169381902555
62.860230684280396,14.66693722882593
62.86227250099182,14.678857876059814
62.864234924316406,14.690975688307674
62.86667442321777,14.703326034411345
62.86767077445984,14.715948726384608
62.87019991874695,14.728856660230376
62.872276067733765,14.74203888154698
62.87421727180481,14.755434105945941
62.87622690200806,14.768990885834636
62.87821912765503,14.782650799053716
62.87921905517578,14.796397198695876
62.8812141418457,14.810211095027375
62.88260054588318,14.824063326965387
62.88523459434509,14.837942749564357
62.88625240325928,14.851786217976983
62.888336181640625,14.865557202832184
62.89126133918762,14.879176034537505
62.89324903488159,14.892614735070579
62.89424705505371,14.905828179921834
62.897249698638916,14.91876996127717
62.899250507354736,14.931411721073406
68.38657283782959,14.943677318856155
68.38857579231262,14.955505958869102
68.39150071144104,14.966805985070312
68.39450025558472,14.977535942826753
68.39650130271912,14.98769141619936
68.39950108528137,14.9973012117002
68.4014995098114,15.006367583151887
68.40610766410828,15.014966964633633
68.40910983085632,15.023120863125682
68.41111326217651,15.03089008071466
68.41454601287842,15.038307672287717
68.41655111312866,15.045432974379981
68.42054557800293,15.052349429409439
68.42254090309143,15.059019039577105
68.42354249954224,15.065491716413305
68.425785779953,15.071744311255749
68.42781114578247,15.077776148231223
68.42980718612671,15.083602098306446
68.43186616897583,15.089264699364035
68.43479633331299,15.094863285168797
68.43680596351624,15.10042195381111
68.44080233573914,15.1059280239229
68.44179773330688,15.11143553323286
68.44530296325684,15.117030262551213
68.44723129272461,15.122859038145608
68.44922924041748,15.129012725071082
68.45122790336609,15.1356105791532
68.45323204994202,15.142888261745941
68.45522737503052,15.15093927970397
68.45729351043701,15.159924453834542
68.45852255821228,15.169910259410578
68.46053123474121,15.180921490677317
68.46353673934937,15.192981824940805
68.4735357761383,15.206027890184723
68.48853850364685,15.219936094631242
68.4935348033905,15.234571052932615
68.4965329170227,15.251010502606107
68.49954032897949,15.26705236051221
68.50253939628601,15.282334013493482
68.50553560256958,15.296659958034502
68.50953507423401,15.309752713936689
68.5125343799591,15.321468181839524
68.51553297042847,15.331767310296511
68.5185375213623,15.340681572270901
68.52254748344421,15.348290898049443
68.52554154396057,15.354526004339975
68.52953958511353,15.359439617884007
68.53354144096375,15.363128238656424
68.53553438186646,15.365666697735211
68.53754234313965,15.367266608110269
68.53953552246094,15.368093250718497
68.54153561592102,15.368310399985795
68.54353475570679,15.36804398470401
68.54553484916687,15.36741263454742
68.54853677749634,15.366527488639864
68.55153846740723,15.365461691592907
68.55553579330444,15.364256246899968
68.55853581428528,15.362997355441465
68.56153607368469,15.361748966211687
68.56453561782837,15.360567120149964
68.56753611564636,15.35959324097353
68.57053112983704,15.358925422434634
68.57452988624573,15.35862178571599
68.57753086090088,15.358791695121694
68.58153462409973,15.359539670620705
68.58353304862976,15.360867564473894
68.58653259277344,15.362750850273091
68.59153628349304,15.36511319765297
68.59353375434875,15.367855176679381
68.5965404510498,15.370884312106634
68.59953546524048,15.374040934464313
68.60253477096558,15.37725509925817
68.60553550720215,15.380486108707908
68.60753870010376,15.383643294094938
68.61054468154907,15.386593767671028
68.61253476142883,15.389319155035091
68.61453485488892,15.391692842025241
68.61753630638123,15.393699158543036
68.61954045295715,15.395382203042342
68.62349247932434,15.396644238664932
68.62649130821228,15.397476383556736
68.62948966026306,15.397865560679877
68.63249182701111,15.397665485429382
68.6344964504242,15.396907621302718
68.63755321502686,15.39548514340879
68.63953948020935,15.393409572003103
68.64149022102356,15.390635264918464
68.64350438117981,15.3872420604946
68.64550137519836,15.38320373116825
68.64848732948303,15.378571468849028
68.65251684188843,15.373418847116605
68.6544897556305,15.367820480839715
68.6575436592102,15.361831187079025
68.6615240573883,15.355592433417172
68.66454339027405,15.34911424921866
68.66750454902649,15.342311481527647
68.66953682899475,15.335151089058584
68.67153453826904,15.327604215646833
74.08887648582458,15.31963754101877
74.09227752685547,15.311347458908731
74.0957179069519,15.302802290475888
74.09773826599121,15.294106451578806
74.10167360305786,15.285318853602174
74.10484600067139,15.276473058531533
74.10685086250305,15.267658067892805
74.10926580429077,15.258918181422189
74.11256432533264,15.250329847436523
74.1139144897461,15.241956182740395
74.11598801612854,15.233923645658408
74.11793041229248,15.226663286225598
74.11993765830994,15.219811043681396
74.12193417549133,15.21333317748456
74.12399244308472,15.207178964661397
74.12493515014648,15.201309669916478
74.12693405151367,15.195720518003808
74.12993597984314,15.190435010532688
74.13093066215515,15.185516779766086
74.13294911384583,15.180909616057134
74.13493323326111,15.17654492597594
74.13693356513977,15.172345379335622
74.13893103599548,15.168212309030288
74.14093112945557,15.163933990955424
74.1429340839386,15.159354887971903
74.14393353462219,15.154227348982634
74.14700293540955,15.148315403901083
74.14856314659119,15.141405662143491
74.15057969093323,15.133423270426373
74.15312433242798,15.124285937289349
74.15462279319763,15.113976479544394
74.15564012527466,15.102551894588945
74.15763878822327,15.090150067863862
74.15963411331177,15.076931672663006
74.16115736961365,15.062997069973289
74.16316056251526,15.048504547600427
74.1651623249054,15.033505468460644
74.1661605834961,15.018131054682918
74.16816306114197,15.00246684758171
74.17016863822937,14.986668313849574
74.17215847969055,14.970865693169927
74.17316222190857,14.95520979085383
74.17515730857849,14.93994725856106
74.17715740203857,14.925249590399941
74.17815732955933,14.91126846551387
74.18048787117004,14.898178589267797
74.1814956665039,14.886071614868607
74.18348813056946,14.874906146705852
74.18549346923828,14.86466483368942
74.1868212223053,14.855223270529587
74.1883225440979,14.846435680847277
74.19033622741699,14.838061858222993
74.19233632087708,14.82991566871139
74.19433999061584,14.821914891075126
74.19533610343933,14.813925994367509
74.19733428955078,14.805942989297137
74.19833612442017,14.79796211769271
74.20033407211304,14.790002178490584
74.20181155204773,14.782092059334953
74.20282173156738,14.774252509558433
74.20425796508789,14.766493587294436
74.20571041107178,14.758734929135871
74.20670580863953,14.750892178099686
74.20820760726929,14.742934868362033
74.21022200584412,14.734785546433521
74.2112193107605,14.726403757179265
74.21322464942932,14.717777506928774
74.2152247428894,14.708915734740769
74.21661806106567,14.699789918928586
74.21861624717712,14.690462059515612
74.2206199169159,14.680882057191672
74.22261905670166,14.67109056773384
74.22462391853333,14.661092505486522
74.22562098503113,14.650931637484916
74.22762155532837,14.640618839996883
74.22912240028381,14.630117236420928
74.23114204406738,14.619377870782877
74.23213505744934,14.608425788958002
74.23530864715576,14.597294911336707
74.23629903793335,14.586105590048952
74.23830223083496,14.574935508976306
74.24030876159668,14.563842702202287
74.24130535125732,14.552849403658056
74.24354696273804,14.541910730439628
74.24555110931396,14.531044430192603
74.24655294418335,14.520280422300974
74.24855494499207,14.509612436159962
74.2505476474762,14.49907749777478
74.25155234336853,14.488701996403538
74.25354480743408,14.478539509045905
74.25554943084717,14.468628893986132
74.25754737854004,14.458908568558684
74.25994539260864,14.449465222690717
74.26095366477966,14.440349674678103
74.2639422416687,14.431658874888933
74.26494288444519,14.423518959329101
74.26695227622986,14.415969410940466
74.26894426345825,14.408972255154396
79.79187345504761,14.402433992095268
79.79494786262512,14.396284025979188
79.7968738079071,14.390458807725345
79.79987287521362,14.384875964793704
79.80287408828735,14.379389412832236
79.80487155914307,14.373929749315428
79.80687093734741,14.368411928752177
79.80950784683228,14.36263977277999
79.81395530700684,14.356610853092736
79.81595087051392,14.350308631883806
79.8184654712677,14.343707609754494
79.82089686393738,14.336896547635988
79.82315063476562,14.329943499829227
79.82565021514893,14.322958098213627
79.82766103744507,14.31601453965349
79.82890462875366,14.309214416052077
79.83124423027039,14.302600439845094
79.83428239822388,14.296231587143502
79.83617901802063,14.290140317134068
79.83725666999817,14.284356786079817
79.84017825126648,14.278890368155658
79.84224796295166,14.273757840138911
79.84417533874512,14.268914198585884
79.84517097473145,14.26438178966091
79.84717679023743,14.260158587667219
79.84917140007019,14.256249063475044
79.85117316246033,14.252673171458499
79.85317778587341,14.249426088712328
79.85417461395264,14.246449983695703
79.85617423057556,14.243729115766875
79.85817193984985,14.241241045415984
79.85937571525574,14.238949392907108
79.86138725280762,14.2368278993208
79.86339235305786,14.234860872572652
79.86538815498352,14.233048878855406
79.86738705635071,14.231362372454353
79.869393825531,14.229847947520886
79.87054514884949,14.228375094455728
79.87256097793579,14.226884255981698
79.8739767074585,14.225349251040418
79.87598896026611,14.223834658484718
79.87699294090271,14.22234523296079
79.87898755073547,14.220904614250587
79.8810772895813,14.219548775068956
79.88357067108154,14.218258435533592
79.88458371162415,14.217026180003842
79.88659238815308,14.215842898509543
79.88858461380005,14.214711851307623
79.88958215713501,14.213648655504413
79.89159846305847,14.212664776233167
79.8945837020874,14.211785932167096
79.8975875377655,14.21102021844513
79.89958643913269,14.210386578864743
79.90065598487854,14.209906403627743
79.90267276763916,14.209607813467924
79.90468263626099,14.209496615308554
79.90667057037354,14.209552152117876
79.90867304801941,14.209771784167833
79.90966987609863,14.210101647611161
79.91167449951172,14.210503124296736
79.9126718044281,14.210937819613983
79.91467142105103,14.211391969874695
79.91766810417175,14.211892582770647
79.91866683959961,14.21245061018845
79.92066645622253,14.213070761940553
79.92289876937866,14.213789876752742
79.92423892021179,14.214605722864738
79.92532753944397,14.215509672632084
79.92725443840027,14.216512177692374
79.92847490310669,14.21757891073154
79.93085932731628,14.218724112340388
79.93186163902283,14.219993646870007
79.93386602401733,14.221388988533219
79.93486404418945,14.22293389007578
79.93715167045593,14.224594843059256
79.94016766548157,14.226351954850472
79.9413914680481,14.228185365253145
79.94240427017212,14.230091937273809
79.94440460205078,14.232067301518873
79.94740676879883,14.234108735383511
79.94988989830017,14.236194875052695
79.95089960098267,14.238329081498739
79.9530291557312,14.240499035627556
79.95503735542297,14.242677551949907
79.95597219467163,14.244854063773182
79.95803570747375,14.247026248838916
79.95896005630493,14.249191640645975
79.96095967292786,14.251332307891358
79.96196341514587,14.253437455603791
79.96396446228027,14.255495953422477
79.96596240997314,14.257520473005423
79.96804094314575,14.259523284847084
79.971027135849,14.261537948639134
79.97303938865662,14.263588449460116
79.97496294975281,14.265702828369962
79.97696781158447,14.267883926671587
79.97896337509155,14.270143105487117
79.98098969459534,14.272472922883205
85.47846126556396,14.274875806124118
85.48145866394043,14.27733440348137
85.4839198589325,14.279827146075084
85.48685264587402,14.282336488352328
85.48893165588379,14.284828980987074
85.49092745780945,14.2872925980106
85.49485492706299,14.289722190969364
85.49784994125366,14.292134250360084
85.50085139274597,14.294556921475268
85.50485157966614,14.297010814042634
85.5068473815918,14.299511871305295
85.51011347770691,14.302060470626072
85.51203465461731,14.304657848288974
85.51403427124023,14.307311735115357
85.51705503463745,14.31003381215142
85.51903247833252,14.3128326495353
85.52204012870789,14.315715446249122
85.52403020858765,14.318682911050821
85.5261082649231,14.321726043117165
85.5280339717865,14.32482883928292
85.53010821342468,14.327970886076237
85.53323411941528,14.331133994236469
85.534250497818,14.33431246205678
85.53624677658081,14.337503673066198
85.53824615478516,14.34069747374839
85.54024505615234,14.3438821491446
85.54224920272827,14.347028726864831
85.54424500465393,14.350098676212067
85.54573130607605,14.353057110978282
85.5477442741394,14.355894625179873
85.54998350143433,14.358632014288983
85.55099129676819,14.36129349753217
85.55243587493896,14.363909570319112
85.55444979667664,14.366499052398307
85.55645489692688,14.369077213907927
85.55845975875854,14.371652983784587
85.55946016311646,14.374225042402108
85.56146240234375,14.37677788632604
85.5635313987732,14.37930005573422
85.56445574760437,14.38175809846662
85.5664575099945,14.38411629301037
85.56820464134216,14.38634446569894
85.57011151313782,14.38839065653772
85.57211136817932,14.390236551803511
85.5731143951416,14.391872635759604
85.5751097202301,14.393290520907652
85.5768711566925,14.394514882462182
85.57891941070557,14.39556565827325
85.57986950874329,14.396505776798795
85.58186507225037,14.397434643385596
85.58386850357056,14.398431097629976
85.58587098121643,14.399591402852872
85.58795404434204,14.400956792323022
85.58986783027649,14.402498116797572
85.591867685318,14.404178866280109
85.59386777877808,14.405971061787062
85.59486746788025,14.407832395053601
85.59686613082886,14.409746516602686
85.59895396232605,14.411619814132909
85.59987592697144,14.413443040493693
85.6018660068512,14.415182625879927
85.60393857955933,14.416829126448963
85.60595226287842,14.41832555181791
85.60687041282654,14.419665814596886
85.60987377166748,14.420867936695197
85.6108660697937,14.421920011869542
85.61296224594116,14.422822909947183
85.61486864089966,14.423524138420383
85.6168692111969,14.424008650737157
85.61886692047119,14.424128988994145
85.6208713054657,14.42400173430346
85.62286853790283,14.423665471789771
85.62495398521423,14.423060610589102
85.62686204910278,14.422228947175485
85.6288685798645,14.421204386845455
85.63094019889832,14.41994390070529
85.63286900520325,14.41847318415505
85.63486814498901,14.416846575374667
85.63686752319336,14.415029933579929
85.63886666297913,14.412967075385003
85.64086890220642,14.41068935315261
85.64218974113464,14.408244802860926
85.64487218856812,14.405527819310565
85.64640164375305,14.402651916402407
85.64804553985596,14.39960293736887
85.64978122711182,14.396328354078133
85.65246915817261,14.392842762077741
85.65347194671631,14.38907278050371
85.65547370910645,14.38507983829949
85.65756392478943,14.380886570117639
85.65847945213318,14.376556081351756
85.66147232055664,14.37205150894472
85.6624710559845,14.367369193889637
85.6645302772522,14.362629088655037
85.66653227806091,14.357755458195465
85.66862392425537,14.352796250191293
85.67053365707397,14.347802526811247
85.67353320121765,14.34283824435483
91.18232107162476,14.337894804252532
91.18432569503784,14.33303554596272
91.18755054473877,14.328146868366673
91.19012069702148,14.323235005473416
91.19218134880066,14.31823232532982
91.19511818885803,14.313112630666286
91.19811797142029,14.307853035033641
91.20131659507751,14.302422354791622
91.20332741737366,14.296855098458499
91.20633935928345,14.291092212500445
91.20833110809326,14.285156058844962
91.21033048629761,14.278962974128644
91.21133232116699,14.272482446771637
91.22049760818481,14.265793584482019
91.22649574279785,14.258807885289427
91.23249459266663,14.251591089710354
91.23550629615784,14.244193152347652
91.23950290679932,14.236703944742114
91.24250674247742,14.229130826956062
91.24550032615662,14.221430367631292
91.2485020160675,14.213485731904772
91.25149846076965,14.205230734163045
91.25449633598328,14.196641766157994
91.25649547576904,14.187758278338213
91.26049661636353,14.178630275344295
91.26249551773071,14.169326380464664
91.26520156860352,14.159902324097096
91.26919269561768,14.150379712417937
91.27119493484497,14.140786087157698
91.27519297599792,14.13115258485074
91.27718806266785,14.121524797469027
91.2801947593689,14.111928538063951
91.2841944694519,14.102385259672362
91.28719973564148,14.092950449692765
91.28919720649719,14.08372805544652
91.29319477081299,14.0748136798898
91.29619407653809,14.066278679016754
91.29919362068176,14.058065263117403
91.30319571495056,14.050163050084345
91.30719447135925,14.04246183167637
91.31019496917725,14.034887444385527
91.31419324874878,14.027402702723288
91.31819367408752,14.019878752449156
91.32119488716125,14.012340222017713
91.32319402694702,14.004778051739589
91.32619333267212,13.997129744356522
91.32919454574585,13.989423251026219
91.33319401741028,13.98165958445322
91.33619523048401,13.973768414893454
91.34019494056702,13.96578172820867
91.34320425987244,13.95768305936068
91.34720039367676,13.949583319076275
91.35020351409912,13.94150210035782
91.35320138931274,13.933552964247587
91.35720419883728,13.925737403458333
91.36020088195801,13.918028394898133
91.3632869720459,13.910474189182299
91.36620163917542,13.90304111635878
91.36819958686829,13.895647110987984
91.37020182609558,13.888287123471518
91.37220120429993,13.881124135131188
91.37427878379822,13.874132345753821
91.37820148468018,13.867279132026251
91.38020253181458,13.860584661344497
91.3832015991211,13.853963841366888
91.38526034355164,13.84752248197016
91.38720035552979,13.841312052628927
91.38919878005981,13.835398102919134
91.39119935035706,13.829799796070251
91.39319610595703,13.824629149368688
91.39419507980347,13.81981938291755
91.39619660377502,13.8154809569438
91.3992805480957,13.811557991869407
91.40120267868042,13.808025127836974
91.40320038795471,13.804851474396068
91.4052791595459,13.802012742349723
91.40719771385193,13.799322265370957
91.41019940376282,13.796677410535748
91.41320300102234,13.794050452835103
91.41519951820374,13.79140523185063
91.41720199584961,13.788718902735678
91.41919946670532,13.785980931080049
91.42128896713257,13.78313544292235
91.4242012500763,13.780196255784222
91.4261999130249,13.777132068246056
91.42835927009583,13.773858564296537
91.4313416481018,13.770375108793193
91.43319988250732,13.766658398237558
91.43522429466248,13.762649220635913
91.43719792366028,13.758408244459613
91.4392077922821,13.75390105653006
91.44126892089844,13.749126216349037
91.44319486618042,13.744110746864727
91.44519519805908,13.738882861307244
91.44663071632385,13.733453425582
91.44865345954895,13.727885918661135
91.45064759254456,13.722226075235717
91.45182466506958,13.716617859601575
96.86826753616333,13.710918410298547
96.87019729614258,13.705224681659985
96.87336611747742,13.699504227862741
96.87636113166809,13.693874761763832
96.87936663627625,13.688321240527388
96.88176679611206,13.682921596898726
96.88378763198853,13.677653190015699
96.88679051399231,13.672486434332926
96.89085841178894,13.667391042728962
96.8917875289917,13.662338932646549
96.89479207992554,13.657433756211422
96.8967854976654,13.652713436102635
96.89878535270691,13.648267613204602
96.9020357131958,13.644187407475926
96.90304970741272,13.640332706681047
96.90505504608154,13.636870422579092
96.90646409988403,13.633686684510032
96.90948963165283,13.630774817938093
96.9114933013916,13.628113270972605
96.91351509094238,13.625680301185497
96.91587114334106,13.623452366351126
96.91891837120056,13.621362804279693
96.91987800598145,13.619445796161026
96.92236804962158,13.617688348919103
96.9243848323822,13.616077339956789
96.92638492584229,13.614584542804925
96.92839002609253,13.61308052009605
96.93093037605286,13.611556044370051
96.93240118026733,13.609911552765992
96.9343991279602,13.60808379671359
96.9364025592804,13.606013434549318
96.93839883804321,13.603676325325335
96.93947100639343,13.601067898441746
96.94140195846558,13.598104419886754
96.9434003829956,13.594825104605958
96.94547080993652,13.591201655761791
96.94739890098572,13.587243486118057
96.94947052001953,13.583010937015217
96.95140266418457,13.578434745248574
96.95448613166809,13.573645926100891
96.95539808273315,13.568567288400546
96.95739936828613,13.563330719956486
96.9583957195282,13.557879735425926
96.96039772033691,13.552258111464683
96.96139574050903,13.546523503946911
96.96377277374268,13.540649749281744
96.96504855155945,13.534658979094592
96.96706414222717,13.528533573768584
96.96905899047852,13.522311793012104
96.97107315063477,13.516070390995967
96.97218728065491,13.509848194236895
96.97461342811584,13.503727165641253
96.97660994529724,13.497818396430493
96.97760963439941,13.492166402680484
96.97961354255676,13.486796833096198
96.98161053657532,13.48168167749041
96.98260855674744,13.4767696039698
96.98561477661133,13.471986857684373
96.98660802841187,13.467258561928425
96.98861050605774,13.462556364114416
96.99061322212219,13.45781970576542
96.99260997772217,13.453028211977594
96.99361228942871,13.4481772768121
96.99561095237732,13.443292428568952
96.9976098537445,13.43838145711424
96.99861121177673,13.433490313589589
97.00060701370239,13.428684451959661
97.00261187553406,13.423962947340984
97.00360894203186,13.419362783814595
97.00560903549194,13.414833240437831
97.00761103630066,13.410277155933004
97.00860643386841,13.405591970996584
97.01061081886292,13.400712390358867
97.01261115074158,13.395615932929829
97.01360774040222,13.390320256914643
97.01561450958252,13.38483697583784
97.01660442352295,13.379197117536943
97.01860690116882,13.373449446501427
97.01960921287537,13.367635420099232
97.02160835266113,13.36179294339059
97.02360773086548,13.355931641597605
97.0256040096283,13.350043372386526
97.02660894393921,13.344090940905776
97.02860903739929,13.338011103849992
97.02961015701294,13.331754351700573
97.03161668777466,13.325287535439083
97.03360652923584,13.31860630967568
97.03474736213684,13.311728304446039
97.03675961494446,13.30463104038564
97.03876161575317,13.297296199245844
97.04076409339905,13.289659345794059
97.04276132583618,13.281666803260139
97.04376220703125,13.273287231492132
97.04576659202576,13.264484598025705
97.04675841331482,13.255256464012277
97.04924869537354,13.245607568071826
97.05124926567078,13.23559512186739
97.05225133895874,13.225199529240678
102.57023286819458,13.21443101381089
102.57223153114319,13.203244166711873
102.57429456710815,13.191752887452775
102.5762288570404,13.179964100201651
102.57924151420593,13.167981704156878
102.58130884170532,13.155931092703398
102.58622646331787,13.143874115005856
102.58765745162964,13.131891875878734
102.58992648124695,13.119982460142328
102.5929205417633,13.108157089050488
102.59492421150208,13.096313971841626
102.5979254245758,13.084380931176534
102.59892416000366,13.072282848050442
102.59992170333862,13.060003410700082
102.6009271144867,13.04756219796232
102.60293745994568,13.034962838274826
102.60492610931396,13.022228407761068
102.60693311691284,13.009307843521237
102.60892176628113,12.996318929470586
102.60992932319641,12.983181951908561
102.61187076568604,12.9699385423455
102.61379480361938,12.956481377111444
102.61579847335815,12.94273745467716
102.61780095100403,12.92865775567314
102.61986684799194,12.914132592136527
102.62180089950562,12.899157319521922
102.6237952709198,12.88296686421145
102.62479543685913,12.865653743654088
102.62678956985474,12.848079494878323
102.6288640499115,12.83012111189777
102.62979531288147,12.811945292962143
102.63279366493225,12.793491017463182
102.63479781150818,12.774834815293103
102.6368761062622,12.75601306547984
102.63879632949829,12.737144656822794
102.63979458808899,12.718296338043517
102.64231991767883,12.69938522688663
102.64433789253235,12.680622896094786
102.64633798599243,12.661962532453753
102.6483359336853,12.643533413857922
102.65037989616394,12.625332559247004
102.65291094779968,12.607422183203752
102.65493106842041,12.589898947175529
102.65693521499634,12.572672818073672
102.6582465171814,12.555716182387476
102.66024684906006,12.539007164478997
102.66124606132507,12.522551973368378
102.66324353218079,12.506277504514824
102.66424918174744,12.490153137132957
102.6662483215332,12.47415108969703
102.66825556755066,12.458265570231443
102.6702446937561,12.442462905426849
102.67233681678772,12.426744040491256
102.67324662208557,12.411110120733841
102.6752462387085,12.395520172307092
102.67724347114563,12.379967266812827
102.6783185005188,12.364425350802875
102.68024730682373,12.348867125204729
102.68232345581055,12.333294991600063
102.68524169921875,12.317715644336495
102.68624997138977,12.302120128081334
102.68824410438538,12.286470412437424
102.69024729728699,12.27073773324863
102.693594455719,12.254945640844536
102.69468474388123,12.23918972680344
102.69660973548889,12.22358600368191
102.69866633415222,12.208220708920118
102.69966411590576,12.193172289677142
102.70161128044128,12.178493325880481
102.70265293121338,12.164177892786848
102.70485258102417,12.15017911345027
102.70624041557312,12.136499689831984
102.7073380947113,12.123160853988923
102.7095696926117,12.11020657088981
102.71059060096741,12.097662639517381
102.71258997917175,12.085533641823144
102.71459603309631,12.073833089522218
102.71705985069275,12.062566966897114
102.7191002368927,12.051738935195287
102.72017765045166,12.04136574735316
102.72108221054077,12.031443052110454
102.72308325767517,12.021951423122484
102.72519731521606,12.01283554875589
102.72714734077454,12.004049293112162
102.72908115386963,11.995537094129705
102.73108458518982,11.987278241382704
102.7331006526947,11.979266247738597
102.7351725101471,11.971518905975998
102.73715257644653,11.9640217390848
102.73907971382141,11.956762717011904
102.74114322662354,11.949746811023074
102.74308323860168,11.94297657800608
102.74408102035522,11.936480118301068
102.7460868358612,11.930208671955398
102.7480833530426,11.924162152371578
102.75008368492126,11.918330504875664
102.75315642356873,11.912635699454922
102.7560806274414,11.907027084728036
108.27257561683655,11.901429339403432
108.27556419372559,11.89584735590054
108.27757167816162,11.890246556654459
108.28056406974792,11.884650183555504
108.28356719017029,11.879022711344508
108.28556895256042,11.873392502969926
108.2875657081604,11.867731046120314
108.28956699371338,11.861999675351077
108.2915678024292,11.8562486591713
108.29384446144104,11.85052330687628
108.29585862159729,11.844894933235302
108.29785394668579,11.83936049584674
108.29998016357422,11.833984025151468
108.3020498752594,11.828828926911207
108.30572080612183,11.823906880198628
108.30766224861145,11.819313285818373
108.30965757369995,11.815038448722575
108.31165552139282,11.811133423484765
108.31395840644836,11.807595225759687
108.3158860206604,11.804433765649552
108.31788396835327,11.801542090893948
108.31988549232483,11.798953470743484
108.32188177108765,11.796720048743985
108.32288670539856,11.794797549320014
108.32629942893982,11.793240306747416
108.32730150222778,11.792026759299215
108.32930064201355,11.791216255990552
108.33130073547363,11.790763760506682
108.3332998752594,11.790690414571472
108.33429956436157,11.790991634757823
108.33729815483093,11.79166712957968
108.33833384513855,11.79276706577326
108.3403730392456,11.794223467540682
108.34337496757507,11.796027165018593
108.34537100791931,11.798081971984521
108.34737658500671,11.800380652171235
108.3483715057373,11.802885455551792
108.35037064552307,11.805660357510158
108.35244822502136,11.808682990340158
108.35449814796448,11.81185280733255
108.35597348213196,11.815205807732752
108.35805559158325,11.81870588647934
108.3599910736084,11.82233619595265
108.36099290847778,11.826018508355869
108.36344408988953,11.829708865694656
108.36532211303711,11.833444247961173
108.36732602119446,11.837307771037331
108.36839652061462,11.84120714059503
108.37038898468018,11.845107663559638
108.37132477760315,11.848966824251868
108.37338423728943,11.852846949805503
108.37563943862915,11.856734163140516
108.37663245201111,11.860653134062725
108.37756204605103,11.864606791452399
108.37994194030762,11.868585132798014
108.3814651966095,11.87260326664393
108.38286709785461,11.876787483523756
108.39217686653137,11.881095218346525
108.39617419242859,11.885517612050622
108.4002730846405,11.889958415221
108.40323162078857,11.894419246215545
108.40617370605469,11.898853822084014
108.409250497818,11.903257754500775
108.41117763519287,11.907664709157757
108.41517782211304,11.912080940277608
108.41724944114685,11.916570543568549
108.41917872428894,11.921281588442447
108.4221761226654,11.926174753137575
108.42617678642273,11.931288128248664
108.43017315864563,11.936688728605645
108.43317437171936,11.942324955049607
108.43617367744446,11.948256056174566
108.43817234039307,11.95440166270255
108.44117593765259,11.960701572645158
108.44427394866943,11.967183699476719
108.44725036621094,11.973757377165214
108.4502477645874,11.980484955341721
108.4522488117218,11.987303836864141
108.45417809486389,11.994313878209397
108.45724940299988,12.001545380077902
108.46124911308289,12.008910298253188
108.4631781578064,12.016513250252071
108.46517205238342,12.024337577089929
108.46718049049377,12.032338017363147
108.47028255462646,12.040513587269372
108.47318172454834,12.048860440639752
108.47619533538818,12.057374297703415
108.47919154167175,12.06598097992574
108.48321318626404,12.074722704231606
108.48517441749573,12.08351190825027
108.48725390434265,12.09228469183721
108.48917388916016,12.101035356484088
108.49117279052734,12.109717649437174
108.49317264556885,12.118295410340256
108.49720644950867,12.126718839875318
108.50018215179443,12.135020803240057
108.50219559669495,12.14319720523359
108.50623059272766,12.151202494863577
113.95739960670471,12.159138852162057
113.95992660522461,12.166996122429206
113.96185898780823,12.17489262369192
113.96565437316895,12.182845149268124
113.96967005729675,12.190826451114761
113.97267198562622,12.198798834498339
113.97667407989502,12.20675943902795
113.97967767715454,12.214711621368341
113.98268151283264,12.22270947154051
113.98667502403259,12.230770335453903
113.99102926254272,12.238886973470153
113.99402785301208,12.247074010456789
113.99695587158203,12.255341370160805
113.99993681907654,12.263696602243213
114.00194239616394,12.272176816017229
114.00493741035461,12.280806978703442
114.00711631774902,12.289578850426862
114.01019597053528,12.298521547879675
114.01311993598938,12.307623611152732
114.0151207447052,12.316935247584565
114.01712083816528,12.326461724422602
114.01913070678711,12.336200786466687
114.02112007141113,12.34615697493994
114.02319312095642,12.356336848353811
114.02582740783691,12.366722824502542
114.02887225151062,12.377310758047882
114.0298867225647,12.388173250696408
114.03188681602478,12.399314307066177
114.03388833999634,12.410715771232457
114.03588509559631,12.42235407698575
114.0378885269165,12.434203196989705
114.03990960121155,12.446210967403873
114.04234194755554,12.458320660783617
114.0443365573883,12.470473010903907
114.04534363746643,12.482608285317978
114.04741549491882,12.494658286347994
114.04934501647949,12.506550497899104
114.0513482093811,12.518234864758927
114.05378890037537,12.52968407402168
114.05480432510376,12.54088509144442
114.05680918693542,12.5517839973352
114.05880999565125,12.562329735585646
114.06080555915833,12.572450419238846
114.06280994415283,12.58205698509055
114.06488871574402,12.591065676679783
114.06680512428284,12.59942879909716
114.06880927085876,12.607113397589282
114.07130575180054,12.614124418342264
114.07232427597046,12.620556402147542
114.0749740600586,12.626469645292985
114.0759916305542,12.631920235362422
114.07817888259888,12.636930298772166
114.08795881271362,12.641487803460569
114.09296345710754,12.64557709871085
114.0959587097168,12.649224459942939
114.09896087646484,12.652506184404203
114.1029622554779,12.655519349651588
114.10596060752869,12.658258013754406
114.10996055603027,12.660684292787685
114.11295962333679,12.662729368888412
114.11596274375916,12.664280721748455
114.11896705627441,12.665233844100907
114.12196898460388,12.66569289370127
114.12595582008362,12.665709052857807
114.12895631790161,12.665349966038312
114.1309564113617,12.6647244096066
114.13295865058899,12.663907004661716
114.13695955276489,12.663022144381113
114.13895463943481,12.662214419081314
114.14295792579651,12.661589011571527
114.14595985412598,12.661138023516438
114.14795708656311,12.660750328199338
114.1499559879303,12.660369994441893
114.15211319923401,12.65994883782156
114.15511059761047,12.65943922576154
114.15711069107056,12.65882842862729
114.1581118106842,12.658155922186573
114.16219687461853,12.657479295157291
114.16311359405518,12.656916060130813
114.16718769073486,12.656489515899427
114.17017817497253,12.656200148541588
114.17110872268677,12.656071709192373
114.1731870174408,12.656124762471551
114.17519903182983,12.656205832954049
114.17711114883423,12.656269445640264
114.18018817901611,12.656178570136584
114.18311309814453,12.655881824946443
114.18610978126526,12.655318822460643
114.18810534477234,12.654589519564814
114.19110584259033,12.653773141629252
114.19311213493347,12.65289792925606
114.19610548019409,12.65203393087856
114.197829246521,12.651206723479898
114.202627658844,12.650421486602063
114.2050461769104,12.64963790675932
114.20867776870728,12.648804048147714
114.21167755126953,12.647810762875832
114.21467638015747,12.646569529291616
119.66328072547913,12.64499526679951
119.66528129577637,12.643010184191475
119.66843247413635,12.640553056578788
119.67143535614014,12.63766743547767
119.67543721199036,12.634360371750388
119.6784336566925,12.63068357547158
119.68054819107056,12.626721222436897
119.68456721305847,12.622543445996492
119.68656301498413,12.618247052522783
119.68887233734131,12.613834195326943
119.69790983200073,12.609340239818122
119.70024156570435,12.604742883649319
119.70479536056519,12.600040364958785
119.70779728889465,12.595177302682268
119.7107937335968,12.590184778950334
119.7137885093689,12.584980444142495
119.71578884124756,12.579548189078677
119.71879434585571,12.573961288317705
119.72279405593872,12.568217944660441
119.72680640220642,12.56239015106288
119.72886657714844,12.556542197916025
119.73056650161743,12.550750280059722
119.73380613327026,12.545056402491127
119.73719477653503,12.53949493996525
119.74195742607117,12.534071774181172
119.74587297439575,12.52879983530111
119.74994397163391,12.52370114854932
119.75394821166992,12.51880048697217
119.75687718391418,12.514105465157014
119.76093459129333,12.509614915822034
119.76287460327148,12.505313941242528
119.76587224006653,12.501171255052677
119.76995706558228,12.497180564630286
119.77296733856201,12.493333040200701
119.77687525749207,12.489614250000406
119.78087568283081,12.485990135517321
119.78487062454224,12.482405369883088
119.78886890411377,12.478789738026014
119.79287362098694,12.475080353507812
119.79586911201477,12.471230148176376
119.79887318611145,12.467220822379975
119.8018741607666,12.463062052252123
119.80687260627747,12.458771459989046
119.8098680973053,12.454381017141023
119.81236600875854,12.449925020045606
119.81647682189941,12.445444691951037
119.81849360466003,12.440967085151211
119.82149744033813,12.4365256061447
119.82398748397827,12.432134758298075
119.82701516151428,12.427787124136083
119.8301522731781,12.423462343213822
119.83253312110901,12.419144324795234
119.83452844619751,12.41484202416023
119.83771562576294,12.410572706917709
119.83972978591919,12.406372391457523
119.84272861480713,12.4022980924125
119.84372854232788,12.39840955365866
119.84800839424133,12.394769658345757
119.85097742080688,12.391435290360263
119.85544300079346,12.38845070030855
119.85741996765137,12.385846659804209
119.85941314697266,12.383634873934927
119.86141276359558,12.381796700126577
119.86345911026001,12.380263984218121
119.86751341819763,12.37894304954957
119.87042212486267,12.377724314753744
119.87242555618286,12.376515728482119
119.87442278862,12.375265938401744
119.87650752067566,12.373957221777102
119.87841510772705,12.372585189693973
119.87994003295898,12.371145083279968
119.8829402923584,12.369646635531751
119.88494610786438,12.368114704151708
119.88694310188293,12.366601222202934
119.88993883132935,12.365158401591152
119.89294266700745,12.363833161398556
119.89494848251343,12.362644377527642
119.89702248573303,12.36157695608033
119.89844083786011,12.360580345207392
119.90046119689941,12.359584615353414
119.90251874923706,12.358545522648578
119.90469741821289,12.35746906853264
119.90669059753418,12.3564172543834
119.90868806838989,12.355474937546282
119.91068887710571,12.354747215720437
119.911696434021,12.354336652896226
119.91368794441223,12.354333912070492
119.91568732261658,12.354804070614502
119.91677856445312,12.355796371914757
119.91969108581543,12.357337675158101
119.92169523239136,12.359429680526622
119.92369723320007,12.362037432659292
119.92569208145142,12.365109658676568
119.92768836021423,12.36858159391865
119.92977380752563,12.372408982719852
119.93178009986877,12.37656876021468
119.93378067016602,12.381043942601064
119.93577694892883,12.385807701277797
125.34041857719421,12.390808969568386
125.34141850471497,12.395981879015693
125.3424186706543,12.401253964738785
125.34442186355591,12.406567421659268
125.34642767906189,12.411864764902028
125.34742546081543,12.417096263116825
125.3494336605072,12.422208254885888
125.35242080688477,12.427156202282088
125.35342264175415,12.431885433199712
125.355628490448,12.436376046361836
125.35662889480591,12.440676615826273
125.35886287689209,12.444858501482546
125.36086821556091,12.449015669677072
125.36287188529968,12.453232781350422
125.36515522003174,12.457546910735239
125.36716842651367,12.461980649571148
125.36844754219055,12.466526328388627
125.37045860290527,12.471171427174385
125.37345600128174,12.475914019694898
125.37545680999756,12.480747609748073
125.37847638130188,12.485680962815929
125.3799512386322,12.490711488172911
125.38113951683044,12.495883637052367
125.38380765914917,12.501294014132078
125.3849892616272,12.507002198245534
125.38699197769165,12.513133125863837
125.38798713684082,12.519832681902482
125.39037299156189,12.527237977086775
125.39236855506897,12.535453666822976
125.39336204528809,12.544567693496521
125.39536356925964,12.554655637658081
125.39637780189514,12.56576556402244
125.39736771583557,12.577954203655363
125.40043807029724,12.591302292817163
125.4019238948822,12.605857983328287
125.40400266647339,12.621673856736562
125.40529704093933,12.638839254847356
125.40729689598083,12.657428861299898
125.40930008888245,12.677547924449524
125.41130137443542,12.699342439593343
125.41230344772339,12.722832566561966
125.41539001464844,12.747952756332236
125.41652703285217,12.774589348039806
125.4184160232544,12.802519506034294
125.42041563987732,12.831585833890887
125.42251563072205,12.861730592873949
125.42341041564941,12.892354035161357
125.42540907859802,12.916367485752597
125.4274115562439,12.939773482828683
125.42840957641602,12.962582242509162
125.43141031265259,12.98479487741376
125.43348097801208,13.006409832408549
125.43549251556396,13.027494286175049
125.43787550926208,13.04802325454309
125.4398901462555,13.068012894060034
125.44096803665161,13.087445973033201
125.44289064407349,13.1063186484253
125.44489312171936,13.124676603570133
125.44589114189148,13.142564553267011
125.44845390319824,13.160051162852005
125.45146679878235,13.177214172901415
125.45346570014954,13.19411962694589
125.45946717262268,13.210877696357525
125.46446585655212,13.227649603731296
125.46746611595154,13.244483518989995
125.47247385978699,13.261536134394325
125.47454881668091,13.27880463821739
125.4784677028656,13.296285122360064
125.48246836662292,13.314067810073759
125.48746848106384,13.332198455340626
125.48946523666382,13.350686411254987
125.49575519561768,13.369627566903102
125.49928402900696,13.389109800084386
125.50328803062439,13.409279684307299
125.50728464126587,13.430221608129482
125.51028299331665,13.451955023352044
125.51428437232971,13.474514494019422
125.51828384399414,13.497734122522399
125.52128386497498,13.52151083824266
125.52528429031372,13.545775759682197
125.52928495407104,13.570466515160751
125.53128504753113,13.595408409460305
125.53428626060486,13.620640264473774
125.53828430175781,13.646069868818229
125.53974533081055,13.671703165528621
125.54317331314087,13.697544438016408
125.54733467102051,13.723575253253665
125.55134987831116,13.749824083199355
125.55334854125977,13.776163064456359
125.55734825134277,13.80258480797062
125.56034636497498,13.828980136523372
125.56335258483887,13.855401539154933
125.56634664535522,13.881911946660262
125.56835222244263,13.908537626206558
125.57134866714478,13.935244090177594
125.57434940338135,13.962121815484135
125.57734823226929,13.98904853001404
125.57935118675232,14.01608448181175
131.05123209953308,14.043283198016866
131.05415177345276,14.070659916265585
131.05622005462646,14.098064720266809
131.06015634536743,14.12551588436922
131.06215143203735,14.153001325813857
131.0641486644745,14.180436468695374
131.06621527671814,14.20780750906654
131.0681517124176,14.23516472571418
131.0711534023285,14.262458971895434
131.07415127754211,14.289806461713571
131.07615518569946,14.317259397982232
131.07965469360352,14.344837206604355
131.08165097236633,14.372590539189407
131.08393573760986,14.400605782892187
131.08501267433167,14.428895948418855
131.08803176879883,14.457402594985153
131.09010362625122,14.48612088119916
131.09203028678894,14.514802007712623
131.09402537345886,14.543423438144803
131.09703063964844,14.57182597105092
131.0981011390686,14.59992014110649
131.10102438926697,14.627579958707129
131.1030330657959,14.654750011513391
131.1043839454651,14.68133271477022
131.1063814163208,14.707243184266195
131.1083812713623,14.732460971830982
131.11037850379944,14.756922146657994
131.11237716674805,14.780617277620584
131.11438083648682,14.803539828077911
131.11538290977478,14.82574274530723
131.11844205856323,14.847215839630753
131.12068152427673,14.868028138047151
131.12261867523193,14.888208490338522
131.12374901771545,14.9078464282301
131.125807762146,14.92704133578423
131.12711119651794,14.945874423172834
131.12912964820862,14.96441678263253
131.13018155097961,14.982718101856985
131.13212704658508,15.00083620704572
131.13384628295898,15.018816585230649
131.13584804534912,15.036685817328983
131.13836026191711,15.054462221279959
131.1393756866455,15.072129544212379
131.1413779258728,15.089680808255618
131.1423761844635,15.107117287808048
131.14343738555908,15.124464459840597
131.14543986320496,15.141769524867696
131.14738416671753,15.159072675679084
131.14937782287598,15.17636902661975
131.15145564079285,15.193673975546448
131.15337252616882,15.21095436236298
131.15537929534912,15.228157504998356
131.15746998786926,15.248695722999873
131.15938258171082,15.270541436007829
131.16037583351135,15.291549793435589
131.16270518302917,15.31162233625176
131.1646978855133,15.330863979186773
131.16669988632202,15.34923877848499
131.16779494285583,15.366824092068459
131.1701419353485,15.383685462441086
131.1723554134369,15.39975074127653
131.17335534095764,15.414951650998288
131.17535543441772,15.429268506086201
131.17735648155212,15.442716014946749
131.17931509017944,15.455415155133018
131.18123722076416,15.467314374424781
131.1833119392395,15.47855819757937
131.18531012535095,15.489022510393898
131.18624091148376,15.498571168614976
131.18823909759521,15.50723707974404
131.19031882286072,15.514962254589745
131.1932361125946,15.521900661573085
131.19429683685303,15.528031977085408
131.19624400138855,15.53332050265018
131.19830632209778,15.537758123884135
131.20030570030212,15.541424860390746
131.20223879814148,15.544311614498556
131.205251455307,15.546594259189597
131.20629787445068,15.548362049339232
131.2084379196167,15.54960234868134
131.21076679229736,15.55059102072499
131.21276569366455,15.55132962532651
131.21376085281372,15.551863723989733
131.21697425842285,15.55245902958768
131.21897625923157,15.552971346034356
131.22139406204224,15.553537038091036
131.2224099636078,15.554515223484724
131.2244110107422,15.55611521170919
131.22640895843506,15.558232663087905
131.22840785980225,15.56070227346025
131.23048305511475,15.563376309522887
131.23292779922485,15.565999555316823
131.23426938056946,15.568455392767657
131.23559737205505,15.57057935770256
131.23761129379272,15.572202870664258
131.23898148536682,15.573413317242329
131.24108004570007,15.57427506732666
131.24199748039246,15.574748962742069
136.75034284591675,15.574808621807906
136.75189065933228,15.574148253060425
136.75488185882568,15.572732872064831
136.75588965415955,15.570773665116391
136.75789403915405,15.568404451389197
136.75994896888733,15.56550591452434
136.76288509368896,15.562156011925246
136.76489281654358,15.558160470547655
136.76788806915283,15.553544266358461
136.7708854675293,15.54834529195643
136.77289271354675,15.542654654577614
136.77620601654053,15.536441832769778
136.7791976928711,15.529788477924214
136.7812008857727,15.522804866371228
136.78221678733826,15.515454903193817
136.78420567512512,15.507762620475123
136.78827619552612,15.499689204333668
136.7902021408081,15.491225312659
136.79320406913757,15.482230094141077
136.7952013015747,15.472653751080552
136.79737758636475,15.462566080406623
136.79938054084778,15.451984752558664
136.80062890052795,15.440843734919879
136.80271792411804,15.429356271012894
136.80464935302734,15.41762319213449
136.806649684906,15.405807366008997
136.80812215805054,15.394041331578839
136.81012272834778,15.38239096836705
136.81211972236633,15.370901704578474
136.81314086914062,15.359454684316335
136.81511878967285,15.34799281904521
136.81711649894714,15.336483857674377
136.8191146850586,15.325029032904965
136.82111978530884,15.313606698999608
136.82241797447205,15.302273280484645
136.82343173027039,15.291074579063089
136.8258559703827,15.280068848812297
136.82793164253235,15.269423404695498
136.8298511505127,15.259118610836987
136.83192467689514,15.249121291714868
136.83332586288452,15.2392704156941
136.83534359931946,15.228367797115592
136.83634114265442,15.216003632433807
136.83834147453308,15.202781491199218
136.8403959274292,15.188531233139656
136.84134030342102,15.17316963766104
136.84333992004395,15.15669701026728
136.84488916397095,15.139042046845294
136.84689092636108,15.120245686097466
136.84793257713318,15.10035123641657
136.85009455680847,15.079359755949401
136.8520963191986,15.057327455064534
136.85411763191223,15.03433336347308
136.85611486434937,15.01042363067673
136.85711789131165,14.985731146401607
136.85910892486572,14.960432361132694
136.8611159324646,14.934884492061848
136.8631134033203,14.909425373637303
136.86411571502686,14.884410329778893
136.8661653995514,14.860018333551382
136.8670790195465,14.836297442512507
136.86907744407654,14.813171127794856
136.87007761001587,14.790520298633545
136.87214517593384,14.768195294468235
136.87407994270325,14.746128933344723
136.87507700920105,14.724308681281784
136.87807965278625,14.702541474825631
136.88007616996765,14.68068182587492
136.88108229637146,14.658643053848435
136.88307666778564,14.6363155004798
136.88513469696045,14.613664224010993
136.8870813846588,14.590626512053081
136.8891520500183,14.567235289531054
136.89108061790466,14.543643381154116
136.89255690574646,14.520097037088032
136.89465403556824,14.49682502552716
136.89657592773438,14.474044620955993
136.89864492416382,14.451964974797356
136.90064454078674,14.43063504029924
136.90265822410583,14.410048655644571
136.9045786857605,14.390110943088958
136.90657448768616,14.370624198092374
136.90857315063477,14.351372125264302
136.90991497039795,14.332222651511803
136.9119417667389,14.313040752094167
136.91335463523865,14.293656989317242
136.91537833213806,14.274029383645747
136.91737747192383,14.254083960290496
136.9193742275238,14.233793586369167
136.9203758239746,14.213171980512397
136.92242002487183,14.192192890880124
136.9246985912323,14.170910216202753
136.92621493339539,14.149372016499965
136.92773604393005,14.127635539337671
136.92976665496826,14.105843785666558
136.93083000183105,14.0842456361178
136.93276143074036,14.063099737932745
136.93490743637085,14.042643882909102
142.43906497955322,14.022954355857271
142.44106650352478,14.00407535625908
142.44405388832092,13.985991283095354
142.44670295715332,13.968522926683413
142.4487030506134,13.951524779767261
142.45070576667786,13.934906803790149
142.45371222496033,13.918418407707476
142.45670413970947,13.90197070462487
142.45870304107666,13.885510992497071
142.4607012271881,13.868991939553293
142.4637622833252,13.852404371600572
142.46602272987366,13.835731506614431
142.468035697937,13.818911392946417
142.47003602981567,13.801883953835954
142.47215008735657,13.784665558945516
142.47416996955872,13.767287559130812
142.47617101669312,13.749660985890312
142.47816491127014,13.73177608146419
142.47916531562805,13.713436285479546
142.48136949539185,13.694543668000856
142.48335218429565,13.675160683524195
142.48435044288635,13.655390071136397
142.48634886741638,13.635213690164223
142.48935079574585,13.614437789244207
142.49135375022888,13.59297007169326
142.4933524131775,13.57091483457881
142.49534821510315,13.548124366490361
142.49653315544128,13.524505210758159
142.4985430240631,13.49986267153036
142.50054740905762,13.474059397437495
142.5025463104248,13.446880530348691
142.50354886054993,13.418144317705108
142.5058295726776,13.387845817729414
142.50783729553223,13.356130628046678
142.509840965271,13.323030465090845
142.5122549533844,13.288501136072444
142.51327395439148,13.252415217141385
142.51650953292847,13.214677307247834
142.51856470108032,13.175097879704289
142.5195291042328,13.133602176247772
142.52153086662292,13.090038333146074
142.52252984046936,13.04419148335003
142.52452945709229,12.996003835975
142.52652382850647,12.945165413084144
142.5285348892212,12.89143278130933
142.52952814102173,12.852222815508927
142.53252792358398,12.81512667414258
142.53353238105774,12.779939516471492
142.5355293750763,12.746633494072142
142.5375280380249,12.71504968918401
142.5395336151123,12.685075485397595
142.54052734375,12.656466414512057
142.5427873134613,12.629035098656738
142.54514527320862,12.60273580001947
142.54613947868347,12.577432082369112
142.54814863204956,12.55294886029665
142.54914474487305,12.529104501871537
142.55118370056152,12.505804270838128
142.55326056480408,12.482961933727957
142.55514550209045,12.460589505724368
142.55719447135925,12.438768945128341
142.55914449691772,12.417407099411637
142.56014442443848,12.39650311274064
142.56214451789856,12.375930532432282
142.5641429424286,12.355591452281235
142.56614589691162,12.335337493017125
142.56714248657227,12.315113975393427
142.56914281845093,12.294859742822691
142.57113981246948,12.27448271316264
142.5721399784088,12.25400350482871
142.5741410255432,12.23347792722572
142.57614183425903,12.212927411167605
142.57714104652405,12.192514499590823
142.58014154434204,12.172287418681659
142.58214211463928,12.152286793141295
142.58314418792725,12.132599807027901
142.58514165878296,12.113172858305392
142.58713626861572,12.093967079803686
142.58914184570312,12.074978284134602
142.59013962745667,12.056197825828702
142.592524766922,12.037626876841314
142.5935275554657,12.019104585109732
142.595520734787,12.00066144298979
142.59752798080444,11.982228347353542
142.59901070594788,11.96381349882702
142.60101795196533,11.9454422635548
142.60302352905273,11.927031481144164
142.60501837730408,11.908526292439262
142.606018781662,11.88988669209047
142.6086184978485,11.871081316807993
142.61063766479492,11.852113877532405
142.61162686347961,11.832968217233013
142.61362957954407,11.813632481768249
142.61563324928284,11.794149620661454
142.61698627471924,11.774548664056516
142.61900401115417,11.754813945554787
142.62037873268127,11.734955901621152
142.62139248847961,11.714984716947026
148.13910961151123,11.694911369182059
148.14210510253906,11.674744318830342
148.14310812950134,11.654517834205462
148.14649844169617,11.63421816698744
148.14949417114258,11.613856319499849
148.1514961719513,11.593378978708234
148.15456795692444,11.572777453273325
148.1584906578064,11.552059350319368
148.16149282455444,11.531281159125996
148.16349244117737,11.510481802762898
148.1664900779724,11.489722196609474
148.16994667053223,11.469006627810774
148.17213535308838,11.448365936362283
148.17414736747742,11.42777921140528
148.1771457195282,11.407251605275206
148.17815256118774,11.386757968722371
148.18015336990356,11.366285002115795
148.18315315246582,11.34577196772852
148.18514728546143,11.325199199095866
148.1861503124237,3.860244725774146
148.188152551651,3.8744247912974297
148.1901445388794,3.8886410107390144
148.19214487075806,3.9029676433001077
148.19415283203125,3.9173836507573894
148.19657373428345,3.9319044290074237
148.19758987426758,3.946594218028832
148.19957280158997,3.9616221245201
148.20185589790344,3.9769445990521164
148.20285606384277,3.9926542946647774
148.2048556804657,4.008744750044882
148.2068612575531,4.025226361162663
148.20904898643494,4.042045805121757
148.21085906028748,4.059295269146882
148.21286153793335,4.077136215054382
148.21485948562622,4.0956593901121945
148.21686124801636,4.114815879246924
148.21885871887207,4.134613423867104
148.21885871887207,4.154817602012919
148.22134685516357,4.175425227981722
148.22278261184692,4.1964022794428635
148.22577214241028,4.217677089500499
148.22777605056763,4.239187949407741
148.22877597808838,4.260965279690724
148.23077511787415,4.28296383575933
148.23177433013916,4.305023819090739
148.23487544059753,4.327111329810707
148.23577213287354,4.349131082000169
148.23677277565002,4.370982523600417
148.2388470172882,4.392592602619575
148.23977732658386,4.414024035523053
148.24177241325378,4.435235759975513
148.2437732219696,4.456176535774743
148.24477243423462,4.477002312091084
148.24677538871765,4.497753658029933
148.24899864196777,4.518448635306927
148.25001430511475,4.539183716318449
148.25201034545898,4.559943140250419
148.25411677360535,4.580591592056249
148.2551145553589,4.600930887633064
148.262540102005,4.620777654211104
148.26653933525085,4.640002990805409
148.27053713798523,4.658560926726756
148.27354669570923,4.676448851437404
148.27753925323486,4.693736943294942
148.28054022789001,4.710491463451361
148.28354144096375,4.726792959442168
148.28753924369812,4.742741823327277
148.29053783416748,4.758401962539016
148.29353642463684,4.773835342975592
148.29589200019836,4.789059223160015
148.29889607429504,4.804078985280623
148.30289387702942,4.8188838765710065
148.3068974018097,4.833475125922181
148.30988931655884,4.847885069820125
148.31288838386536,4.862091111448135
148.31689023971558,4.876155200123341
148.31989312171936,4.890181281974518
148.32289338111877,4.904245485181973
148.32689142227173,4.91857506398014
148.33090019226074,4.9334547932022055
148.33389329910278,4.949036202242832
148.337890625,4.9655894243334
148.34189677238464,9.031511359541547
148.34532356262207,9.020785590569346
148.34895992279053,9.009853964670619
148.35304045677185,8.999064280572139
148.3565649986267,8.988822304309796
148.36057353019714,8.978741850986589
148.36356616020203,8.96903403075254
148.36756253242493,8.95941523388941
148.37056946754456,8.950106913221987
148.37456393241882,8.941003294501805
148.37856316566467,8.931896054948169
148.38156414031982,8.923509682842546
148.38556432724,8.915428324394455
148.38856434822083,8.907619617470901
148.39157962799072,8.900411223162134
148.39556431770325,8.894128982884773
153.84396934509277,8.88905269657052
153.84670972824097,8.885194406583272
153.84942436218262,8.882111502158534
153.8529496192932,8.879612728959394
153.85594725608826,8.877314236393294
153.85994935035706,8.87522808735326
153.86394500732422,8.87382731756757
153.8680818080902,8.8729153584843
153.8720998764038,8.872854214826875
153.87460255622864,8.87371791592973
153.87859892845154,8.875640365206051
153.88060402870178,8.878839886906666
153.88260507583618,8.882759355233818
153.8846035003662,8.887709504686242
153.8866012096405,8.893564870436
153.888601064682,8.900076541460553
153.89094257354736,8.907207515333926
153.8919656276703,8.915028771875013
153.8939597606659,8.923647399120348
153.89596009254456,8.932795963769635
153.89815878868103,8.942393080099594
153.90017819404602,8.952451804028097
153.9031765460968,8.962699122731797
153.90517330169678,8.972784106528307
153.90723276138306,8.982893348873052
153.90924787521362,8.992975256814434
153.91119122505188,9.002948529618703
153.91317582130432,9.013357650471134
153.91518259048462,9.02394769186689
153.91817378997803,9.034890865646055
153.92017769813538,9.046221612553921
153.92305755615234,9.057876125148741
153.92408227920532,9.06986709725825
153.92607069015503,9.082007361035634
153.92807722091675,9.094329572998149
153.93007731437683,9.106856847996028
153.93207335472107,9.119533295696394
153.93407487869263,9.132319114570397
153.937073469162,9.145306692208315
153.93907117843628,9.158348419828782
153.94136881828308,9.171464333366927
153.9433901309967,9.184647178178803
153.9453845024109,9.198231094903804
153.94737887382507,9.212148243914719
153.9493806362152,9.226225174536482
153.95137882232666,9.240142360870085
153.95338201522827,9.254012189972725
153.95538234710693,9.267974020089577
153.95738315582275,9.281982230735068
153.95937991142273,9.296226641021537
153.96137976646423,9.310621748051902
153.9633812904358,9.324936768149668
153.9653823375702,9.339330005447405
153.96738076210022,9.353796846534935
153.9696228504181,9.368466968023471
153.9716227054596,9.383278984050566
153.97361826896667,9.398266254149284
153.97661781311035,9.413749253066294
153.97863292694092,9.4296776185168
153.98062133789062,9.446205823398756
153.9816198348999,9.463216236963305
153.98362493515015,9.480602382500448
153.9860966205597,9.498170535683057
153.98709869384766,9.516219886386688
153.98909544944763,9.534604516421485
153.99110054969788,9.553406745007281
153.99410200119019,9.5725598190836
153.9960994720459,9.592033289792571
153.9970977306366,9.61180844110518
153.99929690361023,9.6319606691259
154.00229597091675,9.652282134622682
154.00429558753967,9.672934390630045
154.00529408454895,9.693710840183295
154.0073001384735,9.714758357623118
154.0102961063385,9.736136047302463
154.0122983455658,9.757716162429602
154.0142970085144,9.779256325857382
154.01629543304443,9.800635234901815
154.0172975063324,9.821929130095265
154.0204873085022,9.843706047923083
154.02248454093933,9.865631204857612
154.02549052238464,9.887587706651516
154.02649092674255,9.909358253167401
154.02848744392395,9.9314352433887
154.03048706054688,9.95356946406224
154.03248572349548,9.975435253091963
154.03449177742004,9.997274309423165
154.03648781776428,10.019386618037773
154.03849077224731,10.04119969960934
154.04048562049866,10.062988123606477
154.04248666763306,10.084755963950585
154.04456496238708,10.106480622985284
154.04757452011108,10.12814409486992
154.04957747459412,10.150002988169724
154.0505769252777,10.171901970800747
154.05357551574707,10.194013261303528
154.05557775497437,10.216348811818769
154.05757975578308,10.23875884071945
159.5311634540558,10.261345208332814
159.53441381454468,10.284033172282838
159.53641200065613,10.306968527107369
159.53924775123596,10.330083839943764
159.54224944114685,10.353309598765406
159.5452492237091,10.37667984132072
159.55026984214783,10.400227587515023
159.55124640464783,10.423715771731656
159.5542426109314,10.447107319370886
159.5562446117401,10.470533179485907
159.55824327468872,10.493848103141673
159.56024265289307,10.51717457016806
159.56224608421326,10.54069483411615
159.56618857383728,10.574412504335012
159.56719136238098,10.611410977496526
159.56953740119934,10.647758879710533
159.57153701782227,10.684011289758063
159.57395482063293,10.71952957776849
159.5759561061859,10.754987462028454
159.57902908325195,10.790001382464624
159.58032608032227,10.824760343483437
159.58151817321777,10.85925427581638
159.5837745666504,10.893228645643946
159.5858507156372,10.926381958965479
159.58686065673828,10.958651755626812
159.5888488292694,10.989875783432414
159.59084963798523,11.019899694168956
159.59284806251526,11.048720345830317
159.59421253204346,11.076454555803931
159.59622430801392,11.103053330683016
159.59855318069458,11.128486610317191
159.6004717350006,11.153203536519573
159.60280013084412,11.177276815818178
159.6051435470581,11.200664216064693
159.60719513893127,11.22352300520384
159.6091504096985,11.246078572196406
159.61114740371704,11.268301570176975
159.61314368247986,11.290289896306383
159.61514854431152,11.312216059544662
159.6171395778656,11.334067974691282
159.61914801597595,11.355839521755662
159.62114882469177,11.37743595541066
159.62322545051575,11.39875468484463
159.62523102760315,11.419824503867192
159.62714505195618,11.44075249771771
159.62914395332336,11.461545528872783
159.63014602661133,11.482401909746791
159.63214993476868,11.503022325540822
159.63421988487244,11.523177271840984
159.63614988327026,11.542995191482301
159.63814616203308,11.562520621001022
159.64014744758606,11.581676814126125
159.64314913749695,11.600298712402406
159.64514422416687,11.618301120976597
159.647141456604,11.635668270491154
159.64914345741272,11.652521136778939
159.65115070343018,11.668823033359939
159.65214776992798,11.684632040451419
159.65514755249023,11.699958652466314
159.6572344303131,11.714926187275234
159.65950083732605,11.729571338101774
159.66074800491333,11.743799216748593
159.66276597976685,11.757754119809043
159.66376447677612,11.771397940990523
159.66576313972473,11.78489477275334
159.66784119606018,11.798315703524688
159.66987347602844,11.811779106382161
159.6718773841858,11.825326008236143
159.67387652397156,11.83907496903998
159.67587232589722,11.853028126597803
159.67789912223816,11.867220434892745
159.67987251281738,11.881588758338301
159.6813805103302,11.896165804696135
159.68339657783508,11.910835246032429
159.68475556373596,11.925574311701466
159.68677234649658,11.940340258307984
159.6877737045288,11.95511568127947
159.6897735595703,11.969947866995783
159.69176983833313,11.984841859215084
159.69377827644348,11.999565626461703
159.69576716423035,12.014307375051342
159.69721460342407,12.028881873330898
159.69829082489014,12.043478595472616
159.70030426979065,12.058119028549289
159.70123481750488,12.072783103493963
159.703537940979,12.08744371083656
159.7056212425232,12.10206566394833
159.70654797554016,12.116724010769678
159.708589553833,12.131344188605537
159.71053671836853,12.146007442502015
159.71253085136414,12.160803280197547
159.71365666389465,12.175838643758471
159.71573305130005,12.191072588089574
159.71667051315308,12.206612998010852
159.71967768669128,12.222256055680601
159.72067737579346,12.238094268832366
159.72279357910156,12.254202043140374
159.72425651550293,12.270573403623889
165.2343921661377,12.28721887914386
165.23733067512512,12.304020884914795
165.24032855033875,12.320933602794936
165.2443277835846,12.337814518718046
165.24633264541626,12.35462628062872
165.25074815750122,12.371453902013654
165.25390458106995,12.388269169750018
165.25889897346497,12.405093095092571
165.26118350028992,12.422181915095681
165.26518058776855,12.439612980325855
165.26919293403625,12.457321783958239
165.27353930473328,12.475223190588306
165.27507853507996,12.493443617592238
165.27619671821594,12.511893044798642
165.27821397781372,12.530875255351008
165.28020977973938,12.550372422543804
165.28248953819275,12.570768127372858
165.28458642959595,12.592327283885808
165.28560090065002,12.615373841519503
165.287761926651,12.640366211253951
165.2897629737854,12.666270498624666
165.2917823791504,12.694091831636774
165.2937662601471,12.723242061461844
165.2957684993744,12.754517052525731
165.29676508903503,12.78785788593851
165.29882907867432,12.822952006949402
165.30076694488525,12.859942911080417
165.30277132987976,12.8971486249018
165.30482602119446,12.927284731042016
165.30682373046875,12.956028970629081
165.3087658882141,12.982914817126954
165.30976366996765,13.007818763309649
165.31276178359985,13.031097914595827
165.31376767158508,13.05276403032776
165.31576704978943,13.072932416289321
165.3177671432495,13.09202315933999
165.31977105140686,13.110111629355155
165.32176518440247,13.12740274845254
165.32376384735107,13.144174476217428
165.32576441764832,13.160505319070769
165.32776355743408,13.176426725323934
165.32976365089417,13.191925051880025
165.33182454109192,13.207546965897485
165.33376216888428,13.222951127713673
165.33576321601868,13.238217859696558
165.33776092529297,13.253099142641018
165.33975887298584,13.268052148815864
165.3417615890503,13.283156171464116
165.34437799453735,13.298369410903707
165.34545922279358,13.313747183786262
165.346839427948,13.329222950407962
165.34884691238403,13.344758120042709
165.35084652900696,13.360309010464466
165.3528492450714,13.376016555919456
165.3543312549591,13.391989332787201
165.35581803321838,13.40791326610564
165.35783338546753,13.424327540603617
165.3602430820465,13.440799989050605
165.36225414276123,13.457271995177527
165.3632538318634,13.473742367152308
165.36526083946228,13.49013587815374
165.36736536026,13.506230247748729
165.36937737464905,13.522547382988
165.37037992477417,13.538879018302245
165.3723828792572,13.555574589348243
165.37337470054626,13.572352505551217
165.37537550926208,13.58923065916061
165.3773808479309,13.606136973194069
165.37837862968445,13.623018139080639
165.3810908794403,13.640001411186917
165.38309264183044,13.657140650177897
165.3840892314911,13.674748290792111
165.38608860969543,13.692005366385112
165.38808846473694,13.709619340633996
165.38909101486206,13.726906007450914
165.3910949230194,13.744096992617047
165.3933563232422,13.760569600889477
165.39434695243835,13.776674495624125
165.3967788219452,13.792431003217095
165.3987913131714,13.80807546726189
165.4007911682129,13.823430610800154
165.40279173851013,13.838764909969514
165.40407633781433,13.85397422339461
165.4061300754547,13.868915515975226
165.4080774784088,13.88358940634173
165.41007328033447,13.8980641425889
165.41207313537598,13.912503609267974
165.41407537460327,13.92671932311817
165.41507387161255,13.941273476248215
165.41707587242126,13.955797154064426
165.41907858848572,13.970632575968814
165.42107701301575,13.985738348456618
165.4230921268463,14.001409417193452
165.42501378059387,14.017581325370257
165.42702770233154,14.03459645542476
165.4280116558075,14.051852505033532
165.43001461029053,14.069241624941068
165.43201231956482,14.087924681785283
170.9218692779541,14.107124159908869
170.92432761192322,14.125737563744336
170.9263207912445,14.144098654144631
170.9292595386505,14.16235517550526
170.9312608242035,14.180290726315445
170.93432807922363,14.197689380198703
170.93733382225037,14.215132018475975
170.9402561187744,14.231937117927687
170.94325280189514,14.248475861408265
170.94625997543335,14.265097770882425
170.95137667655945,14.28190566084523
170.9543743133545,14.29968590538075
170.9573700428009,14.31792771321063
170.95937395095825,14.337661143690944
170.96336841583252,14.359003191317557
170.96737051010132,14.381938741201514
170.96937370300293,14.407562580278396
170.97187209129333,14.434662619531796
170.97495245933533,14.46289446436192
170.97697138786316,14.49278040842906
170.9789686203003,14.52387363444119
170.98106455802917,14.556161138550086
170.98321104049683,14.589480699956072
170.9852271080017,14.62430689055365
170.98822593688965,14.660139179184545
170.99030542373657,14.69788895248794
170.99222493171692,14.736961230504518
170.99322652816772,14.776988454142169
170.99622750282288,14.81873173365579
170.99822902679443,14.862166201473105
171.00022768974304,14.90733690404884
171.00223112106323,14.954090331922707
171.00522589683533,15.002756752255536
171.00722789764404,15.053450979398207
171.00822687149048,15.106105427090933
171.01026558876038,15.16107997559396
171.0126872062683,15.218089008822275
171.01469945907593,15.261998146092903
171.0167043209076,15.298799598504749
171.01878666877747,15.33398846819756
171.02070236206055,15.367678793134175
171.02269983291626,15.399835338277978
171.02470135688782,15.430625402115348
171.02670645713806,15.459972268497138
171.02794981002808,15.488060049383932
171.03128576278687,15.51496629637941
171.03263783454895,15.540753255155037
171.03416514396667,15.565617292529527
171.0361669063568,15.589590493203662
171.03765606880188,15.612762942048203
171.0386679172516,15.635159944210423
171.0411765575409,15.656729212818064
171.0431878566742,15.677666659812429
171.04418849945068,15.69807796779118
171.0465145111084,15.718077326980913
171.04752731323242,15.737841749039772
171.0495309829712,15.757312677167285
171.0515251159668,15.776454959471984
171.0535271167755,15.795322911011242
171.0555260181427,15.813961392086114
171.05753350257874,15.832396987134366
171.05997323989868,15.85069973029875
171.06197786331177,15.868855501998357
171.0639750957489,15.88682624996362
171.06597065925598,15.904538900884221
171.06797075271606,15.922099272868024
171.0691695213318,15.939502176749045
171.0712423324585,15.956731027107763
171.07225584983826,15.97374200606998
171.0752546787262,15.99047525915662
171.07625937461853,16.006877063592512
171.07725763320923,16.02287537741864
171.08082175254822,16.03840289301004
171.08182191848755,16.05341537820351
171.08382654190063,16.067895028195473
171.0858175754547,16.08179931719471
171.08682322502136,16.095155319159566
171.08916306495667,16.10796638924994
171.09016680717468,16.12020372171897
171.09237146377563,16.131862029094822
171.0938515663147,16.14291416631078
171.0951669216156,16.153341481923142
171.09718465805054,16.163074736635327
171.09818530082703,16.17209030700508
171.09965586662292,16.180357340041773
171.10066962242126,16.187875354394585
171.10267400741577,16.194674148763532
171.10367035865784,16.200908133200656
171.10667204856873,16.206725378053807
171.1076695919037,16.212313758871396
171.1096692085266,16.21776947660223
171.11066722869873,16.223099113754053
171.11266922950745,16.22832008310587
171.11367058753967,16.23332069120608
171.11575436592102,16.238065000288064
171.11675381660461,16.242475747559567
171.11882710456848,16.24658245124034
171.11975479125977,16.250398189759938
176.62197494506836,16.253939552813346
176.62497973442078,16.257218483685413
176.62690901756287,16.26021914053148
176.6299319267273,16.26294578954773
176.63299202919006,16.26538011215624
176.63641452789307,16.267550912799084
176.64143562316895,16.26943111155937
176.6449112892151,16.27105397196116
176.64790964126587,16.27242115060058
176.6519112586975,16.27356759585401
176.65391516685486,16.274466536015968
176.6569118499756,16.275204782849066
176.65942430496216,16.275824949598007
176.66242289543152,16.27631108217083
176.66389155387878,16.276668087111563
176.66590547561646,16.276828450706812
176.6679084300995,16.27679503738676
176.66999197006226,16.276544804678554
176.67190885543823,16.276071559181563
176.67490816116333,16.275369284801585
176.67697596549988,16.274454808772
176.67890906333923,16.273313617851095
176.6809184551239,16.271972253102287
176.68190598487854,16.270412280980768
176.68391036987305,16.268555925189425
176.68590569496155,16.266348300709474
176.6879107952118,16.263790809489027
176.68977093696594,16.260817650887642
176.6917541027069,16.2574058798338
176.69375729560852,16.253463611059978
176.6947546005249,16.248976700285457
176.6972279548645,16.243949900386575
176.69822216033936,16.23840898876801
176.70065069198608,16.232412216118707
176.70284390449524,16.226020844533046
176.70486330986023,16.219278042050654
176.7059404850006,16.212214198477778
176.7088806629181,16.20491494477023
176.7098617553711,16.19744253624112
176.71186232566833,16.18991171728822
176.71486902236938,16.182110087647427
176.71686339378357,16.17389650261347
176.71786427497864,16.16525909961042
176.72086763381958,16.156262833257685
176.72294163703918,16.14694354340661
176.72490453720093,16.13738777800739
176.7259223461151,16.127590449285627
176.72791981697083,16.11754007067987
176.72991490364075,16.10730177489724
176.7319164276123,16.096905302460478
176.73399662971497,16.086392003894275
176.7362232208252,16.07564637709118
176.73823738098145,16.06458360579686
176.73964834213257,16.053379379593974
176.74189639091492,16.042164904453227
176.7438976764679,16.031123246563784
176.74489521980286,16.020157328567603
176.7469882965088,16.009282755677322
176.74790143966675,15.998618364721594
176.75025415420532,15.988166010439576
176.7522633075714,15.977798189877106
176.755140542984,15.967422101258698
176.7561616897583,15.957107372379955
176.75815773010254,15.946689897336114
176.75921726226807,15.936111579771362
176.76115918159485,15.925355114061551
176.76321125030518,15.914324641057156
176.7642421722412,15.902926359954755
176.76638054847717,15.89117105958312
176.76740097999573,15.87910848777145
176.76940059661865,15.86668035106954
176.7714433670044,15.853734216134539
176.77340364456177,15.840401393021814
176.7754032611847,15.826704583826146
176.77648067474365,15.81268339944764
176.778400182724,15.79863607696749
176.77939677238464,15.784282823308383
176.78146886825562,15.769883488008713
176.78340125083923,15.755221260742728
176.7844865322113,15.740396753284202
176.78665590286255,15.725620027347961
176.78767204284668,15.711185622977057
176.78973531723022,15.697227536485133
176.79067206382751,15.683818971074661
176.79367184638977,15.670700531265858
176.79474353790283,15.658132338791212
176.7967472076416,15.645813252934937
176.79767560958862,15.633766409004593
176.79967737197876,15.621822708056008
176.8016755580902,15.60984833876317
176.8037383556366,15.5976697853458
176.80574417114258,15.585229248718576
176.8076753616333,15.572360180884617
176.8097426891327,15.558961219153394
176.81167674064636,15.5449592411882
176.81367683410645,15.530434606809482
176.81567573547363,15.515499138858901
176.8176784515381,15.49992550752105
182.32644963264465,15.48384565567453
182.32865715026855,15.467151401080844
182.3316671848297,15.450149110280586
182.33459210395813,15.432989545784432
182.3382534980774,15.415359193064017
182.34317660331726,15.397921760345387
182.34517574310303,15.380070158373625
182.3481900691986,15.361442458432666
182.3501739501953,15.342536471816603
182.35417485237122,15.323380860215883
182.35817337036133,15.304084549143562
182.360178232193,15.284964842280292
182.36217498779297,15.266202475176865
182.36417722702026,15.24825535363015
182.36617350578308,15.227605227704759
182.36817264556885,15.196180298319788
182.37017345428467,15.167295768100416
182.37245202064514,15.141013705165543
182.37445259094238,15.1169890041949
182.3754575252533,15.095252666939231
182.377450466156,15.075069911728521
182.37945222854614,15.056162297781752
182.381450176239,15.037924064525697
182.38352513313293,15.02015301917013
182.38544940948486,15.002474374309617
182.38745260238647,14.98478359624686
182.38845014572144,14.966904082714047
182.3904504776001,14.948593388868387
182.3924503326416,14.929705906007253
182.3944492340088,14.910848439226774
182.39645433425903,14.891961201499027
182.3995451927185,14.87345708113247
182.40245532989502,14.855789424449041
182.4044532775879,14.83919725804756
182.4054515361786,14.823702341879137
182.40744924545288,14.809161597993715
182.40945553779602,14.795370702401446
182.4114532470703,14.782248762686502
182.41352128982544,14.769712293518571
182.4154508113861,14.757512425490582
182.41745233535767,14.745836741205684
182.41945266723633,14.734293403625376
182.42045259475708,14.722769563785821
182.42262363433838,14.711729999208103
182.42562174797058,14.700600934357976
182.42661809921265,14.689367010786302
182.42969965934753,14.678263208458556
182.43200540542603,14.667410326329806
182.4330337047577,14.656972070658128
182.43467736244202,14.646991015171785
182.43815970420837,14.637736236458775
182.4405403137207,14.629029559293908
182.441552400589,14.621052381628743
182.44355177879333,14.613613331632077
182.44555377960205,14.60677215535695
182.44755339622498,14.600855853214552
182.44955492019653,14.595813165446003
182.45155382156372,14.591934770523396
182.45355200767517,14.589317690518849
182.4545500278473,14.588552157250248
182.45656037330627,14.589438001614713
182.45855402946472,14.591953652476327
182.45955228805542,14.596011343023969
182.46155309677124,14.601516224862706
182.46355867385864,14.608436882332239
182.46555495262146,14.616702554792624
182.46755576133728,14.625707100374736
182.4695508480072,14.635582841562425
182.47155356407166,14.646166450378008
182.47355318069458,14.65716838848953
182.47555685043335,14.668356315103576
182.47755575180054,14.679550389107703
182.47955799102783,14.690807441461105
182.48155093193054,14.701950115261333
182.48355984687805,14.713239816664313
182.48455142974854,14.724298254308136
182.487557888031,14.735086973664863
182.48955154418945,14.745239558159872
182.49155449867249,14.754775192809204
182.49355173110962,14.764239647659327
182.49555683135986,14.773358107110893
182.49755263328552,14.782284849973662
182.49955344200134,14.791311528987647
182.50155019760132,14.800594938599037
182.5025508403778,14.810354715091462
182.50455284118652,14.820731008505554
182.5065577030182,14.83197239632043
182.50854992866516,14.844281790379553
182.51055240631104,14.857778414938757
182.51255249977112,14.87293592591651
182.5145537853241,14.889957593978519
182.5175576210022,14.909276164554603
182.5195608139038,14.93136049400237
182.52155947685242,14.95669766856352
182.5245578289032,14.985561841704055
182.52755331993103,15.018186039892706
182.52955508232117,15.054559193476125
182.531555891037,15.094719859797378
188.01082372665405,15.138610203344784
188.01303601264954,15.186223652610051
188.01510906219482,15.235314346374924
188.01819372177124,15.25165783198613
188.02119040489197,15.267847288686623
188.02319169044495,15.283894981605032
188.02518844604492,15.299719336089831
188.0291872024536,15.315220913473686
188.03319382667542,15.330521337746553
188.0361864566803,15.345615974245169
188.03819012641907,15.360476813177481
188.04019236564636,15.37523220230993
188.04318928718567,15.389905561328383
188.04519200325012,15.404483721364949
188.048189163208,15.419123628313313
188.04919338226318,15.433902993133016
188.05218648910522,15.448850584917277
188.0542471408844,15.46403475271236
188.05667972564697,15.479413708438031
188.05796217918396,15.495026990300703
188.05996584892273,15.510867668711477
188.06227087974548,15.526919337487765
188.0647258758545,15.543200252805029
188.0667428970337,15.559594510279593
188.06873965263367,15.576087961963204
188.07074284553528,15.592618665861309
188.07274103164673,15.609262123220482
188.073739528656,15.625924941784984
188.07674956321716,15.642615926382396
188.07874464988708,15.659319654218338
188.0807399749756,15.676057773837986
188.0827407836914,15.692790022379462
188.08522844314575,15.709585319338746
188.0873203277588,15.726429550569968
188.08930921554565,15.743125407209508
188.0903263092041,15.7597605242168
188.0923411846161,15.776147218923004
188.09432792663574,15.79214618534791
188.09532570838928,15.807503590350121
188.09632682800293,15.82186265439206
188.09875392913818,15.834978912614503
188.1011209487915,15.846497619466946
188.10216403007507,15.856457416065101
188.1031186580658,15.865137813465198
188.10511994361877,15.87282808790976
188.10611844062805,15.879879159806029
188.10812520980835,15.8864488436842
188.1101791858673,15.892668158110627
188.11212015151978,15.898655764853906
188.1131191253662,15.904310606581019
188.11512231826782,15.909724481692773
188.11711645126343,15.9150323730539
188.11911582946777,15.920328238253775
188.12030935287476,15.925544373200959
188.1216893196106,15.930606358031662
188.12376761436462,15.935519640712503
188.1247673034668,15.940389860530392
188.126770734787,15.945227784452749
188.1287658214569,15.950054988172846
188.1347734928131,15.95476232702955
188.13976669311523,15.959324480214072
188.14276671409607,15.963867199839385
188.14676904678345,15.968450079548788
188.14876651763916,15.972993926196402
188.15076851844788,15.977844191000084
188.15476393699646,15.982961344068706
188.15676712989807,15.98842152165642
188.15982627868652,15.994260038727454
188.164705991745,16.000559425963342
188.1677005290985,16.00727658053098
188.17170190811157,16.014272716613956
188.1747009754181,16.02150091330256
188.17870569229126,16.02898315248004
188.18270182609558,16.03662232791083
188.18469500541687,16.04434430320649
188.18570232391357,16.05220154589889
188.18870186805725,16.060042635111923
188.1907012462616,16.06776879802224
188.19370555877686,16.075474221263075
188.19570970535278,16.083051233341337
188.1997048854828,16.09051084795718
188.20170283317566,16.097860625087105
188.2056999206543,16.10520255914101
188.2087001800537,16.112552375329088
188.21170592308044,16.119866316963957
188.2156994342804,16.127057894873012
188.2197082042694,16.134185450781192
188.22716069221497,16.14114672730479
188.2334315776825,16.1478806000292
188.23741960525513,16.154379052284597
188.2414252758026,16.1606397779591
188.2444293498993,16.166629873641337
188.24642777442932,16.172403277914857
188.24842309951782,16.17803480929878
188.25142288208008,16.183526333955914
188.2554202079773,16.1889221226012
188.25742053985596,16.19422636190794
188.26041960716248,16.199405485661043
193.7125973701477,16.20447465418857
193.71449303627014,16.20946178135745
193.71663403511047,16.214360060207625
193.71855092048645,16.21918274476128
193.72129154205322,16.22392379951573
193.72329092025757,16.228574777600084
193.72428941726685,16.233123693782968
193.7282931804657,16.237538421642828
193.72973227500916,16.241825291942522
193.7338833808899,16.245963170518763
193.73788142204285,16.249936023665107
193.7393229007721,16.25373855231177
193.74040985107422,16.257371303562675
193.74233317375183,16.26083612988252
193.74446630477905,16.26413669270154
193.74649286270142,16.26729102197035
193.74848079681396,16.270319742618536
193.75048184394836,16.273241751247447
193.7525646686554,16.276064262689182
193.7543671131134,16.278786542826715
193.75745248794556,16.28139578360713
193.75937128067017,16.283862112300348
193.7613708972931,16.286151833776547
193.7633717060089,16.288214425255575
193.76447081565857,16.28999570550142
193.76736664772034,16.291453815921013
193.7683708667755,16.292574002919178
193.77037239074707,16.293361535218988
193.77236795425415,16.293832110903452
193.77437448501587,16.294001983275322
193.77636861801147,16.293889437792973
193.77839398384094,16.293497331011707
193.78051447868347,16.292839550984777
193.78208875656128,16.291927461130253
193.78403973579407,16.290758905883468
193.7850377559662,16.289354109941932
193.78710889816284,16.28772294652093
193.7880346775055,16.285847146828246
193.7901427745819,16.28370813543236
193.79221773147583,16.281281325077877
193.79341340065002,16.278568123500026
193.79548597335815,16.27559848481439
193.7964107990265,16.272402514921673
193.79841256141663,16.268992564889288
193.79948234558105,16.26537887207369
193.80141353607178,16.261572896887888
193.80348587036133,16.257555544950844
193.80549335479736,16.253309277059493
193.80641269683838,16.248854216838676
193.80841183662415,16.244179664352455
193.81041288375854,16.239273119316135
193.8114151954651,16.234118217268843
193.813472032547,16.22876228616006
193.81441926956177,16.2231522633505
193.8164942264557,16.21734423706673
193.81850743293762,16.2112983854518
193.82048845291138,16.20505672742906
193.82141637802124,16.198626296768992
193.82341480255127,16.192054270461703
193.82541012763977,16.185355070813838
193.82641124725342,16.178530876879247
193.82841563224792,16.171641368633072
193.83241200447083,16.16469613529478
193.8404197692871,16.157778273788505
193.84541034698486,16.150922352246745
193.84841060638428,16.144139602243516
193.85141110420227,16.13738855206539
193.85541129112244,16.130545639107915
193.85841751098633,16.12358563369098
193.8614101409912,16.11643083479351
193.86441206932068,16.108990700194997
193.86741065979004,16.10122036340587
193.8704092502594,16.09301591911144
193.8734109401703,16.08435441973543
193.8754119873047,16.075171891075463
193.87741136550903,16.065422195634106
193.88041234016418,16.05507531694371
193.88240718841553,16.044104948979676
193.88441014289856,16.032483039521374
193.88740921020508,16.020198884145074
193.89140939712524,16.007254347914394
193.89541172981262,15.993652217011793
193.89841175079346,15.979381624010701
193.9014117717743,15.96448191124287
193.90341019630432,15.9489745881523
193.90641164779663,15.932917950639121
193.90941214561462,15.916357984983456
193.9134132862091,15.899350184231594
193.91741275787354,15.881945567919672
193.92141199111938,15.86423245930671
193.92549395561218,15.846296237336565
193.92851567268372,15.828247773388995
193.9324905872345,15.810160698875517
193.9354887008667,15.792106807746473
193.93950128555298,15.774204887632122
193.9434895515442,15.756422216689304
193.94549560546875,15.738766857376271
193.94949507713318,15.721262980480828
199.40318965911865,15.703843276550431
199.40619254112244,15.686422278733827
199.40825963020325,15.668949984537248
199.4111566543579,15.651271309702077
199.41415643692017,15.633361237730899
199.4161615371704,15.615142391220283
199.42015957832336,15.596628612521041
199.42224049568176,15.57785765909532
199.4251585006714,15.55889010218074
199.4281575679779,15.539721747892898
199.43115663528442,15.520298561684108
199.43315863609314,15.50057404185697
199.43709254264832,15.480486725802926
199.4393138885498,15.45989255973966
199.44232368469238,15.438689254603794
199.4442961215973,15.416758900745704
199.44535636901855,15.393927957949812
199.44668054580688,15.370220898810402
199.44865775108337,15.345576577999028
199.45076751708984,15.319971520626126
199.4516761302948,15.29323778096919
199.45367455482483,15.265380226992814
199.45567417144775,15.236248334353728
199.45867943763733,15.209749922445479
199.45967292785645,15.183010433442723
199.4616711139679,15.155840172961705
199.4626705646515,15.128327890438166
199.46467280387878,15.100662644828397
199.4666748046875,15.072919311376019
199.46874451637268,15.04522921262751
199.47067427635193,15.017614497883686
199.47267842292786,14.990123899014131
199.4746675491333,14.96273465942215
199.47566986083984,14.935451014159737
199.47766995429993,14.90830622406559
199.47940802574158,14.88133159732642
199.4804220199585,14.85454515798689
199.482426404953,14.827986398679814
199.4834201335907,14.801684387699968
199.4854919910431,14.775710430188447
199.48742246627808,14.750110407116384
199.4884238243103,14.724964160350202
199.49050951004028,14.70029475263344
199.49243354797363,14.676134760471363
199.49442887306213,14.652510958964749
199.4957799911499,14.629426051240303
199.49778604507446,14.606850344022972
199.49878692626953,14.584749882294764
199.50078439712524,14.563030524451642
199.50178170204163,14.54164306488263
199.50378155708313,14.52050690550705
199.5057828426361,14.499566808318932
199.5077781677246,14.478782591405853
199.50878143310547,14.4581691874653
199.51078128814697,14.437682153317509
199.51278138160706,14.417281155578904
199.5147852897644,14.396987844441613
199.51678204536438,14.376726196248468
199.51778435707092,14.356398284847751
199.51978254318237,14.336006472691112
199.52077841758728,14.315570583670693
199.5227861404419,14.295097850431
199.52477884292603,14.274614236391518
199.52678442001343,14.254184680879032
199.52878379821777,14.23385628508277
199.52978014945984,14.213712374198595
199.53178453445435,14.193799842081672
199.53378009796143,14.174181344147748
199.5357837677002,14.154908321568227
199.53678488731384,14.136000417806338
199.53878045082092,14.117450269571528
199.54078078269958,14.099264594204973
199.54278254508972,14.081468545682478
199.5447859764099,14.064046150308531
199.5457799434662,14.046974272262169
199.54778289794922,14.030273850319906
199.54977750778198,14.013916833751558
199.55178213119507,13.997845854931663
199.55395102500916,13.982087607383562
199.55595064163208,13.966633117203358
199.55795431137085,13.951493722247232
199.5589518547058,13.936673945866582
199.5609486103058,13.922159483813637
199.56195044517517,13.907945351674288
199.56395483016968,13.893991408989981
199.5649492740631,13.880270345155761
199.56741762161255,13.866764362285299
199.56846451759338,13.853372547799456
199.57047724723816,13.840049824068512
199.57248067855835,13.82677463676816
199.57348203659058,13.813512431660989
199.57447719573975,13.800259559012913
199.57647943496704,13.787067809858517
199.57748103141785,13.773984771551186
199.57847929000854,13.761081713610595
199.58047676086426,13.748420011156021
199.58247256278992,13.73602368780952
199.58447575569153,13.723883559759969
205.10675430297852,13.712127810215492
205.1091752052307,13.700843569231116
205.11211252212524,13.690050768054967
205.11428499221802,13.67985658628227
205.11620926856995,13.670246929025025
205.11928796768188,13.661227300895
205.12220788002014,13.652793926032537
205.1252031326294,13.644907515053676
205.12920570373535,13.637518240335186
205.1312072277069,13.630634983405319
205.1344757080078,13.624196346320524
205.13657879829407,13.61821577287852
205.13965773582458,13.612694836305511
205.14157962799072,13.607608986109069
205.1435821056366,13.60295196907284
205.1445825099945,13.598723530181065
205.1465744972229,13.594925712874515
205.14857578277588,13.591503109591562
205.1495759487152,13.588385969361136
205.15158343315125,13.585455740428994
205.15380144119263,13.582649672698189
205.15581727027893,13.57991576103873
205.1580867767334,13.577183017466412
205.15915417671204,13.574319946895864
205.16164231300354,13.571317501104804
205.16364789009094,13.568033319624405
205.16564893722534,13.564556930883981
205.16765809059143,13.560936078007721
205.1696445941925,13.55729801506356
205.17064881324768,13.553653220960301
205.17273259162903,13.550072541558226
205.17466068267822,13.546625226911173
205.1766505241394,13.543444280037285
205.17864513397217,13.54068863404275
205.1816897392273,13.5385125472454
205.18364834785461,13.536837351539686
205.18574619293213,13.53566308327383
205.18665432929993,13.535078865322859
205.18872356414795,13.535337791240517
205.19064712524414,13.536530196945334
205.19264817237854,13.538680066245865
205.19408869743347,13.541832776509155
205.1960859298706,13.545978091999194
205.198162317276,13.551111901445347
205.20008444786072,13.557141734601348
205.20321893692017,13.564056098984981
205.2052345275879,13.571619114402012
205.20723724365234,13.579355160430014
205.20958614349365,13.587449357694119
205.21207213401794,13.59587061749778
205.2140896320343,13.604396006487887
205.21533226966858,13.613116334190627
205.21834325790405,13.622002033847105
205.22042632102966,13.630871407517295
205.22133326530457,13.639640746076275
205.22332978248596,13.64838148563012
205.22534203529358,13.657101219086027
205.2274146080017,13.665768477598217
205.2293393611908,13.674337377155345
205.23032999038696,13.68291720699465
205.23233127593994,13.691491904147327
205.23433184623718,13.700058606046504
205.2363305091858,13.708584491155007
205.23733282089233,13.717115870287298
205.23933339118958,13.725594394638849
205.24132776260376,13.734093585905725
205.2423906326294,13.74255149443154
205.24433422088623,13.75103903159965
205.24632811546326,13.759544631096155
205.2483365535736,13.768034080028997
205.2503318786621,13.776498908505284
205.25132989883423,13.784904788441901
205.2533257007599,13.79322391913429
205.2545382976532,13.801524620950405
205.25665807724,13.809887535862977
205.25855445861816,13.81834742124615
205.2606258392334,13.826949878638844
205.26255440711975,13.835671724523907
205.26355171203613,13.844515719930019
205.26662254333496,13.853542656003345
205.26762318611145,13.862732826297155
205.2695484161377,13.872092832148827
205.2716281414032,13.881553775378062
205.27358770370483,13.8910613804369
205.2755515575409,13.90060725611313
205.27762269973755,13.910173707806194
205.27962279319763,13.919745973832992
205.28163051605225,13.929273713358574
205.28355360031128,13.938736389521777
205.28455448150635,13.948150735181159
205.2865855693817,13.957479600497113
205.2885525226593,13.966731651705784
205.28963565826416,13.975901838894274
205.29163527488708,13.984995069051395
205.29360961914062,13.994029412722185
205.29559350013733,14.003009564773576
205.29655718803406,14.011950689277997
210.8108310699463,14.020836447458674
210.81282877922058,14.029656327142684
210.81590366363525,14.038373185002152
210.81782221794128,14.046967033120978
210.81882643699646,14.055375754101336
210.82082772254944,14.06355544747348
210.82388997077942,14.071438787620407
210.82583141326904,14.078988092366865
210.8278248310089,14.086163989464044
210.82882571220398,14.092938701773154
210.83122992515564,14.099284252962013
210.83331418037415,14.105179894488584
210.8345754146576,14.110620310626501
210.8368730545044,14.115602505826997
210.8368730545044,14.12014192176283
210.8380525112152,14.124259851194381
210.84006309509277,14.127975182237217
210.84313082695007,14.131307364825688
210.8460657596588,14.134264109089441
210.84811639785767,14.136855324452165
210.85013389587402,14.139084842899136
210.85206127166748,14.140967620493328
210.85405158996582,14.142509016315643
210.85505414009094,14.143726447924237
210.85706090927124,14.144629229117193
210.8590531349182,14.14521733316271
210.86105751991272,14.145512764621769
210.86210870742798,14.145511011557993
210.8640491962433,14.145217357133271
210.86605167388916,14.144645889548302
210.86709785461426,14.143800330397141
210.8690540790558,14.14267747348306
210.8710618019104,14.141273545968216
210.8710618019104,14.13955523452604
210.87305331230164,14.137460437344116
210.8750514984131,14.134944337390262
210.876051902771,14.131976682546782
210.87805938720703,14.128555029230904
210.8801109790802,14.124692030073888
210.88205194473267,14.120385135582538
210.8830542564392,14.115636629568181
210.88505172729492,14.110423405041992
210.88605427742004,14.104744652907046
210.88705587387085,14.098591307302485
210.88912534713745,14.091943290846137
210.89013648033142,14.084801094716003
210.89205765724182,14.07717172179774
210.89505696296692,14.06905865508696
210.90206027030945,14.060461576873323
210.90605068206787,14.051371918321749
210.90905332565308,14.041777012442493
210.91304993629456,14.031674117921437
210.91513657569885,14.02106281720888
210.91905236244202,14.00996749724443
210.92105054855347,13.9983557394864
210.92305040359497,13.986235826132091
210.92791533470154,13.973599003591728
210.92991423606873,13.96049540413972
210.93299651145935,13.94692772632865
210.9359166622162,13.93293545073523
210.93791556358337,13.91862056623286
210.94091391563416,13.90403374311958
210.94591426849365,13.889212503705842
210.9499831199646,13.874230613192879
210.95299625396729,13.859136385940545
210.95699334144592,13.84395518561178
210.9600055217743,13.828720880489724
210.96299648284912,13.813452967987187
210.96491932868958,13.79802698551633
210.96799635887146,13.78254009133373
210.97098779678345,13.767000324389237
210.97499299049377,13.751404507856586
210.97799038887024,13.735724786330978
210.98000049591064,13.719954932968943
210.98399305343628,13.704160549802927
210.98801159858704,13.688421769950935
210.99198985099792,13.672770853417523
210.9959990978241,13.657193491713905
210.9989993572235,13.641548642188834
211.00299191474915,13.625841377328301
211.00691437721252,13.610052397988065
211.01091623306274,13.594076671277888
211.01291370391846,13.578009803781734
211.01699113845825,13.561767246183958
211.01998829841614,13.545254415787259
211.02399015426636,13.528314494959124
211.02692246437073,13.511007847238123
211.03100657463074,13.493279034519691
211.03498935699463,13.475150531881724
211.03700304031372,13.456587366818164
211.041006565094,13.437622900973723
211.04199886322021,13.41827715194759
211.04499077796936,13.398364021305888
211.0470051765442,13.377747313608975
211.04999947547913,13.356484933391156
211.05353116989136,13.334475711232987
211.05520176887512,13.31171352913401
211.05628490447998,13.288237919789383
216.5001664161682,13.264284214768411
216.5032501220703,13.23997286697033
216.5061674118042,13.215290405487206
216.50853538513184,13.190414253363514
216.5115406513214,13.165617624278344
216.51453757286072,13.140928999357124
216.51753640174866,13.116272035380842
216.520587682724,13.09180163866459
216.5235788822174,13.067645617116048
216.52558040618896,13.043973007486679
216.5279610157013,13.020822478422144
216.52988123893738,12.998051216845358
216.5318911075592,12.975729372843261
216.53394317626953,12.953849279853067
216.53587889671326,12.932382005108085
216.5379388332367,12.911272364248548
216.54030394554138,12.89050943889613
216.54238891601562,12.846815039900143
216.54475116729736,12.806773482565198
216.54615950584412,12.769426105503943
216.54858899116516,12.734759024454494
216.54953742027283,12.702703211126616
216.5520179271698,12.673616321107449
216.55303311347961,12.646708390901043
216.5565047264099,12.62170479920101
216.55750942230225,12.598113476605244
216.55999660491943,12.575952185502972
216.5610113143921,12.554806702101653
216.56306219100952,12.534772480876335
216.56400799751282,12.515430187133138
216.5660104751587,12.496821554146416
216.5680112838745,12.478872231965203
216.57001733779907,12.46165649337249
216.57201075553894,12.444944775962485
216.57404828071594,12.428976351397766
216.57601308822632,12.413950100496443
216.57901453971863,12.400444356539078
216.58001255989075,12.38885007607677
216.58200860023499,12.378866932086671
216.58401036262512,12.369974342384637
216.58500623703003,12.361819886281829
216.58700799942017,12.354390615153372
216.588397026062,12.347358978345431
216.5904085636139,12.340987389345969
216.59140872955322,12.33488458077451
216.59340977668762,12.329097323630801
216.5947346687317,12.32375232992629
216.59674835205078,12.318399690603602
216.59774589538574,12.31313538090423
216.59974479675293,12.3076186622373
216.60181212425232,12.301942791682913
216.60282230377197,12.29627381364613
216.60482501983643,12.290652831014395
216.6068253517151,12.285311869086385
216.60786700248718,12.28014963343728
216.60887718200684,12.275136741044282
216.61087346076965,12.27028510718288
216.61287426948547,12.26566188222665
216.61487746238708,12.261123670348079
216.61588144302368,12.256833101514706
216.61817145347595,12.25279915589735
216.61969828605652,12.249402523785292
216.6206920146942,12.2464278044521
216.6230766773224,12.243778336428143
216.62508511543274,12.241530721512056
216.62676358222961,12.239698568804535
216.6277778148651,12.2382074128413
216.62977719306946,12.237130501983565
216.630774974823,12.236578662332526
216.6319694519043,12.236499237467713
216.63440775871277,12.236811708059697
216.63640975952148,12.237448889843993
216.63740825653076,12.238220173767498
216.63941311836243,12.239071151324875
216.64140796661377,12.240074430927718
216.64241337776184,12.241251186886725
216.64440774917603,12.242485307627659
216.64541006088257,12.243660710158847
216.64741349220276,12.244750324793618
216.6494107246399,12.245645014572245
216.6514105796814,12.24637638045543
216.6534104347229,12.247001792399432
216.65641617774963,12.247435255325213
216.65741062164307,12.247860097490982
216.65940880775452,12.248079562686664
216.6608850955963,12.24832948181518
216.66289734840393,12.24848936045769
216.66489815711975,12.248631392322448
216.6659026145935,12.248664191895937
216.6679048538208,12.248673705248166
216.6689007282257,12.248676943193308
216.67090225219727,12.248780794277058
216.67190194129944,12.248920371854142
216.67330193519592,12.249180037527983
216.67531824111938,12.2495723220872
216.67731928825378,12.25006929763469
216.67931842803955,12.250689245220814
216.6803162097931,12.251416949524327
222.19990634918213,12.252290929699235
222.20190238952637,12.25321165257628
222.20390701293945,12.254159274423875
222.20589923858643,12.255176874429939
222.20790314674377,12.256173204731795
222.20935988426208,12.257138583523316
222.21138834953308,12.25807099872337
222.21338510513306,12.259018323651464
222.21538543701172,12.259886520848253
222.21738362312317,12.260653530627122
222.21947526931763,12.26129707193835
222.2214970588684,12.261849458347688
222.22349309921265,12.26230007014556
222.22448992729187,12.262685380687836
222.22649502754211,12.262984664780564
222.22749137878418,12.263230573810244
222.23049449920654,12.263451838442721
222.23156452178955,12.263685819928407
222.23260831832886,12.263908989247096
222.23457503318787,12.264132896723739
222.2375795841217,12.26437813458632
222.23925757408142,12.264615090030551
222.24065279960632,12.264862861370052
222.24355506896973,12.265108475024853
222.24458122253418,12.265360788489026
222.2465579509735,12.265594873061826
222.24855399131775,12.265774327326904
222.25055480003357,12.265894157091909
222.2526216506958,12.265929113882365
222.25458097457886,12.265890766438993
222.25555729866028,12.265775206636427
222.25755953788757,12.265596273680345
222.2597827911377,12.265366612824364
222.2607982158661,12.265115052010026
222.26295232772827,12.264830197269138
222.26540970802307,12.264524449461831
222.26740312576294,12.264213169051724
222.26840543746948,12.263906502535423
222.2704050540924,12.263629765256132
222.27240824699402,12.263386861516315
222.27440524101257,12.26321555887726
222.27540254592896,12.263104168686958
222.27840280532837,12.263094722232943
222.27940225601196,12.263130752159675
222.28140377998352,12.26321524399066
222.28340649604797,12.263312747996729
222.28440356254578,12.263370250817836
222.28640389442444,12.263337944702732
222.28740453720093,12.263166246264506
222.28840327262878,12.26284823935286
222.290851354599,12.262385946302953
222.29186344146729,12.261751163760145
222.2940263748169,12.260956882896442
222.29602909088135,12.260012776499863
222.29702806472778,12.258908927297094
222.29851484298706,12.25759071996105
222.30046582221985,12.256009337838488
222.30246877670288,12.254119188137183
222.30346965789795,12.25191273505575
222.3064739704132,12.249363395670693
222.30847430229187,12.246482426413275
222.30947256088257,12.243312101328682
222.31147813796997,12.239888510273747
222.3134753704071,12.23625934735744
222.31470608711243,12.23245650894311
222.31657195091248,12.228505086091948
222.3195629119873,12.224425179944236
222.3215024471283,12.220222958553808
222.32250666618347,12.215899836328298
222.3245029449463,12.21148974850884
222.32658338546753,12.207029636902877
222.32850694656372,12.202559630305071
222.33050775527954,12.19810833236254
222.33158254623413,12.193708090660046
222.33360505104065,12.189383568223235
222.33550262451172,12.18515327016159
222.33757877349854,12.181027813551541
222.33951497077942,12.177006326476103
222.3415093421936,12.173083787213221
222.3435070514679,12.169255671163654
222.34550738334656,12.165515472090107
222.34750747680664,12.161863481545799
222.34956049919128,12.158312478598583
222.35150384902954,12.154869324126427
222.35356521606445,12.151538768471724
222.35558080673218,12.148309200275401
222.357586145401,12.145165963048179
222.3595085144043,12.142096692685849
222.36150813102722,12.139082050099075
222.3625693321228,12.136118583160819
222.3645098209381,12.133210156880205
222.36656832695007,12.130346877907387
222.3685507774353,12.127515613578034
222.37150859832764,12.124704872167436
222.3735044002533,12.121897142849969
222.37550449371338,12.119074817431308
222.37750363349915,12.116221255456725
222.3805069923401,12.113324888361465
227.90580582618713,12.110362186358639
227.90781211853027,12.10731491509395
227.91108560562134,12.104165029974078
227.9137134552002,12.100890016803964
227.9167139530182,12.097475811785644
227.921151638031,12.093916953914816
227.92443990707397,12.090211532478472
227.9274387359619,12.086370695490913
227.93144011497498,12.082389889663313
227.93443536758423,12.078264887300818
227.93848538398743,12.073993843735217
227.9415066242218,12.069574859402678
227.94451141357422,12.065004563132389
227.94761395454407,12.06027679119619
227.95100235939026,12.055398750701041
227.9530086517334,12.05038255471573
227.9560046195984,12.045236509175986
227.9590039253235,12.039979128051577
227.96106815338135,12.034620365214987
227.96308994293213,12.029185441858688
227.96510672569275,12.023682289320648
227.96810841560364,12.018127753117646
227.96910667419434,12.012531223637238
227.97110843658447,12.006896216020074
227.9731080532074,12.001212853949287
227.97610688209534,11.995484385860221
227.97754955291748,11.989695862480954
227.97856187820435,11.983856092540977
227.98121166229248,11.977990813982878
227.98294281959534,11.972129323906119
227.98452067375183,11.966306619332846
227.98617959022522,11.960551627373688
227.98819780349731,11.954898520554865
227.99022841453552,11.949377524553952
227.99220776557922,11.944025011024141
227.9932005405426,11.938881866114745
227.99520087242126,11.933995533379349
227.99720287322998,11.929401369736702
227.998202085495,11.92513433653532
228.00120639801025,11.921209091418257
228.00327491760254,11.917635104679862
228.0052034854889,11.91440698906725
228.00620126724243,11.911527016368986
228.00820064544678,11.909007289476929
228.01020169258118,11.906851106977651
228.01220440864563,11.90504698021533
228.01420521736145,11.903562356831927
228.016357421875,11.902355732832085
228.01871037483215,11.901375784390464
228.01972675323486,11.90057275266425
228.02172780036926,11.899894148846053
228.02373051643372,11.899292718009828
228.02572512626648,11.898721468431
228.0267252922058,11.89813526050194
228.02872467041016,11.897492821158849
228.03072381019592,11.89675978052856
228.03272581100464,11.895903384711236
228.03472900390625,11.894898338855212
228.03672432899475,11.893740213271233
228.03872513771057,11.892440514092915
228.04072666168213,11.89101507611589
228.0427258014679,11.88948493699812
228.04472756385803,11.887878366012023
228.04618310928345,11.886219491292575
228.04719948768616,11.884537959535688
228.0491955280304,11.882859041550349
228.0512011051178,11.881207177590946
228.0532009601593,11.879604132937423
228.05519580841064,11.878062564397219
228.05619740486145,11.876602782620717
228.05920386314392,11.875238708342874
228.06119871139526,11.873978862651196
228.06319904327393,11.872835966517297
228.06520080566406,11.871827115043432
228.06719613075256,11.87096883752768
228.06919741630554,11.870262078552273
228.07019639015198,11.869713942131652
228.07219791412354,11.869319379850475
228.07320928573608,11.869090148447047
228.07519960403442,11.869035131345136
228.07720112800598,11.869167631649379
228.0782024860382,11.86949705631913
228.07920050621033,11.870027621754362
228.0811984539032,11.870757163711103
228.0831949710846,11.871682992319563
228.0851972103119,11.872811783694152
228.08719635009766,11.87414357204738
228.0881962776184,11.875697634363055
228.08919739723206,11.87750190284227
228.0912001132965,11.879569783754302
228.09319758415222,11.881907898814164
228.09419775009155,11.88449631967072
228.09620451927185,11.887297997538171
228.0982038974762,11.890286108615463
228.09919810295105,11.893423354878369
228.1025414466858,11.896687247911473
228.1045436859131,11.900050031329277
228.1055393218994,11.903485092015245
233.59245014190674,11.90698003632889
233.5943820476532,11.910533542309588
233.59744000434875,11.91414443469829
233.60025215148926,11.917821163429338
233.60232090950012,11.921569670548061
233.60524487495422,11.92537761999662
233.60824537277222,11.929229170487046
233.6122453212738,11.933119144018384
233.61525082588196,11.937056808227208
233.61724877357483,11.941041230036262
233.62074398994446,11.94504954073275
233.6227490901947,11.949069803629419
233.62618565559387,11.953104521553875
233.62920665740967,11.957126037733842
233.63320541381836,11.961140558699329
233.63520550727844,11.965137376911615
233.63820886611938,11.9691253334864
233.64020156860352,11.97309842041756
233.64320540428162,11.977063805025443
233.64420342445374,11.98101864401032
233.64664435386658,11.98497655737282
233.64865636825562,11.988918628632057
233.6501545906067,11.992834190747875
233.6516137123108,11.99672729994613
233.65563011169434,12.000589349323397
233.65762853622437,12.004431191639902
233.6596291065216,12.008264143634392
233.66062760353088,12.012105433207733
233.66262936592102,12.015979140844635
233.6646285057068,12.01989059958433
233.66562676429749,12.023839186621075
233.6676321029663,12.02782873159952
233.66963171958923,12.031843067101569
233.67062759399414,12.035902356486465
233.6726987361908,12.040012642057386
233.67462921142578,12.044173760105062
233.6806344985962,12.048398001757445
233.68562698364258,12.052701216335436
233.69162774085999,12.057093614477527
233.69463443756104,12.061624915989192
233.69762659072876,12.066365853229785
233.7017216682434,12.071352056105546
233.70571327209473,12.07668435902872
233.7081446647644,12.0823738838408
233.71115922927856,12.088426507339383
233.71416234970093,12.094827375914559
233.71715998649597,12.101535167130022
233.72116208076477,12.10851930067978
233.72416186332703,12.115751319092308
233.72716116905212,12.123179130780859
233.7301585674286,12.130773579248114
233.73415541648865,12.138547494927607
233.73515725135803,12.146450441927414
233.73915314674377,12.154442813030013
233.7421543598175,12.162494898488738
233.74515914916992,12.17058475126944
233.74816131591797,12.178741871180051
233.75115942955017,12.18695313353036
233.754159450531,12.195231435269985
233.75715279579163,12.203570506753453
233.7611575126648,12.211952484717724
233.76415920257568,12.220344468123104
233.7671594619751,12.228700525838654
233.77016258239746,12.236987635446232
233.7741596698761,12.245193237850561
233.7771553993225,12.253279390020168
233.78128218650818,12.261202026489284
233.78329730033875,12.268935177231103
233.7872977256775,12.276459731166481
233.7912962436676,12.283783331021567
233.79329776763916,12.290914590465032
233.79630064964294,12.297872549421946
233.79829788208008,12.304692257355612
233.80029892921448,12.311417674654571
233.80329871177673,12.318073547764374
233.80630207061768,12.32469789701199
233.80830121040344,12.331313386750972
233.81130695343018,12.337967176210011
233.81330394744873,12.344686090886182
233.81630110740662,12.35150712329532
233.8183617591858,12.358462858341285
233.8203752040863,12.365554604576836
233.82230281829834,12.372776841499249
233.82537150382996,12.380118783169753
233.82730770111084,12.387512992263344
233.83030462265015,12.394945598878559
233.8323049545288,12.402396520372488
233.8343071937561,12.40988124166854
233.83730101585388,12.417404646436028
233.83831453323364,12.424939368485662
233.84030151367188,12.432475260168607
233.84230542182922,12.439970784973967
233.84530115127563,12.447415437513682
233.84730124473572,12.454778251509236
233.85030508041382,12.462094776323417
233.8523027896881,12.469403579717696
233.8553056716919,12.476725924886132
233.85730457305908,12.484108968954034
239.28742671012878,12.491554475620454
239.28942942619324,12.499103558901982
239.29043078422546,12.506735351876102
239.29258275032043,12.51444608265906
239.29479146003723,12.522214490824984
239.29678797721863,12.530071831471872
239.2987904548645,12.537987745383337
239.30079293251038,12.545849763912928
239.30378770828247,12.553571273832
239.30578804016113,12.561106211796638
239.30778884887695,12.56833875634342
239.30878901481628,12.575274314057157
239.3107852935791,12.581934095067528
239.31279182434082,12.588352868801806
239.31378293037415,12.594558814025026
239.3147964477539,12.600583565605962
239.3177833557129,12.606496529745325
239.31879115104675,12.612458017685189
239.31978750228882,12.61850393157444
239.3233025074005,12.624745666063744
239.32557106018066,12.631310466799048
239.32759761810303,12.638351169009072
239.32906103134155,12.645899153106685
239.33102679252625,12.65405243314771
239.3322811126709,12.662923483741872
239.33448433876038,12.67258870921968
239.3359715938568,12.6830344467587
239.33798170089722,12.694278297161647
239.34098291397095,12.70623793597778
239.34198427200317,12.718955305770388
239.3439793586731,12.732190884728082
239.34642100334167,12.74585519142606
239.34742140769958,12.759665963198115
239.3488166332245,12.773396115614934
239.35129714012146,12.786853271011228
239.35261750221252,12.799944574229965
239.35520195960999,12.812521276751328
239.35621786117554,12.824388705555231
239.35822105407715,12.835481415715375
239.3602168560028,12.845653283025694
239.3622169494629,12.854865900338922
239.36422324180603,12.863194899849336
239.36621165275574,12.87080181273421
239.3682177066803,12.87786755105202
239.36921644210815,12.884613355930052
239.37121510505676,12.891200708075646
239.3732192516327,12.89739879610855
239.3742184638977,12.903836448217252
239.37621235847473,12.91061410111747
239.37821888923645,12.917852467270668
239.3802170753479,12.925663184293922
239.38221430778503,12.933936510791455
239.38321471214294,12.942633269880183
239.38521909713745,12.951661637585033
239.38721823692322,12.960895179497424
239.3892207145691,12.970221064262404
239.39164471626282,12.979533284630925
239.39364433288574,12.988765729575238
239.39564394950867,12.997916019743654
239.39764428138733,13.006960835117896
239.39895963668823,13.015916381275916
239.40115666389465,13.024880520106606
239.4029746055603,13.033880634471673
239.40497517585754,13.042954149513957
239.407972574234,13.052057972203926
239.41005158424377,13.061043360915935
239.41097402572632,13.069835067533107
239.4129741191864,13.07831728918744
239.41557598114014,13.086409851733107
239.41757655143738,13.094045921419244
239.4195761680603,13.101277189616463
239.4215760231018,13.108032037221884
239.42257809638977,13.114351339023814
239.42457604408264,13.120267784029187
239.426575422287,13.125815310311824
239.42872166633606,13.131069856881526
239.43072152137756,13.136150141235628
239.432719707489,13.141083751669912
239.4347219467163,13.145985629333085
239.43771982192993,13.150727109410928
239.43972277641296,13.155404417843355
239.44175577163696,13.160040777085161
239.44375944137573,13.164583612762796
239.44475483894348,13.168994445368758
239.4477572441101,13.173177309463968
239.44976019859314,13.177182673505184
239.4517617225647,13.18098898189059
239.45275712013245,13.18461119640407
239.45475316047668,13.188068835421822
239.4567573070526,13.191353368478705
239.4577567577362,13.194406884647567
239.4600808620453,13.19726161814505
239.4621229171753,13.19996473877446
239.46411514282227,13.202499844927338
239.4661192893982,13.20485429034822
239.4681224822998,13.207001028765053
239.46911549568176,13.208919243546212
239.47112441062927,13.21059957845167
244.98276615142822,13.212123903305612
244.984765291214,13.21351855581291
244.98684930801392,13.214845300856279
244.98977947235107,13.216112454206533
244.99277520179749,13.21734889379956
244.995774269104,13.21860454574877
244.99877667427063,13.219845014097595
245.00086092948914,13.22106993125497
245.00335597991943,13.22230594523589
245.00637292861938,13.223494016209019
245.0093686580658,13.224612485537444
245.0127124786377,13.22565787537419
245.01384496688843,13.226600381611679
245.01584601402283,13.227454285985546
245.01705861091614,13.228213955962213
245.01805758476257,13.228843031661544
245.01954293251038,13.229324508023087
245.02188348770142,13.229642021069107
245.0238881111145,13.229790889836869
245.02588653564453,13.229780776391056
245.02725911140442,13.229573287052204
245.0282747745514,13.229162702183697
245.03036546707153,13.228541956499779
245.0332748889923,13.227726550571358
245.03527545928955,13.226732501240065
245.03727555274963,13.225568015881965
245.04027819633484,13.224260951693195
245.0417251586914,13.222823385634374
245.0431306362152,13.221264964295493
245.04413509368896,13.219587578890042
245.0461323261261,13.217800458016116
245.04839873313904,13.215908478559568
245.04941701889038,13.213975928413687
245.0514099597931,13.212043125828526
245.05249500274658,13.210077219793378
245.05462050437927,13.208044715864014
245.0567283630371,13.205886998303278
245.05873680114746,13.203534843683643
245.0617434978485,13.20094126370568
245.06274724006653,13.198076266076118
245.0647497177124,13.19490394050884
245.06620597839355,13.19137429505409
245.06820511817932,13.187425409587993
245.0702064037323,13.183010647511994
245.0722041130066,13.178145971120623
245.07421278953552,13.172885883558937
245.0762038230896,13.167347723903061
245.07847952842712,13.161668312273717
245.07947254180908,13.156015227205286
245.08146858215332,13.150564760411559
245.08347344398499,13.145449524135516
245.08647322654724,13.14077974600161
245.08861684799194,13.136587513065672
245.09013104438782,13.132853353940916
245.09206295013428,13.129533777233641
245.09422874450684,13.12659220682225
245.09523797035217,13.123974979449372
245.0970115661621,13.121627989894138
245.09902429580688,13.11942313712549
245.10102725028992,13.11721849501382
245.10302734375,13.114890344003923
245.10503029823303,13.112286031350607
245.10702848434448,13.10929617669976
245.10902428627014,13.105797482028677
245.11002445220947,13.101686847666505
245.1120240688324,13.096832125336636
245.11402201652527,13.091183973355905
245.1160283088684,13.084626555767834
245.11880588531494,13.077107859177612
245.11980605125427,13.068639263158115
245.12280797958374,13.059183342521997
245.12423610687256,13.048768987450366
245.12625551223755,13.037488843042178
245.1282513141632,13.025445116815996
245.13032293319702,13.012751143483674
245.1332504749298,12.99952315699702
245.13425135612488,12.985874474621891
245.13667130470276,12.971923642758465
245.13866686820984,12.957814756126357
245.1400921344757,12.943610061185764
245.14164781570435,12.929406417060452
245.14333248138428,12.915252821060355
245.14491295814514,12.901242292603955
245.14820623397827,12.886906487380498
245.15021467208862,12.871453186369136
245.15121459960938,12.85642631071444
245.15374732017517,12.841808489665967
245.15674662590027,12.82750373995345
245.15774416923523,12.813424439723853
245.1597490310669,12.799526223236409
245.16074776649475,12.785783984657558
245.16274213790894,12.772241997136002
245.16375422477722,12.758839180944014
245.16598057746887,12.745566502799711
245.1669945716858,12.732398322784293
245.1689908504486,12.71924173219107
245.17016768455505,12.706069478767997
245.17216539382935,12.692841272498038
250.67746567726135,12.67958403513515
250.67961287498474,12.66636562861228
250.68114113807678,12.653183600983457
250.68215346336365,12.640061294907177
250.684157371521,12.627014956469425
250.68516087532043,12.614091702658667
250.68815445899963,12.601315630867667
250.69016528129578,12.588627191160846
250.6911599636078,12.575908778345427
250.69315791130066,12.563199916688212
250.69515991210938,12.55033226801805
250.69754147529602,12.537182554515113
250.69855546951294,12.523692176755684
250.70055270195007,12.509880176377344
250.70365357398987,12.495573837844715
250.7056770324707,12.480639048796219
250.70666432380676,12.465054363000052
250.7091236114502,12.448837872212547
250.71013259887695,12.431954309455477
250.71139860153198,12.414271334434485
250.7125277519226,12.395944828504659
250.71358442306519,12.376915436663161
250.71559619903564,12.357198618933351
250.7175943851471,12.336733430932432
250.71868920326233,12.31562308338646
250.7197036743164,12.293897641095702
250.72219967842102,12.271615767439556
250.72325086593628,12.248981180558275
250.72625946998596,12.226096740936594
250.72725701332092,12.203150828490449
250.72942447662354,12.180275247507787
250.7309319972992,12.157576031643583
250.73294377326965,12.135034658997299
250.73394584655762,12.112788485732688
250.73544573783875,12.090895052401848
250.73746275901794,12.069407067639494
250.73845529556274,12.048365796526717
250.7409086227417,12.027751894541781
250.74290585517883,12.007681756891255
250.74491238594055,11.9879986825149
250.74690508842468,11.968726751034835
250.74890971183777,11.949967034652504
250.7509069442749,11.931630291773251
250.75290393829346,11.913735590302842
250.75390458106995,11.896314720007917
250.75590252876282,11.87920282626813
250.75790429115295,11.862354458882361
250.759907245636,11.845585978410577
250.76202058792114,11.828924302677933
250.76302933692932,11.812166094088003
250.76503372192383,11.795151953026712
250.7670283317566,11.777827800517732
250.76802802085876,11.760156989978098
250.76903319358826,11.742062267753822
250.77176427841187,11.723486517586078
250.772780418396,11.704256261109126
250.77527236938477,11.684414272485359
250.7777876853943,11.664116746710873
250.77892470359802,11.643447823774924
250.78092241287231,11.622394878291628
250.78292036056519,11.601114877357556
250.78492045402527,11.579644597149256
250.7859206199646,11.558091244697387
250.788019657135,11.536610821608285
250.7900516986847,11.51524357292052
250.7920434474945,11.493811163646491
250.79404830932617,11.47269327924746
250.79604411125183,11.45217897098263
250.79804944992065,11.432107434178368
250.79904961585999,11.412569642945973
250.80104732513428,11.393818438718897
250.8032488822937,11.375521873741693
250.80424237251282,11.357599782001282
250.80624651908875,11.339976590076205
250.80824899673462,11.322486843099798
250.81024479866028,11.305011110178938
250.81225657463074,11.28715038147901
250.81324315071106,11.269302443507636
250.8155825138092,11.251231499164978
250.81658053398132,11.232806263822226
250.8178927898407,11.214236723553602
250.819904088974,11.19560034543262
250.8209102153778,11.17671307482726
250.82290363311768,11.157495028957737
250.82397627830505,11.137901383552645
250.82598781585693,11.117937147174953
250.8279891014099,11.097563129927591
250.8289873600006,11.076698270324638
250.83046793937683,11.055163413758635
250.8324818611145,11.032932414809244
250.83347749710083,11.010155239924499
250.83479738235474,10.986960396142173
250.83721828460693,10.962750007339062
250.83865642547607,10.93773066029961
250.84011149406433,10.912346302834846
250.84197425842285,10.886204706057278
250.84298968315125,10.859393668706616
250.84498476982117,10.832110325856789
256.3860037326813,10.80393389188796
256.38799571990967,10.774962760697726
256.3910572528839,10.74495166166646
256.3939960002899,10.713880329676762
256.39699268341064,10.68193526487028
256.40099239349365,10.64949505110222
256.4039888381958,10.616799097885739
256.40699458122253,10.58392417517873
256.41098833084106,10.55087063211502
256.4139895439148,10.528082765659729
256.41598892211914,10.507592680649168
256.4189920425415,10.487847722448672
256.420991897583,10.468750283732563
256.4240596294403,10.45005767359679
256.42598605155945,10.431762895431993
256.42798829078674,10.413460425142125
256.4304873943329,10.39478463960609
256.4325029850006,10.375755670784626
256.43550515174866,10.35641215635526
256.4388861656189,10.33682119403072
256.44001388549805,10.317056543175745
256.4413652420044,10.297392201324351
256.44338059425354,10.277862295820217
256.4453740119934,10.258325127587957
256.451785326004,10.238769586448987
256.456050157547,10.219204225518176
256.46158623695374,10.199914736997824
256.46497416496277,10.180720327354095
256.4699876308441,10.16177066080409
256.4749746322632,10.143037658862033
256.47797536849976,10.12444192986369
256.48097825050354,10.105846042953013
256.48497796058655,10.087333601841925
256.48797607421875,10.068784544886412
256.49197268486023,10.05026541182285
256.49397587776184,10.031724684401802
256.4959774017334,10.01317788084203
256.49797916412354,9.99453166382928
256.4989778995514,9.975802391842828
256.50197744369507,9.957008833820373
256.5039744377136,9.937979774099242
256.5059757232666,9.918702817536381
256.5079803466797,9.899195881746824
256.5089747905731,9.879562204487675
256.51198148727417,9.859753345106453
256.51497745513916,9.83968811564128
256.5189790725708,9.819199248647667
256.52297830581665,9.798292895529109
256.5249741077423,9.776844890257292
256.52797389030457,9.754890216858403
256.52998065948486,9.73254238681725
256.531973361969,9.709982526272954
256.5339825153351,9.687431755545056
256.53597950935364,9.665068050685278
256.53797721862793,9.642788865811955
256.5399811267853,9.620720179141998
256.54396772384644,9.598937204016435
256.5469765663147,9.577393371404629
256.54897904396057,9.55614362485993
256.5529799461365,9.53504863136613
256.5559780597687,9.513846700375158
256.55897665023804,9.492475198935084
256.5609769821167,9.47063965074602
256.5639760494232,9.448381397727816
256.5659749507904,9.42552489442538
256.56797456741333,9.401930939152841
256.5699727535248,9.377593563666352
256.5713770389557,9.352419652913602
256.57284235954285,9.32654018311107
256.5748538970947,9.300059979743398
256.5771429538727,9.272822674203947
256.5791480541229,9.244981458778481
256.5812976360321,9.216449428607728
256.5829162597656,9.187299542065581
256.5848455429077,9.157628756060578
256.58584332466125,9.12710208508246
256.58892917633057,9.095796881999187
256.5909161567688,9.063614281563272
256.5932824611664,9.03060670803686
256.59539556503296,8.996525563940146
256.5973057746887,8.961378613181255
256.59940004348755,8.924868365344183
256.6003968715668,8.886968563932939
256.60238456726074,8.847523875077153
256.60544753074646,8.805902559028032
256.6064465045929,8.762633134304181
256.6094460487366,8.717067435573385
256.61143946647644,8.66884720320563
256.6134443283081,8.617700708502598
256.6155242919922,8.56231789241049
256.61853098869324,8.502146499613275
256.6204447746277,8.436929337403106
256.6234447956085,8.365960048784135
256.62551069259644,8.289185099818882
256.6274425983429,8.205631037292598
256.62943983078003,8.014596899883932
256.6314375400543,7.832516481250337
256.63352155685425,7.664499512313954
262.07218050956726,7.507316289553799
262.07525181770325,7.3596634785665165
262.0771994590759,7.221271998915249
262.08017921447754,7.090828865211569
262.0831799507141,6.966673000927841
262.0861825942993,6.849456073194002
262.08918619155884,6.736770452116129
262.09325885772705,6.6284694058266
262.09670329093933,6.523954144283152
262.10011434555054,6.423866040397477
262.1021463871002,6.328524359121239
262.10519003868103,6.238357029583247
262.10719418525696,6.1530137626509935
262.1096045970917,6.072730865981388
262.11260533332825,5.996876087284034
262.1138961315155,5.92542854107161
262.1163372993469,5.858843547573877
262.1178369522095,5.8310942806084585
262.11991024017334,5.804446882098003
262.1218478679657,5.778712997070865
262.12401247024536,5.753831092819555
262.1249420642853,5.729317664284979
262.12694001197815,5.705088231612845
262.12794065475464,5.680970533815378
262.130343914032,5.656528971599826
262.1322920322418,5.6315413815778275
262.1342873573303,5.605907472806805
262.1363558769226,5.579487819683342
262.13828587532043,5.552670264236731
262.1393690109253,5.525321121957498
262.14229106903076,5.497825698562513
262.14333605766296,5.470455074699295
262.1455738544464,5.443181589781979
262.14675855636597,5.416093981135304
262.1478633880615,5.389577114095037
262.1507742404938,5.363702058900069
262.15177178382874,5.338626882442846
262.15377593040466,5.3144557994161605
262.15477561950684,5.291317360589414
262.1567771434784,5.26933630707756
262.1577727794647,5.248605786968594
262.15977358818054,5.22913855794681
262.1617691516876,5.210854748428863
262.16377353668213,5.193734900538931
262.1657729148865,5.177705282358418
262.1677780151367,5.1626779273998515
262.1699013710022,5.148513723126686
262.17189741134644,5.135157670553505
262.1739721298218,5.122581680372659
262.1758985519409,5.110614635616093
262.177898645401,5.099155083501355
262.1788945198059,5.088243717543587
262.1808943748474,5.07777725145409
262.18289828300476,5.067606086260093
262.18496561050415,5.057789999257891
262.18689799308777,5.048399503698787
262.18989777565,5.039253985117463
262.1918954849243,5.030356931558098
262.19289684295654,5.021703347582101
262.19588971138,5.013205970835087
262.1968891620636,5.0049043670577635
262.19888854026794,4.996731220823592
262.2018883228302,4.98865897307192
262.2028913497925,4.980740258396171
262.2038908004761,4.973017084599714
262.20625376701355,4.965390743705431
262.2086429595947,4.957897263548884
262.21065068244934,4.950579763827661
262.21165585517883,4.9434653022462
262.21365332603455,4.936501315981768
262.21517300605774,4.929736164484017
262.21617126464844,4.923187618810917
262.21823263168335,4.916817676333058
262.22017192840576,4.910659115508389
262.2221713066101,4.904708187670751
262.2241675853729,4.898973642165104
262.2251672744751,4.893428520361162
262.22716760635376,4.888040245483571
262.22916769981384,4.882859454576477
262.2301685810089,4.877816550695758
262.2321717739105,4.872952578227089
262.23317432403564,4.868245788878408
262.2352457046509,4.863711698056503
262.2371771335602,4.859290632550607
262.23817205429077,4.854905212689298
262.2402501106262,15.817676838408104
262.24117374420166,15.799368927139163
262.24323058128357,15.780862037942745
262.245178937912,15.761999335182296
262.24717950820923,15.742497879038279
262.2491719722748,15.722268955754215
262.25023674964905,15.701163436202624
262.2527425289154,15.678844150293822
262.2537434101105,15.655688989365416
262.25574231147766,15.631907534815824
262.25774359703064,15.607151333436905
262.2597472667694,15.581529402657944
262.26174235343933,15.555209164945905
267.77302956581116,15.528444486771368
267.7764265537262,15.501130609088577
267.77842235565186,15.47340155696064
267.78134179115295,15.445111157438237
267.783504486084,15.41642047602688
267.78650283813477,15.387183120126815
267.7905042171478,15.3574048259659
267.79357528686523,15.327115571023162
267.79550671577454,15.2964941734598
267.7985019683838,15.265845091111483
267.8005037307739,15.235442159719252
267.8039584159851,15.205471693635666
267.8062233924866,15.178438480596636
267.8081409931183,15.15419103330171
267.81020879745483,15.132342845543464
267.81314158439636,15.112925591392063
267.8151454925537,15.095409776287791
267.8171408176422,15.079739535163991
267.81921911239624,15.06591494942626
267.82114338874817,15.05387864635081
267.8231427669525,15.043441198099034
267.8251442909241,15.034457113930063
267.82719016075134,15.026842345674753
267.8291416168213,15.020250492811439
267.8311388492584,15.014498861385329
267.83360743522644,15.009426756628088
267.83569145202637,15.004789107327412
267.8368339538574,15.000278730515
267.83885192871094,14.99549842662271
267.8408486843109,14.99038035844589
267.8428523540497,14.9846258493744
267.844842672348,14.978194170738167
267.8469309806824,14.971024153986203
267.84884905815125,14.963254559646414
267.85098576545715,14.95492999589204
267.85400223731995,14.946067821758968
267.8560001850128,14.93681896624267
267.85800409317017,14.927453197931758
267.8590021133423,14.918072501498362
267.8610029220581,14.908664095944692
267.8630015850067,14.899365667011692
267.865003824234,14.890019868320774
267.8669991493225,14.880533901025064
267.86826252937317,14.870858427713497
267.8696131706238,14.860985189100749
267.87162733078003,14.850790683775855
267.8736355304718,14.840307884667725
267.8746259212494,14.82944750213371
267.8776185512543,14.818235403881072
267.87862634658813,14.806594517162015
267.8796224594116,14.79465601398635
267.8816215991974,14.782503021397805
267.88362193107605,14.770215467036444
267.8846254348755,14.758065915879188
267.88662338256836,14.746272185263257
267.8886249065399,14.734912072278577
267.8901307582855,14.724134352206985
267.8911328315735,14.713874258142017
267.89313769340515,14.704151634384923
267.8948497772217,14.69494441403356
267.8968551158905,14.686183811407085
267.89785289764404,14.677719973657755
267.9001488685608,14.669549582209452
267.9021453857422,14.661518327874358
267.9041419029236,14.653605556318713
267.9061391353607,14.645643525638613
267.9081470966339,14.63761275805471
267.9101450443268,14.629371808120084
267.9111452102661,14.621024425213522
267.9138824939728,14.61236331765361
267.9159026145935,14.60361755332432
267.9168996810913,14.594770607119692
267.9189009666443,14.585686665966444
267.91989636421204,14.576272638061292
267.92189621925354,14.566745227887322
267.92390155792236,14.55704825087576
267.9259035587311,14.547203993349264
267.9269013404846,14.537248799096348
267.92890310287476,14.527295376392718
267.93089723587036,14.517217082339231
267.93290090560913,14.507107015434759
267.9349000453949,14.497028680309144
267.93660521507263,14.486959367247884
267.938604593277,14.47683527075797
267.9406068325043,14.466610985658685
267.94260478019714,14.456253615670464
267.9445993900299,14.445757729980143
267.94767451286316,14.435127526909316
267.9496030807495,14.424350170916748
267.9516098499298,14.413461200456855
267.95360589027405,14.402449149058986
267.95660614967346,14.391385850256066
267.95860624313354,14.380327626424187
267.9606053829193,14.3692754466717
267.9626657962799,14.358213876980225
267.9636013507843,14.347147120782914
267.9655981063843,14.33610299754034
267.96759247779846,14.325068937149643
273.47470211982727,14.31417941934336
273.4776244163513,14.303411277988108
273.48062348365784,14.292720928920629
273.48362922668457,14.28215205562472
273.48662519454956,14.271719252111854
273.4886200428009,14.261386132227816
273.4906225204468,14.251185464737604
273.49362230300903,14.24101597451286
273.49589347839355,14.230863061115409
273.49815702438354,14.220678733638273
273.4991602897644,14.210419065914996
273.5042316913605,14.200107040015649
273.50724625587463,14.189698811098845
273.50924849510193,14.179218352397
273.5115113258362,14.16868890919307
273.5135250091553,14.158117371812006
273.515527009964,14.147469562944053
273.51652669906616,14.136796233406011
273.5185227394104,14.126092759247276
273.520525932312,14.115383012174101
273.52258920669556,14.10466370351057
273.5245144367218,14.093955904625327
273.5255091190338,14.083297725162737
273.52750611305237,14.072713209261314
273.52951073646545,14.06224285055297
273.53260469436646,14.05191584860897
273.53450870513916,14.04175998246075
273.53550720214844,14.031753913966117
273.5385100841522,14.0219022194433
273.54051303863525,14.012210090717804
273.5415117740631,14.002649635039823
273.5435085296631,13.99320101177606
273.5455164909363,13.983831236730474
273.5475137233734,13.974519180937861
273.5495934486389,13.96521358621251
273.551509141922,13.955876572974448
273.5526702404022,13.946493090963836
273.5559844970703,13.937065167839995
273.5569906234741,13.927584461541525
273.5599932670593,13.918041161799685
273.56231451034546,13.908464085094925
273.56431221961975,13.898853244525766
273.56631231307983,13.889334309327658
273.5683081150055,13.879920323425182
273.56935143470764,13.870594852704013
273.57131147384644,13.861433724037562
273.57331347465515,13.852480034539653
273.5753183364868,13.843755065004242
273.5773129463196,13.835236307713489
273.57931542396545,13.826941656466843
273.5813727378845,13.818871097166042
273.5833201408386,13.81100175543099
273.58531045913696,13.803304439790729
273.58731341362,13.795677400997576
273.5893111228943,13.788132274103045
273.59031105041504,13.780623484141389
273.59231209754944,13.773121631245743
273.5943121910095,13.765618185863824
273.59631156921387,13.7581928022189
273.5973129272461,13.75082316930616
273.59994316101074,13.743614879130787
273.60095596313477,13.736540699668849
273.6019551753998,13.729710188132422
273.6032643318176,13.723172833122598
273.60528087615967,13.716924032080733
273.6067810058594,13.71096444746699
273.6077938079834,13.705191483679151
273.6087956428528,13.699647458874207
273.6107931137085,13.69432035570752
273.6140732765198,13.689111650800163
273.61509251594543,13.684026522639293
273.6170871257782,13.679021726778736
273.6190903186798,13.67398825720517
273.6210980415344,13.6692341417353
273.62309527397156,13.6646277829492
273.62515234947205,13.660018845686315
273.62709069252014,13.655401880202525
273.62908911705017,13.650712680481327
273.63008999824524,13.645917548998078
273.6320974826813,13.641002973659015
273.6350939273834,13.635892731641984
273.6370928287506,13.63055272048642
273.6400942802429,13.624973664128401
273.64109206199646,13.619154824289252
273.643093585968,13.613057778884198
273.64509320259094,13.60672710519111
273.6470949649811,13.60014341191881
273.6490910053253,13.593438510927173
273.6510925292969,13.586780974447565
273.65309047698975,13.580154421780755
273.6550920009613,13.573662273791708
273.65709352493286,13.567180437198953
273.6590883731842,13.56078471340768
273.66110348701477,13.554580596734331
273.66209268569946,13.548577592411714
273.66409182548523,13.542780943118773
273.66555309295654,13.537270938741889
273.66686487197876,13.532058378939423
279.1586983203888,13.527151875461412
279.1606299877167,13.52262620314825
279.1636233329773,13.518497725538893
279.1666226387024,13.514786333614888
279.1686234474182,13.511485113272283
279.17069721221924,13.508506312545954
279.17362904548645,13.505826741691045
279.17762565612793,13.503343146795103
279.18062448501587,13.500993657837274
279.1836235523224,13.498781650783094
279.18562746047974,13.496662066730012
279.18831872940063,13.494593045195014
279.18964982032776,13.492583628822711
279.19388484954834,13.49053417687073
279.19588828086853,13.488415827834789
279.1978840827942,13.486332952286762
279.20045042037964,13.484301517742411
279.2019064426422,13.482275023215898
279.2049171924591,13.480345705794752
279.2074010372162,13.478447157229489
279.2094211578369,13.476447237584532
279.2114634513855,13.474225862951258
279.21389389038086,13.471716909673463
279.21491503715515,13.468770617310488
279.21758222579956,13.465584068255737
279.21910071372986,13.462203383272113
279.2209131717682,13.458620887526143
279.2236359119415,13.454862586933878
279.2257294654846,13.45089649548681
279.22788071632385,13.446776868555931
279.22998571395874,13.442459014976423
279.2319748401642,13.437999010465953
279.23490166664124,13.433320195086523
279.2359013557434,13.428326603084834
279.2389705181122,13.423080082128253
279.2409038543701,13.417472230234985
279.2439067363739,13.411559838385191
279.24690318107605,13.405351901532185
279.2489037513733,13.398797523959843
279.2508969306946,13.392009884411792
279.2528989315033,13.385017670595133
279.255898475647,13.37794130776078
279.25790572166443,13.370792564439753
279.26251435279846,13.363648507846065
279.2644190788269,13.356524611052954
279.26742124557495,13.349454793347448
279.2694845199585,13.342455851605797
279.2714207172394,13.335605361026737
279.2755126953125,13.328844229195418
279.27856731414795,13.322214444635799
279.28256726264954,13.31575012360185
279.28658175468445,13.309542815347704
279.288565158844,13.303510361336464
279.28956413269043,13.29783583976674
279.2915725708008,13.29245926834025
279.2925696372986,13.287377174479523
279.29399013519287,13.282649158224128
279.2960045337677,13.2781630035481
279.2990267276764,13.273863452381875
279.3010025024414,13.269726795159764
279.30330085754395,13.265407745022095
279.306312084198,13.260889529629395
279.3078124523163,13.255973051308926
279.30982422828674,13.250733840023084
279.31183409690857,13.24480868999418
279.31382608413696,13.238156139485563
279.3159029483795,13.230565660551845
279.31790232658386,13.222012741287434
279.3205146789551,13.21257720817377
279.3235356807709,13.202149868681715
279.32653522491455,13.190797323494325
279.3285312652588,13.178732438664476
279.3315315246582,13.165897140248507
279.3345320224762,13.15242873918603
279.3369677066803,13.138304148683975
279.3399670124054,13.123786042793544
279.34196877479553,13.108981984524833
279.3449716567993,13.093798110835314
279.3470845222473,13.078294629369779
279.34809041023254,13.062353502267941
279.3500883579254,13.045906368114032
279.351526260376,13.028976364122416
279.3545377254486,13.01138875027817
279.35754203796387,12.993200081977431
279.35953998565674,12.974263893112388
279.36054706573486,12.954528387570372
279.36253929138184,12.934010904837386
279.3645372390747,12.912601697933775
279.3655426502228,12.890377802752065
279.3675365447998,12.874091639534107
279.3699026107788,12.857647652326072
279.37291979789734,12.841155292940396
279.37535285949707,12.8246451995835
279.3773663043976,12.80798247068543
279.3786120414734,12.791151153615644
279.3808259963989,12.774172312649744
279.3830785751343,12.756850655476578
279.3857364654541,12.73930285093519
284.8605146408081,12.721480730221963
284.86242032051086,12.703480020268087
284.8644869327545,12.685339118551072
284.8674211502075,12.667046627650858
284.8704218864441,12.64861514652455
284.8735020160675,12.630106721504978
284.8764190673828,12.611451668381246
284.8784239292145,12.592647160638688
284.8806941509247,12.573739528040074
284.88269305229187,12.554666533259777
284.88477206230164,12.535448442756152
284.88623046875,12.516025599758986
284.8892493247986,12.496370080589374
284.89124751091003,12.47654383976309
284.89324736595154,12.456645699343913
284.8962426185608,12.436754351025872
284.8983199596405,12.416896726763303
284.8992443084717,12.397119065120126
284.901246547699,12.377450958754658
284.90460658073425,12.357844424798689
284.906601190567,12.338374172832612
284.9086055755615,12.318944735627863
284.9109013080597,12.299509266636889
284.91290068626404,12.28006316235527
284.9139106273651,12.260589673345708
284.9169065952301,12.241120886035036
284.91997170448303,12.221619889805037
284.9219002723694,12.202103664552773
284.92434549331665,12.182593250690346
284.9272530078888,12.163127706450162
284.9282627105713,12.143822361053413
284.9302887916565,12.124691033811528
284.93253111839294,12.10581681246692
284.93344593048096,12.087192323032111
284.93644666671753,12.06883245614771
284.93844723701477,12.050687332323946
284.9405026435852,12.032667551680476
284.9424457550049,12.014729632826578
284.9444508552551,11.996808297684435
284.9464530944824,11.97884354550959
284.9474456310272,11.960785103147915
284.9494414329529,11.942603894792356
284.95144391059875,11.924281234663333
284.95245122909546,11.905822038002905
284.95444917678833,11.88725722788836
284.9564492702484,11.868617541731973
284.95845913887024,11.849903068094243
284.9604516029358,11.831147613569817
284.9627287387848,11.812346825666422
284.96465945243835,11.793549699375255
284.96672773361206,11.774807577928815
284.96965432167053,11.75616597549047
284.97173261642456,11.737693814106546
284.97372579574585,11.719460139650522
284.9757487773895,11.701535241773708
284.97670817375183,11.683975757786431
284.97871375083923,11.666825850278176
284.9816586971283,11.65013628374552
284.98368287086487,11.63392295785979
284.9857313632965,11.618208506222008
284.9886622428894,11.603008704161066
284.9906623363495,11.588310284636147
284.991735458374,11.574100045505404
284.99565863609314,11.560363423662563
284.9976553916931,11.547074175562026
284.99965929985046,11.534216990191837
285.00166058540344,11.521781575122898
285.00365471839905,11.509738844418912
285.005656003952,11.498054831648425
285.0086588859558,11.486709001406028
285.0116591453552,11.475679578632914
285.01372480392456,11.464952306608396
285.01666164398193,11.454484962297286
285.01769971847534,11.444247029266252
285.0196611881256,11.434241488120373
285.0217719078064,11.424468003601934
285.02366042137146,11.414938044546465
285.0257420539856,11.405630998016525
285.0276720523834,11.39651446209967
285.02966117858887,11.38755797770639
285.0322678089142,11.378749537743508
285.03529047966003,11.37008652311585
285.03738021850586,11.36157207719061
285.0392897129059,11.353219114223899
285.0413520336151,11.345033800605416
285.0432960987091,11.337024480298217
285.04538083076477,11.32921216326
285.0482897758484,11.32162254996445
285.04936361312866,11.314238286778483
285.05136823654175,11.307071747092087
285.0523827075958,11.300108007321548
285.0543837547302,11.293359778228904
285.0563848018646,11.28684828895142
285.05838108062744,11.280586239046606
285.05838108062744,11.274556545134388
285.06073212623596,11.268728726756695
285.0627477169037,11.263067899214276
285.06466817855835,11.257578515857588
290.5443923473358,11.252280264572398
290.5457499027252,11.247191347056432
290.5482385158539,11.242368606033905
290.55074739456177,11.237860565401842
290.5526738166809,11.23368961827712
290.55517625808716,11.22986102631916
290.5571131706238,11.226426383084435
290.56012654304504,11.223416667967065
290.5621054172516,11.220841988560332
290.564106464386,11.218749341160104
290.568106174469,11.217204483622648
290.57019662857056,11.21627438664329
290.572110414505,11.215974258365769
290.57449889183044,11.216334146433486
290.57649636268616,11.217401879804456
290.5783257484436,11.219199699671169
290.5803413391113,11.221764008326693
290.582417011261,11.225085318170473
290.5843439102173,11.229159871584075
290.58634328842163,11.233971492745884
290.58733892440796,11.239510239314544
290.5954821109772,11.245747914320136
290.6004798412323,11.252700283549352
290.6054847240448,11.26034192939639
290.60848450660706,11.268629028328013
290.61448431015015,11.27746533811458
290.61748933792114,11.286779192858237
290.62148690223694,11.296482891899448
290.6235496997833,11.30650355828245
290.6274838447571,11.316690354486221
290.63148379325867,11.326991394887399
290.6354863643646,11.337344025374732
290.6394941806793,11.347699967154606
290.6434872150421,11.35799876558504
290.646479845047,11.368232802253075
290.64947986602783,11.378384245544773
290.6524920463562,11.388460688605532
290.6564874649048,11.398459162429269
290.65849137306213,11.408391394993096
290.66048860549927,11.41828504722552
290.66249227523804,11.428162614492873
290.6644868850708,11.438045366502495
290.6674783229828,11.447972653947286
290.6704788208008,11.458012639439444
290.6744775772095,11.468222137136866
290.6784794330597,11.478696658727646
290.6814794540405,11.489551122136831
290.6844844818115,11.500857340497314
290.686484336853,11.512651339483275
290.68848633766174,11.524973113235742
290.69149351119995,11.537877691767699
290.69449639320374,11.55139736400122
290.6974880695343,11.56556377587305
290.7014842033386,11.580388352533042
290.70448541641235,11.595921724749228
290.708487033844,11.612202385950091
290.7114918231964,11.629266286413275
290.7154884338379,11.647146549371516
290.7184841632843,11.665828328039913
290.7214848995209,11.68521990190558
290.7254846096039,11.705280590777537
290.72748470306396,11.725995759769686
290.7304904460907,11.747331727341642
290.7334842681885,11.769248278955317
290.7364866733551,11.791726209157995
290.73948431015015,11.814723358877222
290.74248814582825,11.838199248999448
290.74448895454407,11.862108049759026
290.74748706817627,11.886407341589674
290.749489068985,11.911033934353611
290.7524907588959,11.935907160278452
290.755695104599,11.960970478536524
290.76569175720215,11.986184578715601
290.7707004547119,12.011515731010263
290.77469778060913,12.03692048688249
290.77872037887573,12.062380094427594
290.78270268440247,12.0878128486553
290.7856938838959,12.113184931376558
290.7897000312805,12.138446838020602
290.7926917076111,12.163542439549397
290.7967004776001,12.188444112226422
290.7996928691864,12.213118010211957
290.8036892414093,12.237556877009826
290.80569314956665,12.261671304851951
290.8086919784546,12.285455385506614
290.81070351600647,12.308901921958181
290.81368923187256,12.332001627288236
290.81569266319275,12.354768266685301
290.81769371032715,12.377191096770273
290.8206856250763,12.399217336269409
290.8236927986145,12.42083217362376
290.8266935348511,12.442033690820445
290.82969331741333,12.46282192740624
290.8326961994171,12.483277000531746
290.8356924057007,12.503321093629452
290.8386900424957,12.523049274794102
290.8416922092438,12.542390482931312
290.8456916809082,12.561372981981693
296.2483456134796,12.579980175879392
296.2503550052643,12.598223331055916
296.2522885799408,12.616108469253646
296.2543604373932,12.633686443920373
296.25663113594055,12.650885492441885
296.25882840156555,12.667694256120708
296.2608480453491,12.68407363661988
296.2648425102234,12.700057178108302
296.2672791481018,12.715701599409014
296.2702775001526,12.73101224432337
296.2723467350006,12.746133025782413
296.2752797603607,12.761062180141835
296.2782733440399,12.77580666680916
296.2792761325836,12.79039876930452
296.28127360343933,12.804868154364073
296.28327989578247,12.819180460344112
296.285275220871,12.83325183542101
296.2882788181305,12.84697412954087
296.28927731513977,12.860231678423705
296.29227900505066,12.87298852891836
296.2932779788971,12.885255532516112
296.29627776145935,12.89807680880694
296.2982792854309,12.911238415989839
296.3002746105194,12.923986550907255
296.301278591156,12.93639992932264
296.30427598953247,12.94848956262695
296.3062791824341,12.960279246567504
296.30827593803406,12.971736037025533
296.3102762699127,12.982841126938249
296.3122715950012,12.993485048491621
296.31427025794983,13.00366006389004
296.315269947052,13.013328661270249
296.3177788257599,13.022520905994831
296.319771528244,13.03121844906154
296.3217890262604,13.039424929581958
296.3237738609314,13.04713088521729
296.3251714706421,13.054281383291022
296.3265299797058,13.060847298890915
296.3285496234894,13.066842301034628
296.32954454421997,13.072314366861361
296.3315417766571,13.077247510005495
296.3335440158844,13.081668527451548
296.3346164226532,13.085617784838067
296.3365442752838,13.089088840341407
296.3386318683624,13.09207492168205
296.33955931663513,13.094651285184083
296.3405420780182,13.096864015390453
296.3425407409668,13.098817239689504
296.345006942749,13.100632488333558
296.3470253944397,13.102343856022474
296.3490238189697,13.10402578793963
296.35002064704895,13.105631525518891
296.3520314693451,13.107248579699757
296.3544352054596,13.108837602426501
296.35592460632324,13.110423548782862
296.3573274612427,13.11210572154257
296.35871720314026,13.113798786132637
296.36071586608887,13.115567917360142
296.3627119064331,13.11725491090093
296.3637111186981,13.118727472106915
296.3653919696808,13.11990293253361
296.3666636943817,13.12065761655951
296.3696746826172,13.120945704946662
296.3706796169281,13.120680707669628
296.37167859077454,13.119874337943703
296.37367391586304,13.118677891314212
296.37495279312134,13.11708766591153
296.3764843940735,13.115160443543264
296.3784773349762,13.11293716084128
296.3804757595062,13.110547824846684
296.38148045539856,13.108011930305056
296.3834788799286,13.10531518451584
296.38548159599304,13.102464480155865
296.3874788284302,13.099561147927828
296.38948369026184,13.096548191455692
296.39105319976807,13.093283187197246
296.39205408096313,13.08989238004665
296.3940534591675,13.086438727744738
296.39504981040955,13.082784163616505
296.3970513343811,13.078822210159402
296.39905190467834,13.074518219844691
296.4000508785248,13.06984271188471
296.4020531177521,13.06483819419556
296.4034974575043,13.059565579222403
296.4055106639862,13.054069605542129
296.4075164794922,13.04814982976829
296.40851163864136,13.041782250111313
296.41051197052,13.03490887382639
296.4135148525238,13.027360815365949
296.4145121574402,13.018998635956137
296.4165105819702,13.009792091114694
296.4185140132904,12.999595735243071
296.42051458358765,12.98850296703027
296.42275619506836,12.976577096669123
296.4247536659241,12.963893230874618
296.4267575740814,12.950609009870263
296.42875599861145,12.93677403914778
296.42975759506226,12.92247524360481
301.9521818161011,12.907802426356179
301.95479130744934,12.892990509596777
301.9560716152191,12.881261672989458
301.9581549167633,12.870221565026535
301.9600853919983,12.859240939423522
301.96208691596985,12.848350172170232
301.9640898704529,12.837439271440228
301.96616101264954,12.826452093757089
301.96762919425964,12.815369959814417
301.9706439971924,12.804292911122936
301.9716441631317,12.793291665985501
301.9736428260803,12.782209012154148
301.9746434688568,12.771135516804694
301.97665190696716,12.760022771126408
301.97882413864136,12.748796838819505
301.98084139823914,12.737444329370252
301.9831624031067,12.725877965998993
301.9841568470001,12.714092202428729
301.98616218566895,12.702016182167828
301.9881634712219,12.689614279978564
301.9891667366028,12.676934441610245
301.99116802215576,12.663942191885763
301.9931609630585,12.650668068503677
301.9955503940582,12.637195265625635
301.9965560436249,12.62359681297067
301.9995574951172,12.61000187198652
302.0015468597412,12.59651842362937
302.00355076789856,12.583215750892117
302.00555300712585,12.57019182662585
302.0075521469116,12.557450865069494
302.0089342594147,12.544940377166172
302.010329246521,12.532615757196504
302.01234674453735,12.520485623887486
302.0144374370575,12.508614293432606
302.01636004447937,12.496973867437948
302.01842880249023,12.48560656508391
302.01934146881104,12.474444413304838
302.0223445892334,12.463514672645212
302.02455973625183,12.45289044545609
302.02569580078125,12.44246468634208
302.0277066230774,12.432251267236886
302.02970695495605,12.422212892602923
302.0317077636719,12.412233598400995
302.03371262550354,12.402320433743569
302.03570461273193,12.392342993020026
302.0367081165314,12.382302610386128
302.0397071838379,12.372188923068054
302.04070806503296,12.36199616280903
302.0437035560608,12.35174923109939
302.0457031726837,12.341469313560745
302.04770278930664,12.331152128976825
302.04770278930664,12.320821872510809
302.0501275062561,12.31044784199779
302.05157685279846,12.300078423954126
302.05290699005127,12.289696689848714
302.0549190044403,12.27943779685658
302.05592036247253,12.269245733929942
302.05830430984497,12.25923309269916
302.0593194961548,12.249504874669924
302.06131649017334,12.240016554623455
302.06332182884216,12.230772900814696
302.06532311439514,12.221789660843354
302.067316532135,12.213076176346584
302.069322347641,12.20457444062678
302.0713164806366,12.196201536660466
302.072318315506,12.18793468193812
302.0747048854828,12.179804534576673
302.0767116546631,12.171787481956047
302.0787136554718,12.163935524733866
302.0805313587189,12.15627666683104
302.08154797554016,12.14878848619122
302.0835437774658,12.141591431468862
302.0855860710144,12.134673674036005
302.0875437259674,12.128015438633561
302.0895485877991,12.121679752783804
302.09154438972473,12.115519401922642
302.0925495624542,12.109507505544874
302.0943982601166,12.10350133152004
302.09639954566956,12.097482023483789
302.098486661911,12.091538020944911
302.1008622646332,12.085872318623256
302.1019859313965,12.080741261064286
302.10413241386414,12.076094660903411
302.1051375865936,12.071772291114852
302.107129573822,12.067776165170745
302.1081876754761,12.064091249129323
302.1101336479187,12.060773933862997
302.1113660335541,12.057792527707582
302.1135983467102,12.055130984294282
302.1156704425812,12.05263685797429
302.11659383773804,12.050060171394227
302.1185920238495,12.04738334048859
302.1195936203003,12.044637707743199
302.1216526031494,12.041849496912006
302.1235978603363,12.039116839079679
302.1256425380707,12.036515916606804
302.1265969276428,12.034084872143183
302.12859416007996,12.031674416112143
307.63758420944214,12.02926091570955
307.64091777801514,12.027003419789812
307.6431906223297,12.024921954616193
307.6456787586212,12.02311346986986
307.6486668586731,12.021574158664183
307.65073585510254,12.020213957158063
307.65366649627686,12.019045418782799
307.6576602458954,12.018079529903112
307.661669254303,12.01733744755576
307.66366362571716,12.01683201059574
307.66666197776794,12.016520803835592
307.6711685657501,12.016443518369078
307.67217206954956,12.016610366800522
307.6741704940796,12.017077316304412
307.6761736869812,12.017872855591465
307.67818665504456,12.019064430780743
307.680269241333,12.020610174648857
307.6821856498718,12.02247234886305
307.68418312072754,12.02464062092195
307.68641471862793,12.027089641792001
307.68641471862793,12.029814728737819
307.68841576576233,12.032866537228143
307.68948888778687,12.036201777059443
307.69141483306885,12.039902977732734
307.6934199333191,12.04391094976944
307.6954171657562,12.048262496846833
307.6964180469513,12.053002430082318
307.69844484329224,12.05814194313059
307.70047974586487,12.063581035087742
307.7017638683319,12.069339767990751
307.70514130592346,12.075298116930625
307.70640206336975,12.081327904644368
307.7086968421936,12.087401019312987
307.71069860458374,12.093449427156155
307.71269488334656,12.099400481127972
307.7146987915039,12.10522906789268
307.7167658805847,12.110947676462912
307.7176978588104,12.116560739721876
307.71969389915466,12.12200577371938
307.7217514514923,12.127247605817233
307.7236964702606,12.132283881924547
307.72569608688354,12.137065001279543
307.72769594192505,12.141601757151403
307.7296988964081,12.145895364243993
307.7311716079712,12.149967995462777
307.7331717014313,12.153826394015557
307.7351710796356,12.157464584161344
307.73717308044434,12.160899685405521
307.7394609451294,12.164141873252042
307.7404751777649,12.167244454689175
307.74247670173645,12.170289963964295
307.7444808483124,12.173406156581477
307.74647283554077,12.176757602846193
307.74792551994324,12.180498056987581
307.749942779541,12.184772275167758
307.75093483924866,12.189691267962667
307.75293827056885,12.195340650472518
307.75444436073303,12.201761881437855
307.7564580440521,12.209013845189032
307.75846242904663,12.21713927517481
307.76045417785645,12.22622770194622
307.762460231781,12.236371391054695
307.7639465332031,12.247639582388427
307.76611137390137,12.259984401679542
307.76712012290955,12.273404688010602
307.7691230773926,12.287827663167452
307.7711181640625,12.303185404320683
307.77212047576904,12.319385361161943
307.7745668888092,12.336468389824764
307.7755694389343,12.354210882834609
307.77756690979004,12.372561486141084
307.77856945991516,12.39121036999786
307.77957677841187,12.409964469336195
307.78165650367737,12.428635556862199
307.783650636673,12.447016308262528
307.78489327430725,12.464883971968378
307.7869417667389,12.482301824606843
307.7879421710968,12.499163475206299
307.78994035720825,12.515243517989653
307.79093980789185,12.530458864050036
307.7929971218109,12.544544689911604
307.793998003006,12.5571187531054
307.796993970871,12.567606107562584
307.798996925354,12.576139854946112
307.80099987983704,12.582318773622449
307.80226707458496,12.585752486391737
307.80428433418274,12.585981303471199
307.80573415756226,12.58255707385738
307.80774307250977,12.575154143561054
307.80880641937256,12.56329062266877
307.80973982810974,12.547203580208933
307.8121545314789,12.526684593898423
307.81321692466736,12.502013741279965
307.81423449516296,12.473188876763453
307.8162536621094,12.440746741461828
307.81817507743835,12.405672784820817
307.81917905807495,12.368829604302634
307.8211786746979,12.330734864329337
313.3403615951538,12.292076427808254
313.34228801727295,12.253360508458872
313.34528398513794,12.214733938656497
313.34728598594666,12.176330417828382
313.3492841720581,12.13832935488474
313.352290391922,12.100931630737616
313.3552849292755,12.064204132856256
313.35728645324707,12.028139093844237
313.3602919578552,11.99274301348894
313.3627259731293,11.958023828785631
313.3647813796997,11.923914727950908
313.365843296051,11.890395660139038
313.3682019710541,11.857410949977028
313.37038469314575,11.824946112200397
313.37339329719543,11.79295555251668
313.3753824234009,11.761360186115574
313.37655782699585,11.730123671008108
313.3787124156952,11.69914690323694
313.3806314468384,11.66834790827485
313.38263845443726,11.637510625319345
313.38463735580444,11.606605640601538
313.38663625717163,11.575514560996998
313.3886387348175,11.544244075084366
313.39063596725464,11.51236047984194
313.3926372528076,11.480037605846938
313.3946342468262,11.447118585106603
313.39663672447205,11.413397749240099
313.3986349105835,11.379042919490901
313.4006326198578,11.34413342521919
313.40163397789,11.30852054982233
313.4036383628845,11.272357598220715
313.40563774108887,11.235784551134229
313.40763545036316,11.198907398851881
313.409414768219,11.16190270120179
313.4114155769348,11.125809783277528
313.41341400146484,11.09043675276614
313.4154145717621,11.056633522651227
313.4174098968506,11.02398952761873
313.418416261673,10.992903974063719
313.4204156398773,10.96366316093778
313.42241644859314,10.93641184350974
313.4244132041931,10.911249196386354
313.42642188072205,10.887345495537131
313.42841124534607,10.865109156675747
313.4304187297821,10.844351520754053
313.432416677475,10.824747639702252
313.4344129562378,10.806631897619573
313.4354133605957,10.789706364895201
313.4374144077301,10.773734763924404
313.43941855430603,10.758719978502196
313.4416391849518,10.744136743465829
313.44256234169006,10.729976559570266
313.44356894493103,10.71606214275246
313.4455578327179,10.702133208259822
313.44655990600586,10.68804335857693
313.44856309890747,10.673663064572946
313.45056104660034,10.65906860214033
313.45256185531616,10.643942802832314
313.4535610675812,10.628435881466945
313.45589995384216,10.612709507789413
313.4579086303711,10.596642737477822
313.45890831947327,10.580453117956438
313.46091055870056,10.563968326455552
313.4629125595093,10.547242996835479
313.4639091491699,10.51210910747521
313.4659149646759,10.478154282298373
313.46691250801086,10.445764089654963
313.4691095352173,10.415267774257122
313.4711084365845,10.38639172352175
313.4731090068817,10.359356365966976
313.4751138687134,10.334068816398455
313.4771091938019,10.31040857289968
313.4791097640991,10.288509288901574
313.4811086654663,10.268243415960725
313.4831130504608,10.2493790086231
313.4841105937958,10.231760236726199
313.48611307144165,10.215398377314987
313.4881052970886,10.200425473751876
313.48910880088806,10.186767208839287
313.49111008644104,10.174272891577136
313.49298071861267,10.162980031195929
313.49497294425964,10.152695729251283
313.4969720840454,10.143362802894115
313.49897289276123,10.134795367581003
313.49997115135193,10.127052374003606
313.5019705295563,10.12007969640094
313.50336718559265,10.11388188547414
313.50537872314453,10.108352656862014
313.50738048553467,10.103529620012727
313.5088744163513,10.09939784765151
313.51087975502014,10.095850881160255
313.5118782520294,10.092921288125897
313.5138759613037,10.09053069612213
313.5169532299042,10.08861567448118
313.51887464523315,10.087272644973252
313.51988315582275,10.086398324685039
313.521874666214,10.085868524990174
313.523948431015,10.085618401179524
319.02461314201355,10.085649365027134
319.0266125202179,10.085898348346394
319.02861189842224,10.086417223981343
319.0316114425659,10.087145726578497
319.0336117744446,10.088087068051449
319.03469610214233,10.089200845564212
319.03669142723083,10.090565327355252
319.0396144390106,10.092093102369088
319.04161310195923,10.093822916901104
319.04263162612915,10.095765859997462
319.04461336135864,10.097941098374665
319.0466163158417,10.100372838873385
319.0486099720001,10.103090059141897
319.0516166687012,10.106090736412623
319.0537004470825,10.109390356642061
319.05584359169006,10.112996468775375
319.0578496456146,10.11692829248181
319.05908703804016,10.121173547536152
319.06110429763794,10.125696821591202
319.0631217956543,10.130437618177297
319.0652058124542,10.13533804467377
319.0671019554138,10.140328886757096
319.0683846473694,10.145352351459744
319.0704047679901,10.150357835953647
319.07239866256714,10.15531152660368
319.074565410614,10.160176285192916
319.0765130519867,10.164956235122869
319.0775146484375,10.169633675816563
319.0797779560089,10.174211707192853
319.0817918777466,10.178707307993328
319.0837872028351,10.183144473346202
319.0858759880066,10.187581929479133
319.08716893196106,10.192146706994885
319.08917021751404,10.19704938380642
319.09117341041565,10.20252158554601
319.0931680202484,10.208750781219099
319.0951704978943,10.215929614318219
319.0961685180664,10.22416029082041
319.09817147254944,10.233599011532267
319.10017013549805,10.244309798976232
319.10216760635376,10.256343305759563
319.103609085083,10.269753452841002
319.10660195350647,10.284526133348756
319.10860419273376,10.300675635781237
319.1106071472168,10.318141273800004
319.111603975296,10.33687514116265
319.1137583255768,10.356876058675718
319.11577582359314,10.378154937925695
319.11744236946106,10.400746051356439
319.1194417476654,10.424495375513315
319.12091040611267,10.449332815310013
319.1229238510132,10.4751628098803
319.1239240169525,10.501822084588538
319.12592029571533,10.529187753802427
319.1269197463989,10.554502045225133
319.1289188861847,10.575147759331326
319.1309189796448,10.59553221515279
319.1329219341278,10.615517599654337
319.13492345809937,10.635147089757854
319.1359281539917,10.654319693596333
319.1379201412201,10.67300901875263
319.1389229297638,10.691172810676779
319.1399245262146,10.7087758113261
319.1409201622009,10.725940044596513
319.1429214477539,10.74267458983896
319.1449337005615,10.759065617378106
319.1459445953369,10.775200817095723
319.1479480266571,10.791228445134685
319.1499514579773,10.807234402987458
319.1521384716034,10.823282924013693
319.1536033153534,10.839428546142365
319.15481996536255,10.855699255082707
319.1568331718445,10.872089836457837
319.15783429145813,10.88851136651193
319.1608362197876,10.904946479974614
319.1618390083313,10.92141810490767
319.1638352870941,10.937868044456216
319.16483211517334,10.954400279197845
319.166832447052,10.971010258999552
319.1679358482361,10.987661362868767
319.16994976997375,11.004332014615244
319.1719505786896,11.021057997177115
319.1729533672333,11.037727423336973
319.176308631897,11.054326388336145
319.17730617523193,11.070885501705742
319.1793043613434,11.087405180602333
319.1813118457794,11.103807339150816
319.18331122398376,11.120129281371574
319.1853086948395,11.136283424930358
319.18630719184875,11.152321042530625
319.1883120536804,11.168264135629775
319.19030570983887,11.184096792448843
319.19225001335144,11.199802655887423
319.194944858551,11.215381814001425
319.1958558559418,11.230808208854107
319.1978588104248,11.246065476671008
319.199857711792,11.261128942524088
319.20191717147827,11.275954333346366
324.7190372943878,11.290553187153506
324.7211263179779,11.304918484636806
324.7230408191681,11.319066331393955
324.72494435310364,11.332899563246661
324.72686672210693,11.346498682092431
324.7278709411621,11.359808670422746
324.72986459732056,11.372856415247009
324.7308654785156,11.38563802787332
324.7328658103943,11.398124498511025
324.73486590385437,11.410362380901775
324.735867023468,11.422438455659695
324.73686361312866,11.434386483830341
324.7390675544739,11.446246662481485
324.741069316864,11.45805968530859
324.74306988716125,11.46984688189305
324.74626064300537,11.4817076741506
324.74724864959717,11.49372022004228
324.74962544441223,11.505957147071667
324.75264859199524,11.518422044899733
324.7556743621826,11.531130316818041
324.75703525543213,11.544100556978469
324.75828409194946,11.557319498069193
324.7603003978729,11.57079072466783
324.7622981071472,11.584511377880363
324.76430225372314,11.598422425904968
324.76629543304443,11.61249826417961
324.7673761844635,11.626676690337186
324.7703893184662,11.640912065702388
324.77139163017273,11.655102804167619
324.77339363098145,11.669194631276769
324.77439546585083,11.683123852906366
324.77655005455017,11.696865311501632
324.7780101299286,11.710363068343806
324.7799940109253,11.723602819501043
324.7810003757477,11.736564115629312
324.7829899787903,11.749238667515595
324.7849898338318,11.761632741524236
324.78698992729187,11.773752128843155
324.7889938354492,11.785601295129768
324.7899899482727,11.79718697291337
324.7919931411743,11.808536193441954
324.7940447330475,11.81966497455757
324.79599499702454,11.83058618144761
324.79799246788025,11.841328558701143
324.79899525642395,11.851887173185618
324.8009958267212,11.86227388128633
324.8020586967468,11.872518236196264
324.803995847702,11.882656714017507
324.8059959411621,11.892732967082457
324.807989358902,11.902796950529112
324.8089988231659,11.912898310377864
324.8110704421997,11.923089420321013
324.81299567222595,11.933411403537958
324.81505131721497,11.943921220127057
324.8171663284302,11.954658455398867
324.81925106048584,11.965649110831231
324.8211860656738,11.976916333797153
324.82218384742737,11.9884648310179
324.82422375679016,12.000307062575349
324.8271839618683,12.012458832036899
324.8291862010956,12.024923292216819
324.83018732070923,12.037726143107786
324.8321816921234,12.05086947166102
324.83419704437256,12.064369628173052
324.83518528938293,12.078216269197302
324.8371858596802,12.092415995914216
324.8392262458801,12.106965241572095
324.841183423996,12.12185816999099
324.8431887626648,12.137100829346124
324.84518456459045,12.15269155176235
324.8461835384369,12.168613906956713
324.84818410873413,12.184900464296064
324.85018372535706,12.201523436855895
324.8521807193756,12.218509084999642
324.8541786670685,12.235849308564454
324.8551790714264,12.253589753211568
324.85725235939026,12.271778127861344
324.85817861557007,12.290420992803153
324.86018347740173,12.309611802641038
324.8623809814453,12.329332902497958
324.8643968105316,12.349612918767752
324.8663966655731,12.370451670744467
324.868399143219,12.391880545182051
324.87039828300476,12.413942754054446
324.87239241600037,12.43666956329332
324.87440299987793,12.460164359392195
324.8764202594757,12.484481715403264
324.87840485572815,12.509686894658403
324.87940216064453,12.535837720167157
324.88140416145325,12.563040035715874
324.8834128379822,12.591443460512748
324.8844003677368,12.62125941198588
324.8874018192291,12.652661464542795
324.88940238952637,12.685771286743842
324.89140343666077,12.720806055933574
324.89347100257874,12.757992707479154
324.8944146633148,12.797636511275153
324.89640402793884,12.840095225780397
330.42903184890747,12.885765746042171
330.431031703949,12.924767747544283
330.4320316314697,12.962676911137235
330.4340305328369,13.000389460177889
330.4356462955475,13.037806905594975
330.43777227401733,13.074848971112846
330.4397702217102,13.111491338091364
330.44211626052856,13.147724961113928
330.4431140422821,13.183506366983082
330.44654965400696,13.218788452876721
330.44755506515503,13.25345961991451
330.45055389404297,13.287401392886913
330.45336413383484,13.32049573954007
330.4546823501587,13.352638095672292
330.45674419403076,13.383794410094984
330.4578506946564,13.413937323037159
330.4598686695099,13.443090397961159
330.4629681110382,13.47126743279799
330.4660179615021,13.498505339874976
330.4679853916168,13.5248489943682
330.4699811935425,13.550362342442495
330.4719843864441,13.575131295775646
330.47424387931824,13.599236225188948
330.4755208492279,13.622738644352458
330.4785294532776,13.645699823492263
330.4806089401245,13.668186826514239
330.482408285141,13.690253247413255
330.48440766334534,13.711935154162834
330.48740458488464,13.73328057707317
330.4904053211212,13.754343438490263
330.4934093952179,13.775165765324703
330.49440908432007,13.795791897534858
330.49640583992004,13.816271683507633
330.4984016418457,13.836646817774716
330.50042152404785,13.856966570245108
330.5014078617096,13.877275743936648
330.5034065246582,13.897606489409062
330.5054054260254,13.917970352737425
330.5074026584625,13.93836526316252
330.510413646698,13.958785314338254
330.51240849494934,13.979228842727974
330.51376509666443,13.999688413972752
330.51601910591125,14.0201550637111
330.51703000068665,14.040613194665715
330.51968908309937,14.061022041790764
330.5206792354584,14.081346967335852
330.52306175231934,14.101542628821646
330.52407002449036,14.121575302398414
330.526385307312,14.141410993779237
330.52839636802673,14.161014518321975
330.53039360046387,14.180367872534504
330.53250551223755,14.199445552556679
330.53356432914734,14.218242064906843
330.53557562828064,14.236743569037515
330.5377733707428,14.254932598495987
330.5397779941559,14.272818559293977
330.5417728424072,14.290404679922368
330.5427770614624,14.307710623512003
330.5447766780853,14.324731033380466
330.547776222229,14.341463489870126
330.5490810871124,14.357891070579553
330.5510926246643,14.373997549515702
330.55354356765747,14.38976364735061
330.5555534362793,14.405171410573159
330.55755496025085,14.420204945083922
330.558554649353,14.43486318486567
330.5636992454529,14.44914021033743
330.5707173347473,14.463038434372802
330.5742299556732,14.476556925001887
330.5772342681885,14.489698304752785
330.5812282562256,14.502451672125064
330.58522844314575,14.514817938127235
330.5882291793823,14.526782920217313
330.59322690963745,14.538348734994184
330.596227645874,14.549507880154545
330.59922885894775,14.56024465320476
330.6022267341614,14.570536164022844
330.6052289009094,14.580322603054057
330.6082282066345,14.589516039274876
330.6112217903137,14.597968693153167
330.61322712898254,14.605557615247658
330.6152274608612,14.612307604523417
330.6182310581207,14.618391358540201
330.6212201118469,14.624024250740247
330.62522292137146,14.62936081230221
330.62722277641296,14.634512786658506
330.630234003067,14.639548526323741
330.63222455978394,14.644507933510278
330.63522577285767,14.649416924636872
330.6382234096527,14.65428187316031
330.640221118927,14.659088104298412
330.644225358963,14.66380626813892
330.64623069763184,14.668397124203514
330.65022826194763,14.672806806804768
330.6532301902771,14.676988416140706
330.65622544288635,14.68090412868949
330.6592254638672,14.68452384225916
330.6622226238251,14.687830041129155
336.11128759384155,14.690812403217798
336.11320996284485,14.693475507622287
336.1162121295929,14.695814656742087
336.1198570728302,14.69782985815337
336.12285590171814,14.699523642769663
336.12585282325745,14.700904607844581
336.1288585662842,14.702003964725813
336.13185453414917,14.702843862674476
336.13386034965515,14.703450172620327
336.1399927139282,14.703859526079322
336.1449897289276,14.704098162252407
336.1479880809784,14.704179671204976
336.1510546207428,14.704111878816143
336.1529860496521,14.703912312226526
336.155987739563,14.703601325613642
336.15798687934875,14.703176859778901
336.1614501476288,14.702625088242
336.16358709335327,14.701932809564713
336.1655993461609,14.701089729192974
336.1676287651062,14.700072419591686
336.1696128845215,14.69886265715408
336.1716151237488,14.697444334507816
336.17461347579956,14.695828185141965
336.17661571502686,14.694008747809692
336.17861557006836,14.691962102139602
336.1806185245514,14.689667908123873
336.183696269989,14.687085499430854
336.1856164932251,14.68416166378693
336.18769693374634,14.680885694228897
336.1906192302704,14.677258376327677
336.1916172504425,14.67329261959216
336.1946187019348,14.668999140252959
336.1966173648834,14.664389190258358
336.1986138820648,14.659451527216767
336.2006185054779,14.65419172854307
336.2030568122864,14.648624095378029
336.205069065094,14.642719974192072
336.2070686817169,14.636474834470496
336.2090742588043,14.629872942761665
336.2106354236603,14.622892363736733
336.21264266967773,14.615553837962112
336.2156410217285,14.607838674689908
336.2176377773285,14.599769189889418
336.2196397781372,14.591355698912029
336.22163677215576,14.582655312626244
336.22486305236816,14.573707421050942
336.22686791419983,14.564551672160109
336.22886300086975,14.55521783784054
336.2308738231659,14.545758406486154
336.2328636646271,14.536214546005494
336.2348675727844,14.526664753610993
336.23686623573303,14.517151384793628
336.2398636341095,14.50767406536773
336.24186611175537,14.498207554593133
336.2448658943176,14.48871541630872
336.2458686828613,14.479154587585285
336.24821949005127,14.469466503287402
336.25029373168945,14.45962176315451
336.2532365322113,14.449578814919882
336.2552468776703,14.43926842172491
336.25723671913147,14.42865044591929
336.25923705101013,14.417652788168166
336.26123881340027,14.406248062847133
336.2623059749603,14.394380962837728
336.2642388343811,14.382034102901248
336.2663061618805,14.369204408945514
336.2692379951477,14.355915781415739
336.27123761177063,14.342171354559738
336.2732412815094,14.32803719006824
336.2753119468689,14.31352054156104
336.2772390842438,14.298650829272725
336.28031277656555,14.283495723915262
336.2832381725311,14.268096852147963
336.28431153297424,14.25249560778951
336.28635811805725,14.236771532076453
336.2883803844452,14.220963738512955
336.2914295196533,14.205127688225621
336.29238057136536,14.18927346533199
336.2954638004303,14.173456945528706
336.297456741333,14.1576706482685
336.2994747161865,14.14196020040536
336.3014500141144,14.126333653201288
336.30367493629456,14.110825352949705
336.3056800365448,14.09545943204567
336.30818724632263,14.08025376992586
336.31018805503845,14.065178435461766
336.312548160553,14.050185232979528
336.3135507106781,14.035262281078863
336.3166198730469,14.020366453163248
336.3185498714447,14.005457626984123
336.32097244262695,13.990447906403137
336.3229761123657,13.975268681118399
336.3249728679657,13.959850660921557
336.32702803611755,13.944156059333025
336.3289728164673,13.928135156551333
336.3319752216339,13.911793862623073
336.33397483825684,13.895076709011633
336.33598232269287,13.878018625774422
341.8104658126831,13.860629310457814
341.81238770484924,13.842954513052529
341.8154559135437,13.825002589341388
341.8183898925781,13.806783898041237
341.8213927745819,13.788338093890124
341.82539200782776,13.76967022876436
341.8294610977173,13.750843011011652
341.8333902359009,13.731854944864862
341.83638763427734,13.712786063042682
341.8403887748718,13.693657978464584
341.8456451892853,13.674521616057522
341.8496472835541,13.655379832849851
341.8516502380371,13.636252899029726
341.85472416877747,13.617157718146505
341.85664796829224,13.59807623681603
341.8576500415802,13.579064279821386
341.8606433868408,13.56011601052866
341.8616478443146,13.541217087823052
341.8647041320801,13.522508765080623
341.8666489124298,13.503978320013582
341.868910074234,13.485675513992538
341.87190771102905,13.467687156728847
341.8739206790924,13.450017048812628
341.875935792923,13.43268151802327
341.8779094219208,13.415711780152746
341.87998509407043,13.399137907919675
341.8819098472595,13.382924474399681
341.8849139213562,13.367044117343314
341.8859133720398,13.351510533929162
341.8883867263794,13.336274285894733
341.88987588882446,13.321290142478889
341.891966342926,13.306569719663445
341.89489126205444,13.292083433487527
341.89615964889526,13.277799664866718
341.89817905426025,13.263796536812361
341.8997251987457,13.250061541642493
341.9017219543457,13.236568411888566
341.90372467041016,13.223353159155051
341.9047210216522,13.210347845974727
341.90772438049316,13.19748757836358
341.9087975025177,13.18470621469829
341.911723613739,13.171887013043206
341.91372442245483,13.158844736276063
341.9157259464264,13.145473191783493
341.91772294044495,13.13158884449714
341.91915559768677,13.116993663703234
341.9207274913788,13.101592912533947
341.92234086990356,13.085288748251905
341.9249920845032,13.068092916454637
341.9262294769287,13.049950703100832
341.92774748802185,13.030930245760251
341.93007493019104,13.01105725038267
341.93107295036316,12.990282162256477
341.93307089805603,12.96872079451138
341.935072183609,12.946492541356948
341.9370746612549,12.923648987449713
341.9385998249054,12.900369286813866
341.9406006336212,12.875682983861799
341.9428994655609,12.8512198875633
341.9449019432068,12.828091007747567
341.94737339019775,12.806711342974479
341.94938683509827,12.787263204001768
341.9513838291168,12.769949482687425
341.953387260437,12.754931058556302
341.9553894996643,12.742015721569757
341.9573903083801,12.731144899055659
341.95938539505005,12.722177064395522
341.96138525009155,12.714840335786832
341.96338748931885,12.708935978361861
341.9657347202301,12.704233017819108
341.96875071525574,12.700530868125002
341.9707500934601,12.697623562355142
341.971750497818,12.695338976381333
341.973757982254,12.693575594730767
341.97575640678406,12.692157534513154
341.9782238006592,12.690921948015653
341.97933316230774,12.689775520046583
341.98234939575195,12.688606217188811
341.9833490848541,12.68730724128509
341.98645973205566,12.685904618324422
341.98845648765564,12.68436393936094
341.990816116333,12.682716333813003
341.99283051490784,12.680854972404383
341.99483370780945,12.678565255078968
341.9968333244324,12.675900616137366
341.99898862838745,12.672766259650048
342.0010018348694,12.66911412653798
342.0030794143677,12.665120818611351
342.005078792572,12.660693450300576
342.0074336528778,12.655968370537408
342.0094451904297,12.651033017589516
342.01145243644714,12.645942066392315
342.0124523639679,12.640856947569045
342.01444721221924,12.635828427983613
342.01688742637634,12.630893035603425
342.01905584335327,12.626021472051681
342.0210750102997,12.62131729590154
342.0230734348297,12.616897198727997
347.5199203491211,12.612896124611115
347.5229322910309,12.609439648172545
347.52485942840576,12.606741956825326
347.52922320365906,12.604970164333869
347.53322410583496,12.604255986857506
347.537273645401,12.604604881776874
347.54222679138184,12.606065684119923
347.54722261428833,12.60866902029312
347.5512237548828,12.612585766101727
347.5546729564667,12.617828816000172
347.556672334671,12.624398723137782
347.55867552757263,12.632215267388336
347.56210446357727,12.641167108555795
347.5631048679352,12.651397482126622
347.5652003288269,12.662772132556395
347.5681109428406,12.675383376113501
347.5691077709198,12.689296630605202
347.57110619544983,12.704563456800045
347.57390117645264,12.721077679153845
347.5748972892761,12.739007615731573
347.57829666137695,12.758466824616754
347.5803096294403,12.779339160851622
347.5823121070862,12.801720633778126
347.58430910110474,12.825483899902727
347.5866358280182,12.850686529770575
347.58863401412964,12.877209117591269
347.58983850479126,12.899097787821452
347.59185886383057,12.915422494473033
347.59385228157043,12.931300803626282
347.59620571136475,12.946661855233804
347.59722113609314,12.961490796538055
347.59922337532043,12.975706807919558
347.60170316696167,12.989181877398066
347.60272455215454,13.001847922738822
347.60479640960693,13.013667796825429
347.6067488193512,13.024792858144592
347.6087248325348,13.035485410291221
347.60974287986755,13.045969049556332
347.61172366142273,13.05650866534826
347.6137206554413,13.067171629858954
347.6147232055664,13.078205652291881
347.6170394420624,13.089713426808492
347.6190505027771,13.101777189803567
347.6210517883301,13.114449540379999
347.6234607696533,13.127786031281337
347.6244773864746,13.141850208150846
347.6264765262604,13.15643456233657
347.62847900390625,13.17149715303103
347.62990975379944,13.186973337071418
347.63193130493164,13.202812085654017
347.63392663002014,13.21892106783417
347.63592886924744,13.23522487866012
347.6379280090332,13.251688652978462
347.63992190361023,13.26828078382815
347.6419243812561,13.285052509951086
347.644926071167,13.301939911034047
347.6459276676178,13.319034881265598
347.64793252944946,13.336225874055186
347.6499230861664,13.353619396889123
347.6519281864166,13.370953600015413
347.6529288291931,13.388205785386106
347.65508484840393,13.405421767222272
347.6561064720154,13.422699417639784
347.6580436229706,13.4399395423066
347.66004157066345,13.45716102501174
347.66211438179016,13.474449072979183
347.66304779052734,13.491865426811465
347.6651031970978,13.509364568906173
347.66610503196716,13.526992040916406
347.6696934700012,13.544841157651055
347.6716978549957,13.562798952656623
347.6726927757263,13.58106316418958
347.67469120025635,13.599737180849456
347.67676067352295,13.618873199357415
347.67868971824646,13.638543523563229
347.68111300468445,13.658854664535589
347.68318581581116,13.679755354198074
347.68418884277344,13.701124004115252
347.686185836792,13.72295186666632
347.6882314682007,13.745144091001722
347.6895134449005,13.76755062138345
347.69159984588623,13.7900115891359
347.6925401687622,13.812399059015313
347.69459772109985,13.83452791388549
347.69659876823425,13.856318946840357
347.6975290775299,13.877698842629398
347.6996109485626,13.898574008048133
347.7015380859375,13.91885625574384
347.7025303840637,13.938574997151235
347.7045271396637,13.957765038835795
347.70652747154236,13.976507421147915
347.70966696739197,13.99485893961892
347.7146966457367,14.01285459167275
347.71869444847107,14.030588194911095
347.72268509864807,14.04812634340249
347.7266857624054,14.065532915446108
347.72968220710754,14.08285688099352
347.73268580436707,14.100169057866966
353.2021498680115,14.117515531959693
353.20536947250366,14.13494253934909
353.2073760032654,14.152511644014195
353.210458278656,14.170276831654176
353.21245670318604,14.188272047321815
353.2144584655762,14.206519469791681
353.2164556980133,14.225066290082937
353.2193431854248,14.243957032551194
353.2225399017334,14.26330458351325
353.2245399951935,14.283185047638478
353.2271640300751,14.303681748921104
353.2282245159149,14.324853070112294
353.229478597641,14.346751435825995
353.2318229675293,14.36940581936783
353.23431396484375,14.392814113902014
353.2353241443634,14.417002162211052
353.2363257408142,14.441940149681866
353.2377154827118,14.467591708952723
353.2390367984772,14.493793089625097
353.24111914634705,14.520465384940863
353.242374420166,14.547468232859844
353.24438858032227,14.574693728379561
353.24558663368225,14.60198791050279
353.24702763557434,14.62915948005406
353.24908471107483,14.656045341087209
353.25054121017456,14.68248364815151
353.2520651817322,14.708260651427418
353.2530610561371,14.733409099674793
353.2530610561371,14.757785448126715
353.25555872917175,14.781123489165042
353.25757098197937,14.80343729846419
353.258825302124,14.824405246693102
353.2608411312103,14.844130602113832
353.2618374824524,14.862927792829062
353.26418137550354,14.88087897626919
353.2677114009857,14.897936428498376
353.2697067260742,14.914299265512867
353.27103328704834,14.930041495215873
353.273051738739,14.945240158533617
353.2741684913635,14.960382316581185
353.2762248516083,14.975987458832419
353.2782287597656,14.992051402058186
353.2792263031006,15.00914041928681
353.2812252044678,15.02732297594392
353.28322672843933,15.046946983935047
353.2842307090759,15.068568753310455
353.28670597076416,15.092984160729278
353.28670597076416,15.120716210649517
353.2889699935913,15.15274154020501
353.290958404541,15.18975996541685
353.2934904098511,15.23266794776888
353.297780752182,15.876520183434025
353.30078053474426,16.61328115896616
353.30378556251526,17.38889906088489
353.3057825565338,17.63671426771071
353.3077800273895,17.709924262977353
353.31010007858276,17.778290770338856
353.312566280365,17.840820072976726
353.31371808052063,17.90329250584791
353.31773352622986,17.96407663195499
353.32073044776917,18.018691359415243
353.3237268924713,18.06890127607287
353.3277289867401,18.117478998625064
353.32972717285156,18.163932170800148
353.3327271938324,18.206714377410048
353.33473348617554,18.248016434320075
353.337730884552,18.286711109335798
353.34073066711426,18.323624095082998
353.34473156929016,18.36031488384773
353.34573245048523,18.39645922155081
353.3487272262573,18.430421751359756
353.35072588920593,18.466718634773596
353.3527338504791,18.505330803293685
353.3547263145447,18.54253327971272
353.357727766037,18.5804496348618
353.3617308139801,18.621508381679234
353.36372900009155,18.662574836264984
353.3657307624817,18.705759581731805
353.3677291870117,18.751713357922114
353.36972880363464,18.79706686558162
353.3717269897461,18.843958925430524
353.37373065948486,18.89147916322014
353.3767237663269,18.938103764080132
353.37973070144653,18.983037283897236
353.38373136520386,19.027099419187138
353.3847315311432,19.06979902527791
353.387731552124,19.109724333638397
353.39079689979553,7.210419800491836
353.3927345275879,7.23762235586536
353.396733045578,7.262838666995185
353.3997366428375,7.286584934803214
353.4017322063446,7.307857366363722
353.4047849178314,7.3257566495712485
353.40672850608826,7.340164073589803
353.40973019599915,7.351442408153767
353.4117271900177,7.360856089891795
353.41373443603516,7.36964181101243
358.90941882133484,7.378631618885085
358.9114179611206,7.388148463175536
358.91319847106934,7.3986474774925535
358.91527223587036,7.409373694144032
358.91719460487366,7.421239032046816
358.9192724227905,7.433020249329807
358.92019534111023,7.445656431133641
358.9221901893616,7.458908215188899
358.9241909980774,7.472484126240513
358.92519211769104,7.487484219793355
358.92618894577026,7.503444152120852
358.92819356918335,7.519401313543441
358.9291925430298,7.534085032052365
358.93125200271606,7.549285364682984
358.9329421520233,7.564584579657081
358.9339368343353,7.579495685072325
358.9360089302063,7.594177110720496
358.9379346370697,7.608470360604355
358.93893551826477,7.622606215458352
358.940936088562,7.636944984243907
358.9419310092926,7.651224000928762
358.9429347515106,7.665803379802546
358.94493412971497,7.679927846757405
358.9469337463379,7.693936898719005
358.9479341506958,7.70789569613951
358.94993329048157,7.721369969092236
358.9509356021881,7.735442499897841
358.95159935951233,7.749609347371487
358.9537045955658,7.763066938372019
358.954705953598,7.776700468091068
358.95671916007996,7.790323919826491
358.9577076435089,7.803771817488298
358.959707736969,7.817250140813956
358.96070528030396,7.830542397986146
358.96270513534546,7.844774739599626
358.9647858142853,7.858254616776981
358.96670794487,7.871197893607741
358.9677047729492,7.884668565675877
358.9697034358978,7.8973526019588665
358.97070479393005,7.909187486213889
358.97170639038086,7.920811234252692
358.9737067222595,7.932560511523487
358.97470259666443,7.944034764202236
358.97570157051086,7.955660992506946
358.9767014980316,7.967657087829484
358.9787013530731,7.979396538066933
358.9797031879425,7.99202102942791
358.9807035923004,8.00461237475954
358.98170018196106,8.018164318483063
358.98370337486267,8.031520560527907
358.98470187187195,8.044942753463888
358.9857032299042,8.05825306987885
358.9877038002014,8.071892921807832
358.98870515823364,8.08520253773474
358.9907057285309,8.098188032282083
358.9917023181915,8.11237996871843
358.9927020072937,8.12821799279783
358.99470496177673,8.142995118077692
358.9957044124603,8.157276020292661
358.9977009296417,8.17025387601323
358.9990372657776,8.182188887812478
359.00003814697266,8.19212055171828
359.0020396709442,8.201905187840286
359.0030369758606,8.208383608068333
359.0050456523895,8.21462500054752
359.0060360431671,8.219759403434152
359.00703620910645,8.222927730295137
359.00903725624084,8.224329006689377
359.0100381374359,8.224890950115784
359.0120360851288,8.222469000553726
359.01303935050964,8.22034418115205
359.01403737068176,8.21421309624285
359.0160369873047,8.207480768792593
359.0170376300812,8.196633042825281
359.0180332660675,8.182381159847775
359.0198540687561,8.167442629965603
359.0208559036255,8.1536658241401
359.0218586921692,8.139906344023602
359.02285647392273,8.126188210919162
359.023854970932,8.115078027638269
359.02485871315,8.103919419626639
359.02685928344727,8.089661446938901
359.0278568267822,8.07682086837129
359.028856754303,8.063889497761107
359.02985978126526,8.049345281976867
359.030855178833,8.032888334884515
359.03185534477234,8.01461152156051
359.0328552722931,7.993578672677403
359.03385639190674,7.970568135783877
359.03486156463623,7.946502466502699
359.0358557701111,7.922153194566594
359.03685426712036,7.898068858187358
359.0378568172455,7.873867437844403
359.03985619544983,7.849814472291992
359.0411710739136,7.825999977603163
359.0421779155731,7.802282795578396
359.0421779155731,7.779429208528276
359.04379415512085,7.75748373125476
364.59255170822144,7.7365611714818305
364.59519386291504,7.716059450842275
364.5969195365906,7.696732058578183
364.59985542297363,7.677631621877516
364.60285568237305,7.659925378044847
364.60492753982544,7.64309116485485
364.60785603523254,7.626909059453604
364.60985469818115,7.610664279696348
364.6128616333008,7.595288998270229
364.6158549785614,7.580882989534199
364.61785435676575,7.567476691452985
364.6208543777466,7.5543971538653185
364.6228518486023,7.540906652907065
364.6238582134247,7.528218167241826
364.62585043907166,7.515158511201133
364.62785482406616,7.502260740232875
364.6288526058197,7.489136310003663
364.6309199333191,7.475519630451598
364.6328499317169,7.461718045997276
364.6338517665863,7.446799113482357
364.6358485221863,7.432282805764203
364.6368496417999,7.41646472736103
364.6378495693207,7.399774859632691
364.6397113800049,7.382643399032645
364.64071130752563,7.365037063596056
364.6417350769043,7.346966800843576
364.64275884628296,7.328928195385351
364.6435739994049,7.308964261738142
364.6456582546234,7.288873187324809
364.6466579437256,7.268005837928133
364.6466579437256,7.246386449443183
364.64865899086,7.224771208417274
364.64971256256104,7.202792063140363
364.65023708343506,7.180002062861443
364.6522710323334,7.155849543607309
364.6532723903656,7.133055876841598
364.6542739868164,7.1102445790915105
364.6552722454071,7.087205039115768
364.65727162361145,7.063267272569353
364.658358335495,7.0405935120965975
364.65928053855896,7.017223944110893
364.66027212142944,6.992913655382841
364.66227436065674,6.9689398928562305
364.6632750034332,6.945446917229835
364.66427302360535,6.922128611474609
364.6652739048004,6.89953000242698
364.6672775745392,6.876569807695352
364.66827487945557,6.853519893655916
364.6692717075348,6.830424606089538
364.67027282714844,6.807688553626078
364.6712715625763,6.786675736515592
364.6729476451874,6.766904457309362
364.67394948005676,6.747436554279499
364.6749494075775,6.727763199586739
364.6771137714386,6.707884538328555
364.6781151294708,6.687393876039386
364.67911529541016,6.6671006346624555
364.68111777305603,6.647107617650639
364.6827063560486,6.62708197051129
364.6827063560486,6.606870788594864
364.6843731403351,6.586640322736688
364.686954498291,6.566799939411161
364.6881203651428,6.547224099743412
364.68913650512695,6.52802309075223
364.6906626224518,6.509184345119261
364.69226813316345,6.491000939763287
364.6932797431946,6.473507788895341
364.69429111480713,6.456568253952986
364.6952931880951,6.440072254427539
364.6962912082672,6.42388842520661
364.6982913017273,6.407510908683817
364.69929456710815,6.391107957795601
364.69986295700073,6.374559103595602
364.7008819580078,6.358094527225386
364.70191383361816,6.341821865411454
364.70391273498535,6.325947089323735
364.7049160003662,6.3104498212747835
364.70516061782837,6.295222222789441
364.70718121528625,6.280269512099522
364.7081789970398,6.265509976346191
364.708842754364,6.251128418798921
364.7108633518219,6.23716349751632
364.71186351776123,6.223604064202455
364.7138674259186,6.209933442511699
364.7148640155792,6.196356736266029
364.71586322784424,6.183381996819749
364.71686124801636,6.170747392735625
364.71786189079285,6.158381282420235
364.71986269950867,6.146277137992587
364.7208631038666,6.134460225103304
364.72186160087585,6.122815624124293
364.7228605747223,6.111564648079148
364.7238657474518,6.100768399483442
364.72486305236816,6.090392581866507
364.7254915237427,6.080369568759115
364.727511882782,6.070649891045766
364.7285695075989,6.061208360319291
364.7295093536377,6.051857747329041
370.29564571380615,6.042711218935482
