"Data Set 1:Time(s)","Data Set 1:Force(N)","Data Set 1:Respiration Rate(bpm)"
0,6.8447036743164062,8.3798885345458984
0.10000000000000001,5.6259689331054688,
0.20000000000000001,4.2053909301757812,
0.29999999999999999,3.8349151611328125,
0.40000000000000002,3.5129852294921875,
0.5,3.2089385986328125,
0.59999999999999998,2.9764328002929688,
0.69999999999999996,2.8716812133789062,
0.80000000000000004,2.8282470703125,
0.90000000000000002,2.77203369140625,
1,2.7107162475585938,
1.1000000000000001,2.66217041015625,
1.2,2.6212921142578125,
1.3,2.5855178833007812,
1.3999999999999999,2.55230712890625,
1.5,2.5190887451171875,
1.6000000000000001,2.4909820556640625,
1.7,2.4756546020507812,
1.8,2.467987060546875,
1.8999999999999999,2.4603271484375,
2,2.4552154541015625,
2.1000000000000001,2.450103759765625,
2.2000000000000002,2.4296646118164062,
2.2999999999999998,2.4066696166992188,
2.3999999999999999,2.4066696166992188,
2.5,2.432220458984375,
2.6000000000000001,2.4577713012695312,
2.7000000000000002,2.4756546020507812,
2.7999999999999998,2.485870361328125,
2.8999999999999999,2.49609375,
3,2.5088653564453125,
3.1000000000000001,2.524200439453125,
3.2000000000000002,2.5727462768554688,
3.2999999999999998,2.7056045532226562,
3.3999999999999999,2.945770263671875,
3.5,3.23193359375,
3.6000000000000001,3.5129852294921875,
3.7000000000000002,3.80169677734375,
3.7999999999999998,4.087860107421875,
3.8999999999999999,4.3382492065429688,
4,4.5554275512695312,
4.0999999999999996,4.8032608032226562,
4.2000000000000002,5.0919723510742188,
4.2999999999999998,5.3781356811523438,
4.4000000000000004,5.6642913818359375,
4.5,5.9887771606445312,
4.5999999999999996,6.331146240234375,
4.7000000000000002,6.63519287109375,
4.7999999999999998,6.8676986694335938,
4.9000000000000004,7.02099609375,
5,7.0516586303710938,
5.0999999999999996,6.8447036743164062,
5.2000000000000002,6.5074462890625,
5.2999999999999998,6.2621612548828125,
5.4000000000000004,6.0577621459960938,
5.5,5.8124847412109375,
5.5999999999999996,5.5672073364257812,
5.7000000000000002,5.4190139770507812,
5.7999999999999998,5.3653564453125,
5.9000000000000004,5.27337646484375,
6,5.1226348876953125,
6.0999999999999996,4.9948806762695312,
6.2000000000000002,4.8671340942382812,
6.2999999999999998,4.5681991577148438,
6.4000000000000004,4.1440658569335938,
6.5,3.7582626342773438,
6.5999999999999996,3.4414443969726562,
6.7000000000000002,3.2089385986328125,
6.7999999999999998,3.0428619384765625,
6.9000000000000004,2.9227752685546875,
7,2.8256912231445312,
7.0999999999999996,2.73626708984375,
7.2000000000000002,2.6417312622070312,
7.2999999999999998,2.5650787353515625,
7.4000000000000004,2.5676345825195312,
7.5,2.66217041015625,
7.5999999999999996,2.7311553955078125,
7.7000000000000002,2.7234878540039062,
7.7999999999999998,2.7158203125,
7.9000000000000004,2.7132720947265625,
8,2.6953811645507812,
8.0999999999999996,2.6851654052734375,
8.1999999999999993,2.6800537109375,
8.3000000000000007,2.690277099609375,
8.4000000000000004,2.7004928588867188,
8.5,2.6877212524414062,
8.5999999999999996,2.6596145629882812,
8.6999999999999993,2.66217041015625,
8.8000000000000007,2.7388153076171875,
8.9000000000000004,2.9329986572265625,
9,3.2523727416992188,
9.0999999999999996,3.6024093627929688,
9.1999999999999993,3.9831008911132812,
9.3000000000000007,4.3842391967773438,
9.4000000000000004,4.7751541137695312,
9.5,5.1660690307617188,
9.5999999999999996,5.4292373657226562,
9.6999999999999993,5.5339889526367188,
9.8000000000000007,5.6310806274414062,
9.9000000000000004,5.743499755859375,
10,6.055206298828125,10.714285850524902
10.1,6.7884902954101562,
10.199999999999999,7.02099609375,
10.300000000000001,6.4691162109375,
10.4,6.1190872192382812,
10.5,5.9708938598632812,
10.6,5.8124847412109375,
10.699999999999999,5.6029739379882812,
10.800000000000001,5.2631607055664062,
10.9,5.081756591796875,
11,5.0357666015625,
11.1,4.9846649169921875,
11.199999999999999,5.0127716064453125,
11.300000000000001,5.0613174438476562,
11.4,4.9642257690429688,
11.5,4.7444915771484375,
11.6,4.53753662109375,
11.699999999999999,4.3408050537109375,
11.800000000000001,4.1568450927734375,
11.9,4.0367584228515625,
12,3.9728851318359375,
12.1,3.9243392944335938,
12.199999999999999,3.8604660034179688,
12.300000000000001,3.7889251708984375,
12.4,3.7301559448242188,
12.5,3.6586227416992188,
12.6,3.5972976684570312,
12.699999999999999,3.5436477661132812,
12.800000000000001,3.4669952392578125,
12.9,3.4414443969726562,
13,3.535980224609375,
13.1,3.6228485107421875,
13.199999999999999,3.61773681640625,
13.300000000000001,3.6356277465820312,
13.4,3.6790618896484375,
13.5,3.69183349609375,
13.6,3.627960205078125,
13.699999999999999,3.489990234375,
13.800000000000001,3.3494644165039062,
13.9,3.2625961303710938,
14,3.2242660522460938,
14.1,3.1884994506835938,
14.199999999999999,3.1169586181640625,
14.300000000000001,3.0147552490234375,
14.4,2.910003662109375,
14.5,2.8614578247070312,
14.6,2.8691253662109375,
14.699999999999999,2.9304428100585938,
14.800000000000001,3.1092910766601562,
14.9,3.43377685546875,
15,3.8604660034179688,
15.1,4.3152542114257812,
15.199999999999999,4.8211441040039062,
15.300000000000001,5.3142623901367188,
15.4,5.7179489135742188,
15.5,6.1906204223632812,
15.6,6.7501678466796875,
15.699999999999999,7.2483901977539062,
15.800000000000001,7.710845947265625,
15.9,8.025115966796875,
16,7.749176025390625,
16.100000000000001,7.1640777587890625,
16.199999999999999,6.645416259765625,
16.300000000000001,5.9504547119140625,
16.399999999999999,5.265716552734375,
16.5,4.9258956909179688,
16.600000000000001,4.6831741333007812,
16.699999999999999,4.3280258178710938,
16.800000000000001,4.02398681640625,
16.899999999999999,3.7735977172851562,
17,3.553863525390625,
17.100000000000001,3.387786865234375,
17.199999999999999,3.28814697265625,
17.300000000000001,3.2293777465820312,
17.399999999999999,3.1629486083984375,
17.5,3.1195144653320312,
17.600000000000001,3.083740234375,
17.699999999999999,3.0633010864257812,
17.800000000000001,3.03009033203125,
17.899999999999999,2.945770263671875,
18,2.874237060546875,
18.100000000000001,2.84613037109375,
18.199999999999999,2.8282470703125,
18.300000000000001,2.8103561401367188,
18.399999999999999,2.7950286865234375,
18.5,2.7924728393554688,
18.600000000000001,2.7975845336914062,
18.699999999999999,2.8103561401367188,
18.800000000000001,2.8154678344726562,
18.899999999999999,2.818023681640625,
19,2.8333511352539062,
19.100000000000001,2.8384628295898438,
19.199999999999999,2.8231353759765625,
19.300000000000001,2.8052520751953125,
19.399999999999999,2.8026962280273438,
19.5,2.80780029296875,
19.600000000000001,2.8026962280273438,
19.699999999999999,2.8026962280273438,
19.800000000000001,2.8129119873046875,
19.899999999999999,2.9176712036132812,
20,3.1373977661132812,10.434782981872559
20.100000000000001,3.3009185791015625,
20.199999999999999,3.4414443969726562,
20.300000000000001,3.6662826538085938,
20.399999999999999,3.8604660034179688,
20.5,3.9984359741210938,
20.600000000000001,4.1542892456054688,
20.699999999999999,4.3280258178710938,
20.800000000000001,4.5222091674804688,
20.899999999999999,4.7444915771484375,
21,4.9284515380859375,
21.100000000000001,5.0051040649414062,
21.199999999999999,5.0332107543945312,
21.300000000000001,5.081756591796875,
21.399999999999999,5.1200790405273438,
21.5,5.1405181884765625,
21.600000000000001,5.12774658203125,
21.699999999999999,5.0664215087890625,
21.800000000000001,4.9718856811523438,
21.899999999999999,4.8850173950195312,
22,4.7930374145507812,
22.100000000000001,4.6627349853515625,
22.199999999999999,4.5247650146484375,
22.300000000000001,4.4097900390625,
22.399999999999999,4.3024826049804688,
22.5,4.20794677734375,
22.600000000000001,4.1210708618164062,
22.699999999999999,3.995880126953125,
22.800000000000001,3.7991409301757812,
22.899999999999999,3.5845260620117188,
23,3.3622360229492188,
23.100000000000001,3.0990753173828125,
23.199999999999999,2.9023361206054688,
23.300000000000001,2.8410186767578125,
23.399999999999999,2.835906982421875,
23.5,2.7975845336914062,
23.600000000000001,2.7183761596679688,
23.699999999999999,2.6545028686523438,
23.800000000000001,2.6289520263671875,
23.899999999999999,2.616180419921875,
24,2.60595703125,
24.100000000000001,2.6110687255859375,
24.199999999999999,2.616180419921875,
24.300000000000001,2.62384033203125,
24.399999999999999,2.634063720703125,
24.5,2.644287109375,
24.600000000000001,2.7209320068359375,
24.699999999999999,2.8231353759765625,
24.800000000000001,2.8895645141601562,
24.899999999999999,2.9253311157226562,
25,2.9483261108398438,
25.100000000000001,2.9994277954101562,
25.199999999999999,3.06585693359375,
25.300000000000001,3.1450653076171875,
25.399999999999999,3.2804794311523438,
25.5,3.479766845703125,
25.600000000000001,3.7352676391601562,
25.699999999999999,4.1491775512695312,
25.800000000000001,4.8134765625,
25.899999999999999,5.6285247802734375,
26,6.405242919921875,
26.100000000000001,7.0746536254882812,
26.199999999999999,7.7363967895507812,
26.300000000000001,8.5693283081054688,
26.399999999999999,9.5734405517578125,
26.5,10.416595458984375,
26.600000000000001,10.807510375976562,
26.699999999999999,10.687423706054688,
26.800000000000001,9.8979263305664062,
26.899999999999999,8.6025466918945312,
27,7.4655685424804688,
27.100000000000001,6.6147537231445312,
27.199999999999999,5.8431472778320312,
27.300000000000001,5.2248306274414062,
27.399999999999999,4.7623825073242188,
27.5,4.3842391967773438,
27.600000000000001,4.0214309692382812,
27.699999999999999,3.6688385009765625,
27.800000000000001,3.4133377075195312,
27.899999999999999,3.2447052001953125,
28,3.0914077758789062,
28.100000000000001,2.9432220458984375,
28.199999999999999,2.8333511352539062,
28.300000000000001,2.7669219970703125,
28.399999999999999,2.7158203125,
28.5,2.6953811645507812,
28.600000000000001,2.7132720947265625,
28.699999999999999,2.7337112426757812,
28.800000000000001,2.7311553955078125,
28.899999999999999,2.7388153076171875,
29,2.7515945434570312,
29.100000000000001,2.743927001953125,
29.199999999999999,2.7234878540039062,
29.300000000000001,2.7183761596679688,
29.399999999999999,2.7209320068359375,
29.5,2.7209320068359375,
29.600000000000001,2.7132720947265625,
29.699999999999999,2.6774978637695312,
29.800000000000001,2.6391754150390625,
29.899999999999999,2.62384033203125,
30,2.634063720703125,9.015777587890625
30.100000000000001,2.651947021484375,
30.199999999999999,2.6723861694335938,
30.300000000000001,2.6851654052734375,
30.399999999999999,2.6953811645507812,
30.5,2.7004928588867188,
30.600000000000001,2.69793701171875,
30.699999999999999,2.7004928588867188,
30.800000000000001,2.7285995483398438,
30.899999999999999,2.754150390625,
31,2.7388153076171875,
31.100000000000001,2.726043701171875,
31.199999999999999,2.7924728393554688,
31.300000000000001,2.9329986572265625,
31.399999999999999,3.1246261596679688,
31.5,3.352020263671875,
31.600000000000001,3.5896377563476562,
31.699999999999999,3.84002685546875,
31.800000000000001,4.1261825561523438,
31.899999999999999,4.445556640625,
32,4.7623825073242188,
32.100000000000001,5.0766448974609375,
32.200000000000003,5.3704681396484375,
32.299999999999997,5.6285247802734375,
32.399999999999999,5.8891372680664062,
32.5,6.1804046630859375,
32.600000000000001,6.497222900390625,
32.700000000000003,6.8625869750976562,
32.799999999999997,7.2202911376953125,
32.899999999999999,7.399139404296875,
33,7.15130615234375,
33.100000000000001,6.5227737426757812,
33.200000000000003,5.8661422729492188,
33.299999999999997,5.3321456909179688,
33.399999999999999,4.8875732421875,
33.5,4.5145416259765625,
33.600000000000001,4.2028350830078125,
33.700000000000003,3.9473342895507812,
33.799999999999997,3.7122726440429688,
33.899999999999999,3.5053176879882812,
34,3.3545761108398438,
34.100000000000001,3.24981689453125,
34.200000000000003,3.1629486083984375,
34.299999999999997,3.0965194702148438,
34.399999999999999,3.0530853271484375,
34.5,3.0224227905273438,
34.600000000000001,3.0045394897460938,
34.700000000000003,2.984100341796875,
34.799999999999997,2.9636611938476562,
34.899999999999999,2.9508819580078125,
35,2.9636611938476562,
35.100000000000001,3.001983642578125,
35.200000000000003,3.037750244140625,
35.299999999999997,3.0505294799804688,
35.399999999999999,3.06585693359375,
35.5,3.083740234375,
35.600000000000001,3.083740234375,
35.700000000000003,3.0709686279296875,
35.799999999999997,3.0709686279296875,
35.899999999999999,3.0709686279296875,
36,3.0735244750976562,
36.100000000000001,3.0735244750976562,
36.200000000000003,3.0530853271484375,
36.299999999999997,3.0352020263671875,
36.399999999999999,3.037750244140625,
36.5,3.037750244140625,
36.600000000000001,3.0454177856445312,
36.700000000000003,3.0786361694335938,
36.799999999999997,3.185943603515625,
36.899999999999999,3.4184494018554688,
37,3.7429351806640625,
37.100000000000001,4.0444259643554688,
37.200000000000003,4.3612442016601562,
37.299999999999997,4.7777099609375,
37.399999999999999,5.2222824096679688,
37.5,5.5927505493164062,
37.600000000000001,5.8329238891601562,
37.700000000000003,5.945343017578125,
37.799999999999997,6.0041122436523438,
37.899999999999999,6.0322113037109375,
38,6.037322998046875,
38.100000000000001,6.0271072387695312,
38.200000000000003,5.9581222534179688,
38.299999999999997,5.7537155151367188,
38.399999999999999,5.4266815185546875,
38.5,4.951446533203125,
38.600000000000001,4.4506683349609375,
38.700000000000003,4.07763671875,
38.799999999999997,3.80169677734375,
38.899999999999999,3.6075210571289062,
39,3.4746627807617188,
39.100000000000001,3.3622360229492188,
39.200000000000003,3.2651519775390625,
39.299999999999997,3.1884994506835938,
39.399999999999999,3.1322860717773438,
39.5,3.0811920166015625,
39.600000000000001,3.0275344848632812,
39.700000000000003,2.9789886474609375,
39.799999999999997,2.9508819580078125,
39.899999999999999,2.9406661987304688,
40,2.9176712036132812,7.9225349426269531
40.100000000000001,2.88189697265625,
40.200000000000003,2.8589019775390625,
40.299999999999997,2.8691253662109375,
40.399999999999999,2.8997802734375,
40.5,2.9227752685546875,
40.600000000000001,2.9329986572265625,
40.700000000000003,2.9381103515625,
40.799999999999997,2.9406661987304688,
40.899999999999999,2.9483261108398438,
41,2.9508819580078125,
41.100000000000001,2.9483261108398438,
41.200000000000003,2.9508819580078125,
41.299999999999997,2.9483261108398438,
41.399999999999999,2.9253311157226562,
41.5,2.9074478149414062,
41.600000000000001,2.9048919677734375,
41.700000000000003,2.9125595092773438,
41.799999999999997,2.92022705078125,
41.899999999999999,2.9253311157226562,
42,2.9329986572265625,
42.100000000000001,2.9381103515625,
42.200000000000003,2.9432220458984375,
42.299999999999997,2.9534378051757812,
42.399999999999999,2.9611053466796875,
42.5,2.984100341796875,
42.600000000000001,3.0352020263671875,
42.700000000000003,3.1016311645507812,
42.799999999999997,3.1936111450195312,
42.899999999999999,3.3545761108398438,
43,3.6254043579101562,
43.100000000000001,4.02398681640625,
43.200000000000003,4.5068817138671875,
43.299999999999997,5.0332107543945312,
43.399999999999999,5.6004180908203125,
43.5,6.185516357421875,
43.600000000000001,6.8549270629882812,
43.700000000000003,7.6342010498046875,
43.799999999999997,8.3112716674804688,
43.899999999999999,8.76861572265625,
44,8.6894149780273438,
44.100000000000001,7.8820343017578125,
44.200000000000003,6.81915283203125,
44.299999999999997,5.9146804809570312,
44.399999999999999,5.1967315673828125,
44.5,4.6371841430664062,
44.600000000000001,4.20794677734375,
44.700000000000003,3.8681259155273438,
44.799999999999997,3.6356277465820312,
44.899999999999999,3.4772109985351562,
45,3.3545761108398438,
45.100000000000001,3.2396011352539062,
45.200000000000003,3.13995361328125,
45.299999999999997,3.083740234375,
45.399999999999999,3.0607452392578125,
45.5,3.0530853271484375,
45.600000000000001,3.0556411743164062,
45.700000000000003,3.058197021484375,
45.799999999999997,3.0556411743164062,
45.899999999999999,3.0607452392578125,
46,3.06585693359375,
46.100000000000001,3.06585693359375,
46.200000000000003,3.0965194702148438,
46.299999999999997,3.1782760620117188,
46.399999999999999,3.2242660522460938,
46.5,3.1833877563476562,
46.600000000000001,3.1348419189453125,
46.700000000000003,3.1220703125,
46.799999999999997,3.1169586181640625,
46.899999999999999,3.0914077758789062,
47,3.0786361694335938,
47.100000000000001,3.1067352294921875,
47.200000000000003,3.13995361328125,
47.299999999999997,3.150177001953125,
47.399999999999999,3.1476211547851562,
47.5,3.1425094604492188,
47.600000000000001,3.13995361328125,
47.700000000000003,3.1322860717773438,
47.799999999999997,3.1246261596679688,
47.899999999999999,3.1220703125,
48,3.1322860717773438,
48.100000000000001,3.168060302734375,
48.200000000000003,3.2574844360351562,
48.299999999999997,3.4951019287109375,
48.399999999999999,3.9728851318359375,
48.5,4.7163925170898438,
48.600000000000001,5.633636474609375,
48.700000000000003,6.5738754272460938,
48.799999999999997,7.4119110107421875,
48.899999999999999,8.1145401000976562,
49,8.6357574462890625,
49.100000000000001,8.8503799438476562,
49.200000000000003,8.6076507568359375,
49.299999999999997,7.9663467407226562,
49.399999999999999,7.3097152709960938,
49.5,6.7782745361328125,
49.600000000000001,6.3055953979492188,
49.700000000000003,5.807373046875,
49.799999999999997,5.2963714599609375,
49.899999999999999,4.86968994140625,
50,4.4787750244140625,8.0213899612426758
50.100000000000001,4.115966796875,
50.200000000000003,3.84002685546875,
50.299999999999997,3.6509552001953125,
50.399999999999999,3.4951019287109375,
50.5,3.35968017578125,
50.600000000000001,3.2728118896484375,
50.700000000000003,3.2396011352539062,
50.799999999999997,3.2293777465820312,
50.899999999999999,3.2114944458007812,
51,3.185943603515625,
51.100000000000001,3.1706161499023438,
51.200000000000003,3.1425094604492188,
51.299999999999997,3.0888519287109375,
51.399999999999999,3.0505294799804688,
51.5,3.0479736328125,
51.600000000000001,3.0633010864257812,
51.700000000000003,3.0684127807617188,
51.799999999999997,3.076080322265625,
51.899999999999999,3.0862960815429688,
52,3.0914077758789062,
52.100000000000001,3.093963623046875,
52.200000000000003,3.0965194702148438,
52.299999999999997,3.1169586181640625,
52.399999999999999,3.1271820068359375,
52.5,3.10418701171875,
52.600000000000001,3.0888519287109375,
52.700000000000003,3.0914077758789062,
52.799999999999997,3.10418701171875,
52.899999999999999,3.1195144653320312,
53,3.1271820068359375,
53.100000000000001,3.1322860717773438,
53.200000000000003,3.1348419189453125,
53.299999999999997,3.1425094604492188,
53.399999999999999,3.1706161499023438,
53.5,3.1987152099609375,
53.600000000000001,3.2089385986328125,
53.700000000000003,3.1961669921875,
53.799999999999997,3.168060302734375,
53.899999999999999,3.150177001953125,
54,3.1527252197265625,
54.100000000000001,3.1655044555664062,
54.200000000000003,3.2396011352539062,
54.299999999999997,3.4082260131835938,
54.399999999999999,3.6126327514648438,
54.5,3.829803466796875,
54.600000000000001,4.0444259643554688,
54.700000000000003,4.3765716552734375,
54.799999999999997,4.9080123901367188,
54.899999999999999,5.6617355346679688,
55,6.4844512939453125,
55.100000000000001,7.2228469848632812,
55.200000000000003,8.170745849609375,
55.299999999999997,9.2617340087890625,
55.399999999999999,9.9618072509765625,
55.5,10.064002990722656,
55.600000000000001,9.9234771728515625,
55.700000000000003,9.7088623046875,
55.799999999999997,9.0522232055664062,
55.899999999999999,7.8973617553710938,
56,6.6556320190429688,
56.100000000000001,5.7946014404296875,
56.200000000000003,5.34747314453125,
56.299999999999997,4.9386749267578125,
56.399999999999999,4.639739990234375,
56.5,4.4404525756835938,
56.600000000000001,4.1849517822265625,
56.700000000000003,4.02398681640625,
56.799999999999997,3.903900146484375,
56.899999999999999,3.794036865234375,
57,3.7735977172851562,
57.100000000000001,3.80169677734375,
57.200000000000003,3.7403793334960938,
57.299999999999997,3.663726806640625,
57.399999999999999,3.5896377563476562,
57.5,3.4644393920898438,
57.600000000000001,3.3647918701171875,
57.700000000000003,3.2830352783203125,
57.799999999999997,3.242156982421875,
57.899999999999999,3.2447052001953125,
58,3.24981689453125,
58.100000000000001,3.2268218994140625,
58.200000000000003,3.2089385986328125,
58.299999999999997,3.1987152099609375,
58.399999999999999,3.1373977661132812,
58.5,3.058197021484375,
58.600000000000001,3.0096511840820312,
58.700000000000003,3.0479736328125,
58.799999999999997,3.2063827514648438,
58.899999999999999,3.387786865234375,
59,3.5436477661132812,
59.100000000000001,3.7710418701171875,
59.200000000000003,4.0265426635742188,
59.299999999999997,4.2283859252929688,
59.399999999999999,4.4302291870117188,
59.5,4.6678466796875,
59.600000000000001,4.8134765625,
59.700000000000003,4.8645782470703125,
59.799999999999997,5.007659912109375,
59.899999999999999,5.23760986328125,
60,5.5058822631835938,7.9858026504516602
60.100000000000001,6.0143280029296875,
60.200000000000003,6.7297286987304688,
60.299999999999997,7.3761444091796875,
60.399999999999999,7.9101409912109375,
60.5,8.3674850463867188,
60.600000000000001,8.520782470703125,
60.700000000000003,8.0378875732421875,
60.799999999999997,7.250946044921875,
60.899999999999999,6.56109619140625,
61,5.9300155639648438,
61.100000000000001,5.357696533203125,
61.200000000000003,4.9131240844726562,
61.299999999999997,4.70361328125,
61.399999999999999,4.6550674438476562,
61.5,4.5528717041015625,
61.600000000000001,4.48388671875,
61.700000000000003,4.5324325561523438,
61.799999999999997,4.6167449951171875,
61.899999999999999,4.7904815673828125,
62,5.0178756713867188,
62.100000000000001,5.2912673950195312,
62.200000000000003,5.5518722534179688,
62.299999999999997,5.7102813720703125,
62.399999999999999,5.8738021850585938,
62.5,5.9811172485351562,
62.600000000000001,5.97344970703125,
62.700000000000003,5.9223480224609375,
62.799999999999997,5.8840255737304688,
62.899999999999999,5.8380355834960938,
63,5.7562713623046875,
63.100000000000001,5.6617355346679688,
63.200000000000003,5.5365447998046875,
63.299999999999997,5.3628005981445312,
63.399999999999999,5.1941757202148438,
63.5,5.0664215087890625,
63.600000000000001,4.961669921875,
63.700000000000003,4.8901290893554688,
63.799999999999997,4.8722457885742188,
63.899999999999999,4.8773574829101562,
64,4.86968994140625,
64.099999999999994,4.8645782470703125,
64.200000000000003,4.8492507934570312,
64.299999999999997,4.8007049560546875,
64.400000000000006,4.6499557495117188,
64.5,4.3126983642578125,
64.599999999999994,3.9550018310546875,
64.700000000000003,3.6995010375976562,
64.799999999999997,3.4951019287109375,
64.900000000000006,3.341796875,
65,3.2370452880859375,
65.099999999999994,3.1655044555664062,
65.200000000000003,3.1195144653320312,
65.299999999999997,3.0888519287109375,
65.400000000000006,3.076080322265625,
65.5,3.0735244750976562,
65.599999999999994,3.0505294799804688,
65.700000000000003,3.0096511840820312,
65.799999999999997,2.973876953125,
65.900000000000006,2.9611053466796875,
66,2.9534378051757812,
66.099999999999994,2.9432220458984375,
66.200000000000003,2.9176712036132812,
66.299999999999997,2.874237060546875,
66.400000000000006,2.8486862182617188,
66.5,2.874237060546875,
66.599999999999994,2.8997802734375,
66.700000000000003,2.9074478149414062,
66.799999999999997,2.910003662109375,
66.900000000000006,2.9125595092773438,
67,2.9151153564453125,
67.099999999999994,2.9151153564453125,
67.200000000000003,2.9151153564453125,
67.299999999999997,2.927886962890625,
67.400000000000006,2.9381103515625,
67.5,2.9227752685546875,
67.599999999999994,2.9687652587890625,
67.700000000000003,3.1092910766601562,
67.799999999999997,3.3034744262695312,
67.900000000000006,3.5385360717773438,
68,3.755706787109375,
68.099999999999994,3.9064559936523438,
68.200000000000003,3.995880126953125,
68.299999999999997,4.0367584228515625,
68.400000000000006,4.0112075805664062,
68.5,3.9524459838867188,
68.599999999999994,3.8809051513671875,
68.700000000000003,3.8093643188476562,
68.799999999999997,3.7710418701171875,
68.900000000000006,3.7352676391601562,
69,3.6892776489257812,
69.099999999999994,3.6535110473632812,
69.200000000000003,3.6254043579101562,
69.299999999999997,3.5972976684570312,
69.400000000000006,3.571746826171875,
69.5,3.5564193725585938,
69.599999999999994,3.5461959838867188,
69.700000000000003,3.5461959838867188,
69.799999999999997,3.5410919189453125,
69.900000000000006,3.518096923828125,
70,3.5232009887695312,10.830324172973633
70.099999999999994,3.6049652099609375,
70.200000000000003,3.76593017578125,
70.299999999999997,3.9703292846679688,
70.400000000000006,4.2386016845703125,
70.5,4.5605316162109375,
70.599999999999994,4.8901290893554688,
70.700000000000003,5.2580490112304688,
70.799999999999997,5.7205047607421875,
70.900000000000006,6.2366104125976562,
71,6.7501678466796875,
71.099999999999994,7.1921844482421875,
71.200000000000003,7.4962310791015625,
71.299999999999997,7.7134017944335938,
71.400000000000006,7.8973617553710938,
71.5,8.0813217163085938,
71.599999999999994,8.3496017456054688,
71.700000000000003,8.651092529296875,
71.799999999999997,8.722625732421875,
71.900000000000006,8.4543533325195312,
72,8.0302200317382812,
72.099999999999994,7.5703201293945312,
72.200000000000003,7.0542144775390625,
72.299999999999997,6.4946670532226562,
72.400000000000006,5.9530105590820312,
72.5,5.4803314208984375,
72.599999999999994,5.0613174438476562,
72.700000000000003,4.6678466796875,
72.799999999999997,4.3510208129882812,
72.900000000000006,4.087860107421875,
73,3.8451309204101562,
73.099999999999994,3.6202926635742188,
73.200000000000003,3.4312210083007812,
73.299999999999997,3.3085861206054688,
73.400000000000006,3.221710205078125,
73.5,3.1552810668945312,
73.599999999999994,3.1220703125,
73.700000000000003,3.1348419189453125,
73.799999999999997,3.1706161499023438,
73.900000000000006,3.2293777465820312,
74,3.24981689453125,
74.099999999999994,3.2089385986328125,
74.200000000000003,3.1731719970703125,
74.299999999999997,3.150177001953125,
74.400000000000006,3.150177001953125,
74.5,3.1731719970703125,
74.599999999999994,3.2191619873046875,
74.700000000000003,3.2549285888671875,
74.799999999999997,3.28814697265625,
74.900000000000006,3.3469085693359375,
75,3.4133377075195312,
75.099999999999994,3.4567718505859375,
75.200000000000003,3.5027618408203125,
75.299999999999997,3.571746826171875,
75.400000000000006,3.6432876586914062,
75.5,3.6739501953125,
75.599999999999994,3.6483993530273438,
75.700000000000003,3.6228485107421875,
75.799999999999997,3.5896377563476562,
75.900000000000006,3.4925460815429688,
76,3.3290252685546875,
76.099999999999994,3.242156982421875,
76.200000000000003,3.2370452880859375,
76.299999999999997,3.2677001953125,
76.400000000000006,3.3034744262695312,
76.5,3.313690185546875,
76.599999999999994,3.3111419677734375,
76.700000000000003,3.3264694213867188,
76.799999999999997,3.352020263671875,
76.900000000000006,3.3750152587890625,
77,3.4388885498046875,
77.099999999999994,3.6535110473632812,
77.200000000000003,4.0009918212890625,
77.299999999999997,4.3254776000976562,
77.400000000000006,4.5503158569335938,
77.5,4.7802658081054688,
77.599999999999994,5.0970840454101562,
77.700000000000003,5.3857955932617188,
77.799999999999997,5.4982223510742188,
77.900000000000006,5.5442123413085938,
78,5.6821823120117188,
78.099999999999994,5.8686904907226562,
78.200000000000003,6.1804046630859375,
78.299999999999997,6.645416259765625,
78.400000000000006,7.2075119018554688,
78.5,7.7721710205078125,
78.599999999999994,8.1681900024414062,
78.700000000000003,8.1835250854492188,
78.799999999999997,7.7696151733398438,
78.900000000000006,7.2075119018554688,
79,6.6658554077148438,
79.099999999999994,6.15740966796875,
79.200000000000003,5.7281723022460938,
79.299999999999997,5.3653564453125,
79.400000000000006,4.989776611328125,
79.5,4.6090774536132812,
79.599999999999994,4.289703369140625,
79.700000000000003,4.0367584228515625,
79.799999999999997,3.8272476196289062,
79.900000000000006,3.6509552001953125,
80,3.5461959838867188,7.7653145790100098
80.099999999999994,3.5104293823242188,
80.200000000000003,3.4669952392578125,
80.299999999999997,3.3571319580078125,
80.400000000000006,3.2651519775390625,
80.5,3.2063827514648438,
80.599999999999994,3.1603927612304688,
80.700000000000003,3.1246261596679688,
80.799999999999997,3.0684127807617188,
80.900000000000006,3.0096511840820312,
81,2.9866561889648438,
81.099999999999994,3.0045394897460938,
81.200000000000003,3.01220703125,
81.299999999999997,3.0045394897460938,
81.400000000000006,2.99176025390625,
81.5,2.973876953125,
81.599999999999994,2.9789886474609375,
81.700000000000003,3.0249786376953125,
81.799999999999997,3.093963623046875,
81.900000000000006,3.1629486083984375,
82,3.2268218994140625,
82.099999999999994,3.28814697265625,
82.200000000000003,3.3750152587890625,
82.299999999999997,3.58197021484375,
82.400000000000006,3.8323593139648438,
82.5,4.0060958862304688,
82.599999999999994,4.1031875610351562,
82.700000000000003,4.0929718017578125,
82.799999999999997,4.0112075805664062,
82.900000000000006,3.9064559936523438,
83,3.8144760131835938,
83.099999999999994,3.7250518798828125,
83.200000000000003,3.6049652099609375,
83.299999999999997,3.5002059936523438,
83.400000000000006,3.479766845703125,
83.5,3.5053176879882812,
83.599999999999994,3.5104293823242188,
83.700000000000003,3.5461959838867188,
83.799999999999997,3.6254043579101562,
83.900000000000006,3.6969451904296875,
84,3.748046875,
84.099999999999994,3.8042526245117188,
84.200000000000003,3.8681259155273438,
84.299999999999997,3.9192276000976562,
84.400000000000006,4.0546417236328125,
84.5,4.3050308227539062,
84.599999999999994,4.473663330078125,
84.700000000000003,4.5963058471679688,
84.799999999999997,4.7981491088867188,
84.900000000000006,5.05364990234375,
85,5.319366455078125,
85.099999999999994,5.5672073364257812,
85.200000000000003,5.7741622924804688,
85.299999999999997,5.9146804809570312,
85.400000000000006,5.9657821655273438,
85.5,5.8942413330078125,
85.599999999999994,5.7205047607421875,
85.700000000000003,5.5263214111328125,
85.799999999999997,5.3602523803710938,
85.900000000000006,5.227386474609375,
86,5.1379623413085938,
86.099999999999994,5.099639892578125,
86.200000000000003,5.071533203125,
86.299999999999997,5.0025482177734375,
86.400000000000006,4.9361190795898438,
86.5,4.9080123901367188,
86.599999999999994,4.8773574829101562,
86.700000000000003,4.8160324096679688,
86.799999999999997,4.72149658203125,
86.900000000000006,4.583526611328125,
87,4.4430007934570312,
87.099999999999994,4.3101425170898438,
87.200000000000003,4.1364059448242188,
87.299999999999997,3.903900146484375,
87.400000000000006,3.663726806640625,
87.5,3.4695510864257812,
87.599999999999994,3.334136962890625,
87.700000000000003,3.2625961303710938,
87.799999999999997,3.2063827514648438,
87.900000000000006,3.150177001953125,
88,3.1220703125,
88.099999999999994,3.0990753173828125,
88.200000000000003,3.0633010864257812,
88.299999999999997,3.0428619384765625,
88.400000000000006,3.0479736328125,
88.5,3.0633010864257812,
88.599999999999994,3.083740234375,
88.700000000000003,3.1144027709960938,
88.799999999999997,3.1322860717773438,
88.900000000000006,3.1450653076171875,
89,3.1476211547851562,
89.099999999999994,3.1450653076171875,
89.200000000000003,3.1476211547851562,
89.299999999999997,3.1476211547851562,
89.400000000000006,3.1322860717773438,
89.5,3.111846923828125,
89.599999999999994,3.0965194702148438,
89.700000000000003,3.0862960815429688,
89.799999999999997,3.0914077758789062,
89.900000000000006,3.1016311645507812,
90,3.1169586181640625,9.6852302551269531
90.099999999999994,3.1373977661132812,
90.200000000000003,3.1782760620117188,
90.299999999999997,3.2728118896484375,
90.400000000000006,3.4312210083007812,
90.5,3.6356277465820312,
90.599999999999994,3.8630218505859375,
90.700000000000003,4.07763671875,
90.799999999999997,4.2743759155273438,
90.900000000000006,4.4583358764648438,
91,4.6193008422851562,
91.099999999999994,4.7368316650390625,
91.200000000000003,4.90545654296875,
91.299999999999997,5.3091506958007812,
91.400000000000006,5.8584747314453125,
91.5,6.4180221557617188,
91.599999999999994,7.0363311767578125,
91.700000000000003,7.7057418823242188,
91.799999999999997,8.3444900512695312,
91.900000000000006,8.9116973876953125,
92,9.3460464477539062,
92.099999999999994,9.5300064086914062,
92.200000000000003,9.274505615234375,
92.299999999999997,8.5182266235351562,
92.400000000000006,7.5779876708984375,
92.5,6.6965103149414062,
92.599999999999994,5.9913330078125,
92.700000000000003,5.4420089721679688,
92.799999999999997,4.8875732421875,
92.900000000000006,4.3331375122070312,
93,3.8936767578125,
93.099999999999994,3.6407318115234375,
93.200000000000003,3.5053176879882812,
93.299999999999997,3.4158935546875,
93.400000000000006,3.3315811157226562,
93.5,3.2574844360351562,
93.599999999999994,3.2242660522460938,
93.700000000000003,3.2191619873046875,
93.799999999999997,3.2268218994140625,
93.900000000000006,3.2242660522460938,
94,3.2089385986328125,
94.099999999999994,3.203826904296875,
94.200000000000003,3.2012710571289062,
94.299999999999997,3.1603927612304688,
94.400000000000006,3.1144027709960938,
94.5,3.1067352294921875,
94.599999999999994,3.1348419189453125,
94.700000000000003,3.1603927612304688,
94.799999999999997,3.1706161499023438,
94.900000000000006,3.1833877563476562,
95,3.1936111450195312,
95.099999999999994,3.1936111450195312,
95.200000000000003,3.1987152099609375,
95.299999999999997,3.203826904296875,
95.400000000000006,3.2089385986328125,
95.5,3.21405029296875,
95.599999999999994,3.203826904296875,
95.700000000000003,3.1808319091796875,
95.799999999999997,3.2114944458007812,
95.900000000000006,3.3264694213867188,
96,3.387786865234375,
96.099999999999994,3.3750152587890625,
96.200000000000003,3.3622360229492188,
96.299999999999997,3.3622360229492188,
96.400000000000006,3.352020263671875,
96.5,3.3315811157226562,
96.599999999999994,3.32391357421875,
96.700000000000003,3.3264694213867188,
96.799999999999997,3.32391357421875,
96.900000000000006,3.2932510375976562,
97,3.2574844360351562,
97.099999999999994,3.2396011352539062,
97.200000000000003,3.2396011352539062,
97.299999999999997,3.2574844360351562,
97.400000000000006,3.2677001953125,
97.5,3.2702560424804688,
97.599999999999994,3.2702560424804688,
97.700000000000003,3.2702560424804688,
97.799999999999997,3.277923583984375,
97.900000000000006,3.277923583984375,
98,3.2804794311523438,
98.099999999999994,3.28814697265625,
98.200000000000003,3.28814697265625,
98.299999999999997,3.3469085693359375,
98.400000000000006,3.535980224609375,
98.5,3.8349151611328125,
98.599999999999994,4.1568450927734375,
98.700000000000003,4.4327850341796875,
98.799999999999997,4.6933975219726562,
98.900000000000006,4.9872207641601562,
99,5.3372573852539062,
99.099999999999994,5.7281723022460938,
99.200000000000003,6.0143280029296875,
99.299999999999997,6.1267471313476562,
99.400000000000006,6.3055953979492188,
99.5,6.5815353393554688,
99.599999999999994,6.8242645263671875,
99.700000000000003,7.1308670043945312,
99.799999999999997,7.4936752319335938,
99.900000000000006,7.7721710205078125,
100,8.0302200317382812,6.3829789161682129
100.09999999999999,8.3393783569335938,
100.2,8.6561965942382812,
100.3,9.0011215209960938,
100.40000000000001,9.2898406982421875,
100.5,9.39459228515625,
100.59999999999999,9.128875732421875,
100.7,8.3725967407226562,
100.8,7.3275985717773438,
100.90000000000001,6.323486328125,
101,5.5288772583007812,
101.09999999999999,4.8850173950195312,
101.2,4.3791275024414062,
101.3,4.0188751220703125,
101.40000000000001,3.7787017822265625,
101.5,3.627960205078125,
101.59999999999999,3.518096923828125,
101.7,3.4235610961914062,
101.8,3.352020263671875,
101.90000000000001,3.2932510375976562,
102,3.23193359375,
102.09999999999999,3.1910552978515625,
102.2,3.1578369140625,
102.3,3.13995361328125,
102.40000000000001,3.1348419189453125,
102.5,3.1348419189453125,
102.59999999999999,3.129730224609375,
102.7,3.1246261596679688,
102.8,3.1271820068359375,
102.90000000000001,3.1144027709960938,
103,3.083740234375,
103.09999999999999,3.0607452392578125,
103.2,3.0530853271484375,
103.3,3.0556411743164062,
103.40000000000001,3.06585693359375,
103.5,3.0735244750976562,
103.59999999999999,3.083740234375,
103.7,3.0888519287109375,
103.8,3.0888519287109375,
103.90000000000001,3.0914077758789062,
104,3.0965194702148438,
104.09999999999999,3.10418701171875,
104.2,3.0965194702148438,
104.3,3.0735244750976562,
104.40000000000001,3.058197021484375,
104.5,3.058197021484375,
104.59999999999999,3.0709686279296875,
104.7,3.083740234375,
104.8,3.0888519287109375,
104.90000000000001,3.0965194702148438,
105,3.1067352294921875,
105.09999999999999,3.1092910766601562,
105.2,3.1092910766601562,
105.3,3.1169586181640625,
105.40000000000001,3.1195144653320312,
105.5,3.1144027709960938,
105.59999999999999,3.13995361328125,
105.7,3.1527252197265625,
105.8,3.1425094604492188,
105.90000000000001,3.168060302734375,
106,3.203826904296875,
106.09999999999999,3.203826904296875,
106.2,3.1782760620117188,
106.3,3.1373977661132812,
106.40000000000001,3.1271820068359375,
106.5,3.1808319091796875,
106.59999999999999,3.2472610473632812,
106.7,3.5487518310546875,
106.8,4.1926116943359375,
106.90000000000001,4.7393875122070312,
107,5.0408706665039062,
107.09999999999999,5.301483154296875,
107.2,5.5007705688476562,
107.3,5.6489639282226562,
107.40000000000001,5.8431472778320312,
107.5,6.0449905395507812,
107.59999999999999,6.239166259765625,
107.7,6.479339599609375,
107.8,6.7859420776367188,
107.90000000000001,7.1308670043945312,
108,7.4502410888671875,
108.09999999999999,7.749176025390625,
108.2,7.9356918334960938,
108.3,7.84881591796875,
108.40000000000001,7.5217819213867188,
108.5,7.1078720092773438,
108.59999999999999,6.6326370239257812,
108.7,6.1318588256835938,
108.8,5.6898422241210938,
108.90000000000001,5.2887115478515625,
109,4.9029006958007812,
109.09999999999999,4.583526611328125,
109.2,4.3203659057617188,
109.3,4.0750808715820312,
109.40000000000001,3.85791015625,
109.5,3.6943893432617188,
109.59999999999999,3.571746826171875,
109.7,3.461883544921875,
109.8,3.369903564453125,
109.90000000000001,3.295806884765625,
110,3.2447052001953125,7.4534158706665039
110.09999999999999,3.203826904296875,
110.2,3.168060302734375,
110.3,3.1450653076171875,
110.40000000000001,3.1476211547851562,
110.5,3.1527252197265625,
110.59999999999999,3.1527252197265625,
110.7,3.1425094604492188,
110.8,3.10418701171875,
110.90000000000001,3.1220703125,
111,3.2114944458007812,
111.09999999999999,3.2651519775390625,
111.2,3.3034744262695312,
111.3,3.3724594116210938,
111.40000000000001,3.4388885498046875,
111.5,3.4823226928710938,
111.59999999999999,3.5257568359375,
111.7,3.5896377563476562,
111.8,3.6688385009765625,
111.90000000000001,3.737823486328125,
112,3.7761459350585938,
112.09999999999999,3.80169677734375,
112.2,3.8170318603515625,
112.3,3.7914810180664062,
112.40000000000001,3.7429351806640625,
112.5,3.7710418701171875,
112.59999999999999,3.8706817626953125,
112.7,3.9550018310546875,
112.8,4.0163192749023438,
112.90000000000001,4.0674209594726562,
113,4.1210708618164062,
113.09999999999999,4.1747283935546875,
113.2,4.2002792358398438,
113.3,4.2028350830078125,
113.40000000000001,4.197723388671875,
113.5,4.2105026245117188,
113.59999999999999,4.2973709106445312,
113.7,4.4864425659179688,
113.8,4.75982666015625,
113.90000000000001,5.0970840454101562,
114,5.4368972778320312,
114.09999999999999,5.7741622924804688,
114.2,6.1446304321289062,
114.3,6.5508804321289062,
114.40000000000001,6.9928970336914062,
114.5,7.4553451538085938,
114.59999999999999,7.8820343017578125,
114.7,8.2014083862304688,
114.8,8.4032516479492188,
114.90000000000001,8.4645767211914062,
115,8.29083251953125,
115.09999999999999,7.968902587890625,
115.2,7.5498809814453125,
115.3,7.013336181640625,
115.40000000000001,6.4410171508789062,
115.5,5.8763580322265625,
115.59999999999999,5.3449172973632812,
115.7,4.8824615478515625,
115.8,4.4659957885742188,
115.90000000000001,4.1312942504882812,
116,3.9013442993164062,
116.09999999999999,3.7071609497070312,
116.2,3.535980224609375,
116.3,3.4235610961914062,
116.40000000000001,3.3673477172851562,
116.5,3.32391357421875,
116.59999999999999,3.277923583984375,
116.7,3.242156982421875,
116.8,3.2191619873046875,
116.90000000000001,3.1987152099609375,
117,3.1961669921875,
117.09999999999999,3.203826904296875,
117.2,3.1961669921875,
117.3,3.1833877563476562,
117.40000000000001,3.1552810668945312,
117.5,3.129730224609375,
117.59999999999999,3.1195144653320312,
117.7,3.1195144653320312,
117.8,3.1220703125,
117.90000000000001,3.1348419189453125,
118,3.150177001953125,
118.09999999999999,3.150177001953125,
118.2,3.1527252197265625,
118.3,3.150177001953125,
118.40000000000001,3.13995361328125,
118.5,3.1373977661132812,
118.59999999999999,3.13995361328125,
118.7,3.1322860717773438,
118.8,3.1195144653320312,
118.90000000000001,3.1195144653320312,
119,3.129730224609375,
119.09999999999999,3.1348419189453125,
119.2,3.129730224609375,
119.3,3.1373977661132812,
119.40000000000001,3.1655044555664062,
119.5,3.21405029296875,
119.59999999999999,3.3213577270507812,
119.7,3.5334243774414062,
119.8,3.8936767578125,
119.90000000000001,4.3305816650390625,
120,4.7163925170898438,7.9086112976074219
120.09999999999999,5.043426513671875,
120.2,5.3679122924804688,
120.3,5.6949539184570312,
120.40000000000001,5.97344970703125,
120.5,6.2238388061523438,
120.59999999999999,6.5023345947265625,
120.7,6.8498153686523438,
120.8,7.2764968872070312,
120.90000000000001,7.7517318725585938,
121,8.1605300903320312,
121.09999999999999,8.3828125,
121.2,8.25506591796875,
121.3,7.767059326171875,
121.40000000000001,7.1921844482421875,
121.5,6.6479721069335938,
121.59999999999999,6.0807571411132812,
121.7,5.5391006469726562,
121.8,5.1047515869140625,
121.90000000000001,4.7521591186523438,
122,4.4327850341796875,
122.09999999999999,4.1440658569335938,
122.2,3.9090118408203125,
122.3,3.755706787109375,
122.40000000000001,3.645843505859375,
122.5,3.5461959838867188,
122.59999999999999,3.4823226928710938,
122.7,3.4542160034179688,
122.8,3.4210052490234375,
122.90000000000001,3.3954544067382812,
123,3.3852310180664062,
123.09999999999999,3.35968017578125,
123.2,3.3264694213867188,
123.3,3.3009185791015625,
123.40000000000001,3.2728118896484375,
123.5,3.2447052001953125,
123.59999999999999,3.2268218994140625,
123.7,3.21405029296875,
123.8,3.2242660522460938,
123.90000000000001,3.2447052001953125,
124,3.2574844360351562,
124.09999999999999,3.2702560424804688,
124.2,3.2753677368164062,
124.3,3.2702560424804688,
124.40000000000001,3.2702560424804688,
124.5,3.2932510375976562,
124.59999999999999,3.3469085693359375,
124.7,3.5743026733398438,
124.8,3.9601058959960938,
124.90000000000001,4.3510208129882812,
125,4.72149658203125,
125.09999999999999,4.9258956909179688,
125.2,5.1788406372070312,
125.3,5.6438522338867188,
125.40000000000001,6.1548538208007812,
125.5,6.681182861328125,
125.59999999999999,7.26116943359375,
125.7,7.8692550659179688,
125.8,8.5080108642578125,
125.90000000000001,9.0394515991210938,
126,9.202972412109375,
126.09999999999999,9.0087890625,
126.2,8.6561965942382812,
126.3,8.2218475341796875,
126.40000000000001,7.6393051147460938,
126.5,7.049102783203125,
126.59999999999999,6.5662078857421875,
126.7,6.08331298828125,
126.8,5.60552978515625,
126.90000000000001,5.181396484375,
127,4.851806640625,
127.09999999999999,4.6039657592773438,
127.2,4.4123458862304688,
127.3,4.24371337890625,
127.40000000000001,4.0853042602539062,
127.5,3.9575576782226562,
127.59999999999999,3.84002685546875,
127.7,3.7403793334960938,
127.8,3.6739501953125,
127.90000000000001,3.6356277465820312,
128,3.5691909790039062,
128.09999999999999,3.4823226928710938,
128.19999999999999,3.4184494018554688,
128.30000000000001,3.3545761108398438,
128.40000000000001,3.2932510375976562,
128.5,3.2753677368164062,
128.59999999999999,3.277923583984375,
128.69999999999999,3.277923583984375,
128.80000000000001,3.2753677368164062,
128.90000000000001,3.2702560424804688,
129,3.2728118896484375,
129.09999999999999,3.2830352783203125,
129.19999999999999,3.334136962890625,
129.30000000000001,3.3750152587890625,
129.40000000000001,3.3673477172851562,
129.5,3.3545761108398438,
129.59999999999999,3.3290252685546875,
129.69999999999999,3.2983627319335938,
129.80000000000001,3.2677001953125,
129.90000000000001,3.2549285888671875,
130,3.2651519775390625,9.4117641448974609
130.09999999999999,3.260040283203125,
130.19999999999999,3.242156982421875,
130.30000000000001,3.2549285888671875,
130.40000000000001,3.295806884765625,
130.5,3.3392410278320312,
130.59999999999999,3.4210052490234375,
130.69999999999999,3.571746826171875,
130.80000000000001,3.7684860229492188,
130.90000000000001,3.9728851318359375,
131,4.179840087890625,
131.09999999999999,4.4200057983398438,
131.19999999999999,4.68572998046875,
131.30000000000001,4.9105682373046875,
131.40000000000001,5.1839523315429688,
131.5,5.54931640625,
131.59999999999999,5.8508071899414062,
131.69999999999999,5.9887771606445312,
131.80000000000001,6.0730972290039062,
131.90000000000001,6.1906204223632812,
132,6.2621612548828125,
132.09999999999999,6.3030471801757812,
132.19999999999999,6.3669204711914062,
132.30000000000001,6.3669204711914062,
132.40000000000001,6.2570571899414062,
132.5,6.1037521362304688,
132.59999999999999,5.9223480224609375,
132.69999999999999,5.7409439086914062,
132.80000000000001,5.5902023315429688,
132.90000000000001,5.4777755737304688,
133,5.3909072875976562,
133.09999999999999,5.2708206176757812,
133.19999999999999,5.1149673461914062,
133.30000000000001,4.9923324584960938,
133.40000000000001,4.7879257202148438,
133.5,4.50177001953125,
133.59999999999999,4.2462692260742188,
133.69999999999999,4.1134109497070312,
133.80000000000001,3.98565673828125,
133.90000000000001,3.7582626342773438,
134,3.5410919189453125,
134.09999999999999,3.4005661010742188,
134.19999999999999,3.3085861206054688,
134.30000000000001,3.2523727416992188,
134.40000000000001,3.21405029296875,
134.5,3.1782760620117188,
134.59999999999999,3.1476211547851562,
134.69999999999999,3.1195144653320312,
134.80000000000001,3.0965194702148438,
134.90000000000001,3.0888519287109375,
135,3.083740234375,
135.09999999999999,3.0888519287109375,
135.19999999999999,3.0786361694335938,
135.30000000000001,3.0505294799804688,
135.40000000000001,3.037750244140625,
135.5,3.058197021484375,
135.59999999999999,3.0990753173828125,
135.69999999999999,3.1348419189453125,
135.80000000000001,3.1808319091796875,
135.90000000000001,3.313690185546875,
136,3.4976577758789062,
136.09999999999999,3.6151809692382812,
136.19999999999999,3.6407318115234375,
136.30000000000001,3.627960205078125,
136.40000000000001,3.599853515625,
136.5,3.5640869140625,
136.59999999999999,3.5257568359375,
136.69999999999999,3.489990234375,
136.80000000000001,3.461883544921875,
136.90000000000001,3.4363327026367188,
137,3.405670166015625,
137.09999999999999,3.3622360229492188,
137.19999999999999,3.3366851806640625,
137.30000000000001,3.3264694213867188,
137.40000000000001,3.3009185791015625,
137.5,3.2753677368164062,
137.59999999999999,3.21405029296875,
137.69999999999999,3.0684127807617188,
137.80000000000001,2.9508819580078125,
137.90000000000001,2.945770263671875,
138,3.0070953369140625,
138.09999999999999,3.0888519287109375,
138.19999999999999,3.185943603515625,
138.30000000000001,3.3724594116210938,
138.40000000000001,3.6586227416992188,
138.5,4.013763427734375,
138.59999999999999,4.437896728515625,
138.69999999999999,4.851806640625,
138.80000000000001,5.2120590209960938,
138.90000000000001,5.5978622436523438,
139,5.9811172485351562,
139.09999999999999,6.3260421752929688,
139.19999999999999,6.6147537231445312,
139.30000000000001,6.7936019897460938,
139.40000000000001,6.8242645263671875,
139.5,6.8395919799804688,
139.59999999999999,7.0235519409179688,
139.69999999999999,7.37103271484375,
139.80000000000001,7.7363967895507812,
139.90000000000001,8.0200042724609375,
140,8.2422866821289062,9.5617532730102539
140.09999999999999,8.2933883666992188,
140.19999999999999,8.0353317260742188,
140.30000000000001,7.6444168090820312,
140.40000000000001,7.3275985717773438,
140.5,7.0644302368164062,
140.59999999999999,6.8140411376953125,
140.69999999999999,6.52532958984375,
140.80000000000001,6.3643646240234375,
140.90000000000001,6.331146240234375,
141,6.1548538208007812,
141.09999999999999,5.9019088745117188,
141.19999999999999,5.6157455444335938,
141.30000000000001,5.2401657104492188,
141.40000000000001,4.841583251953125,
141.5,4.4532241821289062,
141.59999999999999,4.0904159545898438,
141.69999999999999,3.7889251708984375,
141.80000000000001,3.5845260620117188,
141.90000000000001,3.4848785400390625,
142,3.43377685546875,
142.09999999999999,3.3775711059570312,
142.19999999999999,3.3111419677734375,
142.30000000000001,3.2728118896484375,
142.40000000000001,3.242156982421875,
142.5,3.203826904296875,
142.59999999999999,3.1706161499023438,
142.69999999999999,3.1552810668945312,
142.80000000000001,3.129730224609375,
142.90000000000001,3.093963623046875,
143,3.0709686279296875,
143.09999999999999,3.0633010864257812,
143.19999999999999,3.0786361694335938,
143.30000000000001,3.111846923828125,
143.40000000000001,3.1271820068359375,
143.5,3.1271820068359375,
143.59999999999999,3.1348419189453125,
143.69999999999999,3.13995361328125,
143.80000000000001,3.1322860717773438,
143.90000000000001,3.1246261596679688,
144,3.1450653076171875,
144.09999999999999,3.1476211547851562,
144.19999999999999,3.1169586181640625,
144.30000000000001,3.10418701171875,
144.40000000000001,3.1067352294921875,
144.5,3.1144027709960938,
144.59999999999999,3.1144027709960938,
144.69999999999999,3.111846923828125,
144.80000000000001,3.1144027709960938,
144.90000000000001,3.1220703125,
145,3.1271820068359375,
145.09999999999999,3.129730224609375,
145.19999999999999,3.129730224609375,
145.30000000000001,3.1322860717773438,
145.40000000000001,3.129730224609375,
145.5,3.1271820068359375,
145.59999999999999,3.1603927612304688,
145.69999999999999,3.2293777465820312,
145.80000000000001,3.3494644165039062,
145.90000000000001,3.4976577758789062,
146,3.663726806640625,
146.09999999999999,3.8527984619140625,
146.19999999999999,4.0648651123046875,
146.30000000000001,4.3050308227539062,
146.40000000000001,4.5400924682617188,
146.5,4.7649307250976562,
146.59999999999999,4.9718856811523438,
146.69999999999999,5.1481857299804688,
146.80000000000001,5.3704681396484375,
146.90000000000001,5.6591873168945312,
147,5.97344970703125,
147.09999999999999,6.26727294921875,
147.19999999999999,6.4818954467773438,
147.30000000000001,6.6760711669921875,
147.40000000000001,6.8906936645507812,
147.5,7.0848770141601562,
147.59999999999999,7.2994918823242188,
147.69999999999999,7.5013351440429688,
147.80000000000001,7.66485595703125,
147.90000000000001,7.841156005859375,
148,7.9816818237304688,
148.09999999999999,7.8845901489257812,
148.19999999999999,7.3940277099609375,
148.30000000000001,6.7322845458984375,
148.40000000000001,6.0807571411132812,
148.5,5.4982223510742188,
148.59999999999999,5.0102157592773438,
148.69999999999999,4.5630874633789062,
148.80000000000001,4.2462692260742188,
148.90000000000001,4.07763671875,
149,3.9294509887695312,
149.09999999999999,3.76593017578125,
149.19999999999999,3.6407318115234375,
149.30000000000001,3.5513076782226562,
149.40000000000001,3.4644393920898438,
149.5,3.3852310180664062,
149.59999999999999,3.32391357421875,
149.69999999999999,3.277923583984375,
149.80000000000001,3.242156982421875,
149.90000000000001,3.1936111450195312,
150,3.1425094604492188,8.9285707473754883
150.09999999999999,3.0914077758789062,
150.19999999999999,3.0326461791992188,
150.30000000000001,2.99176025390625,
150.40000000000001,2.9866561889648438,
150.5,2.9968719482421875,
150.59999999999999,3.0070953369140625,
150.69999999999999,3.0224227905273438,
150.80000000000001,3.0224227905273438,
150.90000000000001,2.99176025390625,
151,2.9636611938476562,
151.09999999999999,2.9636611938476562,
151.19999999999999,3.0096511840820312,
151.30000000000001,3.0735244750976562,
151.40000000000001,3.093963623046875,
151.5,3.0914077758789062,
151.59999999999999,3.0965194702148438,
151.69999999999999,3.0888519287109375,
151.80000000000001,3.0556411743164062,
151.90000000000001,3.0326461791992188,
152,3.058197021484375,
152.09999999999999,3.0965194702148438,
152.19999999999999,3.1373977661132812,
152.30000000000001,3.2089385986328125,
152.40000000000001,3.2855911254882812,
152.5,3.35968017578125,
152.59999999999999,3.4312210083007812,
152.69999999999999,3.4951019287109375,
152.80000000000001,3.5896377563476562,
152.90000000000001,3.7173843383789062,
153,3.8987884521484375,
153.09999999999999,4.115966796875,
153.19999999999999,4.363800048828125,
153.30000000000001,4.6806182861328125,
153.40000000000001,5.0102157592773438,
153.5,5.2810440063476562,
153.59999999999999,5.6029739379882812,
153.69999999999999,5.9964447021484375,
153.80000000000001,6.3899154663085938,
153.90000000000001,6.8421478271484375,
154,7.3557052612304688,
154.09999999999999,7.84881591796875,
154.19999999999999,8.2933883666992188,
154.30000000000001,8.704742431640625,
154.40000000000001,8.8120574951171875,
154.5,8.3674850463867188,
154.59999999999999,7.692962646484375,
154.69999999999999,7.0925369262695312,
154.80000000000001,6.5125503540039062,
154.90000000000001,5.8584747314453125,
155,5.2554931640625,
155.09999999999999,4.7981491088867188,
155.19999999999999,4.445556640625,
155.30000000000001,4.1772842407226562,
155.40000000000001,3.9626617431640625,
155.5,3.7991409301757812,
155.59999999999999,3.6739501953125,
155.69999999999999,3.571746826171875,
155.80000000000001,3.4848785400390625,
155.90000000000001,3.4031219482421875,
156,3.3494644165039062,
156.09999999999999,3.3085861206054688,
156.19999999999999,3.2625961303710938,
156.30000000000001,3.2268218994140625,
156.40000000000001,3.2268218994140625,
156.5,3.23193359375,
156.59999999999999,3.2242660522460938,
156.69999999999999,3.221710205078125,
156.80000000000001,3.2370452880859375,
156.90000000000001,3.2447052001953125,
157,3.23193359375,
157.09999999999999,3.2344894409179688,
157.19999999999999,3.24981689453125,
157.30000000000001,3.2651519775390625,
157.40000000000001,3.2753677368164062,
157.5,3.2625961303710938,
157.59999999999999,3.24981689453125,
157.69999999999999,3.2396011352539062,
157.80000000000001,3.2370452880859375,
157.90000000000001,3.2472610473632812,
158,3.2651519775390625,
158.09999999999999,3.2932510375976562,
158.19999999999999,3.3545761108398438,
158.30000000000001,3.4848785400390625,
158.40000000000001,3.7173843383789062,
158.5,3.98565673828125,
158.59999999999999,4.179840087890625,
158.69999999999999,4.3203659057617188,
158.80000000000001,4.4787750244140625,
158.90000000000001,4.7981491088867188,
159,5.3806915283203125,
159.09999999999999,5.9146804809570312,
159.19999999999999,6.2238388061523438,
159.30000000000001,6.4818954467773438,
159.40000000000001,6.6403045654296875,
159.5,6.5866470336914062,
159.59999999999999,6.3618087768554688,
159.69999999999999,6.0041122436523438,
159.80000000000001,5.6438522338867188,
159.90000000000001,5.3551406860351562,
160,5.1251907348632812,8.8430356979370117
160.09999999999999,5.0102157592773438,
160.19999999999999,5.0051040649414062,
160.30000000000001,5.0153274536132812,
160.40000000000001,5.0102157592773438,
160.5,4.9846649169921875,
160.59999999999999,4.8722457885742188,
160.69999999999999,4.59375,
160.80000000000001,4.2309417724609375,
160.90000000000001,3.9192276000976562,
161,3.663726806640625,
161.09999999999999,3.35968017578125,
161.19999999999999,3.0249786376953125,
161.30000000000001,2.8103561401367188,
161.40000000000001,2.8026962280273438,
161.5,2.8793411254882812,
161.59999999999999,2.892120361328125,
161.69999999999999,2.9074478149414062,
161.80000000000001,3.0096511840820312,
161.90000000000001,3.10418701171875,
162,3.1348419189453125,
162.09999999999999,3.1450653076171875,
162.19999999999999,3.1782760620117188,
162.30000000000001,3.221710205078125,
162.40000000000001,3.2549285888671875,
162.5,3.3290252685546875,
162.59999999999999,3.4516677856445312,
162.69999999999999,3.553863525390625,
162.80000000000001,3.6075210571289062,
162.90000000000001,3.6483993530273438,
163,3.7148284912109375,
163.09999999999999,3.9882125854492188,
163.19999999999999,4.59375,
163.30000000000001,5.4062423706054688,
163.40000000000001,6.4026870727539062,
163.5,7.4860076904296875,
163.59999999999999,8.3828125,
163.69999999999999,8.9500274658203125,
163.80000000000001,9.3562698364257812,
163.90000000000001,9.9515838623046875,
164,10.761520385742188,
164.09999999999999,11.249526977539062,
164.19999999999999,10.738525390625,
164.30000000000001,9.35882568359375,
164.40000000000001,7.8232650756835938,
164.5,6.5943145751953125,
164.59999999999999,5.7383880615234375,
164.69999999999999,5.1405181884765625,
164.80000000000001,4.6908416748046875,
164.90000000000001,4.3229217529296875,
165,4.0290908813476562,
165.09999999999999,3.8042526245117188,
165.19999999999999,3.6202926635742188,
165.30000000000001,3.5053176879882812,
165.40000000000001,3.444000244140625,
165.5,3.3903427124023438,
165.59999999999999,3.3315811157226562,
165.69999999999999,3.2804794311523438,
165.80000000000001,3.2472610473632812,
165.90000000000001,3.2012710571289062,
166,3.1425094604492188,
166.09999999999999,3.1220703125,
166.19999999999999,3.1195144653320312,
166.30000000000001,3.1067352294921875,
166.40000000000001,3.10418701171875,
166.5,3.1169586181640625,
166.59999999999999,3.1782760620117188,
166.69999999999999,3.3085861206054688,
166.80000000000001,3.3954544067382812,
166.90000000000001,3.3826751708984375,
167,3.341796875,
167.09999999999999,3.28814697265625,
167.19999999999999,3.2396011352539062,
167.30000000000001,3.2166061401367188,
167.40000000000001,3.2089385986328125,
167.5,3.1936111450195312,
167.59999999999999,3.1782760620117188,
167.69999999999999,3.1578369140625,
167.80000000000001,3.1322860717773438,
167.90000000000001,3.1246261596679688,
168,3.1246261596679688,
168.09999999999999,3.1092910766601562,
168.19999999999999,3.0914077758789062,
168.30000000000001,3.0735244750976562,
168.40000000000001,3.0530853271484375,
168.5,3.0556411743164062,
168.59999999999999,3.0556411743164062,
168.69999999999999,3.0709686279296875,
168.80000000000001,3.2089385986328125,
168.90000000000001,3.4542160034179688,
169,3.7352676391601562,
169.09999999999999,4.0393142700195312,
169.19999999999999,4.363800048828125,
169.30000000000001,4.70361328125,
169.40000000000001,4.9642257690429688,
169.5,5.1711807250976562,
169.59999999999999,5.42156982421875,
169.69999999999999,5.6540756225585938,
169.80000000000001,5.8329238891601562,
169.90000000000001,5.9836654663085938,
170,6.04754638671875,7.4937548637390137
170.09999999999999,5.9887771606445312,
170.19999999999999,6.0041122436523438,
170.30000000000001,6.2826004028320312,
170.40000000000001,6.645416259765625,
170.5,6.9136886596679688,
170.59999999999999,7.1334152221679688,
170.69999999999999,7.4068069458007812,
170.80000000000001,7.795166015625,
170.90000000000001,8.2678375244140625,
171,8.7456207275390625,
171.09999999999999,9.128875732421875,
171.19999999999999,9.3818206787109375,
171.30000000000001,9.3715972900390625,
171.40000000000001,9.0164566040039062,
171.5,8.5284500122070312,
171.59999999999999,7.8973617553710938,
171.69999999999999,7.1564102172851562,
171.80000000000001,6.515106201171875,
171.90000000000001,5.9351272583007812,
172,5.393463134765625,
172.09999999999999,4.9744415283203125,
172.19999999999999,4.6525115966796875,
172.30000000000001,4.3331375122070312,
172.40000000000001,4.0520858764648438,
172.5,3.8553543090820312,
172.59999999999999,3.6713943481445312,
172.69999999999999,3.4951019287109375,
172.80000000000001,3.380126953125,
172.90000000000001,3.3392410278320312,
173,3.3366851806640625,
173.09999999999999,3.3469085693359375,
173.19999999999999,3.4082260131835938,
173.30000000000001,3.461883544921875,
173.40000000000001,3.47210693359375,
173.5,3.4669952392578125,
173.59999999999999,3.4772109985351562,
173.69999999999999,3.479766845703125,
173.80000000000001,3.4695510864257812,
173.90000000000001,3.4644393920898438,
174,3.4695510864257812,
174.09999999999999,3.4567718505859375,
174.19999999999999,3.4286651611328125,
174.30000000000001,3.4184494018554688,
174.40000000000001,3.426116943359375,
174.5,3.4312210083007812,
174.59999999999999,3.4312210083007812,
174.69999999999999,3.4363327026367188,
174.80000000000001,3.4491119384765625,
174.90000000000001,3.4644393920898438,
175,3.47210693359375,
175.09999999999999,3.4669952392578125,
175.19999999999999,3.4695510864257812,
175.30000000000001,3.4772109985351562,
175.40000000000001,3.4567718505859375,
175.5,3.4286651611328125,
175.59999999999999,3.4312210083007812,
175.69999999999999,3.4465560913085938,
175.80000000000001,3.4491119384765625,
175.90000000000001,3.4516677856445312,
176,3.4593276977539062,
176.09999999999999,3.4695510864257812,
176.19999999999999,3.4823226928710938,
176.30000000000001,3.4848785400390625,
176.40000000000001,3.4874343872070312,
176.5,3.4976577758789062,
176.59999999999999,3.4951019287109375,
176.69999999999999,3.4695510864257812,
176.80000000000001,3.4516677856445312,
176.90000000000001,3.4516677856445312,
177,3.4593276977539062,
177.09999999999999,3.4669952392578125,
177.19999999999999,3.47210693359375,
177.30000000000001,3.479766845703125,
177.40000000000001,3.4848785400390625,
177.5,3.4951019287109375,
177.59999999999999,3.5232009887695312,
177.69999999999999,3.6688385009765625,
177.80000000000001,3.977996826171875,
177.90000000000001,4.3433609008789062,
178,4.6985015869140625,
178.09999999999999,5.0357666015625,
178.19999999999999,5.3781356811523438,
178.30000000000001,5.7537155151367188,
178.40000000000001,6.1190872192382812,
178.5,6.4384613037109375,
178.59999999999999,6.7067337036132812,
178.69999999999999,6.9417953491210938,
178.80000000000001,7.1155319213867188,
178.90000000000001,7.0107803344726562,
179,6.63519287109375,
179.09999999999999,6.277496337890625,
179.19999999999999,5.9683380126953125,
179.30000000000001,5.67962646484375,
179.40000000000001,5.449676513671875,
179.5,5.2503814697265625,
179.59999999999999,5.0204315185546875,
179.69999999999999,4.7368316650390625,
179.80000000000001,4.4021224975585938,
179.90000000000001,4.0648651123046875,
180,3.8170318603515625,7.3710074424743652
180.09999999999999,3.7250518798828125,
180.19999999999999,3.627960205078125,
180.30000000000001,3.4031219482421875,
180.40000000000001,3.2191619873046875,
180.5,3.1425094604492188,
180.59999999999999,3.1092910766601562,
180.69999999999999,3.093963623046875,
180.80000000000001,3.0914077758789062,
180.90000000000001,3.0914077758789062,
181,3.0888519287109375,
181.09999999999999,3.0862960815429688,
181.19999999999999,3.0862960815429688,
181.30000000000001,3.0862960815429688,
181.40000000000001,3.0786361694335938,
181.5,3.0684127807617188,
181.59999999999999,3.058197021484375,
181.69999999999999,3.0556411743164062,
181.80000000000001,3.0684127807617188,
181.90000000000001,3.0888519287109375,
182,3.0990753173828125,
182.09999999999999,3.0888519287109375,
182.19999999999999,3.1016311645507812,
182.30000000000001,3.1220703125,
182.40000000000001,3.1195144653320312,
182.5,3.111846923828125,
182.59999999999999,3.1195144653320312,
182.69999999999999,3.1348419189453125,
182.80000000000001,3.1450653076171875,
182.90000000000001,3.1961669921875,
183,3.3009185791015625,
183.09999999999999,3.5053176879882812,
183.19999999999999,3.903900146484375,
183.30000000000001,4.3510208129882812,
183.40000000000001,4.7751541137695312,
183.5,5.2478256225585938,
183.59999999999999,5.7000656127929688,
183.69999999999999,6.0884246826171875,
183.80000000000001,6.3490371704101562,
183.90000000000001,6.4691162109375,
184,6.5048904418945312,
184.09999999999999,6.479339599609375,
184.19999999999999,6.4077987670898438,
184.30000000000001,6.3209304809570312,
184.40000000000001,6.2340621948242188,
184.5,6.147186279296875,
184.59999999999999,6.0526504516601562,
184.69999999999999,5.9504547119140625,
184.80000000000001,5.8456954956054688,
184.90000000000001,5.71539306640625,
185,5.5442123413085938,
185.09999999999999,5.3628005981445312,
185.19999999999999,5.1865081787109375,
185.30000000000001,5.0153274536132812,
185.40000000000001,4.841583251953125,
185.5,4.6550674438476562,
185.59999999999999,4.4762191772460938,
185.69999999999999,4.2692642211914062,
185.80000000000001,4.013763427734375,
185.90000000000001,3.7710418701171875,
186,3.5768585205078125,
186.09999999999999,3.426116943359375,
186.19999999999999,3.3111419677734375,
186.30000000000001,3.2089385986328125,
186.40000000000001,3.1629486083984375,
186.5,3.2166061401367188,
186.59999999999999,3.3290252685546875,
186.69999999999999,3.426116943359375,
186.80000000000001,3.5564193725585938,
186.90000000000001,3.7991409301757812,
187,4.1210708618164062,
187.09999999999999,4.3970108032226562,
187.19999999999999,4.6244125366210938,
187.30000000000001,4.933563232421875,
187.40000000000001,5.2452774047851562,
187.5,5.5288772583007812,
187.59999999999999,5.8278121948242188,
187.69999999999999,6.1216354370117188,
187.80000000000001,6.3796920776367188,
187.90000000000001,6.5866470336914062,
188,6.8268203735351562,
188.09999999999999,7.2228469848632812,
188.19999999999999,7.73895263671875,
188.30000000000001,8.2703933715820312,
188.40000000000001,8.7890625,
188.5,9.2872848510742188,
188.59999999999999,9.900482177734375,
188.69999999999999,10.72064208984375,
188.80000000000001,11.333839416503906,
188.90000000000001,11.206085205078125,
189,10.49835205078125,
189.09999999999999,9.754852294921875,
189.19999999999999,9.1876373291015625,
189.30000000000001,8.7660675048828125,
189.40000000000001,8.4185867309570312,
189.5,8.0864334106445312,
189.59999999999999,7.64697265625,
189.69999999999999,7.1308670043945312,
189.80000000000001,6.6607437133789062,
189.90000000000001,6.2749404907226562,
190,5.9964447021484375,7.2756667137145996
190.09999999999999,5.7460556030273438,
190.19999999999999,5.4598922729492188,
190.30000000000001,5.2043914794921875,
190.40000000000001,5.007659912109375,
190.5,4.841583251953125,
190.59999999999999,4.6244125366210938,
190.69999999999999,4.3382492065429688,
190.80000000000001,4.0827484130859375,
190.90000000000001,3.8502426147460938,
191,3.6075210571289062,
191.09999999999999,3.43377685546875,
191.19999999999999,3.341796875,
191.30000000000001,3.2728118896484375,
191.40000000000001,3.2268218994140625,
191.5,3.2114944458007812,
191.59999999999999,3.1987152099609375,
191.69999999999999,3.203826904296875,
191.80000000000001,3.221710205078125,
191.90000000000001,3.2293777465820312,
192,3.2268218994140625,
192.09999999999999,3.2293777465820312,
192.19999999999999,3.2472610473632812,
192.30000000000001,3.2804794311523438,
192.40000000000001,3.3392410278320312,
192.5,3.4567718505859375,
192.59999999999999,3.6688385009765625,
192.69999999999999,3.939666748046875,
192.80000000000001,4.1849517822265625,
192.90000000000001,4.399566650390625,
193,4.6346282958984375,
193.09999999999999,4.8773574829101562,
193.19999999999999,5.0919723510742188,
193.30000000000001,5.2989273071289062,
193.40000000000001,5.54931640625,
193.5,5.9708938598632812,
193.59999999999999,6.5815353393554688,
193.69999999999999,7.123199462890625,
193.80000000000001,7.3633651733398438,
193.90000000000001,7.2407302856445312,
194,6.9775619506835938,
194.09999999999999,6.737396240234375,
194.19999999999999,6.4665603637695312,
194.30000000000001,6.1599655151367188,
194.40000000000001,5.8840255737304688,
194.5,5.7358322143554688,
194.59999999999999,5.6898422241210938,
194.69999999999999,5.7537155151367188,
194.80000000000001,5.9223480224609375,
194.90000000000001,6.0577621459960938,
195,6.1701812744140625,
195.09999999999999,6.2800521850585938,
195.19999999999999,6.3337020874023438,
195.30000000000001,6.3209304809570312,
195.40000000000001,6.26727294921875,
195.5,6.23150634765625,
195.59999999999999,6.1957321166992188,
195.69999999999999,6.1727371215820312,
195.80000000000001,6.147186279296875,
195.90000000000001,6.0526504516601562,
196,5.9019088745117188,
196.09999999999999,5.7588272094726562,
196.19999999999999,5.6745147705078125,
196.30000000000001,5.6489639282226562,
196.40000000000001,5.6004180908203125,
196.5,5.4317855834960938,
196.59999999999999,5.0868606567382812,
196.69999999999999,4.675506591796875,
196.80000000000001,4.3740158081054688,
196.90000000000001,4.1568450927734375,
197,3.9550018310546875,
197.09999999999999,3.76593017578125,
197.19999999999999,3.610076904296875,
197.30000000000001,3.4669952392578125,
197.40000000000001,3.341796875,
197.5,3.295806884765625,
197.59999999999999,3.35968017578125,
197.69999999999999,3.4414443969726562,
197.80000000000001,3.4593276977539062,
197.90000000000001,3.43377685546875,
198,3.387786865234375,
198.09999999999999,3.3494644165039062,
198.19999999999999,3.3315811157226562,
198.30000000000001,3.3188018798828125,
198.40000000000001,3.2830352783203125,
198.5,3.23193359375,
198.59999999999999,3.185943603515625,
198.69999999999999,3.2063827514648438,
198.80000000000001,3.3162460327148438,
198.90000000000001,3.4491119384765625,
199,3.599853515625,
199.09999999999999,3.7633743286132812,
199.19999999999999,3.9166717529296875,
199.30000000000001,4.0853042602539062,
199.40000000000001,4.2105026245117188,
199.5,4.2411575317382812,
199.59999999999999,4.2360458374023438,
199.69999999999999,4.2232742309570312,
199.80000000000001,4.2130508422851562,
199.90000000000001,4.2053909301757812,
200,4.1926116943359375,5.3238687515258789
200.09999999999999,4.0469818115234375,
200.19999999999999,3.829803466796875,
200.30000000000001,3.811920166015625,
200.40000000000001,3.9907684326171875,
200.5,4.2053909301757812,
200.59999999999999,4.3510208129882812,
200.69999999999999,4.4149017333984375,
200.80000000000001,4.4813308715820312,
200.90000000000001,4.5222091674804688,
201,4.4966583251953125,
201.09999999999999,4.4813308715820312,
201.19999999999999,4.5068817138671875,
201.30000000000001,4.529876708984375,
201.40000000000001,4.5349807739257812,
201.5,4.5094375610351562,
201.59999999999999,4.4711074829101562,
201.69999999999999,4.445556640625,
201.80000000000001,4.4353408813476562,
201.90000000000001,4.4430007934570312,
202,4.4430007934570312,
202.09999999999999,4.4200057983398438,
202.19999999999999,4.3714675903320312,
202.30000000000001,4.307586669921875,
202.40000000000001,4.271820068359375,
202.5,4.2845916748046875,
202.59999999999999,4.3229217529296875,
202.69999999999999,4.35357666015625,
202.80000000000001,4.3612442016601562,
202.90000000000001,4.3791275024414062,
203,4.3970108032226562,
203.09999999999999,4.4021224975585938,
203.19999999999999,4.4123458862304688,
203.30000000000001,4.5068817138671875,
203.40000000000001,4.6933975219726562,
203.5,4.9207916259765625,
203.59999999999999,5.2018356323242188,
203.69999999999999,5.45733642578125,
203.80000000000001,5.7000656127929688,
203.90000000000001,6.0603179931640625,
204,6.5508804321289062,
204.09999999999999,7.0823211669921875,
204.19999999999999,7.5958709716796875,
204.30000000000001,8.1451950073242188,
204.40000000000001,8.69708251953125,
204.5,9.0598907470703125,
204.59999999999999,9.2591781616210938,
204.69999999999999,9.6117706298828125,
204.80000000000001,10.288841247558594,
204.90000000000001,10.932701110839844,
205,10.963363647460938,
205.09999999999999,10.628662109375,
205.19999999999999,10.541786193847656,
205.30000000000001,10.715530395507812,
205.40000000000001,10.853500366210938,
205.5,10.784515380859375,
205.59999999999999,10.6644287109375,
205.69999999999999,10.575004577636719,
205.80000000000001,10.454917907714844,
205.90000000000001,10.64654541015625,
206,11.011909484863281,
206.09999999999999,11.264854431152344,
206.19999999999999,11.323616027832031,
206.30000000000001,10.981246948242188,
206.40000000000001,10.472801208496094,
206.5,9.846832275390625,
206.59999999999999,8.9704666137695312,
206.69999999999999,8.0097808837890625,
206.80000000000001,7.1436386108398438,
206.90000000000001,6.4077987670898438,
207,5.8022613525390625,
207.09999999999999,5.3219223022460938,
207.19999999999999,4.9591140747070312,
207.30000000000001,4.6269607543945312,
207.40000000000001,4.2973709106445312,
207.5,4.013763427734375,
207.59999999999999,3.7582626342773438,
207.69999999999999,3.627960205078125,
207.80000000000001,3.627960205078125,
207.90000000000001,3.6151809692382812,
208,3.5283126831054688,
208.09999999999999,3.4184494018554688,
208.19999999999999,3.3647918701171875,
208.30000000000001,3.3903427124023438,
208.40000000000001,3.4107818603515625,
208.5,3.4082260131835938,
208.59999999999999,3.4082260131835938,
208.69999999999999,3.380126953125,
208.80000000000001,3.3264694213867188,
208.90000000000001,3.2677001953125,
209,3.2191619873046875,
209.09999999999999,3.1731719970703125,
209.19999999999999,3.1246261596679688,
209.30000000000001,3.0888519287109375,
209.40000000000001,3.0786361694335938,
209.5,3.0888519287109375,
209.59999999999999,3.10418701171875,
209.69999999999999,3.1144027709960938,
209.80000000000001,3.1195144653320312,
209.90000000000001,3.1271820068359375,
210,3.1373977661132812,6.9284067153930664
210.09999999999999,3.1425094604492188,
210.19999999999999,3.1373977661132812,
210.30000000000001,3.1373977661132812,
210.40000000000001,3.1348419189453125,
210.5,3.1246261596679688,
210.59999999999999,3.1144027709960938,
210.69999999999999,3.1144027709960938,
210.80000000000001,3.1195144653320312,
210.90000000000001,3.129730224609375,
211,3.1322860717773438,
211.09999999999999,3.1373977661132812,
211.19999999999999,3.13995361328125,
211.30000000000001,3.1476211547851562,
211.40000000000001,3.1425094604492188,
211.5,3.1476211547851562,
211.59999999999999,3.260040283203125,
211.69999999999999,3.4210052490234375,
211.80000000000001,3.4644393920898438,
211.90000000000001,3.4465560913085938,
212,3.479766845703125,
212.09999999999999,3.553863525390625,
212.19999999999999,3.6509552001953125,
212.30000000000001,3.7761459350585938,
212.40000000000001,3.9013442993164062,
212.5,3.9754409790039062,
212.59999999999999,3.995880126953125,
212.69999999999999,3.9933242797851562,
212.80000000000001,3.9907684326171875,
212.90000000000001,3.939666748046875,
213,3.8272476196289062,
213.09999999999999,3.7352676391601562,
213.19999999999999,3.6943893432617188,
213.30000000000001,3.6892776489257812,
213.40000000000001,3.6943893432617188,
213.5,3.6995010375976562,
213.59999999999999,3.6995010375976562,
213.69999999999999,3.69183349609375,
213.80000000000001,3.6765060424804688,
213.90000000000001,3.6483993530273438,
214,3.61773681640625,
214.09999999999999,3.5768585205078125,
214.19999999999999,3.5232009887695312,
214.30000000000001,3.4772109985351562,
214.40000000000001,3.4567718505859375,
214.5,3.444000244140625,
214.59999999999999,3.4286651611328125,
214.69999999999999,3.4107818603515625,
214.80000000000001,3.405670166015625,
214.90000000000001,3.4158935546875,
215,3.444000244140625,
215.09999999999999,3.4772109985351562,
215.19999999999999,3.4823226928710938,
215.30000000000001,3.4644393920898438,
215.40000000000001,3.426116943359375,
215.5,3.3826751708984375,
215.59999999999999,3.3750152587890625,
215.69999999999999,3.3954544067382812,
215.80000000000001,3.3826751708984375,
215.90000000000001,3.3469085693359375,
216,3.32391357421875,
216.09999999999999,3.341796875,
216.19999999999999,3.43377685546875,
216.30000000000001,3.610076904296875,
216.40000000000001,3.8425827026367188,
216.5,4.1491775512695312,
216.59999999999999,4.5554275512695312,
216.69999999999999,5.0280990600585938,
216.80000000000001,5.5007705688476562,
216.90000000000001,5.9300155639648438,
217,6.2442779541015625,
217.09999999999999,6.4410171508789062,
217.19999999999999,6.571319580078125,
217.30000000000001,6.6019821166992188,
217.40000000000001,6.5457687377929688,
217.5,6.4435653686523438,
217.59999999999999,6.3055953979492188,
217.69999999999999,6.129302978515625,
217.80000000000001,5.9351272583007812,
217.90000000000001,5.7128372192382812,
218,5.4598922729492188,
218.09999999999999,5.1481857299804688,
218.19999999999999,4.7419357299804688,
218.30000000000001,4.3408050537109375,
218.40000000000001,4.0163192749023438,
218.5,3.7429351806640625,
218.59999999999999,3.5487518310546875,
218.69999999999999,3.4644393920898438,
218.80000000000001,3.4465560913085938,
218.90000000000001,3.4005661010742188,
219,3.32391357421875,
219.09999999999999,3.277923583984375,
219.19999999999999,3.260040283203125,
219.30000000000001,3.2472610473632812,
219.40000000000001,3.221710205078125,
219.5,3.1936111450195312,
219.59999999999999,3.1552810668945312,
219.69999999999999,3.0862960815429688,
219.80000000000001,3.0173110961914062,
219.90000000000001,2.9943161010742188,
220,3.0326461791992188,4.8465266227722168
220.09999999999999,3.0811920166015625,
220.19999999999999,3.1220703125,
220.30000000000001,3.1322860717773438,
220.40000000000001,3.1348419189453125,
220.5,3.1987152099609375,
220.59999999999999,3.3034744262695312,
220.69999999999999,3.4312210083007812,
220.80000000000001,3.6356277465820312,
220.90000000000001,3.9115676879882812,
221,4.2871475219726562,
221.09999999999999,4.8390274047851562,
221.19999999999999,5.4726715087890625,
221.30000000000001,6.0960922241210938,
221.40000000000001,6.645416259765625,
221.5,7.0720977783203125,
221.59999999999999,7.4783401489257812,
221.69999999999999,7.8922500610351562,
221.80000000000001,8.170745849609375,
221.90000000000001,8.2218475341796875,
222,7.9995651245117188,
222.09999999999999,7.4630126953125,
222.19999999999999,6.8395919799804688,
222.30000000000001,6.26727294921875,
222.40000000000001,5.7690505981445312,
222.5,5.3525848388671875,
222.59999999999999,4.9846649169921875,
222.69999999999999,4.6499557495117188,
222.80000000000001,4.3561325073242188,
222.90000000000001,4.0955276489257812,
223,3.8604660034179688,
223.09999999999999,3.6765060424804688,
223.19999999999999,3.553863525390625,
223.30000000000001,3.4542160034179688,
223.40000000000001,3.3494644165039062,
223.5,3.260040283203125,
223.59999999999999,3.2012710571289062,
223.69999999999999,3.168060302734375,
223.80000000000001,3.1833877563476562,
223.90000000000001,3.23193359375,
224,3.2523727416992188,
224.09999999999999,3.203826904296875,
224.19999999999999,3.1655044555664062,
224.30000000000001,3.1833877563476562,
224.40000000000001,3.1936111450195312,
224.5,3.221710205078125,
224.59999999999999,3.2983627319335938,
224.69999999999999,3.3673477172851562,
224.80000000000001,3.3315811157226562,
224.90000000000001,3.260040283203125,
225,3.2472610473632812,
225.09999999999999,3.2523727416992188,
225.19999999999999,3.24981689453125,
225.30000000000001,3.2447052001953125,
225.40000000000001,3.2574844360351562,
225.5,3.2804794311523438,
225.59999999999999,3.2906951904296875,
225.69999999999999,3.2804794311523438,
225.80000000000001,3.24981689453125,
225.90000000000001,3.2166061401367188,
226,3.2089385986328125,
226.09999999999999,3.2063827514648438,
226.19999999999999,3.1884994506835938,
226.30000000000001,3.17572021484375,
226.40000000000001,3.1731719970703125,
226.5,3.1782760620117188,
226.59999999999999,3.185943603515625,
226.69999999999999,3.1833877563476562,
226.80000000000001,3.1782760620117188,
226.90000000000001,3.17572021484375,
227,3.1961669921875,
227.09999999999999,3.2396011352539062,
227.19999999999999,3.3392410278320312,
227.30000000000001,3.5053176879882812,
227.40000000000001,3.702056884765625,
227.5,3.8936767578125,
227.59999999999999,4.13385009765625,
227.69999999999999,4.473663330078125,
227.80000000000001,4.8722457885742188,
227.90000000000001,5.2759323120117188,
228,5.6387405395507812,
228.09999999999999,5.945343017578125,
228.19999999999999,6.2085113525390625,
228.30000000000001,6.4870071411132812,
228.40000000000001,6.7706069946289062,
228.5,6.9315719604492188,
228.59999999999999,7.0644302368164062,
228.69999999999999,7.2994918823242188,
228.80000000000001,7.5882110595703125,
228.90000000000001,7.8922500610351562,
229,8.1988525390625,
229.09999999999999,8.4594650268554688,
229.19999999999999,8.6204299926757812,
229.30000000000001,8.640869140625,
229.40000000000001,8.421142578125,
229.5,7.9842300415039062,
229.59999999999999,7.4374618530273438,
229.69999999999999,6.8958053588867188,
229.80000000000001,6.5278854370117188,
229.90000000000001,6.2366104125976562,
230,5.8865814208984375,5.2038159370422363
230.09999999999999,5.49566650390625,
230.19999999999999,5.0868606567382812,
230.30000000000001,4.7163925170898438,
230.40000000000001,4.3791275024414062,
230.5,4.07763671875,
230.59999999999999,3.85791015625,
230.69999999999999,3.709716796875,
230.80000000000001,3.571746826171875,
230.90000000000001,3.4388885498046875,
231,3.3571319580078125,
231.09999999999999,3.3162460327148438,
231.19999999999999,3.2804794311523438,
231.30000000000001,3.242156982421875,
231.40000000000001,3.2242660522460938,
231.5,3.221710205078125,
231.59999999999999,3.2089385986328125,
231.69999999999999,3.203826904296875,
231.80000000000001,3.2089385986328125,
231.90000000000001,3.2089385986328125,
232,3.2114944458007812,
232.09999999999999,3.2191619873046875,
232.19999999999999,3.1961669921875,
232.30000000000001,3.1578369140625,
232.40000000000001,3.1373977661132812,
232.5,3.1348419189453125,
232.59999999999999,3.1425094604492188,
232.69999999999999,3.1476211547851562,
232.80000000000001,3.1578369140625,
232.90000000000001,3.1706161499023438,
233,3.1808319091796875,
233.09999999999999,3.1833877563476562,
233.19999999999999,3.1782760620117188,
233.30000000000001,3.1706161499023438,
233.40000000000001,3.1782760620117188,
233.5,3.1603927612304688,
233.59999999999999,3.129730224609375,
233.69999999999999,3.13995361328125,
233.80000000000001,3.185943603515625,
233.90000000000001,3.24981689453125,
234,3.3443527221679688,
234.09999999999999,3.4951019287109375,
234.19999999999999,3.7531509399414062,
234.30000000000001,4.0725326538085938,
234.40000000000001,4.4097900390625,
234.5,4.7368316650390625,
234.59999999999999,4.9769973754882812,
234.69999999999999,5.0919723510742188,
234.80000000000001,5.1379623413085938,
234.90000000000001,5.2146148681640625,
235,5.3449172973632812,
235.09999999999999,5.5084381103515625,
235.19999999999999,5.7383880615234375,
235.30000000000001,6.0603179931640625,
235.40000000000001,6.4129104614257812,
235.5,6.773162841796875,
235.59999999999999,7.0976486206054688,
235.69999999999999,7.3148269653320312,
235.80000000000001,7.4630126953125,
235.90000000000001,7.6163101196289062,
236,7.6980743408203125,
236.09999999999999,7.5677719116210938,
236.19999999999999,7.2560577392578125,
236.30000000000001,6.80126953125,
236.40000000000001,6.2902679443359375,
236.5,5.8456954956054688,
236.59999999999999,5.467559814453125,
236.69999999999999,5.135406494140625,
236.80000000000001,4.8262557983398438,
236.90000000000001,4.5094375610351562,
237,4.1951675415039062,
237.09999999999999,3.9601058959960938,
237.19999999999999,3.7991409301757812,
237.30000000000001,3.6535110473632812,
237.40000000000001,3.5283126831054688,
237.5,3.4286651611328125,
237.59999999999999,3.3545761108398438,
237.69999999999999,3.2983627319335938,
237.80000000000001,3.260040283203125,
237.90000000000001,3.2396011352539062,
238,3.23193359375,
238.09999999999999,3.2268218994140625,
238.19999999999999,3.21405029296875,
238.30000000000001,3.2089385986328125,
238.40000000000001,3.2089385986328125,
238.5,3.2012710571289062,
238.59999999999999,3.1706161499023438,
238.69999999999999,3.1425094604492188,
238.80000000000001,3.1373977661132812,
238.90000000000001,3.1476211547851562,
239,3.1603927612304688,
239.09999999999999,3.1782760620117188,
239.19999999999999,3.1910552978515625,
239.30000000000001,3.2012710571289062,
239.40000000000001,3.203826904296875,
239.5,3.1961669921875,
239.59999999999999,3.1884994506835938,
239.69999999999999,3.1961669921875,
239.80000000000001,3.2114944458007812,
239.90000000000001,3.1808319091796875,
240,3.1271820068359375,9.6359748840332031
240.09999999999999,3.1092910766601562,
240.19999999999999,3.111846923828125,
240.30000000000001,3.1220703125,
240.40000000000001,3.1348419189453125,
240.5,3.1450653076171875,
240.59999999999999,3.1476211547851562,
240.69999999999999,3.1527252197265625,
240.80000000000001,3.1603927612304688,
240.90000000000001,3.1833877563476562,
241,3.2268218994140625,
241.09999999999999,3.2728118896484375,
241.19999999999999,3.3366851806640625,
241.30000000000001,3.47210693359375,
241.40000000000001,3.6943893432617188,
241.5,3.9371109008789062,
241.59999999999999,4.161956787109375,
241.69999999999999,4.3689117431640625,
241.80000000000001,4.5707550048828125,
241.90000000000001,4.7853775024414062,
242,4.9872207641601562,
242.09999999999999,5.1839523315429688,
242.19999999999999,5.4190139770507812,
242.30000000000001,5.6566314697265625,
242.40000000000001,5.8278121948242188,
242.5,5.9325714111328125,
242.59999999999999,5.9811172485351562,
242.69999999999999,5.9683380126953125,
242.80000000000001,5.917236328125,
242.90000000000001,5.8278121948242188,
243,5.6847305297851562,
243.09999999999999,5.5288772583007812,
243.19999999999999,5.3832473754882812,
243.30000000000001,5.2043914794921875,
243.40000000000001,4.9258956909179688,
243.5,4.5707550048828125,
243.59999999999999,4.20794677734375,
243.69999999999999,3.8681259155273438,
243.80000000000001,3.627960205078125,
243.90000000000001,3.5027618408203125,
244,3.4082260131835938,
244.09999999999999,3.3162460327148438,
244.19999999999999,3.2728118896484375,
244.30000000000001,3.2549285888671875,
244.40000000000001,3.2191619873046875,
244.5,3.2063827514648438,
244.59999999999999,3.2191619873046875,
244.69999999999999,3.2268218994140625,
244.80000000000001,3.2191619873046875,
244.90000000000001,3.1706161499023438,
245,3.1322860717773438,
245.09999999999999,3.185943603515625,
245.19999999999999,3.4158935546875,
245.30000000000001,3.8068084716796875,
245.40000000000001,4.2309417724609375,
245.5,4.6474075317382812,
245.59999999999999,5.0766448974609375,
245.69999999999999,5.503326416015625,
245.80000000000001,5.909576416015625,
245.90000000000001,6.2749404907226562,
246,6.6300811767578125,
246.09999999999999,7.0337753295898438,
246.19999999999999,7.4502410888671875,
246.30000000000001,7.8334884643554688,
246.40000000000001,8.1656417846679688,
246.5,8.3853683471679688,
246.59999999999999,8.4824600219726562,
246.69999999999999,8.576995849609375,
246.80000000000001,8.65875244140625,
246.90000000000001,8.5156707763671875,
247,8.2755050659179688,
247.09999999999999,8.025115966796875,
247.19999999999999,7.4757919311523438,
247.30000000000001,6.8089370727539062,
247.40000000000001,6.313262939453125,
247.5,5.917236328125,
247.59999999999999,5.5161056518554688,
247.69999999999999,5.1328506469726562,
247.80000000000001,4.8211441040039062,
247.90000000000001,4.5503158569335938,
248,4.2845916748046875,
248.09999999999999,4.0750808715820312,
248.19999999999999,3.8911209106445312,
248.30000000000001,3.702056884765625,
248.40000000000001,3.5283126831054688,
248.5,3.3852310180664062,
248.59999999999999,3.2830352783203125,
248.69999999999999,3.2242660522460938,
248.80000000000001,3.1987152099609375,
248.90000000000001,3.1808319091796875,
249,3.1476211547851562,
249.09999999999999,3.1246261596679688,
249.19999999999999,3.10418701171875,
249.30000000000001,3.0556411743164062,
249.40000000000001,3.0556411743164062,
249.5,3.093963623046875,
249.59999999999999,3.0990753173828125,
249.69999999999999,3.0709686279296875,
249.80000000000001,3.0505294799804688,
249.90000000000001,3.0505294799804688,
250,3.0556411743164062,9.6308183670043945
250.09999999999999,3.0530853271484375,
250.19999999999999,3.0607452392578125,
250.30000000000001,3.0709686279296875,
250.40000000000001,3.0709686279296875,
250.5,3.0735244750976562,
250.59999999999999,3.0786361694335938,
250.69999999999999,3.0888519287109375,
250.80000000000001,3.0888519287109375,
250.90000000000001,3.0888519287109375,
251,3.076080322265625,
251.09999999999999,3.06585693359375,
251.19999999999999,3.0684127807617188,
251.30000000000001,3.0684127807617188,
251.40000000000001,3.0709686279296875,
251.5,3.0735244750976562,
251.59999999999999,3.0735244750976562,
251.69999999999999,3.0735244750976562,
251.80000000000001,3.0735244750976562,
251.90000000000001,3.076080322265625,
252,3.076080322265625,
252.09999999999999,3.083740234375,
252.19999999999999,3.0965194702148438,
252.30000000000001,3.0914077758789062,
252.40000000000001,3.0684127807617188,
252.5,3.058197021484375,
252.59999999999999,3.0556411743164062,
252.69999999999999,3.0556411743164062,
252.80000000000001,3.0735244750976562,
252.90000000000001,3.1144027709960938,
253,3.150177001953125,
253.09999999999999,3.2063827514648438,
253.19999999999999,3.3571319580078125,
253.30000000000001,3.645843505859375,
253.40000000000001,4.0188751220703125,
253.5,4.4225616455078125,
253.59999999999999,4.7700424194335938,
253.69999999999999,5.0051040649414062,
253.80000000000001,5.2043914794921875,
253.90000000000001,5.4062423706054688,
254,5.595306396484375,
254.09999999999999,5.7537155151367188,
254.19999999999999,5.8686904907226562,
254.30000000000001,6.0296554565429688,
254.40000000000001,6.2161712646484375,
254.5,6.497222900390625,
254.59999999999999,6.9239120483398438,
254.69999999999999,7.3173751831054688,
254.80000000000001,7.6239776611328125,
254.90000000000001,7.8922500610351562,
255,8.0353317260742188,
255.09999999999999,7.8692550659179688,
255.19999999999999,7.1896286010742188,
255.30000000000001,6.3924713134765625,
255.40000000000001,5.779266357421875,
255.5,5.1788406372070312,
255.59999999999999,4.6448516845703125,
255.69999999999999,4.2564926147460938,
255.80000000000001,3.9984359741210938,
255.90000000000001,3.8374710083007812,
256,3.7327117919921875,
256.10000000000002,3.6662826538085938,
256.19999999999999,3.5947418212890625,
256.30000000000001,3.5155410766601562,
256.39999999999998,3.4644393920898438,
256.5,3.4107818603515625,
256.60000000000002,3.3545761108398438,
256.69999999999999,3.3034744262695312,
256.80000000000001,3.2677001953125,
256.89999999999998,3.2344894409179688,
257,3.1961669921875,
257.10000000000002,3.185943603515625,
257.19999999999999,3.2063827514648438,
257.30000000000001,3.1936111450195312,
257.39999999999998,3.1706161499023438,
257.5,3.1731719970703125,
257.60000000000002,3.1910552978515625,
257.69999999999999,3.1987152099609375,
257.80000000000001,3.1910552978515625,
257.89999999999998,3.1910552978515625,
258,3.1782760620117188,
258.10000000000002,3.1655044555664062,
258.19999999999999,3.1808319091796875,
258.30000000000001,3.1936111450195312,
258.39999999999998,3.1782760620117188,
258.5,3.1655044555664062,
258.60000000000002,3.1603927612304688,
258.69999999999999,3.1578369140625,
258.80000000000001,3.1629486083984375,
258.89999999999998,3.1655044555664062,
259,3.1578369140625,
259.10000000000002,3.1476211547851562,
259.19999999999999,3.1450653076171875,
259.30000000000001,3.1450653076171875,
259.39999999999998,3.1450653076171875,
259.5,3.150177001953125,
259.60000000000002,3.1348419189453125,
259.69999999999999,3.1016311645507812,
259.80000000000001,3.1144027709960938,
259.89999999999998,3.17572021484375,
260,3.2293777465820312,9.6000003814697266
260.10000000000002,3.3060302734375,
260.19999999999999,3.4772109985351562,
260.30000000000001,3.6841659545898438,
260.39999999999998,3.9447784423828125,
260.5,4.3203659057617188,
260.60000000000002,4.8007049560546875,
260.69999999999999,5.2912673950195312,
260.80000000000001,5.7000656127929688,
260.89999999999998,6.001556396484375,
261,6.1829605102539062,
261.10000000000002,6.34136962890625,
261.19999999999999,6.5866470336914062,
261.30000000000001,6.8549270629882812,
261.39999999999998,7.0567703247070312,
261.5,7.1640777587890625,
261.60000000000002,7.1640777587890625,
261.69999999999999,7.0235519409179688,
261.80000000000001,6.7297286987304688,
261.89999999999998,6.3490371704101562,
262,5.9376754760742188,
262.10000000000002,5.5467605590820312,
262.19999999999999,5.1967315673828125,
262.30000000000001,4.8773574829101562,
262.39999999999998,4.5554275512695312,
262.5,4.2743759155273438,
262.60000000000002,4.0571975708007812,
262.69999999999999,3.85791015625,
262.80000000000001,3.702056884765625,
262.89999999999998,3.5921859741210938,
263,3.5053176879882812,
263.10000000000002,3.4005661010742188,
263.19999999999999,3.2651519775390625,
263.30000000000001,3.150177001953125,
263.39999999999998,3.0990753173828125,
263.5,3.0811920166015625,
263.60000000000002,3.0786361694335938,
263.69999999999999,3.0965194702148438,
263.80000000000001,3.129730224609375,
263.89999999999998,3.1476211547851562,
264,3.1476211547851562,
264.10000000000002,3.150177001953125,
264.19999999999999,3.168060302734375,
264.30000000000001,3.1884994506835938,
264.39999999999998,3.203826904296875,
264.5,3.1910552978515625,
264.60000000000002,3.1629486083984375,
264.69999999999999,3.1552810668945312,
264.80000000000001,3.1706161499023438,
264.89999999999998,3.1884994506835938,
265,3.2166061401367188,
265.10000000000002,3.24981689453125,
265.19999999999999,3.2753677368164062,
265.30000000000001,3.2932510375976562,
265.39999999999998,3.2983627319335938,
265.5,3.2906951904296875,
265.60000000000002,3.2906951904296875,
265.69999999999999,3.2983627319335938,
265.80000000000001,3.2804794311523438,
265.89999999999998,3.2472610473632812,
266,3.2344894409179688,
266.10000000000002,3.2447052001953125,
266.19999999999999,3.260040283203125,
266.30000000000001,3.2574844360351562,
266.39999999999998,3.2447052001953125,
266.5,3.23193359375,
266.60000000000002,3.23193359375,
266.69999999999999,3.23193359375,
266.80000000000001,3.2344894409179688,
266.89999999999998,3.24981689453125,
267,3.2574844360351562,
267.10000000000002,3.2574844360351562,
267.19999999999999,3.2651519775390625,
267.30000000000001,3.2983627319335938,
267.39999999999998,3.387786865234375,
267.5,3.5743026733398438,
267.60000000000002,3.8195877075195312,
267.69999999999999,4.0750808715820312,
267.80000000000001,4.4251174926757812,
267.89999999999998,4.86968994140625,
268,5.3449172973632812,
268.10000000000002,5.78948974609375,
268.19999999999999,6.1344146728515625,
268.30000000000001,6.4384613037109375,
268.39999999999998,6.7501678466796875,
268.5,6.9724502563476562,
268.60000000000002,6.9928970336914062,
268.69999999999999,6.7961578369140625,
268.80000000000001,6.4026870727539062,
268.89999999999998,5.8201522827148438,
269,5.1098556518554688,
269.10000000000002,4.5273208618164062,
269.19999999999999,4.179840087890625,
269.30000000000001,3.9268951416015625,
269.39999999999998,3.6995010375976562,
269.5,3.5206527709960938,
269.60000000000002,3.4107818603515625,
269.69999999999999,3.3443527221679688,
269.80000000000001,3.3034744262695312,
269.89999999999998,3.2753677368164062,
270,3.24981689453125,9.2521209716796875
270.10000000000002,3.23193359375,
270.19999999999999,3.2242660522460938,
270.30000000000001,3.21405029296875,
270.39999999999998,3.2089385986328125,
270.5,3.21405029296875,
270.60000000000002,3.203826904296875,
270.69999999999999,3.168060302734375,
270.80000000000001,3.13995361328125,
270.89999999999998,3.1373977661132812,
271,3.1552810668945312,
271.10000000000002,3.1782760620117188,
271.19999999999999,3.1833877563476562,
271.30000000000001,3.1782760620117188,
271.39999999999998,3.1961669921875,
271.5,3.2166061401367188,
271.60000000000002,3.2114944458007812,
271.69999999999999,3.21405029296875,
271.80000000000001,3.2293777465820312,
271.89999999999998,3.2191619873046875,
272,3.1987152099609375,
272.10000000000002,3.185943603515625,
272.19999999999999,3.1731719970703125,
272.30000000000001,3.1833877563476562,
272.39999999999998,3.1910552978515625,
272.5,3.1833877563476562,
272.60000000000002,3.2830352783203125,
272.69999999999999,3.6432876586914062,
272.80000000000001,4.161956787109375,
272.89999999999998,4.7291641235351562,
273,5.3449172973632812,
273.10000000000002,5.8967971801757812,
273.19999999999999,6.3388137817382812,
273.30000000000001,6.69140625,
273.39999999999998,6.89324951171875,
273.5,6.8728103637695312,
273.60000000000002,6.8319320678710938,
273.69999999999999,7.1615219116210938,
273.80000000000001,7.802825927734375,
273.89999999999998,8.3266067504882812,
274,8.3496017456054688,
274.10000000000002,7.9126968383789062,
274.19999999999999,7.3454818725585938,
274.30000000000001,6.6735153198242188,
274.39999999999998,5.9913330078125,
274.5,5.4471206665039062,
274.60000000000002,4.97955322265625,
274.69999999999999,4.5809707641601562,
274.80000000000001,4.2564926147460938,
274.89999999999998,3.9831008911132812,
275,3.755706787109375,
275.10000000000002,3.5768585205078125,
275.19999999999999,3.4542160034179688,
275.30000000000001,3.369903564453125,
275.39999999999998,3.2983627319335938,
275.5,3.2549285888671875,
275.60000000000002,3.2166061401367188,
275.69999999999999,3.1552810668945312,
275.80000000000001,3.1169586181640625,
275.89999999999998,3.1169586181640625,
276,3.111846923828125,
276.10000000000002,3.1067352294921875,
276.19999999999999,3.1169586181640625,
276.30000000000001,3.129730224609375,
276.39999999999998,3.1425094604492188,
276.5,3.1527252197265625,
276.60000000000002,3.150177001953125,
276.69999999999999,3.1476211547851562,
276.80000000000001,3.1603927612304688,
276.89999999999998,3.1833877563476562,
277,3.1910552978515625,
277.10000000000002,3.1476211547851562,
277.19999999999999,3.093963623046875,
277.30000000000001,3.0862960815429688,
277.39999999999998,3.2268218994140625,
277.5,3.794036865234375,
277.60000000000002,4.6627349853515625,
277.69999999999999,5.4292373657226562,
277.80000000000001,5.9811172485351562,
277.89999999999998,6.3541412353515625,
278,6.7527236938476562,
278.10000000000002,7.1666336059570312,
278.19999999999999,7.3914718627929688,
278.30000000000001,7.4655685424804688,
278.39999999999998,7.5473251342773438,
278.5,7.6444168090820312,
278.60000000000002,7.7057418823242188,
278.69999999999999,7.6955184936523438,
278.80000000000001,7.583099365234375,
278.89999999999998,7.4119110107421875,
279,7.2458419799804688,
279.10000000000002,7.059326171875,
279.19999999999999,6.8165969848632812,
279.30000000000001,6.3260421752929688,
279.39999999999998,5.6310806274414062,
279.5,5.0025482177734375,
279.60000000000002,4.4787750244140625,
279.69999999999999,4.0955276489257812,
279.80000000000001,3.8272476196289062,
279.89999999999998,3.610076904296875,
280,3.444000244140625,10.160881042480469
280.10000000000002,3.3392410278320312,
280.19999999999999,3.2753677368164062,
280.30000000000001,3.24981689453125,
280.39999999999998,3.2063827514648438,
280.5,3.1476211547851562,
280.60000000000002,3.1246261596679688,
280.69999999999999,3.0888519287109375,
280.80000000000001,3.0352020263671875,
280.89999999999998,3.0096511840820312,
281,2.9943161010742188,
281.10000000000002,2.9866561889648438,
281.19999999999999,3.0173110961914062,
281.30000000000001,3.0352020263671875,
281.39999999999998,3.03009033203125,
281.5,3.0479736328125,
281.60000000000002,3.0709686279296875,
281.69999999999999,3.0811920166015625,
281.80000000000001,3.093963623046875,
281.89999999999998,3.1067352294921875,
282,3.1067352294921875,
282.10000000000002,3.093963623046875,
282.19999999999999,3.0735244750976562,
282.30000000000001,3.0684127807617188,
282.39999999999998,3.083740234375,
282.5,3.0990753173828125,
282.60000000000002,3.1016311645507812,
282.69999999999999,3.0990753173828125,
282.80000000000001,3.0990753173828125,
282.89999999999998,3.10418701171875,
283,3.111846923828125,
283.10000000000002,3.1169586181640625,
283.19999999999999,3.1195144653320312,
283.30000000000001,3.10418701171875,
283.39999999999998,3.0862960815429688,
283.5,3.0607452392578125,
283.60000000000002,3.0556411743164062,
283.69999999999999,3.0607452392578125,
283.80000000000001,3.0633010864257812,
283.89999999999998,3.0862960815429688,
284,3.1067352294921875,
284.10000000000002,3.1246261596679688,
284.19999999999999,3.150177001953125,
284.30000000000001,3.185943603515625,
284.39999999999998,3.3111419677734375,
284.5,3.571746826171875,
284.60000000000002,3.8783493041992188,
284.69999999999999,4.1594009399414062,
284.80000000000001,4.4404525756835938,
284.89999999999998,4.7547149658203125,
285,5.0638656616210938,
285.10000000000002,5.3219223022460938,
285.19999999999999,5.5161056518554688,
285.30000000000001,5.6540756225585938,
285.39999999999998,5.761383056640625,
285.5,5.8124847412109375,
285.60000000000002,5.7843780517578125,
285.69999999999999,5.7307205200195312,
285.80000000000001,5.6361923217773438,
285.89999999999998,5.4445648193359375,
286,5.12774658203125,
286.10000000000002,4.6474075317382812,
286.19999999999999,4.179840087890625,
286.30000000000001,3.8911209106445312,
286.39999999999998,3.69183349609375,
286.5,3.5283126831054688,
286.60000000000002,3.4133377075195312,
286.69999999999999,3.3315811157226562,
286.80000000000001,3.2677001953125,
286.89999999999998,3.221710205078125,
287,3.185943603515625,
287.10000000000002,3.1425094604492188,
287.19999999999999,3.093963623046875,
287.30000000000001,3.0709686279296875,
287.39999999999998,3.0633010864257812,
287.5,3.0633010864257812,
287.60000000000002,3.06585693359375,
287.69999999999999,3.0684127807617188,
287.80000000000001,3.076080322265625,
287.89999999999998,3.083740234375,
288,3.0888519287109375,
288.10000000000002,3.0965194702148438,
288.19999999999999,3.10418701171875,
288.30000000000001,3.1067352294921875,
288.39999999999998,3.0965194702148438,
288.5,3.076080322265625,
288.60000000000002,3.0709686279296875,
288.69999999999999,3.0786361694335938,
288.80000000000001,3.0888519287109375,
288.89999999999998,3.0914077758789062,
289,3.0888519287109375,
289.10000000000002,3.0965194702148438,
289.19999999999999,3.1092910766601562,
289.30000000000001,3.1195144653320312,
289.39999999999998,3.1169586181640625,
289.5,3.1144027709960938,
289.60000000000002,3.111846923828125,
289.69999999999999,3.093963623046875,
289.80000000000001,3.0735244750976562,
289.89999999999998,3.0709686279296875,
290,3.083740234375,10.025062561035156
290.10000000000002,3.0965194702148438,
290.19999999999999,3.1067352294921875,
290.30000000000001,3.111846923828125,
290.39999999999998,3.1195144653320312,
290.5,3.1322860717773438,
290.60000000000002,3.1578369140625,
290.69999999999999,3.2242660522460938,
290.80000000000001,3.369903564453125,
290.89999999999998,3.6202926635742188,
291,3.9575576782226562,
291.10000000000002,4.31781005859375,
291.19999999999999,4.675506591796875,
291.30000000000001,5.0638656616210938,
291.39999999999998,5.4522323608398438,
291.5,5.7843780517578125,
291.60000000000002,6.0705413818359375,
291.69999999999999,6.3592529296875,
291.80000000000001,6.6249771118164062,
291.89999999999998,6.8242645263671875,
292,6.8906936645507812,
292.10000000000002,6.80126953125,
292.19999999999999,6.5968704223632812,
292.30000000000001,6.3158187866210938,
292.39999999999998,5.9760055541992188,
292.5,5.5850906372070312,
292.60000000000002,5.1532974243164062,
292.69999999999999,4.7393875122070312,
292.80000000000001,4.3842391967773438,
292.89999999999998,4.087860107421875,
293,3.8246917724609375,
293.10000000000002,3.6126327514648438,
293.19999999999999,3.4644393920898438,
293.30000000000001,3.334136962890625,
293.39999999999998,3.221710205078125,
293.5,3.168060302734375,
293.60000000000002,3.1655044555664062,
293.69999999999999,3.1731719970703125,
293.80000000000001,3.1578369140625,
293.89999999999998,3.1246261596679688,
294,3.1169586181640625,
294.10000000000002,3.1246261596679688,
294.19999999999999,3.129730224609375,
294.30000000000001,3.1476211547851562,
294.39999999999998,3.168060302734375,
294.5,3.1527252197265625,
294.60000000000002,3.1220703125,
294.69999999999999,3.1092910766601562,
294.80000000000001,3.1092910766601562,
294.89999999999998,3.111846923828125,
295,3.1169586181640625,
295.10000000000002,3.1246261596679688,
295.19999999999999,3.129730224609375,
295.30000000000001,3.1246261596679688,
295.39999999999998,3.1195144653320312,
295.5,3.1271820068359375,
295.60000000000002,3.150177001953125,
295.69999999999999,3.168060302734375,
295.80000000000001,3.185943603515625,
295.89999999999998,3.1910552978515625,
296,3.1910552978515625,
296.10000000000002,3.21405029296875,
296.19999999999999,3.2549285888671875,
296.30000000000001,3.3571319580078125,
296.39999999999998,3.5334243774414062,
296.5,3.8093643188476562,
296.60000000000002,4.1645126342773438,
296.69999999999999,4.4889907836914062,
296.80000000000001,4.79559326171875,
296.89999999999998,5.1226348876953125,
297,5.439453125,
297.10000000000002,5.7664947509765625,
297.19999999999999,6.0782012939453125,
297.30000000000001,6.2979354858398438,
297.39999999999998,6.4563446044921875,
297.5,6.6428604125976562,
297.60000000000002,6.8600311279296875,
297.69999999999999,7.0899810791015625,
297.80000000000001,7.2918319702148438,
297.89999999999998,7.3735885620117188,
298,7.3122711181640625,
298.10000000000002,7.1385269165039062,
298.19999999999999,6.9647903442382812,
298.30000000000001,6.7859420776367188,
298.39999999999998,6.4410171508789062,
298.5,5.917236328125,
298.60000000000002,5.3857955932617188,
298.69999999999999,4.9310073852539062,
298.80000000000001,4.50177001953125,
298.89999999999998,4.13385009765625,
299,3.8425827026367188,
299.10000000000002,3.6024093627929688,
299.19999999999999,3.4363327026367188,
299.30000000000001,3.334136962890625,
299.39999999999998,3.2702560424804688,
299.5,3.2344894409179688,
299.60000000000002,3.2063827514648438,
299.69999999999999,3.185943603515625,
299.80000000000001,3.2293777465820312,
299.89999999999998,3.295806884765625,
300,3.2983627319335938,10.033444404602051
