"Data Set 1:Time(s)","Data Set 1:Force(N)","Data Set 1:Respiration Rate(bpm)"
0,4.5860824584960938,8.6206903457641602
0.10000000000000001,4.5349807739257812,
0.20000000000000001,4.4302291870117188,
0.29999999999999999,4.2590408325195312,
0.40000000000000002,4.0060958862304688,
0.5,3.7429351806640625,
0.59999999999999998,3.4848785400390625,
0.69999999999999996,3.24981689453125,
0.80000000000000004,3.0454177856445312,
0.90000000000000002,2.853790283203125,
1,2.7030487060546875,
1.1000000000000001,2.5957412719726562,
1.2,2.51397705078125,
1.3,2.4475479125976562,
1.3999999999999999,2.3785629272460938,
1.5,2.2814712524414062,
1.6000000000000001,2.1792755126953125,
1.7,2.1256179809570312,
1.8,2.1154022216796875,
1.8999999999999999,2.1077346801757812,
2,2.100067138671875,
2.1000000000000001,2.1026229858398438,
2.2000000000000002,2.1077346801757812,
2.2999999999999998,2.1077346801757812,
2.3999999999999999,2.11029052734375,
2.5,2.1256179809570312,
2.6000000000000001,2.156280517578125,
2.7000000000000002,2.1792755126953125,
2.7999999999999998,2.238037109375,
2.8999999999999999,2.4347763061523438,
3,2.7337112426757812,
3.1000000000000001,3.0224227905273438,
3.2000000000000002,3.2932510375976562,
3.2999999999999998,3.5461959838867188,
3.3999999999999999,3.76593017578125,
3.5,3.9882125854492188,
3.6000000000000001,4.2283859252929688,
3.7000000000000002,4.4481124877929688,
3.7999999999999998,4.59375,
3.8999999999999999,4.7087249755859375,
4,4.8466949462890625,
4.0999999999999996,4.9846649169921875,
4.2000000000000002,5.099639892578125,
4.2999999999999998,5.181396484375,
4.4000000000000004,5.2324981689453125,
4.5,5.3270339965820312,
4.5999999999999996,5.4420089721679688,
4.7000000000000002,5.5518722534179688,
4.7999999999999998,5.5569839477539062,
4.9000000000000004,5.4598922729492188,
5,5.357696533203125,
5.0999999999999996,5.2478256225585938,
5.2000000000000002,5.1430740356445312,
5.2999999999999998,5.0459823608398438,
5.4000000000000004,4.9591140747070312,
5.5,4.9003524780273438,
5.5999999999999996,4.8339157104492188,
5.7000000000000002,4.731719970703125,
5.7999999999999998,4.5528717041015625,
5.9000000000000004,4.31781005859375,
6,4.1185226440429688,
6.0999999999999996,3.9805526733398438,
6.2000000000000002,3.84002685546875,
6.2999999999999998,3.6867218017578125,
6.4000000000000004,3.5513076782226562,
6.5,3.4286651611328125,
6.5999999999999996,3.313690185546875,
6.7000000000000002,3.1936111450195312,
6.7999999999999998,3.0633010864257812,
6.9000000000000004,2.9151153564453125,
7,2.754150390625,
7.0999999999999996,2.6263961791992188,
7.2000000000000002,2.5446395874023438,
7.2999999999999998,2.4884262084960938,
7.4000000000000004,2.4373321533203125,
7.5,2.3990020751953125,
7.5999999999999996,2.3606796264648438,
7.7000000000000002,2.3249053955078125,
7.7999999999999998,2.2968063354492188,
7.9000000000000004,2.2686996459960938,
8,2.2508163452148438,
8.0999999999999996,2.230377197265625,
8.1999999999999993,2.18438720703125,
8.3000000000000007,2.14605712890625,
8.4000000000000004,2.14605712890625,
8.5,2.1639404296875,
8.5999999999999996,2.1818313598632812,
8.6999999999999993,2.1946029663085938,
8.8000000000000007,2.2124862670898438,
8.9000000000000004,2.2354812622070312,
9,2.2686996459960938,
9.0999999999999996,2.322357177734375,
9.1999999999999993,2.4015579223632812,
9.3000000000000007,2.4909820556640625,
9.4000000000000004,2.5574111938476562,
9.5,2.6366195678710938,
9.5999999999999996,2.7669219970703125,
9.6999999999999993,2.910003662109375,
9.8000000000000007,3.0224227905273438,
9.9000000000000004,3.1169586181640625,
10,3.2268218994140625,8.4269657135009766
10.1,3.380126953125,
10.199999999999999,3.5666427612304688,
10.300000000000001,3.7787017822265625,
10.4,4.0060958862304688,
10.5,4.2002792358398438,
10.6,4.3612442016601562,
10.699999999999999,4.5349807739257812,
10.800000000000001,4.7163925170898438,
10.9,4.897796630859375,
11,5.071533203125,
11.1,5.2197265625,
11.199999999999999,5.3628005981445312,
11.300000000000001,5.5237655639648438,
11.4,5.697509765625,
11.5,5.8559188842773438,
11.6,5.9402313232421875,
11.699999999999999,5.9300155639648438,
11.800000000000001,5.8763580322265625,
11.9,5.8686904907226562,
12,5.8942413330078125,
12.1,5.8559188842773438,
12.199999999999999,5.7511672973632812,
12.300000000000001,5.6591873168945312,
12.4,5.6234130859375,
12.5,5.6029739379882812,
12.6,5.4982223510742188,
12.699999999999999,5.3244781494140625,
12.800000000000001,5.1941757202148438,
12.9,5.1124114990234375,
13,5.0229873657226562,
13.1,4.9258956909179688,
13.199999999999999,4.8339157104492188,
13.300000000000001,4.7419357299804688,
13.4,4.639739990234375,
13.5,4.5400924682617188,
13.6,4.4021224975585938,
13.699999999999999,4.197723388671875,
13.800000000000001,3.9984359741210938,
13.9,3.84002685546875,
14,3.6943893432617188,
14.1,3.5410919189453125,
14.199999999999999,3.3928985595703125,
14.300000000000001,3.2574844360351562,
14.4,3.1348419189453125,
14.5,3.019866943359375,
14.6,2.9074478149414062,
14.699999999999999,2.8052520751953125,
14.800000000000001,2.69793701171875,
14.9,2.5727462768554688,
15,2.4577713012695312,
15.1,2.38623046875,
15.199999999999999,2.358123779296875,
15.300000000000001,2.3453521728515625,
15.4,2.33001708984375,
15.5,2.3198013305664062,
15.6,2.3146896362304688,
15.699999999999999,2.3070220947265625,
15.800000000000001,2.2993621826171875,
15.9,2.2993621826171875,
16,2.2968063354492188,
16.100000000000001,2.2610321044921875,
16.199999999999999,2.22015380859375,
16.300000000000001,2.22015380859375,
16.399999999999999,2.2457046508789062,
16.5,2.2763671875,
16.600000000000001,2.2993621826171875,
16.699999999999999,2.322357177734375,
16.800000000000001,2.347900390625,
16.899999999999999,2.3811187744140625,
17,2.4168853759765625,
17.100000000000001,2.43988037109375,
17.199999999999999,2.4449920654296875,
17.300000000000001,2.4168853759765625,
17.399999999999999,2.3811187744140625,
17.5,2.3785629272460938,
17.600000000000001,2.3964462280273438,
17.699999999999999,2.414337158203125,
17.800000000000001,2.4271087646484375,
17.899999999999999,2.432220458984375,
18,2.43988037109375,
18.100000000000001,2.450103759765625,
18.199999999999999,2.4577713012695312,
18.300000000000001,2.49609375,
18.399999999999999,2.644287109375,
18.5,2.8256912231445312,
18.600000000000001,3.01220703125,
18.699999999999999,3.2370452880859375,
18.800000000000001,3.444000244140625,
18.899999999999999,3.61773681640625,
19,3.7787017822265625,
19.100000000000001,3.9243392944335938,
19.199999999999999,4.0418701171875,
19.300000000000001,4.13385009765625,
19.399999999999999,4.2334976196289062,
19.5,4.345916748046875,
19.600000000000001,4.4200057983398438,
19.699999999999999,4.4404525756835938,
19.800000000000001,4.4711074829101562,
19.899999999999999,4.529876708984375,
20,4.6014175415039062,8.0321283340454102
20.100000000000001,4.6806182861328125,
20.199999999999999,4.7470474243164062,
20.300000000000001,4.7828216552734375,
20.399999999999999,4.805816650390625,
20.5,4.8185882568359375,
20.600000000000001,4.8288116455078125,
20.699999999999999,4.851806640625,
20.800000000000001,4.8339157104492188,
20.899999999999999,4.7649307250976562,
21,4.6908416748046875,
21.100000000000001,4.6346282958984375,
21.199999999999999,4.6014175415039062,
21.300000000000001,4.5886383056640625,
21.399999999999999,4.57586669921875,
21.5,4.565643310546875,
21.600000000000001,4.5426483154296875,
21.699999999999999,4.50177001953125,
21.800000000000001,4.4787750244140625,
21.899999999999999,4.4481124877929688,
22,4.345916748046875,
22.100000000000001,4.2360458374023438,
22.199999999999999,4.16961669921875,
22.300000000000001,4.1415176391601562,
22.399999999999999,4.1210708618164062,
22.5,4.0904159545898438,
22.600000000000001,4.0623092651367188,
22.699999999999999,4.0393142700195312,
22.800000000000001,4.02398681640625,
22.899999999999999,4.0086517333984375,
23,3.9933242797851562,
23.100000000000001,3.921783447265625,
23.199999999999999,3.7531509399414062,
23.300000000000001,3.5640869140625,
23.399999999999999,3.4082260131835938,
23.5,3.277923583984375,
23.600000000000001,3.1527252197265625,
23.699999999999999,3.0147552490234375,
23.800000000000001,2.88189697265625,
23.899999999999999,2.7694778442382812,
24,2.6851654052734375,
24.100000000000001,2.6187362670898438,
24.199999999999999,2.5548553466796875,
24.300000000000001,2.4833221435546875,
24.399999999999999,2.3836746215820312,
24.5,2.2738113403320312,
24.600000000000001,2.2124862670898438,
24.699999999999999,2.1997146606445312,
24.800000000000001,2.2022705078125,
24.899999999999999,2.2022705078125,
25,2.1997146606445312,
25.100000000000001,2.2073822021484375,
25.199999999999999,2.2175979614257812,
25.300000000000001,2.2227096557617188,
25.399999999999999,2.230377197265625,
25.5,2.2405929565429688,
25.600000000000001,2.2329254150390625,
25.699999999999999,2.2048263549804688,
25.800000000000001,2.1894912719726562,
25.899999999999999,2.2048263549804688,
26,2.2354812622070312,
26.100000000000001,2.2584762573242188,
26.199999999999999,2.2712554931640625,
26.300000000000001,2.2865829467773438,
26.399999999999999,2.3070220947265625,
26.5,2.3172454833984375,
26.600000000000001,2.3351287841796875,
26.699999999999999,2.3530120849609375,
26.800000000000001,2.3555679321289062,
26.899999999999999,2.3249053955078125,
27,2.284027099609375,
27.100000000000001,2.2789154052734375,
27.199999999999999,2.29425048828125,
27.300000000000001,2.3121337890625,
27.399999999999999,2.322357177734375,
27.5,2.33001708984375,
27.600000000000001,2.3376846313476562,
27.699999999999999,2.3453521728515625,
27.800000000000001,2.3530120849609375,
27.899999999999999,2.3606796264648438,
28,2.3657913208007812,
28.100000000000001,2.3427963256835938,
28.199999999999999,2.3070220947265625,
28.300000000000001,2.2916946411132812,
28.399999999999999,2.3044662475585938,
28.5,2.3249053955078125,
28.600000000000001,2.3427963256835938,
28.699999999999999,2.3555679321289062,
28.800000000000001,2.36834716796875,
28.899999999999999,2.3990020751953125,
29,2.4577713012695312,
29.100000000000001,2.5497512817382812,
29.199999999999999,2.6723861694335938,
29.300000000000001,2.8052520751953125,
29.399999999999999,2.9636611938476562,
29.5,3.1527252197265625,
29.600000000000001,3.3571319580078125,
29.699999999999999,3.5564193725585938,
29.800000000000001,3.7327117919921875,
29.899999999999999,3.8987884521484375,
30,4.05975341796875,8.0053367614746094
30.100000000000001,4.2309417724609375,
30.199999999999999,4.4149017333984375,
30.300000000000001,4.5886383056640625,
30.399999999999999,4.70361328125,
30.5,4.7802658081054688,
30.600000000000001,4.8748016357421875,
30.699999999999999,4.9718856811523438,
30.800000000000001,5.0459823608398438,
30.899999999999999,5.1303024291992188,
31,5.2554931640625,
31.100000000000001,5.357696533203125,
31.199999999999999,5.4343414306640625,
31.300000000000001,5.5263214111328125,
31.399999999999999,5.5799789428710938,
31.5,5.5672073364257812,
31.600000000000001,5.5084381103515625,
31.699999999999999,5.449676513671875,
31.800000000000001,5.4266815185546875,
31.899999999999999,5.3960189819335938,
32,5.3423614501953125,
32.100000000000001,5.301483154296875,
32.200000000000003,5.2887115478515625,
32.299999999999997,5.2708206176757812,
32.399999999999999,5.1686248779296875,
32.5,5.0153274536132812,
32.600000000000001,4.9080123901367188,
32.700000000000003,4.8390274047851562,
32.799999999999997,4.767486572265625,
32.899999999999999,4.6985015869140625,
33,4.6295166015625,
33.100000000000001,4.565643310546875,
33.200000000000003,4.529876708984375,
33.299999999999997,4.48388671875,
33.399999999999999,4.3561325073242188,
33.5,4.16961669921875,
33.600000000000001,3.9933242797851562,
33.700000000000003,3.8553543090820312,
33.799999999999997,3.7301559448242188,
33.899999999999999,3.5870819091796875,
34,3.444000244140625,
34.100000000000001,3.3111419677734375,
34.200000000000003,3.1833877563476562,
34.299999999999997,3.058197021484375,
34.399999999999999,2.9329986572265625,
34.5,2.8205795288085938,
34.600000000000001,2.690277099609375,
34.700000000000003,2.5548553466796875,
34.799999999999997,2.4654312133789062,
34.899999999999999,2.4271087646484375,
35,2.414337158203125,
35.100000000000001,2.3913421630859375,
35.200000000000003,2.3632354736328125,
35.299999999999997,2.340240478515625,
35.399999999999999,2.3198013305664062,
35.5,2.3044662475585938,
35.600000000000001,2.2891387939453125,
35.700000000000003,2.284027099609375,
35.799999999999997,2.2865829467773438,
35.899999999999999,2.2610321044921875,
36,2.22015380859375,
36.100000000000001,2.2022705078125,
36.200000000000003,2.22015380859375,
36.299999999999997,2.2457046508789062,
36.399999999999999,2.266143798828125,
36.5,2.2814712524414062,
36.600000000000001,2.29425048828125,
36.700000000000003,2.3070220947265625,
36.799999999999997,2.3146896362304688,
36.899999999999999,2.3249053955078125,
37,2.3376846313476562,
37.100000000000001,2.3427963256835938,
37.200000000000003,2.3146896362304688,
37.299999999999997,2.2814712524414062,
37.399999999999999,2.2763671875,
37.5,2.2916946411132812,
37.600000000000001,2.3121337890625,
37.700000000000003,2.33001708984375,
37.799999999999997,2.3351287841796875,
37.899999999999999,2.340240478515625,
38,2.3453521728515625,
38.100000000000001,2.3504562377929688,
38.200000000000003,2.358123779296875,
38.299999999999997,2.36834716796875,
38.399999999999999,2.3530120849609375,
38.5,2.3121337890625,
38.600000000000001,2.2916946411132812,
38.700000000000003,2.2993621826171875,
38.799999999999997,2.3172454833984375,
38.899999999999999,2.3325729370117188,
39,2.3427963256835938,
39.100000000000001,2.3530120849609375,
39.200000000000003,2.3606796264648438,
39.299999999999997,2.3708953857421875,
39.399999999999999,2.3836746215820312,
39.5,2.40411376953125,
39.600000000000001,2.4449920654296875,
39.700000000000003,2.51397705078125,
39.799999999999997,2.651947021484375,
39.899999999999999,2.8486862182617188,
40,3.0607452392578125,6.0606060028076172
40.100000000000001,3.2702560424804688,
40.200000000000003,3.4874343872070312,
40.299999999999997,3.7046127319335938,
40.399999999999999,3.9243392944335938,
40.5,4.1389617919921875,
40.600000000000001,4.3561325073242188,
40.700000000000003,4.5503158569335938,
40.799999999999997,4.6831741333007812,
40.899999999999999,4.8032608032226562,
41,4.961669921875,
41.100000000000001,5.135406494140625,
41.200000000000003,5.2912673950195312,
41.299999999999997,5.45733642578125,
41.399999999999999,5.6566314697265625,
41.5,5.835479736328125,
41.600000000000001,6.0041122436523438,
41.700000000000003,6.17529296875,
41.799999999999997,6.2366104125976562,
41.899999999999999,6.0909805297851562,
42,5.9044647216796875,
42.100000000000001,5.7971572875976562,
42.200000000000003,5.6438522338867188,
42.299999999999997,5.485443115234375,
42.399999999999999,5.3704681396484375,
42.5,5.2606048583984375,
42.600000000000001,5.1839523315429688,
42.700000000000003,5.0919723510742188,
42.799999999999997,4.90545654296875,
42.899999999999999,4.6729507446289062,
43,4.4787750244140625,
43.100000000000001,4.31781005859375,
43.200000000000003,4.1517333984375,
43.299999999999997,3.9907684326171875,
43.399999999999999,3.8502426147460938,
43.5,3.7173843383789062,
43.600000000000001,3.5972976684570312,
43.700000000000003,3.489990234375,
43.799999999999997,3.341796875,
43.899999999999999,3.1655044555664062,
44,3.0147552490234375,
44.100000000000001,2.8946762084960938,
44.200000000000003,2.7975845336914062,
44.299999999999997,2.7056045532226562,
44.399999999999999,2.6136245727539062,
44.5,2.5395278930664062,
44.600000000000001,2.4833221435546875,
44.700000000000003,2.4424362182617188,
44.799999999999997,2.4092254638671875,
44.899999999999999,2.3836746215820312,
45,2.3376846313476562,
45.100000000000001,2.2686996459960938,
45.200000000000003,2.2175979614257812,
45.299999999999997,2.2150421142578125,
45.399999999999999,2.2329254150390625,
45.5,2.2405929565429688,
45.600000000000001,2.2431488037109375,
45.700000000000003,2.2508163452148438,
45.799999999999997,2.25592041015625,
45.899999999999999,2.2584762573242188,
46,2.266143798828125,
46.100000000000001,2.2763671875,
46.200000000000003,2.2738113403320312,
46.299999999999997,2.2508163452148438,
46.399999999999999,2.2405929565429688,
46.5,2.2789154052734375,
46.600000000000001,2.3632354736328125,
46.700000000000003,2.4756546020507812,
46.799999999999997,2.6034011840820312,
46.899999999999999,2.7388153076171875,
47,2.8895645141601562,
47.100000000000001,3.058197021484375,
47.200000000000003,3.2396011352539062,
47.299999999999997,3.4133377075195312,
47.399999999999999,3.553863525390625,
47.5,3.663726806640625,
47.600000000000001,3.7863693237304688,
47.700000000000003,3.9320068359375,
47.799999999999997,4.0853042602539062,
47.899999999999999,4.2386016845703125,
48,4.3944625854492188,
48.100000000000001,4.57586669921875,
48.200000000000003,4.7751541137695312,
48.299999999999997,4.9974365234375,
48.399999999999999,5.2452774047851562,
48.5,5.4828872680664062,
48.600000000000001,5.7639389038085938,
48.700000000000003,6.0245513916015625,
48.799999999999997,6.1829605102539062,
48.899999999999999,6.3669204711914062,
49,6.515106201171875,
49.100000000000001,6.5968704223632812,
49.200000000000003,6.7399520874023438,
49.299999999999997,6.847259521484375,
49.399999999999999,6.9443511962890625,
49.5,7.0261077880859375,
49.600000000000001,6.92901611328125,
49.700000000000003,6.7220611572265625,
49.799999999999997,6.553436279296875,
49.899999999999999,6.4537887573242188,
50,6.3107070922851562,6.2543430328369141
50.100000000000001,6.1241912841796875,
50.200000000000003,5.9683380126953125,
50.299999999999997,5.835479736328125,
50.399999999999999,5.7179489135742188,
50.5,5.6310806274414062,
50.600000000000001,5.5058822631835938,
50.700000000000003,5.3142623901367188,
50.799999999999997,5.117523193359375,
50.899999999999999,4.9463424682617188,
51,4.7828216552734375,
51.100000000000001,4.6193008422851562,
51.200000000000003,4.4481124877929688,
51.299999999999997,4.2641525268554688,
51.399999999999999,4.0801925659179688,
51.5,3.9064559936523438,
51.600000000000001,3.7250518798828125,
51.700000000000003,3.5308685302734375,
51.799999999999997,3.2983627319335938,
51.899999999999999,3.06585693359375,
52,2.9023361206054688,
52.100000000000001,2.8026962280273438,
52.200000000000003,2.7285995483398438,
52.299999999999997,2.6774978637695312,
52.399999999999999,2.6417312622070312,
52.5,2.5931854248046875,
52.600000000000001,2.55230712890625,
52.700000000000003,2.5114212036132812,
52.799999999999997,2.4475479125976562,
52.899999999999999,2.3657913208007812,
53,2.2584762573242188,
53.100000000000001,2.138397216796875,
53.200000000000003,2.07196044921875,
53.299999999999997,2.0617446899414062,
53.399999999999999,2.0617446899414062,
53.5,2.0617446899414062,
53.600000000000001,2.0617446899414062,
53.700000000000003,2.064300537109375,
53.799999999999997,2.0898513793945312,
53.899999999999999,2.1256179809570312,
54,2.156280517578125,
54.100000000000001,2.18438720703125,
54.200000000000003,2.1971588134765625,
54.299999999999997,2.2124862670898438,
54.399999999999999,2.2686996459960938,
54.5,2.3632354736328125,
54.600000000000001,2.4833221435546875,
54.700000000000003,2.6187362670898438,
54.799999999999997,2.7464828491210938,
54.899999999999999,2.874237060546875,
55,3.0070953369140625,
55.100000000000001,3.1144027709960938,
55.200000000000003,3.1833877563476562,
55.299999999999997,3.23193359375,
55.399999999999999,3.2728118896484375,
55.5,3.3775711059570312,
55.600000000000001,3.5615310668945312,
55.700000000000003,3.7710418701171875,
55.799999999999997,3.9575576782226562,
55.899999999999999,4.0904159545898438,
56,4.2411575317382812,
56.100000000000001,4.5094375610351562,
56.200000000000003,4.8671340942382812,
56.299999999999997,5.2324981689453125,
56.399999999999999,5.5212173461914062,
56.5,5.7383880615234375,
56.600000000000001,5.9325714111328125,
56.700000000000003,6.1369705200195312,
56.799999999999997,6.5100021362304688,
56.899999999999999,7.0337753295898438,
57,7.3148269653320312,
57.100000000000001,7.2279510498046875,
57.200000000000003,6.9699020385742188,
57.299999999999997,6.7246170043945312,
57.399999999999999,6.461456298828125,
57.5,6.1420822143554688,
57.600000000000001,5.9121322631835938,
57.700000000000003,5.7946014404296875,
57.799999999999997,5.7000656127929688,
57.899999999999999,5.541656494140625,
58,5.3704681396484375,
58.100000000000001,5.2120590209960938,
58.200000000000003,5.0178756713867188,
58.299999999999997,4.8007049560546875,
58.399999999999999,4.59375,
58.5,4.4072341918945312,
58.600000000000001,4.2386016845703125,
58.700000000000003,4.0955276489257812,
58.799999999999997,3.94989013671875,
58.899999999999999,3.794036865234375,
59,3.6381759643554688,
59.100000000000001,3.4874343872070312,
59.200000000000003,3.3315811157226562,
59.299999999999997,3.1373977661132812,
59.399999999999999,2.9253311157226562,
59.5,2.754150390625,
59.600000000000001,2.6391754150390625,
59.700000000000003,2.5574111938476562,
59.799999999999997,2.4833221435546875,
59.899999999999999,2.4092254638671875,
60,2.3325729370117188,7.0367474555969238
60.100000000000001,2.266143798828125,
60.200000000000003,2.2150421142578125,
60.299999999999997,2.1486129760742188,
60.399999999999999,2.0617446899414062,
60.5,1.9595413208007812,
60.600000000000001,1.8726730346679688,
60.700000000000003,1.8292388916015625,
60.799999999999997,1.824127197265625,
60.899999999999999,1.8471221923828125,
61,1.8854522705078125,
61.100000000000001,1.9212188720703125,
61.200000000000003,1.9569854736328125,
61.299999999999997,1.9825363159179688,
61.399999999999999,2.0106430053710938,
61.5,2.046417236328125,
61.600000000000001,2.0898513793945312,
61.700000000000003,2.1154022216796875,
61.799999999999997,2.1358413696289062,
61.899999999999999,2.192047119140625,
62,2.284027099609375,
62.100000000000001,2.4015579223632812,
62.200000000000003,2.5318603515625,
62.299999999999997,2.6774978637695312,
62.399999999999999,2.8282470703125,
62.5,2.9713211059570312,
62.600000000000001,3.1016311645507812,
62.700000000000003,3.2242660522460938,
62.799999999999997,3.3264694213867188,
62.899999999999999,3.3852310180664062,
63,3.4082260131835938,
63.100000000000001,3.4005661010742188,
63.200000000000003,3.3673477172851562,
63.299999999999997,3.35968017578125,
63.399999999999999,3.380126953125,
63.5,3.3852310180664062,
63.600000000000001,3.3494644165039062,
63.700000000000003,3.3162460327148438,
63.799999999999997,3.3034744262695312,
63.899999999999999,3.2855911254882812,
64,3.23193359375,
64.099999999999994,3.1578369140625,
64.200000000000003,3.111846923828125,
64.299999999999997,3.0914077758789062,
64.400000000000006,3.0862960815429688,
64.5,3.0811920166015625,
64.599999999999994,3.06585693359375,
64.700000000000003,3.0428619384765625,
64.799999999999997,3.001983642578125,
64.900000000000006,2.9227752685546875,
65,2.835906982421875,
65.099999999999994,2.7337112426757812,
65.200000000000003,2.598297119140625,
65.299999999999997,2.47821044921875,
65.400000000000006,2.4271087646484375,
65.5,2.4117813110351562,
65.599999999999994,2.3913421630859375,
65.700000000000003,2.3734512329101562,
65.799999999999997,2.3606796264648438,
65.900000000000006,2.3453521728515625,
66,2.33001708984375,
66.099999999999994,2.33001708984375,
66.200000000000003,2.33001708984375,
66.299999999999997,2.3044662475585938,
66.400000000000006,2.2533721923828125,
66.5,2.2252655029296875,
66.599999999999994,2.2354812622070312,
66.700000000000003,2.25592041015625,
66.799999999999997,2.2738113403320312,
66.900000000000006,2.2916946411132812,
67,2.3095779418945312,
67.099999999999994,2.322357177734375,
67.200000000000003,2.3351287841796875,
67.299999999999997,2.358123779296875,
67.400000000000006,2.3811187744140625,
67.5,2.3811187744140625,
67.599999999999994,2.3657913208007812,
67.700000000000003,2.376007080078125,
67.799999999999997,2.4117813110351562,
67.900000000000006,2.4577713012695312,
68,2.4884262084960938,
68.099999999999994,2.5088653564453125,
68.200000000000003,2.5369720458984375,
68.299999999999997,2.5957412719726562,
68.400000000000006,2.7030487060546875,
68.5,2.864013671875,
68.599999999999994,3.0403060913085938,
68.700000000000003,3.2242660522460938,
68.799999999999997,3.4491119384765625,
68.900000000000006,3.7250518798828125,
69,4.0214309692382812,
69.099999999999994,4.2973709106445312,
69.200000000000003,4.621856689453125,
69.299999999999997,5.0459823608398438,
69.400000000000006,5.4368972778320312,
69.5,5.7409439086914062,
69.599999999999994,6.0041122436523438,
69.700000000000003,6.185516357421875,
69.799999999999997,6.295379638671875,
69.900000000000006,6.4307937622070312,
70,6.5840911865234375,6.3829789161682129
70.099999999999994,6.7067337036132812,
70.200000000000003,6.7961578369140625,
70.299999999999997,6.8038253784179688,
70.400000000000006,6.6326370239257812,
70.5,6.4282379150390625,
70.599999999999994,6.2902679443359375,
70.700000000000003,6.0909805297851562,
70.799999999999997,5.8865814208984375,
70.900000000000006,5.7307205200195312,
71,5.5825347900390625,
71.099999999999994,5.4471206665039062,
71.200000000000003,5.3142623901367188,
71.299999999999997,5.1890640258789062,
71.400000000000006,5.0740890502929688,
71.5,4.9488906860351562,
71.599999999999994,4.75982666015625,
71.700000000000003,4.5043258666992188,
71.799999999999997,4.253936767578125,
71.900000000000006,4.0520858764648438,
72,3.8655776977539062,
72.099999999999994,3.6739501953125,
72.200000000000003,3.4823226928710938,
72.299999999999997,3.295806884765625,
72.400000000000006,3.083740234375,
72.5,2.874237060546875,
72.599999999999994,2.7388153076171875,
72.700000000000003,2.6468353271484375,
72.799999999999997,2.5395278930664062,
72.900000000000006,2.4245529174804688,
73,2.340240478515625,
73.099999999999994,2.284027099609375,
73.200000000000003,2.1971588134765625,
73.299999999999997,2.064300537109375,
73.400000000000006,1.954437255859375,
73.5,1.88800048828125,
73.599999999999994,1.8471221923828125,
73.700000000000003,1.806243896484375,
73.799999999999997,1.7755813598632812,
73.900000000000006,1.7755813598632812,
74,1.7628097534179688,
74.099999999999994,1.732147216796875,
74.200000000000003,1.732147216796875,
74.299999999999997,1.7653656005859375,
74.400000000000006,1.806243896484375,
74.5,1.8496780395507812,
74.599999999999994,1.898223876953125,
74.700000000000003,1.9442138671875,
74.799999999999997,1.9825363159179688,
74.900000000000006,2.0029754638671875,
75,2.0157546997070312,
75.099999999999994,2.0285263061523438,
75.200000000000003,2.0285263061523438,
75.299999999999997,2.008087158203125,
75.400000000000006,2.00042724609375,
75.5,2.0157546997070312,
75.599999999999994,2.03619384765625,
75.700000000000003,2.0668563842773438,
75.799999999999997,2.1077346801757812,
75.900000000000006,2.1230621337890625,
76,2.128173828125,
76.099999999999994,2.1332855224609375,
76.200000000000003,2.1409454345703125,
76.299999999999997,2.1511688232421875,
76.400000000000006,2.156280517578125,
76.5,2.1307296752929688,
76.599999999999994,2.0872955322265625,
76.700000000000003,2.0694122314453125,
76.799999999999997,2.0847396850585938,
76.900000000000006,2.1051788330078125,
77,2.1205062866210938,
77.099999999999994,2.138397216796875,
77.200000000000003,2.1486129760742188,
77.299999999999997,2.1613922119140625,
77.400000000000006,2.1767196655273438,
77.5,2.192047119140625,
77.599999999999994,2.2073822021484375,
77.700000000000003,2.1946029663085938,
77.799999999999997,2.156280517578125,
77.900000000000006,2.1435012817382812,
78,2.156280517578125,
78.099999999999994,2.1869354248046875,
78.200000000000003,2.2227096557617188,
78.299999999999997,2.2584762573242188,
78.400000000000006,2.2916946411132812,
78.5,2.340240478515625,
78.599999999999994,2.3990020751953125,
78.700000000000003,2.4654312133789062,
78.799999999999997,2.524200439453125,
78.900000000000006,2.5446395874023438,
79,2.5369720458984375,
79.099999999999994,2.5344161987304688,
79.200000000000003,2.5548553466796875,
79.299999999999997,2.616180419921875,
79.400000000000006,2.7132720947265625,
79.5,2.8512420654296875,
79.599999999999994,3.0045394897460938,
79.700000000000003,3.150177001953125,
79.799999999999997,3.3034744262695312,
79.900000000000006,3.4644393920898438,
80,3.6202926635742188,5.9288539886474609
80.099999999999994,3.7633743286132812,
80.200000000000003,3.9115676879882812,
80.299999999999997,4.0623092651367188,
80.400000000000006,4.1951675415039062,
80.5,4.3229217529296875,
80.599999999999994,4.4506683349609375,
80.700000000000003,4.5733108520507812,
80.799999999999997,4.70361328125,
80.900000000000006,4.8364715576171875,
81,4.961669921875,
81.099999999999994,5.043426513671875,
81.200000000000003,5.0332107543945312,
81.299999999999997,4.9540023803710938,
81.400000000000006,4.859466552734375,
81.5,4.7879257202148438,
81.599999999999994,4.731719970703125,
81.700000000000003,4.6627349853515625,
81.799999999999997,4.57586669921875,
81.900000000000006,4.4864425659179688,
82,4.3944625854492188,
82.099999999999994,4.2820358276367188,
82.200000000000003,4.1210708618164062,
82.299999999999997,3.9166717529296875,
82.400000000000006,3.719940185546875,
82.5,3.58197021484375,
82.599999999999994,3.47210693359375,
82.700000000000003,3.3571319580078125,
82.799999999999997,3.2396011352539062,
82.900000000000006,3.1271820068359375,
83,3.0249786376953125,
83.099999999999994,2.9355545043945312,
83.200000000000003,2.8512420654296875,
83.299999999999997,2.7694778442382812,
83.400000000000006,2.66217041015625,
83.5,2.5446395874023438,
83.599999999999994,2.4705429077148438,
83.700000000000003,2.4347763061523438,
83.799999999999997,2.4219970703125,
83.900000000000006,2.4117813110351562,
84,2.4066696166992188,
84.099999999999994,2.3990020751953125,
84.200000000000003,2.4015579223632812,
84.299999999999997,2.40411376953125,
84.400000000000006,2.4066696166992188,
84.5,2.4117813110351562,
84.599999999999994,2.3964462280273438,
84.700000000000003,2.3530120849609375,
84.799999999999997,2.3121337890625,
84.900000000000006,2.3121337890625,
85,2.3351287841796875,
85.099999999999994,2.358123779296875,
85.200000000000003,2.376007080078125,
85.299999999999997,2.3887863159179688,
85.400000000000006,2.3964462280273438,
85.5,2.40411376953125,
85.599999999999994,2.4194412231445312,
85.700000000000003,2.432220458984375,
85.799999999999997,2.4296646118164062,
85.900000000000006,2.3990020751953125,
86,2.3606796264648438,
86.099999999999994,2.3530120849609375,
86.200000000000003,2.3708953857421875,
86.299999999999997,2.3964462280273438,
86.400000000000006,2.4168853759765625,
86.5,2.4296646118164062,
86.599999999999994,2.4424362182617188,
86.700000000000003,2.450103759765625,
86.799999999999997,2.4577713012695312,
86.900000000000006,2.4628753662109375,
87,2.467987060546875,
87.099999999999994,2.4475479125976562,
87.200000000000003,2.4066696166992188,
87.299999999999997,2.38623046875,
87.400000000000006,2.3964462280273438,
87.5,2.4117813110351562,
87.599999999999994,2.4168853759765625,
87.700000000000003,2.414337158203125,
87.799999999999997,2.4296646118164062,
87.900000000000006,2.4552154541015625,
88,2.485870361328125,
88.099999999999994,2.5497512817382812,
88.200000000000003,2.6800537109375,
88.299999999999997,2.8410186767578125,
88.400000000000006,2.99176025390625,
88.5,3.1655044555664062,
88.599999999999994,3.3724594116210938,
88.700000000000003,3.5845260620117188,
88.799999999999997,3.7812576293945312,
88.900000000000006,3.9754409790039062,
89,4.1823959350585938,
89.099999999999994,4.3944625854492188,
89.200000000000003,4.5963058471679688,
89.299999999999997,4.7828216552734375,
89.400000000000006,4.9386749267578125,
89.5,5.0178756713867188,
89.599999999999994,5.0587615966796875,
89.700000000000003,5.1303024291992188,
89.799999999999997,5.1660690307617188,
89.900000000000006,5.099639892578125,
90,4.989776611328125,6.1475410461425781
90.099999999999994,4.8671340942382812,
90.200000000000003,4.7189407348632812,
90.299999999999997,4.547760009765625,
90.400000000000006,4.3433609008789062,
90.5,4.115966796875,
90.599999999999994,3.9090118408203125,
90.700000000000003,3.7352676391601562,
90.799999999999997,3.5921859741210938,
90.900000000000006,3.4465560913085938,
91,3.2932510375976562,
91.099999999999994,3.1552810668945312,
91.200000000000003,3.0403060913085938,
91.299999999999997,2.9329986572265625,
91.400000000000006,2.835906982421875,
91.5,2.743927001953125,
91.599999999999994,2.6570587158203125,
91.700000000000003,2.55230712890625,
91.799999999999997,2.43988037109375,
91.900000000000006,2.36834716796875,
92,2.3427963256835938,
92.099999999999994,2.3376846313476562,
92.200000000000003,2.3274612426757812,
92.299999999999997,2.322357177734375,
92.400000000000006,2.3172454833984375,
92.5,2.3172454833984375,
92.599999999999994,2.3249053955078125,
92.700000000000003,2.33001708984375,
92.799999999999997,2.340240478515625,
92.900000000000006,2.3376846313476562,
93,2.3070220947265625,
93.099999999999994,2.2738113403320312,
93.200000000000003,2.2712554931640625,
93.299999999999997,2.2891387939453125,
93.400000000000006,2.3070220947265625,
93.5,2.3172454833984375,
93.599999999999994,2.3351287841796875,
93.700000000000003,2.3453521728515625,
93.799999999999997,2.347900390625,
93.900000000000006,2.3606796264648438,
94,2.376007080078125,
94.099999999999994,2.3734512329101562,
94.200000000000003,2.3427963256835938,
94.299999999999997,2.3070220947265625,
94.400000000000006,2.29425048828125,
94.5,2.3070220947265625,
94.599999999999994,2.322357177734375,
94.700000000000003,2.33001708984375,
94.799999999999997,2.3376846313476562,
94.900000000000006,2.3453521728515625,
95,2.3504562377929688,
95.099999999999994,2.3555679321289062,
95.200000000000003,2.3632354736328125,
95.299999999999997,2.3657913208007812,
95.400000000000006,2.3504562377929688,
95.5,2.3095779418945312,
95.599999999999994,2.2763671875,
95.700000000000003,2.2814712524414062,
95.799999999999997,2.301910400390625,
95.900000000000006,2.3146896362304688,
96,2.322357177734375,
96.099999999999994,2.3325729370117188,
96.200000000000003,2.3453521728515625,
96.299999999999997,2.3606796264648438,
96.400000000000006,2.3785629272460938,
96.5,2.4066696166992188,
96.599999999999994,2.4168853759765625,
96.700000000000003,2.4168853759765625,
96.799999999999997,2.4552154541015625,
96.900000000000006,2.5727462768554688,
97,2.7669219970703125,
97.099999999999994,2.9636611938476562,
97.200000000000003,3.1425094604492188,
97.299999999999997,3.3264694213867188,
97.400000000000006,3.5155410766601562,
97.5,3.7046127319335938,
97.599999999999994,3.886016845703125,
97.700000000000003,4.0418701171875,
97.799999999999997,4.161956787109375,
97.900000000000006,4.2845916748046875,
98,4.4225616455078125,
98.099999999999994,4.565643310546875,
98.200000000000003,4.7061691284179688,
98.299999999999997,4.8339157104492188,
98.400000000000006,4.94378662109375,
98.5,5.0357666015625,
98.599999999999994,5.1251907348632812,
98.700000000000003,5.2171707153320312,
98.799999999999997,5.2631607055664062,
98.900000000000006,5.2529373168945312,
99,5.2401657104492188,
99.099999999999994,5.2401657104492188,
99.200000000000003,5.2222824096679688,
99.299999999999997,5.173736572265625,
99.400000000000006,5.1047515869140625,
99.5,5.0102157592773438,
99.599999999999994,4.9386749267578125,
99.700000000000003,4.9029006958007812,
99.799999999999997,4.7930374145507812,
99.900000000000006,4.6269607543945312,
100,4.50177001953125,6.3113603591918945
100.09999999999999,4.4123458862304688,
100.2,4.31781005859375,
100.3,4.2002792358398438,
100.40000000000001,4.1006317138671875,
100.5,4.0009918212890625,
100.59999999999999,3.8834609985351562,
100.7,3.7403793334960938,
100.8,3.5870819091796875,
100.90000000000001,3.444000244140625,
101,3.28814697265625,
101.09999999999999,3.1322860717773438,
101.2,3.0096511840820312,
101.3,2.88189697265625,
101.40000000000001,2.7490386962890625,
101.5,2.6315078735351562,
101.59999999999999,2.5012054443359375,
101.7,2.376007080078125,
101.8,2.3095779418945312,
101.90000000000001,2.2763671875,
102,2.2354812622070312,
102.09999999999999,2.1971588134765625,
102.2,2.14605712890625,
102.3,2.082183837890625,
102.40000000000001,2.0540771484375,
102.5,2.0617446899414062,
102.59999999999999,2.07196044921875,
102.7,2.0745162963867188,
102.8,2.0770721435546875,
102.90000000000001,2.0770721435546875,
103,2.0847396850585938,
103.09999999999999,2.1026229858398438,
103.2,2.1205062866210938,
103.3,2.1409454345703125,
103.40000000000001,2.1486129760742188,
103.5,2.138397216796875,
103.59999999999999,2.1332855224609375,
103.7,2.156280517578125,
103.8,2.1946029663085938,
103.90000000000001,2.2354812622070312,
104,2.2763671875,
104.09999999999999,2.3172454833984375,
104.2,2.3453521728515625,
104.3,2.3606796264648438,
104.40000000000001,2.36834716796875,
104.5,2.3657913208007812,
104.59999999999999,2.358123779296875,
104.7,2.33001708984375,
104.8,2.284027099609375,
104.90000000000001,2.2635879516601562,
105,2.2738113403320312,
105.09999999999999,2.2916946411132812,
105.2,2.3070220947265625,
105.3,2.3172454833984375,
105.40000000000001,2.3249053955078125,
105.5,2.33001708984375,
105.59999999999999,2.340240478515625,
105.7,2.3530120849609375,
105.8,2.36834716796875,
105.90000000000001,2.3734512329101562,
106,2.3657913208007812,
106.09999999999999,2.38623046875,
106.2,2.4705429077148438,
106.3,2.6212921142578125,
106.40000000000001,2.8052520751953125,
106.5,2.9968719482421875,
106.59999999999999,3.1910552978515625,
106.7,3.3903427124023438,
106.8,3.5870819091796875,
106.90000000000001,3.7735977172851562,
107,3.9371109008789062,
107.09999999999999,4.05975341796875,
107.2,4.1670608520507812,
107.3,4.3152542114257812,
107.40000000000001,4.5043258666992188,
107.5,4.68572998046875,
107.59999999999999,4.8339157104492188,
107.7,4.9744415283203125,
107.8,5.1098556518554688,
107.90000000000001,5.2299423217773438,
108,5.3730239868164062,
108.09999999999999,5.5007705688476562,
108.2,5.5365447998046875,
108.3,5.541656494140625,
108.40000000000001,5.5672073364257812,
108.5,5.5748672485351562,
108.59999999999999,5.53143310546875,
108.7,5.4471206665039062,
108.8,5.3347015380859375,
108.90000000000001,5.2452774047851562,
109,5.181396484375,
109.09999999999999,5.0689773559570312,
109.2,4.897796630859375,
109.3,4.749603271484375,
109.40000000000001,4.6525115966796875,
109.5,4.5707550048828125,
109.59999999999999,4.4864425659179688,
109.7,4.4046783447265625,
109.8,4.31781005859375,
109.90000000000001,4.2130508422851562,
110,4.1082992553710938,6.5934062004089355
110.09999999999999,3.9703292846679688,
110.2,3.7506027221679688,
110.3,3.4951019287109375,
110.40000000000001,3.2932510375976562,
110.5,3.1425094604492188,
110.59999999999999,2.9994277954101562,
110.7,2.874237060546875,
110.8,2.77203369140625,
110.90000000000001,2.6877212524414062,
111,2.616180419921875,
111.09999999999999,2.5471954345703125,
111.2,2.47821044921875,
111.3,2.3836746215820312,
111.40000000000001,2.2584762573242188,
111.5,2.156280517578125,
111.59999999999999,2.1077346801757812,
111.7,2.0949554443359375,
111.8,2.0949554443359375,
111.90000000000001,2.1026229858398438,
112,2.1128463745117188,
112.09999999999999,2.1205062866210938,
112.2,2.1256179809570312,
112.3,2.1358413696289062,
112.40000000000001,2.1486129760742188,
112.5,2.14605712890625,
112.59999999999999,2.1256179809570312,
112.7,2.1205062866210938,
112.8,2.1409454345703125,
112.90000000000001,2.1664962768554688,
113,2.1946029663085938,
113.09999999999999,2.2278213500976562,
113.2,2.2508163452148438,
113.3,2.2763671875,
113.40000000000001,2.3070220947265625,
113.5,2.3325729370117188,
113.59999999999999,2.347900390625,
113.7,2.33001708984375,
113.8,2.2789154052734375,
113.90000000000001,2.2431488037109375,
114,2.2405929565429688,
114.09999999999999,2.2533721923828125,
114.2,2.2635879516601562,
114.3,2.2635879516601562,
114.40000000000001,2.2635879516601562,
114.5,2.2712554931640625,
114.59999999999999,2.2738113403320312,
114.7,2.2789154052734375,
114.8,2.2789154052734375,
114.90000000000001,2.2584762573242188,
115,2.2124862670898438,
115.09999999999999,2.1716079711914062,
115.2,2.1664962768554688,
115.3,2.1792755126953125,
115.40000000000001,2.1894912719726562,
115.5,2.1946029663085938,
115.59999999999999,2.2022705078125,
115.7,2.2124862670898438,
115.8,2.22015380859375,
115.90000000000001,2.2329254150390625,
116,2.2457046508789062,
116.09999999999999,2.2329254150390625,
116.2,2.1997146606445312,
116.3,2.1818313598632812,
116.40000000000001,2.192047119140625,
116.5,2.2175979614257812,
116.59999999999999,2.2354812622070312,
116.7,2.2457046508789062,
116.8,2.25592041015625,
116.90000000000001,2.266143798828125,
117,2.2763671875,
117.09999999999999,2.2916946411132812,
117.2,2.3070220947265625,
117.3,2.29425048828125,
117.40000000000001,2.2789154052734375,
117.5,2.2968063354492188,
117.59999999999999,2.3376846313476562,
117.7,2.4117813110351562,
117.8,2.5471954345703125,
117.90000000000001,2.7285995483398438,
118,2.910003662109375,
118.09999999999999,3.0888519287109375,
118.2,3.28814697265625,
118.3,3.489990234375,
118.40000000000001,3.6611709594726562,
118.5,3.8195877075195312,
118.59999999999999,3.9984359741210938,
118.7,4.2181625366210938,
118.8,4.455780029296875,
118.90000000000001,4.6601791381835938,
119,4.8313674926757812,
119.09999999999999,5.0051040649414062,
119.2,5.1992874145507812,
119.3,5.3781356811523438,
119.40000000000001,5.485443115234375,
119.5,5.5646514892578125,
119.59999999999999,5.6387405395507812,
119.7,5.6821823120117188,
119.8,5.7026214599609375,
119.90000000000001,5.71539306640625,
120,5.7077255249023438,6.0160427093505859
120.09999999999999,5.6719589233398438,
120.2,5.6004180908203125,
120.3,5.4598922729492188,
120.40000000000001,5.2784881591796875,
120.5,5.1430740356445312,
120.59999999999999,5.05364990234375,
120.7,4.97955322265625,
120.8,4.9105682373046875,
120.90000000000001,4.8645782470703125,
121,4.8288116455078125,
121.09999999999999,4.8083724975585938,
121.2,4.7444915771484375,
121.3,4.6090774536132812,
121.40000000000001,4.4787750244140625,
121.5,4.3944625854492188,
121.59999999999999,4.335693359375,
121.7,4.2692642211914062,
121.8,4.2002792358398438,
121.90000000000001,4.123626708984375,
122,4.0546417236328125,
122.09999999999999,3.9754409790039062,
122.2,3.8681259155273438,
122.3,3.69183349609375,
122.40000000000001,3.4695510864257812,
122.5,3.2702560424804688,
122.59999999999999,3.1144027709960938,
122.7,2.984100341796875,
122.8,2.8614578247070312,
122.90000000000001,2.7413711547851562,
123,2.6417312622070312,
123.09999999999999,2.5650787353515625,
123.2,2.4986495971679688,
123.3,2.4449920654296875,
123.40000000000001,2.3887863159179688,
123.5,2.322357177734375,
123.59999999999999,2.2329254150390625,
123.7,2.1486129760742188,
123.8,2.1128463745117188,
123.90000000000001,2.1077346801757812,
124,2.100067138671875,
124.09999999999999,2.0898513793945312,
124.2,2.0898513793945312,
124.3,2.0898513793945312,
124.40000000000001,2.0847396850585938,
124.5,2.0745162963867188,
124.59999999999999,2.0515213012695312,
124.7,2.0336380004882812,
124.8,2.0157546997070312,
124.90000000000001,1.97998046875,
125,1.9595413208007812,
125.09999999999999,1.9825363159179688,
125.2,2.03619384765625,
125.3,2.0898513793945312,
125.40000000000001,2.1486129760742188,
125.5,2.2431488037109375,
125.59999999999999,2.3913421630859375,
125.7,2.5701904296875,
125.8,2.743927001953125,
125.90000000000001,2.9176712036132812,
126,3.0914077758789062,
126.09999999999999,3.2574844360351562,
126.2,3.4414443969726562,
126.3,3.6509552001953125,
126.40000000000001,3.8630218505859375,
126.5,4.0393142700195312,
126.59999999999999,4.1926116943359375,
126.7,4.3561325073242188,
126.8,4.5068817138671875,
126.90000000000001,4.6499557495117188,
127,4.7981491088867188,
127.09999999999999,4.8850173950195312,
127.2,4.90545654296875,
127.3,4.9463424682617188,
127.40000000000001,5.0051040649414062,
127.5,5.0408706665039062,
127.59999999999999,5.0562057495117188,
127.7,5.0740890502929688,
127.8,5.0919723510742188,
127.90000000000001,5.1251907348632812,
128,5.1532974243164062,
128.09999999999999,5.1073074340820312,
128.19999999999999,4.9769973754882812,
128.30000000000001,4.8441390991210938,
128.40000000000001,4.75982666015625,
128.5,4.6959457397460938,
128.59999999999999,4.639739990234375,
128.69999999999999,4.6167449951171875,
128.80000000000001,4.6244125366210938,
128.90000000000001,4.639739990234375,
129,4.657623291015625,
129.09999999999999,4.6525115966796875,
129.19999999999999,4.5579757690429688,
129.30000000000001,4.445556640625,
129.40000000000001,4.3842391967773438,
129.5,4.3484725952148438,
129.59999999999999,4.335693359375,
129.69999999999999,4.345916748046875,
129.80000000000001,4.35357666015625,
129.90000000000001,4.3663558959960938,
130,4.3842391967773438,6.43316650390625
130.09999999999999,4.399566650390625,
130.19999999999999,4.4021224975585938,
130.30000000000001,4.3382492065429688,
130.40000000000001,4.24371337890625,
130.5,4.1875076293945312,
130.59999999999999,4.1594009399414062,
130.69999999999999,4.1440658569335938,
130.80000000000001,4.1440658569335938,
130.90000000000001,4.1491775512695312,
131,4.1568450927734375,
131.09999999999999,4.1721725463867188,
131.19999999999999,4.1875076293945312,
131.30000000000001,4.2002792358398438,
131.40000000000001,4.179840087890625,
131.5,4.1031875610351562,
131.59999999999999,4.013763427734375,
131.69999999999999,3.9626617431640625,
131.80000000000001,3.9447784423828125,
131.90000000000001,3.921783447265625,
132,3.87579345703125,
132.09999999999999,3.829803466796875,
132.19999999999999,3.80169677734375,
132.30000000000001,3.7812576293945312,
132.40000000000001,3.7684860229492188,
132.5,3.7506027221679688,
132.59999999999999,3.6841659545898438,
132.69999999999999,3.5870819091796875,
132.80000000000001,3.5129852294921875,
132.90000000000001,3.4874343872070312,
133,3.489990234375,
133.09999999999999,3.4925460815429688,
133.19999999999999,3.4976577758789062,
133.30000000000001,3.5027618408203125,
133.40000000000001,3.5053176879882812,
133.5,3.5053176879882812,
133.59999999999999,3.5104293823242188,
133.69999999999999,3.5129852294921875,
133.80000000000001,3.4823226928710938,
133.90000000000001,3.4184494018554688,
134,3.352020263671875,
134.09999999999999,3.3111419677734375,
134.19999999999999,3.2932510375976562,
134.30000000000001,3.2651519775390625,
134.40000000000001,3.2268218994140625,
134.5,3.1731719970703125,
134.59999999999999,3.111846923828125,
134.69999999999999,3.037750244140625,
134.80000000000001,2.9355545043945312,
134.90000000000001,2.8154678344726562,
135,2.6800537109375,
135.09999999999999,2.524200439453125,
135.19999999999999,2.376007080078125,
135.30000000000001,2.1332855224609375,
135.40000000000001,1.880340576171875,
135.5,1.7449264526367188,
135.59999999999999,1.658050537109375,
135.69999999999999,1.6273956298828125,
135.80000000000001,1.6529464721679688,
135.90000000000001,1.70404052734375,
136,1.7474822998046875,
136.09999999999999,1.824127197265625,
136.19999999999999,1.9135513305664062,
136.30000000000001,1.9212188720703125,
136.40000000000001,1.8650054931640625,
136.5,1.8317947387695312,
136.59999999999999,1.8369064331054688,
136.69999999999999,1.880340576171875,
136.80000000000001,1.9518814086914062,
136.90000000000001,2.0157546997070312,
137,2.0770721435546875,
137.09999999999999,2.1537246704101562,
137.19999999999999,2.238037109375,
137.30000000000001,2.3249053955078125,
137.40000000000001,2.4219970703125,
137.5,2.5012054443359375,
137.59999999999999,2.5548553466796875,
137.69999999999999,2.6417312622070312,
137.80000000000001,2.7899169921875,
137.90000000000001,2.9483261108398438,
138,3.0888519287109375,
138.09999999999999,3.2370452880859375,
138.19999999999999,3.3928985595703125,
138.30000000000001,3.5410919189453125,
138.40000000000001,3.6816177368164062,
138.5,3.8451309204101562,
138.59999999999999,3.9984359741210938,
138.69999999999999,4.1031875610351562,
138.80000000000001,4.2002792358398438,
138.90000000000001,4.3280258178710938,
139,4.4583358764648438,
139.09999999999999,4.5784225463867188,
139.19999999999999,4.7112808227539062,
139.30000000000001,4.8441390991210938,
139.40000000000001,4.9463424682617188,
139.5,5.0638656616210938,
139.59999999999999,5.1839523315429688,
139.69999999999999,5.2120590209960938,
139.80000000000001,5.1226348876953125,
139.90000000000001,4.9846649169921875,
140,4.8773574829101562,6.0728745460510254
140.09999999999999,4.79559326171875,
140.19999999999999,4.713836669921875,
140.30000000000001,4.6371841430664062,
140.40000000000001,4.5809707641601562,
140.5,4.5554275512695312,
140.59999999999999,4.5247650146484375,
140.69999999999999,4.4200057983398438,
140.80000000000001,4.289703369140625,
140.90000000000001,4.2105026245117188,
141,4.16961669921875,
141.09999999999999,4.1261825561523438,
141.19999999999999,4.087860107421875,
141.30000000000001,4.069976806640625,
141.40000000000001,4.0546417236328125,
141.5,4.0393142700195312,
141.59999999999999,4.0112075805664062,
141.69999999999999,3.9115676879882812,
141.80000000000001,3.7582626342773438,
141.90000000000001,3.6305160522460938,
142,3.5487518310546875,
142.09999999999999,3.4925460815429688,
142.19999999999999,3.43377685546875,
142.30000000000001,3.369903564453125,
142.40000000000001,3.3111419677734375,
142.5,3.260040283203125,
142.59999999999999,3.1961669921875,
142.69999999999999,3.1067352294921875,
142.80000000000001,2.984100341796875,
142.90000000000001,2.8512420654296875,
143,2.7285995483398438,
143.09999999999999,2.60595703125,
143.19999999999999,2.5088653564453125,
143.30000000000001,2.4475479125976562,
143.40000000000001,2.38623046875,
143.5,2.2968063354492188,
143.59999999999999,2.1588363647460938,
143.69999999999999,2.0438613891601562,
143.80000000000001,2.0055313110351562,
143.90000000000001,1.990203857421875,
144,1.9697647094726562,
144.09999999999999,1.9237747192382812,
144.19999999999999,1.862457275390625,
144.30000000000001,1.8113555908203125,
144.40000000000001,1.7730255126953125,
144.5,1.7347030639648438,
144.59999999999999,1.6989364624023438,
144.69999999999999,1.6733856201171875,
144.80000000000001,1.6631622314453125,
144.90000000000001,1.6606063842773438,
145,1.678497314453125,
145.09999999999999,1.7270355224609375,
145.19999999999999,1.7985763549804688,
145.30000000000001,1.908447265625,
145.40000000000001,2.0413055419921875,
145.5,2.1869354248046875,
145.59999999999999,2.3453521728515625,
145.69999999999999,2.5012054443359375,
145.80000000000001,2.651947021484375,
145.90000000000001,2.800140380859375,
146,2.945770263671875,
146.09999999999999,3.093963623046875,
146.19999999999999,3.2472610473632812,
146.30000000000001,3.4031219482421875,
146.40000000000001,3.5461959838867188,
146.5,3.6407318115234375,
146.59999999999999,3.69183349609375,
146.69999999999999,3.737823486328125,
146.80000000000001,3.8195877075195312,
146.90000000000001,3.9575576782226562,
147,4.087860107421875,
147.09999999999999,4.197723388671875,
147.19999999999999,4.2999267578125,
147.30000000000001,4.3791275024414062,
147.40000000000001,4.4532241821289062,
147.5,4.5426483154296875,
147.59999999999999,4.59375,
147.69999999999999,4.6065216064453125,
147.80000000000001,4.639739990234375,
147.90000000000001,4.72149658203125,
148,4.805816650390625,
148.09999999999999,4.8262557983398438,
148.19999999999999,4.7777099609375,
148.30000000000001,4.7010574340820312,
148.40000000000001,4.6550674438476562,
148.5,4.6474075317382812,
148.59999999999999,4.6065216064453125,
148.69999999999999,4.4762191772460938,
148.80000000000001,4.3229217529296875,
148.90000000000001,4.2232742309570312,
149,4.16961669921875,
149.09999999999999,4.1134109497070312,
149.19999999999999,4.0648651123046875,
149.30000000000001,4.031646728515625,
149.40000000000001,4.0035476684570312,
149.5,3.995880126953125,
149.59999999999999,3.9984359741210938,
149.69999999999999,3.9524459838867188,
149.80000000000001,3.8527984619140625,
149.90000000000001,3.7735977172851562,
150,3.7429351806640625,6.414825439453125
150.09999999999999,3.7352676391601562,
150.19999999999999,3.7327117919921875,
150.30000000000001,3.7276077270507812,
150.40000000000001,3.719940185546875,
150.5,3.719940185546875,
150.59999999999999,3.7276077270507812,
150.69999999999999,3.7301559448242188,
150.80000000000001,3.7301559448242188,
150.90000000000001,3.6943893432617188,
151,3.599853515625,
151.09999999999999,3.50787353515625,
151.19999999999999,3.4465560913085938,
151.30000000000001,3.405670166015625,
151.40000000000001,3.3647918701171875,
151.5,3.3188018798828125,
151.59999999999999,3.28814697265625,
151.69999999999999,3.2753677368164062,
151.80000000000001,3.277923583984375,
151.90000000000001,3.3315811157226562,
152,3.3903427124023438,
152.09999999999999,3.3852310180664062,
152.19999999999999,3.3162460327148438,
152.30000000000001,3.221710205078125,
152.40000000000001,3.1629486083984375,
152.5,3.1373977661132812,
152.59999999999999,3.1246261596679688,
152.69999999999999,3.1169586181640625,
152.80000000000001,3.1144027709960938,
152.90000000000001,3.1144027709960938,
153,3.1220703125,
153.09999999999999,3.1348419189453125,
153.19999999999999,3.1425094604492188,
153.30000000000001,3.13995361328125,
153.40000000000001,3.0990753173828125,
153.5,3.0147552490234375,
153.59999999999999,2.9253311157226562,
153.69999999999999,2.8665695190429688,
153.80000000000001,2.818023681640625,
153.90000000000001,2.7515945434570312,
154,2.6800537109375,
154.09999999999999,2.6110687255859375,
154.19999999999999,2.5267562866210938,
154.30000000000001,2.4373321533203125,
154.40000000000001,2.3376846313476562,
154.5,2.2431488037109375,
154.59999999999999,2.18438720703125,
154.69999999999999,2.1256179809570312,
154.80000000000001,2.0387496948242188,
154.90000000000001,1.96209716796875,
155,1.9186630249023438,
155.09999999999999,1.8726730346679688,
155.19999999999999,1.8292388916015625,
155.30000000000001,1.7934722900390625,
155.40000000000001,1.7755813598632812,
155.5,1.7806930541992188,
155.59999999999999,1.8139114379882812,
155.69999999999999,1.842010498046875,
155.80000000000001,1.880340576171875,
155.90000000000001,1.933990478515625,
156,2.0157546997070312,
156.09999999999999,2.1639404296875,
156.19999999999999,2.3325729370117188,
156.30000000000001,2.51397705078125,
156.40000000000001,2.7388153076171875,
156.5,2.9355545043945312,
156.59999999999999,3.1016311645507812,
156.69999999999999,3.295806884765625,
156.80000000000001,3.4746627807617188,
156.90000000000001,3.6432876586914062,
157,3.80169677734375,
157.09999999999999,3.9192276000976562,
157.19999999999999,4.02398681640625,
157.30000000000001,4.1645126342773438,
157.40000000000001,4.3254776000976562,
157.5,4.4813308715820312,
157.59999999999999,4.6448516845703125,
157.69999999999999,4.7930374145507812,
157.80000000000001,4.9258956909179688,
157.90000000000001,5.0766448974609375,
158,5.1865081787109375,
158.09999999999999,5.2069473266601562,
158.19999999999999,5.2222824096679688,
158.30000000000001,5.2452774047851562,
158.40000000000001,5.2248306274414062,
158.5,5.1762924194335938,
158.59999999999999,5.1532974243164062,
158.69999999999999,5.135406494140625,
158.80000000000001,5.1073074340820312,
158.90000000000001,5.0970840454101562,
159,5.0204315185546875,
159.09999999999999,4.8390274047851562,
159.19999999999999,4.675506591796875,
159.30000000000001,4.5911941528320312,
159.40000000000001,4.5349807739257812,
159.5,4.4787750244140625,
159.59999999999999,4.445556640625,
159.69999999999999,4.4327850341796875,
159.80000000000001,4.437896728515625,
159.90000000000001,4.4583358764648438,
160,4.4608917236328125,6.3965883255004883
160.09999999999999,4.381683349609375,
160.19999999999999,4.2743759155273438,
160.30000000000001,4.2207183837890625,
160.40000000000001,4.2028350830078125,
160.5,4.1875076293945312,
160.59999999999999,4.1823959350585938,
160.69999999999999,4.1849517822265625,
160.80000000000001,4.1849517822265625,
160.90000000000001,4.1926116943359375,
161,4.2002792358398438,
161.09999999999999,4.2105026245117188,
161.19999999999999,4.1823959350585938,
161.30000000000001,4.087860107421875,
161.40000000000001,3.98565673828125,
161.5,3.9268951416015625,
161.59999999999999,3.8987884521484375,
161.69999999999999,3.87579345703125,
161.80000000000001,3.85791015625,
161.90000000000001,3.8553543090820312,
162,3.8527984619140625,
162.09999999999999,3.8527984619140625,
162.19999999999999,3.8451309204101562,
162.30000000000001,3.8246917724609375,
162.40000000000001,3.7582626342773438,
162.5,3.627960205078125,
162.59999999999999,3.50787353515625,
162.69999999999999,3.4516677856445312,
162.80000000000001,3.43377685546875,
162.90000000000001,3.4210052490234375,
163,3.405670166015625,
163.09999999999999,3.3903427124023438,
163.19999999999999,3.369903564453125,
163.30000000000001,3.35968017578125,
163.40000000000001,3.3545761108398438,
163.5,3.341796875,
163.59999999999999,3.3188018798828125,
163.69999999999999,3.2651519775390625,
163.80000000000001,3.1936111450195312,
163.90000000000001,3.1578369140625,
164,3.1578369140625,
164.09999999999999,3.168060302734375,
164.19999999999999,3.1629486083984375,
164.30000000000001,3.1373977661132812,
164.40000000000001,3.0811920166015625,
164.5,3.01220703125,
164.59999999999999,2.9304428100585938,
164.69999999999999,2.8307952880859375,
164.80000000000001,2.708160400390625,
164.90000000000001,2.55230712890625,
165,2.3836746215820312,
165.09999999999999,2.25592041015625,
165.19999999999999,2.18438720703125,
165.30000000000001,2.1358413696289062,
165.40000000000001,2.0949554443359375,
165.5,2.0540771484375,
165.59999999999999,2.0131988525390625,
165.69999999999999,1.9825363159179688,
165.80000000000001,1.9569854736328125,
165.90000000000001,1.933990478515625,
166,1.9109954833984375,
166.09999999999999,1.8701171875,
166.19999999999999,1.8087997436523438,
166.30000000000001,1.7832489013671875,
166.40000000000001,1.8113555908203125,
166.5,1.88800048828125,
166.59999999999999,1.9978713989257812,
166.69999999999999,2.1332855224609375,
166.80000000000001,2.2916946411132812,
166.90000000000001,2.485870361328125,
167,2.7234878540039062,
167.09999999999999,2.9764328002929688,
167.19999999999999,3.2242660522460938,
167.30000000000001,3.444000244140625,
167.40000000000001,3.6356277465820312,
167.5,3.8374710083007812,
167.59999999999999,4.0367584228515625,
167.69999999999999,4.2283859252929688,
167.80000000000001,4.4251174926757812,
167.90000000000001,4.6167449951171875,
168,4.805816650390625,
168.09999999999999,5.007659912109375,
168.19999999999999,5.1992874145507812,
168.30000000000001,5.3372573852539062,
168.40000000000001,5.3985748291015625,
168.5,5.4241256713867188,
168.59999999999999,5.4650039672851562,
168.69999999999999,5.49566650390625,
168.80000000000001,5.4803314208984375,
168.90000000000001,5.375579833984375,
169,5.3219223022460938,
169.09999999999999,5.3551406860351562,
169.19999999999999,5.2197265625,
169.30000000000001,5.0383224487304688,
169.40000000000001,4.933563232421875,
169.5,4.8032608032226562,
169.59999999999999,4.8262557983398438,
169.69999999999999,4.9182357788085938,
169.80000000000001,4.897796630859375,
169.90000000000001,4.8952407836914062,
170,4.897796630859375,6.2717771530151367
170.09999999999999,4.8339157104492188,
170.19999999999999,4.72149658203125,
170.30000000000001,4.6039657592773438,
170.40000000000001,4.5349807739257812,
170.5,4.5400924682617188,
170.59999999999999,4.5707550048828125,
170.69999999999999,4.5809707641601562,
170.80000000000001,4.57586669921875,
170.90000000000001,4.5630874633789062,
171,4.5605316162109375,
171.09999999999999,4.547760009765625,
171.19999999999999,4.5247650146484375,
171.30000000000001,4.4941024780273438,
171.40000000000001,4.4404525756835938,
171.5,4.3561325073242188,
171.59999999999999,4.2922592163085938,
171.69999999999999,4.2871475219726562,
171.80000000000001,4.2820358276367188,
171.90000000000001,4.2564926147460938,
172,4.2105026245117188,
172.09999999999999,4.123626708984375,
172.19999999999999,3.9933242797851562,
172.30000000000001,3.8425827026367188,
172.40000000000001,3.6841659545898438,
172.5,3.5257568359375,
172.59999999999999,3.341796875,
172.69999999999999,3.13995361328125,
172.80000000000001,2.95599365234375,
172.90000000000001,2.7975845336914062,
173,2.669830322265625,
173.09999999999999,2.5497512817382812,
173.19999999999999,2.4168853759765625,
173.30000000000001,2.2916946411132812,
173.40000000000001,2.209930419921875,
173.5,2.1716079711914062,
173.59999999999999,2.1537246704101562,
173.69999999999999,2.1946029663085938,
173.80000000000001,2.2891387939453125,
173.90000000000001,2.2993621826171875,
174,2.2124862670898438,
174.09999999999999,2.1486129760742188,
174.19999999999999,2.1256179809570312,
174.30000000000001,2.1205062866210938,
174.40000000000001,2.14605712890625,
174.5,2.1971588134765625,
174.59999999999999,2.284027099609375,
174.69999999999999,2.3990020751953125,
174.80000000000001,2.5574111938476562,
174.90000000000001,2.7694778442382812,
175,2.9789886474609375,
175.09999999999999,3.1731719970703125,
175.19999999999999,3.3775711059570312,
175.30000000000001,3.553863525390625,
175.40000000000001,3.6867218017578125,
175.5,3.8195877075195312,
175.59999999999999,3.9524459838867188,
175.69999999999999,4.087860107421875,
175.80000000000001,4.2207183837890625,
175.90000000000001,4.2999267578125,
176,4.363800048828125,
176.09999999999999,4.4966583251953125,
176.19999999999999,4.6806182861328125,
176.30000000000001,4.8339157104492188,
176.40000000000001,4.933563232421875,
176.5,4.9923324584960938,
176.59999999999999,5.0153274536132812,
176.69999999999999,5.0843124389648438,
176.80000000000001,5.1558456420898438,
176.90000000000001,5.1430740356445312,
177,5.1456298828125,
177.09999999999999,5.1788406372070312,
177.19999999999999,5.1890640258789062,
177.30000000000001,5.2069473266601562,
177.40000000000001,5.1890640258789062,
177.5,5.1303024291992188,
177.59999999999999,5.099639892578125,
177.69999999999999,5.0485382080078125,
177.80000000000001,4.9080123901367188,
177.90000000000001,4.7163925170898438,
178,4.5579757690429688,
178.09999999999999,4.4481124877929688,
178.19999999999999,4.3510208129882812,
178.30000000000001,4.2590408325195312,
178.40000000000001,4.179840087890625,
178.5,4.115966796875,
178.59999999999999,4.07763671875,
178.69999999999999,4.0495376586914062,
178.80000000000001,3.9626617431640625,
178.90000000000001,3.8221359252929688,
179,3.719940185546875,
179.09999999999999,3.6739501953125,
179.19999999999999,3.6509552001953125,
179.30000000000001,3.6228485107421875,
179.40000000000001,3.5947418212890625,
179.5,3.5666427612304688,
179.59999999999999,3.5461959838867188,
179.69999999999999,3.5308685302734375,
179.80000000000001,3.5232009887695312,
179.90000000000001,3.50787353515625,
180,3.4542160034179688,6.5934062004089355
180.09999999999999,3.3545761108398438,
180.19999999999999,3.277923583984375,
180.30000000000001,3.24981689453125,
180.40000000000001,3.221710205078125,
180.5,3.1706161499023438,
180.59999999999999,3.1092910766601562,
180.69999999999999,3.0403060913085938,
180.80000000000001,2.9789886474609375,
180.90000000000001,2.9355545043945312,
181,2.892120361328125,
181.09999999999999,2.8256912231445312,
181.19999999999999,2.73626708984375,
181.30000000000001,2.6136245727539062,
181.40000000000001,2.4909820556640625,
181.5,2.4168853759765625,
181.59999999999999,2.3734512329101562,
181.69999999999999,2.3376846313476562,
181.80000000000001,2.2993621826171875,
181.90000000000001,2.25592041015625,
182,2.2150421142578125,
182.09999999999999,2.174163818359375,
182.19999999999999,2.1358413696289062,
182.30000000000001,2.1026229858398438,
182.40000000000001,2.0745162963867188,
182.5,2.0234222412109375,
182.59999999999999,1.9314422607421875,
182.69999999999999,1.85223388671875,
182.80000000000001,1.8190155029296875,
182.90000000000001,1.8113555908203125,
183,1.8139114379882812,
183.09999999999999,1.8215713500976562,
183.19999999999999,1.8394622802734375,
183.30000000000001,1.8828964233398438,
183.40000000000001,1.9595413208007812,
183.5,2.07196044921875,
183.59999999999999,2.2073822021484375,
183.69999999999999,2.33001708984375,
183.80000000000001,2.4373321533203125,
183.90000000000001,2.5548553466796875,
184,2.7107162475585938,
184.09999999999999,2.8793411254882812,
184.19999999999999,3.0352020263671875,
184.30000000000001,3.1884994506835938,
184.40000000000001,3.3494644165039062,
184.5,3.5155410766601562,
184.59999999999999,3.6867218017578125,
184.69999999999999,3.8681259155273438,
184.80000000000001,4.031646728515625,
184.90000000000001,4.1466217041015625,
185,4.2462692260742188,
185.09999999999999,4.3740158081054688,
185.19999999999999,4.5068817138671875,
185.30000000000001,4.61163330078125,
185.40000000000001,4.7189407348632812,
185.5,4.8466949462890625,
185.59999999999999,4.9718856811523438,
185.69999999999999,5.0945281982421875,
185.80000000000001,5.2120590209960938,
185.90000000000001,5.3244781494140625,
186,5.3347015380859375,
186.09999999999999,5.2938156127929688,
186.19999999999999,5.2452774047851562,
186.30000000000001,5.1762924194335938,
186.40000000000001,5.08941650390625,
186.5,5.0025482177734375,
186.59999999999999,4.9361190795898438,
186.69999999999999,4.90545654296875,
186.80000000000001,4.8748016357421875,
186.90000000000001,4.7572708129882812,
187,4.5886383056640625,
187.09999999999999,4.4711074829101562,
187.19999999999999,4.4149017333984375,
187.30000000000001,4.3714675903320312,
187.40000000000001,4.31781005859375,
187.5,4.2743759155273438,
187.59999999999999,4.2513809204101562,
187.69999999999999,4.2513809204101562,
187.80000000000001,4.2513809204101562,
187.90000000000001,4.1875076293945312,
188,4.07763671875,
188.09999999999999,3.9882125854492188,
188.19999999999999,3.94989013671875,
188.30000000000001,3.939666748046875,
188.40000000000001,3.9294509887695312,
188.5,3.921783447265625,
188.59999999999999,3.9243392944335938,
188.69999999999999,3.9243392944335938,
188.80000000000001,3.9294509887695312,
188.90000000000001,3.939666748046875,
189,3.9371109008789062,
189.09999999999999,3.8732376098632812,
189.19999999999999,3.7710418701171875,
189.30000000000001,3.6969451904296875,
189.40000000000001,3.6713943481445312,
189.5,3.6611709594726562,
189.59999999999999,3.6407318115234375,
189.69999999999999,3.6202926635742188,
189.80000000000001,3.5896377563476562,
189.90000000000001,3.5487518310546875,
190,3.5155410766601562,6.9390902519226074
190.09999999999999,3.4823226928710938,
190.19999999999999,3.4210052490234375,
190.30000000000001,3.28814697265625,
190.40000000000001,3.1195144653320312,
190.5,2.9764328002929688,
190.59999999999999,2.8563461303710938,
190.69999999999999,2.7490386962890625,
190.80000000000001,2.634063720703125,
190.90000000000001,2.5216445922851562,
191,2.414337158203125,
191.09999999999999,2.3172454833984375,
191.19999999999999,2.2329254150390625,
191.30000000000001,2.1537246704101562,
191.40000000000001,2.0745162963867188,
191.5,1.97998046875,
191.59999999999999,1.8726730346679688,
191.69999999999999,1.7858047485351562,
191.80000000000001,1.74237060546875,
191.90000000000001,1.7270355224609375,
192,1.7219314575195312,
192.09999999999999,1.7244873046875,
192.19999999999999,1.7398147583007812,
192.30000000000001,1.76025390625,
192.40000000000001,1.7806930541992188,
192.5,1.8190155029296875,
192.59999999999999,1.88800048828125,
192.69999999999999,1.9748764038085938,
192.80000000000001,2.0540771484375,
192.90000000000001,2.1435012817382812,
193,2.266143798828125,
193.09999999999999,2.40411376953125,
193.19999999999999,2.5548553466796875,
193.30000000000001,2.7311553955078125,
193.40000000000001,2.927886962890625,
193.5,3.1144027709960938,
193.59999999999999,3.28814697265625,
193.69999999999999,3.4874343872070312,
193.80000000000001,3.7276077270507812,
193.90000000000001,3.9550018310546875,
194,4.13385009765625,
194.09999999999999,4.31781005859375,
194.19999999999999,4.5196533203125,
194.30000000000001,4.7368316650390625,
194.40000000000001,4.9412307739257812,
194.5,5.117523193359375,
194.59999999999999,5.2708206176757812,
194.69999999999999,5.393463134765625,
194.80000000000001,5.4726715087890625,
194.90000000000001,5.4624481201171875,
195,5.3219223022460938,
195.09999999999999,5.1226348876953125,
195.19999999999999,4.9872207641601562,
195.30000000000001,4.9693374633789062,
195.40000000000001,5.007659912109375,
195.5,5.0102157592773438,
195.59999999999999,4.9923324584960938,
195.69999999999999,4.9667816162109375,
195.80000000000001,4.8901290893554688,
195.90000000000001,4.767486572265625,
196,4.6499557495117188,
196.09999999999999,4.5809707641601562,
196.19999999999999,4.5554275512695312,
196.30000000000001,4.5349807739257812,
196.40000000000001,4.5247650146484375,
196.5,4.5170974731445312,
196.59999999999999,4.5145416259765625,
196.69999999999999,4.4992141723632812,
196.80000000000001,4.4123458862304688,
196.90000000000001,4.2871475219726562,
197,4.2053909301757812,
197.09999999999999,4.161956787109375,
197.19999999999999,4.13385009765625,
197.30000000000001,4.1134109497070312,
197.40000000000001,4.1031875610351562,
197.5,4.0904159545898438,
197.59999999999999,4.0750808715820312,
197.69999999999999,4.0725326538085938,
197.80000000000001,4.0674209594726562,
197.90000000000001,4.0393142700195312,
198,3.9575576782226562,
198.09999999999999,3.8502426147460938,
198.19999999999999,3.7787017822265625,
198.30000000000001,3.755706787109375,
198.40000000000001,3.748046875,
198.5,3.7352676391601562,
198.59999999999999,3.7224960327148438,
198.69999999999999,3.7148284912109375,
198.80000000000001,3.7148284912109375,
198.90000000000001,3.7122726440429688,
199,3.7122726440429688,
199.09999999999999,3.719940185546875,
199.19999999999999,3.6790618896484375,
199.30000000000001,3.6024093627929688,
199.40000000000001,3.553863525390625,
199.5,3.5385360717773438,
199.59999999999999,3.5589752197265625,
199.69999999999999,3.5896377563476562,
199.80000000000001,3.6151809692382812,
199.90000000000001,3.6330718994140625,
200,3.645843505859375,7.2522158622741699
200.09999999999999,3.6483993530273438,
200.19999999999999,3.6535110473632812,
200.30000000000001,3.6867218017578125,
200.40000000000001,3.6943893432617188,
200.5,3.6432876586914062,
200.59999999999999,3.58197021484375,
200.69999999999999,3.5461959838867188,
200.80000000000001,3.5206527709960938,
200.90000000000001,3.4925460815429688,
201,3.4542160034179688,
201.09999999999999,3.4158935546875,
201.19999999999999,3.3724594116210938,
201.30000000000001,3.3264694213867188,
201.40000000000001,3.2651519775390625,
201.5,3.1373977661132812,
201.59999999999999,2.9585494995117188,
201.69999999999999,2.7490386962890625,
201.80000000000001,2.5471954345703125,
201.90000000000001,2.4015579223632812,
202,2.3044662475585938,
202.09999999999999,2.2278213500976562,
202.19999999999999,2.1639404296875,
202.30000000000001,2.1051788330078125,
202.40000000000001,2.064300537109375,
202.5,2.03619384765625,
202.59999999999999,2.0029754638671875,
202.69999999999999,1.9646530151367188,
202.80000000000001,1.9237747192382812,
202.90000000000001,1.8650054931640625,
203,1.8011322021484375,
203.09999999999999,1.770477294921875,
203.19999999999999,1.7347030639648438,
203.30000000000001,1.6938247680664062,
203.40000000000001,1.7091522216796875,
203.5,1.8113555908203125,
203.59999999999999,1.9697647094726562,
203.69999999999999,2.1205062866210938,
203.80000000000001,2.2635879516601562,
203.90000000000001,2.4194412231445312,
204,2.5650787353515625,
204.09999999999999,2.669830322265625,
204.19999999999999,2.7771453857421875,
204.30000000000001,2.9406661987304688,
204.40000000000001,3.1373977661132812,
204.5,3.341796875,
204.59999999999999,3.5461959838867188,
204.69999999999999,3.7506027221679688,
204.80000000000001,3.94989013671875,
204.90000000000001,4.1415176391601562,
205,4.3484725952148438,
205.09999999999999,4.53753662109375,
205.19999999999999,4.6704025268554688,
205.30000000000001,4.7853775024414062,
205.40000000000001,4.9233474731445312,
205.5,5.0664215087890625,
205.59999999999999,5.1941757202148438,
205.69999999999999,5.2938156127929688,
205.80000000000001,5.3781356811523438,
205.90000000000001,5.4445648193359375,
206,5.4650039672851562,
206.09999999999999,5.4164581298828125,
206.19999999999999,5.2503814697265625,
206.30000000000001,5.0638656616210938,
206.40000000000001,4.9565582275390625,
206.5,4.8773574829101562,
206.59999999999999,4.8262557983398438,
206.69999999999999,4.8109207153320312,
206.80000000000001,4.8134765625,
206.90000000000001,4.8032608032226562,
207,4.731719970703125,
207.09999999999999,4.6065216064453125,
207.19999999999999,4.4966583251953125,
207.30000000000001,4.4481124877929688,
207.40000000000001,4.4302291870117188,
207.5,4.4200057983398438,
207.59999999999999,4.4225616455078125,
207.69999999999999,4.42767333984375,
207.80000000000001,4.4353408813476562,
207.90000000000001,4.4430007934570312,
208,4.3970108032226562,
208.09999999999999,4.3024826049804688,
208.19999999999999,4.24371337890625,
208.30000000000001,4.2283859252929688,
208.40000000000001,4.225830078125,
208.5,4.2309417724609375,
208.59999999999999,4.2462692260742188,
208.69999999999999,4.253936767578125,
208.80000000000001,4.2513809204101562,
208.90000000000001,4.2513809204101562,
209,4.253936767578125,
209.09999999999999,4.2181625366210938,
209.19999999999999,4.1134109497070312,
209.30000000000001,4.0035476684570312,
209.40000000000001,3.9422225952148438,
209.5,3.9166717529296875,
209.59999999999999,3.9115676879882812,
209.69999999999999,3.9141159057617188,
209.80000000000001,3.9166717529296875,
209.90000000000001,3.9192276000976562,
210,3.9243392944335938,5.9940061569213867
210.09999999999999,3.9371109008789062,
210.19999999999999,3.94989013671875,
210.30000000000001,3.9192276000976562,
210.40000000000001,3.8374710083007812,
210.5,3.7608184814453125,
210.59999999999999,3.7224960327148438,
210.69999999999999,3.709716796875,
210.80000000000001,3.7122726440429688,
210.90000000000001,3.7173843383789062,
211,3.719940185546875,
211.09999999999999,3.7224960327148438,
211.19999999999999,3.7352676391601562,
211.30000000000001,3.7608184814453125,
211.40000000000001,3.7914810180664062,
211.5,3.7838134765625,
211.59999999999999,3.7787017822265625,
211.69999999999999,3.8246917724609375,
211.80000000000001,3.8732376098632812,
211.90000000000001,3.9090118408203125,
212,3.9320068359375,
212.09999999999999,3.9345626831054688,
212.19999999999999,3.9294509887695312,
212.30000000000001,3.9345626831054688,
212.40000000000001,3.939666748046875,
212.5,3.94989013671875,
212.59999999999999,3.9601058959960938,
212.69999999999999,3.921783447265625,
212.80000000000001,3.8425827026367188,
212.90000000000001,3.7787017822265625,
213,3.748046875,
213.09999999999999,3.7403793334960938,
213.19999999999999,3.7352676391601562,
213.30000000000001,3.7250518798828125,
213.40000000000001,3.702056884765625,
213.5,3.6713943481445312,
213.59999999999999,3.6356277465820312,
213.69999999999999,3.571746826171875,
213.80000000000001,3.47210693359375,
213.90000000000001,3.3060302734375,
214,3.0914077758789062,
214.09999999999999,2.8844528198242188,
214.19999999999999,2.7183761596679688,
214.30000000000001,2.58807373046875,
214.40000000000001,2.467987060546875,
214.5,2.3606796264648438,
214.59999999999999,2.2712554931640625,
214.69999999999999,2.1946029663085938,
214.80000000000001,2.1307296752929688,
214.90000000000001,2.0745162963867188,
215,2.0285263061523438,
215.09999999999999,1.9748764038085938,
215.19999999999999,1.898223876953125,
215.30000000000001,1.8369064331054688,
215.40000000000001,1.8036880493164062,
215.5,1.7960205078125,
215.59999999999999,1.8087997436523438,
215.69999999999999,1.8471221923828125,
215.80000000000001,1.9237747192382812,
215.90000000000001,2.025970458984375,
216,2.14605712890625,
216.09999999999999,2.284027099609375,
216.19999999999999,2.43988037109375,
216.30000000000001,2.5931854248046875,
216.40000000000001,2.7234878540039062,
216.5,2.8512420654296875,
216.59999999999999,3.06585693359375,
216.69999999999999,3.2983627319335938,
216.80000000000001,3.5206527709960938,
216.90000000000001,3.7403793334960938,
217,3.9473342895507812,
217.09999999999999,4.1440658569335938,
217.19999999999999,4.3484725952148438,
217.30000000000001,4.5579757690429688,
217.40000000000001,4.72149658203125,
217.5,4.7930374145507812,
217.59999999999999,4.8109207153320312,
217.69999999999999,4.8160324096679688,
217.80000000000001,4.7802658081054688,
217.90000000000001,4.7061691284179688,
218,4.6729507446289062,
218.09999999999999,4.6882858276367188,
218.19999999999999,4.7010574340820312,
218.30000000000001,4.6652908325195312,
218.40000000000001,4.5273208618164062,
218.5,4.3305816650390625,
218.59999999999999,4.1466217041015625,
218.69999999999999,3.9984359741210938,
218.80000000000001,3.8195877075195312,
218.90000000000001,3.571746826171875,
219,3.32391357421875,
219.09999999999999,3.0888519287109375,
219.19999999999999,2.864013671875,
219.30000000000001,2.669830322265625,
219.40000000000001,2.485870361328125,
219.5,2.3172454833984375,
219.59999999999999,2.1997146606445312,
219.69999999999999,2.1409454345703125,
219.80000000000001,2.1256179809570312,
219.90000000000001,2.1051788330078125,
220,2.07196044921875,5.258544921875
220.09999999999999,2.0310821533203125,
220.19999999999999,1.9825363159179688,
220.30000000000001,1.9493255615234375,
220.40000000000001,1.92633056640625,
220.5,1.9007797241210938,
220.59999999999999,1.8701171875,
220.69999999999999,1.8190155029296875,
220.80000000000001,1.7653656005859375,
220.90000000000001,1.750030517578125,
221,1.7628097534179688,
221.09999999999999,1.7858047485351562,
221.19999999999999,1.81646728515625,
221.30000000000001,1.862457275390625,
221.40000000000001,1.9186630249023438,
221.5,1.9927597045898438,
221.59999999999999,2.0949554443359375,
221.69999999999999,2.2150421142578125,
221.80000000000001,2.3325729370117188,
221.90000000000001,2.4296646118164062,
222,2.4986495971679688,
222.09999999999999,2.5804061889648438,
222.19999999999999,2.6851654052734375,
222.30000000000001,2.7745895385742188,
222.40000000000001,2.8614578247070312,
222.5,2.9866561889648438,
222.59999999999999,3.1322860717773438,
222.69999999999999,3.2906951904296875,
222.80000000000001,3.4848785400390625,
222.90000000000001,3.6969451904296875,
223,3.8655776977539062,
223.09999999999999,3.977996826171875,
223.19999999999999,4.07763671875,
223.30000000000001,4.1926116943359375,
223.40000000000001,4.3305816650390625,
223.5,4.4583358764648438,
223.59999999999999,4.5630874633789062,
223.69999999999999,4.657623291015625,
223.80000000000001,4.7444915771484375,
223.90000000000001,4.8288116455078125,
224,4.9182357788085938,
224.09999999999999,4.9540023803710938,
224.19999999999999,4.9080123901367188,
224.30000000000001,4.8160324096679688,
224.40000000000001,4.70361328125,
224.5,4.583526611328125,
224.59999999999999,4.4659957885742188,
224.69999999999999,4.3714675903320312,
224.80000000000001,4.2871475219726562,
224.90000000000001,4.2309417724609375,
225,4.1951675415039062,
225.09999999999999,4.105743408203125,
225.19999999999999,3.9652175903320312,
225.30000000000001,3.8374710083007812,
225.40000000000001,3.7506027221679688,
225.5,3.69183349609375,
225.59999999999999,3.6075210571289062,
225.69999999999999,3.5513076782226562,
225.80000000000001,3.5615310668945312,
225.90000000000001,3.5564193725585938,
226,3.5002059936523438,
226.09999999999999,3.380126953125,
226.19999999999999,3.2063827514648438,
226.30000000000001,3.03009033203125,
226.40000000000001,2.8691253662109375,
226.5,2.73626708984375,
226.59999999999999,2.6289520263671875,
226.69999999999999,2.5165328979492188,
226.80000000000001,2.4117813110351562,
226.90000000000001,2.322357177734375,
227,2.2354812622070312,
227.09999999999999,2.1639404296875,
227.19999999999999,2.1077346801757812,
227.30000000000001,2.0617446899414062,
227.40000000000001,2.0055313110351562,
227.5,1.9365463256835938,
227.59999999999999,1.88800048828125,
227.69999999999999,1.8701171875,
227.80000000000001,1.8701171875,
227.90000000000001,1.8726730346679688,
228,1.8828964233398438,
228.09999999999999,1.898223876953125,
228.19999999999999,1.9391021728515625,
228.30000000000001,2.0310821533203125,
228.40000000000001,2.1767196655273438,
228.5,2.3530120849609375,
228.59999999999999,2.5804061889648438,
228.69999999999999,2.7975845336914062,
228.80000000000001,2.927886962890625,
228.90000000000001,3.0811920166015625,
229,3.2677001953125,
229.09999999999999,3.4133377075195312,
229.19999999999999,3.5436477661132812,
229.30000000000001,3.6867218017578125,
229.40000000000001,3.8042526245117188,
229.5,3.9166717529296875,
229.59999999999999,4.0520858764648438,
229.69999999999999,4.1517333984375,
229.80000000000001,4.2130508422851562,
229.90000000000001,4.2743759155273438,
230,4.3433609008789062,8.1026334762573242
230.09999999999999,4.4149017333984375,
230.19999999999999,4.473663330078125,
230.30000000000001,4.4992141723632812,
230.40000000000001,4.4889907836914062,
230.5,4.4608917236328125,
230.59999999999999,4.437896728515625,
230.69999999999999,4.42767333984375,
230.80000000000001,4.3663558959960938,
230.90000000000001,4.2564926147460938,
231,4.161956787109375,
231.09999999999999,4.1031875610351562,
231.19999999999999,4.07763671875,
231.30000000000001,4.0520858764648438,
231.40000000000001,4.0265426635742188,
231.5,4.013763427734375,
231.59999999999999,4.0188751220703125,
231.69999999999999,4.031646728515625,
231.80000000000001,4.0367584228515625,
231.90000000000001,3.9933242797851562,
232,3.8681259155273438,
232.09999999999999,3.748046875,
232.19999999999999,3.6841659545898438,
232.30000000000001,3.6662826538085938,
232.40000000000001,3.6611709594726562,
232.5,3.645843505859375,
232.59999999999999,3.6381759643554688,
232.69999999999999,3.6330718994140625,
232.80000000000001,3.627960205078125,
232.90000000000001,3.6330718994140625,
233,3.6407318115234375,
233.09999999999999,3.6075210571289062,
233.19999999999999,3.5232009887695312,
233.30000000000001,3.444000244140625,
233.40000000000001,3.405670166015625,
233.5,3.3903427124023438,
233.59999999999999,3.3852310180664062,
233.69999999999999,3.380126953125,
233.80000000000001,3.380126953125,
233.90000000000001,3.3750152587890625,
234,3.3724594116210938,
234.09999999999999,3.3775711059570312,
234.19999999999999,3.380126953125,
234.30000000000001,3.369903564453125,
234.40000000000001,3.3188018798828125,
234.5,3.2625961303710938,
234.59999999999999,3.2396011352539062,
234.69999999999999,3.2089385986328125,
234.80000000000001,3.150177001953125,
234.90000000000001,3.13995361328125,
235,3.1373977661132812,
235.09999999999999,3.0249786376953125,
235.19999999999999,2.8614578247070312,
235.30000000000001,2.7209320068359375,
235.40000000000001,2.5829620361328125,
235.5,2.4245529174804688,
235.59999999999999,2.2508163452148438,
235.69999999999999,2.1077346801757812,
235.80000000000001,2.0029754638671875,
235.90000000000001,1.92633056640625,
236,1.8931121826171875,
236.09999999999999,1.8471221923828125,
236.19999999999999,1.7934722900390625,
236.30000000000001,1.77813720703125,
236.40000000000001,1.7730255126953125,
236.5,1.750030517578125,
236.59999999999999,1.7065963745117188,
236.69999999999999,1.6631622314453125,
236.80000000000001,1.622283935546875,
236.90000000000001,1.6018447875976562,
237,1.6478347778320312,
237.09999999999999,1.7525863647460938,
237.19999999999999,1.8828964233398438,
237.30000000000001,2.00042724609375,
237.40000000000001,2.1026229858398438,
237.5,2.2175979614257812,
237.59999999999999,2.358123779296875,
237.69999999999999,2.51397705078125,
237.80000000000001,2.669830322265625,
237.90000000000001,2.864013671875,
238,3.0862960815429688,
238.09999999999999,3.2855911254882812,
238.19999999999999,3.4746627807617188,
238.30000000000001,3.6739501953125,
238.40000000000001,3.8732376098632812,
238.5,4.0571975708007812,
238.59999999999999,4.2334976196289062,
238.69999999999999,4.4097900390625,
238.80000000000001,4.5222091674804688,
238.90000000000001,4.5605316162109375,
239,4.6090774536132812,
239.09999999999999,4.6704025268554688,
239.19999999999999,4.7061691284179688,
239.30000000000001,4.7342758178710938,
239.40000000000001,4.79559326171875,
239.5,4.8722457885742188,
239.59999999999999,4.94378662109375,
239.69999999999999,5.0102157592773438,
239.80000000000001,5.0664215087890625,
239.90000000000001,5.0689773559570312,
240,4.9872207641601562,8.810572624206543
240.09999999999999,4.8569107055664062,
240.19999999999999,4.7266082763671875,
240.30000000000001,4.6065216064453125,
240.40000000000001,4.48388671875,
240.5,4.399566650390625,
240.59999999999999,4.335693359375,
240.69999999999999,4.2641525268554688,
240.80000000000001,4.1951675415039062,
240.90000000000001,4.0853042602539062,
241,3.9064559936523438,
241.09999999999999,3.7046127319335938,
241.19999999999999,3.5385360717773438,
241.30000000000001,3.3903427124023438,
241.40000000000001,3.2370452880859375,
241.5,3.0684127807617188,
241.59999999999999,2.8870086669921875,
241.69999999999999,2.7107162475585938,
241.80000000000001,2.55230712890625,
241.90000000000001,2.4194412231445312,
242,2.3249053955078125,
242.09999999999999,2.2431488037109375,
242.19999999999999,2.1409454345703125,
242.30000000000001,2.0131988525390625,
242.40000000000001,1.9033355712890625,
242.5,1.8573455810546875,
242.59999999999999,1.8445663452148438,
242.69999999999999,1.8343505859375,
242.80000000000001,1.8215713500976562,
242.90000000000001,1.806243896484375,
243,1.7934722900390625,
243.09999999999999,1.7909164428710938,
243.19999999999999,1.806243896484375,
243.30000000000001,1.8139114379882812,
243.40000000000001,1.8113555908203125,
243.5,1.7858047485351562,
243.59999999999999,1.7449264526367188,
243.69999999999999,1.7295913696289062,
243.80000000000001,1.7372589111328125,
243.90000000000001,1.7806930541992188,
244,1.8701171875,
244.09999999999999,1.9825363159179688,
244.19999999999999,2.1128463745117188,
244.30000000000001,2.2686996459960938,
244.40000000000001,2.4577713012695312,
244.5,2.6749420166015625,
244.59999999999999,2.8870086669921875,
244.69999999999999,3.058197021484375,
244.80000000000001,3.2114944458007812,
244.90000000000001,3.4005661010742188,
245,3.627960205078125,
245.09999999999999,3.8553543090820312,
245.19999999999999,4.0725326538085938,
245.30000000000001,4.2845916748046875,
245.40000000000001,4.5068817138671875,
245.5,4.7393875122070312,
245.59999999999999,4.9744415283203125,
245.69999999999999,5.1941757202148438,
245.80000000000001,5.3551406860351562,
245.90000000000001,5.467559814453125,
246,5.5288772583007812,
246.09999999999999,5.6285247802734375,
246.19999999999999,5.8227005004882812,
246.30000000000001,5.9708938598632812,
246.40000000000001,6.0245513916015625,
246.5,6.0449905395507812,
246.59999999999999,6.1344146728515625,
246.69999999999999,6.1446304321289062,
246.80000000000001,6.0143280029296875,
246.90000000000001,5.853363037109375,
247,5.7102813720703125,
247.09999999999999,5.6131973266601562,
247.19999999999999,5.4828872680664062,
247.30000000000001,5.3321456909179688,
247.40000000000001,5.2989273071289062,
247.5,5.34747314453125,
247.59999999999999,5.2912673950195312,
247.69999999999999,5.181396484375,
247.80000000000001,5.0945281982421875,
247.90000000000001,5.0153274536132812,
248,4.9463424682617188,
248.09999999999999,4.897796630859375,
248.19999999999999,4.851806640625,
248.30000000000001,4.823699951171875,
248.40000000000001,4.8007049560546875,
248.5,4.7904815673828125,
248.59999999999999,4.7572708129882812,
248.69999999999999,4.6039657592773438,
248.80000000000001,4.39190673828125,
248.90000000000001,4.2283859252929688,
249,4.1134109497070312,
249.09999999999999,4.0188751220703125,
249.19999999999999,3.9115676879882812,
249.30000000000001,3.794036865234375,
249.40000000000001,3.645843505859375,
249.5,3.5104293823242188,
249.59999999999999,3.4516677856445312,
249.69999999999999,3.39801025390625,
249.80000000000001,3.2830352783203125,
249.90000000000001,3.1348419189453125,
250,2.984100341796875,7.971656322479248
250.09999999999999,2.8435745239257812,
250.19999999999999,2.7285995483398438,
250.30000000000001,2.634063720703125,
250.40000000000001,2.5446395874023438,
250.5,2.4654312133789062,
250.59999999999999,2.414337158203125,
250.69999999999999,2.3785629272460938,
250.80000000000001,2.3555679321289062,
250.90000000000001,2.33001708984375,
251,2.2916946411132812,
251.09999999999999,2.2278213500976562,
251.19999999999999,2.1409454345703125,
251.30000000000001,2.07196044921875,
251.40000000000001,2.0413055419921875,
251.5,2.0310821533203125,
251.59999999999999,2.0234222412109375,
251.69999999999999,2.0157546997070312,
251.80000000000001,2.0157546997070312,
251.90000000000001,2.0157546997070312,
252,2.025970458984375,
252.09999999999999,2.0336380004882812,
252.19999999999999,2.0438613891601562,
252.30000000000001,2.0591888427734375,
252.40000000000001,2.0617446899414062,
252.5,2.0898513793945312,
252.59999999999999,2.1818313598632812,
252.69999999999999,2.3198013305664062,
252.80000000000001,2.47821044921875,
252.90000000000001,2.6417312622070312,
253,2.8103561401367188,
253.09999999999999,2.973876953125,
253.19999999999999,3.1450653076171875,
253.30000000000001,3.3366851806640625,
253.40000000000001,3.5283126831054688,
253.5,3.6816177368164062,
253.59999999999999,3.7991409301757812,
253.69999999999999,3.903900146484375,
253.80000000000001,3.9907684326171875,
253.90000000000001,4.0623092651367188,
254,4.0980758666992188,
254.09999999999999,4.0469818115234375,
254.19999999999999,3.9677734375,
254.30000000000001,3.9294509887695312,
254.40000000000001,3.9294509887695312,
254.5,3.9345626831054688,
254.59999999999999,3.9192276000976562,
254.69999999999999,3.9090118408203125,
254.80000000000001,3.9728851318359375,
254.90000000000001,4.0571975708007812,
255,4.115966796875,
255.09999999999999,4.1849517822265625,
255.19999999999999,4.253936767578125,
255.30000000000001,4.3382492065429688,
255.40000000000001,4.399566650390625,
255.5,4.4302291870117188,
255.59999999999999,4.4583358764648438,
255.69999999999999,4.4302291870117188,
255.80000000000001,4.3740158081054688,
255.90000000000001,4.3612442016601562,
256,4.3561325073242188,
256.10000000000002,4.3408050537109375,
256.19999999999999,4.3305816650390625,
256.30000000000001,4.3229217529296875,
256.39999999999998,4.2973709106445312,
256.5,4.2743759155273438,
256.60000000000002,4.2769317626953125,
256.69999999999999,4.2564926147460938,
256.80000000000001,4.1440658569335938,
256.89999999999998,4.0035476684570312,
257,3.9115676879882812,
257.10000000000002,3.8783493041992188,
257.19999999999999,3.8630218505859375,
257.30000000000001,3.84002685546875,
257.39999999999998,3.8221359252929688,
257.5,3.811920166015625,
257.60000000000002,3.8068084716796875,
257.69999999999999,3.8144760131835938,
257.80000000000001,3.8246917724609375,
257.89999999999998,3.7735977172851562,
258,3.6739501953125,
258.10000000000002,3.5947418212890625,
258.19999999999999,3.5564193725585938,
258.30000000000001,3.535980224609375,
258.39999999999998,3.5027618408203125,
258.5,3.4644393920898438,
258.60000000000002,3.4388885498046875,
258.69999999999999,3.4210052490234375,
258.80000000000001,3.4082260131835938,
258.89999999999998,3.3903427124023438,
259,3.334136962890625,
259.10000000000002,3.2370452880859375,
259.19999999999999,3.150177001953125,
259.30000000000001,3.0862960815429688,
259.39999999999998,2.9994277954101562,
259.5,2.8691253662109375,
259.60000000000002,2.7183761596679688,
259.69999999999999,2.5804061889648438,
259.80000000000001,2.4628753662109375,
259.89999999999998,2.36834716796875,
260,2.284027099609375,7.1202530860900879
260.10000000000002,2.2073822021484375,
260.19999999999999,2.1358413696289062,
260.30000000000001,2.0413055419921875,
260.39999999999998,1.9467697143554688,
260.5,1.8956680297851562,
260.60000000000002,1.88800048828125,
260.69999999999999,1.88800048828125,
260.80000000000001,1.880340576171875,
260.89999999999998,1.8752288818359375,
261,1.8752288818359375,
261.10000000000002,1.8752288818359375,
261.19999999999999,1.8854522705078125,
261.30000000000001,1.898223876953125,
261.39999999999998,1.9237747192382812,
261.5,1.9391021728515625,
261.60000000000002,1.97998046875,
261.69999999999999,2.100067138671875,
261.80000000000001,2.2686996459960938,
261.89999999999998,2.43988037109375,
262,2.5931854248046875,
262.10000000000002,2.7388153076171875,
262.19999999999999,2.8972320556640625,
262.30000000000001,3.06585693359375,
262.39999999999998,3.2447052001953125,
262.5,3.4388885498046875,
262.60000000000002,3.599853515625,
262.69999999999999,3.7276077270507812,
262.80000000000001,3.87579345703125,
262.89999999999998,4.0393142700195312,
263,4.1926116943359375,
263.10000000000002,4.3510208129882812,
263.19999999999999,4.5119857788085938,
263.30000000000001,4.657623291015625,
263.39999999999998,4.805816650390625,
263.5,4.9540023803710938,
263.60000000000002,5.0562057495117188,
263.69999999999999,5.0740890502929688,
263.80000000000001,5.0638656616210938,
263.89999999999998,5.071533203125,
264,5.0766448974609375,
264.10000000000002,5.0485382080078125,
264.19999999999999,4.9999923706054688,
264.30000000000001,4.9488906860351562,
264.39999999999998,4.9080123901367188,
264.5,4.8799057006835938,
264.60000000000002,4.7981491088867188,
264.69999999999999,4.6371841430664062,
264.80000000000001,4.4966583251953125,
264.89999999999998,4.437896728515625,
265,4.4123458862304688,
265.10000000000002,4.3842391967773438,
265.19999999999999,4.345916748046875,
265.30000000000001,4.3050308227539062,
265.39999999999998,4.2641525268554688,
265.5,4.20794677734375,
265.60000000000002,4.105743408203125,
265.69999999999999,3.9831008911132812,
265.80000000000001,3.8783493041992188,
265.89999999999998,3.8068084716796875,
266,3.7506027221679688,
266.10000000000002,3.6892776489257812,
266.19999999999999,3.6228485107421875,
266.30000000000001,3.553863525390625,
266.39999999999998,3.489990234375,
266.5,3.4286651611328125,
266.60000000000002,3.3469085693359375,
266.69999999999999,3.203826904296875,
266.80000000000001,3.0505294799804688,
266.89999999999998,2.927886962890625,
267,2.8435745239257812,
267.10000000000002,2.8129119873046875,
267.19999999999999,2.8026962280273438,
267.30000000000001,2.7797012329101562,
267.39999999999998,2.7107162475585938,
267.5,2.5727462768554688,
267.60000000000002,2.4066696166992188,
267.69999999999999,2.2993621826171875,
267.80000000000001,2.1997146606445312,
267.89999999999998,2.064300537109375,
268,1.9697647094726562,
268.10000000000002,1.92633056640625,
268.19999999999999,1.898223876953125,
268.30000000000001,1.9007797241210938,
268.39999999999998,1.933990478515625,
268.5,1.9416580200195312,
268.60000000000002,1.933990478515625,
268.69999999999999,1.9288864135742188,
268.80000000000001,1.9058914184570312,
268.89999999999998,1.8931121826171875,
269,1.8599014282226562,
269.10000000000002,1.7985763549804688,
269.19999999999999,1.7628097534179688,
269.30000000000001,1.77813720703125,
269.39999999999998,1.8317947387695312,
269.5,1.898223876953125,
269.60000000000002,1.9927597045898438,
269.69999999999999,2.1205062866210938,
269.80000000000001,2.2610321044921875,
269.89999999999998,2.3990020751953125,
270,2.5446395874023438,7.6142134666442871
270.10000000000002,2.708160400390625,
270.19999999999999,2.88189697265625,
270.30000000000001,3.0862960815429688,
270.39999999999998,3.341796875,
270.5,3.6126327514648438,
270.60000000000002,3.8630218505859375,
270.69999999999999,4.0750808715820312,
270.80000000000001,4.253936767578125,
270.89999999999998,4.4302291870117188,
271,4.6167449951171875,
271.10000000000002,4.8109207153320312,
271.19999999999999,4.961669921875,
271.30000000000001,5.0459823608398438,
271.39999999999998,5.117523193359375,
271.5,5.1711807250976562,
271.60000000000002,5.1660690307617188,
271.69999999999999,5.1584014892578125,
271.80000000000001,5.0919723510742188,
271.89999999999998,4.9540023803710938,
272,4.851806640625,
272.10000000000002,4.6908416748046875,
272.19999999999999,4.4813308715820312,
272.30000000000001,4.3510208129882812,
272.39999999999998,4.3024826049804688,
272.5,4.2845916748046875,
272.60000000000002,4.2743759155273438,
272.69999999999999,4.2641525268554688,
272.80000000000001,4.2488250732421875,
272.89999999999998,4.2411575317382812,
273,4.215606689453125,
273.10000000000002,4.13385009765625,
273.19999999999999,4.0188751220703125,
273.30000000000001,3.9268951416015625,
273.39999999999998,3.85791015625,
273.5,3.7812576293945312,
273.60000000000002,3.6867218017578125,
273.69999999999999,3.5794143676757812,
273.80000000000001,3.4593276977539062,
273.89999999999998,3.3315811157226562,
274,3.2089385986328125,
274.10000000000002,3.0684127807617188,
274.19999999999999,2.874237060546875,
274.30000000000001,2.690277099609375,
274.39999999999998,2.5548553466796875,
274.5,2.4475479125976562,
274.60000000000002,2.3530120849609375,
274.69999999999999,2.2738113403320312,
274.80000000000001,2.2124862670898438,
274.89999999999998,2.1613922119140625,
275,2.117950439453125,
275.10000000000002,2.0847396850585938,
275.19999999999999,2.0489654541015625,
275.30000000000001,1.9953155517578125,
275.39999999999998,1.9109954833984375,
275.5,1.8343505859375,
275.60000000000002,1.7985763549804688,
275.69999999999999,1.7985763549804688,
275.80000000000001,1.8087997436523438,
275.89999999999998,1.8266830444335938,
276,1.8650054931640625,
276.10000000000002,1.9237747192382812,
276.19999999999999,2.0131988525390625,
276.30000000000001,2.1307296752929688,
276.39999999999998,2.2457046508789062,
276.5,2.3453521728515625,
276.60000000000002,2.40411376953125,
276.69999999999999,2.4756546020507812,
276.80000000000001,2.6034011840820312,
276.89999999999998,2.7592620849609375,
277,2.92022705078125,
277.10000000000002,3.0684127807617188,
277.19999999999999,3.1833877563476562,
277.30000000000001,3.2983627319335938,
277.39999999999998,3.444000244140625,
277.5,3.6049652099609375,
277.60000000000002,3.7531509399414062,
277.69999999999999,3.8553543090820312,
277.80000000000001,3.9268951416015625,
277.89999999999998,4.0265426635742188,
278,4.1542892456054688,
278.10000000000002,4.2513809204101562,
278.19999999999999,4.3510208129882812,
278.30000000000001,4.4941024780273438,
278.39999999999998,4.59375,
278.5,4.6550674438476562,
278.60000000000002,4.7828216552734375,
278.69999999999999,4.8926849365234375,
278.80000000000001,4.8901290893554688,
278.89999999999998,4.8032608032226562,
279,4.6933975219726562,
279.10000000000002,4.6167449951171875,
279.19999999999999,4.5860824584960938,
279.30000000000001,4.621856689453125,
279.39999999999998,4.7112808227539062,
279.5,4.8007049560546875,
279.60000000000002,4.859466552734375,
279.69999999999999,4.859466552734375,
279.80000000000001,4.7623825073242188,
279.89999999999998,4.61163330078125,
280,4.50177001953125,7.7787380218505859
280.10000000000002,4.4404525756835938,
280.19999999999999,4.4021224975585938,
280.30000000000001,4.3663558959960938,
280.39999999999998,4.3510208129882812,
280.5,4.3484725952148438,
280.60000000000002,4.3408050537109375,
280.69999999999999,4.345916748046875,
280.80000000000001,4.345916748046875,
280.89999999999998,4.2641525268554688,
281,4.161956787109375,
281.10000000000002,4.105743408203125,
281.19999999999999,4.0801925659179688,
281.30000000000001,4.031646728515625,
281.39999999999998,3.9268951416015625,
281.5,3.7838134765625,
281.60000000000002,3.6126327514648438,
281.69999999999999,3.4235610961914062,
281.80000000000001,3.2344894409179688,
281.89999999999998,3.0479736328125,
282,2.864013671875,
282.10000000000002,2.6596145629882812,
282.19999999999999,2.467987060546875,
282.30000000000001,2.3351287841796875,
282.39999999999998,2.2508163452148438,
282.5,2.1869354248046875,
282.60000000000002,2.128173828125,
282.69999999999999,2.0745162963867188,
282.80000000000001,2.03619384765625,
282.89999999999998,2.0029754638671875,
283,1.972320556640625,
283.10000000000002,1.9518814086914062,
283.19999999999999,1.9365463256835938,
283.30000000000001,1.8905563354492188,
283.39999999999998,1.842010498046875,
283.5,1.8317947387695312,
283.60000000000002,1.8573455810546875,
283.69999999999999,1.9033355712890625,
283.80000000000001,1.96209716796875,
283.89999999999998,2.025970458984375,
284,2.1077346801757812,
284.10000000000002,2.2073822021484375,
284.19999999999999,2.322357177734375,
284.30000000000001,2.4424362182617188,
284.39999999999998,2.5625228881835938,
284.5,2.6366195678710938,
284.60000000000002,2.6928253173828125,
284.69999999999999,2.7873611450195312,
284.80000000000001,2.9151153564453125,
284.89999999999998,3.0352020263671875,
285,3.1322860717773438,
285.10000000000002,3.2293777465820312,
285.19999999999999,3.32391357421875,
285.30000000000001,3.3928985595703125,
285.39999999999998,3.444000244140625,
285.5,3.489990234375,
285.60000000000002,3.5155410766601562,
285.69999999999999,3.5027618408203125,
285.80000000000001,3.4746627807617188,
285.89999999999998,3.4593276977539062,
286,3.4644393920898438,
286.10000000000002,3.4695510864257812,
286.19999999999999,3.461883544921875,
286.30000000000001,3.4542160034179688,
286.39999999999998,3.4695510864257812,
286.5,3.50787353515625,
286.60000000000002,3.5564193725585938,
286.69999999999999,3.610076904296875,
286.80000000000001,3.6432876586914062,
286.89999999999998,3.6662826538085938,
287,3.7250518798828125,
287.10000000000002,3.8195877075195312,
287.19999999999999,3.921783447265625,
287.30000000000001,4.0188751220703125,
287.39999999999998,4.1082992553710938,
287.5,4.1926116943359375,
287.60000000000002,4.2743759155273438,
287.69999999999999,4.35357666015625,
287.80000000000001,4.399566650390625,
287.89999999999998,4.3663558959960938,
288,4.2590408325195312,
288.10000000000002,4.1364059448242188,
288.19999999999999,4.0469818115234375,
288.30000000000001,3.9754409790039062,
288.39999999999998,3.9064559936523438,
288.5,3.8425827026367188,
288.60000000000002,3.7787017822265625,
288.69999999999999,3.7224960327148438,
288.80000000000001,3.6892776489257812,
288.89999999999998,3.6535110473632812,
289,3.5615310668945312,
289.10000000000002,3.4184494018554688,
289.19999999999999,3.2983627319335938,
289.30000000000001,3.2268218994140625,
289.39999999999998,3.1782760620117188,
289.5,3.1195144653320312,
289.60000000000002,3.0479736328125,
289.69999999999999,2.973876953125,
289.80000000000001,2.9074478149414062,
289.89999999999998,2.8384628295898438,
290,2.754150390625,7.4626865386962891
290.10000000000002,2.6647262573242188,
290.19999999999999,2.5471954345703125,
290.30000000000001,2.393890380859375,
290.39999999999998,2.2635879516601562,
290.5,2.1818313598632812,
290.60000000000002,2.128173828125,
290.69999999999999,2.0847396850585938,
290.80000000000001,2.0515213012695312,
290.89999999999998,2.0208663940429688,
291,1.9876480102539062,
291.10000000000002,1.9646530151367188,
291.19999999999999,1.9493255615234375,
291.30000000000001,1.9442138671875,
291.39999999999998,1.9237747192382812,
291.5,1.8828964233398438,
291.60000000000002,1.8496780395507812,
291.69999999999999,1.8547897338867188,
291.80000000000001,1.8777847290039062,
291.89999999999998,1.898223876953125,
292,1.916107177734375,
292.10000000000002,1.9518814086914062,
292.19999999999999,2.008087158203125,
292.30000000000001,2.0847396850585938,
292.39999999999998,2.1894912719726562,
292.5,2.3172454833984375,
292.60000000000002,2.4219970703125,
292.69999999999999,2.4909820556640625,
292.80000000000001,2.5829620361328125,
292.89999999999998,2.7132720947265625,
293,2.8563461303710938,
293.10000000000002,2.9943161010742188,
293.19999999999999,3.1322860717773438,
293.30000000000001,3.2804794311523438,
293.39999999999998,3.426116943359375,
293.5,3.5513076782226562,
293.60000000000002,3.6662826538085938,
293.69999999999999,3.7633743286132812,
293.80000000000001,3.7991409301757812,
293.89999999999998,3.8042526245117188,
294,3.8374710083007812,
294.10000000000002,3.886016845703125,
294.19999999999999,3.9473342895507812,
294.30000000000001,4.0112075805664062,
294.39999999999998,4.05975341796875,
294.5,4.0801925659179688,
294.60000000000002,4.0674209594726562,
294.69999999999999,4.0290908813476562,
294.80000000000001,4.0112075805664062,
294.89999999999998,3.98565673828125,
295,3.9115676879882812,
295.10000000000002,3.8527984619140625,
295.19999999999999,3.8323593139648438,
295.30000000000001,3.80169677734375,
295.39999999999998,3.7608184814453125,
295.5,3.7506027221679688,
295.60000000000002,3.7787017822265625,
295.69999999999999,3.7787017822265625,
295.80000000000001,3.7403793334960938,
295.89999999999998,3.7071609497070312,
296,3.5972976684570312,
296.10000000000002,3.4516677856445312,
296.19999999999999,3.3750152587890625,
296.30000000000001,3.3034744262695312,
296.39999999999998,3.2625961303710938,
296.5,3.24981689453125,
296.60000000000002,3.2063827514648438,
296.69999999999999,3.1731719970703125,
296.80000000000001,3.1092910766601562,
296.89999999999998,2.9611053466796875,
297,2.77203369140625,
297.10000000000002,2.55230712890625,
297.19999999999999,2.36834716796875,
297.30000000000001,2.2584762573242188,
297.39999999999998,2.209930419921875,
297.5,2.2329254150390625,
297.60000000000002,2.4347763061523438,
297.69999999999999,2.6672821044921875,
297.80000000000001,2.55230712890625,
297.89999999999998,2.2738113403320312,
298,2.1588363647460938,
298.10000000000002,2.1818313598632812,
298.19999999999999,2.25592041015625,
298.30000000000001,2.376007080078125,
298.39999999999998,2.49609375,
298.5,2.58807373046875,
298.60000000000002,2.69793701171875,
298.69999999999999,2.8256912231445312,
298.80000000000001,2.95599365234375,
298.89999999999998,3.1067352294921875,
299,3.277923583984375,
299.10000000000002,3.4669952392578125,
299.19999999999999,3.6535110473632812,
299.30000000000001,3.8195877075195312,
299.39999999999998,3.9984359741210938,
299.5,4.161956787109375,
299.60000000000002,4.2794876098632812,
299.69999999999999,4.3510208129882812,
299.80000000000001,4.4097900390625,
299.89999999999998,4.5068817138671875,
300,4.61163330078125,8.4328880310058594
