Data Set 1:Time(s),Data Set 1:Force(N),Data Set 1:Respiration Rate(bpm)
0,2.7745895385742188,0
0.10000000000000001,2.4168853759765625,
0.20000000000000001,2.0131988525390625,
0.29999999999999999,1.9416580200195312,
0.40000000000000002,1.9186630249023438,
0.5,1.9135513305664062,
0.59999999999999998,1.8956680297851562,
0.69999999999999996,1.8547897338867188,
0.80000000000000004,1.8317947387695312,
0.90000000000000002,1.8139114379882812,
1,1.7730255126953125,
1.1000000000000001,1.7653656005859375,
1.2,1.7755813598632812,
1.3,1.7551422119140625,
1.3999999999999999,1.7372589111328125,
1.5,1.7219314575195312,
1.6000000000000001,1.74237060546875,
1.7,1.8215713500976562,
1.8,1.8931121826171875,
1.8999999999999999,1.96209716796875,
2,2.0489654541015625,
2.1000000000000001,2.1511688232421875,
2.2000000000000002,2.3249053955078125,
2.2999999999999998,2.5446395874023438,
2.3999999999999999,2.6877212524414062,
2.5,2.7694778442382812,
2.6000000000000001,2.92022705078125,
2.7000000000000002,3.1884994506835938,
2.7999999999999998,3.479766845703125,
2.8999999999999999,3.6765060424804688,
3,3.8144760131835938,
3.1000000000000001,3.9728851318359375,
3.2000000000000002,4.1312942504882812,
3.2999999999999998,4.2615966796875,
3.3999999999999999,4.3510208129882812,
3.5,4.4097900390625,
3.6000000000000001,4.4685516357421875,
3.7000000000000002,4.4608917236328125,
3.7999999999999998,4.3765716552734375,
3.8999999999999999,4.2973709106445312,
4,4.1849517822265625,
4.0999999999999996,4.0188751220703125,
4.2000000000000002,3.8630218505859375,
4.2999999999999998,3.6356277465820312,
4.4000000000000004,3.3264694213867188,
4.5,3.0607452392578125,
4.5999999999999996,2.8384628295898438,
4.7000000000000002,2.651947021484375,
4.7999999999999998,2.5012054443359375,
4.9000000000000004,2.36834716796875,
5,2.2610321044921875,
5.0999999999999996,2.1946029663085938,
5.2000000000000002,2.14605712890625,
5.2999999999999998,2.0898513793945312,
5.4000000000000004,2.03619384765625,
5.5,2.00042724609375,
5.5999999999999996,1.9442138671875,
5.7000000000000002,1.8701171875,
5.7999999999999998,1.8292388916015625,
5.9000000000000004,1.8190155029296875,
6,1.8292388916015625,
6.0999999999999996,1.8471221923828125,
6.2000000000000002,1.8599014282226562,
6.2999999999999998,1.8752288818359375,
6.4000000000000004,1.8931121826171875,
6.5,1.916107177734375,
6.5999999999999996,1.9314422607421875,
6.7000000000000002,1.9391021728515625,
6.7999999999999998,1.9212188720703125,
6.9000000000000004,1.880340576171875,
7,1.8599014282226562,
7.0999999999999996,1.8701171875,
7.2000000000000002,1.8931121826171875,
7.2999999999999998,1.916107177734375,
7.4000000000000004,1.92633056640625,
7.5,1.933990478515625,
7.5999999999999996,1.9416580200195312,
7.7000000000000002,1.954437255859375,
7.7999999999999998,1.9672088623046875,
7.9000000000000004,1.97998046875,
8,1.96209716796875,
8.0999999999999996,1.9212188720703125,
8.1999999999999993,1.9007797241210938,
8.3000000000000007,1.9109954833984375,
8.4000000000000004,1.933990478515625,
8.5,1.9391021728515625,
8.5999999999999996,1.933990478515625,
8.6999999999999993,1.9365463256835938,
8.8000000000000007,1.9467697143554688,
8.9000000000000004,1.9493255615234375,
9,1.933990478515625,
9.0999999999999996,1.908447265625,
9.1999999999999993,1.88800048828125,
9.3000000000000007,1.8777847290039062,
9.4000000000000004,1.8905563354492188,
9.5,1.9109954833984375,
9.5999999999999996,1.9569854736328125,
9.6999999999999993,2.0157546997070312,
9.8000000000000007,2.1026229858398438,
9.9000000000000004,2.2584762573242188,
10,2.4628753662109375,7.8602619171142578
10.1,2.66217041015625,
10.199999999999999,2.835906982421875,
10.300000000000001,2.9764328002929688,
10.4,3.1144027709960938,
10.5,3.2906951904296875,
10.6,3.47210693359375,
10.699999999999999,3.5845260620117188,
10.800000000000001,3.6662826538085938,
10.9,3.7429351806640625,
11,3.8451309204101562,
11.1,4.0393142700195312,
11.199999999999999,4.3586883544921875,
11.300000000000001,4.639739990234375,
11.4,4.8722457885742188,
11.5,5.2197265625,
11.6,5.6821823120117188,
11.699999999999999,6.129302978515625,
11.800000000000001,6.56109619140625,
11.9,7.0107803344726562,
12,7.4936752319335938,
12.1,7.9612350463867188,
12.199999999999999,8.2320709228515625,
12.300000000000001,8.0659942626953125,
12.4,7.8156051635742188,
12.5,7.5038909912109375,
12.6,7.2100677490234375,
12.699999999999999,6.921356201171875,
12.800000000000001,6.5687637329101562,
12.9,6.185516357421875,
13,5.9146804809570312,
13.1,5.7230606079101562,
13.199999999999999,5.4803314208984375,
13.300000000000001,5.1660690307617188,
13.4,4.8134765625,
13.5,4.473663330078125,
13.6,4.197723388671875,
13.699999999999999,3.9524459838867188,
13.800000000000001,3.6892776489257812,
13.9,3.4235610961914062,
14,3.203826904296875,
14.1,3.0070953369140625,
14.199999999999999,2.853790283203125,
14.300000000000001,2.7924728393554688,
14.4,2.7107162475585938,
14.5,2.5625228881835938,
14.6,2.4603271484375,
14.699999999999999,2.4015579223632812,
14.800000000000001,2.3325729370117188,
14.9,2.25592041015625,
15,2.2124862670898438,
15.1,2.1613922119140625,
15.199999999999999,2.0924072265625,
15.300000000000001,2.07196044921875,
15.4,2.0591888427734375,
15.5,2.0387496948242188,
15.6,2.0157546997070312,
15.699999999999999,1.9288864135742188,
15.800000000000001,1.88800048828125,
15.9,1.9467697143554688,
16,1.933990478515625,
16.100000000000001,1.8777847290039062,
16.199999999999999,1.9007797241210938,
16.300000000000001,1.9825363159179688,
16.399999999999999,2.0208663940429688,
16.5,1.9927597045898438,
16.600000000000001,1.9850921630859375,
16.699999999999999,1.9825363159179688,
16.800000000000001,1.9569854736328125,
16.899999999999999,1.9467697143554688,
17,1.9646530151367188,
17.100000000000001,1.990203857421875,
17.199999999999999,2.0131988525390625,
17.300000000000001,1.990203857421875,
17.399999999999999,1.96209716796875,
17.5,1.954437255859375,
17.600000000000001,1.9365463256835938,
17.699999999999999,1.9033355712890625,
17.800000000000001,1.880340576171875,
17.899999999999999,1.880340576171875,
18,1.8931121826171875,
18.100000000000001,1.9288864135742188,
18.199999999999999,1.954437255859375,
18.300000000000001,1.9595413208007812,
18.399999999999999,1.9697647094726562,
18.5,1.9927597045898438,
18.600000000000001,2.00042724609375,
18.699999999999999,2.008087158203125,
18.800000000000001,1.9978713989257812,
18.899999999999999,1.9646530151367188,
19,1.9518814086914062,
19.100000000000001,1.9518814086914062,
19.199999999999999,1.9697647094726562,
19.300000000000001,2.0029754638671875,
19.399999999999999,2.0387496948242188,
19.5,2.0975112915039062,
19.600000000000001,2.2022705078125,
19.699999999999999,2.3504562377929688,
19.800000000000001,2.5293121337890625,
19.899999999999999,2.7056045532226562,
20,2.8563461303710938,0
20.100000000000001,3.01220703125,
20.199999999999999,3.1910552978515625,
20.300000000000001,3.380126953125,
20.399999999999999,3.5615310668945312,
20.5,3.737823486328125,
20.600000000000001,3.9243392944335938,
20.699999999999999,4.1006317138671875,
20.800000000000001,4.2309417724609375,
20.899999999999999,4.2667083740234375,
21,4.1542892456054688,
21.100000000000001,3.9703292846679688,
21.199999999999999,3.8272476196289062,
21.300000000000001,3.69183349609375,
21.399999999999999,3.5615310668945312,
21.5,3.4235610961914062,
21.600000000000001,3.260040283203125,
21.699999999999999,3.0735244750976562,
21.800000000000001,2.8895645141601562,
21.899999999999999,2.7234878540039062,
22,2.5548553466796875,
22.100000000000001,2.3657913208007812,
22.199999999999999,2.1946029663085938,
22.300000000000001,2.1026229858398438,
22.399999999999999,2.082183837890625,
22.5,2.0617446899414062,
22.600000000000001,1.9646530151367188,
22.699999999999999,1.8343505859375,
22.800000000000001,1.76025390625,
22.899999999999999,1.6273956298828125,
23,1.4638748168945312,
23.100000000000001,1.3872222900390625,
23.199999999999999,1.3565673828125,
23.300000000000001,1.346343994140625,
23.399999999999999,1.37445068359375,
23.5,1.4638748168945312,
23.600000000000001,1.5890655517578125,
23.699999999999999,1.696380615234375,
23.800000000000001,1.770477294921875,
23.899999999999999,1.81646728515625,
24,1.8496780395507812,
24.100000000000001,1.880340576171875,
24.199999999999999,1.9033355712890625,
24.300000000000001,1.9288864135742188,
24.399999999999999,1.9212188720703125,
24.5,1.880340576171875,
24.600000000000001,1.8573455810546875,
24.699999999999999,1.8599014282226562,
24.800000000000001,1.8701171875,
24.899999999999999,1.898223876953125,
25,1.9212188720703125,
25.100000000000001,1.92633056640625,
25.199999999999999,1.9288864135742188,
25.300000000000001,1.9442138671875,
25.399999999999999,1.9748764038085938,
25.5,2.0055313110351562,
25.600000000000001,2.008087158203125,
25.699999999999999,1.9646530151367188,
25.800000000000001,1.9314422607421875,
25.899999999999999,1.933990478515625,
26,1.9416580200195312,
26.100000000000001,1.9927597045898438,
26.199999999999999,2.100067138671875,
26.300000000000001,2.209930419921875,
26.399999999999999,2.3070220947265625,
26.5,2.4168853759765625,
26.600000000000001,2.5395278930664062,
26.699999999999999,2.6723861694335938,
26.800000000000001,2.77203369140625,
26.899999999999999,2.8972320556640625,
27,3.0479736328125,
27.100000000000001,3.2089385986328125,
27.199999999999999,3.43377685546875,
27.300000000000001,3.663726806640625,
27.399999999999999,3.9090118408203125,
27.5,4.1440658569335938,
27.600000000000001,4.3305816650390625,
27.699999999999999,4.547760009765625,
27.800000000000001,4.767486572265625,
27.899999999999999,5.007659912109375,
28,5.2682723999023438,
28.100000000000001,5.5058822631835938,
28.199999999999999,5.7332763671875,
28.300000000000001,5.9300155639648438,
28.399999999999999,6.0705413818359375,
28.5,6.0730972290039062,
28.600000000000001,6.0986404418945312,
28.699999999999999,6.2723846435546875,
28.800000000000001,6.3899154663085938,
28.899999999999999,6.3388137817382812,
29,6.1369705200195312,
29.100000000000001,5.8661422729492188,
29.199999999999999,5.6208572387695312,
29.300000000000001,5.3832473754882812,
29.399999999999999,5.08941650390625,
29.5,4.7623825073242188,
29.600000000000001,4.4634475708007812,
29.699999999999999,4.2615966796875,
29.800000000000001,4.0750808715820312,
29.899999999999999,3.8272476196289062,
30,3.5972976684570312,3.6144578456878662
30.100000000000001,3.4031219482421875,
30.199999999999999,3.203826904296875,
30.300000000000001,2.984100341796875,
30.399999999999999,2.7669219970703125,
30.5,2.5906295776367188,
30.600000000000001,2.4526596069335938,
30.699999999999999,2.3606796264648438,
30.800000000000001,2.2865829467773438,
30.899999999999999,2.18438720703125,
31,2.046417236328125,
31.100000000000001,1.9365463256835938,
31.199999999999999,1.8828964233398438,
31.300000000000001,1.8394622802734375,
31.399999999999999,1.8011322021484375,
31.5,1.7909164428710938,
31.600000000000001,1.8139114379882812,
31.699999999999999,1.8266830444335938,
31.800000000000001,1.8011322021484375,
31.899999999999999,1.7858047485351562,
32,1.8011322021484375,
32.100000000000001,1.7832489013671875,
32.200000000000003,1.74237060546875,
32.299999999999997,1.7449264526367188,
32.399999999999999,1.7858047485351562,
32.5,1.806243896484375,
32.600000000000001,1.8139114379882812,
32.700000000000003,1.8215713500976562,
32.799999999999997,1.8701171875,
32.899999999999999,1.954437255859375,
33,2.0387496948242188,
33.100000000000001,2.128173828125,
33.200000000000003,2.2048263549804688,
33.299999999999997,2.301910400390625,
33.399999999999999,2.4628753662109375,
33.5,2.6417312622070312,
33.600000000000001,2.818023681640625,
33.700000000000003,2.984100341796875,
33.799999999999997,3.1527252197265625,
33.899999999999999,3.341796875,
34,3.5232009887695312,
34.100000000000001,3.7122726440429688,
34.200000000000003,3.8630218505859375,
34.299999999999997,3.9550018310546875,
34.399999999999999,4.0571975708007812,
34.5,4.2105026245117188,
34.600000000000001,4.39190673828125,
34.700000000000003,4.5681991577148438,
34.799999999999997,4.7470474243164062,
34.899999999999999,4.9233474731445312,
35,5.0868606567382812,
35.100000000000001,5.2401657104492188,
35.200000000000003,5.3730239868164062,
35.299999999999997,5.4879989624023438,
35.399999999999999,5.60552978515625,
35.5,5.7128372192382812,
35.600000000000001,5.78948974609375,
35.700000000000003,5.8610305786132812,
35.799999999999997,6.00921630859375,
35.899999999999999,6.1344146728515625,
36,6.1778488159179688,
36.100000000000001,6.2238388061523438,
36.200000000000003,6.1625213623046875,
36.299999999999997,5.9887771606445312,
36.399999999999999,5.817596435546875,
36.5,5.6489639282226562,
36.600000000000001,5.49566650390625,
36.700000000000003,5.3525848388671875,
36.799999999999997,5.191619873046875,
36.899999999999999,5.0153274536132812,
37,4.8339157104492188,
37.100000000000001,4.6422958374023438,
37.200000000000003,4.4302291870117188,
37.299999999999997,4.215606689453125,
37.399999999999999,4.0214309692382812,
37.5,3.8323593139648438,
37.600000000000001,3.6228485107421875,
37.700000000000003,3.4210052490234375,
37.799999999999997,3.2344894409179688,
37.899999999999999,3.0530853271484375,
38,2.8716812133789062,
38.100000000000001,2.69793701171875,
38.200000000000003,2.5318603515625,
38.299999999999997,2.38623046875,
38.399999999999999,2.2584762573242188,
38.5,2.14605712890625,
38.600000000000001,2.0540771484375,
38.700000000000003,1.9774322509765625,
38.799999999999997,1.880340576171875,
38.899999999999999,1.7909164428710938,
39,1.750030517578125,
39.100000000000001,1.7347030639648438,
39.200000000000003,1.7270355224609375,
39.299999999999997,1.7244873046875,
39.399999999999999,1.7270355224609375,
39.5,1.7295913696289062,
39.600000000000001,1.732147216796875,
39.700000000000003,1.74237060546875,
39.799999999999997,1.7474822998046875,
39.899999999999999,1.76025390625,
40,1.7474822998046875,5.0251255035400391
40.100000000000001,1.7117080688476562,
40.200000000000003,1.6989364624023438,
40.299999999999997,1.7065963745117188,
40.399999999999999,1.7244873046875,
40.5,1.7449264526367188,
40.600000000000001,1.76025390625,
40.700000000000003,1.77813720703125,
40.799999999999997,1.8011322021484375,
40.899999999999999,1.8292388916015625,
41,1.862457275390625,
41.100000000000001,1.908447265625,
41.200000000000003,1.9493255615234375,
41.299999999999997,1.9672088623046875,
41.399999999999999,1.990203857421875,
41.5,2.0515213012695312,
41.600000000000001,2.2431488037109375,
41.700000000000003,2.4986495971679688,
41.799999999999997,2.669830322265625,
41.899999999999999,2.7669219970703125,
42,2.8844528198242188,
42.100000000000001,3.0070953369140625,
42.200000000000003,3.0633010864257812,
42.299999999999997,3.168060302734375,
42.399999999999999,3.2855911254882812,
42.5,3.3622360229492188,
42.600000000000001,3.5155410766601562,
42.700000000000003,3.6713943481445312,
42.799999999999997,3.7787017822265625,
42.899999999999999,3.8604660034179688,
43,3.9013442993164062,
43.100000000000001,4.013763427734375,
43.200000000000003,4.2360458374023438,
43.299999999999997,4.3433609008789062,
43.399999999999999,4.2411575317382812,
43.5,4.0929718017578125,
43.600000000000001,4.0163192749023438,
43.700000000000003,3.9550018310546875,
43.799999999999997,3.8962326049804688,
43.899999999999999,3.8553543090820312,
44,3.8144760131835938,
44.100000000000001,3.737823486328125,
44.200000000000003,3.6483993530273438,
44.299999999999997,3.58197021484375,
44.399999999999999,3.4951019287109375,
44.5,3.3750152587890625,
44.600000000000001,3.2625961303710938,
44.700000000000003,3.185943603515625,
44.799999999999997,3.1271820068359375,
44.899999999999999,3.0914077758789062,
45,3.0479736328125,
45.100000000000001,2.9253311157226562,
45.200000000000003,2.761810302734375,
45.299999999999997,2.6008453369140625,
45.399999999999999,2.432220458984375,
45.5,2.284027099609375,
45.600000000000001,2.1613922119140625,
45.700000000000003,2.0515213012695312,
45.799999999999997,1.9774322509765625,
45.899999999999999,1.9314422607421875,
46,1.8905563354492188,
46.100000000000001,1.8573455810546875,
46.200000000000003,1.8369064331054688,
46.299999999999997,1.81646728515625,
46.399999999999999,1.8011322021484375,
46.5,1.8011322021484375,
46.600000000000001,1.8139114379882812,
46.700000000000003,1.81646728515625,
46.799999999999997,1.81646728515625,
46.899999999999999,1.8036880493164062,
47,1.7679214477539062,
47.100000000000001,1.7551422119140625,
47.200000000000003,1.7679214477539062,
47.299999999999997,1.7806930541992188,
47.399999999999999,1.7858047485351562,
47.5,1.7934722900390625,
47.600000000000001,1.8036880493164062,
47.700000000000003,1.8113555908203125,
47.799999999999997,1.8113555908203125,
47.899999999999999,1.8190155029296875,
48,1.824127197265625,
48.100000000000001,1.8011322021484375,
48.200000000000003,1.7730255126953125,
48.299999999999997,1.7679214477539062,
48.399999999999999,1.7730255126953125,
48.5,1.7832489013671875,
48.600000000000001,1.7985763549804688,
48.700000000000003,1.8036880493164062,
48.799999999999997,1.8087997436523438,
48.899999999999999,1.8215713500976562,
49,1.8317947387695312,
49.100000000000001,1.8317947387695312,
49.200000000000003,1.8343505859375,
49.299999999999997,1.8215713500976562,
49.399999999999999,1.7909164428710938,
49.5,1.77813720703125,
49.600000000000001,1.7832489013671875,
49.700000000000003,1.7960205078125,
49.799999999999997,1.8087997436523438,
49.899999999999999,1.8139114379882812,
50,1.8215713500976562,8.0285453796386719
50.100000000000001,1.842010498046875,
50.200000000000003,1.8547897338867188,
50.299999999999997,1.8496780395507812,
50.399999999999999,1.842010498046875,
50.5,1.8190155029296875,
50.600000000000001,1.7755813598632812,
50.700000000000003,1.7551422119140625,
50.799999999999997,1.7576980590820312,
50.899999999999999,1.770477294921875,
51,1.7832489013671875,
51.100000000000001,1.7858047485351562,
51.200000000000003,1.7960205078125,
51.299999999999997,1.8036880493164062,
51.399999999999999,1.806243896484375,
51.5,1.806243896484375,
51.600000000000001,1.8087997436523438,
51.700000000000003,1.8011322021484375,
51.799999999999997,1.77813720703125,
51.899999999999999,1.7679214477539062,
52,1.788360595703125,
52.100000000000001,1.8113555908203125,
52.200000000000003,1.81646728515625,
52.299999999999997,1.8139114379882812,
52.399999999999999,1.824127197265625,
52.5,1.8573455810546875,
52.600000000000001,1.898223876953125,
52.700000000000003,1.9595413208007812,
52.799999999999997,2.0566329956054688,
52.899999999999999,2.1971588134765625,
53,2.3785629272460938,
53.100000000000001,2.5727462768554688,
53.200000000000003,2.7694778442382812,
53.299999999999997,2.9432220458984375,
53.399999999999999,3.093963623046875,
53.5,3.2447052001953125,
53.600000000000001,3.4031219482421875,
53.700000000000003,3.5666427612304688,
53.799999999999997,3.6483993530273438,
53.899999999999999,3.6254043579101562,
54,3.58197021484375,
54.100000000000001,3.5232009887695312,
54.200000000000003,3.4414443969726562,
54.299999999999997,3.35968017578125,
54.399999999999999,3.2855911254882812,
54.5,3.2191619873046875,
54.600000000000001,3.1603927612304688,
54.700000000000003,3.0965194702148438,
54.799999999999997,2.99176025390625,
54.899999999999999,2.874237060546875,
55,2.7950286865234375,
55.100000000000001,2.7567062377929688,
55.200000000000003,2.7285995483398438,
55.299999999999997,2.6953811645507812,
55.399999999999999,2.651947021484375,
55.5,2.6136245727539062,
55.600000000000001,2.577850341796875,
55.700000000000003,2.5114212036132812,
55.799999999999997,2.3887863159179688,
55.899999999999999,2.2533721923828125,
56,2.1511688232421875,
56.100000000000001,2.0796279907226562,
56.200000000000003,2.0234222412109375,
56.299999999999997,1.9748764038085938,
56.399999999999999,1.9033355712890625,
56.5,1.8292388916015625,
56.600000000000001,1.7858047485351562,
56.700000000000003,1.7628097534179688,
56.799999999999997,1.76025390625,
56.899999999999999,1.7628097534179688,
57,1.7576980590820312,
57.100000000000001,1.7474822998046875,
57.200000000000003,1.77813720703125,
57.299999999999997,1.8777847290039062,
57.399999999999999,2.025970458984375,
57.5,2.1997146606445312,
57.600000000000001,2.3964462280273438,
57.700000000000003,2.6008453369140625,
57.799999999999997,2.8129119873046875,
57.899999999999999,3.0249786376953125,
58,3.2293777465820312,
58.100000000000001,3.444000244140625,
58.200000000000003,3.645843505859375,
58.299999999999997,3.8068084716796875,
58.399999999999999,3.977996826171875,
58.5,4.1568450927734375,
58.600000000000001,4.3152542114257812,
58.700000000000003,4.4634475708007812,
58.799999999999997,4.6193008422851562,
58.899999999999999,4.7470474243164062,
59,4.8390274047851562,
59.100000000000001,4.9029006958007812,
59.200000000000003,4.8645782470703125,
59.299999999999997,4.6959457397460938,
59.399999999999999,4.4813308715820312,
59.5,4.289703369140625,
59.600000000000001,4.1364059448242188,
59.700000000000003,4.0265426635742188,
59.799999999999997,3.9166717529296875,
59.899999999999999,3.7863693237304688,
60,3.61773681640625,5.2128582000732422
60.100000000000001,3.4184494018554688,
60.200000000000003,3.2242660522460938,
60.299999999999997,3.0352020263671875,
60.399999999999999,2.8282470703125,
60.5,2.5829620361328125,
60.600000000000001,2.3555679321289062,
60.700000000000003,2.1946029663085938,
60.799999999999997,2.0745162963867188,
60.899999999999999,1.97998046875,
61,1.908447265625,
61.100000000000001,1.8471221923828125,
61.200000000000003,1.7960205078125,
61.299999999999997,1.7576980590820312,
61.399999999999999,1.7244873046875,
61.5,1.6938247680664062,
61.600000000000001,1.658050537109375,
61.700000000000003,1.6248397827148438,
61.799999999999997,1.5839614868164062,
61.899999999999999,1.55841064453125,
62,1.5609664916992188,
62.100000000000001,1.5814056396484375,
62.200000000000003,1.5992889404296875,
62.299999999999997,1.612060546875,
62.399999999999999,1.6248397827148438,
62.5,1.6350555419921875,
62.600000000000001,1.6478347778320312,
62.700000000000003,1.7295913696289062,
62.799999999999997,1.8573455810546875,
62.899999999999999,1.8956680297851562,
63,1.8343505859375,
63.100000000000001,1.76025390625,
63.200000000000003,1.7065963745117188,
63.299999999999997,1.678497314453125,
63.399999999999999,1.6708297729492188,
63.5,1.6759414672851562,
63.600000000000001,1.678497314453125,
63.700000000000003,1.6836013793945312,
63.799999999999997,1.696380615234375,
63.899999999999999,1.7193756103515625,
64,1.7985763549804688,
64.099999999999994,1.9288864135742188,
64.200000000000003,2.0872955322265625,
64.299999999999997,2.284027099609375,
64.400000000000006,2.49609375,
64.5,2.69793701171875,
64.599999999999994,2.9074478149414062,
64.700000000000003,3.1169586181640625,
64.799999999999997,3.3264694213867188,
64.900000000000006,3.5232009887695312,
65,3.7224960327148438,
65.099999999999994,3.8962326049804688,
65.200000000000003,4.0163192749023438,
65.299999999999997,4.13385009765625,
65.400000000000006,4.445556640625,
65.5,5.0025482177734375,
65.599999999999994,5.4522323608398438,
65.700000000000003,5.7281723022460938,
65.799999999999997,6.093536376953125,
65.900000000000006,6.4742279052734375,
66,6.63519287109375,
66.099999999999994,6.4844512939453125,
66.200000000000003,6.1395263671875,
66.299999999999997,5.7946014404296875,
66.400000000000006,5.4905548095703125,
66.5,5.2146148681640625,
66.599999999999994,4.9744415283203125,
66.700000000000003,4.7547149658203125,
66.799999999999997,4.5605316162109375,
66.900000000000006,4.4200057983398438,
67,4.31781005859375,
67.099999999999994,4.1721725463867188,
67.200000000000003,3.9984359741210938,
67.299999999999997,3.8604660034179688,
67.400000000000006,3.7506027221679688,
67.5,3.6688385009765625,
67.599999999999994,3.610076904296875,
67.700000000000003,3.5461959838867188,
67.799999999999997,3.4823226928710938,
67.900000000000006,3.4235610961914062,
68,3.35968017578125,
68.099999999999994,3.295806884765625,
68.200000000000003,3.2114944458007812,
68.299999999999997,3.1169586181640625,
68.400000000000006,3.06585693359375,
68.5,3.0479736328125,
68.599999999999994,3.0147552490234375,
68.700000000000003,2.973876953125,
68.799999999999997,2.9534378051757812,
68.900000000000006,2.92022705078125,
69,2.8844528198242188,
69.099999999999994,2.8767852783203125,
69.200000000000003,2.8972320556640625,
69.299999999999997,2.9125595092773438,
69.400000000000006,2.8844528198242188,
69.5,2.84613037109375,
69.599999999999994,2.8256912231445312,
69.700000000000003,2.8231353759765625,
69.799999999999997,2.8384628295898438,
69.900000000000006,2.8512420654296875,
70,2.864013671875,5.2863435745239258
70.099999999999994,2.8844528198242188,
70.200000000000003,2.9048919677734375,
70.299999999999997,2.9151153564453125,
70.400000000000006,2.9329986572265625,
70.5,2.9483261108398438,
70.599999999999994,2.9227752685546875,
70.700000000000003,2.8793411254882812,
70.799999999999997,2.8563461303710938,
70.900000000000006,2.8563461303710938,
71,2.8716812133789062,
71.099999999999994,2.8870086669921875,
71.200000000000003,2.8997802734375,
71.299999999999997,2.9176712036132812,
71.400000000000006,2.966217041015625,
71.5,2.9892120361328125,
71.599999999999994,2.910003662109375,
71.700000000000003,2.8231353759765625,
71.799999999999997,2.7848052978515625,
71.900000000000006,2.7567062377929688,
72,2.7311553955078125,
72.099999999999994,2.708160400390625,
72.200000000000003,2.7004928588867188,
72.299999999999997,2.7107162475585938,
72.400000000000006,2.726043701171875,
72.5,2.7311553955078125,
72.599999999999994,2.7183761596679688,
72.700000000000003,2.7132720947265625,
72.799999999999997,2.7285995483398438,
72.900000000000006,2.7464828491210938,
73,2.7388153076171875,
73.099999999999994,2.7004928588867188,
73.200000000000003,2.66217041015625,
73.299999999999997,2.6468353271484375,
73.400000000000006,2.644287109375,
73.5,2.644287109375,
73.599999999999994,2.6545028686523438,
73.700000000000003,2.66217041015625,
73.799999999999997,2.6647262573242188,
73.900000000000006,2.669830322265625,
74,2.6723861694335938,
74.099999999999994,2.66217041015625,
74.200000000000003,2.6212921142578125,
74.299999999999997,2.5829620361328125,
74.400000000000006,2.5676345825195312,
74.5,2.5574111938476562,
74.599999999999994,2.5548553466796875,
74.700000000000003,2.559967041015625,
74.799999999999997,2.5753021240234375,
74.900000000000006,2.598297119140625,
75,2.6187362670898438,
75.099999999999994,2.6366195678710938,
75.200000000000003,2.6545028686523438,
75.299999999999997,2.6417312622070312,
75.400000000000006,2.6034011840820312,
75.5,2.58807373046875,
75.599999999999994,2.58807373046875,
75.700000000000003,2.5931854248046875,
75.799999999999997,2.6008453369140625,
75.900000000000006,2.60595703125,
76,2.60595703125,
76.099999999999994,2.60595703125,
76.200000000000003,2.6034011840820312,
76.299999999999997,2.6034011840820312,
76.400000000000006,2.5906295776367188,
76.5,2.5446395874023438,
76.599999999999994,2.5037612915039062,
76.700000000000003,2.4986495971679688,
76.799999999999997,2.5114212036132812,
76.900000000000006,2.5293121337890625,
77,2.5395278930664062,
77.099999999999994,2.559967041015625,
77.200000000000003,2.598297119140625,
77.299999999999997,2.7004928588867188,
77.400000000000006,2.910003662109375,
77.5,3.1373977661132812,
77.599999999999994,3.3162460327148438,
77.700000000000003,3.4848785400390625,
77.799999999999997,3.6765060424804688,
77.900000000000006,3.903900146484375,
78,4.1415176391601562,
78.099999999999994,4.3867950439453125,
78.200000000000003,4.6371841430664062,
78.299999999999997,4.841583251953125,
78.400000000000006,4.94378662109375,
78.5,4.90545654296875,
78.599999999999994,4.7291641235351562,
78.700000000000003,4.4966583251953125,
78.799999999999997,4.307586669921875,
78.900000000000006,4.1823959350585938,
79,4.0853042602539062,
79.099999999999994,4.0086517333984375,
79.200000000000003,3.94989013671875,
79.299999999999997,3.8706817626953125,
79.400000000000006,3.7608184814453125,
79.5,3.6330718994140625,
79.599999999999994,3.4465560913085938,
79.700000000000003,3.2114944458007812,
79.799999999999997,2.973876953125,
79.900000000000006,2.7745895385742188,
80,2.6212921142578125,6.2240667343139648
80.099999999999994,2.4884262084960938,
80.200000000000003,2.3606796264648438,
80.299999999999997,2.2431488037109375,
80.400000000000006,2.14605712890625,
80.5,2.064300537109375,
80.599999999999994,2.0029754638671875,
80.700000000000003,1.9493255615234375,
80.799999999999997,1.8752288818359375,
80.900000000000006,1.8139114379882812,
81,1.7755813598632812,
81.099999999999994,1.74237060546875,
81.200000000000003,1.7525863647460938,
81.299999999999997,1.7832489013671875,
81.400000000000006,1.7832489013671875,
81.5,1.770477294921875,
81.599999999999994,1.7730255126953125,
81.700000000000003,1.77813720703125,
81.799999999999997,1.7934722900390625,
81.900000000000006,1.806243896484375,
82,1.81646728515625,
82.099999999999994,1.8599014282226562,
82.200000000000003,1.9314422607421875,
82.299999999999997,2.0310821533203125,
82.400000000000006,2.1537246704101562,
82.5,2.2738113403320312,
82.599999999999994,2.3734512329101562,
82.700000000000003,2.4654312133789062,
82.799999999999997,2.55230712890625,
82.900000000000006,2.6315078735351562,
83,2.6928253173828125,
83.099999999999994,2.7056045532226562,
83.200000000000003,2.6826095581054688,
83.299999999999997,2.6570587158203125,
83.400000000000006,2.634063720703125,
83.5,2.6212921142578125,
83.599999999999994,2.6085128784179688,
83.700000000000003,2.5957412719726562,
83.799999999999997,2.6008453369140625,
83.900000000000006,2.6110687255859375,
84,2.60595703125,
84.099999999999994,2.58807373046875,
84.200000000000003,2.5471954345703125,
84.299999999999997,2.4909820556640625,
84.400000000000006,2.4475479125976562,
84.5,2.43988037109375,
84.599999999999994,2.4552154541015625,
84.700000000000003,2.4756546020507812,
84.799999999999997,2.49609375,
84.900000000000006,2.5037612915039062,
85,2.5037612915039062,
85.099999999999994,2.506317138671875,
85.200000000000003,2.5114212036132812,
85.299999999999997,2.4909820556640625,
85.400000000000006,2.4373321533203125,
85.5,2.3836746215820312,
85.599999999999994,2.3427963256835938,
85.700000000000003,2.3198013305664062,
85.799999999999997,2.3095779418945312,
85.900000000000006,2.2865829467773438,
86,2.266143798828125,
86.099999999999994,2.2686996459960938,
86.200000000000003,2.2763671875,
86.299999999999997,2.29425048828125,
86.400000000000006,2.2610321044921875,
86.5,2.1256179809570312,
86.599999999999994,1.9927597045898438,
86.700000000000003,1.9442138671875,
86.799999999999997,1.9697647094726562,
86.900000000000006,1.9825363159179688,
87,1.9595413208007812,
87.099999999999994,1.8905563354492188,
87.200000000000003,1.8547897338867188,
87.299999999999997,1.880340576171875,
87.400000000000006,1.8369064331054688,
87.5,1.7576980590820312,
87.599999999999994,1.7474822998046875,
87.700000000000003,1.8317947387695312,
87.799999999999997,2.0617446899414062,
87.900000000000006,2.4654312133789062,
88,2.8614578247070312,
88.099999999999994,3.168060302734375,
88.200000000000003,3.4644393920898438,
88.299999999999997,3.7787017822265625,
88.400000000000006,4.1466217041015625,
88.5,4.5247650146484375,
88.599999999999994,4.8134765625,
88.700000000000003,5.1226348876953125,
88.799999999999997,5.4266815185546875,
88.900000000000006,5.6591873168945312,
89,5.7920455932617188,
89.099999999999994,5.6566314697265625,
89.200000000000003,5.3832473754882812,
89.299999999999997,5.227386474609375,
89.400000000000006,4.9999923706054688,
89.5,4.5528717041015625,
89.599999999999994,4.1082992553710938,
89.700000000000003,3.7454910278320312,
89.799999999999997,3.4107818603515625,
89.900000000000006,3.0990753173828125,
90,2.8614578247070312,5.2219324111938477
90.099999999999994,2.7183761596679688,
90.200000000000003,2.6008453369140625,
90.299999999999997,2.47821044921875,
90.400000000000006,2.36834716796875,
90.5,2.2584762573242188,
90.599999999999994,2.1511688232421875,
90.700000000000003,2.0872955322265625,
90.799999999999997,2.0591888427734375,
90.900000000000006,2.0208663940429688,
91,1.9697647094726562,
91.099999999999994,1.908447265625,
91.200000000000003,1.88800048828125,
91.299999999999997,1.9493255615234375,
91.400000000000006,2.0131988525390625,
91.5,2.0208663940429688,
91.599999999999994,1.9595413208007812,
91.700000000000003,1.8496780395507812,
91.799999999999997,1.7909164428710938,
91.900000000000006,1.81646728515625,
92,1.8343505859375,
92.099999999999994,1.88800048828125,
92.200000000000003,2.025970458984375,
92.299999999999997,2.1716079711914062,
92.400000000000006,2.3121337890625,
92.5,2.450103759765625,
92.599999999999994,2.6110687255859375,
92.700000000000003,2.7567062377929688,
92.799999999999997,2.8793411254882812,
92.900000000000006,3.0249786376953125,
93,3.1782760620117188,
93.099999999999994,3.3213577270507812,
93.200000000000003,3.4312210083007812,
93.299999999999997,3.50787353515625,
93.400000000000006,3.5564193725585938,
93.5,3.610076904296875,
93.599999999999994,3.737823486328125,
93.700000000000003,3.9013442993164062,
93.799999999999997,4.0495376586914062,
93.900000000000006,4.2615966796875,
94,4.5452041625976562,
94.099999999999994,4.841583251953125,
94.200000000000003,5.1762924194335938,
94.299999999999997,5.541656494140625,
94.400000000000006,5.8865814208984375,
94.5,6.19317626953125,
94.599999999999994,6.4589004516601562,
94.700000000000003,6.663299560546875,
94.799999999999997,6.74505615234375,
94.900000000000006,6.6556320190429688,
95,6.2493896484375,
95.099999999999994,5.669403076171875,
95.200000000000003,5.301483154296875,
95.299999999999997,5.1660690307617188,
95.400000000000006,5.0408706665039062,
95.5,4.8262557983398438,
95.599999999999994,4.5707550048828125,
95.700000000000003,4.2488250732421875,
95.799999999999997,3.8221359252929688,
95.900000000000006,3.405670166015625,
96,3.129730224609375,
96.099999999999994,2.9253311157226562,
96.200000000000003,2.7209320068359375,
96.299999999999997,2.5727462768554688,
96.400000000000006,2.4705429077148438,
96.5,2.347900390625,
96.599999999999994,2.2227096557617188,
96.700000000000003,2.174163818359375,
96.799999999999997,2.2150421142578125,
96.900000000000006,2.2686996459960938,
97,2.2457046508789062,
97.099999999999994,2.2124862670898438,
97.200000000000003,2.2814712524414062,
97.299999999999997,2.3990020751953125,
97.400000000000006,2.4654312133789062,
97.5,2.4705429077148438,
97.599999999999994,2.4654312133789062,
97.700000000000003,2.4730987548828125,
97.799999999999997,2.5318603515625,
97.900000000000006,2.6493911743164062,
98,2.7464828491210938,
98.099999999999994,2.761810302734375,
98.200000000000003,2.7234878540039062,
98.299999999999997,2.6928253173828125,
98.400000000000006,2.6800537109375,
98.5,2.690277099609375,
98.599999999999994,2.7413711547851562,
98.700000000000003,2.864013671875,
98.799999999999997,3.0914077758789062,
98.900000000000006,3.35968017578125,
99,3.6151809692382812,
99.099999999999994,3.8502426147460938,
99.200000000000003,4.0469818115234375,
99.299999999999997,4.179840087890625,
99.400000000000006,4.2794876098632812,
99.5,4.4327850341796875,
99.599999999999994,4.6704025268554688,
99.700000000000003,4.9258956909179688,
99.799999999999997,5.1762924194335938,
99.900000000000006,5.4266815185546875,
100,5.6770706176757812,8.3410558700561523
100.09999999999999,5.945343017578125,
100.2,6.3796920776367188,
100.3,6.8881378173828125,
100.40000000000001,7.2177352905273438,
100.5,7.3608169555664062,
100.59999999999999,7.3940277099609375,
100.7,7.434906005859375,
100.8,7.5319976806640625,
100.90000000000001,7.6239776611328125,
101,7.6801910400390625,
101.09999999999999,7.6444168090820312,
101.2,7.526885986328125,
101.3,7.3965835571289062,
101.40000000000001,7.1947402954101562,
101.5,6.9699020385742188,
101.59999999999999,6.7808303833007812,
101.7,6.6198654174804688,
101.8,6.5074462890625,
101.90000000000001,6.433349609375,
102,6.3745803833007812,
102.09999999999999,6.3285903930664062,
102.2,6.2570571899414062,
102.3,6.1599655151367188,
102.40000000000001,6.0730972290039062,
102.5,5.9938888549804688,
102.59999999999999,5.8967971801757812,
102.7,5.7818222045898438,
102.8,5.6745147705078125,
102.90000000000001,5.5697555541992188,
103,5.4726715087890625,
103.09999999999999,5.3883514404296875,
103.2,5.2887115478515625,
103.3,5.1839523315429688,
103.40000000000001,5.117523193359375,
103.5,5.007659912109375,
103.59999999999999,4.7700424194335938,
103.7,4.4608917236328125,
103.8,4.1568450927734375,
103.90000000000001,3.829803466796875,
104,3.479766845703125,
104.09999999999999,3.2114944458007812,
104.2,3.0352020263671875,
104.3,2.8946762084960938,
104.40000000000001,2.761810302734375,
104.5,2.6417312622070312,
104.59999999999999,2.5318603515625,
104.7,2.43988037109375,
104.8,2.3632354736328125,
104.90000000000001,2.2712554931640625,
105,2.192047119140625,
105.09999999999999,2.1307296752929688,
105.2,2.0617446899414062,
105.3,1.9850921630859375,
105.40000000000001,1.92633056640625,
105.5,1.916107177734375,
105.59999999999999,1.9058914184570312,
105.7,1.8777847290039062,
105.8,1.8726730346679688,
105.90000000000001,1.880340576171875,
106,1.8905563354492188,
106.09999999999999,1.9186630249023438,
106.2,1.9569854736328125,
106.3,1.9442138671875,
106.40000000000001,1.9033355712890625,
106.5,1.88800048828125,
106.59999999999999,1.898223876953125,
106.7,1.9314422607421875,
106.8,1.972320556640625,
106.90000000000001,2.00042724609375,
107,2.0438613891601562,
107.09999999999999,2.1537246704101562,
107.2,2.2968063354492188,
107.3,2.393890380859375,
107.40000000000001,2.485870361328125,
107.5,2.6315078735351562,
107.59999999999999,2.8154678344726562,
107.7,3.0096511840820312,
107.8,3.2447052001953125,
107.90000000000001,3.5002059936523438,
108,3.6969451904296875,
108.09999999999999,3.8553543090820312,
108.2,4.0009918212890625,
108.3,4.0520858764648438,
108.40000000000001,4.0214309692382812,
108.5,3.94989013671875,
108.59999999999999,3.8068084716796875,
108.7,3.6816177368164062,
108.8,3.6739501953125,
108.90000000000001,3.6816177368164062,
109,3.6356277465820312,
109.09999999999999,3.5972976684570312,
109.2,3.5232009887695312,
109.3,3.4235610961914062,
109.40000000000001,3.3494644165039062,
109.5,3.2906951904296875,
109.59999999999999,3.24981689453125,
109.7,3.1808319091796875,
109.8,3.058197021484375,
109.90000000000001,2.9253311157226562,
110,2.8052520751953125,9.9833612442016602
110.09999999999999,2.6570587158203125,
110.2,2.4577713012695312,
110.3,2.301910400390625,
110.40000000000001,2.22015380859375,
110.5,2.1613922119140625,
110.59999999999999,2.117950439453125,
110.7,2.1026229858398438,
110.8,2.0847396850585938,
110.90000000000001,2.0694122314453125,
111,2.03619384765625,
111.09999999999999,2.0131988525390625,
111.2,2.0208663940429688,
111.3,1.96209716796875,
111.40000000000001,1.8752288818359375,
111.5,1.8317947387695312,
111.59999999999999,1.8139114379882812,
111.7,1.81646728515625,
111.8,1.8905563354492188,
111.90000000000001,2.03619384765625,
112,2.1767196655273438,
112.09999999999999,2.3657913208007812,
112.2,2.6034011840820312,
112.3,2.800140380859375,
112.40000000000001,2.9483261108398438,
112.5,3.0811920166015625,
112.59999999999999,3.2370452880859375,
112.7,3.4465560913085938,
112.8,3.702056884765625,
112.90000000000001,3.9473342895507812,
113,4.1670608520507812,
113.09999999999999,4.3714675903320312,
113.2,4.5707550048828125,
113.3,4.749603271484375,
113.40000000000001,4.8722457885742188,
113.5,4.961669921875,
113.59999999999999,5.0587615966796875,
113.7,5.1507415771484375,
113.8,5.2197265625,
113.90000000000001,5.2529373168945312,
114,5.2682723999023438,
114.09999999999999,5.301483154296875,
114.2,5.3730239868164062,
114.3,5.439453125,
114.40000000000001,5.4624481201171875,
114.5,5.467559814453125,
114.59999999999999,5.4420089721679688,
114.7,5.3909072875976562,
114.8,5.3449172973632812,
114.90000000000001,5.2938156127929688,
115,5.2324981689453125,
115.09999999999999,5.1584014892578125,
115.2,5.0689773559570312,
115.3,4.9642257690429688,
115.40000000000001,4.8083724975585938,
115.5,4.6244125366210938,
115.59999999999999,4.4608917236328125,
115.7,4.3229217529296875,
115.8,4.225830078125,
115.90000000000001,4.1466217041015625,
116,4.05975341796875,
116.09999999999999,3.9626617431640625,
116.2,3.847686767578125,
116.3,3.7276077270507812,
116.40000000000001,3.610076904296875,
116.5,3.4951019287109375,
116.59999999999999,3.341796875,
116.7,3.168060302734375,
116.8,3.03009033203125,
116.90000000000001,2.945770263671875,
117,2.8895645141601562,
117.09999999999999,2.8129119873046875,
117.2,2.7285995483398438,
117.3,2.6723861694335938,
117.40000000000001,2.6366195678710938,
117.5,2.60595703125,
117.59999999999999,2.5727462768554688,
117.7,2.5293121337890625,
117.8,2.4373321533203125,
117.90000000000001,2.3325729370117188,
118,2.266143798828125,
118.09999999999999,2.2354812622070312,
118.2,2.22015380859375,
118.3,2.2124862670898438,
118.40000000000001,2.22015380859375,
118.5,2.3555679321289062,
118.59999999999999,2.5727462768554688,
118.7,2.6570587158203125,
118.8,2.6391754150390625,
118.90000000000001,2.6263961791992188,
119,2.577850341796875,
119.09999999999999,2.4909820556640625,
119.2,2.432220458984375,
119.3,2.414337158203125,
119.40000000000001,2.3990020751953125,
119.5,2.3632354736328125,
119.59999999999999,2.3376846313476562,
119.7,2.3198013305664062,
119.8,2.29425048828125,
119.90000000000001,2.2763671875,
120,2.2584762573242188,6.1037640571594238
120.09999999999999,2.2175979614257812,
120.2,2.174163818359375,
120.3,2.1588363647460938,
120.40000000000001,2.1664962768554688,
120.5,2.18438720703125,
120.59999999999999,2.2048263549804688,
120.7,2.2252655029296875,
120.8,2.2457046508789062,
120.90000000000001,2.2635879516601562,
121,2.2789154052734375,
121.09999999999999,2.2763671875,
121.2,2.2022705078125,
121.3,2.1154022216796875,
121.40000000000001,2.2124862670898438,
121.5,2.5216445922851562,
121.59999999999999,2.8691253662109375,
121.7,3.1655044555664062,
121.8,3.4593276977539062,
121.90000000000001,3.7250518798828125,
122,3.9473342895507812,
122.09999999999999,4.1849517822265625,
122.2,4.4097900390625,
122.3,4.583526611328125,
122.40000000000001,4.7649307250976562,
122.5,4.9744415283203125,
122.59999999999999,5.0919723510742188,
122.7,5.181396484375,
122.8,5.3960189819335938,
122.90000000000001,5.6183013916015625,
123,5.67962646484375,
123.09999999999999,5.4701156616210938,
123.2,5.1021957397460938,
123.3,4.7521591186523438,
123.40000000000001,4.4174575805664062,
123.5,4.1389617919921875,
123.59999999999999,3.9320068359375,
123.7,3.7301559448242188,
123.8,3.5308685302734375,
123.90000000000001,3.3571319580078125,
124,3.2089385986328125,
124.09999999999999,3.058197021484375,
124.2,2.88189697265625,
124.3,2.69793701171875,
124.40000000000001,2.5497512817382812,
124.5,2.4475479125976562,
124.59999999999999,2.3887863159179688,
124.7,2.3836746215820312,
124.8,2.3632354736328125,
124.90000000000001,2.3172454833984375,
125,2.284027099609375,
125.09999999999999,2.25592041015625,
125.2,2.2329254150390625,
125.3,2.2431488037109375,
125.40000000000001,2.2457046508789062,
125.5,2.2073822021484375,
125.59999999999999,2.1894912719726562,
125.7,2.209930419921875,
125.8,2.2508163452148438,
125.90000000000001,2.3274612426757812,
126,2.414337158203125,
126.09999999999999,2.4449920654296875,
126.2,2.4219970703125,
126.3,2.393890380859375,
126.40000000000001,2.376007080078125,
126.5,2.3555679321289062,
126.59999999999999,2.3274612426757812,
126.7,2.3325729370117188,
126.8,2.376007080078125,
126.90000000000001,2.3913421630859375,
127,2.38623046875,
127.09999999999999,2.3990020751953125,
127.2,2.40411376953125,
127.3,2.4117813110351562,
127.40000000000001,2.432220458984375,
127.5,2.43988037109375,
127.59999999999999,2.43988037109375,
127.7,2.4296646118164062,
127.8,2.3887863159179688,
127.90000000000001,2.3555679321289062,
128,2.3453521728515625,
128.09999999999999,2.3504562377929688,
128.19999999999999,2.36834716796875,
128.30000000000001,2.3785629272460938,
128.40000000000001,2.3836746215820312,
128.5,2.38623046875,
128.59999999999999,2.3606796264648438,
128.69999999999999,2.3325729370117188,
128.80000000000001,2.3453521728515625,
128.90000000000001,2.3555679321289062,
129,2.3453521728515625,
129.09999999999999,2.3351287841796875,
129.19999999999999,2.3249053955078125,
129.30000000000001,2.322357177734375,
129.40000000000001,2.3274612426757812,
129.5,2.3121337890625,
129.59999999999999,2.2993621826171875,
129.69999999999999,2.3121337890625,
129.80000000000001,2.3351287841796875,
129.90000000000001,2.3530120849609375,
130,2.358123779296875,5.4644808769226074
130.09999999999999,2.3427963256835938,
130.19999999999999,2.3070220947265625,
130.30000000000001,2.2738113403320312,
130.40000000000001,2.2814712524414062,
130.5,2.3070220947265625,
130.59999999999999,2.3095779418945312,
130.69999999999999,2.347900390625,
130.80000000000001,2.4730987548828125,
130.90000000000001,2.6417312622070312,
131,2.8665695190429688,
131.09999999999999,3.1246261596679688,
131.19999999999999,3.341796875,
131.30000000000001,3.5308685302734375,
131.40000000000001,3.737823486328125,
131.5,3.94989013671875,
131.59999999999999,4.1082992553710938,
131.69999999999999,4.24371337890625,
131.80000000000001,4.3791275024414062,
131.90000000000001,4.491546630859375,
132,4.5988616943359375,
132.09999999999999,4.6959457397460938,
132.19999999999999,4.767486572265625,
132.30000000000001,4.8339157104492188,
132.40000000000001,4.8901290893554688,
132.5,4.897796630859375,
132.59999999999999,4.8620223999023438,
132.69999999999999,4.7930374145507812,
132.80000000000001,4.6882858276367188,
132.90000000000001,4.565643310546875,
133,4.445556640625,
133.09999999999999,4.3408050537109375,
133.19999999999999,4.20794677734375,
133.30000000000001,4.087860107421875,
133.40000000000001,3.977996826171875,
133.5,3.8936767578125,
133.59999999999999,3.8451309204101562,
133.69999999999999,3.80169677734375,
133.80000000000001,3.748046875,
133.90000000000001,3.6969451904296875,
134,3.6688385009765625,
134.09999999999999,3.6816177368164062,
134.19999999999999,3.6995010375976562,
134.30000000000001,3.6611709594726562,
134.40000000000001,3.5768585205078125,
134.5,3.5232009887695312,
134.59999999999999,3.5053176879882812,
134.69999999999999,3.5053176879882812,
134.80000000000001,3.5027618408203125,
134.90000000000001,3.4951019287109375,
135,3.479766845703125,
135.09999999999999,3.4695510864257812,
135.19999999999999,3.4644393920898438,
135.30000000000001,3.4567718505859375,
135.40000000000001,3.4388885498046875,
135.5,3.3647918701171875,
135.59999999999999,3.260040283203125,
135.69999999999999,3.2089385986328125,
135.80000000000001,3.1987152099609375,
135.90000000000001,3.1987152099609375,
136,3.1936111450195312,
136.09999999999999,3.1961669921875,
136.19999999999999,3.2012710571289062,
136.30000000000001,3.1782760620117188,
136.40000000000001,3.1578369140625,
136.5,3.1782760620117188,
136.59999999999999,3.2166061401367188,
136.69999999999999,3.21405029296875,
136.80000000000001,3.1629486083984375,
136.90000000000001,3.1144027709960938,
137,3.10418701171875,
137.09999999999999,3.1246261596679688,
137.19999999999999,3.1425094604492188,
137.30000000000001,3.168060302734375,
137.40000000000001,3.2268218994140625,
137.5,3.2830352783203125,
137.59999999999999,3.3264694213867188,
137.69999999999999,3.3775711059570312,
137.80000000000001,3.4235610961914062,
137.90000000000001,3.4388885498046875,
138,3.4031219482421875,
138.09999999999999,3.3469085693359375,
138.19999999999999,3.3060302734375,
138.30000000000001,3.2855911254882812,
138.40000000000001,3.2983627319335938,
138.5,3.3443527221679688,
138.59999999999999,3.3903427124023438,
138.69999999999999,3.4235610961914062,
138.80000000000001,3.4669952392578125,
138.90000000000001,3.5104293823242188,
139,3.5410919189453125,
139.09999999999999,3.5691909790039062,
139.19999999999999,3.5921859741210938,
139.30000000000001,3.6330718994140625,
139.40000000000001,3.7046127319335938,
139.5,3.8068084716796875,
139.59999999999999,3.98565673828125,
139.69999999999999,4.225830078125,
139.80000000000001,4.4762191772460938,
139.90000000000001,4.7802658081054688,
140,5.1226348876953125,7.0532917976379395
140.09999999999999,5.3806915283203125,
140.19999999999999,5.3985748291015625,
140.30000000000001,5.2427215576171875,
140.40000000000001,5.2299423217773438,
140.5,5.4445648193359375,
140.59999999999999,5.7639389038085938,
140.69999999999999,6.0909805297851562,
140.80000000000001,6.3464813232421875,
140.90000000000001,6.4895553588867188,
141,6.5100021362304688,
141.09999999999999,6.4563446044921875,
141.19999999999999,6.3337020874023438,
141.30000000000001,6.1037521362304688,
141.40000000000001,5.7664947509765625,
141.5,5.3602523803710938,
141.59999999999999,4.9591140747070312,
141.69999999999999,4.6269607543945312,
141.80000000000001,4.3305816650390625,
141.90000000000001,4.0393142700195312,
142,3.7812576293945312,
142.09999999999999,3.5794143676757812,
142.19999999999999,3.387786865234375,
142.30000000000001,3.2089385986328125,
142.40000000000001,3.076080322265625,
142.5,2.9483261108398438,
142.59999999999999,2.7797012329101562,
142.69999999999999,2.6289520263671875,
142.80000000000001,2.524200439453125,
142.90000000000001,2.4552154541015625,
143,2.4271087646484375,
143.09999999999999,2.4271087646484375,
143.19999999999999,2.4347763061523438,
143.30000000000001,2.4475479125976562,
143.40000000000001,2.467987060546875,
143.5,2.5037612915039062,
143.59999999999999,2.51397705078125,
143.69999999999999,2.506317138671875,
143.80000000000001,2.4935379028320312,
143.90000000000001,2.4705429077148438,
144,2.4807662963867188,
144.09999999999999,2.51397705078125,
144.19999999999999,2.542083740234375,
144.30000000000001,2.577850341796875,
144.40000000000001,2.6263961791992188,
144.5,2.7209320068359375,
144.59999999999999,2.8512420654296875,
144.69999999999999,3.001983642578125,
144.80000000000001,3.23193359375,
144.90000000000001,3.5104293823242188,
145,3.7250518798828125,
145.09999999999999,3.8987884521484375,
145.19999999999999,4.123626708984375,
145.30000000000001,4.4200057983398438,
145.40000000000001,4.7649307250976562,
145.5,5.0740890502929688,
145.59999999999999,5.2784881591796875,
145.69999999999999,5.32958984375,
145.80000000000001,5.3883514404296875,
145.90000000000001,5.5365447998046875,
146,5.7077255249023438,
146.09999999999999,5.9530105590820312,
146.19999999999999,6.1829605102539062,
146.30000000000001,6.3260421752929688,
146.40000000000001,6.5125503540039062,
146.5,6.7629470825195312,
146.59999999999999,6.9520111083984375,
146.69999999999999,7.0388870239257812,
146.80000000000001,7.1257553100585938,
146.90000000000001,7.169189453125,
147,7.0158920288085938,
147.09999999999999,6.7297286987304688,
147.19999999999999,6.5074462890625,
147.30000000000001,6.3541412353515625,
147.40000000000001,6.1804046630859375,
147.5,6.0041122436523438,
147.59999999999999,5.8278121948242188,
147.69999999999999,5.5825347900390625,
147.80000000000001,5.2682723999023438,
147.90000000000001,4.9361190795898438,
148,4.5911941528320312,
148.09999999999999,4.2360458374023438,
148.19999999999999,3.9268951416015625,
148.30000000000001,3.6765060424804688,
148.40000000000001,3.4695510864257812,
148.5,3.2932510375976562,
148.59999999999999,3.1322860717773438,
148.69999999999999,2.9994277954101562,
148.80000000000001,2.8844528198242188,
148.90000000000001,2.80780029296875,
149,2.818023681640625,
149.09999999999999,2.8895645141601562,
149.19999999999999,2.9151153564453125,
149.30000000000001,2.80780029296875,
149.40000000000001,2.6596145629882812,
149.5,2.5829620361328125,
149.59999999999999,2.4577713012695312,
149.69999999999999,2.2814712524414062,
149.80000000000001,2.156280517578125,
149.90000000000001,2.100067138671875,
150,2.0438613891601562,7.5376882553100586
150.09999999999999,1.9135513305664062,
150.19999999999999,1.788360595703125,
150.30000000000001,1.74237060546875,
150.40000000000001,1.77813720703125,
150.5,1.81646728515625,
150.59999999999999,1.7960205078125,
150.69999999999999,1.7832489013671875,
150.80000000000001,1.8087997436523438,
150.90000000000001,1.8471221923828125,
151,1.8956680297851562,
151.09999999999999,1.9697647094726562,
151.19999999999999,2.046417236328125,
151.30000000000001,2.11029052734375,
151.40000000000001,2.1767196655273438,
151.5,2.238037109375,
151.59999999999999,2.2865829467773438,
151.69999999999999,2.3121337890625,
151.80000000000001,2.3095779418945312,
151.90000000000001,2.3044662475585938,
152,2.2916946411132812,
152.09999999999999,2.25592041015625,
152.19999999999999,2.2175979614257812,
152.30000000000001,2.1971588134765625,
152.40000000000001,2.174163818359375,
152.5,2.156280517578125,
152.59999999999999,2.1537246704101562,
152.69999999999999,2.1358413696289062,
152.80000000000001,2.0898513793945312,
152.90000000000001,2.0310821533203125,
153,1.97998046875,
153.09999999999999,1.9493255615234375,
153.19999999999999,1.9416580200195312,
153.30000000000001,1.9646530151367188,
153.40000000000001,1.9927597045898438,
153.5,2.00042724609375,
153.59999999999999,2.0029754638671875,
153.69999999999999,2.018310546875,
153.80000000000001,2.0310821533203125,
153.90000000000001,2.0515213012695312,
154,2.0975112915039062,
154.09999999999999,2.128173828125,
154.19999999999999,2.1537246704101562,
154.30000000000001,2.22015380859375,
154.40000000000001,2.301910400390625,
154.5,2.3811187744140625,
154.59999999999999,2.4373321533203125,
154.69999999999999,2.467987060546875,
154.80000000000001,2.4884262084960938,
154.90000000000001,2.506317138671875,
155,2.5165328979492188,
155.09999999999999,2.506317138671875,
155.19999999999999,2.4654312133789062,
155.30000000000001,2.3964462280273438,
155.40000000000001,2.3427963256835938,
155.5,2.3146896362304688,
155.59999999999999,2.3044662475585938,
155.69999999999999,2.3070220947265625,
155.80000000000001,2.322357177734375,
155.90000000000001,2.3504562377929688,
156,2.38623046875,
156.09999999999999,2.4194412231445312,
156.19999999999999,2.4654312133789062,
156.30000000000001,2.49609375,
156.40000000000001,2.4909820556640625,
156.5,2.4935379028320312,
156.59999999999999,2.4986495971679688,
156.69999999999999,2.506317138671875,
156.80000000000001,2.524200439453125,
156.90000000000001,2.5318603515625,
157,2.5088653564453125,
157.09999999999999,2.4935379028320312,
157.19999999999999,2.4935379028320312,
157.30000000000001,2.4935379028320312,
157.40000000000001,2.4654312133789062,
157.5,2.414337158203125,
157.59999999999999,2.3811187744140625,
157.69999999999999,2.3811187744140625,
157.80000000000001,2.3990020751953125,
157.90000000000001,2.4168853759765625,
158,2.4271087646484375,
158.09999999999999,2.4373321533203125,
158.19999999999999,2.4449920654296875,
158.30000000000001,2.4603271484375,
158.40000000000001,2.4705429077148438,
158.5,2.432220458984375,
158.59999999999999,2.3555679321289062,
158.69999999999999,2.29425048828125,
158.80000000000001,2.2610321044921875,
158.90000000000001,2.248260498046875,
159,2.2431488037109375,
159.09999999999999,2.2457046508789062,
159.19999999999999,2.25592041015625,
159.30000000000001,2.2814712524414062,
159.40000000000001,2.3146896362304688,
159.5,2.3504562377929688,
159.59999999999999,2.3734512329101562,
159.69999999999999,2.3708953857421875,
159.80000000000001,2.347900390625,
159.90000000000001,2.3249053955078125,
160,2.3351287841796875,8.3333339691162109
160.09999999999999,2.3657913208007812,
160.19999999999999,2.3811187744140625,
160.30000000000001,2.3887863159179688,
160.40000000000001,2.40411376953125,
160.5,2.4194412231445312,
160.59999999999999,2.4194412231445312,
160.69999999999999,2.4194412231445312,
160.80000000000001,2.4066696166992188,
160.90000000000001,2.393890380859375,
161,2.4884262084960938,
161.09999999999999,2.7515945434570312,
161.19999999999999,3.0888519287109375,
161.30000000000001,3.4925460815429688,
161.40000000000001,3.9652175903320312,
161.5,4.5324325561523438,
161.59999999999999,5.1609573364257812,
161.69999999999999,5.5850906372070312,
161.80000000000001,5.807373046875,
161.90000000000001,5.9862213134765625,
162,6.0117721557617188,
162.09999999999999,5.9530105590820312,
162.19999999999999,6.0603179931640625,
162.30000000000001,6.3158187866210938,
162.40000000000001,6.5662078857421875,
162.5,6.6939620971679688,
162.59999999999999,6.74505615234375,
162.69999999999999,6.8089370727539062,
162.80000000000001,6.89324951171875,
162.90000000000001,7.0235519409179688,
163,7.2177352905273438,
163.09999999999999,7.4655685424804688,
163.19999999999999,7.7082901000976562,
163.30000000000001,7.9280242919921875,
163.40000000000001,8.1145401000976562,
163.5,8.2039642333984375,
163.59999999999999,8.0966567993164062,
163.69999999999999,7.8334884643554688,
163.80000000000001,7.4962310791015625,
163.90000000000001,7.15130615234375,
164,6.80126953125,
164.09999999999999,6.423126220703125,
164.19999999999999,6.0858688354492188,
164.30000000000001,5.7741622924804688,
164.40000000000001,5.439453125,
164.5,5.081756591796875,
164.59999999999999,4.7291641235351562,
164.69999999999999,4.4046783447265625,
164.80000000000001,4.0955276489257812,
164.90000000000001,3.8451309204101562,
165,3.6330718994140625,
165.09999999999999,3.3775711059570312,
165.19999999999999,3.1092910766601562,
165.30000000000001,2.8614578247070312,
165.40000000000001,2.6212921142578125,
165.5,2.4015579223632812,
165.59999999999999,2.230377197265625,
165.69999999999999,2.1077346801757812,
165.80000000000001,2.025970458984375,
165.90000000000001,1.972320556640625,
166,1.9212188720703125,
166.09999999999999,1.880340576171875,
166.19999999999999,1.8675613403320312,
166.30000000000001,1.8573455810546875,
166.40000000000001,1.8215713500976562,
166.5,1.7909164428710938,
166.59999999999999,1.7858047485351562,
166.69999999999999,1.7858047485351562,
166.80000000000001,1.77813720703125,
166.90000000000001,1.7806930541992188,
167,1.8011322021484375,
167.09999999999999,1.8190155029296875,
167.19999999999999,1.8369064331054688,
167.30000000000001,1.8650054931640625,
167.40000000000001,1.8931121826171875,
167.5,1.9007797241210938,
167.59999999999999,1.8777847290039062,
167.69999999999999,1.85223388671875,
167.80000000000001,1.8445663452148438,
167.90000000000001,1.85223388671875,
168,1.8650054931640625,
168.09999999999999,1.8675613403320312,
168.19999999999999,1.8599014282226562,
168.30000000000001,1.8445663452148438,
168.40000000000001,1.8215713500976562,
168.5,1.8087997436523438,
168.59999999999999,1.8087997436523438,
168.69999999999999,1.7934722900390625,
168.80000000000001,1.7679214477539062,
168.90000000000001,1.7628097534179688,
169,1.7934722900390625,
169.09999999999999,1.8394622802734375,
169.19999999999999,1.880340576171875,
169.30000000000001,1.908447265625,
169.40000000000001,1.9314422607421875,
169.5,1.9442138671875,
169.59999999999999,1.96209716796875,
169.69999999999999,2.0387496948242188,
169.80000000000001,2.1588363647460938,
169.90000000000001,2.2533721923828125,
170,2.340240478515625,5.3238687515258789
170.09999999999999,2.450103759765625,
170.19999999999999,2.577850341796875,
170.30000000000001,2.7183761596679688,
170.40000000000001,2.8589019775390625,
170.5,2.9994277954101562,
170.59999999999999,3.1655044555664062,
170.69999999999999,3.3443527221679688,
170.80000000000001,3.5257568359375,
170.90000000000001,3.6943893432617188,
171,3.8246917724609375,
171.09999999999999,3.94989013671875,
171.19999999999999,4.07763671875,
171.30000000000001,4.197723388671875,
171.40000000000001,4.2999267578125,
171.5,4.345916748046875,
171.59999999999999,4.3126983642578125,
171.69999999999999,4.2641525268554688,
171.80000000000001,4.2181625366210938,
171.90000000000001,4.13385009765625,
172,4.0086517333984375,
172.09999999999999,3.903900146484375,
172.19999999999999,3.8374710083007812,
172.30000000000001,3.7914810180664062,
172.40000000000001,3.7506027221679688,
172.5,3.702056884765625,
172.59999999999999,3.6535110473632812,
172.69999999999999,3.61773681640625,
172.80000000000001,3.5768585205078125,
172.90000000000001,3.4976577758789062,
173,3.4210052490234375,
173.09999999999999,3.3928985595703125,
173.19999999999999,3.3903427124023438,
173.30000000000001,3.3852310180664062,
173.40000000000001,3.3673477172851562,
173.5,3.3443527221679688,
173.59999999999999,3.32391357421875,
173.69999999999999,3.313690185546875,
173.80000000000001,3.3188018798828125,
173.90000000000001,3.3085861206054688,
174,3.260040283203125,
174.09999999999999,3.1833877563476562,
174.19999999999999,3.13995361328125,
174.30000000000001,3.1322860717773438,
174.40000000000001,3.1425094604492188,
174.5,3.1552810668945312,
174.59999999999999,3.1578369140625,
174.69999999999999,3.1629486083984375,
174.80000000000001,3.1782760620117188,
174.90000000000001,3.1884994506835938,
175,3.1808319091796875,
175.09999999999999,3.1603927612304688,
175.19999999999999,3.111846923828125,
175.30000000000001,3.0428619384765625,
175.40000000000001,2.9892120361328125,
175.5,2.973876953125,
175.59999999999999,2.973876953125,
175.69999999999999,2.973876953125,
175.80000000000001,2.9687652587890625,
175.90000000000001,2.966217041015625,
176,2.9636611938476562,
176.09999999999999,2.9636611938476562,
176.19999999999999,2.9636611938476562,
176.30000000000001,2.966217041015625,
176.40000000000001,2.9432220458984375,
176.5,2.8946762084960938,
176.59999999999999,2.853790283203125,
176.69999999999999,2.8486862182617188,
176.80000000000001,2.8665695190429688,
176.90000000000001,2.8716812133789062,
177,2.8665695190429688,
177.09999999999999,2.8589019775390625,
177.19999999999999,2.8512420654296875,
177.30000000000001,2.8512420654296875,
177.40000000000001,2.8563461303710938,
177.5,2.864013671875,
177.59999999999999,2.84613037109375,
177.69999999999999,2.80780029296875,
177.80000000000001,2.782257080078125,
177.90000000000001,2.7694778442382812,
178,2.7669219970703125,
178.09999999999999,2.7669219970703125,
178.19999999999999,2.754150390625,
178.30000000000001,2.73626708984375,
178.40000000000001,2.7209320068359375,
178.5,2.708160400390625,
178.59999999999999,2.7285995483398438,
178.69999999999999,2.7924728393554688,
178.80000000000001,2.853790283203125,
178.90000000000001,2.892120361328125,
179,2.9381103515625,
179.09999999999999,3.0479736328125,
179.19999999999999,3.2830352783203125,
179.30000000000001,3.58197021484375,
179.40000000000001,3.8630218505859375,
179.5,4.1364059448242188,
179.59999999999999,4.399566650390625,
179.69999999999999,4.657623291015625,
179.80000000000001,4.8901290893554688,
179.90000000000001,5.0306549072265625,
180,5.1660690307617188,3.6363635063171387
180.09999999999999,5.3730239868164062,
180.19999999999999,5.577423095703125,
180.30000000000001,5.71539306640625,
180.40000000000001,5.6591873168945312,
180.5,5.4471206665039062,
180.59999999999999,5.209503173828125,
180.69999999999999,4.951446533203125,
180.80000000000001,4.70361328125,
180.90000000000001,4.4762191772460938,
181,4.197723388671875,
181.09999999999999,3.9166717529296875,
181.19999999999999,3.7250518798828125,
181.30000000000001,3.5972976684570312,
181.40000000000001,3.4542160034179688,
181.5,3.3009185791015625,
181.59999999999999,3.1629486083984375,
181.69999999999999,3.037750244140625,
181.80000000000001,2.927886962890625,
181.90000000000001,2.8333511352539062,
182,2.7234878540039062,
182.09999999999999,2.5931854248046875,
182.19999999999999,2.4935379028320312,
182.30000000000001,2.4347763061523438,
182.40000000000001,2.3913421630859375,
182.5,2.3504562377929688,
182.59999999999999,2.3198013305664062,
182.69999999999999,2.2916946411132812,
182.80000000000001,2.284027099609375,
182.90000000000001,2.2891387939453125,
183,2.29425048828125,
183.09999999999999,2.29425048828125,
183.19999999999999,2.2686996459960938,
183.30000000000001,2.2252655029296875,
183.40000000000001,2.2048263549804688,
183.5,2.2048263549804688,
183.59999999999999,2.209930419921875,
183.69999999999999,2.2124862670898438,
183.80000000000001,2.2124862670898438,
183.90000000000001,2.2150421142578125,
184,2.2278213500976562,
184.09999999999999,2.2405929565429688,
184.19999999999999,2.2533721923828125,
184.30000000000001,2.2508163452148438,
184.40000000000001,2.2124862670898438,
184.5,2.1664962768554688,
184.59999999999999,2.1332855224609375,
184.69999999999999,2.100067138671875,
184.80000000000001,2.0745162963867188,
184.90000000000001,2.064300537109375,
185,2.0566329956054688,
185.09999999999999,2.0438613891601562,
185.19999999999999,2.0310821533203125,
185.30000000000001,2.03619384765625,
185.40000000000001,2.0515213012695312,
185.5,2.03619384765625,
185.59999999999999,1.9978713989257812,
185.69999999999999,1.9774322509765625,
185.80000000000001,1.9442138671875,
185.90000000000001,1.9109954833984375,
186,1.9288864135742188,
186.09999999999999,1.9876480102539062,
186.19999999999999,2.0413055419921875,
186.30000000000001,2.0694122314453125,
186.40000000000001,2.0898513793945312,
186.5,2.1230621337890625,
186.59999999999999,2.1332855224609375,
186.69999999999999,2.1026229858398438,
186.80000000000001,2.0770721435546875,
186.90000000000001,2.0847396850585938,
187,2.0949554443359375,
187.09999999999999,2.0924072265625,
187.19999999999999,2.1051788330078125,
187.30000000000001,2.1307296752929688,
187.40000000000001,2.138397216796875,
187.5,2.1435012817382812,
187.59999999999999,2.1511688232421875,
187.69999999999999,2.128173828125,
187.80000000000001,2.0924072265625,
187.90000000000001,2.1230621337890625,
188,2.238037109375,
188.09999999999999,2.3913421630859375,
188.19999999999999,2.577850341796875,
188.30000000000001,2.7950286865234375,
188.40000000000001,3.0147552490234375,
188.5,3.23193359375,
188.59999999999999,3.4593276977539062,
188.69999999999999,3.7148284912109375,
188.80000000000001,3.9550018310546875,
188.90000000000001,4.1568450927734375,
189,4.3944625854492188,
189.09999999999999,4.713836669921875,
189.19999999999999,5.0689773559570312,
189.30000000000001,5.3602523803710938,
189.40000000000001,5.5391006469726562,
189.5,5.6949539184570312,
189.59999999999999,5.8865814208984375,
189.69999999999999,6.04754638671875,
189.80000000000001,6.1395263671875,
189.90000000000001,6.2289505004882812,
190,6.34136962890625,4.5283017158508301
190.09999999999999,6.405242919921875,
190.19999999999999,6.405242919921875,
190.30000000000001,6.3464813232421875,
190.40000000000001,6.1880722045898438,
190.5,5.9197921752929688,
190.59999999999999,5.7511672973632812,
190.69999999999999,5.7741622924804688,
190.80000000000001,5.7537155151367188,
190.90000000000001,5.6285247802734375,
191,5.4317855834960938,
191.09999999999999,5.1379623413085938,
191.19999999999999,4.7751541137695312,
191.30000000000001,4.4430007934570312,
191.40000000000001,4.1951675415039062,
191.5,3.9268951416015625,
191.59999999999999,3.6126327514648438,
191.69999999999999,3.3009185791015625,
191.80000000000001,3.0147552490234375,
191.90000000000001,2.8052520751953125,
192,2.6800537109375,
192.09999999999999,2.6034011840820312,
192.19999999999999,2.49609375,
192.30000000000001,2.3249053955078125,
192.40000000000001,2.1767196655273438,
192.5,2.0975112915039062,
192.59999999999999,2.0745162963867188,
192.69999999999999,2.0847396850585938,
192.80000000000001,2.0387496948242188,
192.90000000000001,1.9646530151367188,
193,1.9416580200195312,
193.09999999999999,1.933990478515625,
193.19999999999999,1.933990478515625,
193.30000000000001,1.9493255615234375,
193.40000000000001,1.9953155517578125,
193.5,2.025970458984375,
193.59999999999999,2.0285263061523438,
193.69999999999999,2.0745162963867188,
193.80000000000001,2.1332855224609375,
193.90000000000001,2.128173828125,
194,2.0924072265625,
194.09999999999999,2.0847396850585938,
194.19999999999999,2.0668563842773438,
194.30000000000001,2.0668563842773438,
194.40000000000001,2.1128463745117188,
194.5,2.156280517578125,
194.59999999999999,2.2916946411132812,
194.69999999999999,2.5344161987304688,
194.80000000000001,2.8103561401367188,
194.90000000000001,3.2166061401367188,
195,3.610076904296875,
195.09999999999999,3.8195877075195312,
195.19999999999999,4.0214309692382812,
195.30000000000001,4.2769317626953125,
195.40000000000001,4.4864425659179688,
195.5,4.6729507446289062,
195.59999999999999,4.9182357788085938,
195.69999999999999,5.1303024291992188,
195.80000000000001,5.2580490112304688,
195.90000000000001,5.3832473754882812,
196,5.5109939575195312,
196.09999999999999,5.5748672485351562,
196.19999999999999,5.5263214111328125,
196.30000000000001,5.4931106567382812,
196.40000000000001,5.4164581298828125,
196.5,4.9923324584960938,
196.59999999999999,4.5324325561523438,
196.69999999999999,4.2973709106445312,
196.80000000000001,3.995880126953125,
196.90000000000001,3.599853515625,
197,3.3034744262695312,
197.09999999999999,3.0786361694335938,
197.19999999999999,2.8052520751953125,
197.30000000000001,2.5701904296875,
197.40000000000001,2.4654312133789062,
197.5,2.4271087646484375,
197.59999999999999,2.3887863159179688,
197.69999999999999,2.3376846313476562,
197.80000000000001,2.2865829467773438,
197.90000000000001,2.2533721923828125,
198,2.2124862670898438,
198.09999999999999,2.1664962768554688,
198.19999999999999,2.1409454345703125,
198.30000000000001,2.1511688232421875,
198.40000000000001,2.1767196655273438,
198.5,2.1869354248046875,
198.59999999999999,2.192047119140625,
198.69999999999999,2.1997146606445312,
198.80000000000001,2.2048263549804688,
198.90000000000001,2.2022705078125,
199,2.1716079711914062,
199.09999999999999,2.128173828125,
199.19999999999999,2.0872955322265625,
199.30000000000001,2.0413055419921875,
199.40000000000001,2.008087158203125,
199.5,2.008087158203125,
199.59999999999999,2.03619384765625,
199.69999999999999,2.07196044921875,
199.80000000000001,2.100067138671875,
199.90000000000001,2.117950439453125,
200,2.1205062866210938,7.3230271339416504
200.09999999999999,2.11029052734375,
200.19999999999999,2.100067138671875,
200.30000000000001,2.0898513793945312,
200.40000000000001,2.0694122314453125,
200.5,2.0310821533203125,
200.59999999999999,1.9978713989257812,
200.69999999999999,1.9927597045898438,
200.80000000000001,2.0106430053710938,
200.90000000000001,2.046417236328125,
201,2.082183837890625,
201.09999999999999,2.1051788330078125,
201.19999999999999,2.1077346801757812,
201.30000000000001,2.1051788330078125,
201.40000000000001,2.11029052734375,
201.5,2.0975112915039062,
201.59999999999999,2.0591888427734375,
201.69999999999999,2.0310821533203125,
201.80000000000001,2.0336380004882812,
201.90000000000001,2.0515213012695312,
202,2.064300537109375,
202.09999999999999,2.0770721435546875,
202.19999999999999,2.0847396850585938,
202.30000000000001,2.0898513793945312,
202.40000000000001,2.0949554443359375,
202.5,2.1051788330078125,
202.59999999999999,2.117950439453125,
202.69999999999999,2.1205062866210938,
202.80000000000001,2.1026229858398438,
202.90000000000001,2.0694122314453125,
203,2.0515213012695312,
203.09999999999999,2.0566329956054688,
203.19999999999999,2.0770721435546875,
203.30000000000001,2.0898513793945312,
203.40000000000001,2.0949554443359375,
203.5,2.1051788330078125,
203.59999999999999,2.1256179809570312,
203.69999999999999,2.1358413696289062,
203.80000000000001,2.1486129760742188,
203.90000000000001,2.1435012817382812,
204,2.11029052734375,
204.09999999999999,2.082183837890625,
204.19999999999999,2.0770721435546875,
204.30000000000001,2.128173828125,
204.40000000000001,2.209930419921875,
204.5,2.2686996459960938,
204.59999999999999,2.3504562377929688,
204.69999999999999,2.559967041015625,
204.80000000000001,2.8972320556640625,
204.90000000000001,3.2370452880859375,
205,3.5129852294921875,
205.09999999999999,3.7429351806640625,
205.19999999999999,3.9831008911132812,
205.30000000000001,4.31781005859375,
205.40000000000001,4.731719970703125,
205.5,5.1558456420898438,
205.59999999999999,5.5442123413085938,
205.69999999999999,5.8865814208984375,
205.80000000000001,6.221282958984375,
205.90000000000001,6.52532958984375,
206,6.7220611572265625,
206.09999999999999,6.8728103637695312,
206.19999999999999,7.0797653198242188,
206.30000000000001,7.3301544189453125,
206.40000000000001,7.5524368286132812,
206.5,7.6776351928710938,
206.59999999999999,7.7261810302734375,
206.69999999999999,7.5933151245117188,
206.80000000000001,7.2126235961914062,
206.90000000000001,6.7782745361328125,
207,6.3899154663085938,
207.09999999999999,6.0041122436523438,
207.19999999999999,5.6259689331054688,
207.30000000000001,5.2503814697265625,
207.40000000000001,4.8824615478515625,
207.5,4.5324325561523438,
207.59999999999999,4.2002792358398438,
207.69999999999999,3.85791015625,
207.80000000000001,3.489990234375,
207.90000000000001,3.1731719970703125,
208,2.9483261108398438,
208.09999999999999,2.7745895385742188,
208.19999999999999,2.6212921142578125,
208.30000000000001,2.4884262084960938,
208.40000000000001,2.3836746215820312,
208.5,2.3095779418945312,
208.59999999999999,2.2610321044921875,
208.69999999999999,2.2175979614257812,
208.80000000000001,2.1869354248046875,
208.90000000000001,2.1639404296875,
209,2.1230621337890625,
209.09999999999999,2.082183837890625,
209.19999999999999,2.064300537109375,
209.30000000000001,2.025970458984375,
209.40000000000001,1.9978713989257812,
209.5,2.018310546875,
209.59999999999999,2.0489654541015625,
209.69999999999999,2.0566329956054688,
209.80000000000001,2.0566329956054688,
209.90000000000001,2.0515213012695312,
210,1.9953155517578125,6.8545317649841309
210.09999999999999,1.9391021728515625,
210.19999999999999,1.9186630249023438,
210.30000000000001,1.9212188720703125,
210.40000000000001,1.9416580200195312,
210.5,1.954437255859375,
210.59999999999999,1.9774322509765625,
210.69999999999999,2.0029754638671875,
210.80000000000001,2.0157546997070312,
210.90000000000001,2.0285263061523438,
211,2.046417236328125,
211.09999999999999,2.0617446899414062,
211.19999999999999,2.0694122314453125,
211.30000000000001,2.0668563842773438,
211.40000000000001,2.046417236328125,
211.5,2.0234222412109375,
211.59999999999999,2.0157546997070312,
211.69999999999999,2.0208663940429688,
211.80000000000001,2.0387496948242188,
211.90000000000001,2.0438613891601562,
212,2.0336380004882812,
212.09999999999999,2.0413055419921875,
212.19999999999999,2.07196044921875,
212.30000000000001,2.1051788330078125,
212.40000000000001,2.1332855224609375,
212.5,2.14605712890625,
212.59999999999999,2.1205062866210938,
212.69999999999999,2.0847396850585938,
212.80000000000001,2.0540771484375,
212.90000000000001,2.0438613891601562,
213,2.07196044921875,
213.09999999999999,2.1486129760742188,
213.19999999999999,2.2635879516601562,
213.30000000000001,2.4219970703125,
213.40000000000001,2.651947021484375,
213.5,2.8767852783203125,
213.59999999999999,3.0862960815429688,
213.69999999999999,3.3085861206054688,
213.80000000000001,3.5564193725585938,
213.90000000000001,3.8553543090820312,
214,4.1900558471679688,
214.09999999999999,4.5886383056640625,
214.19999999999999,5.0919723510742188,
214.30000000000001,5.6949539184570312,
214.40000000000001,6.3183746337890625,
214.5,6.939239501953125,
214.59999999999999,7.526885986328125,
214.69999999999999,7.9254684448242188,
214.80000000000001,8.170745849609375,
214.90000000000001,8.36492919921875,
215,8.5923233032226562,
215.09999999999999,8.9832382202148438,
215.19999999999999,9.4482498168945312,
215.30000000000001,9.7752914428710938,
215.40000000000001,10.081886291503906,
215.5,10.549453735351562,
215.59999999999999,10.994026184082031,
215.69999999999999,11.438591003417969,
215.80000000000001,12.113113403320312,
215.90000000000001,12.892387390136719,
216,13.467262268066406,
216.09999999999999,13.748313903808594,
216.19999999999999,13.587348937988281,
216.30000000000001,12.997146606445312,
216.40000000000001,12.156547546386719,
216.5,11.183090209960938,
216.59999999999999,10.324615478515625,
216.69999999999999,9.6781997680664062,
216.80000000000001,9.10076904296875,
216.90000000000001,8.4901275634765625,
217,7.9918975830078125,
217.09999999999999,7.5064468383789062,
217.19999999999999,6.8804702758789062,
217.30000000000001,6.277496337890625,
217.40000000000001,5.761383056640625,
217.5,5.2324981689453125,
217.59999999999999,4.6806182861328125,
217.69999999999999,4.1900558471679688,
217.80000000000001,3.7914810180664062,
217.90000000000001,3.50787353515625,
218,3.295806884765625,
218.09999999999999,3.0888519287109375,
218.19999999999999,2.892120361328125,
218.30000000000001,2.7234878540039062,
218.40000000000001,2.6212921142578125,
218.5,2.55230712890625,
218.59999999999999,2.450103759765625,
218.69999999999999,2.3198013305664062,
218.80000000000001,2.1511688232421875,
218.90000000000001,1.954437255859375,
219,1.7832489013671875,
219.09999999999999,1.678497314453125,
219.19999999999999,1.6299514770507812,
219.30000000000001,1.5967330932617188,
219.40000000000001,1.5609664916992188,
219.5,1.548187255859375,
219.59999999999999,1.5635223388671875,
219.69999999999999,1.5711822509765625,
219.80000000000001,1.5711822509765625,
219.90000000000001,1.5635223388671875,
220,1.55841064453125,6.302520751953125
220.09999999999999,1.5635223388671875,
220.19999999999999,1.5558547973632812,
220.30000000000001,1.5737380981445312,
220.40000000000001,1.6146163940429688,
220.5,1.6273956298828125,
220.59999999999999,1.6350555419921875,
220.69999999999999,1.6836013793945312,
220.80000000000001,1.7474822998046875,
220.90000000000001,1.7679214477539062,
221,1.7551422119140625,
221.09999999999999,1.77813720703125,
221.19999999999999,1.85223388671875,
221.30000000000001,1.990203857421875,
221.40000000000001,2.174163818359375,
221.5,2.340240478515625,
221.59999999999999,2.506317138671875,
221.69999999999999,2.6953811645507812,
221.80000000000001,2.874237060546875,
221.90000000000001,3.0173110961914062,
222,3.1527252197265625,
222.09999999999999,3.334136962890625,
222.19999999999999,3.5691909790039062,
222.30000000000001,3.8323593139648438,
222.40000000000001,4.0495376586914062,
222.5,4.2386016845703125,
222.59999999999999,4.4251174926757812,
222.69999999999999,4.5630874633789062,
222.80000000000001,4.5911941528320312,
222.90000000000001,4.42767333984375,
223,4.1312942504882812,
223.09999999999999,3.8170318603515625,
223.19999999999999,3.5972976684570312,
223.30000000000001,3.5691909790039062,
223.40000000000001,3.6892776489257812,
223.5,3.7812576293945312,
223.59999999999999,3.8195877075195312,
223.69999999999999,3.7684860229492188,
223.80000000000001,3.5921859741210938,
223.90000000000001,3.4925460815429688,
224,3.43377685546875,
224.09999999999999,3.2344894409179688,
224.19999999999999,2.9329986572265625,
224.30000000000001,2.7158203125,
224.40000000000001,2.6212921142578125,
224.5,2.5037612915039062,
224.59999999999999,2.3146896362304688,
224.69999999999999,2.1537246704101562,
224.80000000000001,2.064300537109375,
224.90000000000001,2.03619384765625,
225,2.0924072265625,
225.09999999999999,2.2048263549804688,
225.19999999999999,2.2686996459960938,
225.30000000000001,2.2738113403320312,
225.40000000000001,2.2354812622070312,
225.5,2.1613922119140625,
225.59999999999999,2.0949554443359375,
225.69999999999999,2.0770721435546875,
225.80000000000001,2.0847396850585938,
225.90000000000001,2.0847396850585938,
226,2.082183837890625,
226.09999999999999,2.0898513793945312,
226.19999999999999,2.1690521240234375,
226.30000000000001,2.322357177734375,
226.40000000000001,2.4833221435546875,
226.5,2.6417312622070312,
226.59999999999999,2.7975845336914062,
226.69999999999999,2.9789886474609375,
226.80000000000001,3.2191619873046875,
226.90000000000001,3.4874343872070312,
227,3.7761459350585938,
227.09999999999999,4.087860107421875,
227.19999999999999,4.3612442016601562,
227.30000000000001,4.5452041625976562,
227.40000000000001,4.7061691284179688,
227.5,4.90545654296875,
227.59999999999999,5.081756591796875,
227.69999999999999,5.191619873046875,
227.80000000000001,5.3091506958007812,
227.90000000000001,5.357696533203125,
228,5.2120590209960938,
228.09999999999999,4.97955322265625,
228.19999999999999,4.7649307250976562,
228.30000000000001,4.5963058471679688,
228.40000000000001,4.473663330078125,
228.5,4.381683349609375,
228.59999999999999,4.2769317626953125,
228.69999999999999,4.1082992553710938,
228.80000000000001,3.9703292846679688,
228.90000000000001,3.8911209106445312,
229,3.8272476196289062,
229.09999999999999,3.7838134765625,
229.19999999999999,3.7224960327148438,
229.30000000000001,3.6381759643554688,
229.40000000000001,3.5513076782226562,
229.5,3.5206527709960938,
229.59999999999999,3.5002059936523438,
229.69999999999999,3.3085861206054688,
229.80000000000001,3.0965194702148438,
229.90000000000001,2.9585494995117188,
230,2.8282470703125,6.302520751953125
230.09999999999999,2.7209320068359375,
230.19999999999999,2.6366195678710938,
230.30000000000001,2.577850341796875,
230.40000000000001,2.5395278930664062,
230.5,2.5012054443359375,
230.59999999999999,2.4603271484375,
230.69999999999999,2.4475479125976562,
230.80000000000001,2.4577713012695312,
230.90000000000001,2.4271087646484375,
231,2.4015579223632812,
231.09999999999999,2.4271087646484375,
231.19999999999999,2.4628753662109375,
231.30000000000001,2.47821044921875,
231.40000000000001,2.4654312133789062,
231.5,2.4603271484375,
231.59999999999999,2.4756546020507812,
231.69999999999999,2.485870361328125,
231.80000000000001,2.4986495971679688,
231.90000000000001,2.5190887451171875,
232,2.5012054443359375,
232.09999999999999,2.4577713012695312,
232.19999999999999,2.4373321533203125,
232.30000000000001,2.4475479125976562,
232.40000000000001,2.4654312133789062,
232.5,2.47821044921875,
232.59999999999999,2.4884262084960938,
232.69999999999999,2.4935379028320312,
232.80000000000001,2.506317138671875,
232.90000000000001,2.5957412719726562,
233,2.7592620849609375,
233.09999999999999,2.9253311157226562,
233.19999999999999,3.0990753173828125,
233.30000000000001,3.2804794311523438,
233.40000000000001,3.4235610961914062,
233.5,3.4746627807617188,
233.59999999999999,3.4491119384765625,
233.69999999999999,3.3903427124023438,
233.80000000000001,3.3060302734375,
233.90000000000001,3.221710205078125,
234,3.1527252197265625,
234.09999999999999,3.0990753173828125,
234.19999999999999,3.0454177856445312,
234.30000000000001,2.9508819580078125,
234.40000000000001,2.8256912231445312,
234.5,2.73626708984375,
234.59999999999999,2.6851654052734375,
234.69999999999999,2.644287109375,
234.80000000000001,2.6034011840820312,
234.90000000000001,2.5190887451171875,
235,2.3887863159179688,
235.09999999999999,2.2584762573242188,
235.19999999999999,2.138397216796875,
235.30000000000001,2.0515213012695312,
235.40000000000001,2.0157546997070312,
235.5,2.0055313110351562,
235.59999999999999,2.0029754638671875,
235.69999999999999,2.0234222412109375,
235.80000000000001,2.0591888427734375,
235.90000000000001,2.0975112915039062,
236,2.1358413696289062,
236.09999999999999,2.1588363647460938,
236.19999999999999,2.1767196655273438,
236.30000000000001,2.1894912719726562,
236.40000000000001,2.2252655029296875,
236.5,2.2712554931640625,
236.59999999999999,2.2865829467773438,
236.69999999999999,2.2635879516601562,
236.80000000000001,2.2175979614257812,
236.90000000000001,2.1818313598632812,
237,2.1613922119140625,
237.09999999999999,2.1435012817382812,
237.19999999999999,2.1332855224609375,
237.30000000000001,2.1435012817382812,
237.40000000000001,2.156280517578125,
237.5,2.1664962768554688,
237.59999999999999,2.1767196655273438,
237.69999999999999,2.1869354248046875,
237.80000000000001,2.1971588134765625,
237.90000000000001,2.2278213500976562,
238,2.2891387939453125,
238.09999999999999,2.3632354736328125,
238.19999999999999,2.4628753662109375,
238.30000000000001,2.6136245727539062,
238.40000000000001,2.7899169921875,
238.5,2.9508819580078125,
238.59999999999999,3.1092910766601562,
238.69999999999999,3.2932510375976562,
238.80000000000001,3.461883544921875,
238.90000000000001,3.5794143676757812,
239,3.6995010375976562,
239.09999999999999,3.8783493041992188,
239.19999999999999,4.0904159545898438,
239.30000000000001,4.2999267578125,
239.40000000000001,4.4787750244140625,
239.5,4.5681991577148438,
239.59999999999999,4.53753662109375,
239.69999999999999,4.4481124877929688,
239.80000000000001,4.345916748046875,
239.90000000000001,4.1849517822265625,
240,3.9933242797851562,0
240.09999999999999,3.84002685546875,
240.19999999999999,3.7173843383789062,
240.30000000000001,3.5743026733398438,
240.40000000000001,3.387786865234375,
240.5,3.1884994506835938,
240.59999999999999,3.0096511840820312,
240.69999999999999,2.8435745239257812,
240.80000000000001,2.690277099609375,
240.90000000000001,2.5574111938476562,
241,2.414337158203125,
241.09999999999999,2.266143798828125,
241.19999999999999,2.14605712890625,
241.30000000000001,2.064300537109375,
241.40000000000001,2.0106430053710938,
241.5,1.9697647094726562,
241.59999999999999,1.9391021728515625,
241.69999999999999,1.92633056640625,
241.80000000000001,1.9314422607421875,
241.90000000000001,1.9493255615234375,
242,1.9646530151367188,
242.09999999999999,1.97998046875,
242.19999999999999,1.9825363159179688,
242.30000000000001,1.9697647094726562,
242.40000000000001,1.9646530151367188,
242.5,1.97998046875,
242.59999999999999,2.0029754638671875,
242.69999999999999,2.025970458984375,
242.80000000000001,2.0489654541015625,
242.90000000000001,2.064300537109375,
243,2.082183837890625,
243.09999999999999,2.1077346801757812,
243.19999999999999,2.1332855224609375,
243.30000000000001,2.14605712890625,
243.40000000000001,2.1205062866210938,
243.5,2.0949554443359375,
243.59999999999999,2.1154022216796875,
243.69999999999999,2.1639404296875,
243.80000000000001,2.1997146606445312,
243.90000000000001,2.2124862670898438,
244,2.2124862670898438,
244.09999999999999,2.2124862670898438,
244.19999999999999,2.2150421142578125,
244.30000000000001,2.2175979614257812,
244.40000000000001,2.2227096557617188,
244.5,2.230377197265625,
244.59999999999999,2.2150421142578125,
244.69999999999999,2.18438720703125,
244.80000000000001,2.1639404296875,
244.90000000000001,2.156280517578125,
245,2.156280517578125,
245.09999999999999,2.1613922119140625,
245.19999999999999,2.1613922119140625,
245.30000000000001,2.1613922119140625,
245.40000000000001,2.1588363647460938,
245.5,2.1613922119140625,
245.59999999999999,2.1690521240234375,
245.69999999999999,2.18438720703125,
245.80000000000001,2.18438720703125,
245.90000000000001,2.1690521240234375,
246,2.1613922119140625,
246.09999999999999,2.1767196655273438,
246.19999999999999,2.2124862670898438,
246.30000000000001,2.25592041015625,
246.40000000000001,2.284027099609375,
246.5,2.2865829467773438,
246.59999999999999,2.2712554931640625,
246.69999999999999,2.2635879516601562,
246.80000000000001,2.2712554931640625,
246.90000000000001,2.2789154052734375,
247,2.2584762573242188,
247.09999999999999,2.209930419921875,
247.19999999999999,2.1690521240234375,
247.30000000000001,2.1588363647460938,
247.40000000000001,2.1690521240234375,
247.5,2.1894912719726562,
247.59999999999999,2.22015380859375,
247.69999999999999,2.2431488037109375,
247.80000000000001,2.2533721923828125,
247.90000000000001,2.2431488037109375,
248,2.2329254150390625,
248.09999999999999,2.2278213500976562,
248.19999999999999,2.209930419921875,
248.30000000000001,2.1716079711914062,
248.40000000000001,2.14605712890625,
248.5,2.1358413696289062,
248.59999999999999,2.1332855224609375,
248.69999999999999,2.138397216796875,
248.80000000000001,2.1358413696289062,
248.90000000000001,2.1435012817382812,
249,2.1486129760742188,
249.09999999999999,2.1409454345703125,
249.19999999999999,2.1332855224609375,
249.30000000000001,2.1358413696289062,
249.40000000000001,2.1256179809570312,
249.5,2.0898513793945312,
249.59999999999999,2.064300537109375,
249.69999999999999,2.0617446899414062,
249.80000000000001,2.064300537109375,
249.90000000000001,2.07196044921875,
250,2.082183837890625,10.739856719970703
250.09999999999999,2.0898513793945312,
250.19999999999999,2.0975112915039062,
250.30000000000001,2.1026229858398438,
250.40000000000001,2.1051788330078125,
250.5,2.0872955322265625,
250.59999999999999,2.0438613891601562,
250.69999999999999,2.03619384765625,
250.80000000000001,2.0924072265625,
250.90000000000001,2.1818313598632812,
251,2.2891387939453125,
251.09999999999999,2.4168853759765625,
251.19999999999999,2.5548553466796875,
251.30000000000001,2.7030487060546875,
251.40000000000001,2.8589019775390625,
251.5,3.01220703125,
251.59999999999999,3.1348419189453125,
251.69999999999999,3.17572021484375,
251.80000000000001,3.1144027709960938,
251.90000000000001,3.0352020263671875,
252,3.076080322265625,
252.09999999999999,3.17572021484375,
252.19999999999999,3.150177001953125,
252.30000000000001,2.9968719482421875,
252.40000000000001,2.800140380859375,
252.5,2.5701904296875,
252.59999999999999,2.3606796264648438,
252.69999999999999,2.22015380859375,
252.80000000000001,2.2175979614257812,
252.90000000000001,2.3121337890625,
253,2.358123779296875,
253.09999999999999,2.3249053955078125,
253.19999999999999,2.2431488037109375,
253.30000000000001,2.1716079711914062,
253.40000000000001,2.1358413696289062,
253.5,2.1205062866210938,
253.59999999999999,2.1128463745117188,
253.69999999999999,2.117950439453125,
253.80000000000001,2.1486129760742188,
253.90000000000001,2.1946029663085938,
254,2.1997146606445312,
254.09999999999999,2.1639404296875,
254.19999999999999,2.1332855224609375,
254.30000000000001,2.117950439453125,
254.40000000000001,2.1128463745117188,
254.5,2.1077346801757812,
254.59999999999999,2.1077346801757812,
254.69999999999999,2.1997146606445312,
254.80000000000001,2.467987060546875,
254.90000000000001,2.80780029296875,
255,3.1092910766601562,
255.09999999999999,3.3622360229492188,
255.19999999999999,3.5972976684570312,
255.30000000000001,3.84002685546875,
255.40000000000001,4.0648651123046875,
255.5,4.2334976196289062,
255.59999999999999,4.3791275024414062,
255.69999999999999,4.491546630859375,
255.80000000000001,4.473663330078125,
255.90000000000001,4.3229217529296875,
256,4.1364059448242188,
256.10000000000002,3.9626617431640625,
256.19999999999999,3.8425827026367188,
256.30000000000001,3.76593017578125,
256.39999999999998,3.7301559448242188,
256.5,3.7071609497070312,
256.60000000000002,3.69183349609375,
256.69999999999999,3.7071609497070312,
256.80000000000001,3.7148284912109375,
256.89999999999998,3.6969451904296875,
257,3.6432876586914062,
257.10000000000002,3.5640869140625,
257.19999999999999,3.535980224609375,
257.30000000000001,3.5461959838867188,
257.39999999999998,3.5385360717773438,
257.5,3.5053176879882812,
257.60000000000002,3.479766845703125,
257.69999999999999,3.4823226928710938,
257.80000000000001,3.4772109985351562,
257.89999999999998,3.4746627807617188,
258,3.4823226928710938,
258.10000000000002,3.4491119384765625,
258.19999999999999,3.3724594116210938,
258.30000000000001,3.3264694213867188,
258.39999999999998,3.3290252685546875,
258.5,3.3443527221679688,
258.60000000000002,3.341796875,
258.69999999999999,3.341796875,
258.80000000000001,3.352020263671875,
258.89999999999998,3.3647918701171875,
259,3.3750152587890625,
259.10000000000002,3.3928985595703125,
259.19999999999999,3.405670166015625,
259.30000000000001,3.3903427124023438,
259.39999999999998,3.3571319580078125,
259.5,3.3392410278320312,
259.60000000000002,3.35968017578125,
259.69999999999999,3.3775711059570312,
259.80000000000001,3.3545761108398438,
259.89999999999998,3.352020263671875,
260,3.3775711059570312,5.4005398750305176
260.10000000000002,3.369903564453125,
260.19999999999999,3.3443527221679688,
260.30000000000001,3.3469085693359375,
260.39999999999998,3.405670166015625,
260.5,3.4414443969726562,
260.60000000000002,3.405670166015625,
260.69999999999999,3.380126953125,
260.80000000000001,3.4031219482421875,
260.89999999999998,3.4542160034179688,
261,3.5385360717773438,
261.10000000000002,3.6432876586914062,
261.19999999999999,3.7352676391601562,
261.30000000000001,3.8272476196289062,
261.39999999999998,3.9371109008789062,
261.5,4.1517333984375,
261.60000000000002,4.4711074829101562,
261.69999999999999,4.8134765625,
261.80000000000001,5.1686248779296875,
261.89999999999998,5.5467605590820312,
262,5.9351272583007812,
262.10000000000002,6.3439254760742188,
262.19999999999999,6.7476119995117188,
262.30000000000001,7.066986083984375,
262.39999999999998,7.2560577392578125,
262.5,7.250946044921875,
262.60000000000002,6.9980010986328125,
262.69999999999999,6.6428604125976562,
262.80000000000001,6.3081512451171875,
262.89999999999998,6.001556396484375,
263,5.7486114501953125,
263.10000000000002,5.5186614990234375,
263.19999999999999,5.2580490112304688,
263.30000000000001,4.9948806762695312,
263.39999999999998,4.7342758178710938,
263.5,4.4251174926757812,
263.60000000000002,4.0571975708007812,
263.69999999999999,3.6892776489257812,
263.80000000000001,3.3622360229492188,
263.89999999999998,3.1092910766601562,
264,2.92022705078125,
264.10000000000002,2.7464828491210938,
264.19999999999999,2.5650787353515625,
264.30000000000001,2.393890380859375,
264.39999999999998,2.2635879516601562,
264.5,2.1971588134765625,
264.60000000000002,2.156280517578125,
264.69999999999999,2.0796279907226562,
264.80000000000001,1.9850921630859375,
264.89999999999998,1.898223876953125,
265,1.8394622802734375,
265.10000000000002,1.7985763549804688,
265.19999999999999,1.7730255126953125,
265.30000000000001,1.76025390625,
265.39999999999998,1.7576980590820312,
265.5,1.7551422119140625,
265.60000000000002,1.7628097534179688,
265.69999999999999,1.7755813598632812,
265.80000000000001,1.7858047485351562,
265.89999999999998,1.77813720703125,
266,1.74237060546875,
266.10000000000002,1.7168197631835938,
266.19999999999999,1.7117080688476562,
266.30000000000001,1.696380615234375,
266.39999999999998,1.6657180786132812,
266.5,1.658050537109375,
266.60000000000002,1.6912689208984375,
266.69999999999999,1.7347030639648438,
266.80000000000001,1.7474822998046875,
266.89999999999998,1.7347030639648438,
267,1.7372589111328125,
267.10000000000002,1.7372589111328125,
267.19999999999999,1.7372589111328125,
267.30000000000001,1.7730255126953125,
267.39999999999998,1.85223388671875,
267.5,1.9978713989257812,
267.60000000000002,2.2763671875,
267.69999999999999,2.6493911743164062,
267.80000000000001,3.0633010864257812,
267.89999999999998,3.489990234375,
268,3.8809051513671875,
268.10000000000002,4.24371337890625,
268.19999999999999,4.6269607543945312,
268.30000000000001,5.0153274536132812,
268.39999999999998,5.393463134765625,
268.5,5.7077255249023438,
268.60000000000002,5.8278121948242188,
268.69999999999999,5.8278121948242188,
268.80000000000001,5.9070205688476562,
268.89999999999998,6.0577621459960938,
269,6.1676254272460938,
269.10000000000002,6.2263946533203125,
269.19999999999999,6.3592529296875,
269.30000000000001,6.6505203247070312,
269.39999999999998,6.9085769653320312,
269.5,7.059326171875,
269.60000000000002,7.066986083984375,
269.69999999999999,6.9111328125,
269.80000000000001,6.6198654174804688,
269.89999999999998,6.2698287963867188,
270,5.9964447021484375,8.6830682754516602
270.10000000000002,5.7664947509765625,
270.19999999999999,5.577423095703125,
270.30000000000001,5.4139022827148438,
270.39999999999998,5.2248306274414062,
270.5,5.0051040649414062,
270.60000000000002,4.749603271484375,
270.69999999999999,4.4941024780273438,
270.80000000000001,4.2334976196289062,
270.89999999999998,3.9652175903320312,
271,3.7173843383789062,
271.10000000000002,3.4848785400390625,
271.19999999999999,3.242156982421875,
271.30000000000001,3.01220703125,
271.39999999999998,2.8256912231445312,
271.5,2.6774978637695312,
271.60000000000002,2.55230712890625,
271.69999999999999,2.4449920654296875,
271.80000000000001,2.3504562377929688,
271.89999999999998,2.248260498046875,
272,2.128173828125,
272.10000000000002,2.0106430053710938,
272.19999999999999,1.9365463256835938,
272.30000000000001,1.8956680297851562,
272.39999999999998,1.85223388671875,
272.5,1.8113555908203125,
272.60000000000002,1.7755813598632812,
272.69999999999999,1.7398147583007812,
272.80000000000001,1.7014923095703125,
272.89999999999998,1.6708297729492188,
273,1.650390625,
273.10000000000002,1.6376113891601562,
273.19999999999999,1.6095123291015625,
273.30000000000001,1.5814056396484375,
273.39999999999998,1.586517333984375,
273.5,1.6248397827148438,
273.60000000000002,1.66827392578125,
273.69999999999999,1.7091522216796875,
273.80000000000001,1.76025390625,
273.89999999999998,1.81646728515625,
274,1.8547897338867188,
274.10000000000002,1.880340576171875,
274.19999999999999,1.9007797241210938,
274.30000000000001,1.88800048828125,
274.39999999999998,1.8445663452148438,
274.5,1.8266830444335938,
274.60000000000002,1.81646728515625,
274.69999999999999,1.7934722900390625,
274.80000000000001,1.7730255126953125,
274.89999999999998,1.788360595703125,
275,1.8087997436523438,
275.10000000000002,1.7730255126953125,
275.19999999999999,1.7065963745117188,
275.30000000000001,1.70404052734375,
275.39999999999998,1.7372589111328125,
275.5,1.7474822998046875,
275.60000000000002,1.806243896484375,
275.69999999999999,1.9672088623046875,
275.80000000000001,2.1588363647460938,
275.89999999999998,2.3325729370117188,
276,2.524200439453125,
276.10000000000002,2.7464828491210938,
276.19999999999999,3.0224227905273438,
276.30000000000001,3.3315811157226562,
276.39999999999998,3.5487518310546875,
276.5,3.7071609497070312,
276.60000000000002,3.9064559936523438,
276.69999999999999,4.1491775512695312,
276.80000000000001,4.42767333984375,
276.89999999999998,4.713836669921875,
277,4.989776611328125,
277.10000000000002,5.2503814697265625,
277.19999999999999,5.4471206665039062,
277.30000000000001,5.5620956420898438,
277.39999999999998,5.6361923217773438,
277.5,5.7409439086914062,
277.60000000000002,5.835479736328125,
277.69999999999999,5.7716064453125,
277.80000000000001,5.541656494140625,
277.89999999999998,5.2938156127929688,
278,5.0510940551757812,
278.10000000000002,4.7777099609375,
278.19999999999999,4.5400924682617188,
278.30000000000001,4.3740158081054688,
278.39999999999998,4.2488250732421875,
278.5,4.123626708984375,
278.60000000000002,3.9575576782226562,
278.69999999999999,3.7582626342773438,
278.80000000000001,3.5461959838867188,
278.89999999999998,3.313690185546875,
279,3.0454177856445312,
279.10000000000002,2.800140380859375,
279.19999999999999,2.6289520263671875,
279.30000000000001,2.5114212036132812,
279.39999999999998,2.414337158203125,
279.5,2.3325729370117188,
279.60000000000002,2.2610321044921875,
279.69999999999999,2.1792755126953125,
279.80000000000001,2.0796279907226562,
279.89999999999998,1.990203857421875,
280,1.9237747192382812,8.2266912460327148
280.10000000000002,1.85223388671875,
280.19999999999999,1.7730255126953125,
280.30000000000001,1.7193756103515625,
280.39999999999998,1.6912689208984375,
280.5,1.678497314453125,
280.60000000000002,1.6606063842773438,
280.69999999999999,1.604400634765625,
280.80000000000001,1.5354156494140625,
280.89999999999998,1.54052734375,
281,1.6146163940429688,
281.10000000000002,1.678497314453125,
281.19999999999999,1.66827392578125,
281.30000000000001,1.66827392578125,
281.39999999999998,1.8292388916015625,
281.5,2.046417236328125,
281.60000000000002,2.1894912719726562,
281.69999999999999,2.3274612426757812,
281.80000000000001,2.55230712890625,
281.89999999999998,2.8410186767578125,
282,3.1322860717773438,
282.10000000000002,3.4593276977539062,
282.19999999999999,3.8630218505859375,
282.30000000000001,4.2922592163085938,
282.39999999999998,4.6704025268554688,
282.5,5.007659912109375,
282.60000000000002,5.4471206665039062,
282.69999999999999,6.00921630859375,
282.80000000000001,6.4640121459960938,
282.89999999999998,6.7808303833007812,
283,7.0567703247070312,
283.10000000000002,7.33526611328125,
283.19999999999999,7.7645034790039062,
283.30000000000001,8.3291549682617188,
283.39999999999998,8.8963699340820312,
283.5,9.366485595703125,
283.60000000000002,9.7931747436523438,
283.69999999999999,10.362937927246094,
283.80000000000001,10.896934509277344,
283.89999999999998,11.236747741699219,
284,11.586784362792969,
284.10000000000002,12.003250122070312,
284.19999999999999,12.325180053710938,
284.30000000000001,12.312400817871094,
284.39999999999998,11.97003173828125,
284.5,11.599555969238281,
284.60000000000002,11.461585998535156,
284.69999999999999,11.415596008300781,
284.80000000000001,11.149879455566406,
284.89999999999998,10.692535400390625,
285,10.219856262207031,
285.10000000000002,9.9209213256835938,
285.19999999999999,9.6270980834960938,
285.30000000000001,9.128875732421875,
285.39999999999998,8.5182266235351562,
285.5,7.905029296875,
285.60000000000002,7.4016952514648438,
285.69999999999999,6.9545669555664062,
285.80000000000001,6.5202178955078125,
285.89999999999998,6.1063079833984375,
286,5.6617355346679688,
286.10000000000002,5.2248306274414062,
286.19999999999999,4.8901290893554688,
286.30000000000001,4.7368316650390625,
286.39999999999998,4.5681991577148438,
286.5,4.2309417724609375,
286.60000000000002,3.9371109008789062,
286.69999999999999,3.65606689453125,
286.80000000000001,3.2983627319335938,
286.89999999999998,3.0275344848632812,
287,2.9508819580078125,
287.10000000000002,2.8691253662109375,
287.19999999999999,2.559967041015625,
287.30000000000001,2.2329254150390625,
287.39999999999998,2.0694122314453125,
287.5,1.9978713989257812,
287.60000000000002,1.9212188720703125,
287.69999999999999,1.8215713500976562,
287.80000000000001,1.7909164428710938,
287.89999999999998,1.8087997436523438,
288,1.7806930541992188,
288.10000000000002,1.7372589111328125,
288.19999999999999,1.7525863647460938,
288.30000000000001,1.8036880493164062,
288.39999999999998,1.8343505859375,
288.5,1.8369064331054688,
288.60000000000002,1.8215713500976562,
288.69999999999999,1.8139114379882812,
288.80000000000001,1.8394622802734375,
288.89999999999998,1.8675613403320312,
289,1.8292388916015625,
289.10000000000002,1.8036880493164062,
289.19999999999999,1.8394622802734375,
289.30000000000001,1.908447265625,
289.39999999999998,1.9927597045898438,
289.5,2.025970458984375,
289.60000000000002,2.0387496948242188,
289.69999999999999,2.0694122314453125,
289.80000000000001,2.07196044921875,
289.89999999999998,2.082183837890625,
290,2.1332855224609375,5.5045871734619141
290.10000000000002,2.2175979614257812,
290.19999999999999,2.2968063354492188,
290.30000000000001,2.3198013305664062,
290.39999999999998,2.2993621826171875,
290.5,2.2533721923828125,
290.60000000000002,2.2073822021484375,
290.69999999999999,2.2124862670898438,
290.80000000000001,2.2584762573242188,
290.89999999999998,2.3121337890625,
291,2.3836746215820312,
291.10000000000002,2.43988037109375,
291.19999999999999,2.467987060546875,
291.30000000000001,2.5395278930664062,
291.39999999999998,2.6493911743164062,
291.5,2.7464828491210938,
291.60000000000002,2.8052520751953125,
291.69999999999999,2.864013671875,
291.80000000000001,2.9789886474609375,
291.89999999999998,3.0888519287109375,
292,3.1782760620117188,
292.10000000000002,3.3111419677734375,
292.19999999999999,3.47210693359375,
292.30000000000001,3.6407318115234375,
292.39999999999998,3.8093643188476562,
292.5,3.9652175903320312,
292.60000000000002,4.1082992553710938,
292.69999999999999,4.2488250732421875,
292.80000000000001,4.3612442016601562,
292.89999999999998,4.4404525756835938,
293,4.5503158569335938,
293.10000000000002,4.6933975219726562,
293.19999999999999,4.8390274047851562,
293.30000000000001,4.9667816162109375,
293.39999999999998,5.071533203125,
293.5,5.1686248779296875,
293.60000000000002,5.2299423217773438,
293.69999999999999,5.2120590209960938,
293.80000000000001,5.1609573364257812,
293.89999999999998,5.1481857299804688,
294,5.135406494140625,
294.10000000000002,5.0689773559570312,
294.19999999999999,4.9540023803710938,
294.30000000000001,4.7725982666015625,
294.39999999999998,4.5605316162109375,
294.5,4.3714675903320312,
294.60000000000002,4.1568450927734375,
294.69999999999999,3.9166717529296875,
294.80000000000001,3.719940185546875,
294.89999999999998,3.58197021484375,
295,3.4593276977539062,
295.10000000000002,3.3188018798828125,
295.19999999999999,3.1629486083984375,
295.30000000000001,2.9968719482421875,
295.39999999999998,2.8512420654296875,
295.5,2.754150390625,
295.60000000000002,2.6749420166015625,
295.69999999999999,2.5829620361328125,
295.80000000000001,2.4833221435546875,
295.89999999999998,2.3811187744140625,
296,2.301910400390625,
296.10000000000002,2.2584762573242188,
296.19999999999999,2.2405929565429688,
296.30000000000001,2.230377197265625,
296.39999999999998,2.22015380859375,
296.5,2.2124862670898438,
296.60000000000002,2.2124862670898438,
296.69999999999999,2.2150421142578125,
296.80000000000001,2.22015380859375,
296.89999999999998,2.2252655029296875,
297,2.2278213500976562,
297.10000000000002,2.2022705078125,
297.19999999999999,2.1716079711914062,
297.30000000000001,2.1639404296875,
297.39999999999998,2.174163818359375,
297.5,2.1869354248046875,
297.60000000000002,2.1997146606445312,
297.69999999999999,2.209930419921875,
297.80000000000001,2.2278213500976562,
297.89999999999998,2.25592041015625,
298,2.2865829467773438,
298.10000000000002,2.3044662475585938,
298.19999999999999,2.2968063354492188,
298.30000000000001,2.2635879516601562,
298.39999999999998,2.2354812622070312,
298.5,2.230377197265625,
298.60000000000002,2.2405929565429688,
298.69999999999999,2.2584762573242188,
298.80000000000001,2.266143798828125,
298.89999999999998,2.2686996459960938,
299,2.2686996459960938,
299.10000000000002,2.2763671875,
299.19999999999999,2.2814712524414062,
299.30000000000001,2.2891387939453125,
299.39999999999998,2.2891387939453125,
299.5,2.2686996459960938,
299.60000000000002,2.2610321044921875,
299.69999999999999,2.2763671875,
299.80000000000001,2.3044662475585938,
299.89999999999998,2.4015579223632812,
300,2.6826095581054688,0
