Data Set 1:Time(s),Data Set 1:Force(N),Data Set 1:Respiration Rate(bpm)
0,2.0336380004882812,11.244378089904785
0.10000000000000001,1.8139114379882812,
0.20000000000000001,1.5354156494140625,
0.29999999999999999,1.438323974609375,
0.40000000000000002,1.3948898315429688,
0.5,1.3770065307617188,
0.59999999999999998,1.346343994140625,
0.69999999999999996,1.3207931518554688,
0.80000000000000004,1.2977981567382812,
0.90000000000000002,1.2926864624023438,
1,1.3029098510742188,
1.1000000000000001,1.3131256103515625,
1.2,1.3182373046875,
1.3,1.328460693359375,
1.3999999999999999,1.3335723876953125,
1.5,1.3488998413085938,
1.6000000000000001,1.3795623779296875,
1.7,1.4306564331054688,
1.8,1.4996414184570312,
1.8999999999999999,1.59417724609375,
2,1.7065963745117188,
2.1000000000000001,1.8394622802734375,
2.2000000000000002,2.018310546875,
2.2999999999999998,2.1997146606445312,
2.3999999999999999,2.3734512329101562,
2.5,2.5625228881835938,
2.6000000000000001,2.7567062377929688,
2.7000000000000002,2.92022705078125,
2.7999999999999998,3.058197021484375,
2.8999999999999999,3.1961669921875,
3,3.334136962890625,
3.1000000000000001,3.461883544921875,
3.2000000000000002,3.5334243774414062,
3.2999999999999998,3.518096923828125,
3.3999999999999999,3.5002059936523438,
3.5,3.5206527709960938,
3.6000000000000001,3.5027618408203125,
3.7000000000000002,3.479766845703125,
3.7999999999999998,3.5232009887695312,
3.8999999999999999,3.5768585205078125,
4,3.5615310668945312,
4.0999999999999996,3.43377685546875,
4.2000000000000002,3.2396011352539062,
4.2999999999999998,2.9892120361328125,
4.4000000000000004,2.7285995483398438,
4.5,2.5216445922851562,
4.5999999999999996,2.3734512329101562,
4.7000000000000002,2.2508163452148438,
4.7999999999999998,2.0438613891601562,
4.9000000000000004,1.6989364624023438,
5,1.3974456787109375,
5.0999999999999996,1.2518081665039062,
5.2000000000000002,1.1828231811523438,
5.2999999999999998,1.1036224365234375,
5.4000000000000004,1.0269699096679688,
5.5,0.996307373046875,
5.5999999999999996,0.9886474609375,
5.7000000000000002,0.9886474609375,
5.7999999999999998,1.0039749145507812,
5.9000000000000004,1.0295257568359375,
6,1.0601806640625,
6.0999999999999996,1.106170654296875,
6.2000000000000002,1.180267333984375,
6.2999999999999998,1.2748031616210938,
6.4000000000000004,1.4076614379882812,
6.5,1.5839614868164062,
6.5999999999999996,1.770477294921875,
6.7000000000000002,1.9748764038085938,
6.7999999999999998,2.2150421142578125,
6.9000000000000004,2.4475479125976562,
7,2.5727462768554688,
7.0999999999999996,2.6877212524414062,
7.2000000000000002,2.8946762084960938,
7.2999999999999998,3.1246261596679688,
7.4000000000000004,3.3494644165039062,
7.5,3.5615310668945312,
7.5999999999999996,3.7276077270507812,
7.7000000000000002,3.85791015625,
7.7999999999999998,3.9933242797851562,
7.9000000000000004,4.1082992553710938,
8,4.1875076293945312,
8.0999999999999996,4.2386016845703125,
8.1999999999999993,4.2769317626953125,
8.3000000000000007,4.3305816650390625,
8.4000000000000004,4.3867950439453125,
8.5,4.3765716552734375,
8.5999999999999996,4.2667083740234375,
8.6999999999999993,4.105743408203125,
8.8000000000000007,3.9345626831054688,
8.9000000000000004,3.7531509399414062,
9,3.5410919189453125,
9.0999999999999996,3.341796875,
9.1999999999999993,3.1808319091796875,
9.3000000000000007,3.001983642578125,
9.4000000000000004,2.8256912231445312,
9.5,2.7030487060546875,
9.5999999999999996,2.6110687255859375,
9.6999999999999993,2.5088653564453125,
9.8000000000000007,2.4117813110351562,
9.9000000000000004,2.3325729370117188,
10,2.266143798828125,11.494253158569336
10.1,2.2175979614257812,
10.199999999999999,2.1435012817382812,
10.300000000000001,1.9978713989257812,
10.4,1.8547897338867188,
10.5,1.7755813598632812,
10.6,1.732147216796875,
10.699999999999999,1.7065963745117188,
10.800000000000001,1.6836013793945312,
10.9,1.6555023193359375,
11,1.6350555419921875,
11.1,1.6146163940429688,
11.199999999999999,1.59417724609375,
11.300000000000001,1.5686264038085938,
11.4,1.548187255859375,
11.5,1.530303955078125,
11.6,1.5098648071289062,
11.699999999999999,1.4996414184570312,
11.800000000000001,1.502197265625,
11.9,1.502197265625,
12,1.502197265625,
12.1,1.4996414184570312,
12.199999999999999,1.4996414184570312,
12.300000000000001,1.4919815063476562,
12.4,1.4715423583984375,
12.5,1.4792022705078125,
12.6,1.5175323486328125,
12.699999999999999,1.5609664916992188,
12.800000000000001,1.612060546875,
12.9,1.6708297729492188,
13,1.7295913696289062,
13.1,1.7985763549804688,
13.199999999999999,1.898223876953125,
13.300000000000001,2.0438613891601562,
13.4,2.2814712524414062,
13.5,2.5471954345703125,
13.6,2.7669219970703125,
13.699999999999999,2.9815444946289062,
13.800000000000001,3.1961669921875,
13.9,3.4158935546875,
14,3.663726806640625,
14.1,3.9115676879882812,
14.199999999999999,4.0929718017578125,
14.300000000000001,4.2232742309570312,
14.4,4.381683349609375,
14.5,4.5733108520507812,
14.6,4.7777099609375,
14.699999999999999,4.9999923706054688,
14.800000000000001,5.2324981689453125,
14.9,5.393463134765625,
15,5.4445648193359375,
15.1,5.4317855834960938,
15.199999999999999,5.2554931640625,
15.300000000000001,4.9080123901367188,
15.4,4.5273208618164062,
15.5,4.197723388671875,
15.6,3.9294509887695312,
15.699999999999999,3.6739501953125,
15.800000000000001,3.43377685546875,
15.9,3.2268218994140625,
16,3.0070953369140625,
16.100000000000001,2.7745895385742188,
16.199999999999999,2.5701904296875,
16.300000000000001,2.4117813110351562,
16.399999999999999,2.2968063354492188,
16.5,2.2048263549804688,
16.600000000000001,2.117950439453125,
16.699999999999999,2.018310546875,
16.800000000000001,1.908447265625,
16.899999999999999,1.8190155029296875,
17,1.7372589111328125,
17.100000000000001,1.650390625,
17.199999999999999,1.586517333984375,
17.300000000000001,1.548187255859375,
17.399999999999999,1.5226364135742188,
17.5,1.4919815063476562,
17.600000000000001,1.4689865112304688,
17.699999999999999,1.4664306640625,
17.800000000000001,1.4664306640625,
17.899999999999999,1.4613189697265625,
18,1.44854736328125,
18.100000000000001,1.4332122802734375,
18.199999999999999,1.4357681274414062,
18.300000000000001,1.4613189697265625,
18.399999999999999,1.5175323486328125,
18.5,1.6095123291015625,
18.600000000000001,1.7219314575195312,
18.699999999999999,1.8369064331054688,
18.800000000000001,1.9595413208007812,
18.899999999999999,2.0975112915039062,
19,2.2175979614257812,
19.100000000000001,2.3376846313476562,
19.199999999999999,2.5190887451171875,
19.300000000000001,2.7388153076171875,
19.399999999999999,2.9508819580078125,
19.5,3.1629486083984375,
19.600000000000001,3.35968017578125,
19.699999999999999,3.553863525390625,
19.800000000000001,3.7684860229492188,
19.899999999999999,3.9243392944335938,
20,3.9677734375,11.244378089904785
20.100000000000001,3.9728851318359375,
20.199999999999999,4.013763427734375,
20.300000000000001,3.9754409790039062,
20.399999999999999,3.7531509399414062,
20.5,3.4951019287109375,
20.600000000000001,3.352020263671875,
20.699999999999999,3.313690185546875,
20.800000000000001,3.3647918701171875,
20.899999999999999,3.4363327026367188,
21,3.4695510864257812,
21.100000000000001,3.4772109985351562,
21.199999999999999,3.461883544921875,
21.300000000000001,3.4184494018554688,
21.399999999999999,3.3290252685546875,
21.5,3.1833877563476562,
21.600000000000001,3.01220703125,
21.699999999999999,2.8767852783203125,
21.800000000000001,2.7797012329101562,
21.899999999999999,2.7132720947265625,
22,2.6723861694335938,
22.100000000000001,2.6263961791992188,
22.199999999999999,2.5676345825195312,
22.300000000000001,2.4526596069335938,
22.399999999999999,2.2865829467773438,
22.5,2.1230621337890625,
22.600000000000001,1.9825363159179688,
22.699999999999999,1.8650054931640625,
22.800000000000001,1.7730255126953125,
22.899999999999999,1.6836013793945312,
23,1.6018447875976562,
23.100000000000001,1.548187255859375,
23.199999999999999,1.5073089599609375,
23.300000000000001,1.4792022705078125,
23.399999999999999,1.456207275390625,
23.5,1.4536514282226562,
23.600000000000001,1.4638748168945312,
23.699999999999999,1.48431396484375,
23.800000000000001,1.5251922607421875,
23.899999999999999,1.5558547973632812,
24,1.5737380981445312,
24.100000000000001,1.5916213989257812,
24.199999999999999,1.6095123291015625,
24.300000000000001,1.6273956298828125,
24.399999999999999,1.6452789306640625,
24.5,1.6708297729492188,
24.600000000000001,1.6938247680664062,
24.699999999999999,1.6989364624023438,
24.800000000000001,1.70404052734375,
24.899999999999999,1.7398147583007812,
25,1.7806930541992188,
25.100000000000001,1.8343505859375,
25.199999999999999,1.954437255859375,
25.300000000000001,2.138397216796875,
25.399999999999999,2.376007080078125,
25.5,2.7209320068359375,
25.600000000000001,3.1833877563476562,
25.699999999999999,3.6432876586914062,
25.800000000000001,3.9703292846679688,
25.899999999999999,4.1517333984375,
26,4.307586669921875,
26.100000000000001,4.5324325561523438,
26.199999999999999,4.7981491088867188,
26.300000000000001,5.0485382080078125,
26.399999999999999,5.173736572265625,
26.5,5.1711807250976562,
26.600000000000001,5.081756591796875,
26.699999999999999,4.7802658081054688,
26.800000000000001,4.4889907836914062,
26.899999999999999,4.4149017333984375,
27,4.4046783447265625,
27.100000000000001,4.3229217529296875,
27.199999999999999,4.1389617919921875,
27.300000000000001,3.94989013671875,
27.399999999999999,3.7991409301757812,
27.5,3.6586227416992188,
27.600000000000001,3.4848785400390625,
27.699999999999999,3.203826904296875,
27.800000000000001,2.864013671875,
27.899999999999999,2.5701904296875,
28,2.3249053955078125,
28.100000000000001,2.128173828125,
28.199999999999999,1.9825363159179688,
28.300000000000001,1.88800048828125,
28.399999999999999,1.8266830444335938,
28.5,1.7832489013671875,
28.600000000000001,1.7730255126953125,
28.699999999999999,1.7858047485351562,
28.800000000000001,1.77813720703125,
28.899999999999999,1.714263916015625,
29,1.6197280883789062,
29.100000000000001,1.5430755615234375,
29.199999999999999,1.4919815063476562,
29.300000000000001,1.4638748168945312,
29.399999999999999,1.4459915161132812,
29.5,1.4306564331054688,
29.600000000000001,1.4127731323242188,
29.699999999999999,1.4051055908203125,
29.800000000000001,1.4076614379882812,
29.899999999999999,1.3872222900390625,
30,1.3565673828125,10.666666984558105
30.100000000000001,1.346343994140625,
30.199999999999999,1.3437881469726562,
30.300000000000001,1.3386764526367188,
30.399999999999999,1.33612060546875,
30.5,1.3412322998046875,
30.600000000000001,1.3488998413085938,
30.699999999999999,1.4000015258789062,
30.800000000000001,1.5379714965820312,
30.899999999999999,1.74237060546875,
31,1.9978713989257812,
31.100000000000001,2.3172454833984375,
31.199999999999999,2.7158203125,
31.300000000000001,3.1655044555664062,
31.399999999999999,3.489990234375,
31.5,3.7224960327148438,
31.600000000000001,3.9652175903320312,
31.699999999999999,4.1542892456054688,
31.800000000000001,4.3152542114257812,
31.899999999999999,4.5043258666992188,
32,4.6627349853515625,
32.100000000000001,4.7751541137695312,
32.200000000000003,4.8671340942382812,
32.299999999999997,4.94378662109375,
32.399999999999999,5.0051040649414062,
32.5,4.9948806762695312,
32.600000000000001,4.8722457885742188,
32.700000000000003,4.7010574340820312,
32.799999999999997,4.5094375610351562,
32.899999999999999,4.2794876098632812,
33,4.0750808715820312,
33.100000000000001,3.939666748046875,
33.200000000000003,3.811920166015625,
33.299999999999997,3.6535110473632812,
33.399999999999999,3.4516677856445312,
33.5,3.2063827514648438,
33.600000000000001,2.9304428100585938,
33.700000000000003,2.669830322265625,
33.799999999999997,2.4424362182617188,
33.899999999999999,2.2405929565429688,
34,2.064300537109375,
34.100000000000001,1.92633056640625,
34.200000000000003,1.824127197265625,
34.299999999999997,1.7525863647460938,
34.399999999999999,1.7014923095703125,
34.5,1.6452789306640625,
34.600000000000001,1.5788497924804688,
34.700000000000003,1.5226364135742188,
34.799999999999997,1.4894256591796875,
34.899999999999999,1.4766464233398438,
35,1.474090576171875,
35.100000000000001,1.474090576171875,
35.200000000000003,1.4766464233398438,
35.299999999999997,1.4817581176757812,
35.399999999999999,1.4894256591796875,
35.5,1.4996414184570312,
35.600000000000001,1.4894256591796875,
35.700000000000003,1.4689865112304688,
35.799999999999997,1.4689865112304688,
35.899999999999999,1.4766464233398438,
36,1.4792022705078125,
36.100000000000001,1.48431396484375,
36.200000000000003,1.4919815063476562,
36.299999999999997,1.4970855712890625,
36.399999999999999,1.5047531127929688,
36.5,1.52008056640625,
36.600000000000001,1.5226364135742188,
36.700000000000003,1.5175323486328125,
36.799999999999997,1.5609664916992188,
36.899999999999999,1.7244873046875,
37,1.9850921630859375,
37.100000000000001,2.2712554931640625,
37.200000000000003,2.5318603515625,
37.299999999999997,2.7669219970703125,
37.399999999999999,3.0275344848632812,
37.5,3.2983627319335938,
37.600000000000001,3.518096923828125,
37.700000000000003,3.6739501953125,
37.799999999999997,3.8374710083007812,
37.899999999999999,4.0393142700195312,
38,4.2564926147460938,
38.100000000000001,4.4481124877929688,
38.200000000000003,4.5528717041015625,
38.299999999999997,4.5681991577148438,
38.399999999999999,4.5579757690429688,
38.5,4.5043258666992188,
38.600000000000001,4.4327850341796875,
38.700000000000003,4.3842391967773438,
38.799999999999997,4.3152542114257812,
38.899999999999999,4.2488250732421875,
39,4.2105026245117188,
39.100000000000001,4.1926116943359375,
39.200000000000003,4.16961669921875,
39.299999999999997,4.115966796875,
39.399999999999999,4.013763427734375,
39.5,3.811920166015625,
39.600000000000001,3.553863525390625,
39.700000000000003,3.32391357421875,
39.799999999999997,3.1220703125,
39.899999999999999,2.9355545043945312,
40,2.7567062377929688,10.335917472839355
40.100000000000001,2.5804061889648438,
40.200000000000003,2.4015579223632812,
40.299999999999997,2.2278213500976562,
40.399999999999999,2.082183837890625,
40.5,1.9569854736328125,
40.600000000000001,1.8343505859375,
40.700000000000003,1.7398147583007812,
40.799999999999997,1.6759414672851562,
40.899999999999999,1.6197280883789062,
41,1.5175323486328125,
41.100000000000001,1.3591156005859375,
41.200000000000003,1.2109298706054688,
41.299999999999997,1.1240615844726562,
41.399999999999999,0.99886322021484375,
41.5,0.83278656005859375,
41.600000000000001,0.72292327880859375,
41.700000000000003,0.6794891357421875,
41.799999999999997,0.68715667724609375,
41.899999999999999,0.7152557373046875,
42,0.7612457275390625,
42.100000000000001,0.8046875,
42.200000000000003,0.84812164306640625,
42.299999999999997,0.904327392578125,
42.399999999999999,0.9911956787109375,
42.5,1.1087265014648438,
42.600000000000001,1.2058181762695312,
42.700000000000003,1.2748031616210938,
42.799999999999997,1.3770065307617188,
42.899999999999999,1.5430755615234375,
43,1.7806930541992188,
43.100000000000001,2.046417236328125,
43.200000000000003,2.2865829467773438,
43.299999999999997,2.49609375,
43.399999999999999,2.6953811645507812,
43.5,2.8665695190429688,
43.600000000000001,3.0070953369140625,
43.700000000000003,3.168060302734375,
43.799999999999997,3.3724594116210938,
43.899999999999999,3.5870819091796875,
44,3.7506027221679688,
44.100000000000001,3.8527984619140625,
44.200000000000003,3.9371109008789062,
44.299999999999997,4.0163192749023438,
44.399999999999999,4.0571975708007812,
44.5,4.0648651123046875,
44.600000000000001,4.0495376586914062,
44.700000000000003,4.0112075805664062,
44.799999999999997,3.9728851318359375,
44.899999999999999,3.9677734375,
45,3.9524459838867188,
45.100000000000001,3.9064559936523438,
45.200000000000003,3.85791015625,
45.299999999999997,3.8068084716796875,
45.399999999999999,3.7173843383789062,
45.5,3.5921859741210938,
45.600000000000001,3.4951019287109375,
45.700000000000003,3.4312210083007812,
45.799999999999997,3.3750152587890625,
45.899999999999999,3.3213577270507812,
46,3.2523727416992188,
46.100000000000001,3.150177001953125,
46.200000000000003,3.0326461791992188,
46.299999999999997,2.9227752685546875,
46.399999999999999,2.7745895385742188,
46.5,2.577850341796875,
46.600000000000001,2.3887863159179688,
46.700000000000003,2.2227096557617188,
46.799999999999997,2.0540771484375,
46.899999999999999,1.9058914184570312,
47,1.7934722900390625,
47.100000000000001,1.70404052734375,
47.200000000000003,1.6273956298828125,
47.299999999999997,1.59417724609375,
47.399999999999999,1.586517333984375,
47.5,1.548187255859375,
47.600000000000001,1.4868698120117188,
47.700000000000003,1.4281005859375,
47.799999999999997,1.3872222900390625,
47.899999999999999,1.3514556884765625,
48,1.3310165405273438,
48.100000000000001,1.3259048461914062,
48.200000000000003,1.3259048461914062,
48.299999999999997,1.3259048461914062,
48.399999999999999,1.3259048461914062,
48.5,1.3131256103515625,
48.600000000000001,1.3029098510742188,
48.700000000000003,1.3080215454101562,
48.799999999999997,1.3182373046875,
48.899999999999999,1.3310165405273438,
49,1.3514556884765625,
49.100000000000001,1.3795623779296875,
49.200000000000003,1.4178848266601562,
49.299999999999997,1.4792022705078125,
49.399999999999999,1.5507431030273438,
49.5,1.5992889404296875,
49.600000000000001,1.6555023193359375,
49.700000000000003,1.7295913696289062,
49.799999999999997,1.8011322021484375,
49.899999999999999,1.8266830444335938,
50,1.81646728515625,9.9091653823852539
50.100000000000001,1.7960205078125,
50.200000000000003,1.7806930541992188,
50.299999999999997,1.7730255126953125,
50.399999999999999,1.76025390625,
50.5,1.7372589111328125,
50.600000000000001,1.732147216796875,
50.700000000000003,1.7576980590820312,
50.799999999999997,1.77813720703125,
50.899999999999999,1.806243896484375,
51,1.8854522705078125,
51.100000000000001,2.0157546997070312,
51.200000000000003,2.1690521240234375,
51.299999999999997,2.3351287841796875,
51.399999999999999,2.5037612915039062,
51.5,2.6672821044921875,
51.600000000000001,2.80780029296875,
51.700000000000003,2.9381103515625,
51.799999999999997,3.1527252197265625,
51.899999999999999,3.444000244140625,
52,3.7301559448242188,
52.100000000000001,3.9831008911132812,
52.200000000000003,4.1951675415039062,
52.299999999999997,4.3305816650390625,
52.399999999999999,4.4404525756835938,
52.5,4.53753662109375,
52.600000000000001,4.565643310546875,
52.700000000000003,4.6090774536132812,
52.799999999999997,4.621856689453125,
52.899999999999999,4.5068817138671875,
53,4.3561325073242188,
53.100000000000001,4.1747283935546875,
53.200000000000003,3.9371109008789062,
53.299999999999997,3.7352676391601562,
53.399999999999999,3.610076904296875,
53.5,3.535980224609375,
53.600000000000001,3.5104293823242188,
53.700000000000003,3.4874343872070312,
53.799999999999997,3.4184494018554688,
53.899999999999999,3.3162460327148438,
54,3.168060302734375,
54.100000000000001,2.9227752685546875,
54.200000000000003,2.62384033203125,
54.299999999999997,2.3555679321289062,
54.399999999999999,2.2048263549804688,
54.5,2.1971588134765625,
54.600000000000001,2.1946029663085938,
54.700000000000003,2.1128463745117188,
54.799999999999997,2.0387496948242188,
54.899999999999999,2.00042724609375,
55,1.9518814086914062,
55.100000000000001,1.842010498046875,
55.200000000000003,1.7270355224609375,
55.299999999999997,1.6631622314453125,
55.399999999999999,1.5762939453125,
55.5,1.4689865112304688,
55.600000000000001,1.4153289794921875,
55.700000000000003,1.4613189697265625,
55.799999999999997,1.59417724609375,
55.899999999999999,1.6861572265625,
56,1.658050537109375,
56.100000000000001,1.640167236328125,
56.200000000000003,1.6529464721679688,
56.299999999999997,1.622283935546875,
56.399999999999999,1.6299514770507812,
56.5,1.788360595703125,
56.600000000000001,2.0234222412109375,
56.700000000000003,2.2763671875,
56.799999999999997,2.58807373046875,
56.899999999999999,2.9253311157226562,
57,3.1603927612304688,
57.100000000000001,3.2830352783203125,
57.200000000000003,3.4542160034179688,
57.299999999999997,3.7148284912109375,
57.399999999999999,3.98565673828125,
57.5,4.2820358276367188,
57.600000000000001,4.5349807739257812,
57.700000000000003,4.6729507446289062,
57.799999999999997,4.7087249755859375,
57.899999999999999,4.7163925170898438,
58,4.7700424194335938,
58.100000000000001,4.8850173950195312,
58.200000000000003,5.0510940551757812,
58.299999999999997,5.2478256225585938,
58.399999999999999,5.4164581298828125,
58.5,5.4905548095703125,
58.600000000000001,5.4624481201171875,
58.700000000000003,5.4445648193359375,
58.799999999999997,5.4317855834960938,
58.899999999999999,5.3270339965820312,
59,5.1481857299804688,
59.100000000000001,4.9488906860351562,
59.200000000000003,4.7240524291992188,
59.299999999999997,4.5068817138671875,
59.399999999999999,4.3203659057617188,
59.5,4.1082992553710938,
59.600000000000001,3.8451309204101562,
59.700000000000003,3.5768585205078125,
59.799999999999997,3.3392410278320312,
59.899999999999999,3.1373977661132812,
60,2.9483261108398438,9.2165899276733398
60.100000000000001,2.7592620849609375,
60.200000000000003,2.5753021240234375,
60.299999999999997,2.4117813110351562,
60.399999999999999,2.2610321044921875,
60.5,2.0898513793945312,
60.600000000000001,1.9212188720703125,
60.700000000000003,1.7985763549804688,
60.799999999999997,1.7168197631835938,
60.899999999999999,1.6733856201171875,
61,1.6350555419921875,
61.100000000000001,1.5890655517578125,
61.200000000000003,1.5175323486328125,
61.299999999999997,1.4536514282226562,
61.399999999999999,1.4536514282226562,
61.5,1.4587631225585938,
61.600000000000001,1.4357681274414062,
61.700000000000003,1.4664306640625,
61.799999999999997,1.5788497924804688,
61.899999999999999,1.7576980590820312,
62,1.97998046875,
62.100000000000001,2.192047119140625,
62.200000000000003,2.3606796264648438,
62.299999999999997,2.485870361328125,
62.399999999999999,2.634063720703125,
62.5,2.7950286865234375,
62.600000000000001,2.8946762084960938,
62.700000000000003,2.9789886474609375,
62.799999999999997,3.0914077758789062,
62.899999999999999,3.221710205078125,
63,3.387786865234375,
63.100000000000001,3.58197021484375,
63.200000000000003,3.7863693237304688,
63.299999999999997,4.0571975708007812,
63.399999999999999,4.4021224975585938,
63.5,4.7470474243164062,
63.600000000000001,5.0843124389648438,
63.700000000000003,5.3525848388671875,
63.799999999999997,5.54931640625,
63.899999999999999,5.725616455078125,
64,5.7588272094726562,
64.099999999999994,5.6438522338867188,
64.200000000000003,5.4036865234375,
64.299999999999997,5.0613174438476562,
64.400000000000006,4.70361328125,
64.5,4.289703369140625,
64.599999999999994,3.8655776977539062,
64.700000000000003,3.5487518310546875,
64.799999999999997,3.3315811157226562,
64.900000000000006,3.1450653076171875,
65,2.95599365234375,
65.099999999999994,2.7694778442382812,
65.200000000000003,2.6187362670898438,
65.299999999999997,2.5037612915039062,
65.400000000000006,2.3913421630859375,
65.5,2.2738113403320312,
65.599999999999994,2.174163818359375,
65.700000000000003,2.0924072265625,
65.799999999999997,2.008087158203125,
65.900000000000006,1.9237747192382812,
66,1.85223388671875,
66.099999999999994,1.7858047485351562,
66.200000000000003,1.7372589111328125,
66.299999999999997,1.7168197631835938,
66.400000000000006,1.678497314453125,
66.5,1.6299514770507812,
66.599999999999994,1.6095123291015625,
66.700000000000003,1.6069564819335938,
66.799999999999997,1.6069564819335938,
66.900000000000006,1.6095123291015625,
67,1.6248397827148438,
67.099999999999994,1.6529464721679688,
67.200000000000003,1.678497314453125,
67.299999999999997,1.7014923095703125,
67.400000000000006,1.7065963745117188,
67.5,1.6861572265625,
67.599999999999994,1.6631622314453125,
67.700000000000003,1.6657180786132812,
67.799999999999997,1.6759414672851562,
67.900000000000006,1.6912689208984375,
68,1.7014923095703125,
68.099999999999994,1.7091522216796875,
68.200000000000003,1.7270355224609375,
68.299999999999997,1.7806930541992188,
68.400000000000006,1.898223876953125,
68.5,2.0745162963867188,
68.599999999999994,2.33001708984375,
68.700000000000003,2.6596145629882812,
68.799999999999997,2.9636611938476562,
68.900000000000006,3.221710205078125,
69,3.4746627807617188,
69.099999999999994,3.7863693237304688,
69.200000000000003,4.1517333984375,
69.299999999999997,4.5196533203125,
69.400000000000006,4.7904815673828125,
69.5,4.9029006958007812,
69.599999999999994,4.8875732421875,
69.700000000000003,4.7342758178710938,
69.799999999999997,4.565643310546875,
69.900000000000006,4.50177001953125,
70,4.491546630859375,9.5846643447875977
70.099999999999994,4.4941024780273438,
70.200000000000003,4.4506683349609375,
70.299999999999997,4.3484725952148438,
70.400000000000006,4.1772842407226562,
70.5,3.9754409790039062,
70.599999999999994,3.7965927124023438,
70.700000000000003,3.58197021484375,
70.799999999999997,3.3290252685546875,
70.900000000000006,3.06585693359375,
71,2.8052520751953125,
71.099999999999994,2.5855178833007812,
71.200000000000003,2.3990020751953125,
71.299999999999997,2.2431488037109375,
71.400000000000006,2.1051788330078125,
71.5,1.9672088623046875,
71.599999999999994,1.8573455810546875,
71.700000000000003,1.7858047485351562,
71.799999999999997,1.7372589111328125,
71.900000000000006,1.6912689208984375,
72,1.6452789306640625,
72.099999999999994,1.6197280883789062,
72.200000000000003,1.6095123291015625,
72.299999999999997,1.5992889404296875,
72.400000000000006,1.5967330932617188,
72.5,1.5814056396484375,
72.599999999999994,1.566070556640625,
72.700000000000003,1.5558547973632812,
72.799999999999997,1.548187255859375,
72.900000000000006,1.5507431030273438,
73,1.5507431030273438,
73.099999999999994,1.5456314086914062,
73.200000000000003,1.5430755615234375,
73.299999999999997,1.5456314086914062,
73.400000000000006,1.5609664916992188,
73.5,1.566070556640625,
73.599999999999994,1.548187255859375,
73.700000000000003,1.5507431030273438,
73.799999999999997,1.5814056396484375,
73.900000000000006,1.6376113891601562,
74,1.7679214477539062,
74.099999999999994,2.0336380004882812,
74.200000000000003,2.4168853759765625,
74.299999999999997,2.8486862182617188,
74.400000000000006,3.2268218994140625,
74.5,3.4746627807617188,
74.599999999999994,3.709716796875,
74.700000000000003,4.0009918212890625,
74.799999999999997,4.2973709106445312,
74.900000000000006,4.5886383056640625,
75,4.7981491088867188,
75.099999999999994,4.9182357788085938,
75.200000000000003,5.0970840454101562,
75.299999999999997,5.31170654296875,
75.400000000000006,5.4445648193359375,
75.5,5.53143310546875,
75.599999999999994,5.5620956420898438,
75.700000000000003,5.4982223510742188,
75.799999999999997,5.2989273071289062,
75.900000000000006,5.0664215087890625,
76,4.9207916259765625,
76.099999999999994,4.7649307250976562,
76.200000000000003,4.5170974731445312,
76.299999999999997,4.2334976196289062,
76.400000000000006,3.9805526733398438,
76.5,3.7531509399414062,
76.599999999999994,3.5385360717773438,
76.700000000000003,3.3366851806640625,
76.799999999999997,3.13995361328125,
76.900000000000006,2.9585494995117188,
77,2.7950286865234375,
77.099999999999994,2.6085128784179688,
77.200000000000003,2.4015579223632812,
77.299999999999997,2.2584762573242188,
77.400000000000006,2.2610321044921875,
77.5,2.3070220947265625,
77.599999999999994,2.2329254150390625,
77.700000000000003,2.0872955322265625,
77.799999999999997,1.96209716796875,
77.900000000000006,1.85223388671875,
78,1.7372589111328125,
78.099999999999994,1.6350555419921875,
78.200000000000003,1.530303955078125,
78.299999999999997,1.438323974609375,
78.400000000000006,1.3795623779296875,
78.5,1.346343994140625,
78.599999999999994,1.33612060546875,
78.700000000000003,1.3386764526367188,
78.799999999999997,1.3437881469726562,
78.900000000000006,1.3540115356445312,
79,1.3872222900390625,
79.099999999999994,1.4459915161132812,
79.200000000000003,1.5073089599609375,
79.299999999999997,1.5507431030273438,
79.400000000000006,1.6171722412109375,
79.5,1.7270355224609375,
79.599999999999994,1.8369064331054688,
79.700000000000003,1.9697647094726562,
79.799999999999997,2.1639404296875,
79.900000000000006,2.3811187744140625,
80,2.5855178833007812,10.526315689086914
80.099999999999994,2.7975845336914062,
80.200000000000003,2.9968719482421875,
80.299999999999997,3.1578369140625,
80.400000000000006,3.3622360229492188,
80.5,3.6662826538085938,
80.599999999999994,3.9754409790039062,
80.700000000000003,4.2309417724609375,
80.799999999999997,4.4762191772460938,
80.900000000000006,4.7393875122070312,
81,5.0025482177734375,
81.099999999999994,5.2708206176757812,
81.200000000000003,5.467559814453125,
81.299999999999997,5.4931106567382812,
81.400000000000006,5.4266815185546875,
81.5,5.3985748291015625,
81.599999999999994,5.3628005981445312,
81.700000000000003,5.2887115478515625,
81.799999999999997,5.1890640258789062,
81.900000000000006,5.0587615966796875,
82,4.9131240844726562,
82.099999999999994,4.7368316650390625,
82.200000000000003,4.529876708984375,
82.299999999999997,4.335693359375,
82.400000000000006,4.1721725463867188,
82.5,4.02398681640625,
82.599999999999994,3.8783493041992188,
82.700000000000003,3.7506027221679688,
82.799999999999997,3.6228485107421875,
82.900000000000006,3.4823226928710938,
83,3.341796875,
83.099999999999994,3.1833877563476562,
83.200000000000003,3.0045394897460938,
83.299999999999997,2.8333511352539062,
83.400000000000006,2.6953811645507812,
83.5,2.5906295776367188,
83.599999999999994,2.4935379028320312,
83.700000000000003,2.3785629272460938,
83.799999999999997,2.2533721923828125,
83.900000000000006,2.1307296752929688,
84,2.0234222412109375,
84.099999999999994,1.96209716796875,
84.200000000000003,1.9109954833984375,
84.299999999999997,1.8343505859375,
84.400000000000006,1.7960205078125,
84.5,1.7858047485351562,
84.599999999999994,1.770477294921875,
84.700000000000003,1.7576980590820312,
84.799999999999997,1.7372589111328125,
84.900000000000006,1.696380615234375,
85,1.612060546875,
85.099999999999994,1.5149765014648438,
85.200000000000003,1.4587631225585938,
85.299999999999997,1.456207275390625,
85.400000000000006,1.4970855712890625,
85.5,1.5992889404296875,
85.599999999999994,1.7347030639648438,
85.700000000000003,1.8292388916015625,
85.799999999999997,1.9493255615234375,
85.900000000000006,2.1026229858398438,
86,2.209930419921875,
86.099999999999994,2.2968063354492188,
86.200000000000003,2.485870361328125,
86.299999999999997,2.7924728393554688,
86.400000000000006,3.1322860717773438,
86.5,3.4516677856445312,
86.599999999999994,3.7148284912109375,
86.700000000000003,3.9550018310546875,
86.799999999999997,4.2002792358398438,
86.900000000000006,4.4813308715820312,
87,4.7751541137695312,
87.099999999999994,5.0306549072265625,
87.200000000000003,5.2478256225585938,
87.299999999999997,5.4420089721679688,
87.400000000000006,5.5672073364257812,
87.5,5.60552978515625,
87.599999999999994,5.6157455444335938,
87.700000000000003,5.595306396484375,
87.799999999999997,5.5391006469726562,
87.900000000000006,5.4420089721679688,
88,5.3168106079101562,
88.099999999999994,5.181396484375,
88.200000000000003,4.97955322265625,
88.299999999999997,4.7419357299804688,
88.400000000000006,4.5145416259765625,
88.5,4.3254776000976562,
88.599999999999994,4.1951675415039062,
88.700000000000003,4.0725326538085938,
88.799999999999997,3.9090118408203125,
88.900000000000006,3.7531509399414062,
89,3.6356277465820312,
89.099999999999994,3.5257568359375,
89.200000000000003,3.3852310180664062,
89.299999999999997,3.2344894409179688,
89.400000000000006,3.0862960815429688,
89.5,2.9304428100585938,
89.599999999999994,2.7745895385742188,
89.700000000000003,2.577850341796875,
89.799999999999997,2.3530120849609375,
89.900000000000006,2.18438720703125,
90,2.0591888427734375,10.160881042480469
90.099999999999994,1.9467697143554688,
90.200000000000003,1.8599014282226562,
90.299999999999997,1.8011322021484375,
90.400000000000006,1.7219314575195312,
90.5,1.6273956298828125,
90.599999999999994,1.5737380981445312,
90.700000000000003,1.512420654296875,
90.799999999999997,1.4178848266601562,
90.900000000000006,1.3386764526367188,
91,1.30035400390625,
91.099999999999994,1.2926864624023438,
91.200000000000003,1.2977981567382812,
91.299999999999997,1.3054656982421875,
91.400000000000006,1.3182373046875,
91.5,1.3233489990234375,
91.599999999999994,1.3259048461914062,
91.700000000000003,1.3310165405273438,
91.799999999999997,1.3335723876953125,
91.900000000000006,1.3693389892578125,
92,1.438323974609375,
92.099999999999994,1.5149765014648438,
92.200000000000003,1.6299514770507812,
92.299999999999997,1.76025390625,
92.400000000000006,1.8828964233398438,
92.5,2.0413055419921875,
92.599999999999994,2.266143798828125,
92.700000000000003,2.4986495971679688,
92.799999999999997,2.7107162475585938,
92.900000000000006,2.945770263671875,
93,3.1961669921875,
93.099999999999994,3.4567718505859375,
93.200000000000003,3.7148284912109375,
93.299999999999997,3.9473342895507812,
93.400000000000006,4.1875076293945312,
93.5,4.4200057983398438,
93.599999999999994,4.6090774536132812,
93.700000000000003,4.7828216552734375,
93.799999999999997,4.9974365234375,
93.900000000000006,5.2427215576171875,
94,5.4420089721679688,
94.099999999999994,5.4828872680664062,
94.200000000000003,5.4598922729492188,
94.299999999999997,5.357696533203125,
94.400000000000006,5.0868606567382812,
94.5,4.7930374145507812,
94.599999999999994,4.5605316162109375,
94.700000000000003,4.3944625854492188,
94.799999999999997,4.2667083740234375,
94.900000000000006,4.2028350830078125,
95,4.179840087890625,
95.099999999999994,4.1747283935546875,
95.200000000000003,4.1440658569335938,
95.299999999999997,4.0929718017578125,
95.400000000000006,3.9831008911132812,
95.5,3.8451309204101562,
95.599999999999994,3.7327117919921875,
95.700000000000003,3.5921859741210938,
95.799999999999997,3.4286651611328125,
95.900000000000006,3.2855911254882812,
96,3.1450653076171875,
96.099999999999994,2.9866561889648438,
96.200000000000003,2.8129119873046875,
96.299999999999997,2.6596145629882812,
96.400000000000006,2.5293121337890625,
96.5,2.38623046875,
96.599999999999994,2.2457046508789062,
96.700000000000003,2.1358413696289062,
96.799999999999997,2.0387496948242188,
96.900000000000006,1.954437255859375,
97,1.8828964233398438,
97.099999999999994,1.824127197265625,
97.200000000000003,1.7806930541992188,
97.299999999999997,1.7474822998046875,
97.400000000000006,1.70404052734375,
97.5,1.650390625,
97.599999999999994,1.6197280883789062,
97.700000000000003,1.612060546875,
97.799999999999997,1.6146163940429688,
97.900000000000006,1.622283935546875,
98,1.6248397827148438,
98.099999999999994,1.6248397827148438,
98.200000000000003,1.6299514770507812,
98.299999999999997,1.6376113891601562,
98.400000000000006,1.6427230834960938,
98.5,1.6299514770507812,
98.599999999999994,1.622283935546875,
98.700000000000003,1.6350555419921875,
98.799999999999997,1.6606063842773438,
98.900000000000006,1.6938247680664062,
99,1.74237060546875,
99.099999999999994,1.8011322021484375,
99.200000000000003,1.880340576171875,
99.299999999999997,1.9774322509765625,
99.400000000000006,2.082183837890625,
99.5,2.1869354248046875,
99.599999999999994,2.3146896362304688,
99.700000000000003,2.506317138671875,
99.799999999999997,2.7337112426757812,
99.900000000000006,2.95599365234375,
100,3.1961669921875,10.016695022583008
100.09999999999999,3.444000244140625,
100.2,3.6765060424804688,
100.3,3.8911209106445312,
100.40000000000001,4.0980758666992188,
100.5,4.271820068359375,
100.59999999999999,4.4149017333984375,
100.7,4.5400924682617188,
100.8,4.6550674438476562,
100.90000000000001,4.72149658203125,
101,4.731719970703125,
101.09999999999999,4.7547149658203125,
101.2,4.7623825073242188,
101.3,4.72149658203125,
101.40000000000001,4.6448516845703125,
101.5,4.5554275512695312,
101.59999999999999,4.4813308715820312,
101.7,4.4302291870117188,
101.8,4.4021224975585938,
101.90000000000001,4.3714675903320312,
102,4.31781005859375,
102.09999999999999,4.2615966796875,
102.2,4.2053909301757812,
102.3,4.1210708618164062,
102.40000000000001,4.031646728515625,
102.5,3.9550018310546875,
102.59999999999999,3.85791015625,
102.7,3.748046875,
102.8,3.627960205078125,
102.90000000000001,3.4976577758789062,
103,3.3647918701171875,
103.09999999999999,3.2344894409179688,
103.2,3.083740234375,
103.3,2.8895645141601562,
103.40000000000001,2.6851654052734375,
103.5,2.5037612915039062,
103.59999999999999,2.2993621826171875,
103.7,2.1051788330078125,
103.8,1.990203857421875,
103.90000000000001,1.9391021728515625,
104,1.9212188720703125,
104.09999999999999,1.908447265625,
104.2,1.880340576171875,
104.3,1.7960205078125,
104.40000000000001,1.6912689208984375,
104.5,1.63250732421875,
104.59999999999999,1.612060546875,
104.7,1.6018447875976562,
104.8,1.5967330932617188,
104.90000000000001,1.5967330932617188,
105,1.5967330932617188,
105.09999999999999,1.5992889404296875,
105.2,1.5967330932617188,
105.3,1.5737380981445312,
105.40000000000001,1.5558547973632812,
105.5,1.5532989501953125,
105.59999999999999,1.5635223388671875,
105.7,1.59417724609375,
105.8,1.678497314453125,
105.90000000000001,1.8369064331054688,
106,2.064300537109375,
106.09999999999999,2.3274612426757812,
106.2,2.559967041015625,
106.3,2.726043701171875,
106.40000000000001,2.9125595092773438,
106.5,3.1987152099609375,
106.59999999999999,3.535980224609375,
106.7,3.8374710083007812,
106.8,3.8987884521484375,
106.90000000000001,3.610076904296875,
107,3.4772109985351562,
107.09999999999999,3.8349151611328125,
107.2,4.4097900390625,
107.3,4.859466552734375,
107.40000000000001,5.16351318359375,
107.5,5.4420089721679688,
107.59999999999999,5.669403076171875,
107.7,5.8201522827148438,
107.8,5.8942413330078125,
107.90000000000001,5.8686904907226562,
108,5.7128372192382812,
108.09999999999999,5.5135498046875,
108.2,5.3781356811523438,
108.3,5.2759323120117188,
108.40000000000001,5.16351318359375,
108.5,5.0408706665039062,
108.59999999999999,4.9003524780273438,
108.7,4.7470474243164062,
108.8,4.61163330078125,
108.90000000000001,4.48388671875,
109,4.335693359375,
109.09999999999999,4.1926116943359375,
109.2,4.0801925659179688,
109.3,3.98565673828125,
109.40000000000001,3.8962326049804688,
109.5,3.8042526245117188,
109.59999999999999,3.7071609497070312,
109.7,3.5972976684570312,
109.8,3.4874343872070312,
109.90000000000001,3.352020263671875,
110,3.1884994506835938,9.0429534912109375
110.09999999999999,3.0428619384765625,
110.2,2.9227752685546875,
110.3,2.8052520751953125,
110.40000000000001,2.6877212524414062,
110.5,2.5829620361328125,
110.59999999999999,2.4756546020507812,
110.7,2.36834716796875,
110.8,2.25592041015625,
110.90000000000001,2.117950439453125,
111,1.9825363159179688,
111.09999999999999,1.8905563354492188,
111.2,1.8317947387695312,
111.3,1.7858047485351562,
111.40000000000001,1.74237060546875,
111.5,1.6912689208984375,
111.59999999999999,1.640167236328125,
111.7,1.5992889404296875,
111.8,1.5711822509765625,
111.90000000000001,1.530303955078125,
112,1.48431396484375,
112.09999999999999,1.4689865112304688,
112.2,1.4715423583984375,
112.3,1.4894256591796875,
112.40000000000001,1.4919815063476562,
112.5,1.48431396484375,
112.59999999999999,1.494537353515625,
112.7,1.5047531127929688,
112.8,1.512420654296875,
112.90000000000001,1.52008056640625,
113,1.512420654296875,
113.09999999999999,1.5328598022460938,
113.2,1.6478347778320312,
113.3,1.842010498046875,
113.40000000000001,2.0515213012695312,
113.5,2.2763671875,
113.59999999999999,2.4935379028320312,
113.7,2.6774978637695312,
113.8,2.8614578247070312,
113.90000000000001,3.0403060913085938,
114,3.2012710571289062,
114.09999999999999,3.3928985595703125,
114.2,3.6151809692382812,
114.3,3.8349151611328125,
114.40000000000001,4.0418701171875,
114.5,4.2283859252929688,
114.59999999999999,4.3842391967773438,
114.7,4.5170974731445312,
114.8,4.6320724487304688,
114.90000000000001,4.731719970703125,
115,4.8262557983398438,
115.09999999999999,4.9080123901367188,
115.2,4.9744415283203125,
115.3,5.0178756713867188,
115.40000000000001,5.0229873657226562,
115.5,5.0025482177734375,
115.59999999999999,4.9105682373046875,
115.7,4.7444915771484375,
115.8,4.5707550048828125,
115.90000000000001,4.4225616455078125,
116,4.2948150634765625,
116.09999999999999,4.1951675415039062,
116.2,4.1134109497070312,
116.3,4.0214309692382812,
116.40000000000001,3.921783447265625,
116.5,3.8323593139648438,
116.59999999999999,3.7173843383789062,
116.7,3.5743026733398438,
116.8,3.43377685546875,
116.90000000000001,3.3009185791015625,
117,3.1833877563476562,
117.09999999999999,3.0505294799804688,
117.2,2.8844528198242188,
117.3,2.708160400390625,
117.40000000000001,2.5318603515625,
117.5,2.376007080078125,
117.59999999999999,2.230377197265625,
117.7,2.1154022216796875,
117.8,2.07196044921875,
117.90000000000001,2.03619384765625,
118,1.9442138671875,
118.09999999999999,1.8292388916015625,
118.2,1.7372589111328125,
118.3,1.6759414672851562,
118.40000000000001,1.6299514770507812,
118.5,1.59417724609375,
118.59999999999999,1.5686264038085938,
118.7,1.5175323486328125,
118.8,1.4638748168945312,
118.90000000000001,1.4408798217773438,
119,1.4459915161132812,
119.09999999999999,1.4587631225585938,
119.2,1.494537353515625,
119.3,1.5558547973632812,
119.40000000000001,1.59417724609375,
119.5,1.6248397827148438,
119.59999999999999,1.7219314575195312,
119.7,1.8854522705078125,
119.8,2.064300537109375,
119.90000000000001,2.2584762573242188,
120,2.4654312133789062,8.4586458206176758
120.09999999999999,2.6774978637695312,
120.2,2.9048919677734375,
120.3,3.13995361328125,
120.40000000000001,3.3750152587890625,
120.5,3.610076904296875,
120.59999999999999,3.8170318603515625,
120.7,3.9984359741210938,
120.8,4.197723388671875,
120.90000000000001,4.437896728515625,
121,4.70361328125,
121.09999999999999,4.9693374633789062,
121.2,5.16351318359375,
121.3,5.283599853515625,
121.40000000000001,5.4011306762695312,
121.5,5.3832473754882812,
121.59999999999999,5.2606048583984375,
121.7,5.1379623413085938,
121.8,4.9744415283203125,
121.90000000000001,4.8262557983398438,
122,4.6831741333007812,
122.09999999999999,4.5554275512695312,
122.2,4.445556640625,
122.3,4.3408050537109375,
122.40000000000001,4.2334976196289062,
122.5,4.0853042602539062,
122.59999999999999,3.8885726928710938,
122.7,3.6841659545898438,
122.8,3.489990234375,
122.90000000000001,3.28814697265625,
123,3.0607452392578125,
123.09999999999999,2.835906982421875,
123.2,2.6391754150390625,
123.3,2.467987060546875,
123.40000000000001,2.3351287841796875,
123.5,2.2252655029296875,
123.59999999999999,2.1128463745117188,
123.7,2.025970458984375,
123.8,1.97998046875,
123.90000000000001,1.954437255859375,
124,1.9391021728515625,
124.09999999999999,1.9288864135742188,
124.2,1.9058914184570312,
124.3,1.8828964233398438,
124.40000000000001,1.8675613403320312,
124.5,1.8573455810546875,
124.59999999999999,1.8394622802734375,
124.7,1.806243896484375,
124.8,1.788360595703125,
124.90000000000001,1.7934722900390625,
125,1.8087997436523438,
125.09999999999999,1.824127197265625,
125.2,1.8599014282226562,
125.3,1.9467697143554688,
125.40000000000001,2.0949554443359375,
125.5,2.2916946411132812,
125.59999999999999,2.4807662963867188,
125.7,2.6774978637695312,
125.8,2.9381103515625,
125.90000000000001,3.2344894409179688,
126,3.5027618408203125,
126.09999999999999,3.7582626342773438,
126.2,4.031646728515625,
126.3,4.307586669921875,
126.40000000000001,4.5503158569335938,
126.5,4.805816650390625,
126.59999999999999,5.0229873657226562,
126.7,5.16351318359375,
126.8,5.31170654296875,
126.90000000000001,5.4803314208984375,
127,5.5518722534179688,
127.09999999999999,5.4522323608398438,
127.2,5.23760986328125,
127.3,5.0306549072265625,
127.40000000000001,4.90545654296875,
127.5,4.7904815673828125,
127.59999999999999,4.621856689453125,
127.7,4.4174575805664062,
127.8,4.2130508422851562,
127.90000000000001,3.9984359741210938,
128,3.7684860229492188,
128.09999999999999,3.5436477661132812,
128.19999999999999,3.3366851806640625,
128.30000000000001,3.150177001953125,
128.40000000000001,2.9534378051757812,
128.5,2.726043701171875,
128.59999999999999,2.5114212036132812,
128.69999999999999,2.3913421630859375,
128.80000000000001,2.29425048828125,
128.90000000000001,2.1332855224609375,
129,1.97998046875,
129.09999999999999,1.8828964233398438,
129.19999999999999,1.8139114379882812,
129.30000000000001,1.7551422119140625,
129.40000000000001,1.7219314575195312,
129.5,1.7065963745117188,
129.59999999999999,1.7065963745117188,
129.69999999999999,1.7244873046875,
129.80000000000001,1.74237060546875,
129.90000000000001,1.7551422119140625,
130,1.7934722900390625,9.3023252487182617
130.09999999999999,1.8650054931640625,
130.19999999999999,1.9391021728515625,
130.30000000000001,2.0515213012695312,
130.40000000000001,2.2763671875,
130.5,2.5676345825195312,
130.59999999999999,2.88189697265625,
130.69999999999999,3.1833877563476562,
130.80000000000001,3.4567718505859375,
130.90000000000001,3.7046127319335938,
131,3.921783447265625,
131.09999999999999,4.1440658569335938,
131.19999999999999,4.345916748046875,
131.30000000000001,4.5043258666992188,
131.40000000000001,4.6039657592773438,
131.5,4.6704025268554688,
131.59999999999999,4.7010574340820312,
131.69999999999999,4.6550674438476562,
131.80000000000001,4.547760009765625,
131.90000000000001,4.3944625854492188,
132,4.2309417724609375,
132.09999999999999,4.0853042602539062,
132.19999999999999,3.9524459838867188,
132.30000000000001,3.811920166015625,
132.40000000000001,3.6739501953125,
132.5,3.5743026733398438,
132.59999999999999,3.479766845703125,
132.69999999999999,3.2983627319335938,
132.80000000000001,3.0326461791992188,
132.90000000000001,2.7745895385742188,
133,2.5829620361328125,
133.09999999999999,2.414337158203125,
133.19999999999999,2.2635879516601562,
133.30000000000001,2.1358413696289062,
133.40000000000001,2.0310821533203125,
133.5,1.9493255615234375,
133.59999999999999,1.862457275390625,
133.69999999999999,1.770477294921875,
133.80000000000001,1.7244873046875,
133.90000000000001,1.7295913696289062,
134,1.7372589111328125,
134.09999999999999,1.7168197631835938,
134.19999999999999,1.696380615234375,
134.30000000000001,1.6938247680664062,
134.40000000000001,1.6938247680664062,
134.5,1.6938247680664062,
134.59999999999999,1.6759414672851562,
134.69999999999999,1.650390625,
134.80000000000001,1.650390625,
134.90000000000001,1.6631622314453125,
135,1.658050537109375,
135.09999999999999,1.6350555419921875,
135.19999999999999,1.6273956298828125,
135.30000000000001,1.6478347778320312,
135.40000000000001,1.66827392578125,
135.5,1.6708297729492188,
135.59999999999999,1.650390625,
135.69999999999999,1.6197280883789062,
135.80000000000001,1.604400634765625,
135.90000000000001,1.6018447875976562,
136,1.6197280883789062,
136.09999999999999,1.650390625,
136.19999999999999,1.7014923095703125,
136.30000000000001,1.8394622802734375,
136.40000000000001,2.0975112915039062,
136.5,2.3708953857421875,
136.59999999999999,2.6315078735351562,
136.69999999999999,2.9253311157226562,
136.80000000000001,3.2268218994140625,
136.90000000000001,3.5129852294921875,
137,3.7761459350585938,
137.09999999999999,4.0035476684570312,
137.19999999999999,4.1951675415039062,
137.30000000000001,4.381683349609375,
137.40000000000001,4.53753662109375,
137.5,4.6499557495117188,
137.59999999999999,4.7623825073242188,
137.69999999999999,4.86968994140625,
137.80000000000001,4.9488906860351562,
137.90000000000001,4.9821090698242188,
138,4.9463424682617188,
138.09999999999999,4.851806640625,
138.19999999999999,4.7725982666015625,
138.30000000000001,4.7163925170898438,
138.40000000000001,4.6065216064453125,
138.5,4.4608917236328125,
138.59999999999999,4.3126983642578125,
138.69999999999999,4.1594009399414062,
138.80000000000001,4.0214309692382812,
138.90000000000001,3.8425827026367188,
139,3.6151809692382812,
139.09999999999999,3.4082260131835938,
139.19999999999999,3.21405029296875,
139.30000000000001,3.001983642578125,
139.40000000000001,2.7848052978515625,
139.5,2.60595703125,
139.59999999999999,2.4628753662109375,
139.69999999999999,2.3351287841796875,
139.80000000000001,2.2227096557617188,
139.90000000000001,2.1230621337890625,
140,2.0413055419921875,10.657193183898926
140.09999999999999,1.9876480102539062,
140.19999999999999,1.9186630249023438,
140.30000000000001,1.8292388916015625,
140.40000000000001,1.77813720703125,
140.5,1.7576980590820312,
140.59999999999999,1.7551422119140625,
140.69999999999999,1.7576980590820312,
140.80000000000001,1.7576980590820312,
140.90000000000001,1.7628097534179688,
141,1.7653656005859375,
141.09999999999999,1.7679214477539062,
141.19999999999999,1.7525863647460938,
141.30000000000001,1.732147216796875,
141.40000000000001,1.7372589111328125,
141.5,1.7525863647460938,
141.59999999999999,1.7653656005859375,
141.69999999999999,1.7755813598632812,
141.80000000000001,1.7858047485351562,
141.90000000000001,1.7934722900390625,
142,1.7960205078125,
142.09999999999999,1.806243896484375,
142.19999999999999,1.8036880493164062,
142.30000000000001,1.7858047485351562,
142.40000000000001,1.7806930541992188,
142.5,1.788360595703125,
142.59999999999999,1.7960205078125,
142.69999999999999,1.8036880493164062,
142.80000000000001,1.81646728515625,
142.90000000000001,1.8215713500976562,
143,1.8292388916015625,
143.09999999999999,1.842010498046875,
143.19999999999999,1.8394622802734375,
143.30000000000001,1.8139114379882812,
143.40000000000001,1.7960205078125,
143.5,1.7934722900390625,
143.59999999999999,1.7985763549804688,
143.69999999999999,1.81646728515625,
143.80000000000001,1.8266830444335938,
143.90000000000001,1.8496780395507812,
144,1.8752288818359375,
144.09999999999999,1.8854522705078125,
144.19999999999999,1.898223876953125,
144.30000000000001,1.9186630249023438,
144.40000000000001,1.9825363159179688,
144.5,2.11029052734375,
144.59999999999999,2.3044662475585938,
144.69999999999999,2.5574111938476562,
144.80000000000001,2.7975845336914062,
144.90000000000001,3.01220703125,
145,3.2370452880859375,
145.09999999999999,3.4593276977539062,
145.19999999999999,3.6509552001953125,
145.30000000000001,3.794036865234375,
145.40000000000001,3.8732376098632812,
145.5,3.9166717529296875,
145.59999999999999,3.9933242797851562,
145.69999999999999,4.1031875610351562,
145.80000000000001,4.2488250732421875,
145.90000000000001,4.4685516357421875,
146,4.7444915771484375,
146.09999999999999,4.8926849365234375,
146.19999999999999,4.8288116455078125,
146.30000000000001,4.70361328125,
146.40000000000001,4.5503158569335938,
146.5,4.3408050537109375,
146.59999999999999,4.1134109497070312,
146.69999999999999,3.8706817626953125,
146.80000000000001,3.610076904296875,
146.90000000000001,3.3315811157226562,
147,3.1067352294921875,
147.09999999999999,3.0045394897460938,
147.19999999999999,2.8614578247070312,
147.30000000000001,2.60595703125,
147.40000000000001,2.3606796264648438,
147.5,2.100067138671875,
147.59999999999999,1.8752288818359375,
147.69999999999999,1.714263916015625,
147.80000000000001,1.640167236328125,
147.90000000000001,1.6989364624023438,
148,1.696380615234375,
148.09999999999999,1.5839614868164062,
148.19999999999999,1.5073089599609375,
148.30000000000001,1.474090576171875,
148.40000000000001,1.4434356689453125,
148.5,1.420440673828125,
148.59999999999999,1.4076614379882812,
148.69999999999999,1.4076614379882812,
148.80000000000001,1.4332122802734375,
148.90000000000001,1.48431396484375,
149,1.5609664916992188,
149.09999999999999,1.658050537109375,
149.19999999999999,1.7909164428710938,
149.30000000000001,2.0617446899414062,
149.40000000000001,2.414337158203125,
149.5,2.7311553955078125,
149.59999999999999,3.0786361694335938,
149.69999999999999,3.4184494018554688,
149.80000000000001,3.6713943481445312,
149.90000000000001,3.9013442993164062,
150,4.1108551025390625,10.511562347412109
150.09999999999999,4.2564926147460938,
150.19999999999999,4.4021224975585938,
150.30000000000001,4.6167449951171875,
150.40000000000001,4.8313674926757812,
150.5,4.915679931640625,
150.59999999999999,4.851806640625,
150.69999999999999,4.8313674926757812,
150.80000000000001,4.9565582275390625,
150.90000000000001,5.1941757202148438,
151,5.4522323608398438,
151.09999999999999,5.6157455444335938,
151.19999999999999,5.7051773071289062,
151.30000000000001,5.7537155151367188,
151.40000000000001,5.7920455932617188,
151.5,5.78948974609375,
151.59999999999999,5.7511672973632812,
151.69999999999999,5.725616455078125,
151.80000000000001,5.6770706176757812,
151.90000000000001,5.559539794921875,
152,5.3857955932617188,
152.09999999999999,5.2018356323242188,
152.19999999999999,5.0178756713867188,
152.30000000000001,4.7904815673828125,
152.40000000000001,4.50177001953125,
152.5,4.2334976196289062,
152.59999999999999,4.0188751220703125,
152.69999999999999,3.8246917724609375,
152.80000000000001,3.6151809692382812,
152.90000000000001,3.4107818603515625,
153,3.2293777465820312,
153.09999999999999,3.0811920166015625,
153.19999999999999,2.9713211059570312,
153.30000000000001,2.835906982421875,
153.40000000000001,2.6774978637695312,
153.5,2.577850341796875,
153.59999999999999,2.5497512817382812,
153.69999999999999,2.5216445922851562,
153.80000000000001,2.340240478515625,
153.90000000000001,2.0668563842773438,
154,1.9007797241210938,
154.09999999999999,1.8369064331054688,
154.19999999999999,1.7960205078125,
154.30000000000001,1.6606063842773438,
154.40000000000001,1.4766464233398438,
154.5,1.382110595703125,
154.59999999999999,1.3437881469726562,
154.69999999999999,1.3131256103515625,
154.80000000000001,1.2952423095703125,
154.90000000000001,1.30035400390625,
155,1.3207931518554688,
155.09999999999999,1.3412322998046875,
155.19999999999999,1.37445068359375,
155.30000000000001,1.3974456787109375,
155.40000000000001,1.3974456787109375,
155.5,1.402557373046875,
155.59999999999999,1.4434356689453125,
155.69999999999999,1.5328598022460938,
155.80000000000001,1.7065963745117188,
155.90000000000001,2.00042724609375,
156,2.3172454833984375,
156.09999999999999,2.5804061889648438,
156.19999999999999,2.7924728393554688,
156.30000000000001,2.9585494995117188,
156.40000000000001,3.0965194702148438,
156.5,3.2472610473632812,
156.59999999999999,3.4158935546875,
156.69999999999999,3.5768585205078125,
156.80000000000001,3.6969451904296875,
156.90000000000001,3.7863693237304688,
157,3.8323593139648438,
157.09999999999999,3.8272476196289062,
157.19999999999999,3.8246917724609375,
157.30000000000001,3.7889251708984375,
157.40000000000001,3.7224960327148438,
157.5,3.7148284912109375,
157.59999999999999,3.7301559448242188,
157.69999999999999,3.7250518798828125,
157.80000000000001,3.719940185546875,
157.90000000000001,3.737823486328125,
158,3.8655776977539062,
158.09999999999999,4.105743408203125,
158.19999999999999,4.3229217529296875,
158.30000000000001,4.5068817138671875,
158.40000000000001,4.7368316650390625,
158.5,4.97955322265625,
158.59999999999999,5.1992874145507812,
158.69999999999999,5.4011306762695312,
158.80000000000001,5.6234130859375,
158.90000000000001,5.8405914306640625,
159,6.037322998046875,
159.09999999999999,6.2596054077148438,
159.19999999999999,6.4691162109375,
159.30000000000001,6.5943145751953125,
159.40000000000001,6.6403045654296875,
159.5,6.6147537231445312,
159.59999999999999,6.4997787475585938,
159.69999999999999,6.3515853881835938,
159.80000000000001,6.2110671997070312,
159.90000000000001,6.0245513916015625,
160,5.7946014404296875,8.6393089294433594
160.09999999999999,5.5978622436523438,
160.19999999999999,5.4292373657226562,
160.30000000000001,5.2401657104492188,
160.40000000000001,5.05364990234375,
160.5,4.8926849365234375,
160.59999999999999,4.7291641235351562,
160.69999999999999,4.5605316162109375,
160.80000000000001,4.399566650390625,
160.90000000000001,4.2334976196289062,
161,4.0546417236328125,
161.09999999999999,3.8604660034179688,
161.19999999999999,3.6841659545898438,
161.30000000000001,3.5385360717773438,
161.40000000000001,3.39801025390625,
161.5,3.2625961303710938,
161.59999999999999,3.1348419189453125,
161.69999999999999,3.0147552490234375,
161.80000000000001,2.8870086669921875,
161.90000000000001,2.7337112426757812,
162,2.6110687255859375,
162.09999999999999,2.6187362670898438,
162.19999999999999,2.6774978637695312,
162.30000000000001,2.651947021484375,
162.40000000000001,2.60595703125,
162.5,2.5957412719726562,
162.59999999999999,2.5625228881835938,
162.69999999999999,2.4730987548828125,
162.80000000000001,2.3734512329101562,
162.90000000000001,2.2814712524414062,
163,2.1946029663085938,
163.09999999999999,2.1205062866210938,
163.19999999999999,2.0745162963867188,
163.30000000000001,2.025970458984375,
163.40000000000001,1.9774322509765625,
163.5,1.954437255859375,
163.59999999999999,1.954437255859375,
163.69999999999999,1.96209716796875,
163.80000000000001,1.9672088623046875,
163.90000000000001,1.990203857421875,
164,2.03619384765625,
164.09999999999999,2.0898513793945312,
164.19999999999999,2.1511688232421875,
164.30000000000001,2.2354812622070312,
164.40000000000001,2.340240478515625,
164.5,2.4756546020507812,
164.59999999999999,2.644287109375,
164.69999999999999,2.8154678344726562,
164.80000000000001,2.984100341796875,
164.90000000000001,3.1373977661132812,
165,3.2753677368164062,
165.09999999999999,3.4235610961914062,
165.19999999999999,3.5870819091796875,
165.30000000000001,3.7046127319335938,
165.40000000000001,3.794036865234375,
165.5,3.8451309204101562,
165.59999999999999,3.9268951416015625,
165.69999999999999,4.0367584228515625,
165.80000000000001,4.1594009399414062,
165.90000000000001,4.2845916748046875,
166,4.399566650390625,
166.09999999999999,4.5400924682617188,
166.19999999999999,4.767486572265625,
166.30000000000001,5.1149673461914062,
166.40000000000001,5.4522323608398438,
166.5,5.633636474609375,
166.59999999999999,5.6259689331054688,
166.69999999999999,5.449676513671875,
166.80000000000001,5.2197265625,
166.90000000000001,5.0127716064453125,
167,4.823699951171875,
167.09999999999999,4.6193008422851562,
167.19999999999999,4.4174575805664062,
167.30000000000001,4.2769317626953125,
167.40000000000001,4.16961669921875,
167.5,4.0648651123046875,
167.59999999999999,3.9524459838867188,
167.69999999999999,3.8323593139648438,
167.80000000000001,3.7301559448242188,
167.90000000000001,3.6330718994140625,
168,3.4593276977539062,
168.09999999999999,3.2396011352539062,
168.19999999999999,3.0556411743164062,
168.30000000000001,2.8997802734375,
168.40000000000001,2.754150390625,
168.5,2.6263961791992188,
168.59999999999999,2.5369720458984375,
168.69999999999999,2.4756546020507812,
168.80000000000001,2.414337158203125,
168.90000000000001,2.3453521728515625,
169,2.2329254150390625,
169.09999999999999,2.1128463745117188,
169.19999999999999,2.046417236328125,
169.30000000000001,2.0106430053710938,
169.40000000000001,1.9927597045898438,
169.5,1.9825363159179688,
169.59999999999999,1.97998046875,
169.69999999999999,1.9825363159179688,
169.80000000000001,1.990203857421875,
169.90000000000001,1.9978713989257812,
170,1.9953155517578125,8.8235292434692383
170.09999999999999,1.9748764038085938,
170.19999999999999,1.9595413208007812,
170.30000000000001,1.96209716796875,
170.40000000000001,1.9774322509765625,
170.5,1.9876480102539062,
170.59999999999999,1.990203857421875,
170.69999999999999,1.9978713989257812,
170.80000000000001,2.0029754638671875,
170.90000000000001,2.0106430053710938,
171,2.0131988525390625,
171.09999999999999,1.9927597045898438,
171.19999999999999,1.9697647094726562,
171.30000000000001,1.9672088623046875,
171.40000000000001,1.9748764038085938,
171.5,1.9850921630859375,
171.59999999999999,1.990203857421875,
171.69999999999999,1.9697647094726562,
171.80000000000001,1.9288864135742188,
171.90000000000001,1.9186630249023438,
172,1.9442138671875,
172.09999999999999,1.9518814086914062,
172.19999999999999,1.9416580200195312,
172.30000000000001,1.9518814086914062,
172.40000000000001,2.0234222412109375,
172.5,2.209930419921875,
172.59999999999999,2.47821044921875,
172.69999999999999,2.7924728393554688,
172.80000000000001,3.1476211547851562,
172.90000000000001,3.4874343872070312,
173,3.7684860229492188,
173.09999999999999,3.94989013671875,
173.19999999999999,4.105743408203125,
173.30000000000001,4.2871475219726562,
173.40000000000001,4.4046783447265625,
173.5,4.3689117431640625,
173.59999999999999,4.2207183837890625,
173.69999999999999,4.087860107421875,
173.80000000000001,4.0163192749023438,
173.90000000000001,3.9626617431640625,
174,3.8630218505859375,
174.09999999999999,3.7454910278320312,
174.19999999999999,3.645843505859375,
174.30000000000001,3.5564193725585938,
174.40000000000001,3.4848785400390625,
174.5,3.4363327026367188,
174.59999999999999,3.39801025390625,
174.69999999999999,3.3571319580078125,
174.80000000000001,3.3264694213867188,
174.90000000000001,3.3034744262695312,
175,3.2472610473632812,
175.09999999999999,3.1655044555664062,
175.19999999999999,3.083740234375,
175.30000000000001,2.9406661987304688,
175.40000000000001,2.73626708984375,
175.5,2.5293121337890625,
175.59999999999999,2.3427963256835938,
175.69999999999999,2.1997146606445312,
175.80000000000001,2.0949554443359375,
175.90000000000001,2.0208663940429688,
176,1.9416580200195312,
176.09999999999999,1.862457275390625,
176.19999999999999,1.81646728515625,
176.30000000000001,1.8036880493164062,
176.40000000000001,1.8087997436523438,
176.5,1.8266830444335938,
176.59999999999999,1.8369064331054688,
176.69999999999999,1.8343505859375,
176.80000000000001,1.8317947387695312,
176.90000000000001,1.8343505859375,
177,1.8343505859375,
177.09999999999999,1.8139114379882812,
177.19999999999999,1.788360595703125,
177.30000000000001,1.7832489013671875,
177.40000000000001,1.7909164428710938,
177.5,1.7960205078125,
177.59999999999999,1.8036880493164062,
177.69999999999999,1.8036880493164062,
177.80000000000001,1.8011322021484375,
177.90000000000001,1.8036880493164062,
178,1.81646728515625,
178.09999999999999,1.8113555908203125,
178.19999999999999,1.7858047485351562,
178.30000000000001,1.7730255126953125,
178.40000000000001,1.7755813598632812,
178.5,1.7832489013671875,
178.59999999999999,1.788360595703125,
178.69999999999999,1.7934722900390625,
178.80000000000001,1.7960205078125,
178.90000000000001,1.7985763549804688,
179,1.806243896484375,
179.09999999999999,1.806243896484375,
179.19999999999999,1.788360595703125,
179.30000000000001,1.7730255126953125,
179.40000000000001,1.7755813598632812,
179.5,1.7858047485351562,
179.59999999999999,1.788360595703125,
179.69999999999999,1.7934722900390625,
179.80000000000001,1.7985763549804688,
179.90000000000001,1.8011322021484375,
180,1.8087997436523438,8.1892633438110352
180.09999999999999,1.8036880493164062,
180.19999999999999,1.7832489013671875,
180.30000000000001,1.77813720703125,
180.40000000000001,1.7858047485351562,
180.5,1.7960205078125,
180.59999999999999,1.8087997436523438,
180.69999999999999,1.8573455810546875,
180.80000000000001,1.96209716796875,
180.90000000000001,2.1230621337890625,
181,2.3249053955078125,
181.09999999999999,2.5446395874023438,
181.19999999999999,2.7771453857421875,
181.30000000000001,3.0147552490234375,
181.40000000000001,3.2472610473632812,
181.5,3.50787353515625,
181.59999999999999,3.847686767578125,
181.69999999999999,4.2181625366210938,
181.80000000000001,4.5503158569335938,
181.90000000000001,4.8773574829101562,
182,5.2784881591796875,
182.09999999999999,5.7358322143554688,
182.19999999999999,6.147186279296875,
182.30000000000001,6.4895553588867188,
182.40000000000001,6.829376220703125,
182.5,7.2228469848632812,
182.59999999999999,7.5626602172851562,
182.69999999999999,7.6418609619140625,
182.80000000000001,7.51922607421875,
182.90000000000001,7.33526611328125,
183,7.1538619995117188,
183.09999999999999,6.92901611328125,
183.19999999999999,6.553436279296875,
183.30000000000001,6.1241912841796875,
183.40000000000001,5.7230606079101562,
183.5,5.3960189819335938,
183.59999999999999,5.1021957397460938,
183.69999999999999,4.8569107055664062,
183.80000000000001,4.6831741333007812,
183.90000000000001,4.5145416259765625,
184,4.3484725952148438,
184.09999999999999,4.1900558471679688,
184.19999999999999,4.02398681640625,
184.30000000000001,3.8681259155273438,
184.40000000000001,3.7403793334960938,
184.5,3.58197021484375,
184.59999999999999,3.387786865234375,
184.69999999999999,3.1527252197265625,
184.80000000000001,2.9227752685546875,
184.90000000000001,2.7515945434570312,
185,2.62384033203125,
185.09999999999999,2.51397705078125,
185.19999999999999,2.4168853759765625,
185.30000000000001,2.3351287841796875,
185.40000000000001,2.2738113403320312,
185.5,2.2252655029296875,
185.59999999999999,2.1767196655273438,
185.69999999999999,2.1205062866210938,
185.80000000000001,2.0438613891601562,
185.90000000000001,1.990203857421875,
186,1.9774322509765625,
186.09999999999999,1.97998046875,
186.19999999999999,1.9697647094726562,
186.30000000000001,1.954437255859375,
186.40000000000001,1.9442138671875,
186.5,1.9365463256835938,
186.59999999999999,1.9314422607421875,
186.69999999999999,1.9314422607421875,
186.80000000000001,1.9186630249023438,
186.90000000000001,1.8905563354492188,
187,1.880340576171875,
187.09999999999999,1.9109954833984375,
187.19999999999999,1.9493255615234375,
187.30000000000001,1.97998046875,
187.40000000000001,2.00042724609375,
187.5,1.9978713989257812,
187.59999999999999,1.9953155517578125,
187.69999999999999,2.0029754638671875,
187.80000000000001,2.0055313110351562,
187.90000000000001,1.9748764038085938,
188,1.9467697143554688,
188.09999999999999,1.9518814086914062,
188.19999999999999,1.9672088623046875,
188.30000000000001,1.9953155517578125,
188.40000000000001,2.0438613891601562,
188.5,2.1409454345703125,
188.59999999999999,2.2968063354492188,
188.69999999999999,2.4909820556640625,
188.80000000000001,2.7209320068359375,
188.90000000000001,2.945770263671875,
189,3.1527252197265625,
189.09999999999999,3.3750152587890625,
189.19999999999999,3.61773681640625,
189.30000000000001,3.8195877075195312,
189.40000000000001,4.069976806640625,
189.5,4.3280258178710938,
189.59999999999999,4.5988616943359375,
189.69999999999999,4.8773574829101562,
189.80000000000001,5.0562057495117188,
189.90000000000001,5.1992874145507812,
190,5.3065948486328125,6.004002571105957
190.09999999999999,5.5263214111328125,
190.19999999999999,5.7767105102539062,
190.30000000000001,5.8303680419921875,
190.40000000000001,5.651519775390625,
190.5,5.3244781494140625,
190.59999999999999,4.989776611328125,
190.69999999999999,4.70361328125,
190.80000000000001,4.4149017333984375,
190.90000000000001,4.1568450927734375,
191,3.9626617431640625,
191.09999999999999,3.7991409301757812,
191.19999999999999,3.61773681640625,
191.30000000000001,3.4465560913085938,
191.40000000000001,3.277923583984375,
191.5,3.0633010864257812,
191.59999999999999,2.853790283203125,
191.69999999999999,2.6800537109375,
191.80000000000001,2.4986495971679688,
191.90000000000001,2.3146896362304688,
192,2.1716079711914062,
192.09999999999999,2.046417236328125,
192.19999999999999,1.9672088623046875,
192.30000000000001,1.916107177734375,
192.40000000000001,1.8573455810546875,
192.5,1.81646728515625,
192.59999999999999,1.7858047485351562,
192.69999999999999,1.7525863647460938,
192.80000000000001,1.7065963745117188,
192.90000000000001,1.658050537109375,
193,1.622283935546875,
193.09999999999999,1.6095123291015625,
193.19999999999999,1.622283935546875,
193.30000000000001,1.640167236328125,
193.40000000000001,1.6529464721679688,
193.5,1.66827392578125,
193.59999999999999,1.6861572265625,
193.69999999999999,1.7091522216796875,
193.80000000000001,1.7372589111328125,
193.90000000000001,1.7347030639648438,
194,1.7219314575195312,
194.09999999999999,1.7372589111328125,
194.19999999999999,1.770477294921875,
194.30000000000001,1.8266830444335938,
194.40000000000001,1.933990478515625,
194.5,2.07196044921875,
194.59999999999999,2.22015380859375,
194.69999999999999,2.3964462280273438,
194.80000000000001,2.5701904296875,
194.90000000000001,2.7209320068359375,
195,2.8972320556640625,
195.09999999999999,3.1144027709960938,
195.19999999999999,3.341796875,
195.30000000000001,3.5640869140625,
195.40000000000001,3.7684860229492188,
195.5,3.9754409790039062,
195.59999999999999,4.1823959350585938,
195.69999999999999,4.3433609008789062,
195.80000000000001,4.4430007934570312,
195.90000000000001,4.4813308715820312,
196,4.4430007934570312,
196.09999999999999,4.3280258178710938,
196.19999999999999,4.2028350830078125,
196.30000000000001,4.1134109497070312,
196.40000000000001,4.0495376586914062,
196.5,3.9652175903320312,
196.59999999999999,3.84002685546875,
196.69999999999999,3.663726806640625,
196.80000000000001,3.4669952392578125,
196.90000000000001,3.313690185546875,
197,3.1782760620117188,
197.09999999999999,3.0403060913085938,
197.19999999999999,2.8997802734375,
197.30000000000001,2.7337112426757812,
197.40000000000001,2.5804061889648438,
197.5,2.450103759765625,
197.59999999999999,2.1946029663085938,
197.69999999999999,1.8292388916015625,
197.80000000000001,1.5609664916992188,
197.90000000000001,1.392333984375,
198,1.2773590087890625,
198.09999999999999,1.218597412109375,
198.19999999999999,1.2058181762695312,
198.30000000000001,1.2211456298828125,
198.40000000000001,1.2339248657226562,
198.5,1.22625732421875,
198.59999999999999,1.218597412109375,
198.69999999999999,1.2083740234375,
198.80000000000001,1.1879348754882812,
198.90000000000001,1.1700515747070312,
199,1.172607421875,
199.09999999999999,1.1930465698242188,
199.19999999999999,1.2083740234375,
199.30000000000001,1.2237014770507812,
199.40000000000001,1.2492523193359375,
199.5,1.2773590087890625,
199.59999999999999,1.2977981567382812,
199.69999999999999,1.3207931518554688,
199.80000000000001,1.33612060546875,
199.90000000000001,1.3565673828125,
200,1.5073089599609375,8.0213899612426758
200.09999999999999,1.770477294921875,
200.19999999999999,2.03619384765625,
200.30000000000001,2.2968063354492188,
200.40000000000001,2.55230712890625,
200.5,2.7975845336914062,
200.59999999999999,3.0479736328125,
200.69999999999999,3.3034744262695312,
200.80000000000001,3.518096923828125,
200.90000000000001,3.6841659545898438,
201,3.886016845703125,
201.09999999999999,4.16961669921875,
201.19999999999999,4.445556640625,
201.30000000000001,4.6371841430664062,
201.40000000000001,4.7879257202148438,
201.5,4.9182357788085938,
201.59999999999999,4.9846649169921875,
201.69999999999999,4.9131240844726562,
201.80000000000001,4.7393875122070312,
201.90000000000001,4.5579757690429688,
202,4.399566650390625,
202.09999999999999,4.2641525268554688,
202.19999999999999,4.1287384033203125,
202.30000000000001,3.98565673828125,
202.40000000000001,3.8349151611328125,
202.5,3.6713943481445312,
202.59999999999999,3.4874343872070312,
202.69999999999999,3.2268218994140625,
202.80000000000001,2.910003662109375,
202.90000000000001,2.651947021484375,
203,2.4705429077148438,
203.09999999999999,2.3325729370117188,
203.19999999999999,2.230377197265625,
203.30000000000001,2.14605712890625,
203.40000000000001,2.0872955322265625,
203.5,2.0438613891601562,
203.59999999999999,2.008087158203125,
203.69999999999999,1.9646530151367188,
203.80000000000001,1.9109954833984375,
203.90000000000001,1.8752288818359375,
204,1.8650054931640625,
204.09999999999999,1.8675613403320312,
204.19999999999999,1.8701171875,
204.30000000000001,1.8777847290039062,
204.40000000000001,1.8931121826171875,
204.5,1.898223876953125,
204.59999999999999,1.9033355712890625,
204.69999999999999,1.9109954833984375,
204.80000000000001,1.8931121826171875,
204.90000000000001,1.8650054931640625,
205,1.8650054931640625,
205.09999999999999,1.8752288818359375,
205.19999999999999,1.8905563354492188,
205.30000000000001,1.9007797241210938,
205.40000000000001,1.9135513305664062,
205.5,1.9467697143554688,
205.59999999999999,2.0310821533203125,
205.69999999999999,2.1716079711914062,
205.80000000000001,2.3121337890625,
205.90000000000001,2.4347763061523438,
206,2.598297119140625,
206.09999999999999,2.818023681640625,
206.19999999999999,3.0530853271484375,
206.30000000000001,3.2830352783203125,
206.40000000000001,3.5206527709960938,
206.5,3.7684860229492188,
206.59999999999999,4.0214309692382812,
206.69999999999999,4.225830078125,
206.80000000000001,4.3586883544921875,
206.90000000000001,4.4941024780273438,
207,4.6601791381835938,
207.09999999999999,4.8262557983398438,
207.19999999999999,4.9131240844726562,
207.30000000000001,4.915679931640625,
207.40000000000001,4.8875732421875,
207.5,4.79559326171875,
207.59999999999999,4.6295166015625,
207.69999999999999,4.4200057983398438,
207.80000000000001,4.2283859252929688,
207.90000000000001,4.115966796875,
208,4.05975341796875,
208.09999999999999,4.0060958862304688,
208.19999999999999,3.9601058959960938,
208.30000000000001,3.9268951416015625,
208.40000000000001,3.8936767578125,
208.5,3.8527984619140625,
208.59999999999999,3.7710418701171875,
208.69999999999999,3.6509552001953125,
208.80000000000001,3.5615310668945312,
208.90000000000001,3.5129852294921875,
209,3.4669952392578125,
209.09999999999999,3.4158935546875,
209.19999999999999,3.35968017578125,
209.30000000000001,3.2191619873046875,
209.40000000000001,2.9866561889648438,
209.5,2.743927001953125,
209.59999999999999,2.5037612915039062,
209.69999999999999,2.2968063354492188,
209.80000000000001,2.1664962768554688,
209.90000000000001,2.0949554443359375,
210,2.0413055419921875,9.7799510955810547
210.09999999999999,1.9825363159179688,
210.19999999999999,1.933990478515625,
210.30000000000001,1.9058914184570312,
210.40000000000001,1.8931121826171875,
210.5,1.8905563354492188,
210.59999999999999,1.8701171875,
210.69999999999999,1.8292388916015625,
210.80000000000001,1.806243896484375,
210.90000000000001,1.8113555908203125,
211,1.8190155029296875,
211.09999999999999,1.824127197265625,
211.19999999999999,1.8292388916015625,
211.30000000000001,1.8317947387695312,
211.40000000000001,1.8343505859375,
211.5,1.8292388916015625,
211.59999999999999,1.8445663452148438,
211.69999999999999,1.85223388671875,
211.80000000000001,1.7909164428710938,
211.90000000000001,1.7628097534179688,
212,1.806243896484375,
212.09999999999999,1.85223388671875,
212.19999999999999,1.8752288818359375,
212.30000000000001,1.8854522705078125,
212.40000000000001,1.8956680297851562,
212.5,1.9007797241210938,
212.59999999999999,1.916107177734375,
212.69999999999999,1.954437255859375,
212.80000000000001,2.0489654541015625,
212.90000000000001,2.2508163452148438,
213,2.5216445922851562,
213.09999999999999,2.8052520751953125,
213.19999999999999,3.083740234375,
213.30000000000001,3.3750152587890625,
213.40000000000001,3.6816177368164062,
213.5,3.9677734375,
213.59999999999999,4.225830078125,
213.69999999999999,4.4608917236328125,
213.80000000000001,4.68572998046875,
213.90000000000001,4.90545654296875,
214,5.0843124389648438,
214.09999999999999,5.2018356323242188,
214.19999999999999,5.3219223022460938,
214.30000000000001,5.4752273559570312,
214.40000000000001,5.6234130859375,
214.5,5.6617355346679688,
214.59999999999999,5.577423095703125,
214.69999999999999,5.5850906372070312,
214.80000000000001,5.687286376953125,
214.90000000000001,5.7230606079101562,
215,5.6847305297851562,
215.09999999999999,5.5825347900390625,
215.19999999999999,5.3909072875976562,
215.30000000000001,5.1532974243164062,
215.40000000000001,4.9233474731445312,
215.5,4.6882858276367188,
215.59999999999999,4.455780029296875,
215.69999999999999,4.2948150634765625,
215.80000000000001,4.1287384033203125,
215.90000000000001,3.9805526733398438,
216,3.8451309204101562,
216.09999999999999,3.7148284912109375,
216.19999999999999,3.6024093627929688,
216.30000000000001,3.5129852294921875,
216.40000000000001,3.387786865234375,
216.5,3.1706161499023438,
216.59999999999999,2.9764328002929688,
216.69999999999999,2.88189697265625,
216.80000000000001,2.7975845336914062,
216.90000000000001,2.6315078735351562,
217,2.432220458984375,
217.09999999999999,2.2891387939453125,
217.19999999999999,2.1894912719726562,
217.30000000000001,2.1128463745117188,
217.40000000000001,2.0438613891601562,
217.5,1.9672088623046875,
217.59999999999999,1.898223876953125,
217.69999999999999,1.8650054931640625,
217.80000000000001,1.8675613403320312,
217.90000000000001,1.8752288818359375,
218,1.8828964233398438,
218.09999999999999,1.8854522705078125,
218.19999999999999,1.88800048828125,
218.30000000000001,1.8905563354492188,
218.40000000000001,1.8956680297851562,
218.5,1.8828964233398438,
218.59999999999999,1.8547897338867188,
218.69999999999999,1.8445663452148438,
218.80000000000001,1.8547897338867188,
218.90000000000001,1.8701171875,
219,1.8777847290039062,
219.09999999999999,1.8854522705078125,
219.19999999999999,1.88800048828125,
219.30000000000001,1.8854522705078125,
219.40000000000001,1.8956680297851562,
219.5,1.88800048828125,
219.59999999999999,1.8573455810546875,
219.69999999999999,1.8445663452148438,
219.80000000000001,1.8496780395507812,
219.90000000000001,1.8573455810546875,
220,1.8675613403320312,9.7481718063354492
220.09999999999999,1.8726730346679688,
220.19999999999999,1.8726730346679688,
220.30000000000001,1.880340576171875,
220.40000000000001,1.898223876953125,
220.5,1.8931121826171875,
220.59999999999999,1.8905563354492188,
220.69999999999999,1.9365463256835938,
220.80000000000001,2.00042724609375,
220.90000000000001,2.0694122314453125,
221,2.1639404296875,
221.09999999999999,2.29425048828125,
221.19999999999999,2.4526596069335938,
221.30000000000001,2.6391754150390625,
221.40000000000001,2.8716812133789062,
221.5,3.1169586181640625,
221.59999999999999,3.3622360229492188,
221.69999999999999,3.6075210571289062,
221.80000000000001,3.7454910278320312,
221.90000000000001,3.85791015625,
222,4.0674209594726562,
222.09999999999999,4.3152542114257812,
222.19999999999999,4.5605316162109375,
222.30000000000001,4.7623825073242188,
222.40000000000001,4.8901290893554688,
222.5,5.025543212890625,
222.59999999999999,5.1890640258789062,
222.69999999999999,5.3321456909179688,
222.80000000000001,5.4317855834960938,
222.90000000000001,5.4317855834960938,
223,5.3040390014648438,
223.09999999999999,5.0792007446289062,
223.19999999999999,4.8620223999023438,
223.30000000000001,4.6831741333007812,
223.40000000000001,4.5068817138671875,
223.5,4.3152542114257812,
223.59999999999999,4.1210708618164062,
223.69999999999999,3.9268951416015625,
223.80000000000001,3.737823486328125,
223.90000000000001,3.5615310668945312,
224,3.3545761108398438,
224.09999999999999,3.1246261596679688,
224.19999999999999,2.9304428100585938,
224.30000000000001,2.7771453857421875,
224.40000000000001,2.6366195678710938,
224.5,2.4909820556640625,
224.59999999999999,2.3606796264648438,
224.69999999999999,2.266143798828125,
224.80000000000001,2.1971588134765625,
224.90000000000001,2.14605712890625,
225,2.0745162963867188,
225.09999999999999,1.9850921630859375,
225.19999999999999,1.933990478515625,
225.30000000000001,1.9212188720703125,
225.40000000000001,1.9212188720703125,
225.5,1.9212188720703125,
225.59999999999999,1.92633056640625,
225.69999999999999,1.92633056640625,
225.80000000000001,1.9237747192382812,
225.90000000000001,1.933990478515625,
226,1.9288864135742188,
226.09999999999999,1.9007797241210938,
226.19999999999999,1.8828964233398438,
226.30000000000001,1.88800048828125,
226.40000000000001,1.8931121826171875,
226.5,1.8931121826171875,
226.59999999999999,1.9033355712890625,
226.69999999999999,1.9212188720703125,
226.80000000000001,1.9416580200195312,
226.90000000000001,1.96209716796875,
227,1.9569854736328125,
227.09999999999999,1.9212188720703125,
227.19999999999999,1.880340576171875,
227.30000000000001,1.8726730346679688,
227.40000000000001,1.880340576171875,
227.5,1.88800048828125,
227.59999999999999,1.88800048828125,
227.69999999999999,1.8854522705078125,
227.80000000000001,1.8854522705078125,
227.90000000000001,1.880340576171875,
228,1.8777847290039062,
228.09999999999999,1.8547897338867188,
228.19999999999999,1.8369064331054688,
228.30000000000001,1.9391021728515625,
228.40000000000001,2.1971588134765625,
228.5,2.450103759765625,
228.59999999999999,2.60595703125,
228.69999999999999,2.6953811645507812,
228.80000000000001,2.7030487060546875,
228.90000000000001,2.6212921142578125,
229,2.485870361328125,
229.09999999999999,2.3121337890625,
229.19999999999999,2.14605712890625,
229.30000000000001,2.0413055419921875,
229.40000000000001,1.9748764038085938,
229.5,1.9212188720703125,
229.59999999999999,1.8828964233398438,
229.69999999999999,1.862457275390625,
229.80000000000001,1.85223388671875,
229.90000000000001,1.8547897338867188,
230,1.8496780395507812,8.4825639724731445
230.09999999999999,1.8215713500976562,
230.19999999999999,1.7934722900390625,
230.30000000000001,1.7960205078125,
230.40000000000001,1.8036880493164062,
230.5,1.8036880493164062,
230.59999999999999,1.8113555908203125,
230.69999999999999,1.824127197265625,
230.80000000000001,1.8343505859375,
230.90000000000001,1.8471221923828125,
231,1.8547897338867188,
231.09999999999999,1.842010498046875,
231.19999999999999,1.8394622802734375,
231.30000000000001,1.85223388671875,
231.40000000000001,1.8752288818359375,
231.5,1.9033355712890625,
231.59999999999999,1.9442138671875,
231.69999999999999,2.0131988525390625,
231.80000000000001,2.1537246704101562,
231.90000000000001,2.3657913208007812,
232,2.5369720458984375,
232.09999999999999,2.5753021240234375,
232.19999999999999,2.51397705078125,
232.30000000000001,2.4475479125976562,
232.40000000000001,2.4219970703125,
232.5,2.40411376953125,
232.59999999999999,2.4424362182617188,
232.69999999999999,2.6263961791992188,
232.80000000000001,2.9125595092773438,
232.90000000000001,3.2191619873046875,
233,3.571746826171875,
233.09999999999999,3.9652175903320312,
233.19999999999999,4.3740158081054688,
233.30000000000001,4.805816650390625,
233.40000000000001,5.2938156127929688,
233.5,5.807373046875,
233.59999999999999,6.2417221069335938,
233.69999999999999,6.5176620483398438,
233.80000000000001,6.4997787475585938,
233.90000000000001,6.093536376953125,
234,5.5799789428710938,
234.09999999999999,5.2146148681640625,
234.19999999999999,4.933563232421875,
234.30000000000001,4.6729507446289062,
234.40000000000001,4.4302291870117188,
234.5,4.24371337890625,
234.59999999999999,4.1261825561523438,
234.69999999999999,4.02398681640625,
234.80000000000001,3.8732376098632812,
234.90000000000001,3.7148284912109375,
235,3.5845260620117188,
235.09999999999999,3.4107818603515625,
235.19999999999999,3.1782760620117188,
235.30000000000001,2.9611053466796875,
235.40000000000001,2.8103561401367188,
235.5,2.6647262573242188,
235.59999999999999,2.506317138671875,
235.69999999999999,2.393890380859375,
235.80000000000001,2.3198013305664062,
235.90000000000001,2.2686996459960938,
236,2.2227096557617188,
236.09999999999999,2.18438720703125,
236.19999999999999,2.1613922119140625,
236.30000000000001,2.1409454345703125,
236.40000000000001,2.1051788330078125,
236.5,2.0387496948242188,
236.59999999999999,1.9697647094726562,
236.69999999999999,1.9365463256835938,
236.80000000000001,1.9237747192382812,
236.90000000000001,1.9058914184570312,
237,1.8931121826171875,
237.09999999999999,1.8701171875,
237.19999999999999,1.8292388916015625,
237.30000000000001,1.7551422119140625,
237.40000000000001,1.66827392578125,
237.5,1.6427230834960938,
237.59999999999999,1.6836013793945312,
237.69999999999999,1.6861572265625,
237.80000000000001,1.658050537109375,
237.90000000000001,1.6810455322265625,
238,1.7525863647460938,
238.09999999999999,1.8777847290039062,
238.19999999999999,2.0208663940429688,
238.30000000000001,2.1486129760742188,
238.40000000000001,2.2814712524414062,
238.5,2.3836746215820312,
238.59999999999999,2.3990020751953125,
238.69999999999999,2.3785629272460938,
238.80000000000001,2.4935379028320312,
238.90000000000001,2.80780029296875,
239,3.1603927612304688,
239.09999999999999,3.50787353515625,
239.19999999999999,3.8374710083007812,
239.30000000000001,4.0929718017578125,
239.40000000000001,4.3229217529296875,
239.5,4.5630874633789062,
239.59999999999999,4.8185882568359375,
239.69999999999999,5.0664215087890625,
239.80000000000001,5.2887115478515625,
239.90000000000001,5.4701156616210938,
240,5.5978622436523438,7.1713147163391113
240.09999999999999,5.6898422241210938,
240.19999999999999,5.7128372192382812,
240.30000000000001,5.5697555541992188,
240.40000000000001,5.3347015380859375,
240.5,5.1200790405273438,
240.59999999999999,4.86968994140625,
240.69999999999999,4.5554275512695312,
240.80000000000001,4.2053909301757812,
240.90000000000001,3.8323593139648438,
241,3.479766845703125,
241.09999999999999,3.2191619873046875,
241.19999999999999,3.0454177856445312,
241.30000000000001,2.9534378051757812,
241.40000000000001,2.9176712036132812,
241.5,2.927886962890625,
241.59999999999999,2.9585494995117188,
241.69999999999999,2.984100341796875,
241.80000000000001,2.9329986572265625,
241.90000000000001,2.7771453857421875,
242,2.6315078735351562,
242.09999999999999,2.55230712890625,
242.19999999999999,2.4628753662109375,
242.30000000000001,2.3530120849609375,
242.40000000000001,2.2968063354492188,
242.5,2.2763671875,
242.59999999999999,2.2508163452148438,
242.69999999999999,2.2150421142578125,
242.80000000000001,2.1664962768554688,
242.90000000000001,2.1051788330078125,
243,2.0489654541015625,
243.09999999999999,2.0106430053710938,
243.19999999999999,1.9493255615234375,
243.30000000000001,1.8828964233398438,
243.40000000000001,1.8547897338867188,
243.5,1.8573455810546875,
243.59999999999999,1.8650054931640625,
243.69999999999999,1.8599014282226562,
243.80000000000001,1.8701171875,
243.90000000000001,1.8931121826171875,
244,1.9033355712890625,
244.09999999999999,1.9186630249023438,
244.19999999999999,1.9416580200195312,
244.30000000000001,1.9876480102539062,
244.40000000000001,2.082183837890625,
244.5,2.209930419921875,
244.59999999999999,2.3427963256835938,
244.69999999999999,2.4373321533203125,
244.80000000000001,2.4884262084960938,
244.90000000000001,2.5165328979492188,
245,2.5395278930664062,
245.09999999999999,2.5650787353515625,
245.19999999999999,2.616180419921875,
245.30000000000001,2.7592620849609375,
245.40000000000001,2.966217041015625,
245.5,3.1884994506835938,
245.59999999999999,3.4184494018554688,
245.69999999999999,3.663726806640625,
245.80000000000001,3.9345626831054688,
245.90000000000001,4.20794677734375,
246,4.4327850341796875,
246.09999999999999,4.5911941528320312,
246.19999999999999,4.731719970703125,
246.30000000000001,4.897796630859375,
246.40000000000001,5.043426513671875,
246.5,5.1890640258789062,
246.59999999999999,5.3730239868164062,
246.69999999999999,5.5569839477539062,
246.80000000000001,5.7205047607421875,
246.90000000000001,5.8201522827148438,
247,5.8431472778320312,
247.09999999999999,5.7997055053710938,
247.19999999999999,5.6387405395507812,
247.30000000000001,5.3704681396484375,
247.40000000000001,5.1303024291992188,
247.5,4.9642257690429688,
247.59999999999999,4.8032608032226562,
247.69999999999999,4.6320724487304688,
247.80000000000001,4.48388671875,
247.90000000000001,4.3842391967773438,
248,4.335693359375,
248.09999999999999,4.2973709106445312,
248.19999999999999,4.2488250732421875,
248.30000000000001,4.1440658569335938,
248.40000000000001,3.98565673828125,
248.5,3.8068084716796875,
248.59999999999999,3.5743026733398438,
248.69999999999999,3.3162460327148438,
248.80000000000001,3.0684127807617188,
248.90000000000001,2.84613037109375,
249,2.6800537109375,
249.09999999999999,2.5548553466796875,
249.19999999999999,2.4424362182617188,
249.30000000000001,2.340240478515625,
249.40000000000001,2.2610321044921875,
249.5,2.1792755126953125,
249.59999999999999,2.0872955322265625,
249.69999999999999,2.025970458984375,
249.80000000000001,1.990203857421875,
249.90000000000001,1.9697647094726562,
250,1.9416580200195312,7.4626865386962891
250.09999999999999,1.916107177734375,
250.19999999999999,1.9033355712890625,
250.30000000000001,1.8905563354492188,
250.40000000000001,1.880340576171875,
250.5,1.8777847290039062,
250.59999999999999,1.8650054931640625,
250.69999999999999,1.8369064331054688,
250.80000000000001,1.8215713500976562,
250.90000000000001,1.8369064331054688,
251,1.8573455810546875,
251.09999999999999,1.8599014282226562,
251.19999999999999,1.8675613403320312,
251.30000000000001,1.8828964233398438,
251.40000000000001,1.8828964233398438,
251.5,1.8854522705078125,
251.59999999999999,1.8931121826171875,
251.69999999999999,1.8777847290039062,
251.80000000000001,1.8496780395507812,
251.90000000000001,1.8445663452148438,
252,1.898223876953125,
252.09999999999999,2.0489654541015625,
252.19999999999999,2.29425048828125,
252.30000000000001,2.5829620361328125,
252.40000000000001,2.8691253662109375,
252.5,3.13995361328125,
252.59999999999999,3.426116943359375,
252.69999999999999,3.6995010375976562,
252.80000000000001,3.939666748046875,
252.90000000000001,4.1772842407226562,
253,4.4200057983398438,
253.09999999999999,4.6601791381835938,
253.19999999999999,4.8722457885742188,
253.30000000000001,5.0383224487304688,
253.40000000000001,5.1686248779296875,
253.5,5.2631607055664062,
253.59999999999999,5.2708206176757812,
253.69999999999999,5.1762924194335938,
253.80000000000001,4.97955322265625,
253.90000000000001,4.7879257202148438,
254,4.6729507446289062,
254.09999999999999,4.53753662109375,
254.19999999999999,4.3382492065429688,
254.30000000000001,4.1517333984375,
254.40000000000001,4.0290908813476562,
254.5,3.8809051513671875,
254.59999999999999,3.6075210571289062,
254.69999999999999,3.2574844360351562,
254.80000000000001,2.95599365234375,
254.90000000000001,2.7413711547851562,
255,2.5676345825195312,
255.09999999999999,2.4092254638671875,
255.19999999999999,2.2789154052734375,
255.30000000000001,2.1716079711914062,
255.40000000000001,2.0770721435546875,
255.5,2.00042724609375,
255.59999999999999,1.9288864135742188,
255.69999999999999,1.8471221923828125,
255.80000000000001,1.7960205078125,
255.90000000000001,1.77813720703125,
256,1.7755813598632812,
256.10000000000002,1.7730255126953125,
256.19999999999999,1.770477294921875,
256.30000000000001,1.7730255126953125,
256.39999999999998,1.7806930541992188,
256.5,1.7858047485351562,
256.60000000000002,1.7909164428710938,
256.69999999999999,1.7755813598632812,
256.80000000000001,1.7576980590820312,
256.89999999999998,1.76025390625,
257,1.7730255126953125,
257.10000000000002,1.7858047485351562,
257.19999999999999,1.7960205078125,
257.30000000000001,1.806243896484375,
257.39999999999998,1.8139114379882812,
257.5,1.81646728515625,
257.60000000000002,1.8266830444335938,
257.69999999999999,1.8190155029296875,
257.80000000000001,1.7960205078125,
257.89999999999998,1.7909164428710938,
258,1.8036880493164062,
258.10000000000002,1.8215713500976562,
258.19999999999999,1.8317947387695312,
258.30000000000001,1.85223388671875,
258.39999999999998,1.898223876953125,
258.5,1.9927597045898438,
258.60000000000002,2.1639404296875,
258.69999999999999,2.3555679321289062,
258.80000000000001,2.5216445922851562,
258.89999999999998,2.7004928588867188,
259,2.927886962890625,
259.10000000000002,3.21405029296875,
259.19999999999999,3.5410919189453125,
259.30000000000001,3.886016845703125,
259.39999999999998,4.2207183837890625,
259.5,4.529876708984375,
259.60000000000002,4.8160324096679688,
259.69999999999999,5.0740890502929688,
259.80000000000001,5.3525848388671875,
259.89999999999998,5.6591873168945312,
260,5.9019088745117188,9.1463413238525391
260.10000000000002,6.0603179931640625,
260.19999999999999,6.2621612548828125,
260.30000000000001,6.497222900390625,
260.39999999999998,6.6275253295898438,
260.5,6.6019821166992188,
260.60000000000002,6.3924713134765625,
260.69999999999999,6.1063079833984375,
260.80000000000001,5.871246337890625,
260.89999999999998,5.7128372192382812,
261,5.651519775390625,
261.10000000000002,5.6183013916015625,
261.19999999999999,5.5161056518554688,
261.30000000000001,5.3985748291015625,
261.39999999999998,5.2861557006835938,
261.5,5.1430740356445312,
261.60000000000002,4.9923324584960938,
261.69999999999999,4.823699951171875,
261.80000000000001,4.6090774536132812,
261.89999999999998,4.363800048828125,
262,4.115966796875,
262.10000000000002,3.8553543090820312,
262.19999999999999,3.5615310668945312,
262.30000000000001,3.2753677368164062,
262.39999999999998,3.0428619384765625,
262.5,2.853790283203125,
262.60000000000002,2.7515945434570312,
262.69999999999999,2.6877212524414062,
262.80000000000001,2.5804061889648438,
262.89999999999998,2.4526596069335938,
263,2.3453521728515625,
263.10000000000002,2.2584762573242188,
263.19999999999999,2.1613922119140625,
263.30000000000001,2.0591888427734375,
263.39999999999998,1.9978713989257812,
263.5,1.9748764038085938,
263.60000000000002,1.97998046875,
263.69999999999999,1.9850921630859375,
263.80000000000001,1.97998046875,
263.89999999999998,1.9595413208007812,
264,1.9186630249023438,
264.10000000000002,1.8828964233398438,
264.19999999999999,1.8599014282226562,
264.30000000000001,1.8292388916015625,
264.39999999999998,1.7960205078125,
264.5,1.7755813598632812,
264.60000000000002,1.770477294921875,
264.69999999999999,1.7832489013671875,
264.80000000000001,1.8087997436523438,
264.89999999999998,1.8343505859375,
265,1.8471221923828125,
265.10000000000002,1.8828964233398438,
265.19999999999999,1.972320556640625,
265.30000000000001,2.0106430053710938,
265.39999999999998,2.0055313110351562,
265.5,2.082183837890625,
265.60000000000002,2.230377197265625,
265.69999999999999,2.4373321533203125,
265.80000000000001,2.708160400390625,
265.89999999999998,3.0224227905273438,
266,3.4031219482421875,
266.10000000000002,3.8655776977539062,
266.19999999999999,4.3663558959960938,
266.30000000000001,4.7700424194335938,
266.39999999999998,5.0510940551757812,
266.5,5.1711807250976562,
266.60000000000002,5.1073074340820312,
266.69999999999999,5.1251907348632812,
266.80000000000001,5.2887115478515625,
266.89999999999998,5.4445648193359375,
267,5.633636474609375,
267.10000000000002,5.917236328125,
267.19999999999999,6.2366104125976562,
267.30000000000001,6.4767837524414062,
267.39999999999998,6.63519287109375,
267.5,6.8114852905273438,
267.60000000000002,7.0158920288085938,
267.69999999999999,7.2356185913085938,
267.80000000000001,7.4706802368164062,
267.89999999999998,7.7619476318359375,
268,8.1451950073242188,
268.10000000000002,8.5080108642578125,
268.19999999999999,8.6945266723632812,
268.30000000000001,8.6434249877929688,
268.39999999999998,8.3853683471679688,
268.5,8.0966567993164062,
268.60000000000002,7.7874984741210938,
268.69999999999999,7.1794052124023438,
268.80000000000001,6.3745803833007812,
268.89999999999998,5.7026214599609375,
269,5.16351318359375,
269.10000000000002,4.6601791381835938,
269.19999999999999,4.2462692260742188,
269.30000000000001,3.9473342895507812,
269.39999999999998,3.7122726440429688,
269.5,3.5385360717773438,
269.60000000000002,3.3443527221679688,
269.69999999999999,3.1833877563476562,
269.80000000000001,3.0070953369140625,
269.89999999999998,2.8512420654296875,
270,2.754150390625,8.5592012405395508
270.10000000000002,2.6877212524414062,
270.19999999999999,2.62384033203125,
270.30000000000001,2.5446395874023438,
270.39999999999998,2.4654312133789062,
270.5,2.3964462280273438,
270.60000000000002,2.340240478515625,
270.69999999999999,2.3044662475585938,
270.80000000000001,2.2533721923828125,
270.89999999999998,2.082183837890625,
271,1.7730255126953125,
271.10000000000002,1.4408798217773438,
271.19999999999999,1.1956024169921875,
271.30000000000001,1.1010665893554688,
271.39999999999998,1.1419448852539062,
271.5,1.290130615234375,
271.60000000000002,1.4970855712890625,
271.69999999999999,1.6708297729492188,
271.80000000000001,1.7679214477539062,
271.89999999999998,1.788360595703125,
272,1.8087997436523438,
272.10000000000002,1.92633056640625,
272.19999999999999,2.14605712890625,
272.30000000000001,2.4347763061523438,
272.39999999999998,2.7567062377929688,
272.5,3.076080322265625,
272.60000000000002,3.35968017578125,
272.69999999999999,3.6381759643554688,
272.80000000000001,3.8936767578125,
272.89999999999998,4.0853042602539062,
273,4.2845916748046875,
273.10000000000002,4.5452041625976562,
273.19999999999999,4.8339157104492188,
273.30000000000001,5.081756591796875,
273.39999999999998,5.2989273071289062,
273.5,5.5544281005859375,
273.60000000000002,5.7997055053710938,
273.69999999999999,5.917236328125,
273.80000000000001,5.86358642578125,
273.89999999999998,5.6745147705078125,
274,5.4624481201171875,
274.10000000000002,5.2887115478515625,
274.19999999999999,5.1481857299804688,
274.30000000000001,4.9846649169921875,
274.39999999999998,4.7930374145507812,
274.5,4.5707550048828125,
274.60000000000002,4.2820358276367188,
274.69999999999999,3.9677734375,
274.80000000000001,3.7173843383789062,
274.89999999999998,3.5257568359375,
275,3.3392410278320312,
275.10000000000002,3.129730224609375,
275.19999999999999,2.9687652587890625,
275.30000000000001,2.8793411254882812,
275.39999999999998,2.782257080078125,
275.5,2.6800537109375,
275.60000000000002,2.6212921142578125,
275.69999999999999,2.5676345825195312,
275.80000000000001,2.4705429077148438,
275.89999999999998,2.3555679321289062,
276,2.2763671875,
276.10000000000002,2.22015380859375,
276.19999999999999,2.1792755126953125,
276.30000000000001,2.1486129760742188,
276.39999999999998,2.117950439453125,
276.5,2.0949554443359375,
276.60000000000002,2.0796279907226562,
276.69999999999999,2.07196044921875,
276.80000000000001,2.0617446899414062,
276.89999999999998,2.0234222412109375,
277,1.990203857421875,
277.10000000000002,1.990203857421875,
277.19999999999999,1.990203857421875,
277.30000000000001,2.0029754638671875,
277.39999999999998,2.0540771484375,
277.5,2.1639404296875,
277.60000000000002,2.3146896362304688,
277.69999999999999,2.4986495971679688,
277.80000000000001,2.7107162475585938,
277.89999999999998,2.9381103515625,
278,3.1552810668945312,
278.10000000000002,3.4133377075195312,
278.19999999999999,3.755706787109375,
278.30000000000001,4.123626708984375,
278.39999999999998,4.473663330078125,
278.5,4.823699951171875,
278.60000000000002,5.1711807250976562,
278.69999999999999,5.4828872680664062,
278.80000000000001,5.6770706176757812,
278.89999999999998,5.7741622924804688,
279,5.8738021850585938,
279.10000000000002,5.9836654663085938,
279.19999999999999,6.0654296875,
279.30000000000001,6.0986404418945312,
279.39999999999998,6.0884246826171875,
279.5,5.9811172485351562,
279.60000000000002,5.7486114501953125,
279.69999999999999,5.4931106567382812,
279.80000000000001,5.2631607055664062,
279.89999999999998,5.0025482177734375,
280,4.675506591796875,9.3167705535888672
280.10000000000002,4.3714675903320312,
280.19999999999999,4.1491775512695312,
280.30000000000001,3.9728851318359375,
280.39999999999998,3.80169677734375,
280.5,3.6202926635742188,
280.60000000000002,3.43377685546875,
280.69999999999999,3.2677001953125,
280.80000000000001,3.1144027709960938,
280.89999999999998,2.9406661987304688,
281,2.73626708984375,
281.10000000000002,2.55230712890625,
281.19999999999999,2.432220458984375,
281.30000000000001,2.3530120849609375,
281.39999999999998,2.2968063354492188,
281.5,2.2533721923828125,
281.60000000000002,2.22015380859375,
281.69999999999999,2.1971588134765625,
281.80000000000001,2.1767196655273438,
281.89999999999998,2.1664962768554688,
282,2.1486129760742188,
282.10000000000002,2.0975112915039062,
282.19999999999999,2.0566329956054688,
282.30000000000001,2.0540771484375,
282.39999999999998,2.064300537109375,
282.5,2.0745162963867188,
282.60000000000002,2.0745162963867188,
282.69999999999999,2.0770721435546875,
282.80000000000001,2.0847396850585938,
282.89999999999998,2.0847396850585938,
283,2.0898513793945312,
283.10000000000002,2.0694122314453125,
283.19999999999999,2.0336380004882812,
283.30000000000001,2.0208663940429688,
283.39999999999998,2.0310821533203125,
283.5,2.0438613891601562,
283.60000000000002,2.0540771484375,
283.69999999999999,2.0591888427734375,
283.80000000000001,2.0617446899414062,
283.89999999999998,2.0668563842773438,
284,2.0770721435546875,
284.10000000000002,2.0796279907226562,
284.19999999999999,2.0591888427734375,
284.30000000000001,2.0413055419921875,
284.39999999999998,2.0617446899414062,
284.5,2.1026229858398438,
284.60000000000002,2.1537246704101562,
284.69999999999999,2.2124862670898438,
284.80000000000001,2.284027099609375,
284.89999999999998,2.393890380859375,
285,2.5650787353515625,
285.10000000000002,2.7643661499023438,
285.19999999999999,2.9253311157226562,
285.30000000000001,3.1092910766601562,
285.39999999999998,3.3494644165039062,
285.5,3.6305160522460938,
285.60000000000002,3.9550018310546875,
285.69999999999999,4.2692642211914062,
285.80000000000001,4.547760009765625,
285.89999999999998,4.805816650390625,
286,5.0868606567382812,
286.10000000000002,5.3423614501953125,
286.19999999999999,5.5161056518554688,
286.30000000000001,5.6566314697265625,
286.39999999999998,5.7818222045898438,
286.5,5.8661422729492188,
286.60000000000002,5.9121322631835938,
286.69999999999999,5.9197921752929688,
286.80000000000001,5.8916854858398438,
286.89999999999998,5.8405914306640625,
287,5.7511672973632812,
287.10000000000002,5.6131973266601562,
287.19999999999999,5.4701156616210938,
287.30000000000001,5.3142623901367188,
287.39999999999998,5.1584014892578125,
287.5,5.0510940551757812,
287.60000000000002,4.9540023803710938,
287.69999999999999,4.8313674926757812,
287.80000000000001,4.6985015869140625,
287.89999999999998,4.5452041625976562,
288,4.3408050537109375,
288.10000000000002,4.1108551025390625,
288.19999999999999,3.8962326049804688,
288.30000000000001,3.6995010375976562,
288.39999999999998,3.5053176879882812,
288.5,3.313690185546875,
288.60000000000002,3.1348419189453125,
288.69999999999999,2.9585494995117188,
288.80000000000001,2.8026962280273438,
288.89999999999998,2.6596145629882812,
289,2.485870361328125,
289.10000000000002,2.322357177734375,
289.19999999999999,2.2150421142578125,
289.30000000000001,2.1409454345703125,
289.39999999999998,2.0847396850585938,
289.5,2.0413055419921875,
289.60000000000002,2.008087158203125,
289.69999999999999,1.972320556640625,
289.80000000000001,1.9416580200195312,
289.89999999999998,1.9314422607421875,
290,1.92633056640625,9.1603050231933594
290.10000000000002,1.88800048828125,
290.19999999999999,1.8445663452148438,
290.30000000000001,1.8394622802734375,
290.39999999999998,1.862457275390625,
290.5,1.880340576171875,
290.60000000000002,1.9007797241210938,
290.69999999999999,1.916107177734375,
290.80000000000001,1.92633056640625,
290.89999999999998,1.9365463256835938,
291,1.954437255859375,
291.10000000000002,1.9569854736328125,
291.19999999999999,1.9314422607421875,
291.30000000000001,1.9058914184570312,
291.39999999999998,1.9033355712890625,
291.5,1.9186630249023438,
291.60000000000002,1.9314422607421875,
291.69999999999999,1.9416580200195312,
291.80000000000001,1.9569854736328125,
291.89999999999998,1.97998046875,
292,2.0413055419921875,
292.10000000000002,2.1613922119140625,
292.19999999999999,2.29425048828125,
292.30000000000001,2.4194412231445312,
292.39999999999998,2.5906295776367188,
292.5,2.8256912231445312,
292.60000000000002,3.0862960815429688,
292.69999999999999,3.3647918701171875,
292.80000000000001,3.6509552001953125,
292.89999999999998,3.9115676879882812,
293,4.16961669921875,
293.10000000000002,4.4634475708007812,
293.19999999999999,4.7547149658203125,
293.30000000000001,4.97955322265625,
293.39999999999998,5.1839523315429688,
293.5,5.4190139770507812,
293.60000000000002,5.7205047607421875,
293.69999999999999,6.0705413818359375,
293.80000000000001,6.37713623046875,
293.89999999999998,6.653076171875,
294,6.9034652709960938,
294.10000000000002,7.0235519409179688,
294.19999999999999,7.1155319213867188,
294.30000000000001,7.4195785522460938,
294.39999999999998,7.8462600708007812,
294.5,8.262725830078125,
294.60000000000002,8.7456207275390625,
294.69999999999999,9.228515625,
294.80000000000001,9.5555572509765625,
294.89999999999998,9.7063064575195312,
295,9.6858673095703125,
295.10000000000002,9.4610214233398438,
295.19999999999999,9.1493148803710938,
295.30000000000001,8.8733749389648438,
295.39999999999998,8.5974349975585938,
295.5,8.2933883666992188,
295.60000000000002,7.9740142822265625,
295.69999999999999,7.6827468872070312,
295.80000000000001,7.3761444091796875,
295.89999999999998,7.0261077880859375,
296,6.6556320190429688,
296.10000000000002,6.2187271118164062,
296.19999999999999,5.7307205200195312,
296.30000000000001,5.2631607055664062,
296.39999999999998,4.851806640625,
296.5,4.547760009765625,
296.60000000000002,4.2002792358398438,
296.69999999999999,3.903900146484375,
296.80000000000001,3.6432876586914062,
296.89999999999998,3.4848785400390625,
297,3.4312210083007812,
297.10000000000002,3.3673477172851562,
297.19999999999999,3.2728118896484375,
297.30000000000001,3.1527252197265625,
297.39999999999998,3.0173110961914062,
297.5,2.8716812133789062,
297.60000000000002,2.7388153076171875,
297.69999999999999,2.634063720703125,
297.80000000000001,2.5267562866210938,
297.89999999999998,2.38623046875,
298,2.2073822021484375,
298.10000000000002,1.898223876953125,
298.19999999999999,1.6146163940429688,
298.30000000000001,1.5737380981445312,
298.39999999999998,1.6631622314453125,
298.5,1.7679214477539062,
298.60000000000002,1.8650054931640625,
298.69999999999999,1.9365463256835938,
298.80000000000001,1.9978713989257812,
298.89999999999998,2.0310821533203125,
299,2.008087158203125,
299.10000000000002,2.0336380004882812,
299.19999999999999,2.1486129760742188,
299.30000000000001,2.2584762573242188,
299.39999999999998,2.3427963256835938,
299.5,2.450103759765625,
299.60000000000002,2.6212921142578125,
299.69999999999999,2.8307952880859375,
299.80000000000001,3.0352020263671875,
299.89999999999998,3.2344894409179688,
300,3.4133377075195312,8.4825639724731445
