Data Set 1:Time(s),Data Set 1:Force(N),Data Set 1:Respiration Rate(bpm)
0,3.87579345703125,4.6583852767944336
0.10000000000000001,3.9984359741210938,
0.20000000000000001,4.2105026245117188,
0.29999999999999999,4.3689117431640625,
0.40000000000000002,4.5733108520507812,
0.5,4.9565582275390625,
0.59999999999999998,5.2861557006835938,
0.69999999999999996,5.3704681396484375,
0.80000000000000004,5.3909072875976562,
0.90000000000000002,5.3347015380859375,
1,5.559539794921875,
1.1000000000000001,6.3848037719726562,
1.2,7.2177352905273438,
1.3,7.9740142822265625,
1.3999999999999999,8.9244766235351562,
1.5,9.826385498046875,
1.6000000000000001,10.125320434570312,
1.7,9.7011947631835938,
1.8,9.06500244140625,
1.8999999999999999,8.5054550170898438,
2,8.2703933715820312,
2.1000000000000001,8.3266067504882812,
2.2000000000000002,8.421142578125,
2.2999999999999998,8.18096923828125,
2.3999999999999999,7.5141143798828125,
2.5,7.1743011474609375,
2.6000000000000001,7.342926025390625,
2.7000000000000002,7.5626602172851562,
2.7999999999999998,7.55499267578125,
2.8999999999999999,7.3838119506835938,
3,7.2202911376953125,
3.1000000000000001,6.8114852905273438,
3.2000000000000002,6.4870071411132812,
3.2999999999999998,6.9622344970703125,
3.3999999999999999,7.6801910400390625,
3.5,7.7721710205078125,
3.6000000000000001,7.5064468383789062,
3.7000000000000002,7.33526611328125,
3.7999999999999998,7.0976486206054688,
3.8999999999999999,6.5943145751953125,
4,6.0117721557617188,
4.0999999999999996,5.6464080810546875,
4.2000000000000002,5.5058822631835938,
4.2999999999999998,5.3244781494140625,
4.4000000000000004,5.181396484375,
4.5,5.1967315673828125,
4.5999999999999996,5.1686248779296875,
4.7000000000000002,5.05364990234375,
4.7999999999999998,4.9258956909179688,
4.9000000000000004,4.6959457397460938,
5,4.4353408813476562,
5.0999999999999996,4.3050308227539062,
5.2000000000000002,4.2513809204101562,
5.2999999999999998,4.2105026245117188,
5.4000000000000004,4.2667083740234375,
5.5,4.5247650146484375,
5.5999999999999996,4.9284515380859375,
5.7000000000000002,5.2759323120117188,
5.7999999999999998,5.5007705688476562,
5.9000000000000004,5.7971572875976562,
6,6.2749404907226562,
6.0999999999999996,6.7757186889648438,
6.2000000000000002,7.0746536254882812,
6.2999999999999998,7.3557052612304688,
6.4000000000000004,7.7593917846679688,
6.5,8.0838775634765625,
6.5999999999999996,8.3138275146484375,
6.7000000000000002,8.467132568359375,
6.7999999999999998,8.318939208984375,
6.9000000000000004,7.784942626953125,
7,7.1896286010742188,
7.0999999999999996,6.7016220092773438,
7.2000000000000002,6.2545013427734375,
7.2999999999999998,5.9351272583007812,
7.4000000000000004,5.7486114501953125,
7.5,5.5442123413085938,
7.5999999999999996,5.2171707153320312,
7.7000000000000002,4.8441390991210938,
7.7999999999999998,4.6141891479492188,
7.9000000000000004,4.547760009765625,
8,4.5503158569335938,
8.0999999999999996,4.5630874633789062,
8.1999999999999993,4.5860824584960938,
8.3000000000000007,4.6499557495117188,
8.4000000000000004,4.6065216064453125,
8.5,4.437896728515625,
8.5999999999999996,4.307586669921875,
8.6999999999999993,4.2488250732421875,
8.8000000000000007,4.2845916748046875,
8.9000000000000004,4.5145416259765625,
9,4.7930374145507812,
9.0999999999999996,4.9718856811523438,
9.1999999999999993,5.2759323120117188,
9.3000000000000007,5.725616455078125,
9.4000000000000004,6.3566970825195312,
9.5,7.0388870239257812,
9.5999999999999996,7.4834518432617188,
9.6999999999999993,7.6955184936523438,
9.8000000000000007,7.5958709716796875,
9.9000000000000004,7.26116943359375,
10,7.0286636352539062,11.207969665527344
10.1,6.9647903442382812,
10.199999999999999,6.92901611328125,
10.300000000000001,6.9494552612304688,
10.4,7.0363311767578125,
10.5,7.0925369262695312,
10.6,7.0976486206054688,
10.699999999999999,7.0950927734375,
10.800000000000001,7.0082244873046875,
10.9,6.8855819702148438,
11,6.847259521484375,
11.1,6.8676986694335938,
11.199999999999999,6.939239501953125,
11.300000000000001,7.0082244873046875,
11.4,7.02099609375,
11.5,7.031219482421875,
11.6,7.1002044677734375,
11.699999999999999,7.0848770141601562,
11.800000000000001,6.9009170532226562,
11.9,6.7782745361328125,
12,6.8344802856445312,
12.1,6.9469070434570312,
12.199999999999999,6.9775619506835938,
12.300000000000001,6.9596786499023438,
12.4,6.9903411865234375,
12.5,7.066986083984375,
12.6,7.11297607421875,
12.699999999999999,7.013336181640625,
12.800000000000001,6.8089370727539062,
12.9,6.6556320190429688,
13,6.6198654174804688,
13.1,6.70928955078125,
13.199999999999999,7.0950927734375,
13.300000000000001,7.6367568969726562,
13.4,7.8845901489257812,
13.5,7.6086502075195312,
13.6,6.9034652709960938,
13.699999999999999,6.1165313720703125,
13.800000000000001,5.49566650390625,
13.9,5.1047515869140625,
14,4.8799057006835938,
14.1,4.7521591186523438,
14.199999999999999,4.6780624389648438,
14.300000000000001,4.6729507446289062,
14.4,4.8671340942382812,
14.5,5.3423614501953125,
14.6,5.927459716796875,
14.699999999999999,6.41546630859375,
14.800000000000001,6.9469070434570312,
14.9,7.6137619018554688,
15,8.2806167602539062,
15.1,8.89892578125,
15.199999999999999,9.386932373046875,
15.300000000000001,9.7395172119140625,
15.4,10.115104675292969,
15.5,10.35272216796875,
15.6,10.345054626464844,
15.699999999999999,10.171310424804688,
15.800000000000001,9.772735595703125,
15.9,9.3511581420898438,
16,8.9857940673828125,
16.100000000000001,8.4799041748046875,
16.199999999999999,7.8718109130859375,
16.300000000000001,7.1615219116210938,
16.399999999999999,6.41546630859375,
16.5,5.8891372680664062,
16.600000000000001,5.5620956420898438,
16.699999999999999,5.3321456909179688,
16.800000000000001,5.16351318359375,
16.899999999999999,5.043426513671875,
17,4.9591140747070312,
17.100000000000001,4.9080123901367188,
17.199999999999999,4.8799057006835938,
17.300000000000001,4.8109207153320312,
17.399999999999999,4.713836669921875,
17.5,4.6474075317382812,
17.600000000000001,4.6346282958984375,
17.699999999999999,4.6678466796875,
17.800000000000001,4.7112808227539062,
17.899999999999999,4.72149658203125,
18,4.7112808227539062,
18.100000000000001,4.713836669921875,
18.199999999999999,4.731719970703125,
18.300000000000001,4.731719970703125,
18.399999999999999,4.7087249755859375,
18.5,4.7342758178710938,
18.600000000000001,4.823699951171875,
18.699999999999999,4.94378662109375,
18.800000000000001,5.0792007446289062,
18.899999999999999,5.173736572265625,
19,5.191619873046875,
19.100000000000001,5.1405181884765625,
19.199999999999999,5.071533203125,
19.300000000000001,5.025543212890625,
19.399999999999999,4.94378662109375,
19.5,4.8083724975585938,
19.600000000000001,4.72149658203125,
19.699999999999999,4.7112808227539062,
19.800000000000001,4.731719970703125,
19.899999999999999,4.75982666015625,
20,4.8007049560546875,9.6540622711181641
20.100000000000001,4.8645782470703125,
20.199999999999999,4.9258956909179688,
20.300000000000001,4.9718856811523438,
20.399999999999999,4.9693374633789062,
20.5,4.9080123901367188,
20.600000000000001,4.8824615478515625,
20.699999999999999,4.897796630859375,
20.800000000000001,4.9207916259765625,
20.899999999999999,4.961669921875,
21,5.0204315185546875,
21.100000000000001,5.1967315673828125,
21.199999999999999,5.5391006469726562,
21.300000000000001,5.9581222534179688,
21.399999999999999,6.4921112060546875,
21.5,7.123199462890625,
21.600000000000001,7.7798309326171875,
21.699999999999999,8.5105667114257812,
21.800000000000001,9.2719573974609375,
21.899999999999999,9.8391647338867188,
22,10.000129699707031,
22.100000000000001,9.72674560546875,
22.199999999999999,9.3332748413085938,
22.300000000000001,9.090545654296875,
22.399999999999999,8.835052490234375,
22.5,8.5514450073242188,
22.600000000000001,8.3521499633789062,
22.699999999999999,8.2371749877929688,
22.800000000000001,8.1988525390625,
22.899999999999999,8.170745849609375,
23,8.1145401000976562,
23.100000000000001,8.0685501098632812,
23.199999999999999,8.042999267578125,
23.300000000000001,7.9484634399414062,
23.399999999999999,7.7721710205078125,
23.5,7.675079345703125,
23.600000000000001,7.6801910400390625,
23.699999999999999,7.710845947265625,
23.800000000000001,7.7159576416015625,
23.899999999999999,7.6520843505859375,
24,7.618865966796875,
24.100000000000001,7.6520843505859375,
24.199999999999999,7.657196044921875,
24.300000000000001,7.5907669067382812,
24.399999999999999,7.4681243896484375,
24.5,7.3761444091796875,
24.600000000000001,7.3582611083984375,
24.699999999999999,7.3761444091796875,
24.800000000000001,7.4016952514648438,
24.899999999999999,7.4042510986328125,
25,7.417022705078125,
25.100000000000001,7.4757919311523438,
25.199999999999999,7.5524368286132812,
25.300000000000001,7.5396652221679688,
25.399999999999999,7.4527969360351562,
25.5,7.3940277099609375,
25.600000000000001,7.169189453125,
25.699999999999999,6.7067337036132812,
25.800000000000001,6.5840911865234375,
25.899999999999999,6.9136886596679688,
26,7.1743011474609375,
26.100000000000001,7.325042724609375,
26.199999999999999,7.618865966796875,
26.300000000000001,7.9791259765625,
26.399999999999999,8.2703933715820312,
26.5,8.6280975341796875,
26.600000000000001,9.1314315795898438,
26.699999999999999,9.7241897583007812,
26.800000000000001,10.329727172851562,
26.899999999999999,10.94036865234375,
27,11.387496948242188,
27.100000000000001,11.433486938476562,
27.199999999999999,10.955696105957031,
27.300000000000001,10.235191345214844,
27.399999999999999,9.6705322265625,
27.5,9.3026123046875,
27.600000000000001,9.486572265625,
27.699999999999999,10.48046875,
27.800000000000001,11.597000122070312,
27.899999999999999,12.182098388671875,
28,12.19232177734375,
28.100000000000001,11.911270141601562,
28.199999999999999,11.724754333496094,
28.300000000000001,11.696647644042969,
28.399999999999999,11.780960083007812,
28.5,12.271522521972656,
28.600000000000001,12.746749877929688,
28.699999999999999,12.759529113769531,
28.800000000000001,12.598564147949219,
28.899999999999999,12.194869995117188,
29,11.6199951171875,
29.100000000000001,11.024681091308594,
29.199999999999999,10.49835205078125,
29.300000000000001,10.232635498046875,
29.399999999999999,9.9592514038085938,
29.5,9.4533615112304688,
29.600000000000001,8.9474716186523438,
29.699999999999999,8.4339141845703125,
29.800000000000001,7.7977218627929688,
29.899999999999999,7.169189453125,
30,6.6939620971679688,8.8757400512695312
30.100000000000001,6.3950271606445312,
30.199999999999999,6.1676254272460938,
30.300000000000001,5.9376754760742188,
30.399999999999999,5.7051773071289062,
30.5,5.5237655639648438,
30.600000000000001,5.4317855834960938,
30.699999999999999,5.2887115478515625,
30.800000000000001,5.1021957397460938,
30.899999999999999,4.9872207641601562,
31,4.933563232421875,
31.100000000000001,4.9923324584960938,
31.199999999999999,5.1532974243164062,
31.300000000000001,5.3857955932617188,
31.399999999999999,5.6183013916015625,
31.5,5.8124847412109375,
31.600000000000001,5.963226318359375,
31.699999999999999,5.95556640625,
31.800000000000001,5.8022613525390625,
31.899999999999999,5.7077255249023438,
32,5.7639389038085938,
32.100000000000001,5.8584747314453125,
32.200000000000003,5.8661422729492188,
32.299999999999997,5.8227005004882812,
32.399999999999999,5.8099288940429688,
32.5,5.8329238891601562,
32.600000000000001,5.8456954956054688,
32.700000000000003,5.82525634765625,
32.799999999999997,5.7511672973632812,
32.899999999999999,5.6923980712890625,
33,5.6949539184570312,
33.100000000000001,5.7537155151367188,
33.200000000000003,5.8610305786132812,
33.299999999999997,5.927459716796875,
33.399999999999999,6.0858688354492188,
33.5,6.4895553588867188,
33.600000000000001,6.9724502563476562,
33.700000000000003,7.3454818725585938,
33.799999999999997,7.8258209228515625,
33.899999999999999,8.3572616577148438,
34,8.8631515502929688,
34.100000000000001,9.0675506591796875,
34.200000000000003,9.02667236328125,
34.299999999999997,8.9219207763671875,
34.399999999999999,8.6076507568359375,
34.5,8.2116317749023438,
34.600000000000001,7.9356918334960938,
34.700000000000003,7.5447769165039062,
34.799999999999997,7.07720947265625,
34.899999999999999,6.7629470825195312,
35,6.56109619140625,
35.100000000000001,6.3592529296875,
35.200000000000003,6.1420822143554688,
35.299999999999997,5.9913330078125,
35.399999999999999,5.8916854858398438,
35.5,5.7179489135742188,
35.600000000000001,5.5518722534179688,
35.700000000000003,5.4317855834960938,
35.799999999999997,5.2963714599609375,
35.899999999999999,5.2324981689453125,
36,5.2580490112304688,
36.100000000000001,5.2784881591796875,
36.200000000000003,5.2606048583984375,
36.299999999999997,5.2452774047851562,
36.399999999999999,5.2427215576171875,
36.5,5.2299423217773438,
36.600000000000001,5.1788406372070312,
36.700000000000003,5.0613174438476562,
36.799999999999997,4.9463424682617188,
36.899999999999999,4.8901290893554688,
37,4.8901290893554688,
37.100000000000001,4.933563232421875,
37.200000000000003,5.007659912109375,
37.299999999999997,5.1149673461914062,
37.399999999999999,5.301483154296875,
37.5,5.559539794921875,
37.600000000000001,5.835479736328125,
37.700000000000003,6.185516357421875,
37.799999999999997,6.645416259765625,
37.899999999999999,7.1794052124023438,
38,7.7440643310546875,
38.100000000000001,8.2755050659179688,
38.200000000000003,8.7635116577148438,
38.299999999999997,9.1953048706054688,
38.399999999999999,9.496795654296875,
38.5,9.5453414916992188,
38.600000000000001,9.3026123046875,
38.700000000000003,8.9219207763671875,
38.799999999999997,8.5795516967773438,
38.899999999999999,8.3163833618164062,
39,8.10687255859375,
39.100000000000001,7.9126968383789062,
39.200000000000003,7.81304931640625,
39.299999999999997,7.7287368774414062,
39.399999999999999,7.4323501586914062,
39.5,7.0337753295898438,
39.600000000000001,6.7629470825195312,
39.700000000000003,6.571319580078125,
39.799999999999997,6.3388137817382812,
39.899999999999999,6.0986404418945312,
40,5.8916854858398438,10.480349540710449
40.100000000000001,5.7230606079101562,
40.200000000000003,5.5391006469726562,
40.299999999999997,5.3244781494140625,
40.399999999999999,5.0868606567382812,
40.5,4.9003524780273438,
40.600000000000001,4.8390274047851562,
40.700000000000003,4.8492507934570312,
40.799999999999997,4.859466552734375,
40.899999999999999,4.9003524780273438,
41,5.0025482177734375,
41.100000000000001,5.1481857299804688,
41.200000000000003,5.3321456909179688,
41.299999999999997,5.5288772583007812,
41.399999999999999,5.8278121948242188,
41.5,6.4359054565429688,
41.600000000000001,7.2049560546875,
41.700000000000003,7.9407958984375,
41.799999999999997,8.6102066040039062,
41.899999999999999,9.1084365844726562,
42,9.5555572509765625,
42.100000000000001,10.033340454101562,
42.200000000000003,10.429367065429688,
42.299999999999997,10.613327026367188,
42.399999999999999,10.559677124023438,
42.5,10.299064636230469,
42.600000000000001,9.98480224609375,
42.700000000000003,9.7829513549804688,
42.799999999999997,9.5759963989257812,
42.899999999999999,9.3000564575195312,
43,9.0062332153320312,
43.100000000000001,8.651092529296875,
43.200000000000003,8.2371749877929688,
43.299999999999997,7.8539276123046875,
43.399999999999999,7.5217819213867188,
43.5,7.1845169067382812,
43.600000000000001,6.883026123046875,
43.700000000000003,6.6147537231445312,
43.799999999999997,6.3362579345703125,
43.899999999999999,6.0705413818359375,
44,5.82525634765625,
44.100000000000001,5.5672073364257812,
44.200000000000003,5.2938156127929688,
44.299999999999997,5.0945281982421875,
44.399999999999999,4.9999923706054688,
44.5,4.9642257690429688,
44.600000000000001,4.9718856811523438,
44.700000000000003,5.0204315185546875,
44.799999999999997,5.1124114990234375,
44.899999999999999,5.2554931640625,
45,5.4701156616210938,
45.100000000000001,5.7230606079101562,
45.200000000000003,5.9683380126953125,
45.299999999999997,6.221282958984375,
45.399999999999999,6.5329971313476562,
45.5,6.7859420776367188,
45.600000000000001,6.8779220581054688,
45.700000000000003,6.8574752807617188,
45.799999999999997,6.737396240234375,
45.899999999999999,6.59942626953125,
46,6.5023345947265625,
46.100000000000001,6.3592529296875,
46.200000000000003,6.15740966796875,
46.299999999999997,5.9913330078125,
46.399999999999999,5.9146804809570312,
46.5,5.8891372680664062,
46.600000000000001,5.8865814208984375,
46.700000000000003,5.8610305786132812,
46.799999999999997,5.7562713623046875,
46.899999999999999,5.6821823120117188,
47,5.6566314697265625,
47.100000000000001,5.5825347900390625,
47.200000000000003,5.4317855834960938,
47.299999999999997,5.3244781494140625,
47.399999999999999,5.3423614501953125,
47.5,5.4650039672851562,
47.600000000000001,5.7997055053710938,
47.700000000000003,6.3107070922851562,
47.799999999999997,6.8038253784179688,
47.899999999999999,7.2483901977539062,
48,7.6699676513671875,
48.100000000000001,8.014892578125,
48.200000000000003,8.2806167602539062,
48.299999999999997,8.5667724609375,
48.399999999999999,8.888702392578125,
48.5,9.110992431640625,
48.600000000000001,9.2234115600585938,
48.700000000000003,9.266845703125,
48.799999999999997,9.1953048706054688,
48.899999999999999,9.0675506591796875,
49,8.8580474853515625,
49.100000000000001,8.5003433227539062,
49.200000000000003,8.1784133911132812,
49.299999999999997,7.9893417358398438,
49.399999999999999,7.8181610107421875,
49.5,7.6827468872070312,
49.600000000000001,7.6060943603515625,
49.700000000000003,7.5115585327148438,
49.799999999999997,7.381256103515625,
49.899999999999999,7.1819610595703125,
50,6.8523712158203125,11.244378089904785
50.100000000000001,6.4818954467773438,
50.200000000000003,6.1982879638671875,
50.299999999999997,6.0041122436523438,
50.399999999999999,5.8431472778320312,
50.5,5.6745147705078125,
50.600000000000001,5.5161056518554688,
50.700000000000003,5.4266815185546875,
50.799999999999997,5.3883514404296875,
50.899999999999999,5.2324981689453125,
51,4.9718856811523438,
51.100000000000001,4.8748016357421875,
51.200000000000003,5.1660690307617188,
51.299999999999997,5.8048171997070312,
51.399999999999999,6.5483245849609375,
51.5,7.2586135864257812,
51.600000000000001,8.0762100219726562,
51.700000000000003,8.9883499145507812,
51.799999999999997,9.7114105224609375,
51.899999999999999,10.189201354980469,
52,10.48046875,
52.100000000000001,10.723190307617188,
52.200000000000003,10.899490356445312,
52.299999999999997,10.815170288085938,
52.399999999999999,10.552009582519531,
52.5,10.332275390625,
52.600000000000001,10.109992980957031,
52.700000000000003,9.8417205810546875,
52.799999999999997,9.5862197875976562,
52.899999999999999,9.32049560546875,
53,9.090545654296875,
53.100000000000001,8.9883499145507812,
53.200000000000003,8.9679107666015625,
53.299999999999997,8.927032470703125,
53.399999999999999,8.8631515502929688,
53.5,8.7635116577148438,
53.600000000000001,8.6459808349609375,
53.700000000000003,8.43902587890625,
53.799999999999997,8.1451950073242188,
53.899999999999999,7.9101409912109375,
54,7.767059326171875,
54.100000000000001,7.6725234985351562,
54.200000000000003,7.6060943603515625,
54.299999999999997,7.5396652221679688,
54.399999999999999,7.4119110107421875,
54.5,7.2356185913085938,
54.600000000000001,7.0823211669921875,
54.700000000000003,6.8958053588867188,
54.799999999999997,6.6326370239257812,
54.899999999999999,6.5048904418945312,
55,6.56109619140625,
55.100000000000001,6.645416259765625,
55.200000000000003,6.7476119995117188,
55.299999999999997,6.8753662109375,
55.399999999999999,7.02099609375,
55.5,7.2049560546875,
55.600000000000001,7.4374618530273438,
55.700000000000003,7.6852951049804688,
55.799999999999997,7.7312850952148438,
55.899999999999999,7.6495285034179688,
56,7.4834518432617188,
56.100000000000001,7.013336181640625,
56.200000000000003,6.4461212158203125,
56.299999999999997,6.04754638671875,
56.399999999999999,5.7920455932617188,
56.5,5.5518722534179688,
56.600000000000001,5.3091506958007812,
56.700000000000003,5.0843124389648438,
56.799999999999997,4.9667816162109375,
56.899999999999999,4.9744415283203125,
57,4.961669921875,
57.100000000000001,4.9821090698242188,
57.200000000000003,5.1021957397460938,
57.299999999999997,5.375579833984375,
57.399999999999999,5.8916854858398438,
57.5,6.4435653686523438,
57.600000000000001,6.9622344970703125,
57.700000000000003,7.6520843505859375,
57.799999999999997,8.4032516479492188,
57.899999999999999,8.980682373046875,
58,9.5555572509765625,
58.100000000000001,10.258186340332031,
58.200000000000003,10.894378662109375,
58.299999999999997,11.19842529296875,
58.399999999999999,11.052787780761719,
58.5,10.567337036132812,
58.600000000000001,10.360382080078125,
58.700000000000003,10.291397094726562,
58.799999999999997,10.089553833007812,
58.899999999999999,9.6935272216796875,
59,8.9321365356445312,
59.100000000000001,7.8922500610351562,
59.200000000000003,6.9775619506835938,
59.299999999999997,6.3388137817382812,
59.399999999999999,5.89935302734375,
59.5,5.577423095703125,
59.600000000000001,5.301483154296875,
59.700000000000003,5.1021957397460938,
59.799999999999997,4.9974365234375,
59.899999999999999,4.933563232421875,
60,4.9207916259765625,12.406948089599609
60.100000000000001,4.933563232421875,
60.200000000000003,4.9591140747070312,
60.299999999999997,5.007659912109375,
60.399999999999999,5.0792007446289062,
60.5,5.0945281982421875,
60.600000000000001,5.0127716064453125,
60.700000000000003,4.9258956909179688,
60.799999999999997,4.915679931640625,
60.899999999999999,4.9591140747070312,
61,5.0051040649414062,
61.100000000000001,5.0485382080078125,
61.200000000000003,5.0485382080078125,
61.299999999999997,5.0510940551757812,
61.399999999999999,5.1098556518554688,
61.5,5.2759323120117188,
61.600000000000001,5.8405914306640625,
61.700000000000003,6.5738754272460938,
61.799999999999997,7.1564102172851562,
61.899999999999999,7.8181610107421875,
62,8.630645751953125,
62.100000000000001,9.4610214233398438,
62.200000000000003,10.173866271972656,
62.299999999999997,10.930145263671875,
62.399999999999999,11.722198486328125,
62.5,12.240859985351562,
62.600000000000001,12.519355773925781,
62.700000000000003,12.739089965820312,
62.799999999999997,12.828514099121094,
62.899999999999999,12.649665832519531,
63,12.176986694335938,
63.100000000000001,11.709426879882812,
63.200000000000003,11.374717712402344,
63.299999999999997,10.899490356445312,
63.399999999999999,10.316947937011719,
63.5,9.7471847534179688,
63.600000000000001,9.3230514526367188,
63.700000000000003,9.1697540283203125,
63.799999999999997,8.980682373046875,
63.899999999999999,8.5897674560546875,
64,8.2039642333984375,
64.099999999999994,7.8002700805664062,
64.200000000000003,7.3531494140625,
64.299999999999997,7.0925369262695312,
64.400000000000006,6.921356201171875,
64.5,6.7680511474609375,
64.599999999999994,6.939239501953125,
64.700000000000003,7.2407302856445312,
64.799999999999997,6.7706069946289062,
64.900000000000006,6.4077987670898438,
65,6.8855819702148438,
65.099999999999994,7.0899810791015625,
65.200000000000003,6.847259521484375,
65.299999999999997,6.7757186889648438,
65.400000000000006,6.939239501953125,
65.5,7.0695419311523438,
65.599999999999994,7.0925369262695312,
65.700000000000003,7.0286636352539062,
65.799999999999997,6.9188003540039062,
65.900000000000006,6.7297286987304688,
66,6.5687637329101562,
66.099999999999994,6.543212890625,
66.200000000000003,6.4870071411132812,
66.299999999999997,6.3260421752929688,
66.400000000000006,6.2161712646484375,
66.5,6.2161712646484375,
66.599999999999994,6.239166259765625,
66.700000000000003,6.3030471801757812,
66.799999999999997,6.6019821166992188,
66.900000000000006,7.1104202270507812,
67,7.70318603515625,
67.099999999999994,8.4569091796875,
67.200000000000003,9.220855712890625,
67.299999999999997,9.7676239013671875,
67.400000000000006,10.222412109375,
67.5,10.695091247558594,
67.599999999999994,11.139656066894531,
67.700000000000003,11.466697692871094,
67.799999999999997,11.663436889648438,
67.900000000000006,11.714530944824219,
68,11.441146850585938,
68.099999999999994,10.820281982421875,
68.200000000000003,10.173866271972656,
68.299999999999997,9.7982864379882812,
68.400000000000006,9.6679763793945312,
68.5,9.606658935546875,
68.599999999999994,8.980682373046875,
68.700000000000003,7.6674118041992188,
68.799999999999997,6.5789871215820312,
68.900000000000006,5.7971572875976562,
69,5.0306549072265625,
69.099999999999994,4.6729507446289062,
69.200000000000003,4.7725982666015625,
69.299999999999997,4.9872207641601562,
69.400000000000006,5.1481857299804688,
69.5,5.2043914794921875,
69.599999999999994,5.2120590209960938,
69.700000000000003,5.227386474609375,
69.799999999999997,5.2861557006835938,
69.900000000000006,5.2784881591796875,
70,5.173736572265625,11.746280670166016
70.099999999999994,5.099639892578125,
70.200000000000003,5.081756591796875,
70.299999999999997,5.1021957397460938,
70.400000000000006,5.2171707153320312,
70.5,5.541656494140625,
70.599999999999994,6.2110671997070312,
70.700000000000003,7.105316162109375,
70.799999999999997,7.894805908203125,
70.900000000000006,8.5974349975585938,
71,9.3409423828125,
71.099999999999994,9.8851547241210938,
71.200000000000003,9.9337005615234375,
71.299999999999997,9.5478973388671875,
71.400000000000006,9.0241165161132812,
71.5,8.5999908447265625,
71.599999999999994,8.1886367797851562,
71.700000000000003,7.6597518920898438,
71.799999999999997,7.15130615234375,
71.900000000000006,6.7399520874023438,
72,6.3950271606445312,
72.099999999999994,6.0884246826171875,
72.200000000000003,5.8227005004882812,
72.299999999999997,5.6540756225585938,
72.400000000000006,5.5620956420898438,
72.5,5.4062423706054688,
72.599999999999994,5.2248306274414062,
72.700000000000003,5.1149673461914062,
72.799999999999997,5.1405181884765625,
72.900000000000006,5.2708206176757812,
73,5.3525848388671875,
73.099999999999994,5.3398056030273438,
73.200000000000003,5.3040390014648438,
73.299999999999997,5.31170654296875,
73.400000000000006,5.265716552734375,
73.5,5.1584014892578125,
73.599999999999994,5.1584014892578125,
73.700000000000003,5.2529373168945312,
73.799999999999997,5.2759323120117188,
73.900000000000006,5.2222824096679688,
74,5.1992874145507812,
74.099999999999994,5.2580490112304688,
74.200000000000003,5.3602523803710938,
74.299999999999997,5.4062423706054688,
74.400000000000006,5.2784881591796875,
74.5,5.0332107543945312,
74.599999999999994,4.9233474731445312,
74.700000000000003,5.0178756713867188,
74.799999999999997,5.1149673461914062,
74.900000000000006,5.1149673461914062,
75,5.1456298828125,
75.099999999999994,5.227386474609375,
75.200000000000003,5.2631607055664062,
75.299999999999997,5.2248306274414062,
75.400000000000006,5.1456298828125,
75.5,5.099639892578125,
75.599999999999994,5.1303024291992188,
75.700000000000003,5.1839523315429688,
75.799999999999997,5.2197265625,
75.900000000000006,5.2554931640625,
76,5.2759323120117188,
76.099999999999994,5.2938156127929688,
76.200000000000003,5.3372573852539062,
76.299999999999997,5.2963714599609375,
76.400000000000006,5.16351318359375,
76.5,5.1405181884765625,
76.599999999999994,5.23760986328125,
76.700000000000003,5.4879989624023438,
76.799999999999997,5.9990005493164062,
76.900000000000006,6.6377487182617188,
77,7.2637252807617188,
77.099999999999994,7.8845901489257812,
77.200000000000003,8.5284500122070312,
77.299999999999997,9.0062332153320312,
77.400000000000006,9.28472900390625,
77.5,9.6015472412109375,
77.599999999999994,9.8570480346679688,
77.700000000000003,9.8110580444335938,
77.799999999999997,9.5172348022460938,
77.900000000000006,9.1263198852539062,
78,8.7890625,
78.099999999999994,8.531005859375,
78.200000000000003,8.2882766723632812,
78.299999999999997,8.10687255859375,
78.400000000000006,8.042999267578125,
78.5,8.0481109619140625,
78.599999999999994,8.0353317260742188,
78.700000000000003,8.0276718139648438,
78.799999999999997,8.0864334106445312,
78.900000000000006,8.1426467895507812,
79,8.117095947265625,
79.099999999999994,7.99700927734375,
79.200000000000003,7.8845901489257812,
79.299999999999997,7.8692550659179688,
79.400000000000006,7.968902587890625,
79.5,8.0583267211914062,
79.599999999999994,8.0838775634765625,
79.700000000000003,8.1222000122070312,
79.799999999999997,8.0813217163085938,
79.900000000000006,8.0378875732421875,
80,7.9816818237304688,11.811023712158203
80.099999999999994,7.8053817749023438,
80.200000000000003,7.692962646484375,
80.299999999999997,7.7185134887695312,
80.400000000000006,7.7772750854492188,
80.5,7.8386001586914062,
80.599999999999994,7.8667068481445312,
80.700000000000003,7.8845901489257812,
80.799999999999997,7.905029296875,
80.900000000000006,7.9152450561523438,
81,7.8156051635742188,
81.099999999999994,7.6316452026367188,
81.200000000000003,7.5575485229492188,
81.299999999999997,7.583099365234375,
81.400000000000006,7.618865966796875,
81.5,7.6520843505859375,
81.599999999999994,7.6955184936523438,
81.700000000000003,7.7645034790039062,
81.799999999999997,7.8386001586914062,
81.900000000000006,7.894805908203125,
82,7.8462600708007812,
82.099999999999994,7.710845947265625,
82.200000000000003,7.6342010498046875,
82.299999999999997,7.6955184936523438,
82.400000000000006,7.9561309814453125,
82.5,8.6791915893554688,
82.599999999999994,9.5836639404296875,
82.700000000000003,10.37060546875,
82.799999999999997,11.111557006835938,
82.900000000000006,11.890830993652344,
83,12.562789916992188,
83.099999999999994,12.953704833984375,
83.200000000000003,12.915382385253906,
83.299999999999997,12.2843017578125,
83.400000000000006,11.331283569335938,
83.5,10.419151306152344,
83.599999999999994,9.6398773193359375,
83.700000000000003,9.072662353515625,
83.799999999999997,8.651092529296875,
83.900000000000006,8.2703933715820312,
84,7.8615951538085938,
84.099999999999994,7.3557052612304688,
84.200000000000003,6.8881378173828125,
84.299999999999997,6.5840911865234375,
84.400000000000006,6.4282379150390625,
84.5,6.405242919921875,
84.599999999999994,6.4537887573242188,
84.700000000000003,6.4895553588867188,
84.799999999999997,6.4716720581054688,
84.900000000000006,6.4307937622070312,
85,6.41546630859375,
85.099999999999994,6.4410171508789062,
85.200000000000003,6.4691162109375,
85.299999999999997,6.387359619140625,
85.400000000000006,6.1727371215820312,
85.5,6.3158187866210938,
85.599999999999994,6.4895553588867188,
85.700000000000003,5.963226318359375,
85.799999999999997,5.1686248779296875,
85.900000000000006,4.6601791381835938,
86,4.4430007934570312,
86.099999999999994,4.1823959350585938,
86.200000000000003,3.7633743286132812,
86.299999999999997,3.444000244140625,
86.400000000000006,3.3750152587890625,
86.5,3.4976577758789062,
86.599999999999994,3.7582626342773438,
86.700000000000003,3.9933242797851562,
86.799999999999997,4.0725326538085938,
86.900000000000006,4.0955276489257812,
87,4.1517333984375,
87.099999999999994,4.215606689453125,
87.200000000000003,4.2564926147460938,
87.299999999999997,4.2948150634765625,
87.400000000000006,4.3510208129882812,
87.5,4.3791275024414062,
87.599999999999994,4.3714675903320312,
87.700000000000003,4.3101425170898438,
87.799999999999997,4.2411575317382812,
87.900000000000006,4.2309417724609375,
88,4.2462692260742188,
88.099999999999994,4.253936767578125,
88.200000000000003,4.2615966796875,
88.299999999999997,4.2641525268554688,
88.400000000000006,4.253936767578125,
88.5,4.2513809204101562,
88.599999999999994,4.2130508422851562,
88.700000000000003,4.2360458374023438,
88.799999999999997,4.3944625854492188,
88.900000000000006,4.4353408813476562,
89,4.31781005859375,
89.099999999999994,4.2590408325195312,
89.200000000000003,4.3331375122070312,
89.299999999999997,4.5324325561523438,
89.400000000000006,4.7981491088867188,
89.5,5.0383224487304688,
89.599999999999994,5.2580490112304688,
89.700000000000003,5.5442123413085938,
89.799999999999997,5.871246337890625,
89.900000000000006,6.2059555053710938,
90,6.6275253295898438,8.8582677841186523
90.099999999999994,7.0976486206054688,
90.200000000000003,7.5217819213867188,
90.299999999999997,7.8667068481445312,
90.400000000000006,8.209075927734375,
90.5,8.7302932739257812,
90.599999999999994,9.39459228515625,
90.700000000000003,10.02056884765625,
90.799999999999997,10.416595458984375,
90.900000000000006,10.345054626464844,
91,10.000129699707031,
91.099999999999994,9.5913314819335938,
91.200000000000003,8.9346923828125,
91.299999999999997,8.078765869140625,
91.400000000000006,7.3020477294921875,
91.5,6.7246170043945312,
91.599999999999994,6.3541412353515625,
91.700000000000003,6.1420822143554688,
91.799999999999997,5.9760055541992188,
91.900000000000006,5.7767105102539062,
92,5.54931640625,
92.099999999999994,5.3040390014648438,
92.200000000000003,5.0970840454101562,
92.299999999999997,4.9923324584960938,
92.400000000000006,4.97955322265625,
92.5,4.9974365234375,
92.599999999999994,4.9923324584960938,
92.700000000000003,4.97955322265625,
92.799999999999997,4.989776611328125,
92.900000000000006,5.0229873657226562,
93,5.0357666015625,
93.099999999999994,4.989776611328125,
93.200000000000003,4.9386749267578125,
93.299999999999997,4.9258956909179688,
93.400000000000006,4.9667816162109375,
93.5,5.0510940551757812,
93.599999999999994,5.1073074340820312,
93.700000000000003,5.2043914794921875,
93.799999999999997,5.5697555541992188,
93.900000000000006,6.239166259765625,
94,7.0465469360351562,
94.099999999999994,7.8283767700195312,
94.200000000000003,8.4875717163085938,
94.299999999999997,9.0496673583984375,
94.400000000000006,9.6092147827148438,
94.5,10.224967956542969,
94.599999999999994,10.7742919921875,
94.700000000000003,11.236747741699219,
94.799999999999997,11.683876037597656,
94.900000000000006,11.972587585449219,
95,12.120780944824219,
95.099999999999994,12.205093383789062,
95.200000000000003,12.202537536621094,
95.299999999999997,12.199981689453125,
95.400000000000006,12.184654235839844,
95.5,12.049240112304688,
95.599999999999994,11.740081787109375,
95.700000000000003,11.305732727050781,
95.799999999999997,10.746185302734375,
95.900000000000006,10.051231384277344,
96,9.3332748413085938,
96.099999999999994,8.6817474365234375,
96.200000000000003,8.1656417846679688,
96.299999999999997,7.8207168579101562,
96.400000000000006,7.5601043701171875,
96.5,7.2432861328125,
96.599999999999994,6.847259521484375,
96.700000000000003,6.4256820678710938,
96.799999999999997,6.0884246826171875,
96.900000000000006,5.8891372680664062,
97,5.7332763671875,
97.099999999999994,5.5288772583007812,
97.200000000000003,5.3372573852539062,
97.299999999999997,5.2452774047851562,
97.400000000000006,5.209503173828125,
97.5,5.1762924194335938,
97.599999999999994,5.1226348876953125,
97.700000000000003,5.0332107543945312,
97.799999999999997,4.951446533203125,
97.900000000000006,4.9284515380859375,
98,4.9642257690429688,
98.099999999999994,5.0408706665039062,
98.200000000000003,5.1226348876953125,
98.299999999999997,5.209503173828125,
98.400000000000006,5.3449172973632812,
98.5,5.5518722534179688,
98.599999999999994,5.779266357421875,
98.700000000000003,6.0296554565429688,
98.799999999999997,6.3337020874023438,
98.900000000000006,6.7297286987304688,
99,7.1308670043945312,
99.099999999999994,7.3148269653320312,
99.200000000000003,7.3684768676757812,
99.299999999999997,7.6444168090820312,
99.400000000000006,8.1477508544921875,
99.5,8.58465576171875,
99.599999999999994,8.7149658203125,
99.700000000000003,8.612762451171875,
99.799999999999997,8.5233383178710938,
99.900000000000006,8.354705810546875,
100,8.0915451049804688,8.4507045745849609
100.09999999999999,7.9356918334960938,
100.2,7.905029296875,
100.3,7.92291259765625,
100.40000000000001,7.9356918334960938,
100.5,7.8232650756835938,
100.59999999999999,7.6239776611328125,
100.7,7.5115585327148438,
100.8,7.4630126953125,
100.90000000000001,7.399139404296875,
101,7.2662811279296875,
101.09999999999999,7.059326171875,
101.2,6.8344802856445312,
101.3,6.5329971313476562,
101.40000000000001,6.1344146728515625,
101.5,5.78948974609375,
101.59999999999999,5.5799789428710938,
101.7,5.4522323608398438,
101.8,5.3219223022460938,
101.90000000000001,5.1967315673828125,
102,5.1047515869140625,
102.09999999999999,5.0383224487304688,
102.2,5.0051040649414062,
102.3,5.025543212890625,
102.40000000000001,5.16351318359375,
102.5,5.5902023315429688,
102.59999999999999,6.37713623046875,
102.7,7.3480377197265625,
102.8,8.18096923828125,
102.90000000000001,8.8657073974609375,
103,9.5223464965820312,
103.09999999999999,10.092109680175781,
103.2,10.437034606933594,
103.3,10.6644287109375,
103.40000000000001,10.963363647460938,
103.5,11.080894470214844,
103.59999999999999,10.955696105957031,
103.7,10.948036193847656,
103.8,10.988914489746094,
103.90000000000001,10.881607055664062,
104,10.656761169433594,
104.09999999999999,10.337387084960938,
104.2,10.053787231445312,
104.3,9.826385498046875,
104.40000000000001,9.6373214721679688,
104.5,9.5478973388671875,
104.59999999999999,9.4763565063476562,
104.7,9.39459228515625,
104.8,9.3026123046875,
104.90000000000001,9.0931015014648438,
105,8.8018341064453125,
105.09999999999999,8.5642166137695312,
105.2,8.3904800415039062,
105.3,8.3317108154296875,
105.40000000000001,8.3214950561523438,
105.5,8.2499542236328125,
105.59999999999999,8.1886367797851562,
105.7,8.10687255859375,
105.8,7.8053817749023438,
105.90000000000001,7.4195785522460938,
106,7.2918319702148438,
106.09999999999999,7.3735885620117188,
106.2,7.5038909912109375,
106.3,7.8437118530273438,
106.40000000000001,8.5795516967773438,
106.5,9.4712448120117188,
106.59999999999999,10.490692138671875,
106.7,11.349166870117188,
106.8,12.087562561035156,
106.90000000000001,12.532135009765625,
107,13.22198486328125,
107.09999999999999,14.111122131347656,
107.2,14.972160339355469,
107.3,15.728439331054688,
107.40000000000001,16.290538787841797,
107.5,16.768321990966797,
107.59999999999999,17.279323577880859,
107.7,17.790325164794922,
107.8,18.265552520751953,
107.90000000000001,18.796993255615234,
108,19.428077697753906,
108.09999999999999,20.186912536621094,
108.2,20.820552825927734,
108.3,20.526729583740234,
108.40000000000001,19.606929779052734,
108.5,18.728008270263672,
108.59999999999999,17.797988891601562,
108.7,17.243553161621094,
108.8,16.949729919433594,
108.90000000000001,16.379962921142578,
109,15.807643890380859,
109.09999999999999,15.329856872558594,
109.2,14.647674560546875,
109.3,13.985931396484375,
109.40000000000001,13.303741455078125,
109.5,12.358390808105469,
109.59999999999999,11.34405517578125,
109.7,10.373161315917969,
109.8,9.4916839599609375,
109.90000000000001,8.7660675048828125,
110,8.2703933715820312,4.7885074615478516
110.09999999999999,8.03277587890625,
110.2,8.014892578125,
110.3,7.9101409912109375,
110.40000000000001,7.6035385131835938,
110.5,7.4579010009765625,
110.59999999999999,7.3173751831054688,
110.7,7.2943801879882812,
110.8,7.3633651733398438,
110.90000000000001,6.9852294921875,
111,6.4589004516601562,
111.09999999999999,6.1165313720703125,
111.2,5.835479736328125,
111.3,5.595306396484375,
111.40000000000001,5.4420089721679688,
111.5,5.3219223022460938,
111.59999999999999,5.16351318359375,
111.7,4.97955322265625,
111.8,4.8569107055664062,
111.90000000000001,4.8007049560546875,
112,4.7623825073242188,
112.09999999999999,4.72149658203125,
112.2,4.6806182861328125,
112.3,4.6780624389648438,
112.40000000000001,4.713836669921875,
112.5,4.7419357299804688,
112.59999999999999,4.6933975219726562,
112.7,4.5988616943359375,
112.8,4.5605316162109375,
112.90000000000001,4.6090774536132812,
113,4.7087249755859375,
113.09999999999999,4.7802658081054688,
113.2,4.8262557983398438,
113.3,4.8824615478515625,
113.40000000000001,4.915679931640625,
113.5,4.8773574829101562,
113.59999999999999,4.8952407836914062,
113.7,5.1941757202148438,
113.8,5.7562713623046875,
113.90000000000001,6.3975753784179688,
114,7.0082244873046875,
114.09999999999999,7.5396652221679688,
114.2,7.9663467407226562,
114.3,8.2959442138671875,
114.40000000000001,8.6076507568359375,
114.5,8.9091415405273438,
114.59999999999999,9.1084365844726562,
114.7,9.1160964965820312,
114.8,8.944915771484375,
114.90000000000001,8.6740875244140625,
115,8.3981475830078125,
115.09999999999999,8.3470458984375,
115.2,8.6357574462890625,
115.3,9.0701065063476562,
115.40000000000001,9.3818206787109375,
115.5,9.4150314331054688,
115.59999999999999,9.202972412109375,
115.7,8.8938140869140625,
115.8,8.651092529296875,
115.90000000000001,8.410919189453125,
116,7.894805908203125,
116.09999999999999,7.1768569946289062,
116.2,6.59942626953125,
116.3,6.2059555053710938,
116.40000000000001,5.8584747314453125,
116.5,5.5569839477539062,
116.59999999999999,5.3423614501953125,
116.7,5.1992874145507812,
116.8,5.135406494140625,
116.90000000000001,5.12774658203125,
117,5.1328506469726562,
117.09999999999999,5.1328506469726562,
117.2,5.1609573364257812,
117.3,5.2043914794921875,
117.40000000000001,5.227386474609375,
117.5,5.2299423217773438,
117.59999999999999,5.1967315673828125,
117.7,5.1481857299804688,
117.8,5.1226348876953125,
117.90000000000001,5.1379623413085938,
118,5.173736572265625,
118.09999999999999,5.209503173828125,
118.2,5.2427215576171875,
118.3,5.2682723999023438,
118.40000000000001,5.3091506958007812,
118.5,5.3602523803710938,
118.59999999999999,5.3602523803710938,
118.7,5.2887115478515625,
118.8,5.2248306274414062,
118.90000000000001,5.1788406372070312,
119,5.12774658203125,
119.09999999999999,5.1149673461914062,
119.2,5.1303024291992188,
119.3,5.1711807250976562,
119.40000000000001,5.2197265625,
119.5,5.2554931640625,
119.59999999999999,5.265716552734375,
119.7,5.2018356323242188,
119.8,5.1405181884765625,
119.90000000000001,5.2427215576171875,
120,5.5569839477539062,0
120.09999999999999,5.9913330078125,
120.2,6.4359054565429688,
120.3,6.8881378173828125,
120.40000000000001,7.37103271484375,
120.5,7.8794784545898438,
120.59999999999999,8.3240509033203125,
120.7,8.5667724609375,
120.8,8.76861572265625,
120.90000000000001,9.06500244140625,
121,9.3741531372070312,
121.09999999999999,9.6756439208984375,
121.2,9.882598876953125,
121.3,9.900482177734375,
121.40000000000001,9.7599563598632812,
121.5,9.4942398071289062,
121.59999999999999,9.1160964965820312,
121.7,8.73284912109375,
121.8,8.4517974853515625,
121.90000000000001,8.2192916870117188,
122,7.9765701293945312,
122.09999999999999,7.6827468872070312,
122.2,7.3020477294921875,
122.3,6.9443511962890625,
122.40000000000001,6.6479721069335938,
122.5,6.277496337890625,
122.59999999999999,5.963226318359375,
122.7,5.7946014404296875,
122.8,5.669403076171875,
122.90000000000001,5.5672073364257812,
123,5.5186614990234375,
123.09999999999999,5.4879989624023438,
123.2,5.4547805786132812,
123.3,5.3960189819335938,
123.40000000000001,5.2682723999023438,
123.5,5.135406494140625,
123.59999999999999,5.0919723510742188,
123.7,5.135406494140625,
123.8,5.2018356323242188,
123.90000000000001,5.2299423217773438,
124,5.265716552734375,
124.09999999999999,5.3040390014648438,
124.2,5.2861557006835938,
124.3,5.2350540161132812,
124.40000000000001,5.1456298828125,
124.5,5.0766448974609375,
124.59999999999999,5.1098556518554688,
124.7,5.191619873046875,
124.8,5.3065948486328125,
124.90000000000001,5.393463134765625,
125,5.42156982421875,
125.09999999999999,5.4471206665039062,
125.2,5.5058822631835938,
125.3,5.817596435546875,
125.40000000000001,6.3975753784179688,
125.5,7.031219482421875,
125.59999999999999,7.710845947265625,
125.7,8.375152587890625,
125.8,8.9423599243164062,
125.90000000000001,9.4508056640625,
126,9.9055938720703125,
126.09999999999999,10.309280395507812,
126.2,10.649101257324219,
126.3,10.856056213378906,
126.40000000000001,11.022125244140625,
126.5,11.144767761230469,
126.59999999999999,11.134552001953125,
126.7,11.170318603515625,
126.8,11.30828857421875,
126.90000000000001,11.249526977539062,
127,10.950592041015625,
127.09999999999999,10.518791198730469,
127.2,9.8800430297851562,
127.3,9.1442031860351562,
127.40000000000001,8.4569091796875,
127.5,7.7874984741210938,
127.59999999999999,7.1027603149414062,
127.7,6.5406570434570312,
127.8,6.1063079833984375,
127.90000000000001,5.6464080810546875,
128,5.1481857299804688,
128.09999999999999,4.7112808227539062,
128.19999999999999,4.4506683349609375,
128.30000000000001,4.3433609008789062,
128.40000000000001,4.2820358276367188,
128.5,4.24371337890625,
128.59999999999999,4.2334976196289062,
128.69999999999999,4.2309417724609375,
128.80000000000001,4.2360458374023438,
128.90000000000001,4.253936767578125,
129,4.24371337890625,
129.09999999999999,4.2105026245117188,
129.19999999999999,4.2002792358398438,
129.30000000000001,4.2283859252929688,
129.40000000000001,4.2922592163085938,
129.5,4.3561325073242188,
129.59999999999999,4.39190673828125,
129.69999999999999,4.4072341918945312,
129.80000000000001,4.4404525756835938,
129.90000000000001,4.5043258666992188,
130,4.5170974731445312,0
130.09999999999999,4.4608917236328125,
130.19999999999999,4.4327850341796875,
130.30000000000001,4.455780029296875,
130.40000000000001,4.5145416259765625,
130.5,4.565643310546875,
130.59999999999999,4.5988616943359375,
130.69999999999999,4.6269607543945312,
130.80000000000001,4.6704025268554688,
130.90000000000001,4.7266082763671875,
131,4.7393875122070312,
131.09999999999999,4.7240524291992188,
131.19999999999999,4.7368316650390625,
131.30000000000001,4.8032608032226562,
131.40000000000001,4.9207916259765625,
131.5,5.2018356323242188,
131.59999999999999,5.633636474609375,
131.69999999999999,6.147186279296875,
131.80000000000001,6.663299560546875,
131.90000000000001,7.1615219116210938,
132,7.5447769165039062,
132.09999999999999,7.81304931640625,
132.19999999999999,8.1273117065429688,
132.30000000000001,8.4799041748046875,
132.40000000000001,8.80694580078125,
132.5,9.0164566040039062,
132.59999999999999,9.0139007568359375,
132.69999999999999,8.8197174072265625,
132.80000000000001,8.4952316284179688,
132.90000000000001,8.0097808837890625,
133,7.434906005859375,
133.09999999999999,7.00311279296875,
133.19999999999999,6.7118453979492188,
133.30000000000001,6.4410171508789062,
133.40000000000001,6.2161712646484375,
133.5,6.0322113037109375,
133.59999999999999,5.8482513427734375,
133.69999999999999,5.6617355346679688,
133.80000000000001,5.4241256713867188,
133.90000000000001,5.181396484375,
134,5.0408706665039062,
134.09999999999999,5.0051040649414062,
134.19999999999999,5.0408706665039062,
134.30000000000001,5.0562057495117188,
134.40000000000001,5.0306549072265625,
134.5,5.0357666015625,
134.59999999999999,5.043426513671875,
134.69999999999999,4.9105682373046875,
134.80000000000001,4.7163925170898438,
134.90000000000001,4.7521591186523438,
135,4.9029006958007812,
135.09999999999999,5.0178756713867188,
135.19999999999999,5.1379623413085938,
135.30000000000001,5.2938156127929688,
135.40000000000001,5.5620956420898438,
135.5,5.9836654663085938,
135.59999999999999,6.5176620483398438,
135.69999999999999,7.0286636352539062,
135.80000000000001,7.4400177001953125,
135.90000000000001,7.9178009033203125,
136,8.5744400024414062,
136.09999999999999,9.2310714721679688,
136.19999999999999,9.8902664184570312,
136.30000000000001,10.49835205078125,
136.40000000000001,11.01446533203125,
136.5,11.599555969238281,
136.59999999999999,12.00836181640625,
136.69999999999999,12.189765930175781,
136.80000000000001,12.419715881347656,
136.90000000000001,12.682876586914062,
137,12.741645812988281,
137.09999999999999,12.460594177246094,
137.19999999999999,11.913825988769531,
137.30000000000001,11.05023193359375,
137.40000000000001,9.9618072509765625,
137.5,9.0292282104492188,
137.59999999999999,8.3240509033203125,
137.69999999999999,7.6495285034179688,
137.80000000000001,6.9801177978515625,
137.90000000000001,6.387359619140625,
138,5.8967971801757812,
138.09999999999999,5.5442123413085938,
138.19999999999999,5.3704681396484375,
138.30000000000001,5.4650039672851562,
138.40000000000001,5.6464080810546875,
138.5,5.669403076171875,
138.59999999999999,5.5799789428710938,
138.69999999999999,5.3653564453125,
138.80000000000001,5.135406494140625,
138.90000000000001,5.0280990600585938,
139,4.9693374633789062,
139.09999999999999,4.9923324584960938,
139.19999999999999,5.0638656616210938,
139.30000000000001,5.0485382080078125,
139.40000000000001,4.9565582275390625,
139.5,4.8875732421875,
139.59999999999999,4.8850173950195312,
139.69999999999999,4.897796630859375,
139.80000000000001,4.8799057006835938,
139.90000000000001,4.897796630859375,
140,4.9923324584960938,11.173184394836426
140.09999999999999,5.1200790405273438,
140.19999999999999,5.2989273071289062,
140.30000000000001,5.4752273559570312,
140.40000000000001,5.6387405395507812,
140.5,5.9683380126953125,
140.59999999999999,6.4563446044921875,
140.69999999999999,6.9494552612304688,
140.80000000000001,7.3787002563476562,
140.90000000000001,7.7823867797851562,
141,8.2244033813476562,
141.09999999999999,8.6817474365234375,
141.19999999999999,9.0598907470703125,
141.30000000000001,9.348602294921875,
141.40000000000001,9.61688232421875,
141.5,9.8059463500976562,
141.59999999999999,9.918365478515625,
141.69999999999999,10.046119689941406,
141.80000000000001,10.145767211914062,
141.90000000000001,10.184089660644531,
142,10.107437133789062,
142.09999999999999,9.9260330200195312,
142.19999999999999,9.7318572998046875,
142.30000000000001,9.54278564453125,
142.40000000000001,9.3792648315429688,
142.5,9.2412948608398438,
142.59999999999999,9.1416473388671875,
142.69999999999999,9.0317840576171875,
142.80000000000001,8.8018341064453125,
142.90000000000001,8.51312255859375,
143,8.318939208984375,
143.09999999999999,8.152862548828125,
143.19999999999999,7.8718109130859375,
143.30000000000001,7.4119110107421875,
143.40000000000001,6.8702545166015625,
143.5,6.3822479248046875,
143.59999999999999,5.9760055541992188,
143.69999999999999,5.6285247802734375,
143.80000000000001,5.3653564453125,
143.90000000000001,5.1686248779296875,
144,5.007659912109375,
144.09999999999999,4.9080123901367188,
144.19999999999999,4.8288116455078125,
144.30000000000001,4.8543624877929688,
144.40000000000001,4.97955322265625,
144.5,5.0051040649414062,
144.59999999999999,4.897796630859375,
144.69999999999999,4.70361328125,
144.80000000000001,4.5349807739257812,
144.90000000000001,4.4966583251953125,
145,4.473663330078125,
145.09999999999999,4.4251174926757812,
145.19999999999999,4.455780029296875,
145.30000000000001,4.6269607543945312,
145.40000000000001,4.8645782470703125,
145.5,5.1021957397460938,
145.59999999999999,5.4011306762695312,
145.69999999999999,5.8022613525390625,
145.80000000000001,6.2366104125976562,
145.90000000000001,6.6377487182617188,
146,7.0414352416992188,
146.09999999999999,7.491119384765625,
146.19999999999999,7.876922607421875,
146.30000000000001,8.1273117065429688,
146.40000000000001,8.3317108154296875,
146.5,8.51312255859375,
146.59999999999999,8.5514450073242188,
146.69999999999999,8.4236907958984375,
146.80000000000001,8.25506591796875,
146.90000000000001,8.1656417846679688,
147,8.1324234008789062,
147.09999999999999,8.07110595703125,
147.19999999999999,7.9433517456054688,
147.30000000000001,7.7287368774414062,
147.40000000000001,7.3659210205078125,
147.5,6.92901611328125,
147.59999999999999,6.5815353393554688,
147.69999999999999,6.2826004028320312,
147.80000000000001,5.9249038696289062,
147.90000000000001,5.5825347900390625,
148,5.32958984375,
148.09999999999999,5.1660690307617188,
148.19999999999999,5.0766448974609375,
148.30000000000001,4.9821090698242188,
148.40000000000001,4.8134765625,
148.5,4.6422958374023438,
148.59999999999999,4.565643310546875,
148.69999999999999,4.5528717041015625,
148.80000000000001,4.547760009765625,
148.90000000000001,4.5426483154296875,
149,4.5528717041015625,
149.09999999999999,4.5707550048828125,
149.19999999999999,4.5886383056640625,
149.30000000000001,4.6065216064453125,
149.40000000000001,4.59375,
149.5,4.5426483154296875,
149.59999999999999,4.5094375610351562,
149.69999999999999,4.5119857788085938,
149.80000000000001,4.53753662109375,
149.90000000000001,4.5681991577148438,
150,4.5860824584960938,11.857707977294922
150.09999999999999,4.5963058471679688,
150.19999999999999,4.6141891479492188,
150.30000000000001,4.6244125366210938,
150.40000000000001,4.621856689453125,
150.5,4.583526611328125,
150.59999999999999,4.5554275512695312,
150.69999999999999,4.5988616943359375,
150.80000000000001,4.7342758178710938,
150.90000000000001,4.9821090698242188,
151,5.3551406860351562,
151.09999999999999,5.7869338989257812,
151.19999999999999,6.2136154174804688,
151.30000000000001,6.6300811767578125,
151.40000000000001,6.9980010986328125,
151.5,7.26116943359375,
151.59999999999999,7.4502410888671875,
151.69999999999999,7.6086502075195312,
151.80000000000001,7.7057418823242188,
151.90000000000001,7.73895263671875,
152,7.7236251831054688,
152.09999999999999,7.6597518920898438,
152.19999999999999,7.5882110595703125,
152.30000000000001,7.4527969360351562,
152.40000000000001,7.18707275390625,
152.5,6.9162445068359375,
152.59999999999999,6.7501678466796875,
152.69999999999999,6.6556320190429688,
152.80000000000001,6.607086181640625,
152.90000000000001,6.5662078857421875,
153,6.4946670532226562,
153.09999999999999,6.4282379150390625,
153.19999999999999,6.3209304809570312,
153.30000000000001,6.1216354370117188,
153.40000000000001,5.9300155639648438,
153.5,5.8405914306640625,
153.59999999999999,5.8150405883789062,
153.69999999999999,5.7818222045898438,
153.80000000000001,5.7230606079101562,
153.90000000000001,5.6617355346679688,
154,5.5978622436523438,
154.09999999999999,5.5186614990234375,
154.19999999999999,5.3704681396484375,
154.30000000000001,5.1839523315429688,
154.40000000000001,5.0664215087890625,
154.5,5.0204315185546875,
154.59999999999999,5.0306549072265625,
154.69999999999999,5.0383224487304688,
154.80000000000001,5.0280990600585938,
154.90000000000001,5.0204315185546875,
155,5.0178756713867188,
155.09999999999999,5.0102157592773438,
155.19999999999999,4.933563232421875,
155.30000000000001,4.8466949462890625,
155.40000000000001,4.8952407836914062,
155.5,5.071533203125,
155.59999999999999,5.3347015380859375,
155.69999999999999,5.6438522338867188,
155.80000000000001,5.9300155639648438,
155.90000000000001,6.1599655151367188,
156,6.479339599609375,
156.09999999999999,6.8344802856445312,
156.19999999999999,7.1998519897460938,
156.30000000000001,7.5319976806640625,
156.40000000000001,7.8360443115234375,
156.5,8.1400909423828125,
156.59999999999999,8.4901275634765625,
156.69999999999999,8.8580474853515625,
156.80000000000001,9.182525634765625,
156.90000000000001,9.4201431274414062,
157,9.496795654296875,
157.09999999999999,9.3894805908203125,
157.19999999999999,9.1595306396484375,
157.30000000000001,8.8938140869140625,
157.40000000000001,8.6536407470703125,
157.5,8.4032516479492188,
157.59999999999999,8.0736618041992188,
157.69999999999999,7.7363967895507812,
157.80000000000001,7.3863601684570312,
157.90000000000001,6.89324951171875,
158,6.3490371704101562,
158.09999999999999,5.9121322631835938,
158.19999999999999,5.5825347900390625,
158.30000000000001,5.3219223022460938,
158.40000000000001,5.1226348876953125,
158.5,4.9821090698242188,
158.59999999999999,4.8748016357421875,
158.69999999999999,4.7879257202148438,
158.80000000000001,4.7010574340820312,
158.90000000000001,4.5784225463867188,
159,4.4787750244140625,
159.09999999999999,4.4506683349609375,
159.19999999999999,4.4813308715820312,
159.30000000000001,4.5247650146484375,
159.40000000000001,4.5579757690429688,
159.5,4.57586669921875,
159.59999999999999,4.5911941528320312,
159.69999999999999,4.657623291015625,
159.80000000000001,4.7240524291992188,
159.90000000000001,4.7470474243164062,
160,4.859466552734375,7.3710074424743652
160.09999999999999,5.1124114990234375,
160.19999999999999,5.439453125,
160.30000000000001,5.8150405883789062,
160.40000000000001,6.2136154174804688,
160.5,6.5636520385742188,
160.59999999999999,6.8779220581054688,
160.69999999999999,7.2177352905273438,
160.80000000000001,7.4783401489257812,
160.90000000000001,7.6342010498046875,
161,7.7747268676757812,
161.09999999999999,7.8667068481445312,
161.19999999999999,7.9101409912109375,
161.30000000000001,7.9101409912109375,
161.40000000000001,7.84881591796875,
161.5,7.8002700805664062,
161.59999999999999,7.7363967895507812,
161.69999999999999,7.5447769165039062,
161.80000000000001,7.3275985717773438,
161.90000000000001,7.2356185913085938,
162,7.1998519897460938,
162.09999999999999,7.1461944580078125,
162.19999999999999,7.0874252319335938,
162.30000000000001,7.0286636352539062,
162.40000000000001,6.9622344970703125,
162.5,6.8319320678710938,
162.59999999999999,6.59942626953125,
162.69999999999999,6.37713623046875,
162.80000000000001,6.2366104125976562,
162.90000000000001,6.1395263671875,
163,6.0884246826171875,
163.09999999999999,6.0219955444335938,
163.19999999999999,5.8865814208984375,
163.30000000000001,5.7307205200195312,
163.40000000000001,5.6208572387695312,
163.5,5.4879989624023438,
163.59999999999999,5.27337646484375,
163.69999999999999,5.0485382080078125,
163.80000000000001,4.9105682373046875,
163.90000000000001,4.9463424682617188,
164,4.9233474731445312,
164.09999999999999,4.8007049560546875,
164.19999999999999,4.8339157104492188,
164.30000000000001,4.915679931640625,
164.40000000000001,5.0127716064453125,
164.5,5.16351318359375,
164.59999999999999,5.2350540161132812,
164.69999999999999,5.173736572265625,
164.80000000000001,5.0459823608398438,
164.90000000000001,4.9948806762695312,
165,4.9974365234375,
165.09999999999999,4.9565582275390625,
165.19999999999999,5.1251907348632812,
165.30000000000001,5.835479736328125,
165.40000000000001,6.8165969848632812,
165.5,7.5703201293945312,
165.59999999999999,8.0021209716796875,
165.69999999999999,8.3623733520507812,
165.80000000000001,8.8222732543945312,
165.90000000000001,9.2898406982421875,
166,9.662872314453125,
166.09999999999999,9.7650680541992188,
166.19999999999999,9.6322097778320312,
166.30000000000001,9.5300064086914062,
166.40000000000001,9.514678955078125,
166.5,9.4840164184570312,
166.59999999999999,9.3792648315429688,
166.69999999999999,9.2719573974609375,
166.80000000000001,9.2336273193359375,
166.90000000000001,9.164642333984375,
167,9.0241165161132812,
167.09999999999999,8.9781265258789062,
167.19999999999999,9.21063232421875,
167.30000000000001,9.7931747436523438,
167.40000000000001,10.408927917480469,
167.5,10.789627075195312,
167.59999999999999,11.083450317382812,
167.69999999999999,11.369606018066406,
167.80000000000001,11.579116821289062,
167.90000000000001,11.732421875,
168,11.6199951171875,
168.09999999999999,11.267410278320312,
168.19999999999999,10.86627197265625,
168.30000000000001,10.250518798828125,
168.40000000000001,9.4916839599609375,
168.5,8.6843032836914062,
168.59999999999999,7.8360443115234375,
168.69999999999999,7.1104202270507812,
168.80000000000001,6.5789871215820312,
168.90000000000001,6.1906204223632812,
169,5.8814697265625,
169.09999999999999,5.6004180908203125,
169.19999999999999,5.3065948486328125,
169.30000000000001,4.9999923706054688,
169.40000000000001,4.7572708129882812,
169.5,4.6039657592773438,
169.59999999999999,4.4813308715820312,
169.69999999999999,4.3331375122070312,
169.80000000000001,4.2360458374023438,
169.90000000000001,4.2028350830078125,
170,4.1721725463867188,6.9230766296386719
170.09999999999999,4.1491775512695312,
170.19999999999999,4.1389617919921875,
170.30000000000001,4.1747283935546875,
170.40000000000001,4.2334976196289062,
170.5,4.2130508422851562,
170.59999999999999,4.1747283935546875,
170.69999999999999,4.2053909301757812,
170.80000000000001,4.3024826049804688,
170.90000000000001,4.437896728515625,
171,4.5528717041015625,
171.09999999999999,4.6525115966796875,
171.19999999999999,4.8390274047851562,
171.30000000000001,5.0919723510742188,
171.40000000000001,5.2197265625,
171.5,5.2580490112304688,
171.59999999999999,5.3985748291015625,
171.69999999999999,5.6029739379882812,
171.80000000000001,5.7486114501953125,
171.90000000000001,5.8661422729492188,
172,6.093536376953125,
172.09999999999999,6.4665603637695312,
172.19999999999999,6.7808303833007812,
172.30000000000001,6.9826736450195312,
172.40000000000001,7.1078720092773438,
172.5,7.169189453125,
172.59999999999999,7.1819610595703125,
172.69999999999999,7.123199462890625,
172.80000000000001,7.059326171875,
172.90000000000001,6.9852294921875,
173,6.8344802856445312,
173.09999999999999,6.6658554077148438,
173.19999999999999,6.4870071411132812,
173.30000000000001,6.28515625,
173.40000000000001,6.147186279296875,
173.5,6.0679855346679688,
173.59999999999999,5.9913330078125,
173.69999999999999,5.9223480224609375,
173.80000000000001,5.8686904907226562,
173.90000000000001,5.82525634765625,
174,5.7767105102539062,
174.09999999999999,5.6259689331054688,
174.19999999999999,5.34747314453125,
174.30000000000001,5.0792007446289062,
174.40000000000001,5.0102157592773438,
174.5,5.3091506958007812,
174.59999999999999,5.9504547119140625,
174.69999999999999,6.5943145751953125,
174.80000000000001,7.1308670043945312,
174.90000000000001,7.7312850952148438,
175,8.2755050659179688,
175.09999999999999,8.6485366821289062,
175.19999999999999,9.0241165161132812,
175.30000000000001,9.4916839599609375,
175.40000000000001,9.98480224609375,
175.5,10.485580444335938,
175.59999999999999,10.909706115722656,
175.69999999999999,11.137100219726562,
175.80000000000001,11.183090209960938,
175.90000000000001,10.90460205078125,
176,10.265846252441406,
176.09999999999999,9.52490234375,
176.19999999999999,8.8784866333007812,
176.30000000000001,8.3879241943359375,
176.40000000000001,7.9382400512695312,
176.5,7.4681243896484375,
176.59999999999999,7.0414352416992188,
176.69999999999999,6.6326370239257812,
176.80000000000001,6.147186279296875,
176.90000000000001,5.7051773071289062,
177,5.4292373657226562,
177.09999999999999,5.2478256225585938,
177.19999999999999,5.1226348876953125,
177.30000000000001,5.0408706665039062,
177.40000000000001,4.989776611328125,
177.5,4.9744415283203125,
177.59999999999999,4.9718856811523438,
177.69999999999999,4.9233474731445312,
177.80000000000001,4.8288116455078125,
177.90000000000001,4.75982666015625,
178,4.7470474243164062,
178.09999999999999,4.7777099609375,
178.19999999999999,4.8339157104492188,
178.30000000000001,4.8748016357421875,
178.40000000000001,4.8875732421875,
178.5,4.9029006958007812,
178.59999999999999,4.9207916259765625,
178.69999999999999,4.8952407836914062,
178.80000000000001,4.8160324096679688,
178.90000000000001,4.7572708129882812,
179,4.7444915771484375,
179.09999999999999,4.7623825073242188,
179.19999999999999,4.7981491088867188,
179.30000000000001,4.823699951171875,
179.40000000000001,4.8569107055664062,
179.5,4.9207916259765625,
179.59999999999999,5.007659912109375,
179.69999999999999,5.1609573364257812,
179.80000000000001,5.4803314208984375,
179.90000000000001,5.917236328125,
180,6.3337020874023438,6.3829789161682129
180.09999999999999,6.6735153198242188,
180.19999999999999,6.96734619140625,
180.30000000000001,7.2407302856445312,
180.40000000000001,7.37103271484375,
180.5,7.2688369750976562,
180.59999999999999,7.0695419311523438,
180.69999999999999,6.8958053588867188,
180.80000000000001,6.7220611572265625,
180.90000000000001,6.6173095703125,
181,6.5943145751953125,
181.09999999999999,6.5662078857421875,
181.19999999999999,6.4742279052734375,
181.30000000000001,6.3209304809570312,
181.40000000000001,6.2059555053710938,
181.5,6.1165313720703125,
181.59999999999999,5.9990005493164062,
181.69999999999999,5.9581222534179688,
181.80000000000001,5.945343017578125,
181.90000000000001,5.8278121948242188,
182,5.7307205200195312,
182.09999999999999,5.64129638671875,
182.19999999999999,5.4471206665039062,
182.30000000000001,5.4190139770507812,
182.40000000000001,5.577423095703125,
182.5,5.7409439086914062,
182.59999999999999,5.9376754760742188,
182.69999999999999,6.1804046630859375,
182.80000000000001,6.4384613037109375,
182.90000000000001,6.645416259765625,
183,6.7425003051757812,
183.09999999999999,6.7936019897460938,
183.19999999999999,6.829376220703125,
183.30000000000001,6.7936019897460938,
183.40000000000001,6.7246170043945312,
183.5,6.6760711669921875,
183.59999999999999,6.5943145751953125,
183.69999999999999,6.4486770629882812,
183.80000000000001,6.26727294921875,
183.90000000000001,6.0398788452148438,
184,5.9223480224609375,
184.09999999999999,5.8865814208984375,
184.19999999999999,5.5978622436523438,
184.30000000000001,5.1532974243164062,
184.40000000000001,4.933563232421875,
184.5,5.0664215087890625,
184.59999999999999,5.3806915283203125,
184.69999999999999,5.5135498046875,
184.80000000000001,5.4471206665039062,
184.90000000000001,5.4241256713867188,
185,5.503326416015625,
185.09999999999999,5.6617355346679688,
185.19999999999999,5.7358322143554688,
185.30000000000001,5.7051773071289062,
185.40000000000001,5.577423095703125,
185.5,5.4164581298828125,
185.59999999999999,5.4062423706054688,
185.69999999999999,5.3398056030273438,
185.80000000000001,5.0945281982421875,
185.90000000000001,4.8645782470703125,
186,4.8134765625,
186.09999999999999,5.0740890502929688,
186.19999999999999,5.6259689331054688,
186.30000000000001,6.3030471801757812,
186.40000000000001,6.9111328125,
186.5,7.4962310791015625,
186.59999999999999,8.1681900024414062,
186.69999999999999,8.89892578125,
186.80000000000001,9.882598876953125,
186.90000000000001,11.057899475097656,
187,12.013465881347656,
187.09999999999999,12.787635803222656,
187.19999999999999,13.418716430664062,
187.30000000000001,13.727874755859375,
187.40000000000001,14.139228820800781,
187.5,14.647674560546875,
187.59999999999999,14.76776123046875,
187.69999999999999,14.417724609375,
187.80000000000001,13.748313903808594,
187.90000000000001,12.910270690917969,
188,11.947036743164062,
188.09999999999999,11.091110229492188,
188.19999999999999,10.304176330566406,
188.30000000000001,9.440582275390625,
188.40000000000001,8.7124099731445312,
188.5,8.2320709228515625,
188.59999999999999,7.7645034790039062,
188.69999999999999,7.2049560546875,
188.80000000000001,6.63519287109375,
188.90000000000001,6.0986404418945312,
189,5.6208572387695312,
189.09999999999999,5.2427215576171875,
189.19999999999999,5.0229873657226562,
189.30000000000001,4.8645782470703125,
189.40000000000001,4.7163925170898438,
189.5,4.6780624389648438,
189.59999999999999,4.6090774536132812,
189.69999999999999,4.3791275024414062,
189.80000000000001,4.1670608520507812,
189.90000000000001,4.0853042602539062,
190,4.1031875610351562,6.1099796295166016
190.09999999999999,4.3867950439453125,
190.19999999999999,4.749603271484375,
190.30000000000001,4.8901290893554688,
190.40000000000001,4.9667816162109375,
190.5,5.0664215087890625,
190.59999999999999,5.0766448974609375,
190.69999999999999,5.0383224487304688,
190.80000000000001,5.0280990600585938,
190.90000000000001,4.9744415283203125,
191,4.951446533203125,
191.09999999999999,4.9565582275390625,
191.19999999999999,4.9233474731445312,
191.30000000000001,4.9718856811523438,
191.40000000000001,5.2759323120117188,
191.5,5.8789138793945312,
191.59999999999999,6.607086181640625,
191.69999999999999,7.2126235961914062,
191.80000000000001,7.92291259765625,
191.90000000000001,9.02667236328125,
192,10.283737182617188,
192.09999999999999,11.167762756347656,
192.19999999999999,11.206085205078125,
192.30000000000001,10.856056213378906,
192.40000000000001,10.723190307617188,
192.5,10.518791198730469,
192.59999999999999,10.033340454101562,
192.69999999999999,9.6654205322265625,
192.80000000000001,9.4456939697265625,
192.90000000000001,9.02667236328125,
193,8.421142578125,
193.09999999999999,7.8386001586914062,
193.19999999999999,7.6367568969726562,
193.30000000000001,7.51922607421875,
193.40000000000001,7.1436386108398438,
193.5,6.80126953125,
193.59999999999999,6.5202178955078125,
193.69999999999999,6.37713623046875,
193.80000000000001,6.3464813232421875,
193.90000000000001,6.19317626953125,
194,6.0271072387695312,
194.09999999999999,5.9862213134765625,
194.19999999999999,6.0322113037109375,
194.30000000000001,6.0782012939453125,
194.40000000000001,6.019439697265625,
194.5,5.963226318359375,
194.59999999999999,5.9530105590820312,
194.69999999999999,5.927459716796875,
194.80000000000001,5.8456954956054688,
194.90000000000001,5.71539306640625,
195,5.651519775390625,
195.09999999999999,5.6540756225585938,
195.19999999999999,5.6617355346679688,
195.30000000000001,5.6642913818359375,
195.40000000000001,5.6464080810546875,
195.5,5.7205047607421875,
195.59999999999999,5.9785614013671875,
195.69999999999999,6.3209304809570312,
195.80000000000001,6.4435653686523438,
195.90000000000001,6.5355453491210938,
196,6.939239501953125,
196.09999999999999,7.4527969360351562,
196.19999999999999,7.8794784545898438,
196.30000000000001,8.1145401000976562,
196.40000000000001,8.0941009521484375,
196.5,7.9842300415039062,
196.59999999999999,7.968902587890625,
196.69999999999999,7.5805435180664062,
196.80000000000001,6.7884902954101562,
196.90000000000001,6.3081512451171875,
197,6.1165313720703125,
197.09999999999999,5.8814697265625,
197.19999999999999,5.6591873168945312,
197.30000000000001,5.5825347900390625,
197.40000000000001,5.5825347900390625,
197.5,5.5467605590820312,
197.59999999999999,5.4803314208984375,
197.69999999999999,5.393463134765625,
197.80000000000001,5.4471206665039062,
197.90000000000001,5.5850906372070312,
198,5.5263214111328125,
198.09999999999999,5.4292373657226562,
198.19999999999999,5.3985748291015625,
198.30000000000001,5.3806915283203125,
198.40000000000001,5.4292373657226562,
198.5,5.4190139770507812,
198.59999999999999,5.2018356323242188,
198.69999999999999,4.859466552734375,
198.80000000000001,4.75982666015625,
198.90000000000001,5.0459823608398438,
199,5.4803314208984375,
199.09999999999999,5.7971572875976562,
199.19999999999999,6.1880722045898438,
199.30000000000001,6.9366836547851562,
199.40000000000001,8.078765869140625,
199.5,9.110992431640625,
199.59999999999999,9.4303665161132812,
199.69999999999999,9.606658935546875,
199.80000000000001,10.135543823242188,
199.90000000000001,10.669540405273438,
200,10.971031188964844,7.438016414642334
200.09999999999999,10.919929504394531,
200.19999999999999,10.477912902832031,
200.30000000000001,9.83660888671875,
200.40000000000001,9.2080764770507812,
200.5,8.6894149780273438,
200.59999999999999,8.3036117553710938,
200.69999999999999,8.0302200317382812,
200.80000000000001,7.7798309326171875,
200.90000000000001,7.5677719116210938,
201,7.4042510986328125,
201.09999999999999,7.26116943359375,
201.19999999999999,7.1768569946289062,
201.30000000000001,7.049102783203125,
201.40000000000001,6.8983612060546875,
201.5,6.8421478271484375,
201.59999999999999,6.8523712158203125,
201.69999999999999,6.8676986694335938,
201.80000000000001,6.89324951171875,
201.90000000000001,6.9315719604492188,
202,6.96734619140625,
202.09999999999999,6.9928970336914062,
202.19999999999999,6.975006103515625,
202.30000000000001,6.8983612060546875,
202.40000000000001,6.8498153686523438,
202.5,6.9188003540039062,
202.59999999999999,7.031219482421875,
202.69999999999999,7.0797653198242188,
202.80000000000001,7.1206436157226562,
202.90000000000001,7.197296142578125,
203,7.2560577392578125,
203.09999999999999,7.2841644287109375,
203.19999999999999,7.2432861328125,
203.30000000000001,7.1538619995117188,
203.40000000000001,7.1078720092773438,
203.5,7.1180877685546875,
203.59999999999999,7.1538619995117188,
203.69999999999999,7.1896286010742188,
203.80000000000001,7.1947402954101562,
203.90000000000001,7.1717453002929688,
204,7.1436386108398438,
204.09999999999999,7.0235519409179688,
204.19999999999999,6.7629470825195312,
204.30000000000001,6.4997787475585938,
204.40000000000001,6.4359054565429688,
204.5,6.4844512939453125,
204.59999999999999,6.461456298828125,
204.69999999999999,6.4384613037109375,
204.80000000000001,6.41546630859375,
204.90000000000001,6.461456298828125,
205,6.6300811767578125,
205.09999999999999,6.9903411865234375,
205.19999999999999,7.4400177001953125,
205.30000000000001,7.618865966796875,
205.40000000000001,7.6265335083007812,
205.5,7.675079345703125,
205.59999999999999,7.565216064453125,
205.69999999999999,7.1180877685546875,
205.80000000000001,6.5202178955078125,
205.90000000000001,5.9478988647460938,
206,5.3806915283203125,
206.09999999999999,4.9667816162109375,
206.19999999999999,4.7010574340820312,
206.30000000000001,4.5452041625976562,
206.40000000000001,4.5119857788085938,
206.5,4.5426483154296875,
206.59999999999999,4.7572708129882812,
206.69999999999999,5.0843124389648438,
206.80000000000001,5.2401657104492188,
206.90000000000001,5.2963714599609375,
207,5.3449172973632812,
207.09999999999999,5.3270339965820312,
207.19999999999999,5.3168106079101562,
207.30000000000001,5.227386474609375,
207.40000000000001,5.08941650390625,
207.5,5.0562057495117188,
207.59999999999999,4.97955322265625,
207.69999999999999,5.071533203125,
207.80000000000001,5.6770706176757812,
207.90000000000001,6.4563446044921875,
208,6.9954452514648438,
208.09999999999999,7.42724609375,
208.19999999999999,7.8641510009765625,
208.30000000000001,8.014892578125,
208.40000000000001,7.8283767700195312,
208.5,7.6495285034179688,
208.59999999999999,7.62908935546875,
208.69999999999999,7.8641510009765625,
208.80000000000001,8.4083633422851562,
208.90000000000001,9.1135406494140625,
209,9.808502197265625,
209.09999999999999,10.575004577636719,
209.19999999999999,11.433486938476562,
209.30000000000001,12.348175048828125,
209.40000000000001,13.255195617675781,
209.5,13.58990478515625,
209.59999999999999,13.142776489257812,
209.69999999999999,12.414604187011719,
209.80000000000001,11.609779357910156,
209.90000000000001,10.948036193847656,
210,10.707862854003906,8.2266912460327148
210.09999999999999,10.46258544921875,
210.19999999999999,9.7957305908203125,
210.30000000000001,8.9679107666015625,
210.40000000000001,8.3112716674804688,
210.5,7.6776351928710938,
210.59999999999999,7.0005569458007812,
210.69999999999999,6.4691162109375,
210.80000000000001,6.1216354370117188,
210.90000000000001,5.8916854858398438,
211,5.7664947509765625,
211.09999999999999,5.6617355346679688,
211.19999999999999,5.54931640625,
211.30000000000001,5.4752273559570312,
211.40000000000001,5.4420089721679688,
211.5,5.4011306762695312,
211.59999999999999,5.3270339965820312,
211.69999999999999,5.2606048583984375,
211.80000000000001,5.1941757202148438,
211.90000000000001,5.1660690307617188,
212,5.2350540161132812,
212.09999999999999,5.3168106079101562,
212.19999999999999,5.3832473754882812,
212.30000000000001,5.4752273559570312,
212.40000000000001,5.5544281005859375,
212.5,5.5135498046875,
212.59999999999999,5.4011306762695312,
212.69999999999999,5.3909072875976562,
212.80000000000001,5.5161056518554688,
212.90000000000001,5.7026214599609375,
213,5.9223480224609375,
213.09999999999999,6.19317626953125,
213.19999999999999,6.5508804321289062,
213.30000000000001,7.0286636352539062,
213.40000000000001,7.5805435180664062,
213.5,8.1375350952148438,
213.59999999999999,8.6715316772460938,
213.69999999999999,9.1876373291015625,
213.80000000000001,9.8953704833984375,
213.90000000000001,10.743637084960938,
214,11.448814392089844,
214.09999999999999,11.97003173828125,
214.19999999999999,12.312400817871094,
214.30000000000001,12.470809936523438,
214.40000000000001,12.432487487792969,
214.5,12.161659240722656,
214.59999999999999,11.783515930175781,
214.69999999999999,11.497360229492188,
214.80000000000001,11.259742736816406,
214.90000000000001,10.907150268554688,
215,10.431922912597656,
215.09999999999999,10.005241394042969,
215.19999999999999,9.6833114624023438,
215.30000000000001,9.4201431274414062,
215.40000000000001,9.2055206298828125,
215.5,8.9960174560546875,
215.59999999999999,8.7916107177734375,
215.69999999999999,8.5974349975585938,
215.80000000000001,8.3112716674804688,
215.90000000000001,7.8845901489257812,
216,7.388916015625,
216.09999999999999,6.9034652709960938,
216.19999999999999,6.479339599609375,
216.30000000000001,6.1139755249023438,
216.40000000000001,5.7818222045898438,
216.5,5.5186614990234375,
216.59999999999999,5.4011306762695312,
216.69999999999999,5.2810440063476562,
216.80000000000001,5.0689773559570312,
216.90000000000001,4.9029006958007812,
217,4.8288116455078125,
217.09999999999999,4.805816650390625,
217.19999999999999,4.8007049560546875,
217.30000000000001,4.8007049560546875,
217.40000000000001,4.8364715576171875,
217.5,4.859466552734375,
217.59999999999999,4.8645782470703125,
217.69999999999999,4.897796630859375,
217.80000000000001,4.9310073852539062,
217.90000000000001,4.9284515380859375,
218,4.9207916259765625,
218.09999999999999,4.9463424682617188,
218.19999999999999,4.9693374633789062,
218.30000000000001,4.9769973754882812,
218.40000000000001,4.9923324584960938,
218.5,5.0127716064453125,
218.59999999999999,5.0306549072265625,
218.69999999999999,4.9948806762695312,
218.80000000000001,4.8952407836914062,
218.90000000000001,4.8185882568359375,
219,4.7930374145507812,
219.09999999999999,4.8032608032226562,
219.19999999999999,4.8364715576171875,
219.30000000000001,4.8671340942382812,
219.40000000000001,4.9003524780273438,
219.5,4.94378662109375,
219.59999999999999,4.9846649169921875,
219.69999999999999,4.9565582275390625,
219.80000000000001,4.8645782470703125,
219.90000000000001,4.7981491088867188,
220,4.7981491088867188,8.1300811767578125
220.09999999999999,4.8492507934570312,
220.19999999999999,4.8824615478515625,
220.30000000000001,4.8824615478515625,
220.40000000000001,4.9080123901367188,
220.5,4.951446533203125,
220.59999999999999,4.9488906860351562,
220.69999999999999,4.8722457885742188,
220.80000000000001,4.805816650390625,
220.90000000000001,4.7930374145507812,
221,4.8288116455078125,
221.09999999999999,4.897796630859375,
221.19999999999999,5.0127716064453125,
221.30000000000001,5.1992874145507812,
221.40000000000001,5.5084381103515625,
221.5,5.9504547119140625,
221.59999999999999,6.3848037719726562,
221.69999999999999,6.78338623046875,
221.80000000000001,7.215179443359375,
221.90000000000001,7.6776351928710938,
222,8.10687255859375,
222.09999999999999,8.4415817260742188,
222.19999999999999,8.7456207275390625,
222.30000000000001,9.1390914916992188,
222.40000000000001,9.5759963989257812,
222.5,9.9413604736328125,
222.59999999999999,10.107437133789062,
222.69999999999999,9.8391647338867188,
222.80000000000001,9.266845703125,
222.90000000000001,8.6051025390625,
223,7.7977218627929688,
223.09999999999999,6.9417953491210938,
223.19999999999999,6.2621612548828125,
223.30000000000001,5.853363037109375,
223.40000000000001,5.6080856323242188,
223.5,5.3806915283203125,
223.59999999999999,5.173736572265625,
223.69999999999999,5.0766448974609375,
223.80000000000001,5.0562057495117188,
223.90000000000001,4.9693374633789062,
224,4.8288116455078125,
224.09999999999999,4.749603271484375,
224.19999999999999,4.731719970703125,
224.30000000000001,4.7342758178710938,
224.40000000000001,4.7470474243164062,
224.5,4.7828216552734375,
224.59999999999999,4.8313674926757812,
224.69999999999999,4.8288116455078125,
224.80000000000001,4.749603271484375,
224.90000000000001,4.68572998046875,
225,4.72149658203125,
225.09999999999999,4.8390274047851562,
225.19999999999999,5.0178756713867188,
225.30000000000001,5.265716552734375,
225.40000000000001,5.6183013916015625,
225.5,6.055206298828125,
225.59999999999999,6.5304412841796875,
225.69999999999999,7.0465469360351562,
225.80000000000001,7.5856552124023438,
225.90000000000001,8.03277587890625,
226,8.40069580078125,
226.09999999999999,8.8018341064453125,
226.19999999999999,9.0982131958007812,
226.30000000000001,9.1723098754882812,
226.40000000000001,9.1901931762695312,
226.5,9.2438507080078125,
226.59999999999999,9.13653564453125,
226.69999999999999,8.8376007080078125,
226.80000000000001,8.5693283081054688,
226.90000000000001,8.3572616577148438,
227,8.1579742431640625,
227.09999999999999,7.9484634399414062,
227.19999999999999,7.70318603515625,
227.30000000000001,7.48089599609375,
227.40000000000001,7.2024002075195312,
227.5,6.7757186889648438,
227.59999999999999,6.3899154663085938,
227.69999999999999,6.147186279296875,
227.80000000000001,5.9300155639648438,
227.90000000000001,5.697509765625,
228,5.45733642578125,
228.09999999999999,5.2401657104492188,
228.19999999999999,5.0970840454101562,
228.30000000000001,4.9923324584960938,
228.40000000000001,4.90545654296875,
228.5,4.79559326171875,
228.59999999999999,4.6959457397460938,
228.69999999999999,4.6550674438476562,
228.80000000000001,4.639739990234375,
228.90000000000001,4.6729507446289062,
229,4.713836669921875,
229.09999999999999,4.7777099609375,
229.19999999999999,4.9258956909179688,
229.30000000000001,5.1686248779296875,
229.40000000000001,5.4879989624023438,
229.5,5.8048171997070312,
229.59999999999999,6.1165313720703125,
229.69999999999999,6.4537887573242188,
229.80000000000001,6.7629470825195312,
229.90000000000001,6.9469070434570312,
230,6.9469070434570312,9.0771560668945312
230.09999999999999,6.8038253784179688,
230.19999999999999,6.5559921264648438,
230.30000000000001,6.1548538208007812,
230.40000000000001,5.6285247802734375,
230.5,5.173736572265625,
230.59999999999999,4.8901290893554688,
230.69999999999999,4.7470474243164062,
230.80000000000001,4.6908416748046875,
230.90000000000001,4.6601791381835938,
231,4.6090774536132812,
231.09999999999999,4.5605316162109375,
231.19999999999999,4.5452041625976562,
231.30000000000001,4.4889907836914062,
231.40000000000001,4.3867950439453125,
231.5,4.363800048828125,
231.59999999999999,4.5043258666992188,
231.69999999999999,4.9386749267578125,
231.80000000000001,5.5365447998046875,
231.90000000000001,6.1063079833984375,
232,6.7016220092773438,
232.09999999999999,7.3097152709960938,
232.19999999999999,7.7696151733398438,
232.30000000000001,8.1196517944335938,
232.40000000000001,8.4032516479492188,
232.5,8.4952316284179688,
232.59999999999999,8.4875717163085938,
232.69999999999999,8.4262466430664062,
232.80000000000001,8.2882766723632812,
232.90000000000001,8.1298675537109375,
233,7.99700927734375,
233.09999999999999,7.8999176025390625,
233.19999999999999,7.8258209228515625,
233.30000000000001,7.7210693359375,
233.40000000000001,7.5856552124023438,
233.5,7.5141143798828125,
233.59999999999999,7.48089599609375,
233.69999999999999,7.4655685424804688,
233.80000000000001,7.4579010009765625,
233.90000000000001,7.4068069458007812,
234,7.2662811279296875,
234.09999999999999,7.1002044677734375,
234.19999999999999,7.0337753295898438,
234.30000000000001,7.0542144775390625,
234.40000000000001,7.0848770141601562,
234.5,7.1002044677734375,
234.59999999999999,7.1180877685546875,
234.69999999999999,7.169189453125,
234.80000000000001,7.2177352905273438,
234.90000000000001,7.1896286010742188,
235,7.0695419311523438,
235.09999999999999,6.9954452514648438,
235.19999999999999,7.0235519409179688,
235.30000000000001,7.059326171875,
235.40000000000001,7.0823211669921875,
235.5,7.0695419311523438,
235.59999999999999,7.0337753295898438,
235.69999999999999,7.02099609375,
235.80000000000001,7.0261077880859375,
235.90000000000001,7.0363311767578125,
236,6.9826736450195312,
236.09999999999999,6.8804702758789062,
236.19999999999999,6.8217086791992188,
236.30000000000001,6.8038253784179688,
236.40000000000001,6.829376220703125,
236.5,6.8855819702148438,
236.59999999999999,6.9111328125,
236.69999999999999,6.92901611328125,
236.80000000000001,6.975006103515625,
236.90000000000001,7.0235519409179688,
237,6.9775619506835938,
237.09999999999999,6.8370361328125,
237.19999999999999,6.7425003051757812,
237.30000000000001,6.7322845458984375,
237.40000000000001,6.7501678466796875,
237.5,6.7757186889648438,
237.59999999999999,6.8140411376953125,
237.69999999999999,6.8702545166015625,
237.80000000000001,6.9136886596679688,
237.90000000000001,6.9494552612304688,
238,6.9417953491210938,
238.09999999999999,6.8319320678710938,
238.19999999999999,6.737396240234375,
238.30000000000001,6.737396240234375,
238.40000000000001,6.7629470825195312,
238.5,6.7859420776367188,
238.59999999999999,6.8114852905273438,
238.69999999999999,6.8319320678710938,
238.80000000000001,6.8498153686523438,
238.90000000000001,6.865142822265625,
239,6.7961578369140625,
239.09999999999999,6.645416259765625,
239.19999999999999,6.5457687377929688,
239.30000000000001,6.5508804321289062,
239.40000000000001,6.6019821166992188,
239.5,6.6326370239257812,
239.59999999999999,6.6556320190429688,
239.69999999999999,6.7195053100585938,
239.80000000000001,6.8217086791992188,
239.90000000000001,6.8983612060546875,
240,6.8447036743164062,10.657193183898926
240.09999999999999,6.7220611572265625,
240.19999999999999,6.69140625,
240.30000000000001,6.74505615234375,
240.40000000000001,6.7706069946289062,
240.5,6.7527236938476562,
240.59999999999999,6.7680511474609375,
240.69999999999999,6.7987136840820312,
240.80000000000001,6.8140411376953125,
240.90000000000001,6.7961578369140625,
241,6.69140625,
241.09999999999999,6.5789871215820312,
241.19999999999999,6.5815353393554688,
241.30000000000001,6.63519287109375,
241.40000000000001,6.63519287109375,
241.5,6.63519287109375,
241.59999999999999,6.699066162109375,
241.69999999999999,6.7782745361328125,
241.80000000000001,6.8038253784179688,
241.90000000000001,6.7961578369140625,
242,6.975006103515625,
242.09999999999999,7.3608169555664062,
242.19999999999999,7.9101409912109375,
242.30000000000001,8.6332015991210938,
242.40000000000001,9.2719573974609375,
242.5,9.8238372802734375,
242.59999999999999,10.442146301269531,
242.69999999999999,10.991470336914062,
242.80000000000001,11.505020141601562,
242.90000000000001,12.238311767578125,
243,13.232200622558594,
243.09999999999999,14.208213806152344,
243.19999999999999,14.854629516601562,
243.30000000000001,15.222549438476562,
243.40000000000001,15.470382690429688,
243.5,15.524040222167969,
243.59999999999999,15.076911926269531,
243.69999999999999,14.210769653320312,
243.80000000000001,13.232200622558594,
243.90000000000001,12.330291748046875,
244,11.645545959472656,
244.09999999999999,11.101333618164062,
244.19999999999999,10.539230346679688,
244.30000000000001,9.8774871826171875,
244.40000000000001,9.2336273193359375,
244.5,8.69708251953125,
244.59999999999999,8.2039642333984375,
244.69999999999999,7.6520843505859375,
244.80000000000001,7.0286636352539062,
244.90000000000001,6.423126220703125,
245,5.8814697265625,
245.09999999999999,5.4036865234375,
245.19999999999999,5.0204315185546875,
245.30000000000001,4.749603271484375,
245.40000000000001,4.6065216064453125,
245.5,4.5630874633789062,
245.59999999999999,4.5554275512695312,
245.69999999999999,4.50177001953125,
245.80000000000001,4.4762191772460938,
245.90000000000001,4.5452041625976562,
246,4.5809707641601562,
246.09999999999999,4.4966583251953125,
246.19999999999999,4.3944625854492188,
246.30000000000001,4.3689117431640625,
246.40000000000001,4.381683349609375,
246.5,4.4659957885742188,
246.59999999999999,4.6780624389648438,
246.69999999999999,4.97955322265625,
246.80000000000001,5.3142623901367188,
246.90000000000001,5.6770706176757812,
247,5.9964447021484375,
247.09999999999999,6.2928237915039062,
247.19999999999999,6.6479721069335938,
247.30000000000001,7.02099609375,
247.40000000000001,7.3761444091796875,
247.5,7.64697265625,
247.59999999999999,7.6725234985351562,
247.69999999999999,7.4860076904296875,
247.80000000000001,7.2305068969726562,
247.90000000000001,6.8344802856445312,
248,6.3209304809570312,
248.09999999999999,6.0219955444335938,
248.19999999999999,6.3643646240234375,
248.30000000000001,6.957122802734375,
248.40000000000001,7.0542144775390625,
248.5,6.8983612060546875,
248.59999999999999,6.80126953125,
248.69999999999999,6.6019821166992188,
248.80000000000001,6.4640121459960938,
248.90000000000001,6.3950271606445312,
249,6.2647171020507812,
249.09999999999999,6.0909805297851562,
249.19999999999999,6.0960922241210938,
249.30000000000001,6.3030471801757812,
249.40000000000001,6.277496337890625,
249.5,5.89935302734375,
249.59999999999999,5.7588272094726562,
249.69999999999999,6.0909805297851562,
249.80000000000001,6.1395263671875,
249.90000000000001,6.037322998046875,
250,6.2059555053710938,2.8790786266326904
250.09999999999999,6.5789871215820312,
250.19999999999999,7.2637252807617188,
250.30000000000001,7.5728759765625,
250.40000000000001,6.773162841796875,
250.5,6.3004913330078125,
250.59999999999999,6.7041778564453125,
250.69999999999999,7.0363311767578125,
250.80000000000001,7.5294418334960938,
250.90000000000001,7.4630126953125,
251,6.8574752807617188,
251.09999999999999,6.7654953002929688,
251.19999999999999,6.6428604125976562,
251.30000000000001,6.1880722045898438,
251.40000000000001,5.7716064453125,
251.5,5.4343414306640625,
251.59999999999999,5.1584014892578125,
251.69999999999999,5.0178756713867188,
251.80000000000001,5.0332107543945312,
251.90000000000001,5.5902023315429688,
252,6.7936019897460938,
252.09999999999999,8.1145401000976562,
252.19999999999999,9.3153915405273438,
252.30000000000001,10.293952941894531,
252.40000000000001,11.152435302734375,
252.5,12.023689270019531,
252.59999999999999,12.856620788574219,
252.69999999999999,13.487701416015625,
252.80000000000001,13.671661376953125,
252.90000000000001,13.929718017578125,
253,14.226097106933594,
253.09999999999999,14.003814697265625,
253.19999999999999,13.807075500488281,
253.30000000000001,13.735542297363281,
253.40000000000001,13.306297302246094,
253.5,12.381385803222656,
253.59999999999999,11.292961120605469,
253.69999999999999,10.495796203613281,
253.80000000000001,9.9132614135742188,
253.90000000000001,9.2694015502929688,
254,8.5105667114257812,
254.09999999999999,7.7874984741210938,
254.19999999999999,7.1283111572265625,
254.30000000000001,6.4742279052734375,
254.40000000000001,5.9530105590820312,
254.5,5.7026214599609375,
254.59999999999999,5.6106414794921875,
254.69999999999999,5.6131973266601562,
254.80000000000001,5.6591873168945312,
254.90000000000001,5.5902023315429688,
255,5.4701156616210938,
255.09999999999999,5.3551406860351562,
255.19999999999999,5.2784881591796875,
255.30000000000001,5.2759323120117188,
255.40000000000001,5.31170654296875,
255.5,5.3628005981445312,
255.59999999999999,5.3985748291015625,
255.69999999999999,5.4164581298828125,
255.80000000000001,5.60552978515625,
255.90000000000001,6.1446304321289062,
256,6.9801177978515625,
256.10000000000002,7.9254684448242188,
256.19999999999999,8.7916107177734375,
256.30000000000001,9.6194305419921875,
256.39999999999998,10.485580444335938,
256.5,11.277626037597656,
256.60000000000002,11.883163452148438,
256.69999999999999,12.325180053710938,
256.80000000000001,12.672660827636719,
256.89999999999998,13.015029907226562,
257,13.306297302246094,
257.10000000000002,13.29608154296875,
257.19999999999999,12.940933227539062,
257.30000000000001,12.156547546386719,
257.39999999999998,11.027236938476562,
257.5,10.051231384277344,
257.60000000000002,9.1774215698242188,
257.69999999999999,8.0506668090820312,
257.80000000000001,6.9009170532226562,
257.89999999999998,6.0782012939453125,
258,5.541656494140625,
258.10000000000002,5.1379623413085938,
258.19999999999999,4.749603271484375,
258.30000000000001,4.2999267578125,
258.39999999999998,3.995880126953125,
258.5,3.9422225952148438,
258.60000000000002,3.9831008911132812,
258.69999999999999,4.0444259643554688,
258.80000000000001,4.0801925659179688,
258.89999999999998,4.0725326538085938,
259,4.0265426635742188,
259.10000000000002,3.9882125854492188,
259.19999999999999,3.9933242797851562,
259.30000000000001,4.0290908813476562,
259.39999999999998,4.069976806640625,
259.5,4.105743408203125,
259.60000000000002,4.1466217041015625,
259.69999999999999,4.1823959350585938,
259.80000000000001,4.1568450927734375,
259.89999999999998,4.1389617919921875,
260,4.2028350830078125,8.8365240097045898
260.10000000000002,4.2820358276367188,
260.19999999999999,4.335693359375,
260.30000000000001,4.3765716552734375,
260.39999999999998,4.455780029296875,
260.5,4.4481124877929688,
260.60000000000002,4.3203659057617188,
260.69999999999999,4.2462692260742188,
260.80000000000001,4.2513809204101562,
260.89999999999998,4.2999267578125,
261,4.3765716552734375,
261.10000000000002,4.4430007934570312,
261.19999999999999,4.4889907836914062,
261.30000000000001,4.42767333984375,
261.39999999999998,4.3561325073242188,
261.5,4.39190673828125,
261.60000000000002,4.4889907836914062,
261.69999999999999,4.565643310546875,
261.80000000000001,4.6269607543945312,
261.89999999999998,4.6806182861328125,
262,4.7266082763671875,
262.10000000000002,4.7547149658203125,
262.19999999999999,4.7368316650390625,
262.30000000000001,4.7112808227539062,
262.39999999999998,4.7444915771484375,
262.5,4.8262557983398438,
262.60000000000002,4.8850173950195312,
262.69999999999999,4.9131240844726562,
262.80000000000001,4.951446533203125,
262.89999999999998,5.12774658203125,
263,5.4420089721679688,
263.10000000000002,5.71539306640625,
263.19999999999999,5.8022613525390625,
263.30000000000001,5.8150405883789062,
263.39999999999998,5.9376754760742188,
263.5,5.9760055541992188,
263.60000000000002,6.0449905395507812,
263.69999999999999,6.3822479248046875,
263.80000000000001,6.8958053588867188,
263.89999999999998,7.4553451538085938,
264,8.0021209716796875,
264.10000000000002,8.5284500122070312,
264.19999999999999,8.998565673828125,
264.30000000000001,9.4380264282226562,
264.39999999999998,9.8212814331054688,
264.5,9.8033905029296875,
264.60000000000002,8.9398040771484375,
264.69999999999999,7.6214218139648438,
264.80000000000001,6.5355453491210938,
264.89999999999998,5.8559188842773438,
265,5.5212173461914062,
265.10000000000002,5.2912673950195312,
265.19999999999999,4.9769973754882812,
265.30000000000001,4.7112808227539062,
265.39999999999998,4.4941024780273438,
265.5,4.253936767578125,
265.60000000000002,4.1134109497070312,
265.69999999999999,4.115966796875,
265.80000000000001,4.2488250732421875,
265.89999999999998,4.3970108032226562,
266,4.4941024780273438,
266.10000000000002,4.5452041625976562,
266.19999999999999,4.5681991577148438,
266.30000000000001,4.547760009765625,
266.39999999999998,4.4813308715820312,
266.5,4.4251174926757812,
266.60000000000002,4.4174575805664062,
266.69999999999999,4.4353408813476562,
266.80000000000001,4.473663330078125,
266.89999999999998,4.5349807739257812,
267,4.57586669921875,
267.10000000000002,4.547760009765625,
267.19999999999999,4.4992141723632812,
267.30000000000001,4.491546630859375,
267.39999999999998,4.5426483154296875,
267.5,4.8339157104492188,
267.60000000000002,5.3909072875976562,
267.69999999999999,5.927459716796875,
267.80000000000001,6.3669204711914062,
267.89999999999998,6.7757186889648438,
268,7.1743011474609375,
268.10000000000002,7.537109375,
268.19999999999999,7.784942626953125,
268.30000000000001,7.8513717651367188,
268.39999999999998,7.6674118041992188,
268.5,7.1461944580078125,
268.60000000000002,6.2902679443359375,
268.69999999999999,5.485443115234375,
268.80000000000001,5.025543212890625,
268.89999999999998,4.7521591186523438,
269,4.5528717041015625,
269.10000000000002,4.4481124877929688,
269.19999999999999,4.4046783447265625,
269.30000000000001,4.3586883544921875,
269.39999999999998,4.3484725952148438,
269.5,4.3765716552734375,
269.60000000000002,4.335693359375,
269.69999999999999,4.24371337890625,
269.80000000000001,4.215606689453125,
269.89999999999998,4.2334976196289062,
270,4.2488250732421875,8.5796003341674805
270.10000000000002,4.2871475219726562,
270.19999999999999,4.3152542114257812,
270.30000000000001,4.3305816650390625,
270.39999999999998,4.3586883544921875,
270.5,4.3510208129882812,
270.60000000000002,4.2922592163085938,
270.69999999999999,4.2360458374023438,
270.80000000000001,4.2232742309570312,
270.89999999999998,4.2283859252929688,
271,4.2513809204101562,
271.10000000000002,4.3126983642578125,
271.19999999999999,4.3663558959960938,
271.30000000000001,4.3970108032226562,
271.39999999999998,4.4097900390625,
271.5,4.4072341918945312,
271.60000000000002,4.4685516357421875,
271.69999999999999,4.6448516845703125,
271.80000000000001,4.90545654296875,
271.89999999999998,5.227386474609375,
272,5.6157455444335938,
272.10000000000002,6.0271072387695312,
272.19999999999999,6.3107070922851562,
272.30000000000001,6.4716720581054688,
272.39999999999998,6.6965103149414062,
272.5,6.9852294921875,
272.60000000000002,7.1487503051757812,
272.69999999999999,7.2024002075195312,
272.80000000000001,7.1845169067382812,
272.89999999999998,7.1155319213867188,
273,7.0414352416992188,
273.10000000000002,7.1640777587890625,
273.19999999999999,7.6674118041992188,
273.30000000000001,8.1758575439453125,
273.39999999999998,8.3598175048828125,
273.5,8.1733016967773438,
273.60000000000002,7.7926101684570312,
273.69999999999999,7.4962310791015625,
273.80000000000001,7.2535018920898438,
273.89999999999998,7.0823211669921875,
274,6.9545669555664062,
274.10000000000002,6.7399520874023438,
274.19999999999999,6.5100021362304688,
274.30000000000001,6.295379638671875,
274.39999999999998,6.093536376953125,
274.5,5.9427871704101562,
274.60000000000002,5.8099288940429688,
274.69999999999999,5.5799789428710938,
274.80000000000001,5.2478256225585938,
274.89999999999998,4.94378662109375,
275,4.7266082763671875,
275.10000000000002,4.5630874633789062,
275.19999999999999,4.4021224975585938,
275.30000000000001,4.271820068359375,
275.39999999999998,4.2002792358398438,
275.5,4.1568450927734375,
275.60000000000002,4.1415176391601562,
275.69999999999999,4.1491775512695312,
275.80000000000001,4.1721725463867188,
275.89999999999998,4.2053909301757812,
276,4.2283859252929688,
276.10000000000002,4.2334976196289062,
276.19999999999999,4.2232742309570312,
276.30000000000001,4.2769317626953125,
276.39999999999998,4.5528717041015625,
276.5,5.0229873657226562,
276.60000000000002,5.5007705688476562,
276.69999999999999,5.8840255737304688,
276.80000000000001,6.2468338012695312,
276.89999999999998,6.5943145751953125,
277,6.7782745361328125,
277.10000000000002,6.773162841796875,
277.19999999999999,6.663299560546875,
277.30000000000001,6.4589004516601562,
277.39999999999998,6.2008438110351562,
277.5,6.019439697265625,
277.60000000000002,5.8840255737304688,
277.69999999999999,5.7205047607421875,
277.80000000000001,5.5518722534179688,
277.89999999999998,5.3730239868164062,
278,5.1303024291992188,
278.10000000000002,4.8569107055664062,
278.19999999999999,4.6320724487304688,
278.30000000000001,4.4685516357421875,
278.39999999999998,4.4123458862304688,
278.5,4.4251174926757812,
278.60000000000002,4.4021224975585938,
278.69999999999999,4.4021224975585938,
278.80000000000001,4.4251174926757812,
278.89999999999998,4.4174575805664062,
279,4.3765716552734375,
279.10000000000002,4.399566650390625,
279.19999999999999,4.5605316162109375,
279.30000000000001,4.8007049560546875,
279.39999999999998,5.081756591796875,
279.5,5.375579833984375,
279.60000000000002,5.64129638671875,
279.69999999999999,5.9044647216796875,
279.80000000000001,6.1982879638671875,
279.89999999999998,6.4384613037109375,
280,6.6096420288085938,10.489510536193848
280.10000000000002,6.7961578369140625,
280.19999999999999,6.8855819702148438,
280.30000000000001,6.6786270141601562,
280.39999999999998,6.3796920776367188,
280.5,6.2366104125976562,
280.60000000000002,6.129302978515625,
280.69999999999999,6.1420822143554688,
280.80000000000001,6.3796920776367188,
280.89999999999998,6.6684112548828125,
281,6.8983612060546875,
281.10000000000002,7.049102783203125,
281.19999999999999,7.1308670043945312,
281.30000000000001,7.0848770141601562,
281.39999999999998,6.9085769653320312,
281.5,6.645416259765625,
281.60000000000002,6.1395263671875,
281.69999999999999,5.4982223510742188,
281.80000000000001,5.0102157592773438,
281.89999999999998,4.7061691284179688,
282,4.5170974731445312,
282.10000000000002,4.4149017333984375,
282.19999999999999,4.3305816650390625,
282.30000000000001,4.2590408325195312,
282.39999999999998,4.2334976196289062,
282.5,4.2334976196289062,
282.60000000000002,4.2232742309570312,
282.69999999999999,4.2334976196289062,
282.80000000000001,4.3663558959960938,
282.89999999999998,4.6320724487304688,
283,4.9769973754882812,
283.10000000000002,5.357696533203125,
283.19999999999999,5.6949539184570312,
283.30000000000001,5.9887771606445312,
283.39999999999998,6.2519454956054688,
283.5,6.34136962890625,
283.60000000000002,6.203399658203125,
283.69999999999999,5.86358642578125,
283.80000000000001,5.4190139770507812,
283.89999999999998,5.071533203125,
284,4.8313674926757812,
284.10000000000002,4.6499557495117188,
284.19999999999999,4.5324325561523438,
284.30000000000001,4.4532241821289062,
284.39999999999998,4.3765716552734375,
284.5,4.3101425170898438,
284.60000000000002,4.2871475219726562,
284.69999999999999,4.3229217529296875,
284.80000000000001,4.3714675903320312,
284.89999999999998,4.3970108032226562,
285,4.4123458862304688,
285.10000000000002,4.4608917236328125,
285.19999999999999,4.473663330078125,
285.30000000000001,4.48388671875,
285.39999999999998,4.6525115966796875,
285.5,5.025543212890625,
285.60000000000002,5.6080856323242188,
285.69999999999999,6.3618087768554688,
285.80000000000001,7.1155319213867188,
285.89999999999998,7.70318603515625,
286,8.0736618041992188,
286.10000000000002,8.226959228515625,
286.19999999999999,8.1911849975585938,
286.30000000000001,8.0634384155273438,
286.39999999999998,7.9305801391601562,
286.5,7.70318603515625,
286.60000000000002,7.3122711181640625,
286.69999999999999,6.89324951171875,
286.80000000000001,6.4997787475585938,
286.89999999999998,6.1318588256835938,
287,5.9223480224609375,
287.10000000000002,5.835479736328125,
287.19999999999999,5.7409439086914062,
287.30000000000001,5.6591873168945312,
287.39999999999998,5.6566314697265625,
287.5,5.7971572875976562,
287.60000000000002,5.9376754760742188,
287.69999999999999,5.9581222534179688,
287.80000000000001,5.963226318359375,
287.89999999999998,5.9606704711914062,
288,5.9478988647460938,
288.10000000000002,5.9760055541992188,
288.19999999999999,5.9760055541992188,
288.30000000000001,5.909576416015625,
288.39999999999998,5.835479736328125,
288.5,5.7767105102539062,
288.60000000000002,5.7971572875976562,
288.69999999999999,5.9223480224609375,
288.80000000000001,6.0986404418945312,
288.89999999999998,6.3004913330078125,
289,6.5764312744140625,
289.10000000000002,6.8395919799804688,
289.19999999999999,7.0465469360351562,
289.30000000000001,7.1819610595703125,
289.39999999999998,7.2688369750976562,
289.5,7.4553451538085938,
289.60000000000002,7.5447769165039062,
289.69999999999999,7.3787002563476562,
289.80000000000001,7.1308670043945312,
289.89999999999998,6.8217086791992188,
290,6.4077987670898438,11.942675590515137
290.10000000000002,6.019439697265625,
290.19999999999999,5.6847305297851562,
290.30000000000001,5.2248306274414062,
290.39999999999998,4.8850173950195312,
290.5,4.6806182861328125,
290.60000000000002,4.5707550048828125,
290.69999999999999,4.5222091674804688,
290.80000000000001,4.5043258666992188,
290.89999999999998,4.5324325561523438,
291,4.7700424194335938,
291.10000000000002,5.16351318359375,
291.19999999999999,5.5646514892578125,
291.30000000000001,6.0807571411132812,
291.39999999999998,6.7144012451171875,
291.5,7.381256103515625,
291.60000000000002,8.1222000122070312,
291.69999999999999,8.9321365356445312,
291.80000000000001,9.634765625,
291.89999999999998,10.023124694824219,
292,10.235191345214844,
292.10000000000002,10.357826232910156,
292.19999999999999,10.043563842773438,
292.30000000000001,9.4661331176757812,
292.39999999999998,8.9653549194335938,
292.5,8.4313583374023438,
292.60000000000002,7.8692550659179688,
292.69999999999999,7.233062744140625,
292.80000000000001,6.7118453979492188,
292.89999999999998,6.4716720581054688,
293,6.2085113525390625,
293.10000000000002,5.8738021850585938,
293.19999999999999,5.5748672485351562,
293.30000000000001,5.2606048583984375,
293.39999999999998,4.961669921875,
293.5,4.70361328125,
293.60000000000002,4.4992141723632812,
293.69999999999999,4.3408050537109375,
293.80000000000001,4.2922592163085938,
293.89999999999998,4.2973709106445312,
294,4.2692642211914062,
294.10000000000002,4.2692642211914062,
294.19999999999999,4.2973709106445312,
294.30000000000001,4.3791275024414062,
294.39999999999998,4.4046783447265625,
294.5,4.3714675903320312,
294.60000000000002,4.5247650146484375,
294.69999999999999,4.7572708129882812,
294.80000000000001,4.97955322265625,
294.89999999999998,5.3142623901367188,
295,5.6591873168945312,
295.10000000000002,5.9249038696289062,
295.19999999999999,6.0654296875,
295.30000000000001,5.95556640625,
295.39999999999998,5.725616455078125,
295.5,5.5544281005859375,
295.60000000000002,5.3423614501953125,
295.69999999999999,5.12774658203125,
295.80000000000001,5.0025482177734375,
295.89999999999998,4.9105682373046875,
296,4.8032608032226562,
296.10000000000002,4.59375,
296.19999999999999,4.3561325073242188,
296.30000000000001,4.225830078125,
296.39999999999998,4.1900558471679688,
296.5,4.1951675415039062,
296.60000000000002,4.197723388671875,
296.69999999999999,4.2360458374023438,
296.80000000000001,4.2973709106445312,
296.89999999999998,4.2820358276367188,
297,4.3331375122070312,
297.10000000000002,4.6090774536132812,
297.19999999999999,5.0843124389648438,
297.30000000000001,5.6259689331054688,
297.39999999999998,6.111419677734375,
297.5,6.543212890625,
297.60000000000002,6.8855819702148438,
297.69999999999999,7.059326171875,
297.80000000000001,7.0439910888671875,
297.89999999999998,6.9162445068359375,
298,6.7220611572265625,
298.10000000000002,6.313262939453125,
298.19999999999999,5.8201522827148438,
298.30000000000001,5.4701156616210938,
298.39999999999998,5.181396484375,
298.5,4.8773574829101562,
298.60000000000002,4.8160324096679688,
298.69999999999999,5.2248306274414062,
298.80000000000001,5.8278121948242188,
298.89999999999998,6.479339599609375,
299,7.1947402954101562,
299.10000000000002,7.8513717651367188,
299.19999999999999,8.4441375732421875,
299.30000000000001,8.9346923828125,
299.39999999999998,9.4533615112304688,
299.5,10.380821228027344,
299.60000000000002,11.453926086425781,
299.69999999999999,12.307296752929688,
299.80000000000001,13.14788818359375,
299.89999999999998,13.837738037109375,
300,13.709991455078125,7.6335878372192383
