Data Set 1:Time(s),Data Set 1:Force(N),Data Set 1:Respiration Rate(bpm)
0,2.7413711547851562,5.9880242347717285
0.10000000000000001,2.8256912231445312,
0.20000000000000001,2.8946762084960938,
0.29999999999999999,3.0045394897460938,
0.40000000000000002,3.2447052001953125,
0.5,3.3954544067382812,
0.59999999999999998,3.535980224609375,
0.69999999999999996,3.6816177368164062,
0.80000000000000004,3.7838134765625,
0.90000000000000002,4.1670608520507812,
1,4.6882858276367188,
1.1000000000000001,5.227386474609375,
1.2,5.6387405395507812,
1.3,5.7205047607421875,
1.3999999999999999,5.7818222045898438,
1.5,5.725616455078125,
1.6000000000000001,5.3985748291015625,
1.7,5.3500289916992188,
1.8,5.6617355346679688,
1.8999999999999999,5.6234130859375,
2,5.0664215087890625,
2.1000000000000001,4.445556640625,
2.2000000000000002,3.9652175903320312,
2.2999999999999998,3.6969451904296875,
2.3999999999999999,3.6407318115234375,
2.5,3.6126327514648438,
2.6000000000000001,3.6432876586914062,
2.7000000000000002,3.7684860229492188,
2.7999999999999998,3.85791015625,
2.8999999999999999,3.9064559936523438,
3,3.8732376098632812,
3.1000000000000001,3.7403793334960938,
3.2000000000000002,3.7582626342773438,
3.2999999999999998,3.9601058959960938,
3.3999999999999999,4.1491775512695312,
3.5,4.2743759155273438,
3.6000000000000001,4.35357666015625,
3.7000000000000002,4.4200057983398438,
3.7999999999999998,4.5426483154296875,
3.8999999999999999,4.6678466796875,
4,4.6933975219726562,
4.0999999999999996,4.6550674438476562,
4.2000000000000002,4.731719970703125,
4.2999999999999998,5.0178756713867188,
4.4000000000000004,5.3704681396484375,
4.5,5.7179489135742188,
4.5999999999999996,6.055206298828125,
4.7000000000000002,6.4103546142578125,
4.7999999999999998,6.69140625,
4.9000000000000004,6.8753662109375,
5,6.9801177978515625,
5.0999999999999996,6.8753662109375,
5.2000000000000002,6.8319320678710938,
5.2999999999999998,6.8676986694335938,
5.4000000000000004,6.6505203247070312,
5.5,6.2979354858398438,
5.5999999999999996,6.0654296875,
5.7000000000000002,6.037322998046875,
5.7999999999999998,6.0347671508789062,
5.9000000000000004,5.9657821655273438,
6,5.9657821655273438,
6.0999999999999996,5.9785614013671875,
6.2000000000000002,5.927459716796875,
6.2999999999999998,5.8763580322265625,
6.4000000000000004,5.7767105102539062,
6.5,5.5365447998046875,
6.5999999999999996,5.3270339965820312,
6.7000000000000002,5.2606048583984375,
6.7999999999999998,5.2171707153320312,
6.9000000000000004,5.0408706665039062,
7,4.8032608032226562,
7.0999999999999996,4.6550674438476562,
7.2000000000000002,4.48388671875,
7.2999999999999998,4.2309417724609375,
7.4000000000000004,4.013763427734375,
7.5,3.8809051513671875,
7.5999999999999996,3.7633743286132812,
7.7000000000000002,3.6816177368164062,
7.7999999999999998,3.6483993530273438,
7.9000000000000004,3.6688385009765625,
8,3.7403793334960938,
8.0999999999999996,3.84002685546875,
8.1999999999999993,4.1134109497070312,
8.3000000000000007,4.5145416259765625,
8.4000000000000004,4.7981491088867188,
8.5,4.9846649169921875,
8.5999999999999996,5.2043914794921875,
8.6999999999999993,5.4828872680664062,
8.8000000000000007,5.7511672973632812,
8.9000000000000004,5.9249038696289062,
9,6.001556396484375,
9.0999999999999996,5.9606704711914062,
9.1999999999999993,5.8278121948242188,
9.3000000000000007,5.6080856323242188,
9.4000000000000004,5.3730239868164062,
9.5,5.1992874145507812,
9.5999999999999996,5.0562057495117188,
9.6999999999999993,4.9182357788085938,
9.8000000000000007,4.7266082763671875,
9.9000000000000004,4.4992141723632812,
10,4.3561325073242188,10.380622863769531
10.1,4.3791275024414062,
10.199999999999999,4.3484725952148438,
10.300000000000001,4.1031875610351562,
10.4,3.8681259155273438,
10.5,3.7735977172851562,
10.6,3.7991409301757812,
10.699999999999999,3.8732376098632812,
10.800000000000001,3.8987884521484375,
10.9,3.921783447265625,
11,3.9550018310546875,
11.1,3.9575576782226562,
11.199999999999999,3.939666748046875,
11.300000000000001,3.903900146484375,
11.4,3.87579345703125,
11.5,3.8783493041992188,
11.6,3.8987884521484375,
11.699999999999999,3.9141159057617188,
11.800000000000001,3.9115676879882812,
11.9,3.9345626831054688,
12,3.977996826171875,
12.1,4.0060958862304688,
12.199999999999999,4.0060958862304688,
12.300000000000001,3.9626617431640625,
12.4,3.8272476196289062,
12.5,3.6816177368164062,
12.6,3.6943893432617188,
12.699999999999999,3.6483993530273438,
12.800000000000001,3.5053176879882812,
12.9,3.4976577758789062,
13,3.5870819091796875,
13.1,3.6790618896484375,
13.199999999999999,3.748046875,
13.300000000000001,3.7710418701171875,
13.4,3.7531509399414062,
13.5,3.7327117919921875,
13.6,3.7148284912109375,
13.699999999999999,3.7863693237304688,
13.800000000000001,3.85791015625,
13.9,3.811920166015625,
14,3.8374710083007812,
14.1,3.7838134765625,
14.199999999999999,3.6509552001953125,
14.300000000000001,3.6305160522460938,
14.4,3.7224960327148438,
14.5,4.07763671875,
14.6,4.5886383056640625,
14.699999999999999,5.0868606567382812,
14.800000000000001,5.5927505493164062,
14.9,6.0782012939453125,
15,6.5048904418945312,
15.1,6.8574752807617188,
15.199999999999999,7.1538619995117188,
15.300000000000001,7.4400177001953125,
15.4,7.6955184936523438,
15.5,7.8692550659179688,
15.6,8.0200042724609375,
15.699999999999999,8.1758575439453125,
15.800000000000001,8.25506591796875,
15.9,8.1503067016601562,
16,7.8667068481445312,
16.100000000000001,7.4962310791015625,
16.199999999999999,7.0158920288085938,
16.300000000000001,6.4818954467773438,
16.399999999999999,6.00921630859375,
16.5,5.6668472290039062,
16.600000000000001,5.4190139770507812,
16.699999999999999,5.1992874145507812,
16.800000000000001,4.915679931640625,
16.899999999999999,4.5452041625976562,
17,4.2181625366210938,
17.100000000000001,3.98565673828125,
17.199999999999999,3.8630218505859375,
17.300000000000001,3.8042526245117188,
17.399999999999999,3.6995010375976562,
17.5,3.6356277465820312,
17.600000000000001,3.65606689453125,
17.699999999999999,3.61773681640625,
17.800000000000001,3.4874343872070312,
17.899999999999999,3.4158935546875,
18,3.5027618408203125,
18.100000000000001,3.6688385009765625,
18.199999999999999,3.85791015625,
18.300000000000001,4.0444259643554688,
18.399999999999999,4.2513809204101562,
18.5,4.491546630859375,
18.600000000000001,4.7291641235351562,
18.699999999999999,4.9386749267578125,
18.800000000000001,5.1686248779296875,
18.899999999999999,5.5161056518554688,
19,5.9146804809570312,
19.100000000000001,6.2519454956054688,
19.199999999999999,6.5355453491210938,
19.300000000000001,6.7425003051757812,
19.399999999999999,6.7961578369140625,
19.5,6.6786270141601562,
19.600000000000001,6.4691162109375,
19.699999999999999,6.2723846435546875,
19.800000000000001,6.0858688354492188,
19.899999999999999,5.8967971801757812,
20,5.779266357421875,10.822510719299316
20.100000000000001,5.7205047607421875,
20.199999999999999,5.651519775390625,
20.300000000000001,5.60552978515625,
20.399999999999999,5.595306396484375,
20.5,5.53143310546875,
20.600000000000001,5.4062423706054688,
20.699999999999999,5.3091506958007812,
20.800000000000001,5.2606048583984375,
20.899999999999999,5.2682723999023438,
21,5.2938156127929688,
21.100000000000001,5.3142623901367188,
21.199999999999999,5.2989273071289062,
21.300000000000001,5.2606048583984375,
21.399999999999999,5.2989273071289062,
21.5,5.3781356811523438,
21.600000000000001,5.4036865234375,
21.699999999999999,5.467559814453125,
21.800000000000001,5.6259689331054688,
21.899999999999999,5.64129638671875,
22,5.45733642578125,
22.100000000000001,5.1456298828125,
22.199999999999999,4.7368316650390625,
22.300000000000001,4.399566650390625,
22.399999999999999,4.16961669921875,
22.5,3.9882125854492188,
22.600000000000001,3.8885726928710938,
22.699999999999999,3.8246917724609375,
22.800000000000001,3.7352676391601562,
22.899999999999999,3.6841659545898438,
23,3.709716796875,
23.100000000000001,3.8323593139648438,
23.199999999999999,4.013763427734375,
23.300000000000001,4.253936767578125,
23.399999999999999,4.57586669921875,
23.5,4.8926849365234375,
23.600000000000001,5.1532974243164062,
23.699999999999999,5.3168106079101562,
23.800000000000001,5.4905548095703125,
23.899999999999999,5.6438522338867188,
24,5.7102813720703125,
24.100000000000001,5.6361923217773438,
24.199999999999999,5.5237655639648438,
24.300000000000001,5.4471206665039062,
24.399999999999999,5.3960189819335938,
24.5,5.2427215576171875,
24.600000000000001,4.961669921875,
24.699999999999999,4.7061691284179688,
24.800000000000001,4.5809707641601562,
24.899999999999999,4.4711074829101562,
25,4.3280258178710938,
25.100000000000001,4.2334976196289062,
25.199999999999999,4.13385009765625,
25.300000000000001,3.9933242797851562,
25.399999999999999,3.8732376098632812,
25.5,3.9141159057617188,
25.600000000000001,4.0086517333984375,
25.699999999999999,3.9473342895507812,
25.800000000000001,3.8527984619140625,
25.899999999999999,3.8195877075195312,
26,3.8068084716796875,
26.100000000000001,3.9294509887695312,
26.199999999999999,4.1517333984375,
26.300000000000001,4.307586669921875,
26.399999999999999,4.4481124877929688,
26.5,4.6371841430664062,
26.600000000000001,4.7061691284179688,
26.699999999999999,4.7751541137695312,
26.800000000000001,5.12774658203125,
26.899999999999999,5.6489639282226562,
27,6.1880722045898438,
27.100000000000001,6.6275253295898438,
27.199999999999999,6.9699020385742188,
27.300000000000001,7.33526611328125,
27.399999999999999,7.7593917846679688,
27.5,8.10687255859375,
27.600000000000001,8.27294921875,
27.699999999999999,8.3674850463867188,
27.800000000000001,8.428802490234375,
27.899999999999999,8.428802490234375,
28,8.4415817260742188,
28.100000000000001,8.3879241943359375,
28.199999999999999,8.1630859375,
28.300000000000001,7.876922607421875,
28.399999999999999,7.6546401977539062,
28.5,7.5319976806640625,
28.600000000000001,7.3633651733398438,
28.699999999999999,7.169189453125,
28.800000000000001,7.0848770141601562,
28.899999999999999,7.0158920288085938,
29,6.9417953491210938,
29.100000000000001,6.8344802856445312,
29.199999999999999,6.7067337036132812,
29.300000000000001,6.6581878662109375,
29.399999999999999,6.6607437133789062,
29.5,6.6684112548828125,
29.600000000000001,6.681182861328125,
29.699999999999999,6.6862945556640625,
29.800000000000001,6.6888504028320312,
29.899999999999999,6.6862945556640625,
30,6.6965103149414062,13.595166206359863
30.100000000000001,6.7246170043945312,
30.199999999999999,6.7220611572265625,
30.300000000000001,6.6479721069335938,
30.399999999999999,6.5406570434570312,
30.5,6.4742279052734375,
30.600000000000001,6.4205703735351562,
30.699999999999999,6.369476318359375,
30.800000000000001,6.331146240234375,
30.899999999999999,6.2826004028320312,
31,6.221282958984375,
31.100000000000001,6.1906204223632812,
31.199999999999999,6.2826004028320312,
31.300000000000001,6.4537887573242188,
31.399999999999999,6.4691162109375,
31.5,6.369476318359375,
31.600000000000001,6.387359619140625,
31.699999999999999,6.4818954467773438,
31.800000000000001,6.5304412841796875,
31.899999999999999,6.5125503540039062,
32,6.4665603637695312,
32.100000000000001,6.497222900390625,
32.200000000000003,6.663299560546875,
32.299999999999997,7.0082244873046875,
32.399999999999999,7.3480377197265625,
32.5,7.618865966796875,
32.600000000000001,8.0200042724609375,
32.700000000000003,8.4696807861328125,
32.799999999999997,8.8273849487304688,
32.899999999999999,9.1212081909179688,
33,9.4073715209960938,
33.100000000000001,9.606658935546875,
33.200000000000003,9.5734405517578125,
33.299999999999997,9.5657806396484375,
33.399999999999999,9.61688232421875,
33.5,9.4763565063476562,
33.600000000000001,9.2821731567382812,
33.700000000000003,9.1339874267578125,
33.799999999999997,8.944915771484375,
33.899999999999999,8.630645751953125,
34,8.209075927734375,
34.100000000000001,7.7619476318359375,
34.200000000000003,7.3633651733398438,
34.299999999999997,6.975006103515625,
34.399999999999999,6.4205703735351562,
34.5,5.8048171997070312,
34.600000000000001,5.3168106079101562,
34.700000000000003,4.897796630859375,
34.799999999999997,4.491546630859375,
34.899999999999999,4.161956787109375,
35,3.8809051513671875,
35.100000000000001,3.6202926635742188,
35.200000000000003,3.5027618408203125,
35.299999999999997,3.4593276977539062,
35.399999999999999,3.50787353515625,
35.5,3.7046127319335938,
35.600000000000001,3.84002685546875,
35.700000000000003,3.9294509887695312,
35.799999999999997,4.1185226440429688,
35.899999999999999,4.3970108032226562,
36,4.7189407348632812,
36.100000000000001,4.9591140747070312,
36.200000000000003,5.1584014892578125,
36.299999999999997,5.3065948486328125,
36.399999999999999,5.3781356811523438,
36.5,5.4292373657226562,
36.600000000000001,5.3857955932617188,
36.700000000000003,5.2887115478515625,
36.799999999999997,5.2146148681640625,
36.899999999999999,5.1200790405273438,
37,5.0383224487304688,
37.100000000000001,4.9565582275390625,
37.200000000000003,4.8722457885742188,
37.299999999999997,4.7802658081054688,
37.399999999999999,4.657623291015625,
37.5,4.5733108520507812,
37.600000000000001,4.547760009765625,
37.700000000000003,4.5400924682617188,
37.799999999999997,4.4711074829101562,
37.899999999999999,4.3229217529296875,
38,4.2641525268554688,
38.100000000000001,4.289703369140625,
38.200000000000003,4.2615966796875,
38.299999999999997,4.20794677734375,
38.399999999999999,4.1849517822265625,
38.5,4.2667083740234375,
38.600000000000001,4.5094375610351562,
38.700000000000003,4.8773574829101562,
38.799999999999997,5.2120590209960938,
38.899999999999999,5.4803314208984375,
39,5.761383056640625,
39.100000000000001,6.0398788452148438,
39.200000000000003,6.3337020874023438,
39.299999999999997,6.5866470336914062,
39.399999999999999,6.737396240234375,
39.5,6.829376220703125,
39.600000000000001,6.8523712158203125,
39.700000000000003,6.7654953002929688,
39.799999999999997,6.6607437133789062,
39.899999999999999,6.6173095703125,
40,6.5636520385742188,7.5821399688720703
40.100000000000001,6.4129104614257812,
40.200000000000003,6.2008438110351562,
40.299999999999997,6.0168838500976562,
40.399999999999999,5.8916854858398438,
40.5,5.8584747314453125,
40.600000000000001,5.7051773071289062,
40.700000000000003,5.3219223022460938,
40.799999999999997,5.1200790405273438,
40.899999999999999,5.2171707153320312,
41,5.3449172973632812,
41.100000000000001,5.4139022827148438,
41.200000000000003,5.4317855834960938,
41.299999999999997,5.34747314453125,
41.399999999999999,5.2248306274414062,
41.5,5.2350540161132812,
41.600000000000001,5.2631607055664062,
41.700000000000003,5.23760986328125,
41.799999999999997,5.2478256225585938,
41.899999999999999,5.301483154296875,
42,5.42156982421875,
42.100000000000001,5.6131973266601562,
42.200000000000003,5.7946014404296875,
42.299999999999997,5.8380355834960938,
42.399999999999999,5.8150405883789062,
42.5,5.7767105102539062,
42.600000000000001,5.7026214599609375,
42.700000000000003,5.7307205200195312,
42.799999999999997,6.3158187866210938,
42.899999999999999,7.1845169067382812,
43,7.8104934692382812,
43.100000000000001,8.3981475830078125,
43.200000000000003,9.0113449096679688,
43.299999999999997,9.5121231079101562,
43.399999999999999,9.864715576171875,
43.5,10.199417114257812,
43.600000000000001,10.541786193847656,
43.700000000000003,10.751296997070312,
43.799999999999997,10.631210327148438,
43.899999999999999,10.173866271972656,
44,9.5989913940429688,
44.100000000000001,9.0164566040039062,
44.200000000000003,8.3163833618164062,
44.299999999999997,7.5294418334960938,
44.399999999999999,6.8549270629882812,
44.5,6.295379638671875,
44.600000000000001,5.7920455932617188,
44.700000000000003,5.3857955932617188,
44.799999999999997,5.043426513671875,
44.899999999999999,4.7291641235351562,
45,4.50177001953125,
45.100000000000001,4.3331375122070312,
45.200000000000003,4.2002792358398438,
45.299999999999997,4.1261825561523438,
45.399999999999999,4.069976806640625,
45.5,4.0163192749023438,
45.600000000000001,4.0035476684570312,
45.700000000000003,4.0035476684570312,
45.799999999999997,3.9550018310546875,
45.899999999999999,3.9166717529296875,
46,3.9728851318359375,
46.100000000000001,4.0623092651367188,
46.200000000000003,4.1134109497070312,
46.299999999999997,4.1415176391601562,
46.399999999999999,4.2105026245117188,
46.5,4.3612442016601562,
46.600000000000001,4.61163330078125,
46.700000000000003,4.8952407836914062,
46.799999999999997,5.1711807250976562,
46.899999999999999,5.4368972778320312,
47,5.7332763671875,
47.100000000000001,6.0705413818359375,
47.200000000000003,6.3337020874023438,
47.299999999999997,6.6045303344726562,
47.399999999999999,6.9469070434570312,
47.5,7.3046035766601562,
47.600000000000001,7.6725234985351562,
47.700000000000003,7.6955184936523438,
47.799999999999997,7.4860076904296875,
47.899999999999999,7.4425735473632812,
48,7.4502410888671875,
48.100000000000001,7.4374618530273438,
48.200000000000003,7.4885635375976562,
48.299999999999997,7.657196044921875,
48.399999999999999,7.92291259765625,
48.5,8.078765869140625,
48.600000000000001,8.0225601196289062,
48.700000000000003,7.905029296875,
48.799999999999997,7.7977218627929688,
48.899999999999999,7.6495285034179688,
49,7.381256103515625,
49.100000000000001,7.0925369262695312,
49.200000000000003,6.9699020385742188,
49.299999999999997,6.9341278076171875,
49.399999999999999,6.8217086791992188,
49.5,6.7144012451171875,
49.600000000000001,6.645416259765625,
49.700000000000003,6.5304412841796875,
49.799999999999997,6.3285903930664062,
49.899999999999999,6.0909805297851562,
50,5.835479736328125,8.7548637390136719
50.100000000000001,5.5518722534179688,
50.200000000000003,5.2989273071289062,
50.299999999999997,5.0587615966796875,
50.399999999999999,4.79559326171875,
50.5,4.5452041625976562,
50.600000000000001,4.335693359375,
50.700000000000003,4.1670608520507812,
50.799999999999997,4.0495376586914062,
50.899999999999999,3.9677734375,
51,3.8732376098632812,
51.100000000000001,3.7787017822265625,
51.200000000000003,3.7327117919921875,
51.299999999999997,3.7403793334960938,
51.399999999999999,3.8068084716796875,
51.5,3.9243392944335938,
51.600000000000001,4.0623092651367188,
51.700000000000003,4.2283859252929688,
51.799999999999997,4.4353408813476562,
51.899999999999999,4.6933975219726562,
52,4.9718856811523438,
52.100000000000001,5.2324981689453125,
52.200000000000003,5.5161056518554688,
52.299999999999997,5.8099288940429688,
52.399999999999999,6.0909805297851562,
52.5,6.3950271606445312,
52.600000000000001,6.6607437133789062,
52.700000000000003,6.8498153686523438,
52.799999999999997,7.013336181640625,
52.899999999999999,7.1845169067382812,
53,7.3173751831054688,
53.100000000000001,7.4068069458007812,
53.200000000000003,7.5064468383789062,
53.299999999999997,7.6035385131835938,
53.399999999999999,7.6955184936523438,
53.5,7.8207168579101562,
53.600000000000001,7.841156005859375,
53.700000000000003,7.692962646484375,
53.799999999999997,7.51922607421875,
53.899999999999999,7.3557052612304688,
54,7.1921844482421875,
54.100000000000001,7.1359710693359375,
54.200000000000003,7.1206436157226562,
54.299999999999997,7.0439910888671875,
54.399999999999999,6.681182861328125,
54.5,6.0986404418945312,
54.600000000000001,5.6438522338867188,
54.700000000000003,5.301483154296875,
54.799999999999997,5.0280990600585938,
54.899999999999999,4.75982666015625,
55,4.529876708984375,
55.100000000000001,4.3408050537109375,
55.200000000000003,4.225830078125,
55.299999999999997,4.1875076293945312,
55.399999999999999,4.02398681640625,
55.5,3.8221359252929688,
55.600000000000001,3.7608184814453125,
55.700000000000003,3.7684860229492188,
55.799999999999997,3.7710418701171875,
55.899999999999999,3.76593017578125,
56,3.8195877075195312,
56.100000000000001,3.9090118408203125,
56.200000000000003,3.9268951416015625,
56.299999999999997,3.9805526733398438,
56.399999999999999,4.1951675415039062,
56.5,4.491546630859375,
56.600000000000001,4.7087249755859375,
56.700000000000003,4.8722457885742188,
56.799999999999997,5.1405181884765625,
56.899999999999999,5.49566650390625,
57,5.8201522827148438,
57.100000000000001,6.0909805297851562,
57.200000000000003,6.2877120971679688,
57.299999999999997,6.4384613037109375,
57.399999999999999,6.5943145751953125,
57.5,6.737396240234375,
57.600000000000001,6.8421478271484375,
57.700000000000003,6.9111328125,
57.799999999999997,6.9443511962890625,
57.899999999999999,6.9443511962890625,
58,6.9469070434570312,
58.100000000000001,6.9826736450195312,
58.200000000000003,7.0184402465820312,
58.299999999999997,6.9775619506835938,
58.399999999999999,6.8344802856445312,
58.5,6.6173095703125,
58.600000000000001,6.331146240234375,
58.700000000000003,5.9913330078125,
58.799999999999997,5.6770706176757812,
58.899999999999999,5.4879989624023438,
59,5.4471206665039062,
59.100000000000001,5.4420089721679688,
59.200000000000003,5.375579833984375,
59.299999999999997,5.2324981689453125,
59.399999999999999,5.0485382080078125,
59.5,4.8543624877929688,
59.600000000000001,4.6525115966796875,
59.700000000000003,4.4659957885742188,
59.799999999999997,4.289703369140625,
59.899999999999999,4.1031875610351562,
60,3.9601058959960938,8.9285717010498047
60.100000000000001,3.8681259155273438,
60.200000000000003,3.7991409301757812,
60.299999999999997,3.7429351806640625,
60.399999999999999,3.6892776489257812,
60.5,3.6586227416992188,
60.600000000000001,3.6432876586914062,
60.700000000000003,3.627960205078125,
60.799999999999997,3.610076904296875,
60.899999999999999,3.5845260620117188,
61,3.5487518310546875,
61.100000000000001,3.5691909790039062,
61.200000000000003,3.6662826538085938,
61.299999999999997,3.8068084716796875,
61.399999999999999,3.9728851318359375,
61.5,4.1466217041015625,
61.600000000000001,4.3305816650390625,
61.700000000000003,4.5400924682617188,
61.799999999999997,4.767486572265625,
61.899999999999999,4.9974365234375,
62,5.191619873046875,
62.100000000000001,5.3398056030273438,
62.200000000000003,5.42156982421875,
62.299999999999997,5.439453125,
62.399999999999999,5.5748672485351562,
62.5,5.9070205688476562,
62.600000000000001,6.2442779541015625,
62.700000000000003,6.4997787475585938,
62.799999999999997,6.7169570922851562,
62.899999999999999,6.9060211181640625,
63,7.0414352416992188,
63.100000000000001,7.1564102172851562,
63.200000000000003,7.2586135864257812,
63.299999999999997,7.3046035766601562,
63.399999999999999,7.2407302856445312,
63.5,6.9903411865234375,
63.600000000000001,6.5636520385742188,
63.700000000000003,6.1216354370117188,
63.799999999999997,5.7588272094726562,
63.899999999999999,5.4598922729492188,
64,5.1890640258789062,
64.099999999999994,4.9182357788085938,
64.200000000000003,4.6959457397460938,
64.299999999999997,4.5222091674804688,
64.400000000000006,4.3765716552734375,
64.5,4.2615966796875,
64.599999999999994,4.1415176391601562,
64.700000000000003,4.0214309692382812,
64.799999999999997,3.9192276000976562,
64.900000000000006,3.8374710083007812,
65,3.755706787109375,
65.099999999999994,3.6483993530273438,
65.200000000000003,3.5666427612304688,
65.299999999999997,3.5513076782226562,
65.400000000000006,3.5691909790039062,
65.5,3.5870819091796875,
65.599999999999994,3.5896377563476562,
65.700000000000003,3.5947418212890625,
65.799999999999997,3.610076904296875,
65.900000000000006,3.6381759643554688,
66,3.6969451904296875,
66.099999999999994,3.7787017822265625,
66.200000000000003,3.8681259155273438,
66.299999999999997,3.98565673828125,
66.400000000000006,4.1466217041015625,
66.5,4.3484725952148438,
66.599999999999994,4.5605316162109375,
66.700000000000003,4.7419357299804688,
66.799999999999997,4.86968994140625,
66.900000000000006,4.9718856811523438,
67,5.1481857299804688,
67.099999999999994,5.3730239868164062,
67.200000000000003,5.559539794921875,
67.299999999999997,5.7307205200195312,
67.400000000000006,5.8967971801757812,
67.5,6.0628738403320312,
67.599999999999994,6.2826004028320312,
67.700000000000003,6.4640121459960938,
67.799999999999997,6.5100021362304688,
67.900000000000006,6.5202178955078125,
68,6.5048904418945312,
68.099999999999994,6.3337020874023438,
68.200000000000003,5.927459716796875,
68.299999999999997,5.3806915283203125,
68.400000000000006,4.8875732421875,
68.5,4.5528717041015625,
68.599999999999994,4.3561325073242188,
68.700000000000003,4.2002792358398438,
68.799999999999997,4.0750808715820312,
68.900000000000006,3.9933242797851562,
69,3.921783447265625,
69.099999999999994,3.8451309204101562,
69.200000000000003,3.755706787109375,
69.299999999999997,3.6816177368164062,
69.400000000000006,3.58197021484375,
69.5,3.4005661010742188,
69.599999999999994,3.3034744262695312,
69.700000000000003,3.3724594116210938,
69.799999999999997,3.4695510864257812,
69.900000000000006,3.5410919189453125,
70,3.6202926635742188,9.20245361328125
70.099999999999994,3.7276077270507812,
70.200000000000003,3.8451309204101562,
70.299999999999997,3.9447784423828125,
70.400000000000006,4.0623092651367188,
70.5,4.2283859252929688,
70.599999999999994,4.3791275024414062,
70.700000000000003,4.583526611328125,
70.799999999999997,4.7828216552734375,
70.900000000000006,4.9565582275390625,
71,5.099639892578125,
71.099999999999994,5.1941757202148438,
71.200000000000003,5.2043914794921875,
71.299999999999997,5.135406494140625,
71.400000000000006,5.05364990234375,
71.5,5.0204315185546875,
71.599999999999994,5.0306549072265625,
71.700000000000003,5.081756591796875,
71.799999999999997,5.1762924194335938,
71.900000000000006,5.319366455078125,
72,5.5237655639648438,
72.099999999999994,5.7409439086914062,
72.200000000000003,5.9070205688476562,
72.299999999999997,6.0730972290039062,
72.400000000000006,6.3158187866210938,
72.5,6.5687637329101562,
72.599999999999994,6.80126953125,
72.700000000000003,7.0388870239257812,
72.799999999999997,7.2356185913085938,
72.900000000000006,7.3965835571289062,
73,7.5575485229492188,
73.099999999999994,7.6878509521484375,
73.200000000000003,7.7542800903320312,
73.299999999999997,7.8283767700195312,
73.400000000000006,7.9740142822265625,
73.5,8.1196517944335938,
73.599999999999994,8.152862548828125,
73.700000000000003,8.042999267578125,
73.799999999999997,7.859039306640625,
73.900000000000006,7.6342010498046875,
74,7.3735885620117188,
74.099999999999994,7.0950927734375,
74.200000000000003,6.7808303833007812,
74.299999999999997,6.45123291015625,
74.400000000000006,6.0960922241210938,
74.5,5.7077255249023438,
74.599999999999994,5.3551406860351562,
74.700000000000003,5.0638656616210938,
74.799999999999997,4.7904815673828125,
74.900000000000006,4.529876708984375,
75,4.2973709106445312,
75.099999999999994,4.1006317138671875,
75.200000000000003,3.939666748046875,
75.299999999999997,3.8068084716796875,
75.400000000000006,3.6790618896484375,
75.5,3.5691909790039062,
75.599999999999994,3.50787353515625,
75.700000000000003,3.4874343872070312,
75.799999999999997,3.5027618408203125,
75.900000000000006,3.5385360717773438,
76,3.6202926635742188,
76.099999999999994,3.748046875,
76.200000000000003,3.8783493041992188,
76.299999999999997,3.9882125854492188,
76.400000000000006,4.0648651123046875,
76.5,4.1312942504882812,
76.599999999999994,4.24371337890625,
76.700000000000003,4.3970108032226562,
76.799999999999997,4.5707550048828125,
76.900000000000006,4.7802658081054688,
77,5.0025482177734375,
77.099999999999994,5.2222824096679688,
77.200000000000003,5.439453125,
77.299999999999997,5.6183013916015625,
77.400000000000006,5.7102813720703125,
77.5,5.6949539184570312,
77.599999999999994,5.6259689331054688,
77.700000000000003,5.5391006469726562,
77.799999999999997,5.4445648193359375,
77.900000000000006,5.3704681396484375,
78,5.2938156127929688,
78.099999999999994,5.181396484375,
78.200000000000003,4.9846649169921875,
78.299999999999997,4.6627349853515625,
78.400000000000006,4.335693359375,
78.5,4.0980758666992188,
78.599999999999994,3.8885726928710938,
78.700000000000003,3.709716796875,
78.799999999999997,3.6075210571289062,
78.900000000000006,3.571746826171875,
79,3.553863525390625,
79.099999999999994,3.5436477661132812,
79.200000000000003,3.5410919189453125,
79.299999999999997,3.5308685302734375,
79.400000000000006,3.5155410766601562,
79.5,3.479766845703125,
79.599999999999994,3.426116943359375,
79.700000000000003,3.444000244140625,
79.799999999999997,3.553863525390625,
79.900000000000006,3.7608184814453125,
80,4.0393142700195312,12.744265556335449
80.099999999999994,4.307586669921875,
80.200000000000003,4.583526611328125,
80.299999999999997,4.8773574829101562,
80.400000000000006,5.1584014892578125,
80.5,5.4011306762695312,
80.599999999999994,5.6438522338867188,
80.700000000000003,5.8891372680664062,
80.799999999999997,6.1165313720703125,
80.900000000000006,6.331146240234375,
81,6.5125503540039062,
81.099999999999994,6.6249771118164062,
81.200000000000003,6.6556320190429688,
81.299999999999997,6.5738754272460938,
81.400000000000006,6.4026870727539062,
81.5,6.2238388061523438,
81.599999999999994,6.0449905395507812,
81.700000000000003,5.8559188842773438,
81.799999999999997,5.6617355346679688,
81.900000000000006,5.45733642578125,
82,5.2427215576171875,
82.099999999999994,5.0102157592773438,
82.200000000000003,4.7266082763671875,
82.299999999999997,4.4353408813476562,
82.400000000000006,4.2002792358398438,
82.5,3.9984359741210938,
82.599999999999994,3.8246917724609375,
82.700000000000003,3.7046127319335938,
82.799999999999997,3.6228485107421875,
82.900000000000006,3.5666427612304688,
83,3.5334243774414062,
83.099999999999994,3.5104293823242188,
83.200000000000003,3.4874343872070312,
83.299999999999997,3.4388885498046875,
83.400000000000006,3.3724594116210938,
83.5,3.334136962890625,
83.599999999999994,3.35968017578125,
83.700000000000003,3.4542160034179688,
83.799999999999997,3.5947418212890625,
83.900000000000006,3.7863693237304688,
84,4.0342025756835938,
84.099999999999994,4.2948150634765625,
84.200000000000003,4.5554275512695312,
84.299999999999997,4.8390274047851562,
84.400000000000006,5.1124114990234375,
84.5,5.3832473754882812,
84.599999999999994,5.6770706176757812,
84.700000000000003,5.9683380126953125,
84.799999999999997,6.2621612548828125,
84.900000000000006,6.543212890625,
85,6.7527236938476562,
85.099999999999994,6.9034652709960938,
85.200000000000003,6.9469070434570312,
85.299999999999997,6.791046142578125,
85.400000000000006,6.433349609375,
85.5,5.9249038696289062,
85.599999999999994,5.4139022827148438,
85.700000000000003,5.0102157592773438,
85.799999999999997,4.7010574340820312,
85.900000000000006,4.4430007934570312,
86,4.2002792358398438,
86.099999999999994,3.98565673828125,
86.200000000000003,3.8170318603515625,
86.299999999999997,3.6995010375976562,
86.400000000000006,3.610076904296875,
86.5,3.50787353515625,
86.599999999999994,3.4210052490234375,
86.700000000000003,3.3852310180664062,
86.799999999999997,3.3852310180664062,
86.900000000000006,3.3903427124023438,
87,3.3903427124023438,
87.099999999999994,3.4005661010742188,
87.200000000000003,3.4184494018554688,
87.299999999999997,3.461883544921875,
87.400000000000006,3.5589752197265625,
87.5,3.6841659545898438,
87.599999999999994,3.85791015625,
87.700000000000003,4.0853042602539062,
87.799999999999997,4.3305816650390625,
87.900000000000006,4.5886383056640625,
88,4.8288116455078125,
88.099999999999994,5.025543212890625,
88.200000000000003,5.1328506469726562,
88.299999999999997,5.1251907348632812,
88.400000000000006,5.0178756713867188,
88.5,4.8211441040039062,
88.599999999999994,4.5963058471679688,
88.700000000000003,4.4097900390625,
88.799999999999997,4.2667083740234375,
88.900000000000006,4.1415176391601562,
89,4.02398681640625,
89.099999999999994,3.9090118408203125,
89.200000000000003,3.811920166015625,
89.299999999999997,3.7352676391601562,
89.400000000000006,3.6739501953125,
89.5,3.5845260620117188,
89.599999999999994,3.479766845703125,
89.700000000000003,3.4158935546875,
89.799999999999997,3.3903427124023438,
89.900000000000006,3.387786865234375,
90,3.3954544067382812,10.978957176208496
90.099999999999994,3.4005661010742188,
90.200000000000003,3.4031219482421875,
90.299999999999997,3.4210052490234375,
90.400000000000006,3.4823226928710938,
90.5,3.5896377563476562,
90.599999999999994,3.7276077270507812,
90.700000000000003,3.9115676879882812,
90.799999999999997,4.115966796875,
90.900000000000006,4.3254776000976562,
91,4.5349807739257812,
91.099999999999994,4.731719970703125,
91.200000000000003,4.9642257690429688,
91.299999999999997,5.2324981689453125,
91.400000000000006,5.4701156616210938,
91.5,5.6285247802734375,
91.599999999999994,5.6847305297851562,
91.700000000000003,5.6183013916015625,
91.799999999999997,5.4726715087890625,
91.900000000000006,5.3270339965820312,
92,5.191619873046875,
92.099999999999994,5.0383224487304688,
92.200000000000003,4.8875732421875,
92.299999999999997,4.7470474243164062,
92.400000000000006,4.5681991577148438,
92.5,4.3586883544921875,
92.599999999999994,4.1747283935546875,
92.700000000000003,4.0290908813476562,
92.799999999999997,3.9166717529296875,
92.900000000000006,3.8195877075195312,
93,3.7224960327148438,
93.099999999999994,3.6407318115234375,
93.200000000000003,3.5768585205078125,
93.299999999999997,3.5283126831054688,
93.400000000000006,3.4542160034179688,
93.5,3.3775711059570312,
93.599999999999994,3.3673477172851562,
93.700000000000003,3.4235610961914062,
93.799999999999997,3.5334243774414062,
93.900000000000006,3.6867218017578125,
94,3.8885726928710938,
94.099999999999994,4.1134109497070312,
94.200000000000003,4.3484725952148438,
94.299999999999997,4.5681991577148438,
94.400000000000006,4.7444915771484375,
94.5,4.9258956909179688,
94.599999999999994,5.1532974243164062,
94.700000000000003,5.3781356811523438,
94.799999999999997,5.5569839477539062,
94.900000000000006,5.64129638671875,
95,5.7128372192382812,
95.099999999999994,5.7946014404296875,
95.200000000000003,5.7946014404296875,
95.299999999999997,5.6131973266601562,
95.400000000000006,5.2631607055664062,
95.5,4.8569107055664062,
95.599999999999994,4.5094375610351562,
95.700000000000003,4.253936767578125,
95.799999999999997,4.0674209594726562,
95.900000000000006,3.8962326049804688,
96,3.7352676391601562,
96.099999999999994,3.599853515625,
96.200000000000003,3.479766845703125,
96.299999999999997,3.3852310180664062,
96.400000000000006,3.341796875,
96.5,3.352020263671875,
96.599999999999994,3.3494644165039062,
96.700000000000003,3.3366851806640625,
96.799999999999997,3.4031219482421875,
96.900000000000006,3.5461959838867188,
97,3.7173843383789062,
97.099999999999994,3.9090118408203125,
97.200000000000003,4.1006317138671875,
97.299999999999997,4.2948150634765625,
97.400000000000006,4.4762191772460938,
97.5,4.6141891479492188,
97.599999999999994,4.7470474243164062,
97.700000000000003,4.897796630859375,
97.799999999999997,5.0613174438476562,
97.900000000000006,5.1941757202148438,
98,5.27337646484375,
98.099999999999994,5.2861557006835938,
98.200000000000003,5.2478256225585938,
98.299999999999997,5.1967315673828125,
98.400000000000006,5.1047515869140625,
98.5,4.97955322265625,
98.599999999999994,4.7981491088867188,
98.700000000000003,4.491546630859375,
98.799999999999997,4.1491775512695312,
98.900000000000006,3.8911209106445312,
99,3.709716796875,
99.099999999999994,3.571746826171875,
99.200000000000003,3.4848785400390625,
99.299999999999997,3.444000244140625,
99.400000000000006,3.43377685546875,
99.5,3.3928985595703125,
99.599999999999994,3.3366851806640625,
99.700000000000003,3.3188018798828125,
99.799999999999997,3.3469085693359375,
99.900000000000006,3.4082260131835938,
100,3.479766845703125,8.3410558700561523
100.09999999999999,3.599853515625,
100.2,3.80169677734375,
100.3,4.0290908813476562,
100.40000000000001,4.2488250732421875,
100.5,4.4506683349609375,
100.59999999999999,4.6244125366210938,
100.7,4.8083724975585938,
100.8,4.9846649169921875,
100.90000000000001,5.1379623413085938,
101,5.2682723999023438,
101.09999999999999,5.319366455078125,
101.2,5.2938156127929688,
101.3,5.2503814697265625,
101.40000000000001,5.209503173828125,
101.5,5.1124114990234375,
101.59999999999999,4.8773574829101562,
101.7,4.5528717041015625,
101.8,4.3612442016601562,
101.90000000000001,4.2948150634765625,
102,4.2053909301757812,
102.09999999999999,4.087860107421875,
102.2,3.9728851318359375,
102.3,3.8885726928710938,
102.40000000000001,3.8093643188476562,
102.5,3.702056884765625,
102.59999999999999,3.5768585205078125,
102.7,3.5027618408203125,
102.8,3.5053176879882812,
102.90000000000001,3.5972976684570312,
103,3.7710418701171875,
103.09999999999999,3.9703292846679688,
103.2,4.197723388671875,
103.3,4.3561325073242188,
103.40000000000001,4.3867950439453125,
103.5,4.4941024780273438,
103.59999999999999,4.7444915771484375,
103.7,5.0127716064453125,
103.8,5.3040390014648438,
103.90000000000001,5.5902023315429688,
104,5.7664947509765625,
104.09999999999999,5.7946014404296875,
104.2,5.7307205200195312,
104.3,5.64129638671875,
104.40000000000001,5.5084381103515625,
104.5,5.31170654296875,
104.59999999999999,5.0970840454101562,
104.7,4.8875732421875,
104.8,4.6831741333007812,
104.90000000000001,4.473663330078125,
105,4.2513809204101562,
105.09999999999999,4.0290908813476562,
105.2,3.8093643188476562,
105.3,3.645843505859375,
105.40000000000001,3.5666427612304688,
105.5,3.5155410766601562,
105.59999999999999,3.4491119384765625,
105.7,3.3826751708984375,
105.8,3.3724594116210938,
105.90000000000001,3.4158935546875,
106,3.5308685302734375,
106.09999999999999,3.7046127319335938,
106.2,3.8987884521484375,
106.3,4.0980758666992188,
106.40000000000001,4.3101425170898438,
106.5,4.5247650146484375,
106.59999999999999,4.6908416748046875,
106.7,4.7828216552734375,
106.8,4.915679931640625,
106.90000000000001,5.1098556518554688,
107,5.2963714599609375,
107.09999999999999,5.485443115234375,
107.2,5.6438522338867188,
107.3,5.7486114501953125,
107.40000000000001,5.7690505981445312,
107.5,5.6821823120117188,
107.59999999999999,5.5109939575195312,
107.7,5.2146148681640625,
107.8,4.8185882568359375,
107.90000000000001,4.4941024780273438,
108,4.271820068359375,
108.09999999999999,4.0801925659179688,
108.2,3.9141159057617188,
108.3,3.7735977172851562,
108.40000000000001,3.6586227416992188,
108.5,3.571746826171875,
108.59999999999999,3.5155410766601562,
108.7,3.4772109985351562,
108.8,3.43377685546875,
108.90000000000001,3.3622360229492188,
109,3.3111419677734375,
109.09999999999999,3.32391357421875,
109.2,3.405670166015625,
109.3,3.5666427612304688,
109.40000000000001,3.7582626342773438,
109.5,3.9652175903320312,
109.59999999999999,4.1542892456054688,
109.7,4.2667083740234375,
109.8,4.3433609008789062,
109.90000000000001,4.4149017333984375,
110,4.5043258666992188,18.348625183105469
110.09999999999999,4.6601791381835938,
110.2,4.86968994140625,
110.3,5.12774658203125,
110.40000000000001,5.3883514404296875,
110.5,5.633636474609375,
110.59999999999999,5.8814697265625,
110.7,6.0756454467773438,
110.8,6.1497421264648438,
110.90000000000001,6.0705413818359375,
111,5.8584747314453125,
111.09999999999999,5.5978622436523438,
111.2,5.319366455078125,
111.3,5.0638656616210938,
111.40000000000001,4.8083724975585938,
111.5,4.50177001953125,
111.59999999999999,4.2207183837890625,
111.7,4.013763427734375,
111.8,3.847686767578125,
111.90000000000001,3.6790618896484375,
112,3.5385360717773438,
112.09999999999999,3.4644393920898438,
112.2,3.426116943359375,
112.3,3.4133377075195312,
112.40000000000001,3.4082260131835938,
112.5,3.39801025390625,
112.59999999999999,3.3954544067382812,
112.7,3.405670166015625,
112.8,3.4312210083007812,
112.90000000000001,3.479766845703125,
113,3.571746826171875,
113.09999999999999,3.7327117919921875,
113.2,3.9524459838867188,
113.3,4.2002792358398438,
113.40000000000001,4.4481124877929688,
113.5,4.6831741333007812,
113.59999999999999,4.9105682373046875,
113.7,5.1405181884765625,
113.8,5.3551406860351562,
113.90000000000001,5.4624481201171875,
114,5.4624481201171875,
114.09999999999999,5.411346435546875,
114.2,5.3040390014648438,
114.3,5.1788406372070312,
114.40000000000001,5.0792007446289062,
114.5,4.961669921875,
114.59999999999999,4.8032608032226562,
114.7,4.6014175415039062,
114.8,4.39190673828125,
114.90000000000001,4.2028350830078125,
115,3.9805526733398438,
115.09999999999999,3.7710418701171875,
115.2,3.6305160522460938,
115.3,3.5513076782226562,
115.40000000000001,3.5104293823242188,
115.5,3.4772109985351562,
115.59999999999999,3.4516677856445312,
115.7,3.4388885498046875,
115.8,3.4312210083007812,
115.90000000000001,3.426116943359375,
116,3.4082260131835938,
116.09999999999999,3.3622360229492188,
116.2,3.3443527221679688,
116.3,3.39801025390625,
116.40000000000001,3.5155410766601562,
116.5,3.6867218017578125,
116.59999999999999,3.8706817626953125,
116.7,4.0444259643554688,
116.8,4.2283859252929688,
116.90000000000001,4.4481124877929688,
117,4.68572998046875,
117.09999999999999,4.8850173950195312,
117.2,5.0664215087890625,
117.3,5.2861557006835938,
117.40000000000001,5.5672073364257812,
117.5,5.9019088745117188,
117.59999999999999,6.2059555053710938,
117.7,6.4435653686523438,
117.8,6.645416259765625,
117.90000000000001,6.8063812255859375,
118,6.9443511962890625,
118.09999999999999,7.0925369262695312,
118.2,7.1666336059570312,
118.3,7.0363311767578125,
118.40000000000001,6.6837387084960938,
118.5,6.2442779541015625,
118.59999999999999,5.8048171997070312,
118.7,5.3960189819335938,
118.8,5.0485382080078125,
118.90000000000001,4.7521591186523438,
119,4.4608917236328125,
119.09999999999999,4.1670608520507812,
119.2,3.921783447265625,
119.3,3.737823486328125,
119.40000000000001,3.6202926635742188,
119.5,3.571746826171875,
119.59999999999999,3.5308685302734375,
119.7,3.4951019287109375,
119.8,3.4491119384765625,
119.90000000000001,3.4107818603515625,
120,3.3928985595703125,18.058691024780273
120.09999999999999,3.352020263671875,
120.2,3.2983627319335938,
120.3,3.3111419677734375,
120.40000000000001,3.3954544067382812,
120.5,3.5206527709960938,
120.59999999999999,3.6432876586914062,
120.7,3.7838134765625,
120.8,3.9575576782226562,
120.90000000000001,4.1287384033203125,
121,4.2922592163085938,
121.09999999999999,4.445556640625,
121.2,4.5579757690429688,
121.3,4.6601791381835938,
121.40000000000001,4.7266082763671875,
121.5,4.7163925170898438,
121.59999999999999,4.6601791381835938,
121.7,4.5400924682617188,
121.8,4.3842391967773438,
121.90000000000001,4.2769317626953125,
122,4.20794677734375,
122.09999999999999,4.1210708618164062,
122.2,4.0060958862304688,
122.3,3.84002685546875,
122.40000000000001,3.6586227416992188,
122.5,3.5308685302734375,
122.59999999999999,3.4695510864257812,
122.7,3.39801025390625,
122.8,3.3085861206054688,
122.90000000000001,3.2702560424804688,
123,3.2830352783203125,
123.09999999999999,3.3724594116210938,
123.2,3.553863525390625,
123.3,3.7429351806640625,
123.40000000000001,3.9141159057617188,
123.5,4.1134109497070312,
123.59999999999999,4.3484725952148438,
123.7,4.6678466796875,
123.8,5.0664215087890625,
123.90000000000001,5.4598922729492188,
124,5.8610305786132812,
124.09999999999999,6.323486328125,
124.2,6.7884902954101562,
124.3,7.1845169067382812,
124.40000000000001,7.537109375,
124.5,7.7926101684570312,
124.59999999999999,7.8386001586914062,
124.7,7.7645034790039062,
124.8,7.5754318237304688,
124.90000000000001,7.2049560546875,
125,6.8447036743164062,
125.09999999999999,6.5866470336914062,
125.2,6.3643646240234375,
125.3,6.1241912841796875,
125.40000000000001,5.8763580322265625,
125.5,5.6847305297851562,
125.59999999999999,5.5161056518554688,
125.7,5.2887115478515625,
125.8,5.0025482177734375,
125.90000000000001,4.6678466796875,
126,4.3126983642578125,
126.09999999999999,3.9754409790039062,
126.2,3.6867218017578125,
126.3,3.5129852294921875,
126.40000000000001,3.50787353515625,
126.5,3.5283126831054688,
126.59999999999999,3.489990234375,
126.7,3.4491119384765625,
126.8,3.35968017578125,
126.90000000000001,3.2447052001953125,
127,3.1884994506835938,
127.09999999999999,3.1706161499023438,
127.2,3.1067352294921875,
127.3,3.0403060913085938,
127.40000000000001,2.9789886474609375,
127.5,2.9355545043945312,
127.59999999999999,2.95599365234375,
127.7,2.9815444946289062,
127.8,2.9968719482421875,
127.90000000000001,3.0888519287109375,
128,3.260040283203125,
128.09999999999999,3.479766845703125,
128.19999999999999,3.7046127319335938,
128.30000000000001,3.9243392944335938,
128.40000000000001,4.2002792358398438,
128.5,4.5222091674804688,
128.59999999999999,4.851806640625,
128.69999999999999,5.2146148681640625,
128.80000000000001,5.5799789428710938,
128.90000000000001,5.8686904907226562,
129,6.1011962890625,
129.09999999999999,6.3183746337890625,
129.19999999999999,6.4946670532226562,
129.30000000000001,6.6147537231445312,
129.40000000000001,6.7041778564453125,
129.5,6.7322845458984375,
129.59999999999999,6.69140625,
129.69999999999999,6.6275253295898438,
129.80000000000001,6.5738754272460938,
129.90000000000001,6.4359054565429688,
130,6.2698287963867188,14.17322826385498
130.09999999999999,6.1727371215820312,
130.19999999999999,6.0424346923828125,
130.30000000000001,5.8610305786132812,
130.40000000000001,5.7102813720703125,
130.5,5.4982223510742188,
130.59999999999999,5.3040390014648438,
130.69999999999999,5.265716552734375,
130.80000000000001,5.2018356323242188,
130.90000000000001,5.0051040649414062,
131,4.7266082763671875,
131.09999999999999,4.473663330078125,
131.19999999999999,4.2002792358398438,
131.30000000000001,3.9064559936523438,
131.40000000000001,3.702056884765625,
131.5,3.5564193725585938,
131.59999999999999,3.4644393920898438,
131.69999999999999,3.4465560913085938,
131.80000000000001,3.4746627807617188,
131.90000000000001,3.4848785400390625,
132,3.4465560913085938,
132.09999999999999,3.3724594116210938,
132.19999999999999,3.2906951904296875,
132.30000000000001,3.2268218994140625,
132.40000000000001,3.2114944458007812,
132.5,3.23193359375,
132.59999999999999,3.2396011352539062,
132.69999999999999,3.2191619873046875,
132.80000000000001,3.2012710571289062,
132.90000000000001,3.23193359375,
133,3.2830352783203125,
133.09999999999999,3.313690185546875,
133.19999999999999,3.3213577270507812,
133.30000000000001,3.4005661010742188,
133.40000000000001,3.719940185546875,
133.5,4.123626708984375,
133.59999999999999,4.3663558959960938,
133.69999999999999,4.5400924682617188,
133.80000000000001,4.7802658081054688,
133.90000000000001,5.0408706665039062,
134,5.283599853515625,
134.09999999999999,5.5161056518554688,
134.19999999999999,5.7205047607421875,
134.30000000000001,5.9300155639648438,
134.40000000000001,6.1267471313476562,
134.5,6.2442779541015625,
134.59999999999999,6.2723846435546875,
134.69999999999999,6.2289505004882812,
134.80000000000001,6.111419677734375,
134.90000000000001,5.8865814208984375,
135,5.5902023315429688,
135.09999999999999,5.2503814697265625,
135.19999999999999,4.9029006958007812,
135.30000000000001,4.6193008422851562,
135.40000000000001,4.363800048828125,
135.5,4.05975341796875,
135.59999999999999,3.755706787109375,
135.69999999999999,3.5436477661132812,
135.80000000000001,3.4235610961914062,
135.90000000000001,3.3494644165039062,
136,3.2932510375976562,
136.09999999999999,3.2651519775390625,
136.19999999999999,3.24981689453125,
136.30000000000001,3.2242660522460938,
136.40000000000001,3.1987152099609375,
136.5,3.1731719970703125,
136.59999999999999,3.1271820068359375,
136.69999999999999,3.0914077758789062,
136.80000000000001,3.083740234375,
136.90000000000001,3.0914077758789062,
137,3.1092910766601562,
137.09999999999999,3.1322860717773438,
137.19999999999999,3.150177001953125,
137.30000000000001,3.17572021484375,
137.40000000000001,3.2114944458007812,
137.5,3.2625961303710938,
137.59999999999999,3.3264694213867188,
137.69999999999999,3.3826751708984375,
137.80000000000001,3.4516677856445312,
137.90000000000001,3.5513076782226562,
138,3.6688385009765625,
138.09999999999999,3.7965927124023438,
138.19999999999999,3.9141159057617188,
138.30000000000001,4.02398681640625,
138.40000000000001,4.1491775512695312,
138.5,4.3024826049804688,
138.59999999999999,4.473663330078125,
138.69999999999999,4.6141891479492188,
138.80000000000001,4.713836669921875,
138.90000000000001,4.823699951171875,
139,4.9233474731445312,
139.09999999999999,5.0408706665039062,
139.19999999999999,5.1788406372070312,
139.30000000000001,5.2861557006835938,
139.40000000000001,5.393463134765625,
139.5,5.5109939575195312,
139.59999999999999,5.5569839477539062,
139.69999999999999,5.5058822631835938,
139.80000000000001,5.4190139770507812,
139.90000000000001,5.3091506958007812,
140,5.1558456420898438,12.517385482788086
140.09999999999999,5.0357666015625,
140.19999999999999,4.9642257690429688,
140.30000000000001,4.8773574829101562,
140.40000000000001,4.7700424194335938,
140.5,4.6474075317382812,
140.59999999999999,4.491546630859375,
140.69999999999999,4.307586669921875,
140.80000000000001,4.123626708984375,
140.90000000000001,3.94989013671875,
141,3.7914810180664062,
141.09999999999999,3.6611709594726562,
141.19999999999999,3.5257568359375,
141.30000000000001,3.3826751708984375,
141.40000000000001,3.295806884765625,
141.5,3.2625961303710938,
141.59999999999999,3.21405029296875,
141.69999999999999,3.1425094604492188,
141.80000000000001,3.0965194702148438,
141.90000000000001,3.083740234375,
142,3.093963623046875,
142.09999999999999,3.1144027709960938,
142.19999999999999,3.1373977661132812,
142.30000000000001,3.1884994506835938,
142.40000000000001,3.2677001953125,
142.5,3.3622360229492188,
142.59999999999999,3.4414443969726562,
142.69999999999999,3.4951019287109375,
142.80000000000001,3.5768585205078125,
142.90000000000001,3.7148284912109375,
143,3.9013442993164062,
143.09999999999999,4.0929718017578125,
143.19999999999999,4.2794876098632812,
143.30000000000001,4.4966583251953125,
143.40000000000001,4.7291641235351562,
143.5,4.9233474731445312,
143.59999999999999,5.081756591796875,
143.69999999999999,5.2503814697265625,
143.80000000000001,5.4241256713867188,
143.90000000000001,5.595306396484375,
144,5.761383056640625,
144.09999999999999,5.8891372680664062,
144.19999999999999,5.97344970703125,
144.30000000000001,6.0168838500976562,
144.40000000000001,6.0117721557617188,
144.5,5.9581222534179688,
144.59999999999999,5.909576416015625,
144.69999999999999,5.86358642578125,
144.80000000000001,5.78948974609375,
144.90000000000001,5.697509765625,
145,5.5339889526367188,
145.09999999999999,5.2580490112304688,
145.19999999999999,4.9591140747070312,
145.30000000000001,4.6448516845703125,
145.40000000000001,4.3024826049804688,
145.5,3.9754409790039062,
145.59999999999999,3.6790618896484375,
145.69999999999999,3.4669952392578125,
145.80000000000001,3.3494644165039062,
145.90000000000001,3.28814697265625,
146,3.2549285888671875,
146.09999999999999,3.2242660522460938,
146.19999999999999,3.2012710571289062,
146.30000000000001,3.185943603515625,
146.40000000000001,3.1706161499023438,
146.5,3.1731719970703125,
146.59999999999999,3.168060302734375,
146.69999999999999,3.1322860717773438,
146.80000000000001,3.1373977661132812,
146.90000000000001,3.221710205078125,
147,3.3622360229492188,
147.09999999999999,3.5334243774414062,
147.19999999999999,3.7506027221679688,
147.30000000000001,3.995880126953125,
147.40000000000001,4.225830078125,
147.5,4.4327850341796875,
147.59999999999999,4.6422958374023438,
147.69999999999999,4.8364715576171875,
147.80000000000001,4.97955322265625,
147.90000000000001,5.1021957397460938,
148,5.227386474609375,
148.09999999999999,5.32958984375,
148.19999999999999,5.449676513671875,
148.30000000000001,5.6208572387695312,
148.40000000000001,5.8303680419921875,
148.5,6.0858688354492188,
148.59999999999999,6.3541412353515625,
148.69999999999999,6.543212890625,
148.80000000000001,6.645416259765625,
148.90000000000001,6.8089370727539062,
149,7.0363311767578125,
149.09999999999999,7.2024002075195312,
149.19999999999999,7.3148269653320312,
149.30000000000001,7.3403701782226562,
149.40000000000001,7.3046035766601562,
149.5,7.2688369750976562,
149.59999999999999,7.1947402954101562,
149.69999999999999,7.049102783203125,
149.80000000000001,6.8421478271484375,
149.90000000000001,6.5789871215820312,
150,6.2902679443359375,12.165450096130371
150.09999999999999,5.9530105590820312,
150.19999999999999,5.6080856323242188,
150.30000000000001,5.3219223022460938,
150.40000000000001,5.0664215087890625,
150.5,4.8109207153320312,
150.59999999999999,4.5196533203125,
150.69999999999999,4.24371337890625,
150.80000000000001,4.0290908813476562,
150.90000000000001,3.811920166015625,
151,3.5845260620117188,
151.09999999999999,3.4031219482421875,
151.19999999999999,3.2728118896484375,
151.30000000000001,3.1910552978515625,
151.40000000000001,3.1527252197265625,
151.5,3.1271820068359375,
151.59999999999999,3.1092910766601562,
151.69999999999999,3.1195144653320312,
151.80000000000001,3.1348419189453125,
151.90000000000001,3.1220703125,
152,3.0709686279296875,
152.09999999999999,3.037750244140625,
152.19999999999999,3.0403060913085938,
152.30000000000001,3.0914077758789062,
152.40000000000001,3.2242660522460938,
152.5,3.4210052490234375,
152.59999999999999,3.6432876586914062,
152.69999999999999,3.8553543090820312,
152.80000000000001,4.0342025756835938,
152.90000000000001,4.2002792358398438,
153,4.3433609008789062,
153.09999999999999,4.4762191772460938,
153.19999999999999,4.6320724487304688,
153.30000000000001,4.7547149658203125,
153.40000000000001,4.7904815673828125,
153.5,4.7291641235351562,
153.59999999999999,4.5707550048828125,
153.69999999999999,4.3433609008789062,
153.80000000000001,4.0827484130859375,
153.90000000000001,3.8655776977539062,
154,3.702056884765625,
154.09999999999999,3.553863525390625,
154.19999999999999,3.4567718505859375,
154.30000000000001,3.4107818603515625,
154.40000000000001,3.3852310180664062,
154.5,3.3545761108398438,
154.59999999999999,3.3290252685546875,
154.69999999999999,3.3085861206054688,
154.80000000000001,3.295806884765625,
154.90000000000001,3.2855911254882812,
155,3.24981689453125,
155.09999999999999,3.1987152099609375,
155.19999999999999,3.1936111450195312,
155.30000000000001,3.260040283203125,
155.40000000000001,3.387786865234375,
155.5,3.5691909790039062,
155.59999999999999,3.7889251708984375,
155.69999999999999,4.0163192749023438,
155.80000000000001,4.2309417724609375,
155.90000000000001,4.48388671875,
156,4.8492507934570312,
156.09999999999999,5.265716552734375,
156.19999999999999,5.6719589233398438,
156.30000000000001,6.0909805297851562,
156.40000000000001,6.5100021362304688,
156.5,6.9034652709960938,
156.59999999999999,7.2279510498046875,
156.69999999999999,7.4630126953125,
156.80000000000001,7.6316452026367188,
156.90000000000001,7.7185134887695312,
157,7.7517318725585938,
157.09999999999999,7.7338409423828125,
157.19999999999999,7.6699676513671875,
157.30000000000001,7.5958709716796875,
157.40000000000001,7.509002685546875,
157.5,7.3531494140625,
157.59999999999999,7.0874252319335938,
157.69999999999999,6.7706069946289062,
157.80000000000001,6.5100021362304688,
157.90000000000001,6.2826004028320312,
158,5.963226318359375,
158.09999999999999,5.6080856323242188,
158.19999999999999,5.3244781494140625,
158.30000000000001,5.135406494140625,
158.40000000000001,4.9207916259765625,
158.5,4.6704025268554688,
158.59999999999999,4.445556640625,
158.69999999999999,4.2232742309570312,
158.80000000000001,4.0520858764648438,
158.90000000000001,3.9320068359375,
159,3.8093643188476562,
159.09999999999999,3.6867218017578125,
159.19999999999999,3.610076904296875,
159.30000000000001,3.6024093627929688,
159.40000000000001,3.6126327514648438,
159.5,3.6126327514648438,
159.59999999999999,3.6202926635742188,
159.69999999999999,3.6713943481445312,
159.80000000000001,3.7889251708984375,
159.90000000000001,3.9626617431640625,
160,4.123626708984375,11.11934757232666
160.09999999999999,4.2411575317382812,
160.19999999999999,4.3740158081054688,
160.30000000000001,4.5528717041015625,
160.40000000000001,4.7649307250976562,
160.5,4.9667816162109375,
160.59999999999999,5.1405181884765625,
160.69999999999999,5.283599853515625,
160.80000000000001,5.4036865234375,
160.90000000000001,5.595306396484375,
161,5.8022613525390625,
161.09999999999999,5.8967971801757812,
161.19999999999999,6.00921630859375,
161.30000000000001,6.23150634765625,
161.40000000000001,6.4461212158203125,
161.5,6.497222900390625,
161.59999999999999,6.497222900390625,
161.69999999999999,6.6224212646484375,
161.80000000000001,6.7067337036132812,
161.90000000000001,6.645416259765625,
162,6.5738754272460938,
162.09999999999999,6.5662078857421875,
162.19999999999999,6.6147537231445312,
162.30000000000001,6.7144012451171875,
162.40000000000001,6.8344802856445312,
162.5,6.8906936645507812,
162.59999999999999,6.8676986694335938,
162.69999999999999,6.8242645263671875,
162.80000000000001,6.7782745361328125,
162.90000000000001,6.69140625,
163,6.6198654174804688,
163.09999999999999,6.5968704223632812,
163.19999999999999,6.5559921264648438,
163.30000000000001,6.4997787475585938,
163.40000000000001,6.461456298828125,
163.5,6.41546630859375,
163.59999999999999,6.34136962890625,
163.69999999999999,6.2442779541015625,
163.80000000000001,6.129302978515625,
163.90000000000001,5.9427871704101562,
164,5.6668472290039062,
164.09999999999999,5.3449172973632812,
164.19999999999999,4.9974365234375,
164.30000000000001,4.6422958374023438,
164.40000000000001,4.3305816650390625,
164.5,4.1517333984375,
164.59999999999999,4.0623092651367188,
164.69999999999999,3.9677734375,
164.80000000000001,3.8630218505859375,
164.90000000000001,3.7991409301757812,
165,3.7633743286132812,
165.09999999999999,3.7148284912109375,
165.19999999999999,3.6611709594726562,
165.30000000000001,3.6611709594726562,
165.40000000000001,3.719940185546875,
165.5,3.8272476196289062,
165.59999999999999,3.977996826171875,
165.69999999999999,4.0980758666992188,
165.80000000000001,4.2283859252929688,
165.90000000000001,4.4481124877929688,
166,4.7393875122070312,
166.09999999999999,5.0485382080078125,
166.19999999999999,5.4062423706054688,
166.30000000000001,5.8227005004882812,
166.40000000000001,6.1676254272460938,
166.5,6.4001312255859375,
166.59999999999999,6.6147537231445312,
166.69999999999999,6.7603912353515625,
166.80000000000001,6.8881378173828125,
166.90000000000001,7.169189453125,
167,7.3787002563476562,
167.09999999999999,7.399139404296875,
167.19999999999999,7.4246902465820312,
167.30000000000001,7.4885635375976562,
167.40000000000001,7.618865966796875,
167.5,7.6827468872070312,
167.59999999999999,7.491119384765625,
167.69999999999999,7.1615219116210938,
167.80000000000001,6.8242645263671875,
167.90000000000001,6.5023345947265625,
168,6.1599655151367188,
168.09999999999999,5.8584747314453125,
168.19999999999999,5.4777755737304688,
168.30000000000001,4.9105682373046875,
168.40000000000001,4.4608917236328125,
168.5,4.2309417724609375,
168.59999999999999,4.0725326538085938,
168.69999999999999,3.9345626831054688,
168.80000000000001,3.811920166015625,
168.90000000000001,3.7071609497070312,
169,3.6356277465820312,
169.09999999999999,3.610076904296875,
169.19999999999999,3.5640869140625,
169.30000000000001,3.4542160034179688,
169.40000000000001,3.369903564453125,
169.5,3.3673477172851562,
169.59999999999999,3.3826751708984375,
169.69999999999999,3.3647918701171875,
169.80000000000001,3.35968017578125,
169.90000000000001,3.39801025390625,
170,3.4491119384765625,10.371650695800781
170.09999999999999,3.5232009887695312,
170.19999999999999,3.6126327514648438,
170.30000000000001,3.7276077270507812,
170.40000000000001,3.8732376098632812,
170.5,4.0623092651367188,
170.59999999999999,4.2667083740234375,
170.69999999999999,4.5043258666992188,
170.80000000000001,4.7777099609375,
170.90000000000001,4.9974365234375,
171,5.117523193359375,
171.09999999999999,5.2938156127929688,
171.19999999999999,5.5850906372070312,
171.30000000000001,5.8891372680664062,
171.40000000000001,6.1548538208007812,
171.5,6.3950271606445312,
171.59999999999999,6.6275253295898438,
171.69999999999999,6.78338623046875,
171.80000000000001,6.7629470825195312,
171.90000000000001,6.52532958984375,
172,6.1804046630859375,
172.09999999999999,5.8482513427734375,
172.19999999999999,5.5723114013671875,
172.30000000000001,5.3398056030273438,
172.40000000000001,5.0868606567382812,
172.5,4.8083724975585938,
172.59999999999999,4.5784225463867188,
172.69999999999999,4.399566650390625,
172.80000000000001,4.2130508422851562,
172.90000000000001,4.0188751220703125,
173,3.8425827026367188,
173.09999999999999,3.69183349609375,
173.19999999999999,3.5845260620117188,
173.30000000000001,3.5027618408203125,
173.40000000000001,3.444000244140625,
173.5,3.4133377075195312,
173.59999999999999,3.3750152587890625,
173.69999999999999,3.3315811157226562,
173.80000000000001,3.2983627319335938,
173.90000000000001,3.242156982421875,
174,3.1833877563476562,
174.09999999999999,3.1655044555664062,
174.19999999999999,3.1884994506835938,
174.30000000000001,3.24981689453125,
174.40000000000001,3.334136962890625,
174.5,3.4465560913085938,
174.59999999999999,3.5768585205078125,
174.69999999999999,3.7148284912109375,
174.80000000000001,3.8604660034179688,
174.90000000000001,4.0060958862304688,
175,4.1364059448242188,
175.09999999999999,4.2999267578125,
175.19999999999999,4.5068817138671875,
175.30000000000001,4.7393875122070312,
175.40000000000001,4.9872207641601562,
175.5,5.2248306274414062,
175.59999999999999,5.449676513671875,
175.69999999999999,5.6540756225585938,
175.80000000000001,5.8278121948242188,
175.90000000000001,5.95556640625,
176,6.0347671508789062,
176.09999999999999,6.1267471313476562,
176.19999999999999,6.26727294921875,
176.30000000000001,6.3490371704101562,
176.40000000000001,6.3107070922851562,
176.5,6.2417221069335938,
176.59999999999999,6.239166259765625,
176.69999999999999,6.2723846435546875,
176.80000000000001,6.2723846435546875,
176.90000000000001,6.2442779541015625,
177,6.2417221069335938,
177.09999999999999,6.239166259765625,
177.19999999999999,6.1778488159179688,
177.30000000000001,6.1037521362304688,
177.40000000000001,5.9990005493164062,
177.5,5.8201522827148438,
177.59999999999999,5.6361923217773438,
177.69999999999999,5.4266815185546875,
177.80000000000001,5.1532974243164062,
177.90000000000001,4.8671340942382812,
178,4.6141891479492188,
178.09999999999999,4.399566650390625,
178.19999999999999,4.215606689453125,
178.30000000000001,4.0546417236328125,
178.40000000000001,3.8962326049804688,
178.5,3.7531509399414062,
178.59999999999999,3.6381759643554688,
178.69999999999999,3.5564193725585938,
178.80000000000001,3.461883544921875,
178.90000000000001,3.3469085693359375,
179,3.2677001953125,
179.09999999999999,3.2293777465820312,
179.19999999999999,3.2166061401367188,
179.30000000000001,3.2191619873046875,
179.40000000000001,3.2114944458007812,
179.5,3.1910552978515625,
179.59999999999999,3.2089385986328125,
179.69999999999999,3.2702560424804688,
179.80000000000001,3.3647918701171875,
179.90000000000001,3.4874343872070312,
180,3.6483993530273438,11.415525436401367
180.09999999999999,3.847686767578125,
180.19999999999999,4.0444259643554688,
180.30000000000001,4.2386016845703125,
180.40000000000001,4.4430007934570312,
180.5,4.6422958374023438,
180.59999999999999,4.8262557983398438,
180.69999999999999,4.9872207641601562,
180.80000000000001,5.12774658203125,
180.90000000000001,5.2222824096679688,
181,5.2606048583984375,
181.09999999999999,5.2606048583984375,
181.19999999999999,5.265716552734375,
181.30000000000001,5.3321456909179688,
181.40000000000001,5.3985748291015625,
181.5,5.4598922729492188,
181.59999999999999,5.5467605590820312,
181.69999999999999,5.5672073364257812,
181.80000000000001,5.4828872680664062,
181.90000000000001,5.2861557006835938,
182,4.9540023803710938,
182.09999999999999,4.6039657592773438,
182.19999999999999,4.3561325073242188,
182.30000000000001,4.1542892456054688,
182.40000000000001,3.9652175903320312,
182.5,3.80169677734375,
182.59999999999999,3.663726806640625,
182.69999999999999,3.5513076782226562,
182.80000000000001,3.4286651611328125,
182.90000000000001,3.3034744262695312,
183,3.2191619873046875,
183.09999999999999,3.185943603515625,
183.19999999999999,3.185943603515625,
183.30000000000001,3.1961669921875,
183.40000000000001,3.2063827514648438,
183.5,3.21405029296875,
183.59999999999999,3.2242660522460938,
183.69999999999999,3.2344894409179688,
183.80000000000001,3.2268218994140625,
183.90000000000001,3.2344894409179688,
184,3.2753677368164062,
184.09999999999999,3.352020263671875,
184.19999999999999,3.43377685546875,
184.30000000000001,3.5461959838867188,
184.40000000000001,3.755706787109375,
184.5,4.0214309692382812,
184.59999999999999,4.289703369140625,
184.69999999999999,4.5196533203125,
184.80000000000001,4.6704025268554688,
184.90000000000001,4.731719970703125,
185,4.7368316650390625,
185.09999999999999,4.72149658203125,
185.19999999999999,4.713836669921875,
185.30000000000001,4.6985015869140625,
185.40000000000001,4.6448516845703125,
185.5,4.5809707641601562,
185.59999999999999,4.4481124877929688,
185.69999999999999,4.1670608520507812,
185.80000000000001,3.84002685546875,
185.90000000000001,3.5972976684570312,
186,3.4465560913085938,
186.09999999999999,3.3494644165039062,
186.19999999999999,3.2906951904296875,
186.30000000000001,3.24981689453125,
186.40000000000001,3.2114944458007812,
186.5,3.1936111450195312,
186.59999999999999,3.1987152099609375,
186.69999999999999,3.1936111450195312,
186.80000000000001,3.1578369140625,
186.90000000000001,3.1169586181640625,
187,3.1092910766601562,
187.09999999999999,3.1271820068359375,
187.19999999999999,3.1527252197265625,
187.30000000000001,3.185943603515625,
187.40000000000001,3.21405029296875,
187.5,3.2268218994140625,
187.59999999999999,3.2370452880859375,
187.69999999999999,3.277923583984375,
187.80000000000001,3.3622360229492188,
187.90000000000001,3.4925460815429688,
188,3.69183349609375,
188.09999999999999,3.9371109008789062,
188.19999999999999,4.2207183837890625,
188.30000000000001,4.5579757690429688,
188.40000000000001,4.961669921875,
188.5,5.3244781494140625,
188.59999999999999,5.5646514892578125,
188.69999999999999,5.725616455078125,
188.80000000000001,5.7971572875976562,
188.90000000000001,5.8482513427734375,
189,5.9606704711914062,
189.09999999999999,6.1599655151367188,
189.19999999999999,6.4384613037109375,
189.30000000000001,6.7118453979492188,
189.40000000000001,6.9315719604492188,
189.5,7.1027603149414062,
189.59999999999999,7.2024002075195312,
189.69999999999999,7.2994918823242188,
189.80000000000001,7.4757919311523438,
189.90000000000001,7.4221343994140625,
190,6.9417953491210938,10.980966567993164
190.09999999999999,6.4461212158203125,
190.19999999999999,6.1088638305664062,
190.30000000000001,5.8022613525390625,
190.40000000000001,5.5237655639648438,
190.5,5.3398056030273438,
190.59999999999999,5.2759323120117188,
190.69999999999999,5.191619873046875,
190.80000000000001,5.0383224487304688,
190.90000000000001,4.8850173950195312,
191,4.731719970703125,
191.09999999999999,4.5809707641601562,
191.19999999999999,4.455780029296875,
191.30000000000001,4.3382492065429688,
191.40000000000001,4.2462692260742188,
191.5,4.1415176391601562,
191.59999999999999,4.0060958862304688,
191.69999999999999,3.9626617431640625,
191.80000000000001,3.8885726928710938,
191.90000000000001,3.7250518798828125,
192,3.6356277465820312,
192.09999999999999,3.5308685302734375,
192.19999999999999,3.3724594116210938,
192.30000000000001,3.2753677368164062,
192.40000000000001,3.2702560424804688,
192.5,3.2702560424804688,
192.59999999999999,3.2549285888671875,
192.69999999999999,3.24981689453125,
192.80000000000001,3.24981689453125,
192.90000000000001,3.2370452880859375,
193,3.221710205078125,
193.09999999999999,3.1987152099609375,
193.19999999999999,3.1782760620117188,
193.30000000000001,3.1987152099609375,
193.40000000000001,3.2268218994140625,
193.5,3.203826904296875,
193.59999999999999,3.2012710571289062,
193.69999999999999,3.2396011352539062,
193.80000000000001,3.2753677368164062,
193.90000000000001,3.334136962890625,
194,3.4542160034179688,
194.09999999999999,3.6330718994140625,
194.19999999999999,3.8604660034179688,
194.30000000000001,4.115966796875,
194.40000000000001,4.3689117431640625,
194.5,4.6320724487304688,
194.59999999999999,4.9105682373046875,
194.69999999999999,5.135406494140625,
194.80000000000001,5.2324981689453125,
194.90000000000001,5.3347015380859375,
195,5.5161056518554688,
195.09999999999999,5.651519775390625,
195.19999999999999,5.725616455078125,
195.30000000000001,5.7716064453125,
195.40000000000001,5.807373046875,
195.5,5.78948974609375,
195.59999999999999,5.7051773071289062,
195.69999999999999,5.5927505493164062,
195.80000000000001,5.4368972778320312,
195.90000000000001,5.2503814697265625,
196,5.0408706665039062,
196.09999999999999,4.8262557983398438,
196.19999999999999,4.6371841430664062,
196.30000000000001,4.445556640625,
196.40000000000001,4.2462692260742188,
196.5,4.1006317138671875,
196.59999999999999,3.8962326049804688,
196.69999999999999,3.645843505859375,
196.80000000000001,3.4516677856445312,
196.90000000000001,3.3469085693359375,
197,3.2830352783203125,
197.09999999999999,3.2523727416992188,
197.19999999999999,3.2191619873046875,
197.30000000000001,3.17572021484375,
197.40000000000001,3.1450653076171875,
197.5,3.129730224609375,
197.59999999999999,3.1195144653320312,
197.69999999999999,3.1169586181640625,
197.80000000000001,3.093963623046875,
197.90000000000001,3.058197021484375,
198,3.0684127807617188,
198.09999999999999,3.1527252197265625,
198.19999999999999,3.3034744262695312,
198.30000000000001,3.4644393920898438,
198.40000000000001,3.6228485107421875,
198.5,3.8042526245117188,
198.59999999999999,3.9933242797851562,
198.69999999999999,4.1849517822265625,
198.80000000000001,4.3765716552734375,
198.90000000000001,4.5247650146484375,
199,4.6141891479492188,
199.09999999999999,4.6933975219726562,
199.19999999999999,4.8364715576171875,
199.30000000000001,5.0229873657226562,
199.40000000000001,5.1609573364257812,
199.5,5.2427215576171875,
199.59999999999999,5.3500289916992188,
199.69999999999999,5.5391006469726562,
199.80000000000001,5.7690505981445312,
199.90000000000001,5.9683380126953125,
200,6.0398788452148438,10.630758285522461
200.09999999999999,6.00921630859375,
200.19999999999999,6.001556396484375,
200.30000000000001,6.019439697265625,
200.40000000000001,5.9990005493164062,
200.5,5.9376754760742188,
200.59999999999999,5.835479736328125,
200.69999999999999,5.687286376953125,
200.80000000000001,5.5288772583007812,
200.90000000000001,5.3628005981445312,
201,5.1507415771484375,
201.09999999999999,4.9182357788085938,
201.19999999999999,4.72149658203125,
201.30000000000001,4.5400924682617188,
201.40000000000001,4.3561325073242188,
201.5,4.1900558471679688,
201.59999999999999,4.0265426635742188,
201.69999999999999,3.84002685546875,
201.80000000000001,3.61773681640625,
201.90000000000001,3.4133377075195312,
202,3.28814697265625,
202.09999999999999,3.2268218994140625,
202.19999999999999,3.1936111450195312,
202.30000000000001,3.1603927612304688,
202.40000000000001,3.1246261596679688,
202.5,3.093963623046875,
202.59999999999999,3.0786361694335938,
202.69999999999999,3.076080322265625,
202.80000000000001,3.0684127807617188,
202.90000000000001,3.0352020263671875,
203,2.9994277954101562,
203.09999999999999,3.0096511840820312,
203.19999999999999,3.0735244750976562,
203.30000000000001,3.1782760620117188,
203.40000000000001,3.295806884765625,
203.5,3.4107818603515625,
203.59999999999999,3.5027618408203125,
203.69999999999999,3.5640869140625,
203.80000000000001,3.5947418212890625,
203.90000000000001,3.5666427612304688,
204,3.4874343872070312,
204.09999999999999,3.405670166015625,
204.19999999999999,3.3571319580078125,
204.30000000000001,3.3366851806640625,
204.40000000000001,3.3366851806640625,
204.5,3.3366851806640625,
204.59999999999999,3.3290252685546875,
204.69999999999999,3.3111419677734375,
204.80000000000001,3.28814697265625,
204.90000000000001,3.2702560424804688,
205,3.2370452880859375,
205.09999999999999,3.185943603515625,
205.19999999999999,3.1603927612304688,
205.30000000000001,3.1552810668945312,
205.40000000000001,3.1552810668945312,
205.5,3.1476211547851562,
205.59999999999999,3.1348419189453125,
205.69999999999999,3.1220703125,
205.80000000000001,3.1169586181640625,
205.90000000000001,3.1322860717773438,
206,3.1578369140625,
206.09999999999999,3.203826904296875,
206.19999999999999,3.2906951904296875,
206.30000000000001,3.426116943359375,
206.40000000000001,3.6483993530273438,
206.5,3.8936767578125,
206.59999999999999,4.1134109497070312,
206.69999999999999,4.3484725952148438,
206.80000000000001,4.5809707641601562,
206.90000000000001,4.8211441040039062,
207,5.08941650390625,
207.09999999999999,5.3449172973632812,
207.19999999999999,5.5518722534179688,
207.30000000000001,5.725616455078125,
207.40000000000001,5.8814697265625,
207.5,5.9938888549804688,
207.59999999999999,6.055206298828125,
207.69999999999999,6.0449905395507812,
207.80000000000001,5.9044647216796875,
207.90000000000001,5.6617355346679688,
208,5.3781356811523438,
208.09999999999999,5.081756591796875,
208.19999999999999,4.8032608032226562,
208.30000000000001,4.5579757690429688,
208.40000000000001,4.3203659057617188,
208.5,4.0904159545898438,
208.59999999999999,3.8706817626953125,
208.69999999999999,3.6739501953125,
208.80000000000001,3.489990234375,
208.90000000000001,3.3315811157226562,
209,3.2242660522460938,
209.09999999999999,3.1552810668945312,
209.19999999999999,3.1144027709960938,
209.30000000000001,3.1067352294921875,
209.40000000000001,3.1271820068359375,
209.5,3.1220703125,
209.59999999999999,3.0965194702148438,
209.69999999999999,3.0965194702148438,
209.80000000000001,3.0862960815429688,
209.90000000000001,3.0428619384765625,
210,3.0147552490234375,9.2449922561645508
210.09999999999999,3.0326461791992188,
210.19999999999999,3.10418701171875,
210.30000000000001,3.2677001953125,
210.40000000000001,3.5283126831054688,
210.5,3.8221359252929688,
210.59999999999999,4.087860107421875,
210.69999999999999,4.3203659057617188,
210.80000000000001,4.5503158569335938,
210.90000000000001,4.7802658081054688,
211,5.0459823608398438,
211.09999999999999,5.3628005981445312,
211.19999999999999,5.6923980712890625,
211.30000000000001,6.0424346923828125,
211.40000000000001,6.41546630859375,
211.5,6.7808303833007812,
211.59999999999999,7.066986083984375,
211.69999999999999,7.123199462890625,
211.80000000000001,6.8855819702148438,
211.90000000000001,6.5278854370117188,
212,6.1650772094726562,
212.09999999999999,5.7997055053710938,
212.19999999999999,5.5339889526367188,
212.30000000000001,5.31170654296875,
212.40000000000001,5.0102157592773438,
212.5,4.6627349853515625,
212.59999999999999,4.3331375122070312,
212.69999999999999,4.0980758666992188,
212.80000000000001,3.9805526733398438,
212.90000000000001,3.9090118408203125,
213,3.8272476196289062,
213.09999999999999,3.719940185546875,
213.19999999999999,3.6228485107421875,
213.30000000000001,3.5308685302734375,
213.40000000000001,3.4388885498046875,
213.5,3.380126953125,
213.59999999999999,3.3009185791015625,
213.69999999999999,3.2063827514648438,
213.80000000000001,3.2089385986328125,
213.90000000000001,3.2549285888671875,
214,3.2523727416992188,
214.09999999999999,3.2293777465820312,
214.19999999999999,3.23193359375,
214.30000000000001,3.2677001953125,
214.40000000000001,3.3392410278320312,
214.5,3.4388885498046875,
214.59999999999999,3.5794143676757812,
214.69999999999999,3.7633743286132812,
214.80000000000001,3.977996826171875,
214.90000000000001,4.1900558471679688,
215,4.3740158081054688,
215.09999999999999,4.57586669921875,
215.19999999999999,4.7777099609375,
215.30000000000001,4.9565582275390625,
215.40000000000001,5.1532974243164062,
215.5,5.3909072875976562,
215.59999999999999,5.5902023315429688,
215.69999999999999,5.67962646484375,
215.80000000000001,5.7409439086914062,
215.90000000000001,5.8099288940429688,
216,5.8584747314453125,
216.09999999999999,5.9197921752929688,
216.19999999999999,5.9530105590820312,
216.30000000000001,5.9325714111328125,
216.40000000000001,5.9019088745117188,
216.5,5.8405914306640625,
216.59999999999999,5.6668472290039062,
216.69999999999999,5.4190139770507812,
216.80000000000001,5.1405181884765625,
216.90000000000001,4.8390274047851562,
217,4.5911941528320312,
217.09999999999999,4.3970108032226562,
217.19999999999999,4.2283859252929688,
217.30000000000001,4.0674209594726562,
217.40000000000001,3.8885726928710938,
217.5,3.7046127319335938,
217.59999999999999,3.535980224609375,
217.69999999999999,3.3724594116210938,
217.80000000000001,3.24981689453125,
217.90000000000001,3.1884994506835938,
218,3.1603927612304688,
218.09999999999999,3.1527252197265625,
218.19999999999999,3.1450653076171875,
218.30000000000001,3.1450653076171875,
218.40000000000001,3.1527252197265625,
218.5,3.1629486083984375,
218.59999999999999,3.1527252197265625,
218.69999999999999,3.0965194702148438,
218.80000000000001,3.0326461791992188,
218.90000000000001,3.0352020263671875,
219,3.1016311645507812,
219.09999999999999,3.2114944458007812,
219.19999999999999,3.3392410278320312,
219.30000000000001,3.461883544921875,
219.40000000000001,3.6049652099609375,
219.5,3.7838134765625,
219.59999999999999,3.9728851318359375,
219.69999999999999,4.1415176391601562,
219.80000000000001,4.2845916748046875,
219.90000000000001,4.4021224975585938,
220,4.5605316162109375,11.459129333496094
220.09999999999999,4.7879257202148438,
220.19999999999999,5.0178756713867188,
220.30000000000001,5.2350540161132812,
220.40000000000001,5.4420089721679688,
220.5,5.6208572387695312,
220.59999999999999,5.7307205200195312,
220.69999999999999,5.7460556030273438,
220.80000000000001,5.7077255249023438,
220.90000000000001,5.6234130859375,
221,5.4598922729492188,
221.09999999999999,5.2989273071289062,
221.19999999999999,5.2222824096679688,
221.30000000000001,5.12774658203125,
221.40000000000001,4.8952407836914062,
221.5,4.5630874633789062,
221.59999999999999,4.2283859252929688,
221.69999999999999,3.9013442993164062,
221.80000000000001,3.6202926635742188,
221.90000000000001,3.4465560913085938,
222,3.3622360229492188,
222.09999999999999,3.3085861206054688,
222.19999999999999,3.260040283203125,
222.30000000000001,3.242156982421875,
222.40000000000001,3.2293777465820312,
222.5,3.221710205078125,
222.59999999999999,3.2114944458007812,
222.69999999999999,3.1578369140625,
222.80000000000001,3.1144027709960938,
222.90000000000001,3.1092910766601562,
223,3.1527252197265625,
223.09999999999999,3.242156982421875,
223.19999999999999,3.3571319580078125,
223.30000000000001,3.4874343872070312,
223.40000000000001,3.6024093627929688,
223.5,3.7301559448242188,
223.59999999999999,3.921783447265625,
223.69999999999999,4.1210708618164062,
223.80000000000001,4.2922592163085938,
223.90000000000001,4.5400924682617188,
224,4.8901290893554688,
224.09999999999999,5.2631607055664062,
224.19999999999999,5.5467605590820312,
224.30000000000001,5.7102813720703125,
224.40000000000001,5.8610305786132812,
224.5,5.9836654663085938,
224.59999999999999,6.0449905395507812,
224.69999999999999,6.0501022338867188,
224.80000000000001,5.9478988647460938,
224.90000000000001,5.7767105102539062,
225,5.633636474609375,
225.09999999999999,5.5339889526367188,
225.19999999999999,5.4343414306640625,
225.30000000000001,5.3321456909179688,
225.40000000000001,5.1788406372070312,
225.5,4.8824615478515625,
225.59999999999999,4.57586669921875,
225.69999999999999,4.3382492065429688,
225.80000000000001,4.0904159545898438,
225.90000000000001,3.8936767578125,
226,3.7608184814453125,
226.09999999999999,3.663726806640625,
226.19999999999999,3.5947418212890625,
226.30000000000001,3.4976577758789062,
226.40000000000001,3.43377685546875,
226.5,3.4312210083007812,
226.59999999999999,3.4184494018554688,
226.69999999999999,3.3775711059570312,
226.80000000000001,3.3315811157226562,
226.90000000000001,3.2906951904296875,
227,3.2728118896484375,
227.09999999999999,3.295806884765625,
227.19999999999999,3.3366851806640625,
227.30000000000001,3.387786865234375,
227.40000000000001,3.4491119384765625,
227.5,3.5232009887695312,
227.59999999999999,3.61773681640625,
227.69999999999999,3.702056884765625,
227.80000000000001,3.8093643188476562,
227.90000000000001,3.9805526733398438,
228,4.16961669921875,
228.09999999999999,4.3382492065429688,
228.19999999999999,4.5196533203125,
228.30000000000001,4.5860824584960938,
228.40000000000001,4.4225616455078125,
228.5,4.4327850341796875,
228.59999999999999,4.7189407348632812,
228.69999999999999,4.9769973754882812,
228.80000000000001,5.1890640258789062,
228.90000000000001,5.4624481201171875,
229,5.8329238891601562,
229.09999999999999,6.203399658203125,
229.19999999999999,6.5304412841796875,
229.30000000000001,6.8855819702148438,
229.40000000000001,7.3173751831054688,
229.5,7.81304931640625,
229.59999999999999,8.3521499633789062,
229.69999999999999,8.9704666137695312,
229.80000000000001,9.65264892578125,
229.90000000000001,10.230079650878906,
230,10.730857849121094,3.2751090526580811
230.09999999999999,11.239303588867188,
230.19999999999999,11.407936096191406,
230.30000000000001,11.395156860351562,
230.40000000000001,11.709426879882812,
230.5,12.233200073242188,
230.59999999999999,12.588340759277344,
230.69999999999999,12.882171630859375,
230.80000000000001,13.354843139648438,
230.90000000000001,13.551582336425781,
231,13.14788818359375,
231.09999999999999,12.458038330078125,
231.19999999999999,11.696647644042969,
231.30000000000001,10.822837829589844,
231.40000000000001,10.092109680175781,
231.5,9.6322097778320312,
231.59999999999999,9.2821731567382812,
231.69999999999999,8.9730224609375,
231.80000000000001,8.6919708251953125,
231.90000000000001,8.4262466430664062,
232,8.1477508544921875,
232.09999999999999,7.8564834594726562,
232.19999999999999,7.5319976806640625,
232.30000000000001,7.1487503051757812,
232.40000000000001,6.8063812255859375,
232.5,6.5048904418945312,
232.59999999999999,6.1548538208007812,
232.69999999999999,5.8124847412109375,
232.80000000000001,5.5697555541992188,
232.90000000000001,5.439453125,
233,5.3423614501953125,
233.09999999999999,5.181396484375,
233.19999999999999,5.0153274536132812,
233.30000000000001,4.9284515380859375,
233.40000000000001,4.8262557983398438,
233.5,4.6193008422851562,
233.59999999999999,4.3229217529296875,
233.69999999999999,4.0520858764648438,
233.80000000000001,3.8527984619140625,
233.90000000000001,3.755706787109375,
234,3.7684860229492188,
234.09999999999999,3.7735977172851562,
234.19999999999999,3.7071609497070312,
234.30000000000001,3.6305160522460938,
234.40000000000001,3.6024093627929688,
234.5,3.5615310668945312,
234.59999999999999,3.5053176879882812,
234.69999999999999,3.4567718505859375,
234.80000000000001,3.405670166015625,
234.90000000000001,3.3622360229492188,
235,3.352020263671875,
235.09999999999999,3.3750152587890625,
235.19999999999999,3.3750152587890625,
235.30000000000001,3.369903564453125,
235.40000000000001,3.387786865234375,
235.5,3.4031219482421875,
235.59999999999999,3.43377685546875,
235.69999999999999,3.4823226928710938,
235.80000000000001,3.5206527709960938,
235.90000000000001,3.571746826171875,
236,3.6816177368164062,
236.09999999999999,3.847686767578125,
236.19999999999999,4.0495376586914062,
236.30000000000001,4.2820358276367188,
236.40000000000001,4.529876708984375,
236.5,4.749603271484375,
236.59999999999999,4.9463424682617188,
236.69999999999999,5.135406494140625,
236.80000000000001,5.32958984375,
236.90000000000001,5.5467605590820312,
237,5.7383880615234375,
237.09999999999999,5.9146804809570312,
237.19999999999999,6.1063079833984375,
237.30000000000001,6.295379638671875,
237.40000000000001,6.4870071411132812,
237.5,6.6377487182617188,
237.59999999999999,6.7067337036132812,
237.69999999999999,6.7936019897460938,
237.80000000000001,6.9188003540039062,
237.90000000000001,7.0107803344726562,
238,7.049102783203125,
238.09999999999999,7.0542144775390625,
238.19999999999999,7.0720977783203125,
238.30000000000001,7.1487503051757812,
238.40000000000001,7.215179443359375,
238.5,7.197296142578125,
238.59999999999999,7.1359710693359375,
238.69999999999999,7.0823211669921875,
238.80000000000001,7.0567703247070312,
238.90000000000001,7.0235519409179688,
239,6.9520111083984375,
239.09999999999999,6.9034652709960938,
239.19999999999999,6.8523712158203125,
239.30000000000001,6.7757186889648438,
239.40000000000001,6.7476119995117188,
239.5,6.7578353881835938,
239.59999999999999,6.755279541015625,
239.69999999999999,6.7425003051757812,
239.80000000000001,6.7144012451171875,
239.90000000000001,6.6760711669921875,
240,6.6377487182617188,0
240.09999999999999,6.59942626953125,
240.19999999999999,6.5406570434570312,
240.30000000000001,6.4461212158203125,
240.40000000000001,6.3388137817382812,
240.5,6.2621612548828125,
240.59999999999999,6.1957321166992188,
240.69999999999999,6.1241912841796875,
240.80000000000001,6.0501022338867188,
240.90000000000001,5.9376754760742188,
241,5.779266357421875,
241.09999999999999,5.5697555541992188,
241.19999999999999,5.3142623901367188,
241.30000000000001,5.08941650390625,
241.40000000000001,4.9003524780273438,
241.5,4.7087249755859375,
241.59999999999999,4.4864425659179688,
241.69999999999999,4.2743759155273438,
241.80000000000001,4.0929718017578125,
241.90000000000001,3.9243392944335938,
242,3.794036865234375,
242.09999999999999,3.6892776489257812,
242.19999999999999,3.58197021484375,
242.30000000000001,3.4823226928710938,
242.40000000000001,3.426116943359375,
242.5,3.4133377075195312,
242.59999999999999,3.405670166015625,
242.69999999999999,3.3545761108398438,
242.80000000000001,3.2855911254882812,
242.90000000000001,3.2728118896484375,
243,3.2983627319335938,
243.09999999999999,3.35968017578125,
243.19999999999999,3.4516677856445312,
243.30000000000001,3.5410919189453125,
243.40000000000001,3.6330718994140625,
243.5,3.7684860229492188,
243.59999999999999,3.977996826171875,
243.69999999999999,4.1542892456054688,
243.80000000000001,4.2462692260742188,
243.90000000000001,4.345916748046875,
244,4.4992141723632812,
244.09999999999999,4.6806182861328125,
244.19999999999999,4.8313674926757812,
244.30000000000001,4.9361190795898438,
244.40000000000001,4.9948806762695312,
244.5,5.0127716064453125,
244.59999999999999,4.9948806762695312,
244.69999999999999,4.915679931640625,
244.80000000000001,4.8160324096679688,
244.90000000000001,4.7189407348632812,
245,4.6039657592773438,
245.09999999999999,4.5119857788085938,
245.19999999999999,4.4404525756835938,
245.30000000000001,4.35357666015625,
245.40000000000001,4.2283859252929688,
245.5,4.0853042602539062,
245.59999999999999,3.9268951416015625,
245.69999999999999,3.7531509399414062,
245.80000000000001,3.5896377563476562,
245.90000000000001,3.4976577758789062,
246,3.4772109985351562,
246.09999999999999,3.4567718505859375,
246.19999999999999,3.426116943359375,
246.30000000000001,3.4133377075195312,
246.40000000000001,3.4107818603515625,
246.5,3.3852310180664062,
246.59999999999999,3.3111419677734375,
246.69999999999999,3.2625961303710938,
246.80000000000001,3.2983627319335938,
246.90000000000001,3.380126953125,
247,3.5002059936523438,
247.09999999999999,3.645843505859375,
247.19999999999999,3.8195877075195312,
247.30000000000001,4.0112075805664062,
247.40000000000001,4.2105026245117188,
247.5,4.399566650390625,
247.59999999999999,4.5426483154296875,
247.69999999999999,4.6729507446289062,
247.80000000000001,4.8185882568359375,
247.90000000000001,4.9386749267578125,
248,4.97955322265625,
248.09999999999999,4.8850173950195312,
248.19999999999999,4.68572998046875,
248.30000000000001,4.4608917236328125,
248.40000000000001,4.2641525268554688,
248.5,4.0725326538085938,
248.59999999999999,3.87579345703125,
248.69999999999999,3.7250518798828125,
248.80000000000001,3.6330718994140625,
248.90000000000001,3.58197021484375,
249,3.5334243774414062,
249.09999999999999,3.4874343872070312,
249.19999999999999,3.4542160034179688,
249.30000000000001,3.4286651611328125,
249.40000000000001,3.405670166015625,
249.5,3.3647918701171875,
249.59999999999999,3.3034744262695312,
249.69999999999999,3.2651519775390625,
249.80000000000001,3.260040283203125,
249.90000000000001,3.2728118896484375,
250,3.2932510375976562,0
250.09999999999999,3.3060302734375,
250.19999999999999,3.313690185546875,
250.30000000000001,3.32391357421875,
250.40000000000001,3.334136962890625,
250.5,3.3188018798828125,
250.59999999999999,3.28814697265625,
250.69999999999999,3.2728118896484375,
250.80000000000001,3.2753677368164062,
250.90000000000001,3.295806884765625,
251,3.3290252685546875,
251.09999999999999,3.3494644165039062,
251.19999999999999,3.3545761108398438,
251.30000000000001,3.3673477172851562,
251.40000000000001,3.3826751708984375,
251.5,3.3724594116210938,
251.59999999999999,3.3264694213867188,
251.69999999999999,3.2932510375976562,
251.80000000000001,3.2804794311523438,
251.90000000000001,3.277923583984375,
252,3.2906951904296875,
252.09999999999999,3.3085861206054688,
252.19999999999999,3.3162460327148438,
252.30000000000001,3.3264694213867188,
252.40000000000001,3.334136962890625,
252.5,3.3366851806640625,
252.59999999999999,3.3034744262695312,
252.69999999999999,3.2625961303710938,
252.80000000000001,3.2574844360351562,
252.90000000000001,3.2702560424804688,
253,3.2855911254882812,
253.09999999999999,3.2932510375976562,
253.19999999999999,3.3213577270507812,
253.30000000000001,3.39801025390625,
253.40000000000001,3.5129852294921875,
253.5,3.6407318115234375,
253.59999999999999,3.7608184814453125,
253.69999999999999,3.903900146484375,
253.80000000000001,4.0904159545898438,
253.90000000000001,4.2667083740234375,
254,4.4327850341796875,
254.09999999999999,4.5452041625976562,
254.19999999999999,4.5733108520507812,
254.30000000000001,4.5681991577148438,
254.40000000000001,4.5528717041015625,
254.5,4.4787750244140625,
254.59999999999999,4.3510208129882812,
254.69999999999999,4.2309417724609375,
254.80000000000001,4.1031875610351562,
254.90000000000001,3.9626617431640625,
255,3.8349151611328125,
255.09999999999999,3.7327117919921875,
255.19999999999999,3.6535110473632812,
255.30000000000001,3.599853515625,
255.40000000000001,3.5308685302734375,
255.5,3.4235610961914062,
255.59999999999999,3.3162460327148438,
255.69999999999999,3.2728118896484375,
255.80000000000001,3.3315811157226562,
255.90000000000001,3.4823226928710938,
256,3.610076904296875,
256.10000000000002,3.4465560913085938,
256.19999999999999,3.28814697265625,
256.30000000000001,3.5615310668945312,
256.39999999999998,3.8681259155273438,
256.5,4.0163192749023438,
256.60000000000002,4.1926116943359375,
256.69999999999999,4.455780029296875,
256.80000000000001,4.8109207153320312,
256.89999999999998,5.1430740356445312,
257,5.3500289916992188,
257.10000000000002,5.54931640625,
257.19999999999999,5.7460556030273438,
257.30000000000001,5.6745147705078125,
257.39999999999998,5.541656494140625,
257.5,5.5212173461914062,
257.60000000000002,5.6131973266601562,
257.69999999999999,5.8201522827148438,
257.80000000000001,6.1267471313476562,
257.89999999999998,6.4435653686523438,
258,6.7144012451171875,
258.10000000000002,6.9724502563476562,
258.19999999999999,7.141082763671875,
258.30000000000001,7.2764968872070312,
258.39999999999998,7.3148269653320312,
258.5,7.066986083984375,
258.60000000000002,6.7757186889648438,
258.69999999999999,6.4435653686523438,
258.80000000000001,5.9146804809570312,
258.89999999999998,5.32958984375,
259,4.8466949462890625,
259.10000000000002,4.4813308715820312,
259.19999999999999,4.1823959350585938,
259.30000000000001,3.9473342895507812,
259.39999999999998,3.794036865234375,
259.5,3.6943893432617188,
259.60000000000002,3.6432876586914062,
259.69999999999999,3.6432876586914062,
259.80000000000001,3.663726806640625,
259.89999999999998,3.6483993530273438,
260,3.5385360717773438,0
260.10000000000002,3.3903427124023438,
260.19999999999999,3.3085861206054688,
260.30000000000001,3.3009185791015625,
260.39999999999998,3.3290252685546875,
260.5,3.369903564453125,
260.60000000000002,3.39801025390625,
260.69999999999999,3.4005661010742188,
260.80000000000001,3.3852310180664062,
260.89999999999998,3.3775711059570312,
261,3.387786865234375,
261.10000000000002,3.4107818603515625,
261.19999999999999,3.4210052490234375,
261.30000000000001,3.4133377075195312,
261.39999999999998,3.4107818603515625,
261.5,3.4312210083007812,
261.60000000000002,3.4491119384765625,
261.69999999999999,3.4363327026367188,
261.80000000000001,3.4235610961914062,
261.89999999999998,3.43377685546875,
262,3.4542160034179688,
262.10000000000002,3.47210693359375,
262.19999999999999,3.4772109985351562,
262.30000000000001,3.4542160034179688,
262.39999999999998,3.4235610961914062,
262.5,3.4184494018554688,
262.60000000000002,3.4669952392578125,
262.69999999999999,3.5640869140625,
262.80000000000001,3.6688385009765625,
262.89999999999998,3.7863693237304688,
263,3.9371109008789062,
263.10000000000002,4.115966796875,
263.19999999999999,4.2845916748046875,
263.30000000000001,4.3944625854492188,
263.39999999999998,4.491546630859375,
263.5,4.57586669921875,
263.60000000000002,4.6193008422851562,
263.69999999999999,4.6704025268554688,
263.80000000000001,4.6882858276367188,
263.89999999999998,4.6422958374023438,
264,4.5886383056640625,
264.10000000000002,4.5349807739257812,
264.19999999999999,4.445556640625,
264.30000000000001,4.3126983642578125,
264.39999999999998,4.1772842407226562,
264.5,4.0750808715820312,
264.60000000000002,3.9882125854492188,
264.69999999999999,3.9166717529296875,
264.80000000000001,3.8374710083007812,
264.89999999999998,3.7531509399414062,
265,3.6969451904296875,
265.10000000000002,3.6739501953125,
265.19999999999999,3.6432876586914062,
265.30000000000001,3.5640869140625,
265.39999999999998,3.4951019287109375,
265.5,3.4516677856445312,
265.60000000000002,3.43377685546875,
265.69999999999999,3.50787353515625,
265.80000000000001,3.7224960327148438,
265.89999999999998,4.0265426635742188,
266,4.3765716552734375,
266.10000000000002,4.749603271484375,
266.19999999999999,5.0843124389648438,
266.30000000000001,5.375579833984375,
266.39999999999998,5.6745147705078125,
266.5,5.9402313232421875,
266.60000000000002,6.1548538208007812,
266.69999999999999,6.3745803833007812,
266.80000000000001,6.497222900390625,
266.89999999999998,6.553436279296875,
267,6.6862945556640625,
267.10000000000002,6.80126953125,
267.19999999999999,6.74505615234375,
267.30000000000001,6.5381011962890625,
267.39999999999998,6.2468338012695312,
267.5,5.8482513427734375,
267.60000000000002,5.3423614501953125,
267.69999999999999,4.8799057006835938,
267.80000000000001,4.5222091674804688,
267.89999999999998,4.2386016845703125,
268,4.013763427734375,
268.10000000000002,3.7838134765625,
268.19999999999999,3.5921859741210938,
268.30000000000001,3.5002059936523438,
268.39999999999998,3.4312210083007812,
268.5,3.3009185791015625,
268.60000000000002,3.1936111450195312,
268.69999999999999,3.1782760620117188,
268.80000000000001,3.1833877563476562,
268.89999999999998,3.168060302734375,
269,3.1246261596679688,
269.10000000000002,3.037750244140625,
269.19999999999999,2.9943161010742188,
269.30000000000001,2.9789886474609375,
269.39999999999998,3.01220703125,
269.5,3.0965194702148438,
269.60000000000002,3.1246261596679688,
269.69999999999999,3.1271820068359375,
269.80000000000001,3.111846923828125,
269.89999999999998,3.1067352294921875,
270,3.1220703125,4.428044319152832
270.10000000000002,3.1476211547851562,
270.19999999999999,3.1655044555664062,
270.30000000000001,3.1629486083984375,
270.39999999999998,3.1629486083984375,
270.5,3.185943603515625,
270.60000000000002,3.203826904296875,
270.69999999999999,3.21405029296875,
270.80000000000001,3.2293777465820312,
270.89999999999998,3.24981689453125,
271,3.2804794311523438,
271.10000000000002,3.32391357421875,
271.19999999999999,3.3750152587890625,
271.30000000000001,3.4286651611328125,
271.39999999999998,3.5308685302734375,
271.5,3.6995010375976562,
271.60000000000002,3.9371109008789062,
271.69999999999999,4.253936767578125,
271.80000000000001,4.6704025268554688,
271.89999999999998,5.1967315673828125,
272,5.7664947509765625,
272.10000000000002,6.3081512451171875,
272.19999999999999,6.7680511474609375,
272.30000000000001,7.15130615234375,
272.39999999999998,7.526885986328125,
272.5,7.905029296875,
272.60000000000002,8.25506591796875,
272.69999999999999,8.6613082885742188,
272.80000000000001,9.220855712890625,
272.89999999999998,9.6322097778320312,
273,9.7369613647460938,
273.10000000000002,9.7599563598632812,
273.19999999999999,10.025680541992188,
273.30000000000001,10.176422119140625,
273.39999999999998,9.43292236328125,
273.5,8.375152587890625,
273.60000000000002,7.66485595703125,
273.69999999999999,7.0439910888671875,
273.80000000000001,6.4307937622070312,
273.89999999999998,5.8405914306640625,
274,5.2580490112304688,
274.10000000000002,4.7163925170898438,
274.19999999999999,4.2820358276367188,
274.30000000000001,3.9524459838867188,
274.39999999999998,3.6816177368164062,
274.5,3.47210693359375,
274.60000000000002,3.3290252685546875,
274.69999999999999,3.2523727416992188,
274.80000000000001,3.2344894409179688,
274.89999999999998,3.21405029296875,
275,3.1578369140625,
275.10000000000002,3.1092910766601562,
275.19999999999999,3.0914077758789062,
275.30000000000001,3.0914077758789062,
275.39999999999998,3.1016311645507812,
275.5,3.1195144653320312,
275.60000000000002,3.1220703125,
275.69999999999999,3.1195144653320312,
275.80000000000001,3.13995361328125,
275.89999999999998,3.1987152099609375,
276,3.242156982421875,
276.10000000000002,3.2344894409179688,
276.19999999999999,3.2549285888671875,
276.30000000000001,3.3315811157226562,
276.39999999999998,3.4312210083007812,
276.5,3.535980224609375,
276.60000000000002,3.6330718994140625,
276.69999999999999,3.7224960327148438,
276.80000000000001,3.8042526245117188,
276.89999999999998,3.8783493041992188,
277,3.9575576782226562,
277.10000000000002,4.0929718017578125,
277.19999999999999,4.3229217529296875,
277.30000000000001,4.6014175415039062,
277.39999999999998,4.8620223999023438,
277.5,5.1021957397460938,
277.60000000000002,5.3219223022460938,
277.69999999999999,5.5058822631835938,
277.80000000000001,5.6387405395507812,
277.89999999999998,5.7383880615234375,
278,5.8150405883789062,
278.10000000000002,5.8661422729492188,
278.19999999999999,5.9325714111328125,
278.30000000000001,5.9760055541992188,
278.39999999999998,5.8405914306640625,
278.5,5.669403076171875,
278.60000000000002,5.669403076171875,
278.69999999999999,5.6719589233398438,
278.80000000000001,5.64129638671875,
278.89999999999998,5.6668472290039062,
279,5.7000656127929688,
279.10000000000002,5.6719589233398438,
279.19999999999999,5.64129638671875,
279.30000000000001,5.6234130859375,
279.39999999999998,5.5672073364257812,
279.5,5.4292373657226562,
279.60000000000002,5.1532974243164062,
279.69999999999999,4.8134765625,
279.80000000000001,4.5119857788085938,
279.89999999999998,4.2488250732421875,
280,4.0367584228515625,8.0428953170776367
280.10000000000002,3.87579345703125,
280.19999999999999,3.7276077270507812,
280.30000000000001,3.5896377563476562,
280.39999999999998,3.4772109985351562,
280.5,3.4005661010742188,
280.60000000000002,3.3571319580078125,
280.69999999999999,3.3009185791015625,
280.80000000000001,3.2242660522460938,
280.89999999999998,3.1833877563476562,
281,3.1936111450195312,
281.10000000000002,3.2191619873046875,
281.19999999999999,3.2293777465820312,
281.30000000000001,3.2370452880859375,
281.39999999999998,3.2651519775390625,
281.5,3.28814697265625,
281.60000000000002,3.3188018798828125,
281.69999999999999,3.3622360229492188,
281.80000000000001,3.3954544067382812,
281.89999999999998,3.461883544921875,
282,3.6049652099609375,
282.10000000000002,3.8221359252929688,
282.19999999999999,4.05975341796875,
282.30000000000001,4.2820358276367188,
282.39999999999998,4.5145416259765625,
282.5,4.7470474243164062,
282.60000000000002,4.9591140747070312,
282.69999999999999,5.1303024291992188,
282.80000000000001,5.2631607055664062,
282.89999999999998,5.4062423706054688,
283,5.5748672485351562,
283.10000000000002,5.7639389038085938,
283.19999999999999,5.945343017578125,
283.30000000000001,6.0884246826171875,
283.39999999999998,6.1957321166992188,
283.5,6.2902679443359375,
283.60000000000002,6.3618087768554688,
283.69999999999999,6.3899154663085938,
283.80000000000001,6.4077987670898438,
283.89999999999998,6.4256820678710938,
284,6.4410171508789062,
284.10000000000002,6.5278854370117188,
284.19999999999999,6.5559921264648438,
284.30000000000001,6.4205703735351562,
284.39999999999998,6.2545013427734375,
284.5,6.1037521362304688,
284.60000000000002,6.00921630859375,
284.69999999999999,5.9325714111328125,
284.80000000000001,5.8099288940429688,
284.89999999999998,5.6285247802734375,
285,5.3781356811523438,
285.10000000000002,5.0766448974609375,
285.19999999999999,4.7189407348632812,
285.30000000000001,4.3433609008789062,
285.39999999999998,3.9013442993164062,
285.5,3.5002059936523438,
285.60000000000002,3.3392410278320312,
285.69999999999999,3.2677001953125,
285.80000000000001,3.168060302734375,
285.89999999999998,3.1246261596679688,
286,3.0965194702148438,
286.10000000000002,3.0403060913085938,
286.19999999999999,2.973876953125,
286.30000000000001,2.9151153564453125,
286.39999999999998,2.8870086669921875,
286.5,2.9125595092773438,
286.60000000000002,2.8895645141601562,
286.69999999999999,2.8665695190429688,
286.80000000000001,2.9074478149414062,
286.89999999999998,2.910003662109375,
287,2.8384628295898438,
287.10000000000002,2.8129119873046875,
287.19999999999999,2.8512420654296875,
287.30000000000001,2.874237060546875,
287.39999999999998,2.8972320556640625,
287.5,2.9508819580078125,
287.60000000000002,3.0326461791992188,
287.69999999999999,3.1169586181640625,
287.80000000000001,3.2089385986328125,
287.89999999999998,3.2906951904296875,
288,3.405670166015625,
288.10000000000002,3.599853515625,
288.19999999999999,3.847686767578125,
288.30000000000001,4.1389617919921875,
288.39999999999998,4.4481124877929688,
288.5,4.7291641235351562,
288.60000000000002,4.9540023803710938,
288.69999999999999,5.1660690307617188,
288.80000000000001,5.3500289916992188,
288.89999999999998,5.4982223510742188,
289,5.6821823120117188,
289.10000000000002,5.909576416015625,
289.19999999999999,6.1548538208007812,
289.30000000000001,6.4180221557617188,
289.39999999999998,6.6198654174804688,
289.5,6.7706069946289062,
289.60000000000002,6.9315719604492188,
289.69999999999999,7.013336181640625,
289.80000000000001,7.0005569458007812,
289.89999999999998,6.9545669555664062,
290,6.8728103637695312,7.971656322479248
290.10000000000002,6.8242645263671875,
290.19999999999999,6.847259521484375,
290.30000000000001,6.8753662109375,
290.39999999999998,6.8574752807617188,
290.5,6.7808303833007812,
290.60000000000002,6.7297286987304688,
290.69999999999999,6.7654953002929688,
290.80000000000001,6.78338623046875,
290.89999999999998,6.7884902954101562,
291,6.8038253784179688,
291.10000000000002,6.7987136840820312,
291.19999999999999,6.7629470825195312,
291.30000000000001,6.7016220092773438,
291.39999999999998,6.6581878662109375,
291.5,6.6096420288085938,
291.60000000000002,6.5738754272460938,
291.69999999999999,6.6019821166992188,
291.80000000000001,6.5943145751953125,
291.89999999999998,6.5636520385742188,
292,6.5764312744140625,
292.10000000000002,6.5278854370117188,
292.19999999999999,6.3362579345703125,
292.30000000000001,6.0730972290039062,
292.39999999999998,5.7997055053710938,
292.5,5.5339889526367188,
292.60000000000002,5.2759323120117188,
292.69999999999999,4.961669921875,
292.80000000000001,4.6244125366210938,
292.89999999999998,4.3280258178710938,
293,4.1006317138671875,
293.10000000000002,3.9141159057617188,
293.19999999999999,3.719940185546875,
293.30000000000001,3.5410919189453125,
293.39999999999998,3.4158935546875,
293.5,3.3366851806640625,
293.60000000000002,3.3392410278320312,
293.69999999999999,3.3750152587890625,
293.80000000000001,3.3366851806640625,
293.89999999999998,3.2447052001953125,
294,3.1603927612304688,
294.10000000000002,3.0990753173828125,
294.19999999999999,3.076080322265625,
294.30000000000001,3.058197021484375,
294.39999999999998,3.0249786376953125,
294.5,3.019866943359375,
294.60000000000002,3.0096511840820312,
294.69999999999999,2.99176025390625,
294.80000000000001,2.9994277954101562,
294.89999999999998,2.9406661987304688,
295,2.8793411254882812,
295.10000000000002,2.9074478149414062,
295.19999999999999,3.0070953369140625,
295.30000000000001,3.1655044555664062,
295.39999999999998,3.3060302734375,
295.5,3.4235610961914062,
295.60000000000002,3.5206527709960938,
295.69999999999999,3.610076904296875,
295.80000000000001,3.7148284912109375,
295.89999999999998,3.8042526245117188,
296,3.9115676879882812,
296.10000000000002,4.0725326538085938,
296.19999999999999,4.2590408325195312,
296.30000000000001,4.5196533203125,
296.39999999999998,4.7266082763671875,
296.5,4.7240524291992188,
296.60000000000002,4.6193008422851562,
296.69999999999999,4.61163330078125,
296.80000000000001,4.6678466796875,
296.89999999999998,4.6320724487304688,
297,4.4966583251953125,
297.10000000000002,4.3254776000976562,
297.19999999999999,4.31781005859375,
297.30000000000001,4.3586883544921875,
297.39999999999998,4.1594009399414062,
297.5,3.9268951416015625,
297.60000000000002,3.8809051513671875,
297.69999999999999,3.8221359252929688,
297.80000000000001,3.6483993530273438,
297.89999999999998,3.4976577758789062,
298,3.4005661010742188,
298.10000000000002,3.3085861206054688,
298.19999999999999,3.23193359375,
298.30000000000001,3.1425094604492188,
298.39999999999998,3.0275344848632812,
298.5,3.0352020263671875,
298.60000000000002,3.1782760620117188,
298.69999999999999,3.2370452880859375,
298.80000000000001,3.1961669921875,
298.89999999999998,3.21405029296875,
299,3.2625961303710938,
299.10000000000002,3.2574844360351562,
299.19999999999999,3.2523727416992188,
299.30000000000001,3.3009185791015625,
299.39999999999998,3.3775711059570312,
299.5,3.444000244140625,
299.60000000000002,3.518096923828125,
299.69999999999999,3.5947418212890625,
299.80000000000001,3.6202926635742188,
299.89999999999998,3.6049652099609375,
300,3.6483993530273438,7.3081603050231934
