Timestamp,Breath Rate
29.266692638397217,13.856161499377752
29.317941188812256,13.853118190453044
29.37879991531372,13.850753444906111
29.43659520149231,13.849342575072304
29.517147541046143,13.848986832511656
29.547738313674927,13.85003260740693
29.639901638031006,13.852659091166776
29.657585859298706,13.856771278020682
29.7159104347229,13.862201646842813
29.810935258865356,13.868865049609415
29.82866144180298,13.876475924363136
29.893928289413452,13.884988269452922
29.957128524780273,13.894005970834279
30.017290115356445,13.903197449310895
30.082367658615112,13.912861876922706
30.14083456993103,13.922576371460236
30.20021891593933,13.932506652718567
30.25720739364624,13.942692059321402
30.332207441329956,13.953342690191544
30.39097261428833,13.964162316042671
30.44912314414978,13.97579155658613
30.515236139297485,13.988133610415124
30.611398935317993,14.001188640201615
30.611398935317993,14.015054701778613
30.70255208015442,14.029608184790648
30.70255208015442,14.044699479310356
30.802579879760742,14.060230256840079
30.81961464881897,14.076619133710548
31.307168006896973,14.093467270118676
31.307168006896973,14.110788029151225
31.307168006896973,14.128443429496201
31.315218687057495,14.146242361986317
31.316890954971313,14.16406547710264
31.31826138496399,14.181554222195652
31.319863319396973,14.19871872058815
31.321666955947876,14.21551188653964
31.886637210845947,14.231815592636192
31.888014793395996,14.247624928164727
31.8890118598938,14.262718745516795
31.890264987945557,14.277383767806265
31.89106512069702,14.291752060784031
31.892810821533203,14.305858272128818
31.89381504058838,14.319896837022544
31.895817756652832,14.333962359543584
31.896910429000854,14.348275616428953
31.898019075393677,14.363103414818994
31.95373773574829,14.378615141819703
31.97862434387207,14.395029782997977
32.04000782966614,14.412601716006188
32.10440135002136,14.431528677025838
33.049335956573486,14.451851946623083
33.049335956573486,14.473765081473667
33.049335956573486,14.497368067795023
33.049335956573486,14.52276716941098
33.05769658088684,14.549983085651705
33.05976986885071,14.578699921137055
33.062294244766235,14.60875376749786
33.06440615653992,14.640089415325605
33.066911697387695,14.672518688466623
33.06850504875183,14.705952062091297
33.07004427909851,14.74021193127742
33.07204461097717,14.774822634106568
33.073431968688965,14.809900786502322
33.075157165527344,14.845113088708713
33.07673740386963,14.880069299301617
33.07730293273926,14.914778936508185
33.12461829185486,14.948971462860367
33.14166831970215,14.98302487222786
33.20738506317139,15.017455492299895
33.315452575683594,15.052092746970361
33.315452575683594,15.08715107566405
33.394452810287476,15.12273094236553
33.45775294303894,15.159041329736135
33.515275716781616,15.196306429719021
33.576070070266724,15.234192472082507
33.62579131126404,15.263276964537308
33.67414689064026,15.292067201380002
33.72754383087158,15.32091066781728
33.80284237861633,15.349580981316658
33.861833810806274,15.37799740901364
33.928128719329834,15.406224716922063
33.99742555618286,15.43424190653488
34.0130729675293,15.462076096192334
34.073495388031006,15.489746193480745
34.131935358047485,15.517342248834712
34.21934127807617,15.544942417501161
34.27916407585144,15.572641956220043
34.348419189453125,15.600604680742219
34.365689516067505,15.629004928434611
34.44042730331421,15.658045274531139
34.503140926361084,15.68784631305961
34.55204486846924,15.718570477030193
34.59616446495056,15.750534982682922
34.66158080101013,15.783768760996033
34.720181465148926,15.818553577444128
34.79212021827698,15.855081629541708
34.861677408218384,15.893546677517703
34.877185106277466,15.934048118653036
38.57263684272766,1.1980030391062453
38.68440341949463,1.234742381602351
38.68440341949463,1.273201458252247
38.748013973236084,1.3130296658596987
38.82778358459473,1.3539892934870374
38.82778358459473,1.3958020337353698
38.91842222213745,1.4382370327682594
39.096789836883545,1.4810294203801608
39.096789836883545,1.5241407343591362
39.096789836883545,1.567425059637388
39.59787583351135,1.6107653957635357
39.59787583351135,1.6541574665384458
39.59787583351135,1.6975667996876658
39.59787583351135,1.7408972771371467
39.59787583351135,1.7841657923783554
39.59787583351135,1.8273270310680834
39.59787583351135,1.870345907356102
39.61418581008911,1.9132058103537728
39.615413427352905,1.9559185996470743
39.67303395271301,1.9985124238297727
39.73090171813965,2.041046130407426
39.78978657722473,2.0835607138901975
39.8494131565094,2.126099123597144
39.94207406044006,2.168746532868052
39.94207406044006,2.2115786241278976
40.010358810424805,2.2547119595707343
40.050405979156494,2.2982387185306408
40.117793798446655,2.3422867809594026
40.17710208892822,2.3869355395649103
40.23591160774231,2.432282355484362
40.29329538345337,2.4784015632988563
40.374181270599365,2.5253580763441725
40.43623208999634,2.573204121221519
40.453683376312256,2.621975319408747
40.514278173446655,2.671681716100788
40.572733879089355,2.722322128856646
40.629687786102295,2.773854577964489
40.705881118774414,2.8262504123970826
40.768375396728516,2.879441644310827
40.826857805252075,2.9333379710245078
40.886340618133545,2.987838279903988
40.95899271965027,3.042819120097298
40.97619605064392,3.0981355377822632
41.03095483779907,3.153635323666971
41.08978056907654,3.2091632341862546
41.14775824546814,3.2645424348256395
41.222840785980225,3.3195768998033923
41.28517413139343,3.374087120252283
41.35154485702515,3.427818615775922
41.41099810600281,3.4805101454295846
41.46194767951965,3.603921489882457
41.51495933532715,3.8203118406522036
41.58359694480896,3.9756230917849966
41.64341449737549,4.092296191022482
41.67465662956238,4.183013114692127
41.74523639678955,4.255561343888916
41.80837869644165,4.3149416540390035
41.86863470077515,4.364525459661056
41.936033964157104,4.406690543819026
41.98682475090027,4.443146254527955
42.04450511932373,4.475112854151081
42.10164284706116,4.503545231966481
42.1598219871521,4.529068131466167
42.25092959403992,4.552150581476956
42.26612854003906,4.573125100975564
42.35561466217041,4.5922765731852415
42.37307357788086,4.609797790484391
42.438042402267456,4.62585767754892
42.514583349227905,4.6405986870239895
42.61185884475708,4.654103215240452
42.61185884475708,4.6664339557053465
42.70635485649109,4.677641449043265
42.72238516807556,4.6877608694223785
42.78141379356384,4.696799086938327
43.522074699401855,4.704810175127748
43.522074699401855,4.711856058016089
43.522074699401855,4.717969825982889
43.522074699401855,4.723174969513555
43.53172016143799,4.727514108309864
43.5335807800293,4.731021964868872
43.53451871871948,4.733732884033451
43.53625249862671,4.7357283836985555
43.537331342697144,4.737018657256475
43.53942608833313,4.737588781613048
43.541298151016235,4.737439546506144
43.543089866638184,4.736603650601399
43.59283423423767,4.73512256186069
43.59690737724304,4.7330502831170485
43.65656042098999,4.730444352581708
43.73088574409485,4.727370913656629
43.76435136795044,4.723902353423779
43.863056898117065,4.720106184911017
43.92217516899109,4.716019368611737
43.96299386024475,4.711686611939341
44.01789402961731,4.707142657701136
44.080708742141724,4.7024293348785395
44.13841986656189,4.697564059069875
44.19783329963684,4.692573848647053
44.25594091415405,4.687479743518091
44.321967124938965,4.682273258733473
44.40312886238098,4.6769951208828155
44.40312886238098,4.671643042053911
44.45943784713745,4.666216776318096
44.543211221694946,4.660712984313909
44.62659978866577,4.655115366700967
44.68455624580383,4.649423874241585
44.701900243759155,4.643605965026017
44.796592235565186,4.637656091050524
44.81217813491821,4.631574843221679
44.869754791259766,4.625352577886588
44.93469452857971,4.618989310241256
44.98183631896973,4.6124896091083185
45.05000400543213,4.605848154600007
45.106119871139526,4.599074287074788
45.167696475982666,4.5921601098191065
45.248812675476074,4.585122338240086
45.309834003448486,4.577943299853775
45.37438726425171,4.5706070714666165
45.44710946083069,4.563107506699424
45.44710946083069,4.55541044618265
45.52955675125122,4.547484844735253
45.58894228935242,4.539330684494528
45.6317241191864,4.530906842884772
45.68446731567383,4.522174219454177
45.7475848197937,4.513074889570888
45.80513906478882,4.503631078788845
45.86454653739929,4.493818474890477
45.92610740661621,4.483614113088102
45.98851037025452,4.473001267511563
46.047258138656616,4.461967550538326
46.11764311790466,4.450530580783015
46.175485372543335,4.438715028606641
46.238670110702515,4.426526861189201
46.33452033996582,4.413945807468162
46.33452033996582,4.400965766195038
46.3927698135376,4.387582970122704
46.46478843688965,4.3737773147336485
46.56012463569641,4.359576634825639
46.562458753585815,4.344924209663791
46.623191833496094,4.329837290282428
46.712525844573975,4.31432839772765
46.73052668571472,4.298378053765277
46.792884349823,4.2819826485415975
46.87785601615906,4.265154130381225
46.92008876800537,4.247832546676985
46.971837282180786,4.2300318445867315
47.03002977371216,4.2117023509560445
47.08874821662903,4.192808899166965
47.14861273765564,4.173366006079854
47.226486921310425,4.1533806268403834
47.27793788909912,4.132867876847651
47.33104610443115,4.111789141224087
47.38954997062683,4.090207315957504
47.4611701965332,4.068106710204007
47.52234506607056,4.045466616333539
47.56642985343933,4.02236251501435
47.63364338874817,3.9987471113334276
47.6928334236145,3.974694735433676
47.77270436286926,3.950211338411938
47.77270436286926,3.925347883941882
47.83442759513855,3.9000841436310236
47.910913944244385,3.8744457724193677
47.96827936172485,3.8484718063937895
48.04285264015198,3.8221760929060453
48.05982422828674,3.795566796776295
48.1215603351593,3.768703696290482
48.21693825721741,3.741621440730213
48.23493695259094,3.714367632815366
48.32549238204956,3.6869724135053374
48.38443875312805,3.6593890724698674
48.45900249481201,3.6315896138462023
48.476383447647095,3.603524910939787
48.54127478599548,3.5751023477972215
48.60597276687622,3.546193107370495
48.664047718048096,3.516652341762396
48.72572636604309,3.480176315956688
48.784541845321655,3.442203661981571
48.86273145675659,3.4028591024818557
48.87972664833069,3.361929359517183
48.94433856010437,3.3193641460717123
49.08826661109924,3.2751164114056324
49.08826661109924,3.2293308610611717
49.10388970375061,3.18216587162939
49.1920268535614,3.13391566665084
49.25214171409607,3.084922697527159
49.32151460647583,3.0355256581882144
49.338696241378784,2.9860564367575226
49.40440106391907,2.936830718037828
49.46425700187683,2.8880188250124235
49.52625775337219,2.8398575821001386
49.57779669761658,2.7924521348691376
49.63729786872864,2.745869755589898
49.73894906044006,2.70019262517441
49.73894906044006,2.655410317124024
49.79683017730713,2.611575399855989
49.87599492073059,2.568693424370722
49.93966507911682,2.5267257304911173
49.997015953063965,2.4857636657258877
50.064910650253296,2.4457324772175415
50.11318063735962,2.406703452544833
50.16305899620056,2.3686851953163064
50.22151470184326,2.3317200806378486
50.2845561504364,2.2959015269552716
50.34251952171326,2.261261056148861
50.400534868240356,2.2278520408318183
50.4588189125061,2.195826051394679
50.54607152938843,2.165220821862266
50.563249349594116,2.136122360931302
50.61722254753113,2.108530863057168
50.68166184425354,2.082447735376256
50.758803844451904,2.0579319094374937
50.817081451416016,2.0349789024892475
50.87517166137695,2.0135805029669775
50.928683042526245,1.9936721581860468
50.977725982666016,1.9752405020117367
51.08101153373718,1.9582901164166349
51.08101153373718,1.9426944695763135
51.190722703933716,1.9285132334638813
51.190722703933716,1.9156687537829993
51.25994658470154,1.9040203826607913
51.317458391189575,1.8934407149641759
51.408443212509155,1.8838912651992938
51.42404890060425,1.8752724853238787
51.532567739486694,1.8675457151690988
51.54998755455017,1.8605348374383461
51.61773324012756,1.8541089987121881
51.679394483566284,1.8482111157565089
51.75562047958374,1.842785875311882
51.83265447616577,1.8376938546705275
51.83265447616577,1.8329687292036982
51.892271518707275,1.8287705242831824
51.969202518463135,1.8250331702310387
52.04297161102295,1.8218024254082237
52.10074973106384,1.8191353850332923
52.15411996841431,1.8170701628369674
52.21402978897095,1.815595051091369
52.27526879310608,1.8148256230457405
52.37474846839905,1.81459806767055
52.37474846839905,1.815111339496108
52.43360185623169,1.8162333823573946
52.50659942626953,1.8180987131485324
52.59640455245972,1.8207375156970333
52.59640455245972,1.8241514154712286
52.657198429107666,1.8283821960409898
52.726309299468994,1.8335430319091002
52.8169002532959,1.8395164781310518
52.8169002532959,1.8461799742612433
52.8806791305542,1.8536105644191876
52.95914387702942,1.8618004648825635
53.02226734161377,1.8706244123980766
53.081605672836304,1.8801472167292104
53.15011405944824,1.890269650570594
53.2260205745697,1.9010292510564466
53.2260205745697,1.9123169691319746
53.283159017562866,1.9240030293250792
53.353246212005615,1.936229674822632
53.42906308174133,1.9488281683949413
53.48883390426636,1.9617871853694808
53.55149698257446,1.9749746514856448
53.61261868476868,1.9884397207894198
53.67212724685669,2.0021934477913357
53.689714431762695,2.015989767271735
53.755616188049316,2.0298185085597855
53.81819438934326,2.0437385098140055
53.89211392402649,2.057670682056698
53.989407777786255,2.071784583811863
53.989407777786255,2.0859630208802087
54.06309390068054,2.1000667340791814
54.126689195632935,2.114146211689253
54.212170362472534,2.128195374077578
54.22329878807068,2.142119322096852
54.28335952758789,2.155946742776998
54.34210801124573,2.1696324179557878
54.40967059135437,2.183256275394764
54.48074007034302,2.1967173001129603
54.543585538864136,2.210060586447549
54.559834003448486,2.2232947476622575
54.6215922832489,2.2363701598920276
54.70023536682129,2.249332095481891
54.75871801376343,2.2622446935213136
54.82483983039856,2.2751147083813583
54.884350538253784,2.288050913862618
54.92767572402954,2.301001974545148
55.001704931259155,2.314169792188421
55.05867886543274,2.3273906938433284
55.14120674133301,2.3407586342392275
55.14120674133301,2.3544654744066356
55.19976449012756,2.368359754104595
55.280176639556885,2.382632512260355
55.35783386230469,2.397378485154962
55.3761351108551,2.4124827921825056
55.43436932563782,2.428041872370399
55.51585412025452,2.4439739958478297
55.574907302856445,2.4602946235749434
55.64137554168701,2.4770577820361876
55.68630528450012,2.4943101068082885
55.7338490486145,2.51199918691528
55.79671621322632,2.5300101378841124
55.85591101646423,2.5484989291659375
55.91777682304382,2.567294047965303
55.997313499450684,2.586428149645561
56.01463222503662,2.6058124286810487
56.107800245285034,2.625382414113688
56.16092872619629,2.645357937579919
56.23109316825867,2.6654603252894637
56.2471342086792,2.6858032917737846
56.3360321521759,2.7063092609546793
56.36813712120056,2.7268796178757886
56.450761795043945,2.7476325146478286
56.501909017562866,2.7683361691851003
56.56250357627869,2.78913288143299
56.63696503639221,2.809951876910959
56.6524772644043,2.830755450512922
56.71219849586487,2.8515410764760194
56.77233862876892,2.872243203128085
56.83515214920044,2.8927515718345216
56.922802448272705,2.9131835612122083
56.94047808647156,2.933531669574273
57.02053189277649,2.9538522013827793
57.079673528671265,2.9741921826895714
57.142608642578125,2.9944201892222257
57.21545600891113,3.014644643178261
57.23107719421387,3.0349055426937652
57.295764684677124,3.055215492838976
57.365158557891846,3.0757302154776855
57.42020535469055,3.0963237182774597
57.490281105041504,3.116866629336098
57.55357480049133,3.1373795838350005
57.6408634185791,3.1578012900898766
57.6408634185791,3.17820920628618
57.70737385749817,3.1984968598567294
57.82150220870972,3.2186513513803203
57.82150220870972,3.2380381262999753
57.88299059867859,3.2551950793680233
57.950204610824585,3.2726719285647747
58.00831198692322,3.29045589586484
58.070677280426025,3.3085482498585037
58.144855260849,13.460634257308756
58.16047763824463,13.457862866674535
58.257312297821045,13.454243452097638
58.3206524848938,13.449774218123025
58.336893796920776,13.444534484997616
58.396337270736694,13.438344149304628
58.48652768135071,13.431363416809083
58.5344398021698,13.423592162748063
58.57744836807251,13.4151174876298
58.640504598617554,13.405973397057329
58.732128858566284,13.396263760124857
58.747029542922974,13.386001622601716
58.80306792259216,13.375383456455117
58.858295917510986,13.364468027647899
58.919679164886475,3.8725404375050507
58.99474120140076,3.936447785585622
59.05949378013611,3.9969022837609733
59.11599063873291,4.053956722468686
59.16628456115723,4.107806155861878
59.229365825653076,4.1586349435599725
59.30843138694763,4.206584199517087
59.32438659667969,4.251896247601082
59.37876319885254,4.294665112338448
59.436927795410156,4.334951590366248
59.520455837249756,4.372947732535811
59.583580017089844,4.408789680139717
59.64121770858765,4.442467340939145
59.71170163154602,4.474149545294004
59.72904419898987,4.5040164149106925
59.800785064697266,4.532184688520786
59.89887309074402,4.558759269782243
59.91455030441284,4.583843198391644
60.003093004226685,4.607543994387138
60.020564556121826,4.629972434678097
60.112006425857544,4.651187121740374
60.17147731781006,4.671319700679067
60.21241879463196,4.690525188986435
60.26567840576172,4.708832650321625
60.33661365509033,4.726332868148462
60.3948929309845,4.743134654128828
60.4392523765564,4.759321984984057
60.494725942611694,4.774900666468744
60.557796478271484,4.789983181346878
60.616005420684814,4.804564720310915
60.68367385864258,4.818730340551371
60.758310317993164,4.832501574171414
60.80645132064819,4.845882578242059
60.84314489364624,4.858977213933882
60.90575337409973,4.8720081309638585
60.9827139377594,4.884825730712159
61.04117941856384,4.897475829758201
61.11143970489502,4.909937294484625
61.12883257865906,4.922298301268085
61.180625438690186,4.934508836844752
61.250500202178955,4.946661546898546
61.321192026138306,4.958740155674977
61.378605365753174,4.970813837022531
61.4542818069458,4.983003365377817
61.470484018325806,4.995236515849377
61.53148341178894,5.007413682214313
61.5895471572876,5.019679740782619
61.67002987861633,5.031897283759599
61.74020266532898,5.044256946256775
61.80391764640808,5.0564729466780935
61.86571407318115,5.068650769849526
61.88205909729004,5.08095410740136
61.94012975692749,5.093231026643792
61.999149322509766,5.105490605741829
62.081873416900635,5.117790931537789
62.1522536277771,5.130106747603823
62.16970944404602,5.142415033929618
62.22592282295227,5.154550091611527
62.33623003959656,5.166761106322058
62.39911103248596,5.1791080532259555
62.39911103248596,5.191485344271954
62.47755837440491,5.203888058531497
62.53695631027222,5.216205083842357
62.59985136985779,5.228495750176334
62.661444902420044,5.240546256366578
62.72784066200256,5.252394691510794
62.74560213088989,5.263992411383425
62.819478034973145,5.275312520668906
62.87395262718201,5.286424521817332
62.93642497062683,5.297221731772069
63.015485763549805,5.3079188135310815
63.07482624053955,5.318281240969618
63.13395714759827,5.328461536204651
63.1987464427948,5.338419967026296
63.25825238227844,5.348023360685673
63.368242025375366,5.357361316677943
63.37223792076111,5.36639617730058
63.44551110267639,5.375087780601899
63.44551110267639,5.38351216893794
63.521042585372925,5.391758035789477
63.607975006103516,5.399712386140889
63.62309813499451,5.4075554516429385
63.681819915771484,5.415314581159404
63.76499319076538,5.422792786595249
63.827680826187134,5.429854713653571
63.91993308067322,5.436398775285731
63.91993308067322,5.442367232441342
64.00241017341614,5.447743322052099
64.0694944858551,5.452538529990999
64.1278281211853,5.456710200979621
64.1454725265503,5.460216836988035
64.22814154624939,5.463099160235788
64.29150080680847,5.464864921113629
64.33407211303711,5.46617312122189
64.38595724105835,5.466548727781343
64.46265459060669,5.466034146903557
64.52371120452881,5.465015561647584
64.58546304702759,5.463458181683039
64.60356831550598,5.461738055613997
64.66465544700623,5.459749227386907
64.72368359565735,5.4574843228366365
64.79454731941223,5.455187988872594
64.85407423973083,5.452637373164212
64.92454695701599,11.216834141277849
64.99912929534912,11.21422432871557
65.05678033828735,11.211893295012949
65.11545205116272,11.209723236753428
65.13265109062195,11.207807576691515
65.1933524608612,11.206179008335411
65.25708198547363,11.204880022218777
65.31946325302124,11.203992684717273
65.37852454185486,11.203484475563977
65.42186975479126,11.203407608261115
65.4779794216156,11.203731086774924
65.54036498069763,11.204637683579817
65.59926748275757,11.206062416250294
65.66513538360596,11.208016819419885
65.7239716053009,11.210573493604015
65.78582978248596,11.213683863526983
65.84404850006104,11.217356605627787
65.90681219100952,11.221495575297107
65.96496081352234,11.226121431663055
66.02319049835205,11.231367484000735
66.10211491584778,11.23708042895546
66.16071391105652,11.243180773900939
66.17636013031006,11.24978324426867
66.24069714546204,11.256855376353986
66.2981505393982,11.264177474097277
66.36489391326904,11.271831194903903
66.43899011611938,11.279639368953372
66.50245547294617,11.287774216916105
66.56517481803894,11.29603632749957
66.58180642127991,11.304352562980922
66.64310455322266,11.31273475727969
66.72006106376648,11.321008862594619
66.79451656341553,11.329337517792828
66.81121850013733,11.337483878643962
66.88995409011841,11.345609830743173
66.95286512374878,11.353645989422414
67.01093792915344,11.361608034715642
67.08694338798523,11.369396377597308
67.10363841056824,11.376914345794964
67.19731855392456,11.384393723102344
67.28552460670471,11.391710564131882
67.28552460670471,11.399030165473741
67.34973096847534,11.406441817982776
67.415287733078,11.413875955310461
67.48634243011475,11.421206240691712
67.54472827911377,11.428596417358113
67.60650873184204,11.436032690730022
67.62350392341614,11.443490150120702
67.70214128494263,11.450974985595831
67.76612544059753,11.458502948307348
67.8230550289154,11.466159462336872
67.8786301612854,11.473913236574163
67.92220735549927,11.481899599227546
68.026935338974,11.49003850205309
68.026935338974,11.498364508187436
68.0873441696167,11.506907179415112
68.15279459953308,11.51564403714264
68.21459579467773,11.524601377372216
68.29421710968018,11.53373115287376
68.35618662834167,11.542997403647147
68.40438294410706,11.552390943762635
68.4686348438263,11.561990436980249
68.52847933769226,11.571654944075132
68.59584879875183,11.581382094321986
68.67429780960083,11.591183911215907
68.67429780960083,11.600835416413396
68.73296761512756,11.610453750536983
68.79239964485168,11.620015117165869
68.86895418167114,11.62946743154096
68.91333079338074,11.63881727169621
68.96917223930359,11.6480471239413
69.03564357757568,11.657154331934793
69.10616159439087,11.666109784838177
69.15821146965027,11.674896223622445
69.21182298660278,11.683519518059597
69.27162194252014,11.691962403447395
69.33668184280396,11.70023243475896
69.44677019119263,11.708328108043446
69.44677019119263,11.716216818562158
69.51411628723145,11.723894584899254
69.57305335998535,11.731346483507611
69.64458870887756,11.738536902583927
69.66072726249695,11.745435283890496
69.74816060066223,11.75209054412559
69.81336736679077,11.758456071244483
69.86928462982178,11.764591018402884
69.88634753227234,11.770419264313531
69.95522570610046,11.77599874285833
70.01898670196533,11.781375447492904
70.08609580993652,11.786506134146165
70.14401412010193,11.791473283518508
70.21049213409424,11.796200439814776
70.28562068939209,11.800686552016654
70.30136799812317,11.804949453404163
70.35357332229614,11.809032826045106
70.4195396900177,11.81282883130663
70.49410104751587,11.816348444797516
70.55607533454895,11.819640193466356
70.61535501480103,11.822694454363683
70.67720699310303,11.825505884754776
70.73517274856567,11.8280958271274
70.79395771026611,11.830452770200392
70.86033153533936,11.832647089926828
70.87656426429749,11.834590613665297
70.93073868751526,11.83642521554794
70.99400782585144,11.838128214229016
71.06940007209778,11.839658727120462
71.120765209198,11.841082072913364
71.19350814819336,11.842435699200378
71.2596161365509,11.843669859512694
71.31863856315613,11.844801882017904
71.41845393180847,11.845840223042995
71.41845393180847,11.846889340272515
71.47816944122314,11.84780866852844
71.53942823410034,11.848687356162047
71.62221217155457,11.849536466439321
71.6393985748291,11.850343799075915
71.69351005554199,11.851140618300603
71.81034851074219,11.85187044374688
71.81034851074219,11.852464037806266
71.92356085777283,11.853004822177045
71.92356085777283,11.853457233385267
72.00305080413818,11.853838847397684
72.04615068435669,11.854126268924459
72.10578274726868,11.854410709487551
72.1847882270813,11.854523975590029
72.24843311309814,11.854579145262043
72.31044030189514,11.854525879098006
72.37699270248413,11.854351925656387
72.39426112174988,11.854054145729572
72.47261190414429,11.853615874945122
72.53103709220886,11.85304740278385
72.59836649894714,11.852284180002714
72.61600732803345,11.851333282665916
72.71282291412354,11.850223894904815
72.77998208999634,11.848898578265764
72.79720902442932,11.847327492613237
72.85276579856873,11.845470432649885
72.92726540565491,11.843369462000304
73.00314331054688,11.8409945754937
73.10814023017883,11.83829622315503
73.11056566238403,11.835362628371433
73.15751385688782,11.83218734196008
73.21026921272278,11.828787255116259
73.27346754074097,11.825206658195851
73.31803250312805,11.821426142477742
73.37677097320557,11.817547683536352
73.43538117408752,11.813569917463603
73.49369859695435,11.809475115111182
73.56073689460754,11.805338222009215
73.62017011642456,11.801173807866817
73.67674732208252,11.79707653398149
73.73597240447998,11.793014919910485
73.77918457984924,11.788940217887061
73.8485677242279,11.784930181346883
73.92772603034973,11.78101536529343
73.95896506309509,11.777163969025686
74.03599572181702,11.773388326648645
74.08728623390198,11.769660318313075
74.14829301834106,11.765954272181594
74.20629930496216,11.762312566802713
74.27076840400696,11.758621142517748
74.33776831626892,11.75490882039794
74.39282321929932,11.751106608236345
74.47551012039185,11.747240999604019
74.47551012039185,11.743123850096115
74.54347038269043,11.738822415625455
74.61029100418091,11.734401219739047
74.67687249183655,11.72985925816063
74.75581693649292,11.725238878356489
74.7714512348175,11.720404129896739
74.86476254463196,11.71544816376199
74.88217949867249,11.710287134138701
74.988454580307,11.704889598907064
75.00611996650696,11.699313263857839
75.07187151908875,11.693619806758656
75.12732577323914,11.687857276434972
75.1906099319458,11.682105202211062
75.25134682655334,11.67628772634794
75.2954831123352,11.67047601043996
75.34743595123291,11.664728643111678
75.40653347969055,11.65909501836202
75.4691481590271,11.653581942625975
75.5365846157074,11.647948836091672
75.60473322868347,11.642273952664391
75.66829323768616,11.636650135537487
75.73077654838562,11.630952115942211
75.78927302360535,11.625160710012512
75.85742282867432,11.619292248956402
75.93049669265747,11.613318333226243
75.93049669265747,11.607261399801887
75.98909139633179,11.601001000012545
76.11102080345154,11.594622170475231
76.11102080345154,11.588228931313665
76.1766414642334,11.58187778795856
76.2510154247284,11.57544168035518
76.31614446640015,11.568951621064507
76.3319091796875,11.56238635551894
76.39312148094177,11.55576163430091
76.48766613006592,11.549099963895262
76.57292771339417,11.542494472547903
76.57292771339417,11.535963924422477
76.63543677330017,11.529496745996887
76.71786451339722,11.523226044225169
76.7928717136383,11.517110659364965
76.80838584899902,11.511245195177862
76.88112330436707,11.505669235856814
76.93907809257507,11.500351101899076
76.98787093162537,11.495298898980705
77.04283952713013,11.490636513336355
77.10531663894653,11.486317545993325
77.17267489433289,11.482401345049755
77.2388436794281,11.478847377588126
77.29699397087097,11.475697145972447
77.3423957824707,11.47296862853817
77.39261102676392,11.470635038503021
77.45214867591858,11.468726436238988
77.51380109786987,11.46710316005565
77.58024144172668,11.465816668874428
77.65388345718384,11.464842900919416
77.67167830467224,11.464137868340407
77.76385855674744,11.463654549914956
77.82628560066223,11.463355171845572
77.88411617279053,11.463297938996186
77.90207552909851,11.46338910637477
77.97167253494263,11.463627395987276
78.0839204788208,11.463986240115105
78.0839204788208,11.464461483127424
78.14142966270447,11.465024564622304
78.209463596344,11.465689542105737
78.26148533821106,11.466445605232996
78.32989048957825,11.467299975210294
78.40080833435059,11.468212185446184
78.46005344390869,11.469172117383918
78.52146911621094,11.470193188923329
78.53875470161438,11.471273962744998
78.62671542167664,11.472401892333732
78.68543839454651,11.473605121475407
78.74707984924316,11.474897016106599
78.805330991745,11.47626914184037
78.87215781211853,11.477754898034616
78.8878824710846,11.47937124507816
78.94617247581482,11.481103729162728
79.00106382369995,11.482919441057625
79.05905389785767,11.48488610845347
79.11840891838074,11.486910954447271
79.18898057937622,11.489094149777241
79.24079823493958,11.491376989474121
79.32643342018127,11.493846594040797
79.3997950553894,11.496412467270442
79.49173665046692,11.499137266192847
79.49173665046692,11.502005904833192
79.55540657043457,11.505027694125438
79.61035943031311,11.508200694778441
79.66708016395569,11.511525071609949
79.74917674064636,11.515006733889662
79.76513147354126,11.518672140795172
79.82585000991821,11.52251002618256
79.8840742111206,11.526509271088317
79.96690797805786,11.530614964566075
80.03392243385315,11.534931652604296
80.05063962936401,11.539465525060644
80.13817238807678,11.544143454467129
80.16942954063416,11.548976788586021
80.2226665019989,11.553959329899953
80.27961373329163,11.559124548479378
80.33953952789307,11.5645488515184
80.40578937530518,11.57013553688983
80.48399949073792,11.57594545231573
80.55159568786621,11.582004274937582
80.59532856941223,11.588231993696423
80.64619898796082,11.594639492578283
80.71739768981934,11.601183294375023
80.77588844299316,11.60791554784928
80.84257555007935,11.614814479420868
80.85964751243591,11.62189285974847
80.9483392238617,11.629140873599258
81.00889539718628,11.636601265228306
81.0671169757843,11.644270351313487
81.12722682952881,11.652116783517506
81.18926811218262,11.660137508738142
81.22261071205139,11.668307856379126
81.27725386619568,11.67654192951086
81.35557770729065,11.684863778453126
81.42603707313538,11.693194598141748
81.4432635307312,11.70158784524531
81.53109216690063,11.709910741965448
81.59088325500488,11.718180522499154
81.66294765472412,11.72640926291176
81.67854976654053,11.73446329824898
81.76679468154907,11.742287908022114
81.82752513885498,11.749976668136968
81.88823008537292,11.757388648595445
81.9049129486084,11.76457069819958
81.99605107307434,11.771525175558425
82.04858303070068,11.778266371221028
82.13807654380798,11.78487596341659
82.15441107749939,11.79127862099859
82.22826433181763,11.797535009044555
82.33006453514099,11.803724935052134
82.33006453514099,11.809840420839212
82.38538718223572,11.81586823805755
82.45248198509216,11.82182129470653
82.52732110023499,11.8277479760412
82.59246277809143,11.83364554072024
82.66108345985413,11.839515351896585
82.7175612449646,11.84533254904671
82.7175612449646,11.85116025018347
82.77960419654846,11.857114595341471
82.83923959732056,11.863128838571537
82.89427852630615,11.86917738589433
82.97432255744934,11.87527990754419
83.03444314002991,11.881436532565562
83.10550022125244,11.88751891255687
83.18834614753723,11.893631471134999
83.18834614753723,11.899666046552271
83.25278782844543,11.905678540007141
83.3140275478363,11.91164178296814
83.37591099739075,11.917541820601997
83.45917916297913,11.923332027999503
83.47491121292114,11.929000433800173
83.5685555934906,11.93454430385875
83.62964653968811,11.93993918783467
83.70820999145508,11.945159586036558
83.70820999145508,11.95018146305252
83.7712459564209,11.955016679441327
83.83400225639343,11.959684654450328
83.88185429573059,11.964290774739549
84.00269079208374,11.968584227744294
84.00269079208374,11.972595546001736
84.0669538974762,11.976358186591465
84.12947654724121,11.979990203563894
84.22120785713196,11.983374146537471
84.30538702011108,11.986583809256206
84.30560421943665,11.989590681589947
84.3797836303711,11.992410709566784
84.44266104698181,11.995083846519403
84.504323720932,11.997601505711867
84.57115912437439,12.000033860165207
84.58860111236572,12.002311204054884
84.64572596549988,12.004454372287812
84.7052276134491,12.006613931048344
84.76684761047363,12.008721589836549
84.82539248466492,12.010651642913423
84.88750624656677,12.012559980138787
84.9471127986908,12.014358704935024
85.01314377784729,12.01615274874596
85.08250260353088,12.018001938482348
85.10031390190125,12.019881341979753
85.19155859947205,12.021799007454725
85.3092155456543,12.02375380578378
85.3092155456543,12.025843941176543
85.34046864509583,12.028025409086982
85.40074586868286,12.030294617278928
85.45983266830444,12.032678105747086
85.52162837982178,12.035201617037151
85.64281988143921,12.03791122052517
85.64281988143921,12.040751197856817
85.70038986206055,12.04371598547044
85.75842928886414,12.046820447903869
85.82059144973755,12.050033238571906
85.88762831687927,12.053464667953364
85.9625084400177,12.057025336910405
85.9797773361206,12.060698705757058
86.02928161621094,12.064498554538218
86.09618878364563,12.06832037543298
86.17067193984985,12.07221425635799
86.23865962028503,12.076142200767862
86.3084933757782,12.080100492718879
86.3400719165802,12.084126345481177
86.41972613334656,12.088222628121917
86.43634128570557,12.092419751664133
86.49602246284485,12.09673635013656
86.5593478679657,12.101209775737118
86.63725852966309,12.105890591347649
86.6996214389801,12.110681555210729
86.75284266471863,12.11561674513388
86.82487535476685,12.120665183050363
86.9083526134491,12.12584297325591
86.9083526134491,12.131122026360067
86.96657204627991,12.136406491873275
87.02998042106628,12.14176787174205
87.08740496635437,12.14719879112887
87.15404510498047,12.152722898266296
87.22987246513367,12.158217663797865
87.28917956352234,12.163680874637318
87.34887719154358,12.169039508795558
87.36459946632385,12.174243281864243
87.45833039283752,12.179327286560861
87.51701879501343,12.184253957085438
87.56461262702942,12.188956263308713
87.62114381790161,12.193423081121418
87.68431520462036,12.197647975078649
87.72329783439636,12.201591513301333
87.77633309364319,12.205273694591414
87.83400130271912,12.208685283514722
87.89214992523193,12.211828959927274
87.98781371116638,12.214763845858615
88.00345253944397,12.217515512914563
88.09187388420105,12.220144403547202
88.14963102340698,12.222652765562433
88.20818853378296,12.225077941059713
88.2713770866394,12.2274767003218
88.32863736152649,12.22989006891723
88.41247081756592,12.232349665504765
88.42798447608948,12.234886907281677
88.49130201339722,12.237558038373031
88.5494933128357,12.240358685581898
88.60929131507874,12.243331197886095
88.67611312866211,12.246520797297592
88.74957227706909,12.249989713247405
88.76535105705261,12.253735709044678
88.87339782714844,12.257727025929226
88.87339782714844,12.261998544097187
88.97020936012268,12.266538028828164
89.02553200721741,12.271320659822274
89.08840155601501,12.27631873258094
89.14949917793274,12.28150756155836
89.21216201782227,12.28688345190426
89.22938656806946,12.292418606387443
89.29010152816772,12.298083459733212
89.35416841506958,12.303780119508488
89.42135882377625,12.309525330864817
89.4979522228241,12.315241794141677
89.55972409248352,12.320913856662493
89.6556453704834,12.32649899326129
89.6556453704834,12.331948553892813
89.71757626533508,12.337261257210507
89.8252866268158,12.342418765910537
89.8252866268158,12.347408029517275
89.88843250274658,12.352187376619232
89.95339679718018,12.356771008471586
90.00622224807739,12.361099557501024
90.06593656539917,12.365253716185096
90.12486410140991,12.369203814348214
90.21233677864075,12.372929688563925
90.21233677864075,12.37648280097847
90.26582217216492,12.379822015632412
90.32474732398987,12.382950485363088
90.39756155014038,12.3858514578734
90.47820329666138,12.388560173838206
90.53494644165039,12.391071281097691
90.59568810462952,12.39337029517441
90.66377663612366,12.395499361584836
90.72945880889893,12.397559287287866
90.72945880889893,12.39949010516225
90.8031735420227,12.401351238292118
90.86600255966187,12.403200875024082
90.94065737724304,12.40503672291275
91.00384068489075,12.406900252727212
91.07116985321045,12.408893251198124
91.08764982223511,12.411084439070619
91.15548920631409,12.413506657688949
91.21170282363892,12.41621657241895
91.2785804271698,12.419213181131909
91.35299324989319,12.422522754632702
91.41780662536621,12.426158283599925
91.49450755119324,12.430069004462018
91.49450755119324,12.434266118212442
91.57567620277405,12.438686102939641
91.6697142124176,12.44324016807448
91.67319416999817,12.447939015804337
91.72935390472412,12.452707418451782
91.78703570365906,12.457545359024966
91.85334396362305,12.462366815680909
91.90794467926025,12.467279061047286
91.9681544303894,12.47204399655848
92.02505016326904,12.476725069662773
92.1383171081543,12.481372538299446
92.1383171081543,12.48582635720885
92.25541925430298,12.490103667147219
92.25541925430298,12.494164521591118
92.31680250167847,12.498090320710608
92.37870025634766,12.501931337219135
92.44651222229004,12.505544490306866
92.51400685310364,12.508914792495137
92.55489563941956,12.512052131566852
92.64988279342651,12.514948427312014
92.64988279342651,12.517597101532278
92.71338987350464,12.52003957545381
92.77416014671326,12.522233486911063
92.83238506317139,12.524191275213127
92.93190336227417,12.52593443547359
92.99091982841492,12.527427474417395
93.0080349445343,12.528625676689193
93.07306218147278,12.529577821669363
93.13219022750854,12.530331238737478
93.19486546516418,12.530886268696676
93.25494742393494,12.531207916071327
93.30528688430786,12.531373677318806
93.35743951797485,12.53138328176594
93.4057412147522,12.5313232407882
93.46235227584839,12.531176741930125
93.52100491523743,12.530965424246276
93.61232399940491,12.530737958056438
93.67441415786743,12.530501953177215
93.73800945281982,12.530266296339544
93.75432229042053,12.530027051128888
93.83288025856018,12.529805982098285
93.91319251060486,12.52959904126145
93.98684787750244,12.529446883919574
93.98684787750244,12.52936801855939
94.0982894897461,12.529255327514763
94.0982894897461,12.529307562741558
94.17753458023071,12.529320283299008
94.25278306007385,12.529436545169709
94.30713558197021,12.529626603996762
94.36576223373413,12.529890187200094
94.43645524978638,12.530307667906564
94.45363187789917,12.530820246855509
94.5071017742157,12.531370420514465
94.58028745651245,12.532050758611433
94.6222414970398,12.53286226046722
94.71553564071655,12.533775913194422
94.77526330947876,12.534769763346915
94.84068155288696,12.53589801601873
94.85782384872437,12.537063281745409
94.94716143608093,12.538275689979352
95.02044224739075,12.539566710930675
95.03553247451782,12.540863204363859
95.08650040626526,12.542116602755426
95.14884972572327,12.543321256300596
95.22882080078125,12.544492109651241
95.28694272041321,12.545568720326562
95.33411931991577,12.546544939335657
95.38178730010986,12.547440489211777
95.44886469841003,12.5481727117693
95.51587843894958,12.548763989281202
95.5638337135315,12.549314148136821
95.61503052711487,12.549767578947414
95.68728494644165,12.549990159231841
95.7450807094574,12.549892866647966
95.80301356315613,12.54929790879016
95.86211824417114,12.547988989347035
95.92465949058533,12.545791596913375
96.00729417800903,12.542838913453062
96.02470660209656,12.53934038919318
96.07398796081543,12.535421719427958
96.14123892784119,12.531124129211758
96.19839811325073,12.52646430481192
96.26726865768433,12.521437926464108
96.34745597839355,12.516001011134307
96.36485147476196,12.510208422917353
96.47365307807922,12.504076884877975
96.48924279212952,12.497581632297267
96.58785104751587,12.490776662701526
96.60524272918701,12.48368733779295
96.6600980758667,12.476330542478133
96.77578282356262,12.468710093552447
96.77811789512634,12.460903352472013
96.83928179740906,12.452882597736778
96.9206702709198,12.444729867869883
96.98077821731567,12.436492894702429
97.08600091934204,12.428186911948758
97.08600091934204,12.419854557497217
97.14460897445679,12.411481073346327
97.20852518081665,12.403108483162844
97.27025437355042,12.394851647726604
97.34737825393677,12.38668191582535
97.36501002311707,12.37852031932291
97.41287732124329,12.37031270058758
97.48210287094116,12.361983315424025
97.55615258216858,12.353682703781088
97.63547992706299,12.345356847507263
97.65299129486084,12.3369088890979
97.72728896141052,12.328440484766482
97.79003357887268,12.319882111776483
97.86003637313843,12.311169690105759
97.87579298019409,12.302345717776495
97.93316531181335,12.293433292894864
98.00676012039185,12.284437314392077
98.07730627059937,12.275372368984684
98.13750433921814,12.266239097407976
98.19826292991638,12.256956298778983
98.2567081451416,12.247598958153604
98.31523132324219,12.238222433741445
98.37412714958191,12.22875624341356
98.44573974609375,12.219222485759566
98.46195101737976,12.209583547183591
98.53650951385498,12.19957125180295
98.6363673210144,12.189384953790693
98.6363673210144,12.179132143333595
98.73523664474487,12.16862454724196
98.75099110603333,12.157829612648998
98.8022232055664,12.146844284218947
98.8770534992218,12.13559401033132
98.95003867149353,12.124071551830172
99.01122426986694,12.112235951729463
99.07422971725464,12.10007425778073
99.15338015556335,12.087570623502796
99.15338015556335,12.074699676874351
99.2158191204071,12.061500112793151
99.27990984916687,12.047990778448833
99.36053228378296,12.034220486670375
99.43590044975281,12.020148374917326
99.48401236534119,12.005816768617915
99.56870198249817,11.991236861517143
99.56870198249817,11.976472833595325
99.6317491531372,11.961516269465758
99.70645332336426,11.946457572398948
99.77838015556335,11.931308828363948
99.83617377281189,11.916117090010546
99.85205864906311,11.900954795094542
99.91026592254639,11.885849003795602
99.96989035606384,11.870877828841284
100.03558874130249,11.855988806624147
100.12228751182556,11.841111447511427
100.13795709609985,11.82631245227555
100.25141954421997,11.811594142314233
100.26763463020325,11.796848120385377
100.33279919624329,11.782082230268049
100.40049266815186,11.767274697365423
100.45672631263733,11.752444463905329
100.51996183395386,11.737554652157609
100.5676794052124,11.722641322882303
100.61847305297852,11.707724874531452
100.68366241455078,11.692699127480656
100.74021458625793,11.677476066957036
100.78317737579346,11.661988321825659
100.85064387321472,11.646256217429038
100.9104654788971,11.630308508331028
100.96933388710022,11.614021845397371
101.0316903591156,11.59746054468963
101.11099624633789,11.580739292451462
101.17319989204407,11.563574850627514
101.18822979927063,11.546214371550338
101.24647378921509,11.528538275831696
101.34374141693115,11.510610239708786
101.35944414138794,11.492259486422583
101.44389724731445,11.473384632378208
101.50736832618713,11.454099539146732
101.5816593170166,11.434134445397074
101.59870457649231,11.413613332652782
101.68077778816223,11.392342858122836
101.74088144302368,11.370198012570889
101.81004524230957,11.347286913265911
101.8265311717987,11.323571668155441
101.89772462844849,11.299460321361071
101.95668244361877,11.274836943565816
102.03925132751465,11.249632612706815
102.11843037605286,11.224175280857525
102.11843037605286,11.198267375262478
102.17747783660889,11.17180288346033
102.287846326828,11.145150080797157
102.287846326828,11.118202244518983
102.34773516654968,11.091239904652417
102.40744352340698,11.064230587860122
102.5007266998291,11.037061185010563
102.54106426239014,11.00997803853517
102.59371757507324,10.983376825298395
102.65997982025146,10.957192678949799
102.7236967086792,10.931698528094174
102.78116226196289,10.906838383768543
102.884920835495,10.882659310780818
102.90051031112671,10.858888428887798
102.9648048877716,10.835935409344335
103.0387282371521,10.81327121473086
103.11540031433105,10.79062253491963
103.117356300354,10.767763529490118
103.17423248291016,10.744173904639737
103.25629997253418,10.719954038894993
103.32222700119019,10.695019651107117
103.34021186828613,10.669266786043373
103.41259169578552,10.642370422053764
103.47803378105164,10.614294399738105
103.56361198425293,10.584491555866535
103.58111548423767,10.553079540312417
103.63448858261108,10.521927432212966
103.69454741477966,10.490569072186101
103.80430912971497,10.458799649572633
103.80430912971497,10.42676448289493
103.86400961875916,10.394220849797652
103.93723154067993,10.361082212905595
104.03160262107849,10.328371758044849
104.07555150985718,10.29584969345175
104.12660264968872,10.263069592988113
104.18938946723938,10.23017447560751
104.24725770950317,10.197961215863716
104.31403684616089,10.166190277833577
104.33179664611816,10.134851206623427
104.39430642127991,10.103708998806933
104.4566068649292,10.072778033906552
104.52356481552124,10.04205241849079
104.592280626297,10.011341741922452
104.65532064437866,9.980916305515931
104.71874976158142,9.950930124293512
104.78046202659607,9.921412666621157
104.8428783416748,9.891991548603677
104.85907816886902,9.863349248838466
104.99611520767212,9.835195681779696
104.99911403656006,9.807263805651342
105.05207824707031,9.779396643828369
105.13094115257263,9.751360872498687
105.14782452583313,9.72312275272632
105.1963562965393,9.69531719297493
105.26981687545776,9.669240534818629
105.34105348587036,9.6429995983737
105.40129280090332,9.61718723358309
105.46485209465027,9.591370825991856
105.54312324523926,9.565279788400739
105.56012105941772,9.539049431797647
105.6111912727356,9.51286221258288
105.69472193717957,9.486700654885928
105.75659465789795,9.460576437979567
105.82215762138367,9.434033185640306
105.8892891407013,9.407458682873731
105.90426015853882,9.38025932397928
105.9629123210907,9.35250145693321
106.06933856010437,9.324648458860256
106.06933856010437,9.296335048220616
106.16837406158447,9.26770840600624
106.18576431274414,9.238615797550178
106.27960062026978,9.2086698242167
106.34327006340027,9.178746237609024
106.40204763412476,9.148665506415
106.41932725906372,9.118153025400321
106.48654127120972,9.08734747677673
106.54712963104248,9.056556341882795
106.60513520240784,9.026353639732065
106.66804647445679,8.99679857910067
106.76787447929382,8.968155732554294
106.76787447929382,8.940478157842335
106.82618117332458,8.913621664388046
106.88884687423706,8.887580457795634
106.97359824180603,8.862447726486742
107.03459310531616,8.838017397944434
107.10790228843689,8.814490130400868
107.16554594039917,8.792133197579298
107.24202823638916,8.770071359068275
107.24202823638916,8.748544852693579
107.34817123413086,8.727482070467744
107.34817123413086,8.706904738330735
107.41064214706421,8.686804610673049
107.47583508491516,8.667232967873277
107.53453946113586,8.647446203076969
107.59716486930847,8.62784204677789
107.70400547981262,8.607887827024639
107.70400547981262,8.588045481824823
107.76871061325073,8.568098214815242
107.82225322723389,8.548510334065499
107.87413167953491,8.529191781109274
107.93928408622742,8.509596314056681
108.0293619632721,8.490417888841337
108.04511976242065,8.471504910876739
108.11385822296143,8.452610555990965
108.18880224227905,8.434588294949407
108.26108288764954,8.416845499520326
108.31192803382874,8.39894986003646
108.38462448120117,8.381326620231443
108.40262722969055,8.364157431801576
108.45431637763977,8.347107882840877
108.5134060382843,8.33023414195978
108.61201572418213,8.313944145824241
108.62973260879517,8.298429477841543
108.68978261947632,8.283174785783693
108.77179169654846,8.268790886899819
108.88970708847046,8.254450943688218
108.88970708847046,8.240704228791056
108.95157480239868,8.228211988280604
109.01986646652222,8.216355140785774
109.0365743637085,8.205242177830037
109.09710764884949,8.193269921941129
109.16853833198547,8.18154129064135
109.21531558036804,8.170277216519361
109.2683334350586,8.159942301968256
109.34728360176086,8.150557220667968
109.41391277313232,8.141764762445014
109.47196841239929,8.134176849375596
109.53914070129395,8.12680046928879
109.61350798606873,8.119697090665191
109.62914204597473,8.112848285314069
109.6971755027771,8.10591418168055
109.75531196594238,8.099045530329684
109.81582045555115,8.092120321848604
109.86839079856873,8.085125507277938
109.91733741760254,8.077826293125241
109.9777934551239,8.070709720932115
110.09164714813232,8.0630717886156
110.09164714813232,8.05534116241123
110.1589765548706,8.047256915906784
110.21809983253479,8.039339234081467
110.30923366546631,8.031379837617209
110.32691860198975,8.022755791217987
110.40844130516052,8.014400454086335
110.48062443733215,8.006311754107795
110.49954128265381,7.998909620592477
110.551687002182,7.991629443997433
110.6384174823761,7.984816894216511
110.70126080513,7.978301430684928
110.76474070549011,7.972280101369926
110.82147884368896,7.9668306272060105
110.83720922470093,7.961997222663896
110.90859746932983,7.957820566663614
110.97190546989441,7.954314511850801
111.03438329696655,7.951571169632993
111.09571552276611,7.949651643600753
111.15948033332825,7.948560295555367
111.22158551216125,7.948243972555634
111.25481843948364,7.948675932467037
111.33423280715942,7.949813252219121
111.40042400360107,7.951638239920721
111.4661431312561,7.954183463388464
111.52554655075073,7.957536024569254
111.54352045059204,7.961781508662481
111.60393261909485,7.966994107054249
111.66747689247131,7.973280933049578
111.73479008674622,7.980493800964797
111.79241824150085,7.988680199915565
111.86294913291931,7.997948233516451
111.90320873260498,8.008359425872422
111.97128129005432,8.019883010715107
112.04185080528259,8.032372200908322
112.11856198310852,8.0460177334676
112.11856198310852,8.060589695884222
112.19378590583801,8.07592242829263
112.26306676864624,8.09206611170938
112.29616832733154,8.108853928722997
112.36012983322144,8.125889020692652
112.41519594192505,8.14335841184039
112.47584056854248,16.0862954477746
112.53407382965088,16.1241336999966
112.58230876922607,16.16007841985625
112.66143465042114,16.194011928634737
112.73444509506226,16.22564450185158
112.79578804969788,16.25519433344071
112.8134217262268,16.28264315788246
112.89100456237793,16.30803107227522
112.95579361915588,16.331479379365838
113.01940774917603,16.353201008783707
113.11236524581909,16.37337381896074
113.114004611969,16.392075705083332
113.17633366584778,16.409456650822573
113.22351145744324,16.425862995149373
113.29297757148743,16.44124906183959
113.35103273391724,16.455830628461563
113.42044854164124,16.469599184145494
113.47654008865356,16.482714416022567
113.53703808784485,16.495306824776446
113.60501432418823,16.50744777937818
113.66312456130981,16.519335352020722
113.72095775604248,16.53095332912761
113.78794312477112,16.542367046683577
113.80577564239502,16.553705173369362
113.92740678787231,16.564877724620622
113.92740678787231,16.575827271075568
113.99901580810547,16.58661985853179
114.06765675544739,16.59720023588316
114.11489462852478,16.607549330186096
114.17175626754761,16.61753088937901
114.23504519462585,16.627219009382294
114.29606413841248,16.636557687725507
114.32875895500183,16.645544936262105
114.39525365829468,16.65424911120804
114.46112060546875,16.66281707913102
114.52535963058472,16.670975961073232
114.60332560539246,16.678853997681703
114.61992335319519,16.68630040086941
114.67593884468079,16.693338473635578
114.74206519126892,16.69989642750805
114.79454255104065,16.70598190397848
114.89258027076721,16.712029986757596
114.90720677375793,16.717894588263984
114.96694231033325,16.723312025982217
115.02526044845581,16.7284665508998
115.10527229309082,16.733388245545758
115.17026996612549,16.738147031596622
115.2753233909607,16.742717369825286
115.2753233909607,16.747020267440668
115.3336501121521,16.751068933894008
115.4251070022583,16.754987972571016
115.49571299552917,16.758820210665046
115.49571299552917,16.762349430049277
115.56013488769531,16.765554939172365
115.61742758750916,16.76856579494376
115.676194190979,16.77111704041909
115.72420358657837,16.773328842458582
115.82059454917908,16.775140662294543
115.8362033367157,16.776510971941224
115.92541408538818,16.77743933041837
115.98359060287476,16.777991394716796
116.06967425346375,16.778283111049344
116.06967425346375,16.778256258617805
116.13412690162659,16.777891117908883
116.19186544418335,16.77724024783739
116.32889223098755,16.776384126653905
116.32889223098755,16.775295157851644
116.38831067085266,16.774094720828664
116.46852612495422,16.772814267096262
116.48469829559326,16.771472295626833
116.54673147201538,16.770097369518624
116.60620546340942,16.768681142442087
116.66236090660095,16.767215491902153
116.76368045806885,16.76572697624208
116.82113838195801,16.7643365327664
116.883371591568,16.762915531430302
116.883371591568,16.761412194844205
116.94980359077454,16.75969045031335
117.03005647659302,16.757887348698674
117.1241102218628,16.75590203567205
117.1241102218628,16.75376913900514
117.24864506721497,16.751389842190175
117.24864506721497,16.748697238976867
117.30804514884949,16.745639726903214
117.36648774147034,16.742219055598973
117.42488956451416,16.73841049027726
117.51130938529968,16.73417468011169
117.52920317649841,16.72959974662432
117.57943272590637,16.724529663739528
117.64514565467834,16.718979842599776
117.7203586101532,16.713065523848577
117.77641463279724,16.706691546484112
117.8421459197998,16.69983329025774
117.90493154525757,16.692620277958866
117.9667284488678,16.684846563619985
118.04533958435059,16.676754673891924
118.04533958435059,16.66853713802649
118.12109065055847,16.66011422478411
118.18745923042297,16.651437339399017
118.262038230896,16.642515786934027
118.27989506721497,16.63333945644536
118.37208867073059,16.623901776171248
118.4477608203888,16.614175699711524
118.50419282913208,16.60419975735147
118.57570624351501,16.593962118064468
118.57570624351501,16.583429758196875
118.69158673286438,16.572526269461232
118.69158673286438,16.561297908040828
118.75068616867065,16.549715513667785
118.81623983383179,16.537896445451146
118.90713143348694,16.52565337363883
118.92324876785278,16.513186333665416
118.97476005554199,16.50048770103055
119.058513879776,16.487309381444792
119.12214255332947,16.47371998814104
119.18285155296326,16.459555610362663
119.22721290588379,16.444775020801014
119.29972386360168,16.429283983308615
119.36630773544312,16.412953955203967
119.38377213478088,8.262305819488128
119.48622536659241,8.259420401398415
119.5022931098938,8.255894604315039
119.56531167030334,8.251215134021662
119.62862300872803,8.245556692436221
119.71829175949097,8.239322010896064
119.73547720909119,8.231877804585222
119.81907629966736,8.224518982142445
119.88712072372437,8.217128166616302
119.9464738368988,8.209782411057345
120.02537608146667,8.201371333250567
120.02537608146667,8.189555969445488
120.08881092071533,8.178262182405389
120.14997267723083,8.165885706541014
120.20469427108765,8.153038454418665
120.3086268901825,8.139196804917045
120.32643842697144,8.12514218838747
120.37848734855652,8.110806931702397
120.43726706504822,8.095974327372165
120.49118971824646,8.081481340936886
120.5535774230957,8.067361886565742
120.64757537841797,8.054356646380185
120.66331338882446,8.042410669933147
120.74774169921875,8.031824771795073
120.80818152427673,8.022532476270554
120.85573220252991,8.013585073265693
120.90417623519897,8.005734819418352
120.97048115730286,7.998531343830379
121.0289855003357,7.990923664691298
121.08973622322083,7.983201993433243
121.16993403434753,7.975945666579508
121.1876630783081,7.9693361276198065
121.2748327255249,7.963104309886084
121.33820462226868,7.957166419294075
121.40347599983215,7.95151351131559
121.41924238204956,7.945921084247622
121.47813558578491,7.940752600303309
121.54731869697571,7.935793078089984
121.60511708259583,7.931259730107221
121.69850397109985,7.927178902313243
121.71423983573914,7.923247170481985
121.79477381706238,7.919733611347294
121.85333895683289,7.916692207417466
121.9160418510437,7.914448896680561
121.97599697113037,7.912321753660677
122.03670454025269,7.910651169980598
122.11551070213318,7.908877402293946
122.11551070213318,7.9073730314925825
122.17446112632751,7.906144050312226
122.2339026927948,7.904995231932756
122.30675745010376,7.903973021162718
122.36658716201782,7.903080469926153
122.46554899215698,7.902376966607988
122.46554899215698,7.9016814786391105
122.56892848014832,7.900579370313446
122.58468294143677,7.898862152569479
122.67375779151917,7.896804683187105
122.7333710193634,7.894574369259684
122.80010652542114,7.891673930126125
122.81773638725281,7.888320295440887
122.88969612121582,7.884566855823859
122.9534068107605,7.880557080446805
123.00141763687134,7.876034545617196
123.05302405357361,7.871338658275685
123.1329734325409,7.866156987150412
123.21124839782715,7.860400937390176
123.22709894180298,7.854256593878148
123.27962589263916,7.847693477709462
123.34235048294067,7.840680292359394
123.41952872276306,7.833268649296519
123.55290365219116,7.825561750430811
123.55290365219116,7.817729361360689
123.56752753257751,7.809738404753068
123.63617420196533,7.801881123054186
123.71626996994019,7.794084562658995
123.76446080207825,7.786282067763033
123.8320095539093,7.7782702869638864
123.91447925567627,7.769704782958384
123.93227863311768,7.761117211112499
123.98759651184082,7.752517735122851
124.03399753570557,7.7437471818615755
124.09454202651978,7.735040850180314
124.15484547615051,7.725866837185438
124.2380883693695,7.716573640362639
124.30014944076538,7.707409119791297
124.40485143661499,7.6979219137307595
124.40485143661499,7.688537232925232
124.45546889305115,7.67919074203108
124.54028177261353,7.669732754825728
124.55727887153625,7.660484417648076
124.6134397983551,7.651133753819125
124.674147605896,7.642032263571165
124.76103711128235,7.632377817543004
124.82364916801453,7.622426132131115
124.8820526599884,7.612478975294032
124.95386838912964,7.602712083409352
125.01130151748657,7.593293705910282
125.07408118247986,7.584442348168554
125.0895836353302,7.576049626312413
125.1520323753357,7.567756021728027
125.21639823913574,7.559298648922286
125.27790331840515,7.550686008284771
125.33648085594177,7.541800065144356
125.39936351776123,7.532543617694448
125.48134994506836,7.523143970190233
125.49922800064087,7.513343039527203
125.58863067626953,7.503020369474862
125.60367608070374,7.492623625552873
125.70260190963745,7.4820173758270325
125.71837139129639,7.47143605537038
125.82251071929932,7.461927778667203
125.83988237380981,7.453059948344568
125.90673351287842,7.443835650285588
125.96953511238098,7.434568903058918
126.01801490783691,7.42554494203177
126.07052397727966,7.416789456084616
126.13308072090149,7.407970987933484
126.21021008491516,7.399086390194844
126.27492618560791,7.390330160405699
126.34038758277893,7.381879838171408
126.41925930976868,7.373385522707607
126.41925930976868,7.3648189991704704
126.47608995437622,7.356525834839735
126.54081988334656,7.348683118961169
126.60403728485107,7.340804101701969
126.65081787109375,7.333030957202843
126.72978711128235,7.32494046099313
126.78655695915222,7.316528546433987
126.83832454681396,7.3075803605358844
126.88394069671631,12.187266903443172
126.94074702262878,12.204305447566115
127.01028776168823,12.220454345669156
127.08525395393372,12.235622357462663
127.14440107345581,12.249873499864037
127.20738673210144,12.263752354419323
127.26940059661865,12.277279100103462
127.33289837837219,12.290984640508114
127.34937620162964,12.304869867065221
127.41133761405945,12.319367185752824
127.46918797492981,12.33431184977777
127.53326725959778,12.349859634673543
127.5801374912262,12.366139577114316
127.64027380943298,12.383056093160423
127.70103931427002,12.400811471683156
127.75687503814697,12.419381765449112
127.83975148200989,12.438809693446474
127.8999457359314,12.459208723912973
127.9657826423645,12.48056593882278
128.0690712928772,12.502858138249366
128.0690712928772,12.526059539238105
128.12599062919617,12.549980927596735
128.19005036354065,12.574766521307467
128.2412211894989,12.600236642175108
128.30312323570251,12.626424577548736
128.36127352714539,12.653343853801266
128.42337656021118,12.681040333511508
128.48179817199707,12.709378958109346
128.54582905769348,12.738295038265335
128.62645053863525,12.768142237143527
128.62645053863525,12.798638055108919
128.6898913383484,12.829773114748663
128.75428128242493,12.861419894157446
128.83079385757446,12.891552270779355
128.8643000125885,12.903143046457156
128.91480493545532,12.914423127616992
128.99372601509094,12.925338576585222
129.06122851371765,12.935819257643807
129.12008714675903,12.945738844582158
129.16703343391418,12.955000275107324
129.23565077781677,12.963709550018699
129.28027987480164,12.971751069877243
129.3313889503479,12.979374538027715
129.38982939720154,12.98656452771258
129.44977569580078,12.993177940866548
129.50642800331116,12.999540664665355
129.56507778167725,13.005785162811303
129.62730360031128,13.011775483238413
129.70557570457458,13.017577612586187
129.81927108764648,13.023551916962168
129.81927108764648,13.029874642409888
129.95043635368347,13.036621326751005
129.95043635368347,13.043917200824481
129.96618938446045,13.051678473594551
130.02537608146667,13.06009038448853
130.12397718429565,13.06906774985538
130.1410210132599,13.078731773945778
130.19831228256226,13.088995104647179
130.2561478614807,13.099810895730116
130.31534004211426,13.11115533708483
130.39771485328674,13.123023230769599
130.4623601436615,13.135256322805875
130.57896184921265,13.147844664682669
130.57896184921265,13.16068444619905
130.63912558555603,13.173830661814758
130.69390392303467,13.187165571000566
130.75648427009583,13.200662874715555
130.8209617137909,13.21425933879744
130.8368742465973,13.227822254608569
130.89776611328125,13.2411376666678
131.0123748779297,13.254064223441352
131.0123748779297,13.266562803463492
131.1013469696045,13.278654517572438
131.16528296470642,13.290372788305492
131.23269248008728,13.301696816344792
131.24936747550964,13.31266188493334
131.3272407054901,13.323337731464287
131.38491249084473,13.333787057594408
131.44923162460327,13.344109194406547
131.52606892585754,13.354347088761783
131.54288959503174,13.364605815076024
131.59154796600342,13.374936948881778
131.67380905151367,13.38541030410788
131.7362415790558,13.396085231390884
131.7950882911682,13.406962296827784
131.85632300376892,13.418102394443586
131.93661952018738,13.429509671604006
131.95278024673462,13.441253006267711
132.00330805778503,13.453356057261288
132.06476950645447,13.465857196571475
132.15288996696472,13.478763510708703
132.21622157096863,13.492080675270357
132.2931489944458,13.50586148738133
132.2931489944458,13.520071026382016
132.36438536643982,13.534715606494649
132.42327523231506,13.549770913989928
132.4899718761444,13.565183940200631
132.56980967521667,13.580966281947632
132.58548951148987,13.59707533523286
132.6601848602295,13.613494518842002
132.7234709262848,13.63018590508912
132.78077626228333,13.647081829933569
132.84466910362244,13.664111778070474
132.90598511695862,13.681222299162707
132.97851395606995,13.698368831907532
132.99629139900208,13.71551588762732
133.04758954048157,13.732645169789778
133.11405491828918,13.749730426233764
133.2096939086914,13.766779839531157
133.22719383239746,13.783748311144839
133.28119564056396,13.800643594358593
133.34354090690613,13.81745298003505
133.42358541488647,13.83418002017448
133.48193168640137,13.85082779202143
133.54149413108826,13.86737827635592
133.6018431186676,13.883828391586826
133.66006636619568,13.900193132448507
133.70594429969788,13.91649534488317
133.76410484313965,13.93277790954571
133.81266045570374,13.949074323275129
133.87278842926025,13.965452701573517
133.91776084899902,13.981969170498125
133.9728491306305,13.998676282548047
134.03564929962158,14.015633115335543
134.11342239379883,14.032905388413777
134.19181370735168,14.050562492288362
134.27972054481506,14.068638052360543
134.27972054481506,14.08717108494218
134.34006810188293,14.106216628878668
134.43387603759766,14.125785385097291
134.45097041130066,14.145865479677521
134.52821493148804,14.166432444611429
134.58580446243286,14.187439888790708
134.63100361824036,14.208861831577991
134.6807119846344,14.23061462202717
134.7393717765808,14.252648590164657
134.79762053489685,14.274922774306244
134.90685868263245,14.297340637708668
134.90685868263245,14.319844358833095
134.96861100196838,14.342408424911806
135.03508305549622,14.365036066793033
135.11384558677673,14.387742807761711
135.17681741714478,14.410448628260214
135.25497817993164,14.433295244033092
135.25497817993164,14.45626931079133
135.32451486587524,14.479598274226175
135.3806755542755,14.503448982924718
135.44361329078674,14.528026150239361
135.50604486465454,14.553582841674356
135.5684859752655,14.580398954570214
135.65451049804688,14.608559446313969
135.72011303901672,14.638298112266186
135.72063159942627,14.669865462274101
135.7964150905609,14.70338853207726
135.86849999427795,14.739099071366105
135.92628526687622,14.777135265547836
135.99311351776123,14.817692341280198
136.01023387908936,14.86097212282972
136.11610317230225,14.907293287885885
136.13173007965088,14.956665141656586
136.19598031044006,15.009350272531089
136.27117466926575,15.065477010047601
136.34075236320496,15.125131012224935
136.41746640205383,15.188503128343697
136.41746640205383,15.245187072316002
136.48451042175293,15.279365686616147
136.54856634140015,15.31247500103576
136.64640593528748,15.344446324428345
136.64640593528748,15.375239505734207
136.70896244049072,15.404956353208128
136.76848030090332,15.433591379434805
136.83177375793457,15.461152808767881
136.90940380096436,15.487686499240327
136.97215485572815,15.513255939667786
137.05042791366577,15.537858319498273
137.0676703453064,15.561657493551532
137.12250900268555,15.584713493787257
137.18160557746887,15.607081131046805
137.2443356513977,15.628868894127802
137.31137990951538,15.650070246798865
137.36815285682678,15.67069771534728
137.44303560256958,15.690785455960674
137.5070128440857,15.710395791792852
137.5683867931366,15.729523287282541
137.5859398841858,15.748246931092995
137.6503279209137,15.766606765072918
137.71462416648865,15.784663089552314
137.7761299610138,15.80241179000383
137.85580444335938,15.819916243217074
137.87210130691528,15.83721844719888
137.95952606201172,15.854381654653363
138.019300699234,15.871424792700443
138.0667223930359,15.88846330694044
138.11177682876587,15.905485333496875
138.17635679244995,15.922529687243019
138.24017238616943,15.939634134251289
138.28735661506653,15.956785656873963
138.34006762504578,15.973921990013135
138.40121507644653,15.991064958921463
138.45548462867737,16.008162554917806
138.546373128891,16.025172568145933
138.6107759475708,16.042021552925107
138.66811847686768,16.058693175856856
138.74622583389282,16.075111285976888
138.74622583389282,16.09128421923739
138.81377339363098,16.107182983368165
138.8657147884369,16.122832044540925
138.93150639533997,16.138135721256976
138.99047684669495,16.153115160419873
139.04683566093445,16.16775854015763
139.1051995754242,16.182094795999394
139.16792941093445,16.196101057599254
139.24604058265686,16.20981141989697
139.30544900894165,16.22324092995291
139.32107591629028,16.236407835506135
139.39181804656982,16.249336901618182
139.4720380306244,16.262058033478876
139.53017377853394,16.274576923252816
139.5934145450592,16.28691578877563
139.6757848262787,16.299075617655596
139.6757848262787,16.3110776846368
139.7344105243683,16.322908393933382
139.79590964317322,16.33458824516191
139.861319065094,16.34611041079794
139.908029794693,16.357451465546525
140.0016496181488,16.368604825517316
140.0640025138855,16.37954706764789
140.1222219467163,16.390261732168252
140.13979840278625,16.40072516827793
140.22577905654907,16.410925452544404
140.28522610664368,16.42080946549162
140.34414553642273,16.430339642545263
140.43795824050903,16.439475173681924
140.43795824050903,16.448162469762433
140.55171990394592,16.456386780762998
140.55171990394592,16.464106482502356
140.6145842075348,16.471322682237044
140.67591977119446,16.478030244509384
140.7877266407013,16.4842212449792
140.7877266407013,16.48989972751187
140.87114119529724,16.49508594917524
140.93094635009766,16.499808779752296
140.99168515205383,16.504090185203975
141.00873446464539,16.507981673780073
141.10410237312317,16.511530206172484
141.16755414009094,16.514779670851212
141.22697281837463,16.517777504618365
141.24352765083313,16.520563919864017
141.309752702713,16.523177774229996
141.36911296844482,16.525648830414823
141.4454207420349,16.528004058133693
141.53430557250977,16.530264270411653
141.53430557250977,16.532441044086596
141.59278655052185,16.534550449780205
141.655531167984,16.536604489354584
141.7338273525238,16.53861378155235
141.7971649169922,16.540580992700235
141.8674247264862,16.542504467026035
141.8831284046173,16.544375376567178
141.95033740997314,16.54619302326866
142.01405096054077,16.547942466986534
142.0757212638855,16.549605998400306
142.17134356498718,16.55116142312064
142.17134356498718,16.552579095530987
142.23441886901855,16.553812449289996
142.3176338672638,16.55480718093876
142.3768172264099,16.555522231814432
142.4379904270172,16.555937222062074
142.49344444274902,16.556021954279363
142.58291578292847,16.555713035387548
142.58291578292847,16.554974816412297
142.7034752368927,16.553795832454185
142.7034752368927,16.55217005534457
142.78297996520996,16.550087547805436
142.85037660598755,16.54755836449918
142.86600160598755,16.544581868122552
142.9371953010559,16.54118000733757
143.0043306350708,16.537370628576596
143.06786441802979,16.53318180757015
143.12946271896362,16.52864292167757
143.19190621376038,16.5237902925328
143.24623322486877,16.518665073735256
143.31071662902832,16.51330620359534
143.36868906021118,16.507764886297718
143.4337797164917,16.502077780120864
143.49215030670166,16.496290013497966
143.51290273666382,16.49044475511782
143.57560420036316,16.484583084708724
143.63824009895325,16.478742511103892
143.7006959915161,16.472953150159142
143.76327061653137,16.4672470899674
143.8215880393982,16.46165472340619
143.87957644462585,16.456195005243337
143.925874710083,16.450887725239493
143.99620246887207,16.445730629639957
144.0435049533844,16.440730794561997
144.09460139274597,16.435881368462372
144.17560982704163,16.43117421992778
144.2543489933014,16.426593433248186
144.27251362800598,16.42210884557647
144.32951879501343,16.41766966886847
144.3877353668213,16.413222975722707
144.44637727737427,16.408726085637678
144.5014967918396,16.404135199379393
144.5763828754425,16.399406414818575
144.64981889724731,16.39450795390945
144.71394991874695,16.38941291019369
144.72957396507263,16.38408853710445
144.78448748588562,16.37853839137393
144.8671133518219,16.372750063713905
144.93364071846008,16.366732383225152
144.9968500137329,16.36050171222164
145.06484031677246,16.354072162824366
145.11076307296753,16.347479154212905
145.17138481140137,16.340743032085154
145.2669677734375,16.333896735504773
145.2669677734375,16.326982951158865
145.3625180721283,16.32003904831989
145.37764739990234,16.313104072452965
145.43426489830017,16.306213136605308
145.49633741378784,16.29939941680362
145.55473828315735,16.29269371533936
145.6173849105835,16.28612482292929
145.686674118042,16.279710799436295
145.7517249584198,16.27347450184123
145.82071685791016,16.267434627347953
145.83633875846863,16.261601170313845
145.90205144882202,16.255988014813816
145.9584562778473,16.250601887179936
146.03454494476318,16.245447166159444
146.08609461784363,16.24053229254252
146.1475124359131,16.235863677656248
146.19720578193665,16.231449754115623
146.35402846336365,16.227296726905234
146.35402846336365,16.22341117194663
146.35402846336365,16.219788882437573
146.45830178260803,16.2164220772245
146.473956823349,16.213291667532076
146.5296618938446,16.210373547348418
146.61276173591614,16.207642418531634
146.67437624931335,16.205065910447306
146.70564603805542,16.202615437598812
146.7971019744873,16.200261371423007
146.85413455963135,16.19797752127102
146.90928673744202,16.195735564346105
146.97342038154602,16.193512107727145
147.02558183670044,16.191286996405317
147.08767676353455,16.18904098864648
147.13648986816406,16.18675948551892
147.188973903656,16.184428027896395
147.23575830459595,16.182033684523713
147.29215455055237,16.17956212091552
147.37089490890503,16.17700363276242
147.44179320335388,16.17435841587934
147.50499081611633,16.171630292518188
147.51867961883545,16.168827372381863
147.57513976097107,16.16596093874986
147.65800023078918,16.163049350355955
147.7237765789032,16.16011256375679
147.78343987464905,16.15717811260454
147.83580493927002,16.154274434163042
147.90002965927124,16.15143604280029
147.95074677467346,16.14869810481458
147.997887134552,16.146102242225652
148.09124898910522,16.143696946898736
148.10676455497742,16.141542110652065
148.19923377037048,16.139678288365925
148.21691584587097,16.138152152416936
148.3352174758911,16.13699949580989
148.3352174758911,16.13625009409644
148.4075107574463,16.1359260997737
148.4664580821991,16.136042431545395
148.5114939212799,16.136602208615606
148.57071018218994,16.137608418738772
148.65040922164917,16.13904299798567
148.7163643836975,16.14089067636244
148.78856682777405,16.1431233885742
148.83088970184326,16.14568977983275
148.92392253875732,16.148534418887305
148.92392253875732,16.15160619667857
148.98737597465515,16.154845929139103
149.049902677536,16.158190432051576
149.10809135437012,16.161593127157357
149.17120814323425,16.164998511365486
149.2654047012329,16.168365549436217
149.2654047012329,16.17165100623259
149.32496404647827,16.17482142003896
149.4088270664215,16.1778392798579
149.47155904769897,16.18068229890543
149.53531670570374,16.18332948619587
149.5957579612732,16.185769493611396
149.61282753944397,16.187989660116408
149.67782735824585,16.18999910016456
149.7826509475708,16.191795539654205
149.8374638557434,16.193386327866993
149.88773369789124,16.194792226851906
149.90506052970886,16.19605028317008
149.97255110740662,16.197198128130832
150.05007910728455,16.19828129336299
150.11191844940186,16.199339465423776
150.21293902397156,16.200412574721746
150.21293902397156,16.201527023371458
150.3079092502594,16.202727183415895
150.32562565803528,16.204038643530716
150.41575860977173,16.205472785423627
150.4315140247345,16.2070376318611
150.48684811592102,16.208735473366254
150.55784678459167,16.21055676899715
150.6326608657837,16.212488082520547
150.6852526664734,16.214511680524886
150.7509686946869,16.216605872659894
150.81286001205444,16.218748397111018
150.86551761627197,16.220914552874923
150.92962861061096,16.223086396224836
150.9768590927124,16.22524100643397
151.02985954284668,16.227361936037397
151.08834648132324,16.22943591008269
151.13984274864197,16.231448678830372
151.19069957733154,16.233387052000584
151.25002193450928,16.23524048688446
151.3337697982788,16.236993233600455
151.3964855670929,16.238643957019796
151.4560911655426,16.240180085679807
151.51638317108154,16.241599021142925
151.53395771980286,16.24290206029532
151.72428822517395,16.244087393106398
151.72428822517395,16.24515301794874
151.72428822517395,16.24610092982609
151.78312516212463,16.246939561787173
151.84545755386353,16.247678756757743
151.9325189590454,16.248319093714745
151.94414520263672,16.248870901212708
152.07866668701172,16.249338077101683
152.07866668701172,16.249731275584466
152.1410677433014,16.25005352138843
152.19921374320984,16.250299918898907
152.30225896835327,16.250454115720714
152.30225896835327,16.25050254951033
152.3706030845642,16.250429019017968
152.44963216781616,16.25021122625605
152.46414613723755,16.24982645875947
152.5569088459015,16.249247034858215
152.66088104248047,16.248447821660783
152.66088104248047,16.247408332487762
152.72456550598145,16.246112853576445
152.78804659843445,16.24455277152898
152.86487770080566,16.242719959673746
152.8805229663849,16.24061550133547
152.94461631774902,16.238253746101986
152.98900365829468,16.235639566659327
153.08234643936157,16.23278139912613
153.10057592391968,16.229691823067064
153.19790267944336,16.22638744869672
153.25749516487122,16.222878426732308
153.31199288368225,16.21918029544648
153.37230801582336,16.21530778376332
153.42486572265625,16.211275736262465
153.4830391407013,16.207100717666624
153.53796768188477,16.202798296374223
153.59935188293457,16.198389602027376
153.6617956161499,16.193896495456418
153.7403712272644,16.189335024244784
153.7403712272644,16.184719600965266
153.80010676383972,16.18005386701012
153.86814188957214,16.175341493642154
153.92889380455017,16.1705756451915
154.0089864730835,16.165749721314373
154.0866334438324,16.16085834631188
154.10449957847595,16.155899023117694
154.17315077781677,16.150875066243746
154.23645782470703,16.145796956335946
154.30018496513367,16.140668269375716
154.3513035774231,16.135489842497762
154.4120819568634,16.130255689795185
154.49007272720337,16.124954602050288
154.50571942329407,16.119564186426313
154.55748391151428,16.11405613512779
154.64149260520935,16.108399889333562
154.70796918869019,16.10255828693728
154.77054595947266,16.0964958434218
154.86847066879272,16.09017605148799
154.86847066879272,16.0835613653837
154.93689632415771,16.076616471506842
154.9935040473938,16.069307737080962
155.04959917068481,16.061603706145583
155.08238983154297,16.05347844545666
155.14490818977356,16.044917770598463
155.20296835899353,16.035905932035313
155.26166129112244,16.026436512127425
155.3196873664856,16.016498902835075
155.39956212043762,16.00607690338319
155.4614384174347,15.995163080823998
155.5237898826599,15.983751955590936
155.5829315185547,15.971846517152875
155.59991931915283,15.959449675451147
155.6801357269287,15.946570538472113
155.74440336227417,15.93323748027981
155.7987139225006,15.919480029464747
155.86072206497192,15.905347362989225
155.91971373558044,15.890890812478714
155.9680471420288,15.876157262850835
156.02916646003723,15.86118260809982
156.0906958580017,15.845987591734165
156.1749074459076,15.830610068432453
156.18953800201416,15.815021214326675
156.24621605873108,15.799217789200819
156.33250188827515,15.783191544927263
156.39413237571716,15.7669494220416
156.4535892009735,15.750509520505664
156.50744247436523,15.73390274363687
156.5694863796234,15.717149709515684
156.66494822502136,15.70027220594543
156.66494822502136,15.683273119115086
156.73666286468506,15.6661774684815
156.80040097236633,15.648984787907153
156.8614580631256,15.631648198428124
156.94004011154175,15.614124401713509
156.94004011154175,15.59634927930923
157.00025844573975,15.578232462698667
157.06325483322144,15.559666319541543
157.16107773780823,15.540518612254225
157.1780698299408,15.520626826106913
157.26450276374817,15.499849313056199
157.32802844047546,15.47804518151154
157.38249683380127,15.455108006209333
157.47787618637085,15.430934720590532
157.47787618637085,15.405458055678812
157.5367066860199,15.378575938342117
157.59931707382202,15.350246968917181
157.68167114257812,15.320424424670783
157.74498343467712,15.289148646932635
157.81274390220642,15.256346598678864
157.81274390220642,15.221961320981235
157.86926317214966,15.187234575619268
157.94942951202393,15.153141504842024
158.03455114364624,15.119859618947913
158.0522060394287,15.087501961975395
158.10413265228271,15.056203870508272
158.18312191963196,15.026052096165326
158.26109766960144,14.99711794883205
158.27866888046265,14.969497158095528
158.3692045211792,14.943181974277019
158.4281129837036,14.918190874914346
158.48580527305603,14.894527259281244
158.54422235488892,14.872129456195879
158.60919618606567,14.85086491503021
158.62623357772827,14.830673701239759
158.70602989196777,14.811403904001635
158.80640745162964,14.792847450204237
158.80640745162964,14.774929753727475
158.86081647872925,14.757506740456174
158.92425632476807,14.740375278222684
158.98207879066467,14.723490714845386
159.04447317123413,14.706709206872201
159.09703707695007,14.689944966331263
159.15687322616577,14.673078804645604
159.2283375263214,14.656093453071097
159.27565169334412,14.638959261730035
159.33213543891907,14.621616645912125
159.39924931526184,14.604081321503322
159.4934618473053,14.586377329137333
159.50913667678833,14.568496756490498
159.57643914222717,14.550481886561746
159.64019465446472,14.532366980148238
159.7025022506714,14.514215820110394
159.75520968437195,14.496110407524913
159.8279013633728,14.478133478975865
159.8974254131317,14.460305616467801
159.91318345069885,14.442731518884806
160.0016770362854,14.425426166735534
160.0198175907135,14.408497809112674
160.1142919063568,14.391962133848184
160.18935918807983,14.375814414500622
160.25416564941406,14.360152189497914
160.25416564941406,14.34499726519044
160.3356637954712,14.330325548119566
160.43968105316162,14.3161544971059
160.43968105316162,14.302472435225143
160.51452445983887,14.289270360933573
160.57775378227234,14.276543068874217
160.63700532913208,14.26427285624724
160.69828152656555,14.252456133073514
160.76124334335327,14.241086304730635
160.7788372039795,14.230170478553282
160.84504580497742,14.219705112808471
160.89379572868347,14.209709755494124
160.99154567718506,14.200197183110726
161.04862880706787,14.191153986161583
161.12780284881592,14.18257302317835
161.12780284881592,14.174420385984256
161.2071681022644,14.166714074773935
161.31201577186584,14.159403034478546
161.31201577186584,14.152446525409484
161.3916563987732,14.14580017053947
161.44858074188232,14.139430027345158
161.50486755371094,14.133286414454837
161.55972957611084,14.127329085301986
161.61994242668152,14.12153577035743
161.67935752868652,14.11588222067836
161.76375341415405,14.110363388663473
161.76375341415405,14.104966947222056
161.8409366607666,14.099687634487976
161.91039085388184,14.094519968066177
161.96908354759216,14.089469763264953
162.03129744529724,14.084550785858308
162.0941503047943,14.079768041818635
162.17330384254456,14.07512694310254
162.17330384254456,14.070652560640054
162.23189640045166,14.066355979835295
162.29788255691528,14.062272063851307
162.36980628967285,14.05842736631873
162.42350101470947,14.054841847493098
162.48165249824524,14.051549550512055
162.53008151054382,14.04858746585296
162.5854630470276,14.045986547633737
162.66094255447388,14.043731372852886
162.78021430969238,14.041847775230577
162.78021430969238,14.040374796162006
162.8727889060974,14.039253274682082
162.8727889060974,14.038488031128317
163.00630521774292,14.038102875562005
163.00630521774292,14.038070457484753
163.0686604976654,14.038398058892007
163.12800526618958,14.039063314083007
163.20663595199585,14.040028611798668
163.22440338134766,14.04127676573348
163.2808883190155,14.042762897873779
163.341166973114,14.044433461929376
163.41039991378784,14.046235622768043
163.49098014831543,14.048161253012712
163.54058504104614,14.05017791845973
163.59254574775696,14.052257455396418
163.65840983390808,14.05437045235013
163.7187511920929,14.056498443338004
163.8069202899933,14.0586380499036
163.8069202899933,14.060797521011168
163.86047291755676,14.062941231250155
163.9266073703766,14.065067753278905
163.98692536354065,14.06720404976005
164.0483043193817,14.069391237181392
164.148850440979,14.071642503414937
164.148850440979,14.073974889195522
164.2310152053833,14.07639611115925
164.33550095558167,14.078917306879928
164.33550095558167,14.081543303424182
164.42601084709167,14.08428758109171
164.51021718978882,14.087165068439175
164.51021718978882,14.090168314078
164.55986523628235,14.093267532085378
164.62672567367554,14.096462096649594
164.6857397556305,14.099740830392856
164.76062035560608,14.10308514085075
164.8108310699463,14.106479576395238
164.88138127326965,14.109925737732228
164.94403076171875,14.113439161015766
165.01970767974854,14.117005981645908
165.01970767974854,14.120642982072496
165.10947728157043,14.124345153003922
165.17373657226562,14.128170471893233
165.2436363697052,14.132087717105192
165.25979590415955,14.136088208744656
165.32227182388306,14.140161249234566
165.3819899559021,14.144285356292862
165.4581000804901,14.148452703769653
165.5393843650818,14.152645818428327
165.55508661270142,14.156842562048702
165.60610580444336,14.161028636661706
165.66379809379578,14.165179757210844
165.76077818870544,14.169260711150091
165.81904554367065,14.173229178894903
165.83470797538757,14.177046420817433
165.92474031448364,14.18067979402448
165.98489356040955,14.184111104033278
166.0477192401886,14.18732770612098
166.1019389629364,14.190314322063792
166.17677307128906,14.193050801633728
166.2389509677887,14.195528533910915
166.2389509677887,14.197740785730856
166.32334351539612,14.19969354745587
166.3857593536377,14.201378754728998
166.44865131378174,14.202795374779432
166.507399559021,14.20397230104036
166.55874681472778,14.204912219642079
166.6512951850891,14.205623723667452
166.6512951850891,14.206135547898146
166.70993447303772,14.206460170487432
166.76409101486206,14.206615034061755
166.82248950004578,14.206613720683603
166.89241766929626,14.206478378275577
166.96787214279175,14.206212843771889
167.04203701019287,14.205833081607526
167.12621068954468,14.205344677672855
167.12621068954468,14.204764490398627
167.20485258102417,14.204118312862704
167.28461146354675,14.203426397836765
167.3437831401825,14.20269699494125
167.3437831401825,14.201940989056393
167.43364214897156,14.20115922940377
167.49379873275757,14.200335139689905
167.56006813049316,14.199450872220353
167.62216997146606,14.198458867186112
167.69716691970825,14.197311281928185
167.69716691970825,14.195953764489712
167.75675129890442,14.194308647008494
167.8187506198883,14.19229913225519
167.9488480091095,14.189848119831986
167.9488480091095,14.186894440075156
168.03515028953552,14.18336038969871
168.05274176597595,14.179190478265546
168.1055464744568,14.17432162685394
168.1800615787506,14.168701755769094
168.24290418624878,14.162304442547864
168.29731702804565,14.155063904994739
168.35285687446594,14.146938302529486
168.40988397598267,14.137925266900448
168.4720652103424,14.128021376191333
168.53122568130493,14.117222366741885
168.58525824546814,14.10552959795608
168.67611002922058,14.092955567901061
168.6916205883026,14.079511721939411
168.74414110183716,14.065230483878203
168.80633521080017,14.050127914769563
168.9011993408203,14.0342161580023
168.9641454219818,14.01751689260295
169.02634811401367,14.000032583927595
169.04388213157654,13.981776723510624
169.10961031913757,13.962748090509416
169.16924905776978,13.942969449655525
169.23884654045105,13.92246054060141
169.31289339065552,13.901211509458435
169.37684178352356,13.879262294950596
169.38969731330872,13.85664000892219
169.44303703308105,13.833379918905969
169.5175540447235,13.809508352763626
169.58074164390564,13.785043249856983
169.64332103729248,13.760000508768751
169.73059153556824,13.734433739024029
169.73059153556824,13.70832306065474
169.79291772842407,13.681657335228005
169.85973620414734,13.654393851853524
169.9219090938568,13.626530661429456
169.97488522529602,13.597978466724323
170.02728939056396,13.568684196659467
170.09414148330688,13.538515441775479
170.1554458141327,13.50737812338572
170.28076195716858,13.47514769833547
170.28076195716858,13.441673497295538
170.3433644771576,13.406793682798936
170.40493893623352,13.3704148943792
170.46389484405518,13.332381036522557
170.52605867385864,13.292485486159618
170.54323387145996,13.25063761317804
170.62948369979858,13.206690947178027
170.69289588928223,8.487026221740336
170.7488374710083,8.674575605358834
170.8011441230774,8.849390343957884
170.87954449653625,9.013584366981712
170.89701771736145,9.168194889202272
170.96567034721375,9.315546003390809
171.02989840507507,9.456636702774071
171.07837176322937,9.597805573570373
171.13866186141968,9.73460166318541
171.2014193534851,9.86549908935109
171.28627347946167,9.992593548240645
171.3020646572113,10.115301792651987
171.3839967250824,10.232640180637041
171.4473011493683,10.342262304858425
171.51332569122314,10.44576658263507
171.57197093963623,10.540856576948185
171.62595105171204,10.616544594785404
171.68869423866272,10.673754795532142
171.74261140823364,10.716681148774622
171.84171223640442,10.749444844799726
171.84171223640442,10.774902131825657
171.90106225013733,10.79452220828095
171.95936799049377,10.80901814727666
172.0504548549652,10.819600743807015
172.06790280342102,10.827168248241922
172.11763381958008,10.8317328447187
172.18864154815674,10.834421426850621
172.28051805496216,10.835943940524743
172.29712462425232,10.83649479254883
172.36257815361023,10.836126107963116
172.42619395256042,10.83521641914747
172.48856902122498,10.833830709769863
172.57786321640015,10.832432944761162
172.5930507183075,10.830940270764557
172.64654088020325,10.829594963253324
172.71176958084106,10.828802924632244
172.78059649467468,10.828743815360202
172.83839774131775,10.829307216360164
172.91661739349365,10.830848757892879
172.93237495422363,10.833286924884545
172.98436832427979,10.83654060180679
173.0422761440277,10.840605023223745
173.10109066963196,10.845252621825349
173.17046356201172,10.850554247030026
173.24575781822205,10.856485272014115
173.30988359451294,10.863193911942005
173.36895895004272,10.870692347591463
173.43132972717285,10.878692477337855
173.4844000339508,10.887028397239227
173.5426435470581,10.89585788960746
173.60997104644775,10.905007847193911
173.62713241577148,10.914459633919563
173.687175989151,10.92426191195227
173.74761295318604,10.934384445370624
173.8090751171112,10.944714666780001
173.91185522079468,10.95511048531894
173.92775964736938,10.965713690669364
173.9926402568817,10.976562148065462
174.05070686340332,10.987545755105469
174.11444902420044,10.998514663852037
174.1756820678711,11.009454199832405
174.23420310020447,11.020339976685403
174.3214454650879,11.031118354733898
174.3214454650879,11.041683001934185
174.38601517677307,11.052101342471536
174.45086765289307,11.062282257499826
174.50941801071167,11.072178273897165
174.55737900733948,11.081755699750689
174.6244888305664,11.09101566854257
174.68770503997803,11.099960509946715
174.77122855186462,11.108551102786079
174.78692173957825,11.11678590729024
174.88753604888916,11.124670955831498
174.90329432487488,11.132217368831393
174.99972558021545,11.139441732666972
175.1053454875946,11.146349675514516
175.1053454875946,11.152976764582599
175.2036440372467,11.159339197030839
175.2036440372467,11.165444759527942
175.26776838302612,11.171304108555232
175.3570168018341,11.176896116183451
175.3746955394745,11.182254075909245
175.4256706237793,11.187387923560207
175.48936915397644,11.1923391533092
175.5511109828949,11.197106334552723
175.63056111335754,11.201830174636063
175.68802952766418,11.206588178395698
175.7678141593933,11.211387189852461
175.78507566452026,11.21631839096573
175.85000157356262,11.221455673910695
175.92313408851624,11.226945104326106
175.97958874702454,11.232749792136309
176.06286215782166,11.238960459254963
176.0785267353058,11.245615167503944
176.13001704216003,11.252762355622991
176.1926510334015,11.26042702762868
176.26782274246216,11.268640504843802
176.38712096214294,11.277442255723331
176.38712096214294,11.286818552747894
176.45046472549438,11.296731149294914
176.49956512451172,11.30714574207135
176.53912782669067,11.31805290527516
176.59502696990967,11.329415230702375
176.65938806533813,11.341143772095089
176.71786618232727,11.353163937491683
176.80178141593933,11.365478559327492
176.8588547706604,11.378015473262996
176.92104196548462,11.39078231301998
176.9947760105133,11.403923245834438
177.03826189041138,11.41725714104224
177.09289693832397,11.4306046673477
177.14534211158752,11.444079065673593
177.20475673675537,11.457618860403453
177.35010933876038,11.470965782642903
177.35010933876038,11.484514121695836
177.35010933876038,11.49812073494882
177.45562076568604,11.511617009559027
177.47074270248413,11.525032908989857
177.5657639503479,11.538259493309132
177.58152532577515,11.551491847440118
177.6378629207611,11.564885614626894
177.7075800895691,11.578355268200289
177.78336596488953,11.59154519419085
177.84175300598145,11.604828775455376
177.90534472465515,11.618138836918888
177.98819756507874,11.631529831945596
177.98819756507874,11.644797739113296
178.0613157749176,11.658128351014412
178.1230263710022,11.67143589661234
178.19136667251587,11.684810579989941
178.28716397285461,11.69812055427126
178.28716397285461,11.711536519184971
178.37720823287964,11.725944779678093
178.43310356140137,11.740699464921214
178.5085871219635,11.756508432771584
178.5085871219635,11.773098834189494
178.5843641757965,11.789996164474479
178.63782238960266,11.807376652887585
178.73710083961487,11.825375941168208
178.80011439323425,11.84409343653877
178.8026921749115,11.863467380167748
178.8706660270691,11.883419882767331
178.93748259544373,11.903783299384935
178.9975483417511,11.924586497064231
179.089923620224,11.945694600865576
179.10725235939026,11.967384918241743
179.26626205444336,11.989495223167019
179.2697570323944,12.012120151227741
179.27146291732788,12.035164373104484
179.35087299346924,12.058293572683192
179.40427327156067,12.081565895466015
180.05675292015076,12.105234613143484
180.05675292015076,12.128992544008213
180.05675292015076,12.152961307676533
180.05675292015076,12.177604596956288
180.05675292015076,12.202497800512777
180.05675292015076,12.227658082703199
180.05675292015076,12.25280029293922
180.05675292015076,12.278022172317392
180.05675292015076,12.30372768154571
180.05675292015076,12.329907006053006
180.05675292015076,12.356532053408088
180.12312412261963,12.383824747897803
180.1497519016266,12.411791250335558
180.20908212661743,12.440325941234056
180.27860689163208,12.469524156075973
180.3785252571106,12.499521002286896
180.3785252571106,12.530571547221507
180.43733263015747,12.562710184580277
180.48980355262756,12.595989757083991
180.54620003700256,12.630481291900907
180.61139464378357,12.666059458366735
180.671489238739,12.702875517445538
180.75016903877258,12.740837102088861
180.81596159934998,12.780219401800862
180.8759732246399,12.820875212523184
180.9788908958435,12.862582078854762
180.9788908958435,12.909949129606998
181.04181289672852,12.964242575473703
181.09405732154846,13.01562316215884
181.15791773796082,13.06444827649978
181.210604429245,13.110883573909641
181.27923369407654,13.15486279366732
181.3535294532776,13.196983675227557
181.36928820610046,13.237046918136304
181.4579472541809,13.275200509988855
181.4735758304596,13.311721765155811
181.55752563476562,13.346749622959075
181.6166534423828,13.38033935403099
181.6713571548462,13.412617421969262
181.7262783050537,13.443616958739657
181.77685570716858,13.47349005387211
181.82885694503784,13.502360790178027
181.93908262252808,13.530184543411535
181.93908262252808,13.557160149267913
182.02132511138916,13.583333674147623
182.0860779285431,13.608626112851017
182.14948272705078,13.633175485414087
182.22247338294983,13.656998148557738
182.26397562026978,13.68014840234476
182.30981063842773,13.702623794727712
182.36228847503662,13.724498251437574
182.41686415672302,13.745803363822532
182.47919034957886,13.766681617524537
182.52685022354126,13.787108823517528
182.6367928981781,13.807098220604248
182.6367928981781,13.826730838703293
182.69525146484375,13.845964548670576
182.77491688728333,13.864768030783711
182.84506940841675,13.883291892507764
182.90743041038513,13.90150301679334
182.97052669525146,13.919441868640957
182.98807978630066,13.937095807157336
183.05324053764343,13.954491135278325
183.11210203170776,13.971648635796342
183.22294998168945,13.988731641097882
183.234388589859,14.005618766138813
183.29194712638855,14.02241617005516
183.37079691886902,14.039116904395529
183.47429823875427,14.055660847835831
183.4773669242859,14.072069586579314
183.53365802764893,14.088280858770286
183.5962164402008,14.104160745708354
183.6538634300232,14.119659571417452
183.72038412094116,14.134655782194125
183.794086933136,14.149097976646457
183.81168580055237,14.162984400597127
183.90664935112,14.176385053995864
183.9224181175232,14.189218661602428
183.99974179267883,14.201472480851999
184.06358218193054,14.21312260588156
184.1285059452057,14.224073387006877
184.19666290283203,14.234448062499206
184.20842218399048,14.24422538709868
184.2864305973053,14.253502976998412
184.35836482048035,14.262184333408598
184.42550110816956,14.270427272268678
184.4732871055603,14.278235353049217
184.52449798583984,14.28565151943224
184.6266267299652,14.29271405180049
184.6266267299652,14.299497783014942
184.6903953552246,14.306064678592007
184.7911412715912,14.31238394569003
184.7911412715912,14.318548356213773
184.84918689727783,14.32461472107334
184.94294786453247,14.330604888649683
185.00691294670105,14.33656640266892
185.02268266677856,14.342500816012096
185.12010526657104,14.348330539035942
185.2339222431183,14.354261809944926
185.2339222431183,14.3603751972032
185.29118633270264,14.366518799475475
185.35866045951843,14.372675778190864
185.37428426742554,14.378832092562387
185.4413788318634,14.384965700829238
185.49353885650635,14.391050921784512
185.55469369888306,14.39708048317432
185.61291193962097,14.40305277646658
185.67072343826294,14.408913255116012
185.75658178329468,14.414666335973735
185.82042741775513,14.4202949569136
185.89230942726135,14.425772697202937
185.93876767158508,14.43110690676188
185.99924516677856,14.436279014641569
186.01706624031067,14.441300154592883
186.08284258842468,14.44617742380692
186.1422724723816,14.450878734592532
186.19213485717773,14.455461914022932
186.24478268623352,14.45985128457114
186.29891085624695,14.464023585228308
186.40470099449158,14.46805207252004
186.41932272911072,14.471910072799417
186.47573351860046,14.475608050292966
186.55912971496582,14.479184818176831
186.62000703811646,14.482580385942292
186.67566299438477,14.48578749805166
186.71789622306824,14.488805667905966
186.77401566505432,14.491664301812058
186.86505031585693,14.494368122380285
186.88080406188965,14.496930532657501
186.96890568733215,14.499423619006265
187.04408049583435,14.501717731449103
187.06046605110168,14.50382457526868
187.16817212104797,14.505747139305544
187.18574380874634,14.507372820262095
187.25657200813293,14.508874230018693
187.32830834388733,14.510125172931328
187.38672804832458,14.51110485501842
187.40422224998474,14.51184431413423
187.52812242507935,14.512339393415877
187.52812242507935,14.512572317018533
187.59035778045654,14.512556816468361
187.6462423801422,14.512315351291797
187.71283268928528,14.511841706326521
187.8119342327118,14.511144343121684
187.8119342327118,14.510248156790007
187.91502022743225,14.509192445560792
187.9306662082672,14.507999820637028
188.0027792453766,14.50666852957752
188.06162786483765,14.505253768573429
188.13297700881958,14.503762393281074
188.18577694892883,14.502160745756418
188.246319770813,14.500473164110094
188.3228166103363,14.498713405637115
188.39948725700378,14.496861819633374
188.44210934638977,14.494892811776241
188.5008053779602,14.49278352759115
188.5532112121582,14.49054063645851
188.6368272304535,14.488217204763583
188.6368272304535,14.48577317222235
188.68855214118958,14.483251742305336
188.7492265701294,14.480636834726223
188.80883526802063,14.477909947082402
188.8694875240326,14.475082692914853
188.92805361747742,14.472116323676932
189.0086739063263,14.468981774023604
189.07787680625916,14.465717796368455
189.140207529068,14.462283752846352
189.19526839256287,14.458667151928251
189.25755763053894,14.454899401782168
189.3156669139862,14.450931512683644
189.3314061164856,14.446766961292168
189.39811754226685,14.44239584417521
189.47378039360046,14.437838758086887
189.5443937778473,14.43310020283686
189.56149315834045,14.428197305937239
189.62330532073975,14.423138542764287
189.68651580810547,14.417940016230485
189.7486572265625,14.412632724156612
189.83571124076843,14.407221924129203
189.85310649871826,14.401709927084521
189.94027137756348,14.396105155555482
189.99929070472717,14.390410681134478
190.06612992286682,14.384643646101459
190.08380222320557,14.378800651699272
190.1752576828003,14.37288714712716
190.24832606315613,14.366914112352617
190.26395106315613,14.360886894630053
190.3369541168213,14.354822834045935
190.3984990119934,14.348708368024452
190.5058708190918,14.342554444267781
190.5058708190918,14.336388129932121
190.56941723823547,14.33019903280328
190.63218069076538,14.324003173535594
190.7147855758667,14.31780135979621
190.73225140571594,14.311607717684097
190.84082055091858,14.305437897904987
190.84185528755188,14.299266589949594
190.91813921928406,14.293077517993975
191.02254176139832,14.28687847956076
191.02254176139832,14.280700779971335
191.08665919303894,14.274505216750363
191.1568467617035,14.268293318223648
191.22739267349243,14.262047054464778
191.24291038513184,14.255745262329519
191.29873776435852,14.24939248142279
191.36500906944275,14.242971152466485
191.46119618415833,14.236485426726805
191.47531867027283,14.229957396559708
191.54339909553528,14.223435113523502
191.60302019119263,14.21686937094306
191.6892557144165,14.210264427528053
191.70667910575867,14.203659046239931
191.76392912864685,14.197085626343611
191.82504630088806,14.190521529471509
191.8825478553772,14.183993171331503
191.9441089630127,14.177464500305966
192.0435221195221,14.17091751665878
192.06160974502563,14.164390322048499
192.11739706993103,14.157866482414496
192.20714592933655,14.151257951970432
192.26971578598022,14.14457139860501
192.32341027259827,14.137781931883515
192.38245797157288,14.130864170874649
192.44458031654358,14.123768478267477
192.54031229019165,14.116503107946551
192.55532264709473,14.108935058559835
192.61917877197266,14.101042157073884
192.67399907112122,14.092835649184062
192.73157262802124,14.084300674102582
192.79420518875122,14.075427037009511
192.81256461143494,14.066203607940443
192.8771243095398,14.056687076470368
192.93976306915283,14.04679842814165
193.01106905937195,14.036684912580068
193.08546996116638,14.026342426784092
193.10104751586914,14.015869185598616
193.19372987747192,14.005238876651884
193.2527196407318,13.9945360599235
193.31499528884888,13.983795641359446
193.37364172935486,13.972997121322091
193.43175959587097,13.962167514699987
193.52344417572021,13.95135132343208
193.52344417572021,13.940534233841856
193.60295844078064,13.929701972094911
193.6763527393341,13.918966513381031
193.69196939468384,13.908228786526243
193.7484381198883,13.897558259861471
193.81026077270508,13.886864853302464
193.87348437309265,13.876174758212388
193.9255828857422,13.865533694878529
194.0110523700714,13.854786359380746
194.07376646995544,13.844015534989401
194.09130859375,13.833139918462107
194.18874335289001,13.822189371916025
194.24831748008728,13.81109019935652
194.30219984054565,13.799801250791532
194.36440181732178,13.788293788421381
194.42314791679382,13.77651545013435
194.43874049186707,13.764439838307993
194.53525686264038,13.752037261861068
194.5891273021698,13.739241346092006
194.6561963558197,13.725990644436573
194.673645734787,13.712232043591857
194.7603566646576,13.697892644549986
194.81903624534607,13.682926038010022
194.86721396446228,13.667304025282782
194.91245818138123,13.650990148666136
194.9814977645874,13.633904149281442
195.084947347641,13.616050190024328
195.084947347641,13.597353648553426
195.1396360397339,13.57793738420401
195.22323536872864,13.557739930335092
195.29017853736877,13.536720359740631
195.35650658607483,13.514889963403348
195.41866970062256,13.492256692027164
195.43595123291016,13.468770367851372
195.50170993804932,13.444341584961412
195.56503701210022,13.418983112926636
195.6245539188385,13.39260589325481
195.70996260643005,13.365143581761048
195.72572088241577,13.336444666117565
195.8104555606842,13.306269516715545
195.8727569580078,13.2744500308287
195.9146339893341,13.240823137053743
195.96820449829102,13.205115796041317
196.0357277393341,13.167181552454405
196.13872575759888,13.126902230656306
196.13872575759888,13.08394918163331
196.20268154144287,13.038115935311705
196.25376176834106,12.98923418831285
196.30601501464844,12.936758005526533
196.38150358200073,12.883038522550445
196.4513177871704,12.841182866329879
196.51137161254883,12.79952329064141
196.5641884803772,12.75786500134939
196.62288784980774,12.716103494873636
196.6892864704132,12.674111877555646
196.7682499885559,12.631838869642843
196.7682499885559,12.589234474576283
196.83155918121338,12.546303671973442
196.89814257621765,12.503015602399572
196.97605657577515,12.459443863267502
197.04043173789978,12.415577533592895
197.1068892478943,12.371545183882397
197.1220142841339,12.327372248974081
197.18929290771484,12.283125391959313
197.24940395355225,12.238879191937137
197.31408762931824,12.194680019783542
197.3931987285614,12.150585382602626
197.45207524299622,12.106653391144425
197.46758818626404,12.062942422403179
197.53123807907104,12.01952237587265
197.61373782157898,11.97644258524341
197.67359566688538,11.933765271589605
197.73536133766174,11.891537439310396
197.79383754730225,11.849791756603697
197.861323595047,11.80853469061298
197.87757444381714,11.767811191607704
197.97519302368164,11.72762901271689
197.9933214187622,11.687900469559759
198.0683572292328,11.648647078942776
198.1640031337738,11.609882043451606
198.1640031337738,11.57156718099149
198.23166704177856,11.533657452734147
198.2935016155243,11.496077301160351
198.3530411720276,11.458714086134206
198.39988899230957,11.42162837997168
198.45574641227722,11.384617003253215
198.54094099998474,11.347478325927353
198.61183309555054,11.31009427003401
198.67242121696472,11.272250914189938
198.7270028591156,11.23397296023107
198.7443130016327,11.195161548136046
198.86270022392273,11.155758936993807
198.86270022392273,11.115565980305531
198.9430181980133,11.074543124677652
199.00080943107605,11.032575468306563
199.0639226436615,10.989738372463412
199.11939764022827,10.946021251165854
199.18393635749817,10.901367306625465
199.2628514766693,10.85582626303046
199.2786009311676,10.809424657125245
199.33496046066284,10.762234854367414
199.39702081680298,10.714427292701798
199.496435880661,10.666134306918341
199.5137598514557,10.61747919434083
199.5678825378418,10.568581670739764
199.62242889404297,10.51531878381031
199.67605829238892,10.461503727421078
199.74429440498352,10.410791674398848
199.80220699310303,10.363481780734862
199.85337662696838,10.319108418291954
199.91591238975525,10.27726708216146
199.99362683296204,10.237923221942143
200.06058645248413,10.200719170017647
200.1226201057434,10.165537100630564
200.17164278030396,10.131988641885817
200.22330236434937,10.100053986411416
200.28496956825256,10.06982565989015
200.34303379058838,10.041128165620876
200.40535616874695,10.013769832806105
200.45788764953613,9.987704103125678
200.5262770652771,9.96280739244102
200.5828366279602,9.938867652854327
200.6515347957611,9.915955739571993
200.66895866394043,9.894062316539937
200.7260127067566,9.873018611819612
200.7893192768097,9.852852005259612
200.84153938293457,9.833281803204626
200.8966703414917,9.814329153084085
200.95097303390503,9.795857886629125
201.04262495040894,9.777806629639226
201.10145807266235,9.760122229466322
201.1679425239563,9.742619435030994
201.2509319782257,9.725428682703297
201.2509319782257,9.708402952932039
201.30635404586792,9.691643880540108
201.36756443977356,9.675055171980345
201.47105288505554,9.658668239701717
201.4867033958435,9.642445813799487
201.57163405418396,9.626391718099988
201.59470558166504,9.610510820387582
201.64894485473633,9.594764797050257
201.71416568756104,9.579169703325137
201.796790599823,9.563783140679536
201.85564494132996,9.5486489458935
201.91879558563232,9.533818476679347
202.0290186405182,9.519311894795917
202.0290186405182,9.505156111653722
202.1125774383545,9.491322332220381
202.1125774383545,9.47789434808788
202.1838092803955,9.464846138129781
202.24044227600098,9.452150744374894
202.30519700050354,9.43976214531918
202.3640501499176,9.427660801243626
202.45051550865173,9.415844801724218
202.46814942359924,9.404362104482944
202.5227403640747,9.393154946275171
202.60448360443115,9.382280111365931
202.67581605911255,9.37165340576217
202.73449277877808,9.361059660157595
202.79714107513428,9.350530382539587
202.8139123916626,9.339941233172524
202.8800585269928,9.32928433700467
202.94492053985596,9.318545713710883
203.00981211662292,9.307652875738551
203.1205756664276,9.296584088843181
203.1205756664276,9.285267755152008
203.20536756515503,9.273795028733339
203.2221977710724,9.262049961379432
203.31888055801392,9.250159736897768
203.3377242088318,9.238063722892274
203.41736340522766,9.22572231367299
203.52209091186523,9.213162927146898
203.52209091186523,9.200359814926124
203.58193516731262,9.187335924401468
203.6425199508667,9.17413621382774
203.73812055587769,9.160677395181102
203.75373578071594,9.146999328379485
203.80598521232605,9.133065033213828
203.8717987537384,9.118943876811901
203.96259713172913,9.104632859782566
203.98012566566467,9.090166408904947
204.07671117782593,9.075622654359892
204.15156269073486,9.060985987238942
204.20492124557495,9.046231562576333
204.22258353233337,9.0314437731302
204.28330898284912,9.016597644306046
204.34277486801147,9.001723325827731
204.40909790992737,8.986814261456423
204.4677436351776,8.971932291123103
204.5303258895874,8.957057042910783
204.58813953399658,8.942188285374337
204.63607573509216,8.927204618472267
204.6891906261444,8.912148183676043
204.7412805557251,8.897023116394747
204.80126905441284,8.881792291370651
204.86323165893555,8.866409668655272
204.9220368862152,8.8508852858747
204.98591876029968,8.835144713495225
205.04211950302124,8.819130468679308
205.08862328529358,8.80281931210031
205.18097400665283,8.786145510503074
205.23780393600464,8.769079594305888
205.25353956222534,8.7516227663118
205.31222701072693,8.733720686283998
205.38492393493652,8.715290405451745
205.44423031806946,8.696206185193969
205.5168914794922,8.676315686499379
205.57699942588806,8.655452595518476
205.64658403396606,8.63340611077197
205.66389274597168,8.60998460799087
205.72061109542847,8.585017354656816
205.78034162521362,8.558432759626601
205.84211325645447,8.530103681198966
205.92024040222168,8.499976622623064
205.96586656570435,8.467916193762628
206.03041744232178,8.433777930171432
206.10067629814148,8.397379926256228
206.16730284690857,8.358476158618556
206.24650359153748,8.31675435033857
206.24650359153748,8.271824223755889
206.38260006904602,8.223286033788957
206.38260006904602,8.183678909243955
206.45506024360657,8.152121125550392
206.50690150260925,8.120991035171235
206.57580471038818,8.090189042423804
206.59147429466248,8.059315885740219
206.65546321868896,8.028192188272765
206.71720004081726,7.99655439226789
206.77587485313416,7.964386556938939
206.8356328010559,7.931572820282708
206.8960464000702,7.89825539372197
206.94789814949036,7.864952482986221
207.0092887878418,7.831622603431289
207.1083984375,7.798700875545796
207.12390851974487,7.766543556191917
207.17959761619568,7.735391084885685
207.27876806259155,7.705383634105219
207.29437971115112,7.676575741908063
207.36407160758972,7.649292022305609
207.4376413822174,7.623269956273163
207.53768014907837,7.598607182514523
207.53768014907837,7.575489851888177
207.6010799407959,7.553642518209162
207.65947341918945,7.533331804071343
207.71735095977783,7.5143853102897245
207.78022241592407,7.496662607127149
207.8418323993683,7.480249076924939
207.90476250648499,7.46481197693129
207.98325777053833,7.450500871514302
208.03649497032166,7.436732974628666
208.09599900245667,7.423909315074357
208.156188249588,7.412011529432634
208.2027428150177,7.400860280637186
208.29936528205872,7.390074833016671
208.3150873184204,7.380482588418724
208.40423893928528,7.371214667035496
208.40423893928528,7.362281519158844
208.46282720565796,7.353037478447829
208.529217004776,7.343766789309238
208.6128511428833,7.334403177188147
208.6294240951538,7.3250537290387125
208.72498416900635,7.315446715014828
208.7835075855255,7.305723191756071
208.8620092868805,7.295774321594485
208.8620092868805,7.2853853267093704
208.93311619758606,7.274588025859471
208.99655961990356,7.263472330601457
209.06326246261597,7.252155228644785
209.1423420906067,7.240771823654002
209.20019221305847,7.22924395900024
209.26472663879395,7.217676934927224
209.34604573249817,7.205816616556328
209.34604573249817,14.068964649591337
209.40831232070923,14.082885863659133
209.46265149116516,14.096736255667743
209.56670904159546,14.110289382869778
209.56670904159546,14.123430483635088
209.65094447135925,14.135910202333397
209.71333956718445,14.147720564630156
209.77534818649292,14.159246412792823
209.79237699508667,14.170554161207164
209.8830316066742,14.18152170952458
209.9419903755188,14.192122939078715
210.00287222862244,14.20250999337977
210.08786487579346,14.212385133800112
210.08786487579346,14.222106949908532
210.1501657962799,14.23184151864766
210.2042634487152,14.24145820756871
210.29586720466614,14.250818835597466
210.31138134002686,14.259849313891287
210.39488530158997,14.268488330024201
210.45138120651245,14.276693428571205
210.49920272827148,14.284568436855055
210.5626003742218,14.29204012668847
210.6246702671051,14.299077279798912
210.70597982406616,14.305451021739092
210.72692322731018,14.311264628811582
210.7808883190155,14.316238849082108
210.84175658226013,14.320487109784384
210.8946635723114,14.323976282506637
210.95828819274902,14.32669122655634
211.03794932365417,14.328605616884515
211.1044545173645,14.329756180367767
211.16703057289124,14.33027964664537
211.2496576309204,14.33018702501608
211.2538685798645,14.329552821087436
211.3094379901886,14.328450001120789
211.38640427589417,14.326874663036921
211.45712637901306,14.324986535821655
211.5572829246521,14.322810376598119
211.5572829246521,14.320458701560092
211.62063241004944,14.31801728565525
211.68885231018066,14.315551711847192
211.78163814544678,14.313118816379951
211.78163814544678,14.310758083483657
211.84116554260254,14.308514394519486
211.89589619636536,14.306420118206578
211.95621061325073,14.304500488860286
212.00677633285522,14.30279693244354
212.05798172950745,14.301331080510943
212.12023067474365,14.300139157023501
212.17498755455017,14.299213503861736
212.2547426223755,14.29859549522638
212.32367157936096,14.298291104602487
212.3874397277832,14.298307688792667
212.43984246253967,14.298646504186133
212.491619348526,14.299312506992809
212.5682635307312,14.300293920280978
212.58355283737183,14.301567992963015
212.66532921791077,14.30310882164992
212.72446632385254,14.304909337656918
212.78762817382812,14.306962373042708
212.83995699882507,14.309235701263493
212.91557478904724,14.311738188601723
212.93120861053467,14.314447672909028
212.9989287853241,14.317366070345608
213.05420017242432,14.320463661960641
213.11670637130737,14.323707626846078
213.19898557662964,14.32708115236902
213.2542634010315,14.330557500213013
213.32003331184387,14.334132709308925
213.33766174316406,14.337774914039521
213.43291401863098,14.341462602488834
213.5590627193451,14.345137509129053
213.5590627193451,14.348816161150356
213.57480192184448,14.352533077128276
213.6480176448822,14.356212585450821
213.71311044692993,14.359782415680863
213.7615203857422,14.363257062179338
213.81211233139038,14.366519253342004
213.87158513069153,14.369511185061105
213.9332902431488,14.372252959401354
213.99960207939148,14.374692351928443
214.05818223953247,14.376830552117422
214.10954928398132,14.378611705517587
214.2510278224945,14.380026611095792
214.2510278224945,14.381028427989948
214.2685673236847,14.381745092436768
214.350754737854,14.382099019870047
214.42668318748474,14.382228508916429
214.44298124313354,14.382058771919034
214.5116503238678,14.381647348177326
214.6164789199829,14.381001548572957
214.6164789199829,14.38005648737262
214.70886206626892,14.378924549705193
214.77053046226501,14.377731397490546
214.84271097183228,14.376542533633266
214.85937976837158,14.375328450922293
214.93171381950378,14.374085071824053
215.0332956314087,14.372878205358482
215.0332956314087,14.371738410134206
215.09528136253357,14.370750856832005
215.16329073905945,14.369954623036335
215.24248814582825,14.369382524848094
215.258150100708,14.368840422850534
215.3624176979065,14.368376361801397
215.37743735313416,14.36807008476823
215.43383121490479,14.367943371209282
215.49087953567505,14.36797420895914
215.54922199249268,14.368059779779772
215.6072599887848,14.368213938372692
215.69419074058533,14.368500912316877
215.75147366523743,14.368846462718961
215.81607151031494,14.36920117089118
215.91557455062866,14.369470721452474
215.91557455062866,14.369643043376083
216.03047442436218,14.36972010547584
216.03047442436218,14.369667097966248
216.10854029655457,14.369448449788562
216.1660614013672,14.36907920659025
216.23277974128723,14.368513017284375
216.25036883354187,14.367716415734296
216.31150889396667,14.366745387761554
216.3717257976532,14.36555432189927
216.44156622886658,14.364181409839151
216.49408745765686,14.362523419037409
216.54933071136475,14.36066969250142
216.64011788368225,14.358616545309836
216.65586876869202,14.356447437320844
216.74463963508606,14.354125972425122
216.77582144737244,14.351743471323804
216.84049129486084,14.349262684916985
216.8994858264923,14.346677109480725
216.96547985076904,14.344045340941834
217.0285153388977,14.341334021737612
217.09091329574585,14.338533246444849
217.17384147644043,14.33564600591926
217.17384147644043,14.33264874630091
217.23252129554749,14.3295794233265
217.2951898574829,14.326372383268714
217.37802839279175,14.323024634766547
217.44073152542114,14.319487931581861
217.52272868156433,14.315773809823915
217.52272868156433,14.311850663245927
217.59492349624634,14.307661819556975
217.65311980247498,14.303188529669887
217.73066663742065,14.298413152266582
217.80763173103333,14.293258436049763
217.86562204360962,14.287753799119265
217.9532516002655,14.281860538273005
217.9532516002655,14.275599544344868
218.0120973587036,14.269017793681682
218.06515312194824,14.262073639489582
218.12871861457825,14.254778274259168
218.22982931137085,14.247115385309703
218.22982931137085,14.239140481180492
218.2813618183136,14.230884383261543
218.33346843719482,14.222276888337626
218.40019965171814,14.213454743353637
218.4574944972992,14.20438941884444
218.53693461418152,14.19511391915066
218.60254788398743,14.185678255281008
218.66128516197205,14.176080076011477
218.72854566574097,14.166374357342878
218.74418210983276,14.156571366259255
218.8066861629486,14.146637019441389
218.90804052352905,14.13660859048723
219.01155161857605,14.126474750088606
219.01155161857605,14.116291949066259
219.11463737487793,14.106032296001272
219.11463737487793,14.095711713293767
219.17828249931335,14.085297960078444
219.22602534294128,14.074762190519838
219.3231110572815,14.064119859616714
219.3231110572815,14.053374394479084
219.3834638595581,14.042511905393834
219.4858956336975,14.031502076892362
219.54836130142212,14.020377854084195
219.56410098075867,14.00913698813807
219.66426396369934,13.997762846862702
219.68173789978027,13.986260122920434
219.74822759628296,13.974620529804945
219.8082468509674,13.962890896905835
219.87240147590637,13.951081209445261
219.93395161628723,13.939185654820218
219.995126247406,13.927250132463852
220.06061363220215,13.915252571894626
220.1648666858673,13.90316598798176
220.1648666858673,13.891009838494545
220.2701451778412,13.878775360699784
220.2701451778412,13.86648598537865
220.3280713558197,13.854203815651212
220.39433646202087,13.841951070194229
220.49668264389038,13.829739900857753
220.49668264389038,13.817589512236738
220.55908489227295,13.805531058200952
220.612318277359,13.793511452297787
220.6648952960968,13.781557205546335
220.72795152664185,13.769724324135739
220.81109309196472,13.757993729719228
220.87352561950684,13.74633795320808
220.93587064743042,13.73480547499312
220.95290517807007,13.723420197697964
221.02370429039001,13.712098200152266
221.08376121520996,13.70092830445931
221.1484980583191,13.689853923984446
221.23153042793274,13.67888273374692
221.2470245361328,13.668051469891262
221.33986830711365,13.657286787880679
221.40434551239014,13.64657210520043
221.454115152359,13.635900098709515
221.48989605903625,13.62515723203066
221.55608654022217,13.614286922665912
221.6197783946991,13.603283339308115
221.6827428340912,13.592157843012318
221.7948760986328,13.580885511074902
221.7970883846283,13.56944875882596
221.8525390625,13.557833449150468
221.9192600250244,13.546044482392581
221.99178218841553,13.534109759775397
222.0769500732422,13.522057769116635
222.0769500732422,13.509892906941396
222.14093446731567,13.497654543949462
222.20722556114197,13.485349454008514
222.2696669101715,13.473017483647347
222.3552062511444,13.460680821490559
222.3552062511444,13.448397172000954
222.42083263397217,13.43623883257797
222.50171613693237,13.424206130909887
222.5859375,13.412354255901796
222.5859375,13.400669740828231
222.64398217201233,13.389313374829833
222.71114921569824,13.378256120536234
222.79060554504395,13.367567980269573
222.84980940818787,13.357243236675593
222.96324944496155,13.347460501428133
222.96324944496155,13.338137069216886
223.09097146987915,13.329400611635958
223.09201169013977,13.32116003702006
223.15084981918335,13.313508146078528
223.22232937812805,13.30645106100368
223.22232937812805,13.300018371692227
223.28698825836182,13.294205060561048
223.3443741798401,13.28899453254582
223.39776134490967,13.284425340956398
223.4652247428894,13.28051829729172
223.54329538345337,13.277302256997691
223.574551820755,13.274666202842589
223.68167233467102,13.272690602534185
223.69729781150818,13.27126637954651
223.81455898284912,13.270243033101444
223.81455898284912,13.269494170414427
223.88213062286377,13.269186969372338
223.96017837524414,13.269276694281164
223.97793698310852,13.269543879266955
224.07030320167542,13.269987454743402
224.1883463859558,13.270533218307364
224.1883463859558,13.27113447748078
224.2728955745697,13.271660605101038
224.2728955745697,13.272093962590363
224.32752299308777,13.272488167318318
224.40265488624573,13.272702131866211
224.48527145385742,13.272781455237546
224.50263476371765,13.272724794264285
224.59383344650269,13.272587561168562
224.65362787246704,13.272407965087687
224.70678305625916,13.272179237358015
224.76656579971313,13.271947732526138
224.8328468799591,13.271815032894143
224.84991478919983,13.271829087215716
224.91514658927917,13.272054107057187
224.97684144973755,13.272531085102674
225.05933356285095,13.273270524230172
225.12694597244263,13.274377717425875
225.14429092407227,13.275880336185075
225.19506525993347,13.277834343494225
225.2882785797119,13.280283215853329
225.34742999076843,13.283200752491645
225.41608428955078,13.286676493135698
225.48101997375488,13.290672898734213
225.49839782714844,13.295361729274985
225.56058025360107,13.300841520625141
225.6820888519287,13.306839130750543
225.6820888519287,13.313279331961043
225.77967810630798,13.320501925010204
225.77967810630798,13.328084022797412
225.8643443584442,13.336344915733054
225.91927075386047,13.345277898485728
225.98583793640137,13.354895455087656
226.057044506073,13.364909644446922
226.07290983200073,13.375482801947404
226.13924908638,13.386460035510863
226.2020652294159,13.398095104508256
226.26489233970642,13.41017338567141
226.31115174293518,13.42289568572463
226.38048243522644,13.43573525517308
226.4289207458496,13.448727257902492
226.48095655441284,13.462011519183333
226.5407726764679,13.47537581380024
226.59387350082397,13.48862147578226
226.66330671310425,13.501745014071187
226.76120591163635,13.514551925689844
226.77857971191406,13.527030938959184
226.83141779899597,13.539429106152006
226.89362931251526,13.55179476768232
226.9819140434265,13.56383562274249
226.9989094734192,13.575361627134495
227.09755945205688,13.586667065069948
227.1130714416504,13.597567594881333
227.21004629135132,13.60823653981264
227.2695026397705,13.618500053324281
227.3369643688202,13.628551890351691
227.35104775428772,13.638427185397557
227.43928337097168,13.648214385170958
227.49865436553955,13.657953664216437
227.5604875087738,13.66770935197117
227.61306166648865,13.677417686478638
227.68118453025818,13.687084079327324
227.6982774734497,13.696661425193442
227.75981330871582,13.706077499985827
227.82006454467773,13.715533667127294
227.88623714447021,13.72512184227352
227.93811511993408,13.734831936500509
228.03489661216736,13.74466898521958
228.0506567955017,13.75467387624583
228.14057207107544,13.76472768931305
228.20586800575256,13.774835082224287
228.26848006248474,13.78498762959863
228.32069540023804,13.795242810108304
228.3723907470703,13.80551513150474
228.43463492393494,13.815770965168571
228.45182466506958,13.825859260713402
228.51824569702148,13.835791226064465
228.571608543396,13.845466994421798
228.6371283531189,13.85484132658932
228.6994025707245,13.863857973404453
228.7908058166504,13.872495205835246
228.85325264930725,13.880693123843251
228.87041449546814,13.888481014696229
228.92404413223267,13.895851302973467
228.98923301696777,13.902817958769207
229.0923843383789,13.909288662029784
229.0923843383789,13.915417365250685
229.15110421180725,13.92122497577408
229.22161555290222,13.92678076164927
229.3170759677887,13.93214393660334
229.3338062763214,13.937381739193231
229.4169318675995,13.942557729317903
229.48467779159546,13.947739114576605
229.5514099597931,13.952940824342537
229.56933307647705,13.95816682872985
229.65457272529602,13.96334909868833
229.71821689605713,13.96834349899415
229.78484535217285,13.973118511877402
229.80218601226807,13.977659391609127
229.89544439315796,13.981901516383367
229.91317057609558,13.985739067530702
229.99927186965942,13.989145840046033
230.06793022155762,13.992207155326533
230.08498215675354,13.994843901845849
230.18004179000854,13.997081172884458
230.24407529830933,13.998875428129024
230.25908780097961,14.000235654918855
230.3143081665039,14.00117381427693
230.3934817314148,14.00163754800782
230.46799492835999,14.001689140888859
230.5159204006195,14.001341900915529
230.5678939819336,14.000730521580525
230.63038849830627,13.999840182790216
230.68731665611267,13.998607938464284
230.75264835357666,13.997095355021752
230.8358335494995,13.995244939015231
230.8358335494995,13.99308686187374
230.91015458106995,13.990622233962323
230.96178436279297,13.987943676421652
231.0630099773407,13.984982213883622
231.08044576644897,13.981756578304038
231.13028860092163,13.978322485012903
231.18553400039673,13.974607700267784
231.24391794204712,13.97063603301822
231.30982208251953,13.966380619243981
231.3935055732727,13.96185729599798
231.45267868041992,13.957062386964127
231.53393745422363,13.95199921943638
231.53393745422363,13.946667230832903
231.61064791679382,13.941073878083133
231.7172782421112,13.93520469470533
231.7172782421112,13.929080842213983
231.81735587120056,13.92271502195565
231.83525848388672,13.916111296614657
231.8897078037262,13.909307746607894
231.95552039146423,13.902343465861343
232.03774333000183,13.89525790030554
232.14253973960876,13.888074434216383
232.14253973960876,13.880854416703981
232.20527601242065,13.873644817417205
232.27380418777466,13.866480611281057
232.29055094718933,13.859418789470109
232.34824299812317,13.852516078291657
232.41107726097107,13.845792308887338
232.47269225120544,13.839277528104798
232.56343722343445,13.832985863066163
232.58008885383606,13.82696438684119
232.6689260005951,13.821244387705718
232.73620700836182,13.81582599121651
232.79372262954712,13.810677950173421
232.8527274131775,13.80582599667875
232.96107387542725,13.801234111364566
232.96107387542725,13.796939309109998
233.06972098350525,13.792812954916874
233.06972098350525,13.788898161290316
233.18317031860352,13.785177554642603
233.18317031860352,13.78161966066034
233.24717688560486,13.778222925071583
233.33537697792053,13.774907896518945
233.33537697792053,13.771692305281835
233.44268369674683,13.768457786784401
233.45843720436096,13.76527422028758
233.53827357292175,13.762176214859592
233.59667038917542,13.7591137775997
233.65697693824768,13.756108350599364
233.71780109405518,13.753153251668289
233.7758388519287,13.750393194124621
233.82784414291382,13.747709176310462
233.882098197937,13.745077366098975
233.98696851730347,13.742472016871607
233.98696851730347,13.739811080706325
234.0469262599945,13.737072120200379
234.12615656852722,13.73414393134223
234.196679353714,13.730973207807248
234.2142219543457,13.727488154208626
234.29365873336792,13.723488152591104
234.35591292381287,13.719140150008492
234.4389307498932,13.71455923669488
234.4389307498932,13.709750829610071
234.50562167167664,13.704789805485573
234.60818457603455,13.699827685136583
234.62390613555908,13.695067180232218
234.67173218727112,13.690613178641978
234.73037099838257,13.686476306990286
234.83003330230713,13.68274635504396
234.8901286125183,13.679395189041415
234.9558081626892,13.676489031877429
234.9730327129364,13.674133972332015
235.03364205360413,13.672462924924455
235.0979597568512,13.671544054021021
235.1804347038269,13.671534027197309
235.19619584083557,13.672372490353926
235.29808974266052,13.674223013274377
235.31373620033264,13.677059107424688
235.3848910331726,13.68075984072415
235.46347784996033,13.685208712709079
235.5227084159851,13.690497015358511
235.58561491966248,13.696552232182627
235.60033464431763,13.703299700868454
235.66485619544983,13.710637375607085
235.74551677703857,13.718405149729684
235.79002332687378,13.726693817459614
235.842999458313,13.735328355496705
235.9301402568817,13.744275809008391
236.00525307655334,13.753524456145325
236.02233505249023,13.762965064245643
236.07211327552795,13.77255332562725
236.15468525886536,13.782289736914313
236.25333189964294,13.792024545026734
236.25333189964294,13.80180908634553
236.38259315490723,13.81150703870717
236.38259315490723,13.821131749300141
236.4637427330017,13.830665926729642
236.47881889343262,13.840122319317123
236.5431785583496,13.849664904062294
236.6296467781067,13.859253591083936
236.70221638679504,13.869016081751461
236.723158121109,13.878889982421612
236.83762216567993,13.88890771085158
236.83762216567993,13.899047137342835
236.89773273468018,13.909413729730694
236.95998191833496,13.919992434575459
237.04630208015442,13.930769297524021
237.11072659492493,13.941821398490625
237.187575340271,13.95314996229198
237.187575340271,13.964734767658522
237.26344966888428,13.976713144210574
237.3273184299469,13.988801771415497
237.44004559516907,14.00119108456639
237.44004559516907,14.013907895837947
237.49144315719604,14.02691737790812
237.5463240146637,14.040174540325124
237.61264991760254,14.053617909146514
237.69281911849976,14.067208123660706
237.72542548179626,14.081032373881213
237.77775287628174,14.095050471051668
237.83447933197021,14.109258456949242
237.886323928833,14.123523906549527
237.96243023872375,14.137886998992439
238.03842401504517,14.152411841101097
238.05808973312378,14.167001096854943
238.11457061767578,14.181702945844693
238.18045139312744,14.19644876891196
238.2391164302826,14.211233184699958
238.28566980361938,14.226035237542467
238.38828134536743,14.240808953265558
238.40338802337646,14.25557661847967
238.48839783668518,14.270354947278783
238.54642271995544,14.2851538068417
238.60593843460083,14.299944138932975
238.6638674736023,14.314730202578714
238.72161388397217,14.329558349651883
238.80535340309143,14.34441672600442
238.83152437210083,14.359318096677777
238.89605832099915,14.374257935692848
238.9788839817047,14.389265083241817
238.9788839817047,14.404365910043289
239.05040669441223,14.419558207986878
239.10471749305725,14.434849350474147
239.21488523483276,14.450278940914561
239.21488523483276,14.465862420972954
239.27246618270874,14.481616732090181
239.33383512496948,14.497604864631858
239.39748215675354,14.513855642222541
239.4784619808197,14.530276622246085
239.5439043045044,14.546862619943823
239.61046409606934,14.56355193806128
239.69223165512085,14.58028398180435
239.69223165512085,14.597124684511398
239.79526567459106,14.614077141492295
239.79526567459106,14.630996745753588
239.9044108390808,14.647726052887434
239.9044108390808,14.664206333182811
240.0079894065857,14.68047554866303
240.07112097740173,14.69660536282831
240.14861249923706,14.712296053796384
240.14861249923706,14.727936404799177
240.2576322555542,14.743297147728647
240.2576322555542,14.75835946641099
240.32460975646973,14.773127219340914
240.38430333137512,14.787509153276268
240.534010887146,14.801651540548082
240.534010887146,14.815841494314505
240.60942244529724,14.829794686125755
240.60942244529724,14.843679153126832
240.66794848442078,14.857567423471187
240.74932098388672,14.871500470077146
240.858225107193,14.885632687907346
240.858225107193,14.900025386881786
240.91714906692505,14.914769246904987
240.97901225090027,14.929822776671514
241.20362758636475,14.945403616199865
241.2047963142395,14.96153696718951
241.2047963142395,14.978219719958757
241.2047963142395,14.995368658465493
241.2708775997162,15.012984062494233
241.3289921283722,15.031019659135033
241.38821697235107,15.049569051621855
241.44551157951355,15.068514555048672
241.50464296340942,15.087744164420902
241.5709273815155,15.107454967945433
241.63150215148926,15.12722375548449
241.64913606643677,15.147200469508274
241.70802474021912,15.167290231115535
241.76629948616028,15.18713736322592
241.8334457874298,15.207041371454336
241.9176676273346,15.226431595563783
241.97540521621704,15.249951439685564
242.05840420722961,15.275379256050151
242.05840420722961,15.298954916777433
242.15630054473877,15.321145055966582
242.1720404624939,15.34204380245331
242.2353925704956,15.361019766080036
242.33207368850708,15.378592958626754
242.34831357002258,15.395030344432493
242.4164526462555,15.410100607820302
242.47629857063293,15.424303487501456
242.55048251152039,15.437157166546605
242.65878868103027,15.449178107007679
242.65878868103027,15.460525194278816
242.76188349723816,15.471130086815505
242.76188349723816,15.481185323239599
242.8655264377594,15.490947407249742
242.8833200931549,15.500157862576978
242.9789822101593,15.508769679063004
242.99614429473877,15.517104230290919
243.05430364608765,15.525252713369113
243.11405611038208,15.533225463519788
243.19907355308533,15.541233364587251
243.26283812522888,15.549097194771864
243.3247194290161,15.55693849325418
243.34184765815735,15.564593209562226
243.4119291305542,15.57214963378393
243.47060894966125,15.579897240508613
243.58225059509277,15.587742897693424
243.58225059509277,15.595477046260315
243.64575219154358,15.603598286847634
243.70778346061707,15.611875157743363
243.77186679840088,15.619842970928906
243.8290560245514,15.628572668561985
243.91172814369202,15.637539582202828
243.92905712127686,15.646943732830545
243.97953701019287,15.656396373913596
244.03748035430908,15.666004265359252
244.12623715400696,15.67623277293057
244.19737100601196,15.686796782981991
244.21364784240723,15.697562660087875
244.3076934814453,15.70862218282275
244.32477569580078,15.719425826524576
244.3809893131256,15.730125835274926
244.44521832466125,15.740388172058392
244.5038766860962,15.750317278329929
244.55797338485718,15.759937658316725
244.66713690757751,15.768759913994938
244.6821575164795,15.777072007333304
244.773690700531,15.784681690849686
244.79103875160217,15.791623274098129
244.8868989944458,15.797911097023794
244.90253329277039,15.803185679048708
245.00452542304993,15.807137252835302
245.0209722518921,15.810210473739462
245.13588213920593,15.812224153012348
245.15096640586853,15.813008458635439
245.19670867919922,15.812953758222953
245.25812673568726,15.811539049468017
245.3374617099762,15.809678273260252
245.39682626724243,15.806756821840334
245.4590620994568,15.803305991437666
245.51641607284546,15.799329180210615
245.56256079673767,15.794668995119178
245.6165292263031,15.789762472321074
245.674733877182,15.784498869114431
245.76711082458496,15.779188448712315
245.86669540405273,15.774076255459612
245.86669540405273,15.769176579518891
245.92676210403442,15.764586221467434
245.9913523197174,15.760641967735085
246.07409405708313,15.757386463308645
246.07409405708313,15.754638487659816
246.17410922050476,15.752542197533145
246.18984055519104,15.751183611044356
246.2419900894165,15.750339214179949
246.29917001724243,15.750416938815734
246.35779690742493,15.750993331556879
246.42431116104126,15.752261030014918
246.48425960540771,15.753711611293186
246.55045866966248,15.755454666718268
246.64338755607605,15.757403631878327
246.6608054637909,15.759577536293632
246.75312566757202,15.761694903825495
246.77104878425598,15.76388524124853
246.8980836868286,15.765930475760028
246.8980836868286,15.767704434071144
246.97125244140625,15.769188006296114
247.03073382377625,15.770423041651995
247.09261560440063,15.771199044337267
247.15088629722595,15.77133969608338
247.23625326156616,15.770921493422243
247.24936890602112,15.76984840270504
247.32776045799255,15.768055627434281
247.34577465057373,15.76545283804631
247.40386939048767,15.762009260158177
247.46290183067322,15.757775102115295
247.54030656814575,15.752791662901208
247.61581373214722,15.74704609474592
247.67849731445312,15.74091938274637
247.74205136299133,15.734295722797452
247.75874042510986,15.727406157362209
247.82364296913147,15.720148068145791
247.88427114486694,15.71248729219031
247.94944763183594,15.704639313265856
248.0321044921875,15.696709238269458
248.0493245124817,15.688749164839498
248.10419964790344,15.68087549896828
248.1683704853058,15.673095053013363
248.24634265899658,15.66528631120214
248.27800607681274,15.65766955148882
248.34431385993958,15.650197002981859
248.40733194351196,15.642811870199644
248.47740507125854,15.635658094805633
248.54173135757446,15.628685024347703
248.60724711418152,7.470489781064815
248.66995072364807,7.479701149533372
248.78291034698486,7.488473941965135
248.78291034698486,7.496819792255865
248.83511304855347,7.504673539304937
248.88920283317566,7.512281832669178
248.9388461112976,7.519449844206676
248.9955382347107,7.526239113056392
249.07339763641357,7.532940619247678
249.14324831962585,7.539300905328771
249.1610951423645,7.5455282682539355
249.2163269519806,7.551510968392307
249.2783362865448,7.557289468343467
249.3777596950531,7.562954280800535
249.39326691627502,7.568470613729506
249.4495313167572,7.573834224026655
249.52884483337402,7.5790479000864615
249.62286353111267,7.584190480758497
249.62286353111267,7.589338897017518
249.7151277065277,7.594473905864189
249.77821326255798,7.599641937490413
249.85482668876648,7.604936881486639
249.8553342819214,7.610043572941979
249.92844080924988,7.6153369191952285
249.98635458946228,7.62055280682863
250.05413460731506,7.625658087068938
250.1371612548828,7.630584990297729
250.1371612548828,7.635301041788453
250.19533348083496,7.639697091572274
250.25405621528625,7.643702865697136
250.32522869110107,7.647219127059926
250.40352749824524,7.650201202437774
250.49649953842163,7.6525737682172945
250.49649953842163,7.654239763586602
250.56935048103333,7.655313776038711
250.66918110847473,7.655669482737965
250.66918110847473,7.655562811164168
250.77345538139343,7.654913443378502
250.7907154560089,7.6532624844880734
250.88102102279663,7.651585588551932
250.89677906036377,7.649388560853502
250.9939513206482,7.646869951074397
251.01058912277222,7.6439292820776314
251.09765720367432,7.6407613978576725
251.16113352775574,7.637557700384842
251.22397446632385,7.634636892087555
251.2996323108673,7.631952824385795
251.30265307426453,7.629682496714983
251.3842113018036,7.62789396431265
251.4265365600586,7.626672521817056
251.47860407829285,7.626028049476801
251.54988980293274,7.625798997838056
251.6198275089264,7.6259380466439675
251.68313336372375,7.626609817948678
251.74528431892395,7.62746558400322
251.83078622817993,7.628981772055747
251.83078622817993,7.630686769970908
251.89522790908813,7.632522363357503
251.9627239704132,7.634151685151887
252.04397296905518,7.635885310092827
252.06135773658752,7.637197527297449
252.14418864250183,7.6384735711294525
252.2067792415619,7.639842930918697
252.2608036994934,7.641281435500887
252.31943202018738,7.642910767900341
252.4032678604126,7.6444865414910055
252.4032678604126,7.646013435621169
252.48755192756653,7.647635609615407
252.5487926006317,7.649231391817562
252.63286972045898,7.650967703139284
252.64996600151062,7.652820563614333
252.7031443119049,7.655156947782436
252.753009557724,7.657619006370211
252.81584191322327,7.659972281103772
252.90325140953064,7.66210040327197
252.96284532546997,7.664727423477559
253.0286419391632,7.667296463496302
253.04561018943787,7.670558819208308
253.13159275054932,7.674462539801571
253.24112939834595,7.678570759852076
253.24112939834595,7.682482230721926
253.29966402053833,7.686395190350395
253.36504077911377,7.690054839406732
253.44816637039185,7.693507173156469
253.46390295028687,7.696511555663273
253.5480124950409,7.6988606715814285
253.60835599899292,7.70045146816822
253.62396216392517,7.701420359967849
253.70255875587463,7.701594314289994
253.7650852203369,7.7011345056154985
253.82405853271484,7.700052673852106
253.88788676261902,7.698326975726136
253.96865344047546,7.69550135565299
253.9862356185913,7.6925207714568264
254.0369381904602,7.689056002069617
254.1032087802887,7.684934905446517
254.1615767478943,7.680826431054327
254.2286515235901,7.676022319650288
254.2839391231537,7.671689102841851
254.35777378082275,7.666920391267904
254.42308640480042,7.6619958094704606
254.44069385528564,7.657319175031154
254.5348298549652,7.65343503106067
254.59251022338867,7.649409558184272
254.6442165374756,7.6455808582391915
254.7024097442627,7.642564404625124
254.76896691322327,7.639245174171743
254.82759809494019,7.637208737113854
254.8961787223816,7.6359086929155
254.91030049324036,7.635181060552188
254.98046231269836,7.635576350608834
255.04101061820984,7.636589454186598
255.10643911361694,7.639005153893818
255.1858994960785,7.642537145080776
255.20154929161072,7.646968041641376
255.25826382637024,7.651602188533204
255.36344051361084,7.65715487585974
255.43238592147827,7.663410550404043
255.43238592147827,7.670714497081769
255.5138337612152,7.678729674378602
255.57364583015442,7.687277310008832
255.62577843666077,7.696790323650334
255.7244029045105,7.707142637105867
255.7244029045105,14.11853343861765
255.7787528038025,14.11939327433288
255.84019780158997,14.121476195054855
255.92255020141602,14.124614435708958
256.04202818870544,14.128706165333666
256.04202818870544,14.134059880603521
256.14106130599976,14.139881147617306
256.1432478427887,14.146148124278948
256.1984031200409,14.152928803239858
256.26060485839844,14.160544119890666
256.3471632003784,14.168640327448921
256.4067647457123,14.177045776221348
256.45259642601013,14.185931642701169
256.4862685203552,14.19467937801207
256.5474519729614,14.20378188013373
256.6106746196747,14.212975516780238
256.65645599365234,14.222212481816086
256.7303373813629,14.231489612562141
256.7937681674957,14.240556717783548
256.8980007171631,14.249551981444553
256.8980007171631,14.258469489965305
256.95635628700256,14.267340937475753
257.0228214263916,14.27646351731264
257.1324825286865,14.285184700453728
257.1324825286865,14.293790900747268
257.21536803245544,14.302250319624282
257.3226127624512,14.310864507460911
257.3226127624512,14.319283725823503
257.38294291496277,14.327254423852247
257.44846868515015,14.334844882985145
257.46548080444336,14.342556079290668
257.5306656360626,14.350421297212032
257.5853295326233,14.35853555420088
257.6534287929535,14.367201204804275
257.7150444984436,14.376407225872116
257.78590846061707,14.386137541248814
257.8596398830414,14.396200390731456
257.8752887248993,14.406730314771242
257.92708587646484,14.417897636766618
257.9848253726959,14.430067289926798
258.08490347862244,14.442906229034401
258.1020984649658,14.456332041975376
258.2019422054291,14.470774213762091
258.21976375579834,14.486580447559444
258.28611612319946,14.503549199325562
258.3479194641113,14.521631861845052
258.41954588890076,14.540637234140949
258.52589988708496,14.560251727528586
258.52589988708496,14.580236939219242
258.59151244163513,14.60055709295761
258.6558623313904,14.620987331661846
258.6871991157532,14.641176095338075
258.7514922618866,14.660773520343115
258.8029029369354,14.679697529698453
258.8613998889923,14.69772553010846
258.9251663684845,14.714758961482156
258.9890353679657,14.73074310787837
259.07151198387146,14.745641127186678
259.1360185146332,14.759393094495547
259.1976640224457,14.77194314682996
259.2151756286621,14.78349900584922
259.3029417991638,14.794009515195546
259.3681995868683,14.803705694446254
259.38377833366394,14.812684100071632
259.4412348270416,14.821027475388567
259.5184235572815,14.828963440402282
259.57221961021423,14.836478731532624
259.63498735427856,14.843903279077427
259.7224657535553,14.851316198205033
259.73806858062744,14.858929964687276
259.8355383872986,14.866666342324375
259.85232877731323,14.874740586109608
259.9380784034729,14.883115863812941
260.001882314682,14.891828283188536
260.0649540424347,14.900877441532842
260.08176016807556,14.910229439463333
260.1673209667206,14.919830163329507
260.2316572666168,14.929739131224876
260.2975673675537,14.939771780385318
260.31489181518555,14.949883536546794
260.37620544433594,14.959982698827982
260.4359335899353,14.96999686536992
260.4924941062927,14.97983751917896
260.5513651371002,14.989605612544622
260.6368088722229,14.999139620296809
260.7014181613922,15.008389132950624
260.71926951408386,15.017276331271347
260.7917547225952,15.025794468804119
260.8429789543152,15.03375635512575
260.92353200912476,15.041193222500649
261.02254700660706,15.048162068884567
261.02254700660706,15.054631650472425
261.0812520980835,15.060541275364066
261.1392505168915,15.065882795832744
261.22634387016296,15.070598050894382
261.24199867248535,15.074555956107163
261.3098442554474,15.077339500601267
261.3685145378113,15.078893419157506
261.4428813457489,15.079718302238337
261.5016403198242,15.07999710742659
261.56663966178894,15.079790081754128
261.65112686157227,15.079107578114328
261.65112686157227,15.078037840065692
261.71878361701965,15.076690929195205
261.78513741493225,15.075043403788378
261.8677604198456,15.073166252166605
261.8833203315735,15.07094824385028
261.9676253795624,15.068491961365178
262.0288441181183,15.065831529794776
262.07881784439087,15.063147965071712
262.1388578414917,15.060480457811249
262.20674657821655,15.057818912270445
262.2639560699463,15.055241513253044
262.33048820495605,15.05282656376889
262.3461139202118,15.050562850145928
262.4127662181854,15.048516817083538
262.4763777256012,15.046655240586205
262.53873348236084,15.045059656060117
262.6009304523468,15.043693289114339
262.6597857475281,15.042594591036156
262.7185027599335,15.041801772227107
262.7850468158722,15.041205955972583
262.83181619644165,15.0408002594468
262.888959646225,15.0404793802023
263.0112841129303,15.040188097217248
263.0112841129303,15.039870061029362
263.09420800209045,15.039464467438316
263.15170216560364,15.03888638170076
263.20399475097656,15.03807980530998
263.2552800178528,15.036974394809338
263.3219864368439,15.035520655546788
263.337749004364,15.03366748349351
263.4065330028534,15.031373643383114
263.46513652801514,15.028628652844434
263.51110458374023,15.025413674467634
263.5724492073059,15.021730489313512
263.65553879737854,15.017580840674603
263.71739959716797,15.012994960724631
263.7810251712799,15.008021915053448
263.827752828598,15.002720351660955
263.8592312335968,14.997160613432595
263.922669172287,14.991411755193136
263.9927535057068,14.985554820515198
264.0631868839264,14.979676891595473
264.1656610965729,14.973841110162732
264.1656610965729,14.968119450476486
264.22298407554626,14.962566568322288
264.2970504760742,14.957203464927357
264.37908148765564,14.95205249173106
264.3968005180359,14.947168144048689
264.4962000846863,14.942549190551212
264.51267075538635,14.938209881045331
264.5741057395935,14.93415089153334
264.6342918872833,14.930411116728356
264.70034170150757,14.926952823803784
264.78433537483215,14.92381901996953
264.7999122142792,14.920937627578724
264.8600215911865,14.918251838226622
264.92615008354187,14.915732263740177
265.0048542022705,14.9132750453863
265.02299070358276,14.91084553818307
265.11313700675964,14.90835867490431
265.1758472919464,14.90575614241535
265.2428705692291,14.90301323019076
265.26013946533203,14.900059550300572
265.32106757164,14.896803899667335
265.38270831108093,14.893239163181612
265.4352765083313,14.889316944519818
265.50950384140015,14.885006749744745
265.58363580703735,14.880300995899248
265.6152482032776,14.875176354330183
265.71730375289917,14.869658760047898
265.71730375289917,14.863756886007423
265.81754422187805,14.857469284431286
265.8862450122833,14.850828257017053
265.95124650001526,14.8438457560886
265.95124650001526,14.8365709151025
266.0389976501465,14.829078882803795
266.09801387786865,14.82130659781386
266.15627360343933,14.813421142200072
266.28257036209106,14.805453946326253
266.28257036209106,14.797361378009889
266.2991805076599,14.789304415768486
266.38660621643066,14.781318414557992
266.47169065475464,14.77339431068873
266.489191532135,14.765495303885439
266.57108426094055,14.757638754212344
266.6301648616791,14.749960490931967
266.6891827583313,14.742518954129888
266.75547671318054,14.7353336918891
266.8234839439392,14.728436500109144
266.8234839439392,14.72191356779593
266.9058392047882,14.715778038849791
266.98673248291016,14.71009319844918
267.0385420322418,14.704872066220712
267.0605323314667,14.700118905483775
267.1211349964142,14.695872340081406
267.1806879043579,14.69214705082049
267.23381447792053,14.688961040678187
267.292263507843,14.686281562699405
267.360151052475,14.684119310508475
267.44695687294006,14.682504015884078
267.46401858329773,14.681395296650097
267.5581057071686,14.680829855300416
267.62200951576233,14.680735867797999
267.68874287605286,14.681012069527974
267.7067759037018,14.681558721915227
267.8029565811157,14.682240188852413
267.8187072277069,14.682923384304363
267.8864200115204,14.683606657936185
267.95050954818726,14.684177687194207
268.04637122154236,14.68458858181863
268.0608813762665,14.684760474140683
268.11351442337036,14.684500292526447
268.20854473114014,14.683791153589207
268.22641015052795,14.682567548453331
268.2757680416107,14.68082959470189
268.35819387435913,14.67855045904793
268.4210915565491,14.675719756205275
268.48881936073303,14.67239172810918
268.54686403274536,14.668602996304836
268.6390793323517,14.664483717475042
268.6390793323517,14.66006828263503
268.70028829574585,14.655487986822857
268.76317381858826,14.650883204187126
268.8210916519165,14.6463580767965
268.8836784362793,14.642023072506486
268.94302320480347,14.637993150449686
269.0103828907013,14.634354466827709
269.08795976638794,14.631216987316412
269.08795976638794,14.6286583324724
269.1467237472534,14.626711409918366
269.2100064754486,14.625498106063274
269.27073860168457,14.625079358275778
269.3296036720276,14.62544638132434
269.3886420726776,14.626623091499946
269.45109939575195,14.628595457251881
269.5075132846832,14.63133393312615
269.5627579689026,14.634803923039453
269.6191885471344,14.638928809354608
269.6755635738373,14.643642458476997
269.775194644928,14.648905316529003
269.83412075042725,14.654593913446805
269.8925621509552,14.660640151034258
269.9098596572876,14.666963719968384
269.96378350257874,14.673488905892562
270.0251681804657,14.680110887546084
270.10778403282166,14.68675309470598
270.1795907020569,14.69330137484229
270.24292159080505,14.699758145795863
270.25854420661926,14.705959806007849
270.3317520618439,14.712031535596493
270.3922483921051,14.71786887326262
270.45860266685486,14.72339192261767
270.5416567325592,14.728643211894472
270.5416567325592,14.733594993292197
270.60094952583313,14.738200745544942
270.6603820323944,14.742459211480686
270.75813245773315,14.746486252393746
270.8178219795227,14.750210312050308
270.8951027393341,14.753737930596756
270.8951027393341,14.757158188122933
270.9744348526001,14.760333089792644
271.03383564949036,14.76347708721929
271.09217977523804,14.766517105392095
271.1511764526367,14.76960279090856
271.2334520816803,14.772752907215315
271.2506592273712,14.775971158529343
271.3006091117859,14.779292957656148
271.37526082992554,14.782775507989005
271.453316450119,14.78632393627696
271.52468371391296,14.7901164655689
271.5893335342407,14.794116074820266
271.5893335342407,14.798323501908799
271.6550190448761,14.80278528294093
271.7409510612488,14.807523651587582
271.8044505119324,14.812681041861397
271.88239908218384,14.818286235299396
271.88239908218384,14.824407462822846
271.95783948898315,14.830987211137474
272.0209050178528,14.83808304880074
272.08726358413696,14.845665986938835
272.1581652164459,14.853723585751515
272.17437195777893,14.86221789934153
272.27075386047363,14.871057480340262
272.3251965045929,14.880191229806988
272.3835654258728,14.889575722166303
272.44322991371155,14.899152993895024
272.5084435939789,14.90879498227674
272.5259017944336,14.91843760432392
272.59127402305603,14.927990284036142
272.65190052986145,14.937346192842375
272.73467469215393,14.946408383321002
272.8071653842926,14.955051444713154
272.8834946155548,14.963168892309556
272.8840448856354,14.970702468196782
272.94155168533325,14.977572686616938
273.01256012916565,14.983716874550518
273.1271619796753,14.989117978131906
273.1271619796753,14.993784686138
273.18726086616516,14.99773990349417
273.2719738483429,15.001022071681906
273.2882127761841,15.003725926722533
273.3540952205658,15.005942586704178
273.45311188697815,15.007802640328403
273.45311188697815,15.009435647584535
273.518741607666,15.010985407998106
273.6155278682709,15.01257130086616
273.63329434394836,15.01431982751194
273.6927638053894,15.016328585136545
273.7832877635956,15.01869041562032
273.80085277557373,15.02144746250516
273.858277797699,15.02467053564995
273.92081928253174,15.028433983899918
274.05096101760864,15.032772018239557
274.05096101760864,15.037635273886249
274.1136360168457,15.043004722230895
274.1719787120819,15.048859218402518
274.2288749217987,15.055065389547833
274.3206081390381,15.061554928860733
274.3206081390381,15.06821483819109
274.3931007385254,15.07499048868535
274.47181153297424,15.081644780144757
274.536883354187,15.088148912909993
274.6517107486725,15.094458873059077
274.6517107486725,15.100419034460746
274.7138900756836,15.105987077535543
274.7476382255554,15.111164616724077
274.8006601333618,15.115994892926487
274.8586609363556,15.120456788287871
274.9377899169922,15.124564820436477
274.99990916252136,15.128323392754059
275.0663721561432,15.131856172583156
275.08200454711914,15.135045403628208
275.13826155662537,15.137859473517167
275.2037196159363,15.140504907890428
275.31024074554443,15.142935093257783
275.31024074554443,15.145109415365475
275.37130427360535,15.147134038611673
275.42963194847107,15.148921213508046
275.48708748817444,15.15044517215458
275.54992389678955,15.151561996460671
275.60255312919617,15.152521460297976
275.68641209602356,15.153223702599938
275.7542493343353,15.15372443326346
275.8181149959564,15.154168391746326
275.87465500831604,15.1545358664347
275.93406414985657,15.154891427611027
276.00060868263245,15.155284601433376
276.0869171619415,15.155724326227546
276.0869171619415,15.156268900897436
276.14492416381836,15.157095965969523
276.21595096588135,15.158205144767063
276.2956922054291,15.159689348421901
276.31947088241577,15.161638598821266
276.39148712158203,15.164012733850189
276.45051550865173,15.166831638013885
276.5135004520416,15.170109411970088
276.5343818664551,15.173856420081327
276.6041753292084,15.178114586402083
276.6618573665619,15.182817497726633
276.73019456863403,15.188013319216052
276.82250928878784,15.193677670089793
276.82250928878784,15.199667337591022
276.8824427127838,15.205858898164362
276.9492390155792,15.21212862624784
277.02842235565186,15.218394704380723
277.0868639945984,15.224355510315261
277.1539349555969,15.22993069409688
277.1715033054352,15.235143158000184
277.236674785614,15.239944527678144
277.29648423194885,15.243921840633917
277.35437774658203,15.246795752514265
277.4364171028137,15.248665679899835
277.500287771225,15.249586349809018
277.5775535106659,15.249574012301522
277.5775535106659,15.248639152772586
277.64987230300903,15.246884794423032
277.7124288082123,15.24441935646738
277.7636516094208,15.241420098397535
277.81193947792053,15.238053248144269
277.90426540374756,15.23448686078588
277.97387862205505,15.231089527645299
277.99118661880493,15.22776979460339
278.07374811172485,15.224744334507296
278.1827964782715,15.222016033125573
278.1827964782715,15.2198756523409
278.2865810394287,15.218343940525344
278.2865810394287,15.21771275326529
278.3404257297516,15.217953381187955
278.4077854156494,15.219282172857609
278.5234396457672,15.221718663872874
278.5234396457672,15.225364955743961
278.5945813655853,15.230191320093995
278.6537220478058,15.23615685594581
278.753080368042,15.242856936534942
278.753080368042,15.250282219102367
278.81950211524963,15.258180119799743
278.8782093524933,15.266330895695985
278.94572257995605,15.274728955738299
279.0058345794678,15.2830847499248
279.0657923221588,15.29133552223202
279.15267276763916,15.299456636552694
279.15267276763916,15.307343901845773
279.21781301498413,15.314990102833669
279.2794601917267,15.322206205346578
279.3402292728424,15.329076644002875
279.4083697795868,15.335373194457157
279.48649072647095,15.341234188148135
279.50224566459656,15.346486833431067
279.5907311439514,15.351159547767097
279.6493344306946,15.355343324508118
279.71349811553955,15.358836226800616
279.7310800552368,15.361850695990631
279.8145489692688,15.364479800303062
279.87443494796753,15.366710112303505
279.9322154521942,15.368695636294408
279.9911861419678,15.370461680359025
280.0583300590515,15.372138419975931
280.140367269516,15.37385738492788
280.140367269516,15.3755689129172
280.1992223262787,15.377424065081481
280.2579300403595,15.379456151277221
280.3528048992157,15.381728309254829
280.368540763855,15.384203761197012
280.46532106399536,15.386887804772995
280.52478528022766,15.389900505491141
280.5805377960205,15.393203085243933
280.6737322807312,15.396574959238723
280.6737322807312,15.400241586581606
280.735463142395,15.404044702850273
280.7903645038605,15.408030456994089
280.8486773967743,15.412213147470675
280.9985978603363,15.416514535888187
280.9985978603363,15.421032980282815
281.0143370628357,15.425741493480945
281.06644916534424,15.430740991029339
281.1239423751831,15.436034080835698
281.1974036693573,15.44162035899398
281.269859790802,15.447509577421414
281.34086513519287,15.45372640609412
281.3930947780609,15.460199125597573
281.4454700946808,15.466980757519092
281.51251697540283,15.474092847109262
281.5891971588135,15.48146064128466
281.6048467159271,15.4891575122788
281.77033376693726,15.497169625431496
281.77033376693726,15.505500722343612
281.77033376693726,15.514096640147327
281.8321750164032,15.522945945313438
281.92641973495483,15.532049694607586
281.94371223449707,15.54137750110843
282.007404088974,15.550934610678135
282.0597596168518,15.560690021843099
282.1196777820587,15.570628450867993
282.1984221935272,15.580734954625449
282.27696776390076,15.590972971602698
282.3321900367737,15.601352992409197
282.34930396080017,15.611841603963612
282.4314994812012,15.62239642322514
282.5109097957611,15.632999532336632
282.5282242298126,15.643808049165958
282.6243779659271,15.65482354880982
282.6519045829773,15.666017326946388
282.7192885875702,15.677437252160422
282.7823028564453,15.68911803451532
282.8447685241699,15.701077807785428
282.8763802051544,15.713286320350527
282.9320750236511,15.725729995368837
282.9952726364136,15.73841587876943
283.0609974861145,15.75128283178392
283.1413383483887,15.764341755602933
283.24732851982117,15.777598982114922
283.24732851982117,15.790997402614606
283.3599009513855,15.80448607310524
283.3599009513855,15.818083035690107
283.4565591812134,15.83173800832941
283.4574794769287,15.845446338943189
283.51957607269287,15.859221666401936
283.59880542755127,15.872918183053933
283.67729234695435,15.886556360842915
283.7422504425049,15.900072927247848
283.7422504425049,15.913501164545176
283.8233494758606,15.9268211631646
283.909969329834,15.94015486573577
283.9896421432495,15.953503592943704
283.9896421432495,15.966926007547748
284.04846262931824,15.980469915647662
284.1147825717926,15.99413228287921
284.174870967865,16.007960227287903
284.2383370399475,16.022086690473824
284.3210070133209,16.036496875975363
284.33771228790283,16.0511361261054
284.39135694503784,16.06622715792016
284.44896841049194,16.081569221766593
284.52828192710876,16.097291221681523
284.5867009162903,16.113271678853085
284.6644649505615,16.129452077185473
284.68895745277405,16.145830618830562
284.81571102142334,16.16238464862827
284.81571102142334,16.178864905728442
285.1087999343872,16.19537451345696
285.1087999343872,16.211838766005393
285.1087999343872,16.228182793350058
285.1087999343872,16.24431232936979
285.1087999343872,16.260271544779272
285.1562850475311,16.27600273521441
285.21525049209595,16.291442347368797
285.27721524238586,16.30654135577062
285.3195776939392,16.321331985843635
285.3704161643982,16.33581219060719
285.43154668807983,16.349975423703906
285.51482248306274,16.363747177671385
285.55563163757324,16.37718332967715
285.60652327537537,16.3903018390095
285.7170271873474,16.403148064693475
285.7333369255066,16.415713716497315
285.78815364837646,16.428088546507315
285.84499621391296,16.44029803186139
285.927374124527,16.452397578178793
286.0111105442047,16.464401140239946
286.0111105442047,16.476367125302712
286.0692412853241,16.488429500618583
286.1280198097229,16.500600564445783
286.23510932922363,16.51292964373117
286.2518103122711,16.525306278453606
286.31798696517944,16.53783892277339
286.422967672348,16.550584197997654
286.422967672348,16.56348427641796
286.5228865146637,16.5765218065337
286.5384330749512,16.58971722513465
286.59082317352295,16.60304840487904
286.6647803783417,16.616450163294036
286.7525088787079,16.629964201115293
286.76891446113586,16.643525519049568
286.8803324699402,16.656981425593358
286.8953421115875,16.670342493668905
286.9636833667755,16.683683587945712
287.02249026298523,16.696775432616644
287.10118556022644,16.709637389816383
287.1741318702698,16.72217617380835
287.1741318702698,16.734327583980885
287.2646324634552,16.74610906093909
287.31917548179626,16.757466561314693
287.4134728908539,16.76844069351506
287.4172179698944,16.778931019636683
287.50163650512695,16.78891612272698
287.57662320137024,16.79844847292703
287.6168763637543,16.807546027486055
287.726092338562,16.816159404778155
287.726092338562,16.824300649752395
287.8097743988037,16.831986083442104
287.8272705078125,16.839283139382047
287.8822259902954,16.846192915627928
287.94368743896484,16.852784778555943
288.0023078918457,16.859154538927296
288.0647633075714,16.865248608535648
288.1246588230133,16.871116779880136
288.181049823761,16.876810139450956
288.23975682258606,16.882284631249757
288.3017523288727,16.8876211323826
288.39029002189636,16.892877293491303
288.40716576576233,16.89802747316518
288.48989486694336,16.90310139761175
288.5115692615509,16.90803689988503
288.620929479599,16.912976591322007
288.6379539966583,16.917823026595954
288.6982910633087,16.922632888351373
288.75642228126526,16.927321944448636
288.81485509872437,16.93192226315016
288.89857149124146,16.936475202084754
288.91418623924255,16.941015887058654
288.9929983615875,16.94543714043465
289.0563700199127,16.94983131852226
289.1142294406891,16.9541500103472
289.17727422714233,16.958398623250194
289.23968720436096,16.962589497711225
289.3138654232025,16.966739539050746
289.35379695892334,16.97085200453054
289.4101541042328,16.97490818970857
289.47719502449036,16.9789338811039
289.58893179893494,16.98289415007487
289.58893179893494,16.98684138189857
289.6692588329315,16.990710101460145
289.7353799343109,16.994547308532415
289.7353799343109,16.998269377791267
289.80163955688477,17.00180027583056
289.86534905433655,17.00509452649922
289.91866970062256,17.00813240551124
290.04861092567444,17.010899056580683
290.04861092567444,17.013329519452633
290.117205619812,17.015336045076847
290.18286895751953,17.01693708673164
290.1981666088104,17.01809784500047
290.27359771728516,17.01877134910507
290.33970975875854,17.01895364550764
290.44024896621704,17.018764599509353
290.44024896621704,17.0181149270725
290.501562833786,17.017017362910345
290.5646629333496,17.01556805248193
290.67431354522705,17.013770221208432
290.67431354522705,17.011739349576604
290.73656010627747,17.00959057889539
290.7934732437134,17.007442649465958
290.8465118408203,17.005349575488566
290.9108889102936,17.00344000441713
291.00212144851685,17.001880585151206
291.0193524360657,17.000586423362673
291.10267758369446,16.999672992763625
291.18106389045715,16.999032831549464
291.23911786079407,16.99869628067451
291.2547836303711,16.99867107798111
291.350483417511,16.9989000872869
291.3662271499634,16.999302593364675
291.4215371608734,16.999781826256758
291.4818344116211,17.000195568544306
291.57149744033813,17.00045862935875
291.63960886001587,17.00042124450271
291.6573967933655,16.999897397236065
291.7346694469452,16.998959907522035
291.7922377586365,16.997472597934475
291.8480849266052,16.995277175034207
291.90202260017395,16.992365258474067
291.96396923065186,16.98879232180553
292.0512373447418,16.98440813316851
292.0691590309143,16.979326981396238
292.1264009475708,16.973623891021063
292.1850035190582,16.967331139206934
292.24387669563293,16.960719539102886
292.30138754844666,16.953607503125294
292.3923954963684,16.946043945225224
292.40815258026123,16.938251574676706
292.46399760246277,16.930322197812583
292.53309893608093,16.92226868305456
292.6416642665863,16.91416958699715
292.6416642665863,16.906135617242015
292.7175712585449,16.898151121784544
292.77225828170776,16.890304999224853
292.859406709671,16.88255428501106
292.87687635421753,16.87494051188783
292.93664956092834,16.867452436802985
292.99756836891174,16.85998455116299
293.08543252944946,16.852520488750336
293.1553828716278,16.845032426860588
293.1718854904175,16.837579695131815
293.2225728034973,16.830109383762377
293.2813403606415,16.82236151072294
293.34716534614563,16.81442387901693
293.4257719516754,16.80599062325547
293.4967279434204,16.797224056006648
293.5139672756195,16.787863876601854
293.617684841156,16.77770939275242
293.6332983970642,16.76685890195891
293.69680666923523,16.755236178438203
293.76907896995544,16.742782278018392
293.834189414978,16.729516051082264
293.94832468032837,16.715002257595174
293.94832468032837,16.699271430158372
294.0601568222046,16.682466232652956
294.0601568222046,16.664228611641143
294.0921676158905,16.6445593957586
294.16750288009644,16.62330834950215
294.2265100479126,16.600252271868357
294.28439927101135,16.575582618158073
294.3612308502197,16.549151180814075
294.40694856643677,16.52086921310458
294.45939016342163,16.490534929582918
294.53542709350586,16.45832671101478
294.6145033836365,16.424067936757318
294.6145033836365,16.38792450423784
294.6735780239105,16.349434015525468
294.73944449424744,16.308598797070147
294.82210421562195,16.265435224087334
294.8802638053894,16.21952596427984
294.94417929649353,16.17040659789983
295.02949929237366,16.1175653529003
295.02949929237366,16.059935947195555
295.13805627822876,15.997181194120154
295.13805627822876,15.927939484514352
295.21513080596924,15.850776902482883
295.27371883392334,15.764026561682666
295.35010266304016,15.664876552117121
295.43070125579834,15.549675473479859
295.43125462532043,15.413396245536813
295.4971241950989,15.249138697558545
295.5733199119568,15.159947965010666
295.68050241470337,15.081908936340648
295.68050241470337,15.006212214533413
295.75659132003784,14.932864486274626
295.8148515224457,14.861393028991712
295.85696363449097,14.792365233663183
295.9268662929535,14.725856024012607
296.04119753837585,14.661377606657668
296.04119753837585,14.599171372786076
296.11306715011597,14.539438703188841
296.1909112930298,14.481866717403125
296.24824953079224,14.42647416454119
296.24824953079224,14.373530519778361
296.3251631259918,14.32241410664374
296.4293794631958,14.273388219932242
296.4293794631958,14.226344208846257
296.49317622184753,14.181311908612878
296.559401512146,14.138501954489838
296.65482354164124,14.097261161567907
296.65482354164124,14.057556633767552
296.7107129096985,14.01896401424261
296.76996421813965,13.98190303817128
296.8259747028351,13.945822247817256
296.89018964767456,13.91037468050223
296.9774091243744,13.875309473054
297.03600788116455,13.840832289136866
297.09255814552307,13.806758522793809
297.1550621986389,13.77305262620603
297.23573660850525,13.739709521073214
297.23573660850525,13.70673385360862
297.3090977668762,13.673962568889454
297.3678433895111,13.641485899960434
297.44581413269043,13.60960781426943
297.5222895145416,13.578576405937001
297.5387718677521,13.547845546612342
297.58817410469055,13.51744330790538
297.65078020095825,13.488416616308236
297.710168838501,13.459289705674447
297.76899433135986,13.43136106895691
297.8545775413513,13.404615116518373
297.8697030544281,13.378638488237616
297.9585454463959,13.3536145378216
298.0192914009094,13.329366097461158
298.0849163532257,13.306442818314816
298.14443588256836,13.284802193483214
298.20907163619995,13.264361890698751
298.307252407074,13.245553077689893
298.307252407074,13.22801401629268
298.4088544845581,13.211241374069383
298.4088544845581,13.195321704862396
298.46641182899475,13.179968089089398
298.5346989631653,13.165236990298144
298.6230218410492,13.151257701009216
298.63896775245667,13.138560418818702
298.72096276283264,13.125806623482896
298.7853066921234,13.11398580185298
298.8905475139618,13.102692889556215
298.8905475139618,8.172407195314166
298.94738936424255,8.16862238088715
299.00579953193665,8.16600468130674
299.0673177242279,8.16381886033709
299.12660932540894,8.162936870107343
299.1968324184418,8.163394686603349
299.2124228477478,8.164656239641445
299.2790777683258,8.166312744367847
299.3836200237274,8.168162851294948
299.3836200237274,8.170512546347103
299.439578294754,8.172624631836726
299.5003237724304,8.17526013537469
299.5929572582245,8.177536591994846
299.6517882347107,8.179434770955622
299.71269488334656,8.180542729545511
299.7733676433563,8.18020506420428
299.831223487854,8.17812479585958
299.8476576805115,8.174088259130409
299.92530512809753,8.167674296695251
299.98404264450073,8.158792003515856
300.04246830940247,8.147158549631104
300.10597562789917,8.133184175572827
300.21088194847107,8.117292377830116
300.21088194847107,8.099229896380256
300.26794505119324,8.079419365162966
300.33052468299866,8.0578907755707
300.4068772792816,8.035167370274241
300.4805579185486,8.011690254650341
300.5793135166168,7.9877810806086496
300.5793135166168,7.963645546070741
300.6832368373871,7.939472997942313
300.6832368373871,7.915428294179038
300.75897312164307,7.89174893207885
300.82595658302307,7.868651575853468
300.84280371665955,7.846044215227581
300.9021530151367,7.824217153869234
300.95548486709595,7.803297888222217
301.0418224334717,7.783234186935616
301.13938212394714,7.764213874170018
301.13938212394714,7.7461408516496615
301.25537514686584,7.729084578766292
301.25537514686584,7.712938817264487
301.31854820251465,7.6978398305017555
301.37919521331787,7.6835086887379305
301.4738187789917,7.6701109083053645
301.4738187789917,7.657582326201389
302.04584097862244,7.6458295888044026
302.04584097862244,7.634908803578902
302.04584097862244,7.62458918953104
302.04584097862244,7.614721065316833
302.04584097862244,7.605156738947088
302.04584097862244,7.5957391077900756
302.04584097862244,7.586444349586003
302.04584097862244,7.576854703442611
302.04584097862244,7.566935311880228
302.10492062568665,7.5566374899404085
302.1209855079651,7.545864372668492
302.21193170547485,7.534497122876698
302.27159786224365,7.52239251356904
302.33332204818726,7.509618707793052
302.35052609443665,7.496236803083011
302.4216215610504,7.482054524114287
302.48791241645813,7.4670449489690816
302.5589792728424,7.451301211725134
302.63675594329834,7.4346425998715615
302.63675594329834,7.4172073167844355
302.7896885871887,7.398976066572929
302.7896885871887,7.380144988633171
302.854455947876,7.360646535989293
302.91603422164917,7.340698120185296
302.93000388145447,7.32046411963215
302.99993896484375,7.299964781518656
303.07082962989807,7.279329341958627
303.14985847473145,7.2585839113857515
303.2092275619507,7.23778087282133
303.2263460159302,7.2168893091716475
303.29051995277405,7.196005456448466
303.35544872283936,7.17517574070129
303.41241335868835,7.154423979895268
303.4730894565582,7.133901674072976
303.5373270511627,7.113509274163395
303.59676146507263,7.09333087115847
303.6646945476532,7.073388010415844
303.72186279296875,7.053932656085718
303.7831244468689,7.034759713444856
303.79875802993774,7.015695087685679
303.8583559989929,6.996443180631452
303.96104741096497,6.977232985245235
304.0223979949951,6.957987682356743
304.0882136821747,6.938481978337272
304.10451078414917,6.91878299070781
304.18979358673096,6.898777049981442
304.27496790885925,6.878307366737517
304.27496790885925,6.857268360942386
304.34183287620544,6.835588983480817
304.43603324890137,6.813276870365737
304.50406670570374,6.790214565920934
304.50406670570374,6.765737084524408
304.5669274330139,6.7409365721495025
304.63710498809814,6.714810705080546
304.6898055076599,6.687379746634593
304.7891387939453,6.658619922206492
304.8032822608948,6.628354754344457
304.87168431282043,6.5965252760288235
304.9536073207855,6.563045779374743
304.96937012672424,6.527926816623046
305.0216157436371,6.491203583548416
305.10815954208374,6.45277941805341
305.1793301105499,6.412509877703868
305.1964874267578,6.370323818436726
305.2762668132782,6.325922079301151
305.38232374191284,6.2798103280036885
305.38232374191284,6.231969906150292
305.4459044933319,6.182545677107057
305.5039083957672,6.131508612083557
305.56295585632324,6.07908819759196
305.6203534603119,6.0250196472258875
305.7179751396179,5.969839462118479
305.73393034935,5.914429885692932
305.78258776664734,5.859083882588785
305.84123373031616,5.8376861632783195
305.9369270801544,5.817025269505089
305.9545314311981,5.796997835822603
306.01244616508484,5.777620882441897
306.0720238685608,5.758573227697157
306.1292018890381,5.740055704849587
306.19646739959717,5.721821252715752
306.3162260055542,5.703652149015686
306.3162260055542,5.6853935167766165
306.3868935108185,5.667080152642761
306.44642996788025,5.648655599438133
306.51223945617676,5.6300527751127465
306.5904772281647,5.6112002519884605
306.5904772281647,16.310780973967162
306.6587870121002,16.30715999337689
306.72550678253174,16.303261591752403
306.8034248352051,16.298870408427447
306.87877368927,16.29404861834389
306.9335217475891,16.28875774766772
307.012255191803,16.282939199316704
307.012255191803,16.276779016083353
307.0728940963745,16.270289649427006
307.12891602516174,16.263506894947046
307.1869421005249,16.25638287730065
307.2416150569916,16.24910407635781
307.3038477897644,16.24155450273875
307.3869049549103,16.23378825379815
307.48669052124023,16.226073541311894
307.48669052124023,16.21841701953086
307.58195209503174,16.21091025246896
307.58555793762207,16.203269637735477
307.6422588825226,16.195852504110846
307.70983386039734,16.188786776714696
307.81195878982544,16.182061347298436
307.82658076286316,16.175691916253903
307.89541697502136,16.16959551100543
307.95803594589233,16.163744590854854
308.0253369808197,16.15812486362392
308.113073348999,16.152704736492698
308.113073348999,16.147469006794474
308.17526483535767,16.142334816812035
308.2327070236206,16.13726290288179
308.33376836776733,16.13208938231315
308.3502986431122,16.126817477010977
308.4001657962799,16.12125790677552
308.46603059768677,16.115481628462263
308.5324218273163,16.109300870743365
308.59115052223206,16.10266611248281
308.68175745010376,16.09560551598624
308.6995837688446,16.08810298197912
308.7559771537781,16.080073467545866
308.86247873306274,16.07147279595282
308.86247873306274,16.06233263412405
308.9213526248932,16.052668030469516
308.9951717853546,16.042505034829336
309.0745601654053,16.03188958025304
309.1367573738098,16.020863204223552
309.153621673584,16.009497355437215
309.2114300727844,15.997822180843437
309.29074001312256,15.985916752778998
309.3547501564026,15.973878067583998
309.4172685146332,15.961772686358618
309.4989564418793,15.949707807843339
309.4989564418793,15.937758031781858
309.5592393875122,15.926038361620257
309.62399649620056,15.914635339200267
309.69938111305237,15.903624253914877
309.7739520072937,15.893075220092047
309.7897095680237,15.883050247370534
309.85362362861633,15.873567992092957
309.94048261642456,15.864687879887269
310.0009226799011,15.856385979058846
310.0666432380676,15.848659192839467
310.14905428886414,15.841486349192204
310.14905428886414,15.83481327327814
310.21200156211853,15.82860612570451
310.27413988113403,15.822812729572242
310.3608000278473,15.817335062407402
310.3784420490265,15.812136399541222
310.43310260772705,15.807127535587655
310.4906325340271,15.802215204669203
310.5945477485657,15.797347418986075
310.611266374588,15.792461539758344
310.6979947090149,15.78755876561896
310.7381098270416,15.782551074508174
310.79217004776,15.777420942450371
310.86558413505554,15.772154127002159
310.93075919151306,15.766715997452597
311.01707553863525,15.761082829519284
311.01707553863525,15.75526739357278
311.09559965133667,15.749333730176012
311.14933490753174,15.743156948527705
311.22385025024414,15.736854174826666
311.2770621776581,15.730352445088243
311.3298568725586,15.723681741395483
311.4004764556885,15.71677099026821
311.46563720703125,15.709709209274688
311.483106136322,15.702441028168717
311.5743336677551,15.695184939644882
311.6328148841858,15.687787468618833
311.6908874511719,15.680403313632912
311.7498333454132,15.673155174850411
311.8181927204132,15.665984721419962
311.8404107093811,15.658812201221336
311.90281081199646,15.65182134538193
312.0032820701599,15.644953545384041
312.0032820701599,15.638286481993903
312.1106758117676,15.631805374066824
312.12940788269043,15.62554933161607
312.21183681488037,15.619503256540586
312.27024841308594,15.613520240086453
312.3518979549408,15.607527804898657
312.3518979549408,15.601549640562341
312.42446660995483,15.595662179600557
312.4820029735565,15.58953078252638
312.564492225647,15.583382715348252
312.58135890960693,15.577034150963284
312.6457703113556,15.570344183090272
312.73186779022217,15.563346436905718
312.7948365211487,15.556073310368618
312.8688521385193,15.548793518535106
312.8844838142395,15.541474749372645
312.9441707134247,15.534234184624117
313.00831389427185,15.527263715434831
313.06090474128723,15.520347071998376
313.11944031715393,15.513710158987418
313.2028453350067,15.507538267669338
313.21860456466675,15.501641115326718
313.28176760673523,15.496265764519297
313.374347448349,15.491757307745512
313.4324309825897,15.488054221626658
313.4952609539032,15.48493172363691
313.5102787017822,15.482486860998394
313.58211302757263,15.480719705709102
313.6447069644928,15.479693876225971
313.72385931015015,15.479071009094898
313.7999470233917,15.478960670869645
313.8631970882416,15.479197638478643
313.8631970882416,15.479672657913287
313.9293279647827,15.48007714843595
314.00788140296936,15.480314920188524
314.06563210487366,15.480860492222387
314.13212728500366,15.48097716861152
314.215060710907,15.481108857955137
314.215060710907,15.480925400988788
314.2750427722931,15.480281884270006
314.331951379776,15.479420654256055
314.39039182662964,15.47849278908765
314.4482614994049,15.477184779765386
314.50301909446716,15.475769319518617
314.56558561325073,15.474224307079139
314.6526982784271,15.47283897815688
314.711793422699,15.471354149945372
314.7708830833435,15.470568858465064
314.8318021297455,15.469785043562714
314.89454460144043,15.469334360425172
314.9981665611267,15.46926090620321
314.9981665611267,15.469523448683853
315.06083488464355,15.470347278665596
315.12544870376587,15.471641444602378
315.21058320999146,15.4730469657639
315.21058320999146,15.474503544378758
315.269642829895,15.476127294685769
315.3281135559082,15.478123592381337
315.38589429855347,15.479823658259324
315.5444667339325,15.481664069571377
315.5444667339325,15.483348084127119
315.5596046447754,15.485051581849286
315.6452932357788,15.486968487028607
315.6614441871643,15.489083589799028
315.7316925525665,15.491328352675701
315.7908544540405,15.493628782514628
315.87027049064636,15.495914156736148
315.9318890571594,15.49819038916832
315.994779586792,15.5006481677711
316.020708322525,15.503000464695313
316.13428378105164,15.505323415784877
316.13428378105164,15.507714290629222
316.1902766227722,15.509979080072716
316.2884783744812,15.512214301136943
316.30607628822327,15.514409326344845
316.4078538417816,15.516867350614357
316.424467086792,15.519349571092565
316.5146920681,15.52177859790778
316.6271641254425,15.524189942524794
316.6271641254425,15.526493895265391
316.70237374305725,15.528937851961986
316.8451235294342,15.531305800742084
316.8451235294342,15.53336390689578
316.8451235294342,15.535569361124304
316.8871352672577,15.537790048642824
316.9524621963501,15.540010384337178
317.0109055042267,15.542295188266031
317.07762718200684,15.544718647333596
317.1703040599823,15.54727430715369
317.18554615974426,15.550355283116948
317.2357392311096,15.5537807789636
317.2991216182709,15.557536891175923
317.36175656318665,15.561637240674633
317.4236524105072,15.566390174274517
317.48159193992615,15.571597165099384
317.5242738723755,15.5769497529686
317.6031320095062,15.58261648958625
317.66081523895264,15.588632682105521
317.75630474090576,15.594890933158746
317.75630474090576,15.601330557656567
317.815634727478,15.607919869540153
317.88996028900146,15.61465522403472
317.9608600139618,15.621331303295955
318.02590322494507,15.627692848209065
318.07736682891846,15.633526305291618
318.14457750320435,15.638691653311154
318.18785762786865,15.643143974535283
318.24069237709045,15.64676714687553
318.32773995399475,15.649698044747977
318.3433303833008,15.651816464144138
318.40386486053467,15.653210403721767
318.469190120697,15.653767682087054
318.51892256736755,15.653645834966634
318.6111361980438,15.652830939865837
318.6774249076843,15.65132953388661
318.6943156719208,15.649384006671953
318.7549729347229,15.646933832100812
318.8345353603363,15.644204019181348
318.8955466747284,15.641244718970636
318.9525010585785,15.638446824062349
319.0429701805115,15.63587295645807
319.0429701805115,15.633745889920196
319.10394501686096,15.63216782121519
319.16060876846313,15.631194015284123
319.21294045448303,15.630850965054229
319.2776257991791,15.631072162490923
319.3919744491577,15.631992726844855
319.3919744491577,15.633380281644044
319.46345615386963,15.635174547622778
319.52716970443726,15.637614307386512
319.58553194999695,15.640569168252036
319.6440100669861,15.643733573195478
319.70227313041687,15.64702723593392
319.79350447654724,15.650226291234477
319.79350447654724,15.653245895479623
319.85321736335754,15.65607962200119
319.91472911834717,15.658552224661179
319.99932885169983,15.660665152892966
320.05700492858887,15.66242671346954
320.11980676651,15.6636871137105
320.25352692604065,15.664395170890138
320.25352692604065,15.664426237699189
320.26929473876953,15.663880856704465
320.3271746635437,15.662596833453007
320.3941514492035,15.660691267957196
320.4605026245117,15.658113956461495
320.5319182872772,15.654794565982616
320.5492866039276,15.650739882179309
320.61162972450256,15.646009194975377
320.6884226799011,15.640421290124316
320.75328493118286,15.63411228513526
320.8561911582947,15.627243977840072
320.8561911582947,15.619614227316678
320.9196181297302,15.611393684179395
320.98513865470886,15.602565920319284
321.0730164051056,15.593064928184964
321.0730164051056,15.582996502180508
321.13132333755493,15.57247246545064
321.19368624687195,15.561100971400991
321.2529902458191,15.548844418389878
321.3158633708954,15.535959343965931
321.40197229385376,15.522540797810741
321.41760897636414,15.508407925572671
321.5182468891144,15.493463521162136
321.5358202457428,15.477604492857557
321.59596276283264,15.462268928184407
321.65221309661865,15.44685396557658
321.7110800743103,15.431236475554387
321.77363896369934,15.415350781421894
321.8599109649658,15.399504298205004
321.91855454444885,15.383722261171565
321.98958921432495,15.368401091550712
322.0090775489807,15.353150588568367
322.0677146911621,15.338156591539505
322.127001285553,15.322786349922172
322.18574118614197,15.3069703953199
322.26423501968384,15.290436753241307
322.3307068347931,15.272645001499917
322.36413526535034,15.253171667463103
322.42206716537476,15.23155857183141
322.48492431640625,15.209023543453117
322.54564905166626,15.18488210638474
322.6018018722534,15.158706721221177
322.664409160614,15.130351391822549
322.7249279022217,15.099719561468236
322.81774044036865,15.067006798348574
322.81774044036865,15.03247364610009
322.8848285675049,14.996455421759066
322.943895816803,14.95940751739144
323.00339365005493,14.921621961628809
323.0599937438965,14.883804550096174
323.126606464386,14.846119215454147
323.2095687389374,14.80897155092274
323.227055311203,7.540370068925631
323.2933111190796,7.529525130051736
323.359254360199,7.518222386065734
323.43915462493896,7.50655931188229
323.4553985595703,7.494469212361497
323.5308630466461,7.481943428034699
323.591059923172,7.469085175568285
323.6525068283081,7.455772430460242
323.72715854644775,7.442060864415254
323.77508568763733,7.4280803623081715
323.8151202201843,7.413733001111567
323.88089895248413,7.399012898357721
323.96289443969727,7.384029749252344
323.9801471233368,7.3687875977586685
324.1174657344818,7.353241787435458
324.1174657344818,7.337492254962004
324.1887991428375,7.321700575124565
324.24864435195923,7.3058948380669735
324.3101568222046,7.289912471714757
324.32587480545044,7.273860185648968
324.39611744880676,7.257867116257924
324.49658608436584,7.24183313072216
324.51419949531555,7.225786357875384
324.56850481033325,7.209694958756594
324.6321098804474,7.193526604330667
324.6895217895508,7.1772443393524314
324.74706959724426,7.160881243370242
324.80698251724243,7.144377999755974
324.87950253486633,7.127670704548518
324.959570646286,7.110740787912915
324.9768228530884,7.093527238791828
325.0307080745697,7.076000904887338
325.0858561992645,7.058198864702282
325.1839027404785,7.040024127431243
325.2018105983734,7.021480706967437
325.25670051574707,7.002595735216932
325.3236758708954,6.9833110826256695
325.40643763542175,6.963630703135273
325.4383625984192,6.943563934551984
325.49689507484436,6.923026447671241
325.5599687099457,6.902009439789817
325.6276857852936,6.880548954345388
325.68477725982666,6.85858493421214
325.7434067726135,6.836110224078784
325.8101079463959,6.813117667902419
325.87606143951416,6.789628324599352
326.0039134025574,6.765657785349462
326.0039134025574,6.741159353669884
326.01903557777405,6.716110004556357
326.11683893203735,6.69049455934671
326.1325948238373,6.6642635049449686
326.19780373573303,6.6373842283601325
326.2947976589203,6.609830999235609
326.3105278015137,6.581560073748413
326.3836636543274,6.552556560125612
326.4527473449707,6.522779163514426
326.4947419166565,6.492179952429153
326.54662132263184,13.955460908601998
326.61562609672546,13.94517991545189
326.69668459892273,13.934971205539842
326.71406149864197,13.924830379016015
326.7638039588928,13.9148038401886
326.8264362812042,13.904782664965825
326.88486981391907,13.894652658706159
326.9436731338501,13.88449619925876
327.0018219947815,13.874385205935026
327.0763404369354,13.864370106970219
327.1749577522278,13.854467070298806
327.1749577522278,13.844592753559809
327.2425377368927,13.834877643080079
327.301878452301,13.82535337419208
327.3593487739563,13.815986296210333
327.4178102016449,13.806757271316878
327.4875304698944,13.797776978409543
327.56741070747375,13.789099306879939
327.5831837654114,13.78072056546744
327.6388647556305,13.772793544333087
327.69842505455017,13.765416784811626
327.7883062362671,13.75855083751425
327.8725850582123,13.752154738376486
327.87358832359314,13.746383901854122
327.93587160110474,13.741160682993094
328.0142011642456,13.736578642908038
328.07437443733215,13.732773719664463
328.13274478912354,13.730302828109837
328.1882333755493,13.73035585551075
328.2550678253174,13.732805712188693
328.3375322818756,13.736327541603387
328.3375322818756,13.740268523136358
328.39916920661926,13.744161982587574
328.4567141532898,13.747934409965662
328.5192401409149,13.751476636498307
328.6088538169861,13.754814876411569
328.62635254859924,13.757800030037421
328.70517921447754,13.760451228079354
328.8126320838928,13.762763000452503
328.8126320838928,13.764628914422305
328.8799157142639,13.766029039521213
328.9355571269989,13.767067871627644
328.9928114414215,13.767711538362336
329.0551710128784,13.768034415625639
329.1176595687866,13.768084959462898
329.1805353164673,13.767953601259677
329.23795342445374,13.76767624662566
329.3022050857544,13.76718026997593
329.36818265914917,13.76660110108543
329.4556586742401,13.7659536867467
329.4556586742401,13.765379214895175
329.51725459098816,13.764869605565837
329.5961821079254,13.764631869784118
329.6762502193451,13.764765730906342
329.6762502193451,13.765389257219189
329.75476336479187,13.766337402641641
329.7993357181549,13.767764931567026
329.8877377510071,13.769619971316631
329.90561985969543,13.772000168682844
329.97000789642334,13.774793272823352
330.0467755794525,13.777907577885301
330.1178328990936,13.781363984060045
330.1817309856415,13.785129897328604
330.23852276802063,13.78907227296683
330.25534868240356,13.7931889946125
330.3217146396637,13.797375315628212
330.41278433799744,13.801591600191895
330.48024320602417,13.80571714578112
330.4984061717987,13.809703002003056
330.5626904964447,13.813580161665264
330.62625336647034,13.817379426142173
330.698961019516,13.820845157498221
330.7997853755951,13.824096025681852
330.7997853755951,13.827066206991029
330.8602478504181,13.829751934719965
330.9214963912964,13.832206367310603
331.0046615600586,13.834475853551204
331.02017998695374,13.836479634119808
331.07114243507385,13.83821772315787
331.13510251045227,13.839759918869913
331.22526025772095,13.840928342775427
331.242862701416,13.842024104799204
331.3334205150604,13.842815447083895
331.396466255188,13.843375758157478
331.4596927165985,13.843790404816495
331.5179522037506,13.843796536926932
331.5603196620941,13.843583590809384
331.60281348228455,13.843137171815558
331.66468381881714,13.842470090622458
331.77535796165466,13.841676337105326
331.77535796165466,13.840577604489877
331.8336670398712,13.839383642812592
331.8976979255676,13.83814397474149
331.98365569114685,13.83698726873659
332.0015745162964,13.83577631754243
332.102933883667,13.834626813810367
332.160404920578,13.833561553658006
332.22086358070374,13.832564083012867
332.2374289035797,13.831842236916598
332.30424189567566,13.831279319449685
332.3635094165802,13.831017610055822
332.42191791534424,13.831236647578331
332.479540348053,13.832063489505222
332.5382103919983,13.83335237778505
332.59620904922485,13.834799851771146
332.6593692302704,13.836694786934654
332.71837878227234,13.838773817155802
332.76990580558777,13.84102883168801
332.82528471946716,13.843387106325363
332.89240169525146,13.845783737877051
332.9843828678131,13.848140302461188
332.9843828678131,13.850437166773071
333.0465431213379,13.852601441539829
333.10460805892944,13.854560896234124
333.2048065662384,13.856306041774106
333.2204165458679,13.857822894506253
333.3042862415314,13.858950258577645
333.36439847946167,13.859804565799905
333.4258291721344,13.860351029586454
333.4842553138733,13.86060574753407
333.5581748485565,13.860487409101816
333.5737974643707,13.86011445396753
333.6376256942749,13.859378751277571
333.69591307640076,13.858340337403103
333.7545611858368,13.857049384594369
333.8065438270569,13.855663130096534
333.88447284698486,13.85412470746028
333.9540481567383,13.85236342768186
334.013738155365,13.850514713296588
334.07493257522583,13.848448092880798
334.1274724006653,13.846448864612467
334.19188952445984,13.84443396031006
334.20751905441284,13.842503525243446
334.28785848617554,13.840677853709751
334.35019397735596,13.838933230292893
334.41705107688904,13.837253727913971
334.50797843933105,13.83577457820827
334.50797843933105,13.834419001036402
334.5692183971405,13.833197730028168
334.63359546661377,13.832155632955018
334.7240397930145,13.831126346057316
334.741827249527,13.830260515426849
334.80059242248535,13.829579033126304
334.85834789276123,13.828891426807171
334.94916009902954,13.828236690913965
334.966646194458,13.827650390871764
335.02123069763184,13.827340232616871
335.0796730518341,13.827071027910748
335.14160776138306,13.826719699437163
335.21022772789,13.826285478773443
335.29128646850586,13.825690181000216
335.3545792102814,13.825114890649042
335.44932436943054,13.824372058866084
335.44932436943054,13.823535830252645
335.5130808353424,13.82266990839451
335.5720913410187,13.82162929398643
335.63364028930664,13.820472985132612
335.69171166419983,13.819337334073497
335.7624011039734,13.817990360358918
335.7801561355591,13.816569463534034
335.8424530029297,13.814827369551459
335.9508812427521,13.81299276427863
336.009752035141,13.81103394570171
336.0243456363678,13.80893237591875
336.0869388580322,13.806797959664975
336.1624310016632,13.804613449241424
336.2213785648346,13.802344996857435
336.3029932975769,13.79998073310214
336.3029932975769,13.797608483946842
336.3868772983551,13.79526413792459
336.4457106590271,13.792954006010316
336.5097942352295,13.790613722857787
336.59605526924133,13.788283991365285
336.59605526924133,13.78602429664081
336.66000032424927,13.783972008193317
336.72578954696655,13.7819895557285
336.81452465057373,13.780163796351195
336.8796648979187,13.778656949901897
336.9510922431946,13.77744412602999
336.9510922431946,13.77651293765984
337.01606249809265,13.776020124862665
337.07429218292236,13.775885419490884
337.14140915870667,13.776114679488355
337.2308568954468,13.776702390702896
337.2872221469879,13.777647124207599
337.2872221469879,13.779028916656465
337.3495078086853,13.780906679998184
337.40556931495667,13.783300461270581
337.4744780063629,13.786065678334648
337.5589940547943,13.789028190497685
337.60865211486816,13.792239978639575
337.66286039352417,13.795666149876437
337.741822719574,13.7991406870095
337.78976702690125,13.802634250212483
337.84160590171814,13.805998915511708
337.90834498405457,13.809229925934417
337.94181871414185,13.812334402002115
338.03622698783875,13.815216284177058
338.05330085754395,13.817950590149971
338.10406136512756,13.820535250591917
338.16613721847534,13.823031479698656
338.22952675819397,13.82552846028063
338.28054094314575,13.82799459756534
338.3531172275543,13.830535442447479
338.43188738822937,13.833147869431535
338.4932086467743,13.835900859796732
338.54956436157227,13.838853394414505
338.56752824783325,13.842030324885917
338.6331527233124,13.845471750152019
338.72964310646057,13.849207053697114
338.74605798721313,13.85325710587231
338.8363690376282,13.857612784968245
338.89938735961914,13.862334738890143
338.9293200969696,13.867431691466308
338.991069316864,13.872887236690122
339.0544366836548,13.878682939965897
339.1203486919403,13.884813758571282
339.17880272865295,13.89128136610123
339.24198293685913,13.898085784409693
339.32084250450134,13.905185190367991
339.400438785553,13.912565998687183
339.400438785553,13.92018408065416
339.4630286693573,13.928024728174899
339.52178978919983,13.93605760875936
339.5911383628845,13.944235132029661
339.6500687599182,13.9525768036349
339.7156834602356,13.961076283237558
339.73339104652405,13.969720281532734
339.8144533634186,13.97851102606645
339.91042041778564,13.987433554297258
339.91042041778564,13.996487682263064
339.99081563949585,14.005681556697779
340.05723690986633,14.014981203040906
340.1116609573364,14.024425637778359
340.18360352516174,14.033976134347855
340.2016251087189,14.043659850422216
340.2654285430908,14.053467912640983
340.34401082992554,14.063390904410232
340.3990981578827,14.073407763604955
340.44700145721436,14.083509985961387
340.50928926467896,14.093703141517972
340.5726730823517,14.103990183944394
340.6282904148102,14.114353692841132
340.688059091568,14.124782799888912
340.75300765037537,14.135288371266789
340.8357517719269,14.145875413287106
340.8357517719269,14.156538384937283
340.9363374710083,14.167299165695445
340.9519295692444,14.178176937528457
341.0074620246887,14.189179303608768
341.09940099716187,14.200350887468835
341.1807610988617,14.211744374100007
341.1984610557556,14.223343373102775
341.27038502693176,14.23517886718537
341.33293318748474,14.247282056802463
341.39144921302795,14.259707443480643
341.48425817489624,14.272456878069502
341.48517894744873,14.285519554052886
341.54611325263977,14.298907906098755
341.6077859401703,14.312633916292505
341.6726818084717,14.326680983326842
341.7257969379425,14.341024502908422
341.7915041446686,14.355663663131365
341.8538155555725,14.370569224130868
341.9114582538605,14.385726705686105
341.977929353714,14.401133240633966
342.03675627708435,14.416784986511525
342.0674467086792,14.43264758604489
342.1234555244446,14.448715929626344
342.1820914745331,14.46490989345025
342.2829523086548,14.481163795173446
342.29771995544434,14.497354030829632
342.3542854785919,14.51341753432932
342.4165699481964,14.529187684541533
342.50377798080444,14.544598473450778
342.5188660621643,14.559506885288398
342.62330508232117,14.573914251838277
342.6389400959015,14.587740329677027
342.70714116096497,14.600937663834085
342.7659456729889,14.613377282943867
342.84450364112854,14.62513526927223
342.92374300956726,14.63620427704965
342.9393780231476,14.646640666555376
343.0218560695648,14.656409239804386
343.10321283340454,14.665592197121143
343.1521682739258,14.674227388192481
343.2084426879883,14.682357411560305
343.22318291664124,14.689986180494111
343.286826133728,14.697259378334907
343.3869352340698,14.704183156416963
343.4043622016907,14.710820151883828
343.47746181488037,14.717252345578352
343.54527020454407,14.723597567276983
343.6132376194,14.729853839010318
343.67867612838745,14.736095582451174
343.79664421081543,14.742322622223769
343.7975950241089,14.74856708802466
343.85720920562744,14.75487821394714
343.85720920562744,14.761237817618055
343.94525718688965,14.7676706617369
344.03029465675354,14.774152217584081
344.04491901397705,14.78062194417913
344.11450242996216,14.787032828698749
344.17001938819885,14.793350767326414
344.22593808174133,14.799477451992361
344.27623200416565,14.805435681658508
344.33289194107056,14.811204735809106
344.3907516002655,14.816748219537292
344.4687166213989,14.821925680178373
344.53313088417053,14.826746311651574
344.60667634010315,14.831178795605165
344.6238434314728,14.835244174467066
344.6895534992218,14.83883728615092
344.75336623191833,14.842074741735264
344.8151044845581,14.844848453656077
344.8742790222168,14.847160454889261
344.94813799858093,14.848905199268316
344.9647796154022,14.85009404682539
345.0192973613739,14.850755411048677
345.08713698387146,14.850870014560558
345.15368127822876,14.850430770268003
345.2102122306824,14.849543555982542
345.2673571109772,14.848258085726442
345.32518434524536,14.84661201503073
345.3865761756897,14.844638757194126
345.4443430900574,14.84245673722701
345.5077049732208,14.840137066463516
345.5959515571594,14.837806070928226
345.6123893260956,14.835352696870242
345.6668179035187,14.832891353382575
345.7235460281372,14.83050873891818
345.78361320495605,14.828251205024541
345.84623646736145,14.826074034254
345.8946280479431,14.82395935896492
345.9538161754608,14.821877836317583
346.01572608947754,14.819679477536049
346.07914638519287,14.817303051484846
346.1572177410126,14.814646302707315
346.2295753955841,14.811668498399671
346.24370527267456,14.808307925189094
346.3002338409424,14.804515686183594
346.3651044368744,14.800162586144918
346.41944432258606,14.795139222014807
346.4835331439972,14.789403955836264
346.5414171218872,14.782857774638437
346.61243200302124,14.775489615862789
346.67612743377686,14.767335534956663
346.7357976436615,14.758491353235732
346.79591846466064,14.748903545118061
346.86953473091125,14.73858474144713
346.88456654548645,14.727724463967093
346.95195960998535,14.715907444488803
347.0151057243347,14.70334623628123
347.07604217529297,14.690154379633801
347.1249854564667,14.676408093001196
347.17842054367065,14.66209608639432
347.2302670478821,14.647166982424709
347.2977488040924,14.63170214063129
347.3584747314453,14.61582398048032
347.4158947467804,14.599581328832343
347.4773485660553,14.583138158303651
347.53722047805786,14.566546394445455
347.59812664985657,14.549922454660088
347.664249420166,14.533176629329803
347.72287774086,14.516461171942668
347.7896065711975,14.499818022655454
347.8360834121704,14.483268181082797
347.9048869609833,14.46679618650121
347.9661602973938,14.45038742565574
348.0178723335266,14.434060913610812
348.0715048313141,14.41774057735862
348.14796352386475,14.401551044017666
348.16356897354126,14.3853814223812
348.2278871536255,14.369288846022258
348.2813220024109,14.353257241688521
348.33989906311035,14.337421142052257
348.40644335746765,14.321594196050164
348.46533250808716,14.30583839979998
348.5275356769562,14.290284702984259
348.5863356590271,14.274879835799723
348.6445641517639,14.259545254547364
348.7164363861084,14.24450500588444
348.7746043205261,14.229647475418133
348.8318600654602,14.214988828759404
348.89002799987793,14.200504322711033
348.9733328819275,14.186107354363095
348.9733328819275,14.171834930263557
349.04322504997253,14.157654353789576
349.10776019096375,14.143508408603493
349.21468806266785,14.12941658662941
349.21468806266785,14.115361363391564
349.30934739112854,14.101386396989707
349.3250072002411,14.087434208403547
349.3813827037811,14.073527810353912
349.45127415657043,14.059642031500335
349.51672530174255,14.04582387807313
349.5743041038513,14.03206948040173
349.6706862449646,14.01839600413501
349.674462556839,14.004860191017158
349.7314941883087,13.991498829013379
349.78769755363464,13.978212212457422
349.8490221500397,13.96495107126007
349.92201948165894,13.951730908925393
349.98689317703247,13.938609630988728
350.043333530426,13.925533866937505
350.1029462814331,13.91255917202147
350.1535813808441,13.899665125226036
350.2158453464508,13.886839114903353
350.29349398612976,13.874077418944358
350.3114438056946,13.861326289576928
350.39631605148315,13.848558426973433
350.4289219379425,13.835849985145192
350.5129086971283,13.823191360581724
350.5747196674347,13.810745102670378
350.63246989250183,13.79837199117919
350.7111918926239,13.786140136726623
350.72942662239075,13.773923463234162
350.78244137763977,13.761746352768412
350.8463292121887,13.749549106872081
350.90682005882263,13.737307513121067
350.9968636035919,13.725051392082403
351.0145010948181,13.712726604145129
351.08429312705994,13.700210333657989
351.14796590805054,13.687573011527501
351.2131531238556,13.67476902711288
351.2631838321686,13.661872856601043
351.33094930648804,13.648801854917567
351.4149897098541,13.63562584398636
351.43585419654846,13.622388224953474
351.4936079978943,13.60909375073423
351.5535752773285,13.595807031495655
351.6147677898407,13.582542494458636
351.6852262020111,13.56933269347531
351.7573299407959,13.556160718524163
351.7746367454529,13.543150140333267
351.832670211792,13.530400850621156
351.9072699546814,13.517810401666754
351.9662597179413,13.505553934345066
352.05881357192993,13.4937164295585
352.05881357192993,13.482315707194028
352.1194860935211,13.471707332873484
352.1896667480469,13.461910990930928
352.2525761127472,13.45291727937711
352.31432032585144,13.444671143291831
352.37450647354126,13.436842898323691
352.4315400123596,13.429519819600356
352.46490359306335,13.422854241272027
352.52227115631104,13.416822031172003
352.5930812358856,13.411410388900357
352.6564061641693,13.406433739036466
352.71720027923584,13.401815484002027
352.7681725025177,13.397526343940575
352.83092856407166,13.393509717607994
352.8895843029022,13.38971344241144
353.01216220855713,13.385985984000003
353.01216220855713,13.382345483764016
353.04860401153564,13.378910864157843
353.11052203178406,13.375422148707864
353.2058298587799,13.372019095788449
353.27308416366577,13.368511807282072
353.28977060317993,13.364781170156718
353.3392741680145,13.360918060827817
353.3912453651428,13.356872115643556
353.48020482063293,13.352673330813394
353.5133924484253,13.348292678961817
353.5829977989197,13.343876777583638
353.6323721408844,13.339481416144901
353.6913118362427,13.335124340990998
353.748694896698,13.330884308334296
353.806312084198,13.326936914821962
353.8596110343933,13.323281245572844
353.9197633266449,13.320100489486991
353.9784424304962,13.317409421200455
354.03559494018555,13.31529557340852
354.0945715904236,13.31376421945098
354.183114528656,13.31294638359793
354.24386715888977,13.312917316992703
354.2957274913788,13.313707941227925
354.3560061454773,13.315496065822638
354.4147937297821,13.318241033251804
354.4730110168457,13.321904889910583
354.53175592422485,13.326429622755679
354.5655834674835,13.331717981489428
354.64625000953674,13.337811457425461
354.70659947395325,13.34458935519624
354.7725305557251,13.352054811790598
354.78824949264526,13.360116238125203
354.89065194129944,13.368546628336103
354.907918214798,13.377483329581374
354.9920868873596,13.386711006076375
355.055832862854,13.396243177214807
355.11529088020325,13.406028639911584
355.1734914779663,13.416014981797975
355.24735593795776,13.426230010848515
355.26308155059814,13.436634298051104
355.375559091568,13.447033251486136
355.375559091568,13.457450116685504
355.43643260002136,13.467820950719036
355.5148911476135,13.478135691672243
355.5815706253052,13.488443062707196
355.60369086265564,13.498578451425512
355.6678276062012,13.508617981586701
355.7361090183258,13.518536852551938
355.79344844818115,13.52838564956123
355.85200810432434,13.538211868059069
355.91450905799866,13.547886449353966
355.97321248054504,13.55737651277316
356.0406095981598,13.566681747240635
356.1057677268982,13.57589344478577
356.1794204711914,13.585249816969661
356.19735527038574,13.594764942143756
356.2534716129303,13.604492414797235
356.3195984363556,13.614469317549215
356.37613558769226,13.624636030612368
356.4375054836273,13.635011596343055
356.497661113739,13.645459958349186
356.56379795074463,13.656299018601267
356.63844203948975,13.667529810721662
356.6541156768799,13.679070466075556
356.7500615119934,13.6908192004061
356.76813673973083,13.702656000381543
356.84732937812805,13.714488211586737
356.90587759017944,13.726981409805742
356.96372056007385,13.740224721429712
357.02237272262573,13.753821374089929
357.11248230934143,13.76786594442311
357.11248230934143,13.78240332023025
357.1745114326477,13.796947159426237
357.23465633392334,13.811633781842431
357.303124666214,13.826300438113387
357.3610780239105,13.84115665398781
357.43763613700867,13.85628155407602
357.4971706867218,13.871607846390853
357.5553421974182,13.887149584011507
357.6141986846924,13.902578678731562
357.6928837299347,13.917873251725924
357.77372908592224,13.93310551246717
357.7761836051941,13.948110965231455
357.8168041706085,13.962906536185896
357.86809515953064,13.977568648153394
357.9426872730255,13.992129779152794
358.00307154655457,14.006673037587928
358.0635027885437,14.021294650550768
358.11651706695557,14.035890020939503
358.1698453426361,14.050346972741592
358.23009061813354,14.064585111663481
358.2954776287079,14.078753210518478
358.372163772583,14.092799309712833
358.43170189857483,14.106755509945017
358.4832694530487,14.120758010163193
358.5475449562073,14.134681685225372
358.6193573474884,14.148537624472459
358.66996908187866,14.162275422066594
358.7438042163849,14.175929121661044
358.7907466888428,14.18958828609123
358.87140369415283,14.203144573331167
358.87140369415283,14.216319100512878
358.9325487613678,14.229390118748537
358.9829406738281,14.242436845063098
359.0504949092865,14.255157595980965
359.1214165687561,14.267641713515957
359.1845781803131,14.279882889671498
359.24257731437683,14.291974000309846
359.2991919517517,14.303681750493848
359.36096119880676,14.315106942993983
359.4385130405426,14.326559359923989
359.4385130405426,14.337847955201193
359.4980857372284,14.349008094914042
359.5605938434601,14.359851723210953
359.6192321777344,14.370424827028302
359.70107650756836,14.380210041697744
359.76221346855164,14.389089983505794
359.8258547782898,14.397460020387694
359.89363741874695,14.405784582024278
359.94543719291687,14.413884214710981
359.9967465400696,14.421983486458053
360.05505871772766,14.429755001442063
360.1221730709076,14.437409304359168
360.19267439842224,14.445236858129393
360.20949816703796,14.453603542174154
360.2590732574463,14.46209914244554
360.33023715019226,14.470754847354506
360.4242398738861,14.479834290121612
360.4398658275604,14.489330431399498
360.49772238731384,14.499157520618436
360.55484795570374,14.510234647505694
360.6148509979248,14.521603449026989
360.67229890823364,14.533526367633636
360.76588463783264,14.5460149844091
360.82725858688354,14.559197069812608
360.84235739707947,14.572669058210243
360.9042477607727,14.586311941531584
361.00074791908264,14.60032876389128
361.0158808231354,14.614157293251198
361.06799268722534,14.627736029377592
361.1301772594452,14.641092767693987
361.1881740093231,14.653368659617385
361.24785327911377,14.66505952925646
361.3097484111786,14.676246285376926
361.3654406070709,14.686638863107024
361.4216408729553,14.69653233000617
361.49543619155884,14.705638422974234
361.5589020252228,14.714090341569946
361.6191334724426,14.721932349478841
361.6771264076233,14.729131320642392
361.7431411743164,14.735941948524317
361.79920649528503,14.742414415974393
361.8639917373657,14.74899962067705
361.929806470871,14.755483476589324
361.9817533493042,14.76206433357855
362.03497648239136,14.768972138242718
362.0989499092102,14.776295886437387
362.11257433891296,14.78397271620354
362.1769437789917,14.791783740876953
362.2383370399475,14.80008992526188
362.2922406196594,14.809441067307215
362.35468459129333,14.819445327899157
362.4229881763458,14.82988391898025
362.47915387153625,14.841027002308222
362.52654790878296,14.852790090893508
362.6009135246277,14.865386752507735
362.65924072265625,14.878796539515351
362.7207908630371,14.893120202183265
362.7879047393799,14.90803652868526
362.8709807395935,14.923692403606577
362.8709807395935,14.939961896218085
362.92955327033997,14.956867659228019
362.9973838329315,14.974170755143408
363.0442581176758,14.991893156047944
363.107191324234,15.010063374610121
363.1664173603058,15.02882030861363
363.25745034217834,15.04810283011285
363.3186535835266,15.067568099258189
363.3766453266144,15.087214019438425
363.39337491989136,15.10722399751845
363.4765326976776,15.12759060650452
363.53406286239624,15.148375406383213
363.6107702255249,15.169401704713485
363.66372323036194,15.190377703651293
363.72257685661316,15.21142894857544
363.78008937835693,15.23247594560336
363.8552508354187,15.249436569831632
363.87205934524536,15.265625895205764
363.9316215515137,15.281339670282966
363.98766016960144,15.296548854460431
364.04682326316833,15.311508774171216
364.11439776420593,15.326177603254827
364.1654064655304,15.340470693749586
364.21783566474915,15.354436666151326
364.2804985046387,15.36826048076301
364.35363698005676,15.381730965474624
364.43344259262085,15.394954682652532
364.4508318901062,15.407944977415683
364.50468492507935,15.420657838058103
364.5632965564728,15.433223548599937
364.6250309944153,15.445609732103168
364.6780729293823,15.457940684170445
364.72949624061584,15.4700907342049
364.79623222351074,15.48221805209101
364.85471057891846,15.494293828041004
364.9142529964447,15.506431195974761
364.97229743003845,15.518695625149796
365.0498135089874,15.530793022950371
365.1110146045685,15.543072520641795
365.1667637825012,15.555368150502272
365.2218153476715,15.56768235390043
365.28775453567505,15.58044026002068
365.34780168533325,15.593218806680433
365.4523344039917,15.606715525833593
365.4523344039917,15.620831706106168
365.5140700340271,15.635529629185346
365.60712337493896,15.650633332158163
365.60712337493896,15.666113426263415
365.66819882392883,15.682143264822637
365.7254865169525,15.698734073769959
365.78515577316284,15.7157699688196
365.84655022621155,15.732535328270188
365.910133600235,15.749208206449019
365.97912096977234,15.765830348514612
366.01308727264404,15.782287772733719
366.0665018558502,15.798516272546868
366.1290874481201,15.814484163439017
366.1894226074219,15.829857180867894
366.251501083374,15.844728434694813
366.330607175827,15.859080863957306
366.38831305503845,15.872955527749156
366.45150804519653,15.886240356320602
366.4929475784302,15.898988030125869
366.55012488365173,15.911166570323887
366.6125295162201,15.922769583778143
366.6753830909729,15.933970179591741
366.7333137989044,15.944558736005664
366.79171419143677,15.954564932342318
366.85424423217773,15.96397351074989
366.9125828742981,15.972834664639244
366.987909078598,15.981290570738691
367.0035181045532,15.98928766952
367.0667145252228,15.997021776833133
367.1261057853699,16.004491052113092
367.18338227272034,16.011763541528655
367.2424690723419,16.018943399103243
367.30090618133545,16.02605360107649
367.359894990921,16.03315576892413
367.4209089279175,16.040253743224824
367.50109219551086,16.047339929392074
367.57166290283203,16.054488728383767
367.6302981376648,16.061669906356514
367.64574909210205,16.068916497374747
367.6997723579407,16.076229696852923
367.7581789493561,16.08363302939077
367.82036662101746,16.09106977091444
367.88444423675537,16.098531268039956
367.94532108306885,16.10599690366764
368.00770139694214,16.113480810476307
368.08822560310364,16.1210040885627
368.10385060310364,16.128486996803797
368.1787266731262,16.135971867892426
368.2423484325409,16.143413206275696
368.2994532585144,16.150783477712633
368.35798954963684,16.158077112751766
368.41635155677795,16.1652328379331
368.47003293037415,16.172199539393322
368.5340609550476,16.178893565077278
368.57657623291016,16.18536247712566
368.6312041282654,16.191509951748767
368.6872749328613,16.197327971222833
368.750372171402,16.202778999734363
368.8122601509094,16.20784263997795
368.86676931381226,16.21251303280101
368.91856598854065,16.216795840570075
368.9803009033203,16.220705901207488
369.0686295032501,16.224265624892272
369.08941435813904,16.227504569826323
369.1605820655823,16.230414628939705
369.2221007347107,16.23304202580171
369.2791574001312,16.23539907733588
369.33828592300415,16.237554617991186
369.4003677368164,16.239528233660515
369.4583833217621,16.241342032685917
369.51693320274353,16.243008270658283
369.5901710987091,16.244598663495207
369.65370512008667,16.24617018025908
369.67117142677307,16.247711202977168
369.7546582221985,16.24928223450833
369.81223917007446,16.25083030802618
369.89055728912354,16.25231620671472
369.90789270401,16.253719572647924
369.97390842437744,16.25509657264583
370.0381555557251,16.256435857743153
370.09947204589844,16.257747376252297
370.21042919158936,16.25905220473686
370.21042919158936,16.260364549049736
370.2516107559204,16.261685256833534
370.33556032180786,16.2631757976732
370.39935326576233,16.26458298167026
370.4544267654419,16.265855328641184
370.5249001979828,16.267058975582255
370.58275389671326,16.26817704105346
370.64086174964905,16.269075015176856
370.7163233757019,16.26963820066839
370.7330541610718,16.26986990948906
370.77452087402344,16.269694489244117
370.8580560684204,16.26909030763947
370.932270526886,16.26795523818039
371.0036950111389,16.26622148057748
371.03382444381714,16.26382940336435
371.0925109386444,16.26069957135659
371.15446162223816,16.256794314926722
371.20804142951965,16.252049040742257
371.26623344421387,16.246429714050766
371.3254837989807,16.239886401814626
371.38306736946106,16.232367061627144
371.4491515159607,16.223822558493765
371.5078229904175,16.214202466975163
371.5868947505951,16.203468768313407
371.6047921180725,16.191559221951103
371.68264961242676,16.17845424506059
371.75644874572754,16.16412750068984
371.7742052078247,16.148562838566924
371.843941450119,16.131753062172514
371.92342925071716,16.113759757506656
371.9389395713806,16.094581171544277
371.9994592666626,16.074332321364537
372.0862121582031,16.05307006593079
372.1496124267578,16.030847010806927
372.2242522239685,16.007776165840667
372.239999294281,15.983972441761857
372.32070660591125,15.95954768222526
372.37815380096436,15.934576191320943
372.43676710128784,15.909059583414036
372.49560284614563,15.883150450669435
372.57078433036804,15.856808711215576
372.5876910686493,15.830097258392898
372.63698172569275,15.802832186841854
372.69517612457275,15.774810581513005
372.7537019252777,15.74624740346407
372.8115174770355,15.717013579622044
372.8698499202728,15.686683481616281
372.952388048172,15.655339427679918
372.9919729232788,15.622619120626098
373.05307841300964,15.588082231866828
373.11286664009094,15.551640812471332
373.170086145401,15.513019543517867
373.22766375541687,15.472127530333175
373.29038739204407,15.428060275740185
373.3534381389618,15.380412036646764
373.4158208370209,15.328360122937374
373.47429394721985,15.271988998115743
373.532910823822,15.218018546138794
373.5679523944855,15.174723087407928
373.6491177082062,15.130633957334025
373.707435131073,15.085974877623068
373.7577865123749,15.040557037771947
373.81168723106384,14.994641197077264
373.8832974433899,14.948311065196327
373.94079327583313,14.902035970793362
374.01523208618164,14.855942093352432
374.03367280960083,14.81027402127808
374.1024465560913,14.76524946964678
374.16505670547485,14.721167072685576
374.2234933376312,14.678129944442457
374.28658986091614,14.636053220478095
374.33992743492126,14.594987386862359
374.402676820755,14.555261469350844
374.4493899345398,14.516789719667582
374.7961230278015,14.479470845791035
374.7961230278015,14.443101140079728
374.7961230278015,14.407383865863356
374.7961230278015,14.372827075338098
374.8049404621124,14.338964300472197
374.8062138557434,14.30569539866205
374.8571059703827,14.273073097343627
374.9155275821686,14.241103073982963
374.9739236831665,14.20971967340677
375.7750897407532,14.179041120705337
375.7750897407532,14.148922730091813
375.7750897407532,14.11939902121315
375.7750897407532,14.090460941747233
375.7750897407532,14.061886036082958
375.7750897407532,14.0333016369334
375.7821445465088,14.004960235617459
375.78373193740845,13.976847547531143
375.78373193740845,13.948806411192425
375.785765171051,13.920871754234533
375.78717517852783,13.89321575669832
375.78717517852783,13.865981384899284
375.78717517852783,13.839292221739656
375.86989760398865,13.813124358913651
375.86989760398865,13.787461833975454
375.93781781196594,13.76216186300999
375.9528293609619,13.73754422787796
376.01122093200684,13.713714991261723
376.1514136791229,13.690950252035218
376.1514136791229,13.668907606302577
376.21735405921936,13.647825403981482
376.26944375038147,13.627649598908498
376.327698469162,13.608281471781924
376.4129717350006,13.590029545507956
376.42860174179077,13.57218612793944
376.49857783317566,13.554757104283867
376.5583667755127,13.53780637526106
376.6197316646576,13.521307494611401
376.67863059043884,13.504731835697921
376.7369158267975,13.488223397137675
376.8099105358124,13.471771723586944
376.8255453109741,13.455483326867594
376.8933129310608,13.43871583436702
376.95845198631287,13.422154122593488
377.03127098083496,13.40503654972853
377.09454584121704,13.387671988956855
