"Data Set 1:Time(s)","Data Set 1:Force(N)","Data Set 1:Respiration Rate(bpm)"
0,3.221710205078125,9.9009895324707031
0.10000000000000001,3.24981689453125,
0.20000000000000001,3.3545761108398438,
0.29999999999999999,3.5461959838867188,
0.40000000000000002,3.829803466796875,
0.5,4.2386016845703125,
0.59999999999999998,4.7163925170898438,
0.69999999999999996,5.1660690307617188,
0.80000000000000004,5.5748672485351562,
0.90000000000000002,5.9402313232421875,
1,6.2519454956054688,
1.1000000000000001,6.5074462890625,
1.2,6.7501678466796875,
1.3,7.0644302368164062,
1.3999999999999999,7.4144668579101562,
1.5,7.7466201782226562,
1.6000000000000001,8.042999267578125,
1.7,8.3419342041015625,
1.8,8.6332015991210938,
1.8999999999999999,8.8197174072265625,
2,8.9679107666015625,
2.1000000000000001,9.1723098754882812,
2.2000000000000002,9.458465576171875,
2.2999999999999998,9.8110580444335938,
2.3999999999999999,10.064002990722656,
2.5,10.125320434570312,
2.6000000000000001,10.13043212890625,
2.7000000000000002,10.09466552734375,
2.7999999999999998,9.8749313354492188,
2.8999999999999999,9.4635772705078125,
3,9.0471115112304688,
3.1000000000000001,8.8273849487304688,
3.2000000000000002,8.743072509765625,
3.2999999999999998,8.8657073974609375,
3.3999999999999999,8.906585693359375,
3.5,8.6485366821289062,
3.6000000000000001,8.1988525390625,
3.7000000000000002,7.7057418823242188,
3.7999999999999998,7.3020477294921875,
3.8999999999999999,7.0184402465820312,
4,6.8114852905273438,
4.0999999999999996,6.6019821166992188,
4.2000000000000002,6.3643646240234375,
4.2999999999999998,6.1165313720703125,
4.4000000000000004,5.853363037109375,
4.5,5.5007705688476562,
4.5999999999999996,5.0664215087890625,
4.7000000000000002,4.6448516845703125,
4.7999999999999998,4.2794876098632812,
4.9000000000000004,4.031646728515625,
5,3.847686767578125,
5.0999999999999996,3.663726806640625,
5.2000000000000002,3.5461959838867188,
5.2999999999999998,3.489990234375,
5.4000000000000004,3.4082260131835938,
5.5,3.295806884765625,
5.5999999999999996,3.1961669921875,
5.7000000000000002,3.1195144653320312,
5.7999999999999998,3.0070953369140625,
5.9000000000000004,2.8895645141601562,
6,2.8512420654296875,
6.0999999999999996,2.8691253662109375,
6.2000000000000002,2.9048919677734375,
6.2999999999999998,2.9253311157226562,
6.4000000000000004,2.9304428100585938,
6.5,2.9304428100585938,
6.5999999999999996,2.9432220458984375,
6.7000000000000002,2.9534378051757812,
6.7999999999999998,2.9585494995117188,
6.9000000000000004,2.9611053466796875,
7,2.9764328002929688,
7.0999999999999996,2.9764328002929688,
7.2000000000000002,2.9508819580078125,
7.2999999999999998,2.9355545043945312,
7.4000000000000004,2.9432220458984375,
7.5,2.9611053466796875,
7.5999999999999996,2.9789886474609375,
7.7000000000000002,2.99176025390625,
7.7999999999999998,2.9943161010742188,
7.9000000000000004,2.9994277954101562,
8,3.0070953369140625,
8.0999999999999996,3.0096511840820312,
8.1999999999999993,3.0147552490234375,
8.3000000000000007,3.01220703125,
8.4000000000000004,2.9866561889648438,
8.5,2.9611053466796875,
8.5999999999999996,2.9585494995117188,
8.6999999999999993,2.973876953125,
8.8000000000000007,2.99176025390625,
8.9000000000000004,2.9994277954101562,
9,3.01220703125,
9.0999999999999996,3.0224227905273438,
9.1999999999999993,3.0275344848632812,
9.3000000000000007,3.0326461791992188,
9.4000000000000004,3.0403060913085938,
9.5,3.0556411743164062,
9.5999999999999996,3.0428619384765625,
9.6999999999999993,3.0147552490234375,
9.8000000000000007,3.0045394897460938,
9.9000000000000004,3.0173110961914062,
10,3.0403060913085938,7.9470200538635254
10.1,3.0556411743164062,
10.199999999999999,3.06585693359375,
10.300000000000001,3.076080322265625,
10.4,3.083740234375,
10.5,3.093963623046875,
10.6,3.1016311645507812,
10.699999999999999,3.1144027709960938,
10.800000000000001,3.1067352294921875,
10.9,3.0735244750976562,
11,3.0530853271484375,
11.1,3.0505294799804688,
11.199999999999999,3.0735244750976562,
11.300000000000001,3.1450653076171875,
11.4,3.3213577270507812,
11.5,3.599853515625,
11.6,3.9550018310546875,
11.699999999999999,4.3867950439453125,
11.800000000000001,4.8569107055664062,
11.9,5.3423614501953125,
12,5.8150405883789062,
12.1,6.2698287963867188,
12.199999999999999,6.6735153198242188,
12.300000000000001,6.9366836547851562,
12.4,6.9903411865234375,
12.5,6.9264602661132812,
12.6,7.11297607421875,
12.699999999999999,7.3608169555664062,
12.800000000000001,7.233062744140625,
12.9,6.9162445068359375,
13,6.8165969848632812,
13.1,6.92901611328125,
13.199999999999999,7.141082763671875,
13.300000000000001,7.342926025390625,
13.4,7.4527969360351562,
13.5,7.5958709716796875,
13.6,7.70318603515625,
13.699999999999999,7.8794784545898438,
13.800000000000001,7.9126968383789062,
13.9,7.5728759765625,
14,7.0925369262695312,
14.1,6.5176620483398438,
14.199999999999999,5.9887771606445312,
14.300000000000001,5.6642913818359375,
14.4,5.3806915283203125,
14.5,5.1890640258789062,
14.6,5.1098556518554688,
14.699999999999999,4.933563232421875,
14.800000000000001,4.79559326171875,
14.9,4.8364715576171875,
15,4.8466949462890625,
15.1,4.6933975219726562,
15.199999999999999,4.5605316162109375,
15.300000000000001,4.4813308715820312,
15.4,4.3561325073242188,
15.5,4.2386016845703125,
15.6,4.1670608520507812,
15.699999999999999,4.031646728515625,
15.800000000000001,3.8451309204101562,
15.9,3.7735977172851562,
16,3.748046875,
16.100000000000001,3.7122726440429688,
16.199999999999999,3.6713943481445312,
16.300000000000001,3.6126327514648438,
16.399999999999999,3.5589752197265625,
16.5,3.535980224609375,
16.600000000000001,3.5487518310546875,
16.699999999999999,3.5564193725585938,
16.800000000000001,3.5743026733398438,
16.899999999999999,3.5513076782226562,
17,3.461883544921875,
17.100000000000001,3.4107818603515625,
17.199999999999999,3.426116943359375,
17.300000000000001,3.4567718505859375,
17.399999999999999,3.47210693359375,
17.5,3.47210693359375,
17.600000000000001,3.4465560913085938,
17.699999999999999,3.4210052490234375,
17.800000000000001,3.4184494018554688,
17.899999999999999,3.4158935546875,
18,3.405670166015625,
18.100000000000001,3.3673477172851562,
18.199999999999999,3.334136962890625,
18.300000000000001,3.3750152587890625,
18.399999999999999,3.426116943359375,
18.5,3.4593276977539062,
18.600000000000001,3.5972976684570312,
18.699999999999999,3.84002685546875,
18.800000000000001,4.0980758666992188,
18.899999999999999,4.3740158081054688,
19,4.68572998046875,
19.100000000000001,5.025543212890625,
19.199999999999999,5.4087905883789062,
19.300000000000001,5.8610305786132812,
19.399999999999999,6.2979354858398438,
19.5,6.6658554077148438,
19.600000000000001,6.96734619140625,
19.699999999999999,7.2305068969726562,
19.800000000000001,7.51922607421875,
19.899999999999999,7.7057418823242188,
20,7.7312850952148438,6.6666669845581055
20.100000000000001,7.70318603515625,
20.199999999999999,7.6316452026367188,
20.300000000000001,7.4936752319335938,
20.399999999999999,7.1206436157226562,
20.5,6.479339599609375,
20.600000000000001,5.8508071899414062,
20.699999999999999,5.3960189819335938,
20.800000000000001,5.0178756713867188,
20.899999999999999,4.6933975219726562,
21,4.4072341918945312,
21.100000000000001,4.16961669921875,
21.199999999999999,4.0265426635742188,
21.300000000000001,3.8502426147460938,
21.399999999999999,3.663726806640625,
21.5,3.5513076782226562,
21.600000000000001,3.4951019287109375,
21.699999999999999,3.47210693359375,
21.800000000000001,3.4031219482421875,
21.899999999999999,3.3392410278320312,
22,3.3111419677734375,
22.100000000000001,3.3034744262695312,
22.199999999999999,3.3111419677734375,
22.300000000000001,3.32391357421875,
22.399999999999999,3.3392410278320312,
22.5,3.3111419677734375,
22.600000000000001,3.277923583984375,
22.699999999999999,3.28814697265625,
22.800000000000001,3.3085861206054688,
22.899999999999999,3.3162460327148438,
23,3.3111419677734375,
23.100000000000001,3.2983627319335938,
23.199999999999999,3.2932510375976562,
23.300000000000001,3.2804794311523438,
23.399999999999999,3.2549285888671875,
23.5,3.24981689453125,
23.600000000000001,3.2728118896484375,
23.699999999999999,3.3060302734375,
23.800000000000001,3.3392410278320312,
23.899999999999999,3.3903427124023438,
24,3.4082260131835938,
24.100000000000001,3.3647918701171875,
24.199999999999999,3.341796875,
24.300000000000001,3.3366851806640625,
24.399999999999999,3.3443527221679688,
24.5,3.3545761108398438,
24.600000000000001,3.3571319580078125,
24.699999999999999,3.352020263671875,
24.800000000000001,3.3545761108398438,
24.899999999999999,3.3775711059570312,
25,3.3903427124023438,
25.100000000000001,3.3928985595703125,
25.199999999999999,3.369903564453125,
25.300000000000001,3.341796875,
25.399999999999999,3.3469085693359375,
25.5,3.35968017578125,
25.600000000000001,3.3954544067382812,
25.699999999999999,3.4107818603515625,
25.800000000000001,3.47210693359375,
25.899999999999999,3.7276077270507812,
26,4.1389617919921875,
26.100000000000001,4.639739990234375,
26.199999999999999,5.1839523315429688,
26.300000000000001,5.6923980712890625,
26.399999999999999,6.1727371215820312,
26.5,6.59942626953125,
26.600000000000001,7.0005569458007812,
26.699999999999999,7.2994918823242188,
26.800000000000001,7.509002685546875,
26.899999999999999,7.5677719116210938,
27,7.2918319702148438,
27.100000000000001,6.9239120483398438,
27.199999999999999,6.7297286987304688,
27.300000000000001,6.6121978759765625,
27.399999999999999,6.5381011962890625,
27.5,6.6147537231445312,
27.600000000000001,6.7578353881835938,
27.699999999999999,6.8217086791992188,
27.800000000000001,6.81915283203125,
27.899999999999999,6.80126953125,
28,6.7476119995117188,
28.100000000000001,6.7297286987304688,
28.199999999999999,6.7884902954101562,
28.300000000000001,6.8676986694335938,
28.399999999999999,6.8906936645507812,
28.5,6.8268203735351562,
28.600000000000001,6.6173095703125,
28.699999999999999,6.1548538208007812,
28.800000000000001,5.6080856323242188,
28.899999999999999,5.1200790405273438,
29,4.6908416748046875,
29.100000000000001,4.363800048828125,
29.199999999999999,4.1134109497070312,
29.300000000000001,3.9473342895507812,
29.399999999999999,3.8170318603515625,
29.5,3.6713943481445312,
29.600000000000001,3.5640869140625,
29.699999999999999,3.5053176879882812,
29.800000000000001,3.4695510864257812,
29.899999999999999,3.444000244140625,
30,3.405670166015625,7.4196209907531738
30.100000000000001,3.3852310180664062,
30.199999999999999,3.3775711059570312,
30.300000000000001,3.3647918701171875,
30.399999999999999,3.3647918701171875,
30.5,3.3775711059570312,
30.600000000000001,3.3673477172851562,
30.699999999999999,3.3162460327148438,
30.800000000000001,3.2753677368164062,
30.899999999999999,3.2702560424804688,
31,3.2855911254882812,
31.100000000000001,3.3034744262695312,
31.199999999999999,3.3162460327148438,
31.300000000000001,3.3315811157226562,
31.399999999999999,3.352020263671875,
31.5,3.3647918701171875,
31.600000000000001,3.3750152587890625,
31.699999999999999,3.387786865234375,
31.800000000000001,3.3750152587890625,
31.899999999999999,3.334136962890625,
32,3.3060302734375,
32.100000000000001,3.3085861206054688,
32.200000000000003,3.3315811157226562,
32.299999999999997,3.3494644165039062,
32.399999999999999,3.3571319580078125,
32.5,3.3622360229492188,
32.600000000000001,3.369903564453125,
32.700000000000003,3.380126953125,
32.799999999999997,3.3852310180664062,
32.899999999999999,3.39801025390625,
33,3.4082260131835938,
33.100000000000001,3.380126953125,
33.200000000000003,3.3392410278320312,
33.299999999999997,3.3290252685546875,
33.399999999999999,3.341796875,
33.5,3.3545761108398438,
33.600000000000001,3.35968017578125,
33.700000000000003,3.3647918701171875,
33.799999999999997,3.3775711059570312,
33.899999999999999,3.387786865234375,
34,3.3903427124023438,
34.100000000000001,3.39801025390625,
34.200000000000003,3.4414443969726562,
34.299999999999997,3.5257568359375,
34.399999999999999,3.6943893432617188,
34.5,3.9728851318359375,
34.600000000000001,4.31781005859375,
34.700000000000003,4.6831741333007812,
34.799999999999997,5.0485382080078125,
34.899999999999999,5.42156982421875,
35,5.7920455932617188,
35.100000000000001,6.2008438110351562,
35.200000000000003,6.6326370239257812,
35.299999999999997,7.0082244873046875,
35.399999999999999,7.2279510498046875,
35.5,7.2049560546875,
35.600000000000001,6.9647903442382812,
35.700000000000003,6.6147537231445312,
35.799999999999997,6.1880722045898438,
35.899999999999999,5.6847305297851562,
36,5.1507415771484375,
36.100000000000001,4.6729507446289062,
36.200000000000003,4.31781005859375,
36.299999999999997,4.0623092651367188,
36.399999999999999,3.8655776977539062,
36.5,3.6892776489257812,
36.600000000000001,3.5513076782226562,
36.700000000000003,3.47210693359375,
36.799999999999997,3.4363327026367188,
36.899999999999999,3.4133377075195312,
37,3.3928985595703125,
37.100000000000001,3.387786865234375,
37.200000000000003,3.3903427124023438,
37.299999999999997,3.39801025390625,
37.399999999999999,3.3954544067382812,
37.5,3.3903427124023438,
37.600000000000001,3.387786865234375,
37.700000000000003,3.3545761108398438,
37.799999999999997,3.3264694213867188,
37.899999999999999,3.3264694213867188,
38,3.3264694213867188,
38.100000000000001,3.3213577270507812,
38.200000000000003,3.3315811157226562,
38.299999999999997,3.3750152587890625,
38.399999999999999,3.4210052490234375,
38.5,3.4491119384765625,
38.600000000000001,3.461883544921875,
38.700000000000003,3.4695510864257812,
38.799999999999997,3.4491119384765625,
38.899999999999999,3.4005661010742188,
39,3.369903564453125,
39.100000000000001,3.3673477172851562,
39.200000000000003,3.380126953125,
39.299999999999997,3.387786865234375,
39.399999999999999,3.3826751708984375,
39.5,3.3775711059570312,
39.600000000000001,3.380126953125,
39.700000000000003,3.3826751708984375,
39.799999999999997,3.3852310180664062,
39.899999999999999,3.3775711059570312,
40,3.3469085693359375,8.3102493286132812
40.100000000000001,3.3111419677734375,
40.200000000000003,3.3060302734375,
40.299999999999997,3.3392410278320312,
40.399999999999999,3.39801025390625,
40.5,3.5002059936523438,
40.600000000000001,3.6662826538085938,
40.700000000000003,3.903900146484375,
40.799999999999997,4.2181625366210938,
40.899999999999999,4.621856689453125,
41,5.081756591796875,
41.100000000000001,5.5212173461914062,
41.200000000000003,5.9121322631835938,
41.299999999999997,6.2800521850585938,
41.399999999999999,6.6147537231445312,
41.5,6.9520111083984375,
41.600000000000001,7.2867202758789062,
41.700000000000003,7.583099365234375,
41.799999999999997,7.8207168579101562,
41.899999999999999,7.876922607421875,
42,7.7542800903320312,
42.100000000000001,7.537109375,
42.200000000000003,7.2713851928710938,
42.299999999999997,6.9162445068359375,
42.399999999999999,6.3592529296875,
42.5,5.7511672973632812,
42.600000000000001,5.2554931640625,
42.700000000000003,4.8364715576171875,
42.799999999999997,4.4532241821289062,
42.899999999999999,4.1261825561523438,
43,3.8655776977539062,
43.100000000000001,3.6483993530273438,
43.200000000000003,3.4925460815429688,
43.299999999999997,3.405670166015625,
43.399999999999999,3.3622360229492188,
43.5,3.32391357421875,
43.600000000000001,3.295806884765625,
43.700000000000003,3.2932510375976562,
43.799999999999997,3.3290252685546875,
43.899999999999999,3.3647918701171875,
44,3.3647918701171875,
44.100000000000001,3.3494644165039062,
44.200000000000003,3.3034744262695312,
44.299999999999997,3.2574844360351562,
44.399999999999999,3.2370452880859375,
44.5,3.242156982421875,
44.600000000000001,3.2549285888671875,
44.700000000000003,3.260040283203125,
44.799999999999997,3.260040283203125,
44.899999999999999,3.2625961303710938,
45,3.260040283203125,
45.100000000000001,3.2651519775390625,
45.200000000000003,3.2728118896484375,
45.299999999999997,3.277923583984375,
45.399999999999999,3.2625961303710938,
45.5,3.2370452880859375,
45.600000000000001,3.23193359375,
45.700000000000003,3.2242660522460938,
45.799999999999997,3.2268218994140625,
45.899999999999999,3.2242660522460938,
46,3.2089385986328125,
46.100000000000001,3.2268218994140625,
46.200000000000003,3.2523727416992188,
46.299999999999997,3.2728118896484375,
46.399999999999999,3.3392410278320312,
46.5,3.5487518310546875,
46.600000000000001,3.8834609985351562,
46.700000000000003,4.3050308227539062,
46.799999999999997,4.7112808227539062,
46.899999999999999,5.12774658203125,
47,5.7409439086914062,
47.100000000000001,6.3924713134765625,
47.200000000000003,6.9264602661132812,
47.299999999999997,7.3199310302734375,
47.399999999999999,7.6137619018554688,
47.5,7.8845901489257812,
47.600000000000001,8.0378875732421875,
47.700000000000003,8.078765869140625,
47.799999999999997,8.1298675537109375,
47.899999999999999,8.1758575439453125,
48,8.10687255859375,
48.100000000000001,7.8309326171875,
48.200000000000003,7.3531494140625,
48.299999999999997,6.791046142578125,
48.399999999999999,6.2647171020507812,
48.5,5.7946014404296875,
48.600000000000001,5.393463134765625,
48.700000000000003,5.0357666015625,
48.799999999999997,4.7010574340820312,
48.899999999999999,4.4021224975585938,
49,4.1312942504882812,
49.100000000000001,3.8732376098632812,
49.200000000000003,3.6509552001953125,
49.299999999999997,3.5283126831054688,
49.399999999999999,3.4695510864257812,
49.5,3.4235610961914062,
49.600000000000001,3.3826751708984375,
49.700000000000003,3.3392410278320312,
49.799999999999997,3.2906951904296875,
49.899999999999999,3.2549285888671875,
50,3.2370452880859375,8.6083211898803711
50.100000000000001,3.221710205078125,
50.200000000000003,3.2166061401367188,
50.299999999999997,3.1961669921875,
50.399999999999999,3.150177001953125,
50.5,3.1144027709960938,
50.600000000000001,3.111846923828125,
50.700000000000003,3.1220703125,
50.799999999999997,3.1373977661132812,
50.899999999999999,3.1476211547851562,
51,3.1629486083984375,
51.100000000000001,3.1782760620117188,
51.200000000000003,3.1884994506835938,
51.299999999999997,3.203826904296875,
51.399999999999999,3.2166061401367188,
51.5,3.2268218994140625,
51.600000000000001,3.2191619873046875,
51.700000000000003,3.1910552978515625,
51.799999999999997,3.185943603515625,
51.899999999999999,3.21405029296875,
52,3.2549285888671875,
52.100000000000001,3.2804794311523438,
52.200000000000003,3.295806884765625,
52.299999999999997,3.3034744262695312,
52.399999999999999,3.3111419677734375,
52.5,3.3111419677734375,
52.600000000000001,3.3111419677734375,
52.700000000000003,3.3315811157226562,
52.799999999999997,3.3647918701171875,
52.899999999999999,3.4593276977539062,
53,3.755706787109375,
53.100000000000001,4.1926116943359375,
53.200000000000003,4.6167449951171875,
53.299999999999997,5.0051040649414062,
53.399999999999999,5.3985748291015625,
53.5,5.7818222045898438,
53.600000000000001,6.1369705200195312,
53.700000000000003,6.4921112060546875,
53.799999999999997,6.8523712158203125,
53.899999999999999,7.1283111572265625,
54,7.2841644287109375,
54.100000000000001,7.4246902465820312,
54.200000000000003,7.600982666015625,
54.299999999999997,7.7747268676757812,
54.399999999999999,7.9459075927734375,
54.5,8.0838775634765625,
54.600000000000001,8.1681900024414062,
54.700000000000003,8.1630859375,
54.799999999999997,8.025115966796875,
54.899999999999999,7.7134017944335938,
55,7.18707275390625,
55.100000000000001,6.5227737426757812,
55.200000000000003,5.9197921752929688,
55.299999999999997,5.4701156616210938,
55.399999999999999,5.043426513671875,
55.5,4.6295166015625,
55.600000000000001,4.2769317626953125,
55.700000000000003,3.9984359741210938,
55.799999999999997,3.7761459350585938,
55.899999999999999,3.6075210571289062,
56,3.479766845703125,
56.100000000000001,3.3545761108398438,
56.200000000000003,3.2702560424804688,
56.299999999999997,3.2191619873046875,
56.399999999999999,3.2012710571289062,
56.5,3.1910552978515625,
56.600000000000001,3.1782760620117188,
56.700000000000003,3.1961669921875,
56.799999999999997,3.23193359375,
56.899999999999999,3.2523727416992188,
57,3.2753677368164062,
57.100000000000001,3.2932510375976562,
57.200000000000003,3.3085861206054688,
57.299999999999997,3.2906951904296875,
57.399999999999999,3.2472610473632812,
57.5,3.2293777465820312,
57.600000000000001,3.23193359375,
57.700000000000003,3.2344894409179688,
57.799999999999997,3.242156982421875,
57.899999999999999,3.2472610473632812,
58,3.2549285888671875,
58.100000000000001,3.260040283203125,
58.200000000000003,3.2651519775390625,
58.299999999999997,3.2677001953125,
58.399999999999999,3.277923583984375,
58.5,3.2753677368164062,
58.600000000000001,3.2523727416992188,
58.700000000000003,3.23193359375,
58.799999999999997,3.2293777465820312,
58.899999999999999,3.2370452880859375,
59,3.2447052001953125,
59.100000000000001,3.2447052001953125,
59.200000000000003,3.2447052001953125,
59.299999999999997,3.24981689453125,
59.399999999999999,3.24981689453125,
59.5,3.2523727416992188,
59.600000000000001,3.2574844360351562,
59.700000000000003,3.2625961303710938,
59.799999999999997,3.24981689453125,
59.899999999999999,3.221710205078125,
60,3.2089385986328125,9.375
60.100000000000001,3.2114944458007812,
60.200000000000003,3.2242660522460938,
60.299999999999997,3.2293777465820312,
60.399999999999999,3.23193359375,
60.5,3.2370452880859375,
60.600000000000001,3.2447052001953125,
60.700000000000003,3.2472610473632812,
60.799999999999997,3.24981689453125,
60.899999999999999,3.260040283203125,
61,3.295806884765625,
61.100000000000001,3.4567718505859375,
61.200000000000003,3.7787017822265625,
61.299999999999997,4.16961669921875,
61.399999999999999,4.6908416748046875,
61.5,5.2784881591796875,
61.600000000000001,5.7869338989257812,
61.700000000000003,6.2545013427734375,
61.799999999999997,6.6965103149414062,
61.899999999999999,7.1206436157226562,
62,7.526885986328125,
62.100000000000001,7.859039306640625,
62.200000000000003,8.060882568359375,
62.299999999999997,7.8845901489257812,
62.399999999999999,7.4221343994140625,
62.5,6.9954452514648438,
62.600000000000001,6.5815353393554688,
62.700000000000003,6.17529296875,
62.799999999999997,5.7332763671875,
62.899999999999999,5.1992874145507812,
63,4.7163925170898438,
63.100000000000001,4.3561325073242188,
63.200000000000003,4.0367584228515625,
63.299999999999997,3.7787017822265625,
63.399999999999999,3.6049652099609375,
63.5,3.4874343872070312,
63.600000000000001,3.4158935546875,
63.700000000000003,3.341796875,
63.799999999999997,3.2625961303710938,
63.899999999999999,3.221710205078125,
64,3.2089385986328125,
64.099999999999994,3.203826904296875,
64.200000000000003,3.2063827514648438,
64.299999999999997,3.221710205078125,
64.400000000000006,3.2166061401367188,
64.5,3.1782760620117188,
64.599999999999994,3.1527252197265625,
64.700000000000003,3.1655044555664062,
64.799999999999997,3.1884994506835938,
64.900000000000006,3.2063827514648438,
65,3.2166061401367188,
65.099999999999994,3.2191619873046875,
65.200000000000003,3.2242660522460938,
65.299999999999997,3.2344894409179688,
65.400000000000006,3.24981689453125,
65.5,3.2651519775390625,
65.599999999999994,3.277923583984375,
65.700000000000003,3.2625961303710938,
65.799999999999997,3.2370452880859375,
65.900000000000006,3.2344894409179688,
66,3.2370452880859375,
66.099999999999994,3.2370452880859375,
66.200000000000003,3.23193359375,
66.299999999999997,3.2268218994140625,
66.400000000000006,3.2268218994140625,
66.5,3.2396011352539062,
66.599999999999994,3.2472610473632812,
66.700000000000003,3.2549285888671875,
66.799999999999997,3.2651519775390625,
66.900000000000006,3.2625961303710938,
67,3.23193359375,
67.099999999999994,3.203826904296875,
67.200000000000003,3.1910552978515625,
67.299999999999997,3.1961669921875,
67.400000000000006,3.2089385986328125,
67.5,3.2166061401367188,
67.599999999999994,3.221710205078125,
67.700000000000003,3.23193359375,
67.799999999999997,3.242156982421875,
67.900000000000006,3.2523727416992188,
68,3.28814697265625,
68.099999999999994,3.3111419677734375,
68.200000000000003,3.2830352783203125,
68.299999999999997,3.2396011352539062,
68.400000000000006,3.21405029296875,
68.5,3.2114944458007812,
68.599999999999994,3.2242660522460938,
68.700000000000003,3.2344894409179688,
68.799999999999997,3.2344894409179688,
68.900000000000006,3.2370452880859375,
69,3.242156982421875,
69.099999999999994,3.2447052001953125,
69.200000000000003,3.2472610473632812,
69.299999999999997,3.2574844360351562,
69.400000000000006,3.2447052001953125,
69.5,3.221710205078125,
69.599999999999994,3.2344894409179688,
69.700000000000003,3.3111419677734375,
69.799999999999997,3.461883544921875,
69.900000000000006,3.7352676391601562,
70,4.179840087890625,8.8582677841186523
70.099999999999994,4.6729507446289062,
70.200000000000003,5.173736572265625,
70.299999999999997,5.7383880615234375,
70.400000000000006,6.3183746337890625,
70.5,6.7884902954101562,
70.599999999999994,7.18707275390625,
70.700000000000003,7.6163101196289062,
70.799999999999997,8.014892578125,
70.900000000000006,8.3266067504882812,
71,8.5872116088867188,
71.099999999999994,8.7762832641601562,
71.200000000000003,8.870819091796875,
71.299999999999997,8.9244766235351562,
71.400000000000006,8.9500274658203125,
71.5,8.8043899536132812,
71.599999999999994,8.3393783569335938,
71.700000000000003,7.767059326171875,
71.799999999999997,7.2458419799804688,
71.900000000000006,6.7654953002929688,
72,6.3643646240234375,
72.099999999999994,5.9990005493164062,
72.200000000000003,5.6591873168945312,
72.299999999999997,5.3372573852539062,
72.400000000000006,4.9846649169921875,
72.5,4.5963058471679688,
72.599999999999994,4.2641525268554688,
72.700000000000003,4.031646728515625,
72.799999999999997,3.8425827026367188,
72.900000000000006,3.6688385009765625,
73,3.5257568359375,
73.099999999999994,3.4235610961914062,
73.200000000000003,3.3571319580078125,
73.299999999999997,3.3111419677734375,
73.400000000000006,3.2728118896484375,
73.5,3.2447052001953125,
73.599999999999994,3.2191619873046875,
73.700000000000003,3.1603927612304688,
73.799999999999997,3.10418701171875,
73.900000000000006,3.0914077758789062,
74,3.0990753173828125,
74.099999999999994,3.1092910766601562,
74.200000000000003,3.1195144653320312,
74.299999999999997,3.1271820068359375,
74.400000000000006,3.1322860717773438,
74.5,3.1348419189453125,
74.599999999999994,3.03009033203125,
74.700000000000003,2.874237060546875,
74.799999999999997,2.9329986572265625,
74.900000000000006,3.129730224609375,
75,3.2166061401367188,
75.099999999999994,3.221710205078125,
75.200000000000003,3.2242660522460938,
75.299999999999997,3.2344894409179688,
75.400000000000006,3.2625961303710938,
75.5,3.2728118896484375,
75.599999999999994,3.2574844360351562,
75.700000000000003,3.2549285888671875,
75.799999999999997,3.2906951904296875,
75.900000000000006,3.387786865234375,
76,3.4925460815429688,
76.099999999999994,3.5436477661132812,
76.200000000000003,3.553863525390625,
76.299999999999997,3.5870819091796875,
76.400000000000006,3.7863693237304688,
76.5,4.1466217041015625,
76.599999999999994,4.53753662109375,
76.700000000000003,4.9029006958007812,
76.799999999999997,5.2452774047851562,
76.900000000000006,5.6029739379882812,
77,5.9938888549804688,
77.099999999999994,6.3669204711914062,
77.200000000000003,6.7041778564453125,
77.299999999999997,7.0363311767578125,
77.400000000000006,7.3173751831054688,
77.5,7.5115585327148438,
77.599999999999994,7.6060943603515625,
77.700000000000003,7.618865966796875,
77.799999999999997,7.600982666015625,
77.900000000000006,7.5013351440429688,
78,7.3582611083984375,
78.099999999999994,7.2279510498046875,
78.200000000000003,7.11297607421875,
78.299999999999997,6.9264602661132812,
78.400000000000006,6.6658554077148438,
78.5,6.4716720581054688,
78.599999999999994,6.3362579345703125,
78.700000000000003,6.2110671997070312,
78.799999999999997,6.1037521362304688,
78.900000000000006,5.9938888549804688,
79,5.8508071899414062,
79.099999999999994,5.7000656127929688,
79.200000000000003,5.5212173461914062,
79.299999999999997,5.2682723999023438,
79.400000000000006,4.9207916259765625,
79.5,4.5324325561523438,
79.599999999999994,4.2105026245117188,
79.700000000000003,3.9831008911132812,
79.799999999999997,3.7991409301757812,
79.900000000000006,3.627960205078125,
80,3.479766845703125,7.8192877769470215
80.099999999999994,3.3826751708984375,
80.200000000000003,3.341796875,
80.299999999999997,3.3009185791015625,
80.400000000000006,3.203826904296875,
80.5,3.0275344848632812,
80.599999999999994,2.84613037109375,
80.700000000000003,2.7004928588867188,
80.799999999999997,2.5931854248046875,
80.900000000000006,2.5804061889648438,
81,2.6570587158203125,
81.099999999999994,2.7694778442382812,
81.200000000000003,2.8895645141601562,
81.299999999999997,2.9789886474609375,
81.400000000000006,3.0326461791992188,
81.5,3.0709686279296875,
81.599999999999994,3.0965194702148438,
81.700000000000003,3.1169586181640625,
81.799999999999997,3.1246261596679688,
81.900000000000006,3.1144027709960938,
82,3.1144027709960938,
82.099999999999994,3.13995361328125,
82.200000000000003,3.2089385986328125,
82.299999999999997,3.352020263671875,
82.400000000000006,3.5845260620117188,
82.5,3.85791015625,
82.599999999999994,4.1415176391601562,
82.700000000000003,4.4532241821289062,
82.799999999999997,4.841583251953125,
82.900000000000006,5.3168106079101562,
83,5.8227005004882812,
83.099999999999994,6.3464813232421875,
83.200000000000003,6.8600311279296875,
83.299999999999997,7.3224868774414062,
83.400000000000006,7.7542800903320312,
83.5,8.1375350952148438,
83.599999999999994,8.4364700317382812,
83.700000000000003,8.6434249877929688,
83.799999999999997,8.7200775146484375,
83.900000000000006,8.5258941650390625,
84,7.9893417358398438,
84.099999999999994,7.3046035766601562,
84.200000000000003,6.7016220092773438,
84.299999999999997,6.2621612548828125,
84.400000000000006,5.9351272583007812,
84.5,5.6131973266601562,
84.599999999999994,5.2912673950195312,
84.700000000000003,4.9999923706054688,
84.799999999999997,4.72149658203125,
84.900000000000006,4.4430007934570312,
85,4.1645126342773438,
85.099999999999994,3.8553543090820312,
85.200000000000003,3.5743026733398438,
85.299999999999997,3.39801025390625,
85.400000000000006,3.3009185791015625,
85.5,3.24981689453125,
85.599999999999994,3.21405029296875,
85.700000000000003,3.185943603515625,
85.799999999999997,3.1706161499023438,
85.900000000000006,3.168060302734375,
86,3.1603927612304688,
86.099999999999994,3.1527252197265625,
86.200000000000003,3.1603927612304688,
86.299999999999997,3.1271820068359375,
86.400000000000006,3.0786361694335938,
86.5,3.06585693359375,
86.599999999999994,3.076080322265625,
86.700000000000003,3.0914077758789062,
86.799999999999997,3.1067352294921875,
86.900000000000006,3.1144027709960938,
87,3.0990753173828125,
87.099999999999994,3.1092910766601562,
87.200000000000003,3.1603927612304688,
87.299999999999997,3.1910552978515625,
87.400000000000006,3.203826904296875,
87.5,3.2063827514648438,
87.599999999999994,3.2242660522460938,
87.700000000000003,3.3366851806640625,
87.799999999999997,3.5564193725585938,
87.900000000000006,3.8170318603515625,
88,4.05975341796875,
88.099999999999994,4.271820068359375,
88.200000000000003,4.4608917236328125,
88.299999999999997,4.61163330078125,
88.400000000000006,4.7189407348632812,
88.5,4.851806640625,
88.599999999999994,5.0204315185546875,
88.700000000000003,5.2580490112304688,
88.799999999999997,5.6361923217773438,
88.900000000000006,6.1599655151367188,
89,6.78338623046875,
89.099999999999994,7.4400177001953125,
89.200000000000003,8.0072250366210938,
89.299999999999997,8.421142578125,
89.400000000000006,8.7277374267578125,
89.5,8.927032470703125,
89.599999999999994,9.0087890625,
89.700000000000003,9.0036773681640625,
89.799999999999997,9.0164566040039062,
89.900000000000006,9.0522232055664062,
90,8.9346923828125,8.6830682754516602
90.099999999999994,8.6459808349609375,
90.200000000000003,8.3163833618164062,
90.299999999999997,8.0123367309570312,
90.400000000000006,7.7006301879882812,
90.5,7.4144668579101562,
90.599999999999994,7.1896286010742188,
90.700000000000003,6.9494552612304688,
90.799999999999997,6.6684112548828125,
90.900000000000006,6.3796920776367188,
91,6.0347671508789062,
91.099999999999994,5.633636474609375,
91.200000000000003,5.2018356323242188,
91.299999999999997,4.7163925170898438,
91.400000000000006,4.271820068359375,
91.5,3.9677734375,
91.599999999999994,3.7787017822265625,
91.700000000000003,3.6202926635742188,
91.799999999999997,3.4286651611328125,
91.900000000000006,3.2855911254882812,
92,3.2293777465820312,
92.099999999999994,3.1833877563476562,
92.200000000000003,3.1425094604492188,
92.299999999999997,3.1195144653320312,
92.400000000000006,3.111846923828125,
92.5,3.111846923828125,
92.599999999999994,3.111846923828125,
92.700000000000003,3.1169586181640625,
92.799999999999997,3.1220703125,
92.900000000000006,3.093963623046875,
93,3.0505294799804688,
93.099999999999994,3.037750244140625,
93.200000000000003,3.0403060913085938,
93.299999999999997,3.0454177856445312,
93.400000000000006,3.1195144653320312,
93.5,3.1910552978515625,
93.599999999999994,3.1603927612304688,
93.700000000000003,3.1629486083984375,
93.799999999999997,3.1987152099609375,
93.900000000000006,3.2191619873046875,
94,3.2396011352539062,
94.099999999999994,3.2089385986328125,
94.200000000000003,3.1603927612304688,
94.299999999999997,3.1578369140625,
94.400000000000006,3.1833877563476562,
94.5,3.1961669921875,
94.599999999999994,3.185943603515625,
94.700000000000003,3.1833877563476562,
94.799999999999997,3.1884994506835938,
94.900000000000006,3.1987152099609375,
95,3.2114944458007812,
95.099999999999994,3.2396011352539062,
95.200000000000003,3.277923583984375,
95.299999999999997,3.3494644165039062,
95.400000000000006,3.535980224609375,
95.5,3.8349151611328125,
95.599999999999994,4.1670608520507812,
95.700000000000003,4.50177001953125,
95.799999999999997,4.851806640625,
95.900000000000006,5.2299423217773438,
96,5.6183013916015625,
96.099999999999994,5.9913330078125,
96.200000000000003,6.3720321655273438,
96.299999999999997,6.7118453979492188,
96.400000000000006,6.9852294921875,
96.5,7.2202911376953125,
96.599999999999994,7.3454818725585938,
96.700000000000003,7.4400177001953125,
96.799999999999997,7.5856552124023438,
96.900000000000006,7.6827468872070312,
97,7.6163101196289062,
97.099999999999994,7.4068069458007812,
97.200000000000003,7.07720947265625,
97.299999999999997,6.63519287109375,
97.400000000000006,6.2136154174804688,
97.5,5.8584747314453125,
97.599999999999994,5.5544281005859375,
97.700000000000003,5.2784881591796875,
97.799999999999997,5.0102157592773438,
97.900000000000006,4.7393875122070312,
98,4.4583358764648438,
98.099999999999994,4.2181625366210938,
98.200000000000003,4.0163192749023438,
98.299999999999997,3.8042526245117188,
98.400000000000006,3.5768585205078125,
98.5,3.3928985595703125,
98.599999999999994,3.28814697265625,
98.700000000000003,3.242156982421875,
98.799999999999997,3.21405029296875,
98.900000000000006,3.1884994506835938,
99,3.1782760620117188,
99.099999999999994,3.1808319091796875,
99.200000000000003,3.1808319091796875,
99.299999999999997,3.17572021484375,
99.400000000000006,3.1833877563476562,
99.5,3.1731719970703125,
99.599999999999994,3.1322860717773438,
99.700000000000003,3.093963623046875,
99.799999999999997,3.083740234375,
99.900000000000006,3.0965194702148438,
100,3.1067352294921875,9.4117641448974609
100.09999999999999,3.111846923828125,
100.2,3.1169586181640625,
100.3,3.1220703125,
100.40000000000001,3.1220703125,
100.5,3.1246261596679688,
100.59999999999999,3.1322860717773438,
100.7,3.1271820068359375,
100.8,3.10418701171875,
100.90000000000001,3.0862960815429688,
101,3.083740234375,
101.09999999999999,3.0965194702148438,
101.2,3.1067352294921875,
101.3,3.1195144653320312,
101.40000000000001,3.1169586181640625,
101.5,3.1092910766601562,
101.59999999999999,3.1220703125,
101.7,3.1169586181640625,
101.8,3.0965194702148438,
101.90000000000001,3.0633010864257812,
102,3.0556411743164062,
102.09999999999999,3.1552810668945312,
102.2,3.3647918701171875,
102.3,3.7301559448242188,
102.40000000000001,4.215606689453125,
102.5,4.6627349853515625,
102.59999999999999,5.0587615966796875,
102.7,5.5109939575195312,
102.8,6.0143280029296875,
102.90000000000001,6.4461212158203125,
103,6.8676986694335938,
103.09999999999999,7.2458419799804688,
103.2,7.4783401489257812,
103.3,7.7287368774414062,
103.40000000000001,7.7210693359375,
103.5,7.4042510986328125,
103.59999999999999,7.279052734375,
103.7,7.3582611083984375,
103.8,7.5575485229492188,
103.90000000000001,7.8999176025390625,
104,8.1681900024414062,
104.09999999999999,8.2218475341796875,
104.2,8.1426467895507812,
104.3,7.9612350463867188,
104.40000000000001,7.7593917846679688,
104.5,7.5115585327148438,
104.59999999999999,6.9980010986328125,
104.7,6.3515853881835938,
104.8,5.7051773071289062,
104.90000000000001,5.099639892578125,
105,4.6550674438476562,
105.09999999999999,4.345916748046875,
105.2,4.1185226440429688,
105.3,3.8987884521484375,
105.40000000000001,3.6841659545898438,
105.5,3.5053176879882812,
105.59999999999999,3.3673477172851562,
105.7,3.2523727416992188,
105.8,3.1603927612304688,
105.90000000000001,3.0914077758789062,
106,2.9994277954101562,
106.09999999999999,2.9253311157226562,
106.2,2.92022705078125,
106.3,2.9304428100585938,
106.40000000000001,2.9304428100585938,
106.5,2.9227752685546875,
106.59999999999999,2.9176712036132812,
106.7,2.9125595092773438,
106.8,2.9074478149414062,
106.90000000000001,2.9048919677734375,
107,2.9048919677734375,
107.09999999999999,2.910003662109375,
107.2,2.910003662109375,
107.3,2.8793411254882812,
107.40000000000001,2.8486862182617188,
107.5,2.8410186767578125,
107.59999999999999,2.8563461303710938,
107.7,2.8691253662109375,
107.8,2.8793411254882812,
107.90000000000001,2.8870086669921875,
108,2.892120361328125,
108.09999999999999,2.910003662109375,
108.2,2.9432220458984375,
108.3,2.9815444946289062,
108.40000000000001,2.9994277954101562,
108.5,2.9585494995117188,
108.59999999999999,2.9074478149414062,
108.7,2.8895645141601562,
108.8,2.8946762084960938,
108.90000000000001,2.9023361206054688,
109,2.9125595092773438,
109.09999999999999,2.92022705078125,
109.2,2.9227752685546875,
109.3,2.9304428100585938,
109.40000000000001,2.9432220458984375,
109.5,2.95599365234375,
109.59999999999999,2.9585494995117188,
109.7,2.9687652587890625,
109.8,2.9636611938476562,
109.90000000000001,2.9355545043945312,
110,2.9253311157226562,8.8669948577880859
110.09999999999999,2.9381103515625,
110.2,2.9611053466796875,
110.3,2.99176025390625,
110.40000000000001,3.0326461791992188,
110.5,3.1016311645507812,
110.59999999999999,3.2370452880859375,
110.7,3.4158935546875,
110.8,3.663726806640625,
110.90000000000001,3.9907684326171875,
111,4.3126983642578125,
111.09999999999999,4.6167449951171875,
111.2,4.90545654296875,
111.3,5.1890640258789062,
111.40000000000001,5.5569839477539062,
111.5,5.9530105590820312,
111.59999999999999,6.295379638671875,
111.7,6.5687637329101562,
111.8,6.7961578369140625,
111.90000000000001,7.0158920288085938,
112,7.1743011474609375,
112.09999999999999,7.1564102172851562,
112.2,6.9520111083984375,
112.3,6.7348403930664062,
112.40000000000001,6.543212890625,
112.5,6.28515625,
112.59999999999999,6.0245513916015625,
112.7,5.8456954956054688,
112.8,5.7128372192382812,
112.90000000000001,5.5442123413085938,
113,5.3704681396484375,
113.09999999999999,5.1762924194335938,
113.2,4.9029006958007812,
113.3,4.6141891479492188,
113.40000000000001,4.3408050537109375,
113.5,4.087860107421875,
113.59999999999999,3.8681259155273438,
113.7,3.6586227416992188,
113.8,3.47210693359375,
113.90000000000001,3.3188018798828125,
114,3.2063827514648438,
114.09999999999999,3.1246261596679688,
114.2,3.0633010864257812,
114.3,3.0147552490234375,
114.40000000000001,2.9483261108398438,
114.5,2.8895645141601562,
114.59999999999999,2.8665695190429688,
114.7,2.8716812133789062,
114.8,2.8844528198242188,
114.90000000000001,2.8895645141601562,
115,2.8972320556640625,
115.09999999999999,2.9048919677734375,
115.2,2.910003662109375,
115.3,2.9176712036132812,
115.40000000000001,2.92022705078125,
115.5,2.9253311157226562,
115.59999999999999,2.9151153564453125,
115.7,2.8870086669921875,
115.8,2.874237060546875,
115.90000000000001,2.8767852783203125,
116,2.8946762084960938,
116.09999999999999,2.9023361206054688,
116.2,2.9074478149414062,
116.3,2.9125595092773438,
116.40000000000001,2.92022705078125,
116.5,2.9227752685546875,
116.59999999999999,2.9253311157226562,
116.7,2.927886962890625,
116.8,2.9253311157226562,
116.90000000000001,2.9023361206054688,
117,2.8870086669921875,
117.09999999999999,2.892120361328125,
117.2,2.9023361206054688,
117.3,2.9176712036132812,
117.40000000000001,2.927886962890625,
117.5,2.927886962890625,
117.59999999999999,2.9329986572265625,
117.7,2.9355545043945312,
117.8,2.9406661987304688,
117.90000000000001,2.9508819580078125,
118,2.9585494995117188,
118.09999999999999,2.95599365234375,
118.2,2.9611053466796875,
118.3,2.9968719482421875,
118.40000000000001,3.076080322265625,
118.5,3.2166061401367188,
118.59999999999999,3.4107818603515625,
118.7,3.6330718994140625,
118.8,3.8630218505859375,
118.90000000000001,4.0955276489257812,
119,4.3280258178710938,
119.09999999999999,4.5579757690429688,
119.2,4.7470474243164062,
119.3,4.8645782470703125,
119.40000000000001,4.9693374633789062,
119.5,5.0792007446289062,
119.59999999999999,5.1711807250976562,
119.7,5.2759323120117188,
119.8,5.4522323608398438,
119.90000000000001,5.67962646484375,
120,5.8661422729492188,8.1743869781494141
120.09999999999999,5.9913330078125,
120.2,5.9811172485351562,
120.3,5.6617355346679688,
120.40000000000001,5.0562057495117188,
120.5,4.4532241821289062,
120.59999999999999,4.0290908813476562,
120.7,3.7582626342773438,
120.8,3.5640869140625,
120.90000000000001,3.3775711059570312,
121,3.23193359375,
121.09999999999999,3.1425094604492188,
121.2,3.0811920166015625,
121.3,3.0403060913085938,
121.40000000000001,3.0173110961914062,
121.5,2.9968719482421875,
121.59999999999999,2.9483261108398438,
121.7,2.9023361206054688,
121.8,2.8895645141601562,
121.90000000000001,2.8997802734375,
122,2.9151153564453125,
122.09999999999999,2.9227752685546875,
122.2,2.9227752685546875,
122.3,2.927886962890625,
122.40000000000001,2.9406661987304688,
122.5,2.9483261108398438,
122.59999999999999,2.9508819580078125,
122.7,2.9611053466796875,
122.8,2.945770263671875,
122.90000000000001,2.92022705078125,
123,2.9074478149414062,
123.09999999999999,2.910003662109375,
123.2,2.9253311157226562,
123.3,2.9329986572265625,
123.40000000000001,2.9381103515625,
123.5,2.9406661987304688,
123.59999999999999,2.9483261108398438,
123.7,2.9585494995117188,
123.8,2.9611053466796875,
123.90000000000001,2.9636611938476562,
124,2.9585494995117188,
124.09999999999999,2.9381103515625,
124.2,2.927886962890625,
124.3,2.9381103515625,
124.40000000000001,2.9585494995117188,
124.5,2.99176025390625,
124.59999999999999,3.0709686279296875,
124.7,3.242156982421875,
124.8,3.4542160034179688,
124.90000000000001,3.6790618896484375,
125,3.9447784423828125,
125.09999999999999,4.225830078125,
125.2,4.4889907836914062,
125.3,4.7419357299804688,
125.40000000000001,4.9821090698242188,
125.5,5.2452774047851562,
125.59999999999999,5.5442123413085938,
125.7,5.8124847412109375,
125.8,5.9581222534179688,
125.90000000000001,6.0066604614257812,
126,6.0296554565429688,
126.09999999999999,5.9964447021484375,
126.2,5.9044647216796875,
126.3,5.7281723022460938,
126.40000000000001,5.4879989624023438,
126.5,5.2810440063476562,
126.59999999999999,5.1200790405273438,
126.7,4.9642257690429688,
126.8,4.7802658081054688,
126.90000000000001,4.5886383056640625,
127,4.39190673828125,
127.09999999999999,4.1721725463867188,
127.2,3.9575576782226562,
127.3,3.7301559448242188,
127.40000000000001,3.489990234375,
127.5,3.2906951904296875,
127.59999999999999,3.17572021484375,
127.7,3.1144027709960938,
127.8,3.0684127807617188,
127.90000000000001,3.0275344848632812,
128,2.9968719482421875,
128.09999999999999,2.9789886474609375,
128.19999999999999,2.9687652587890625,
128.30000000000001,2.966217041015625,
128.40000000000001,2.966217041015625,
128.5,2.945770263671875,
128.59999999999999,2.8997802734375,
128.69999999999999,2.864013671875,
128.80000000000001,2.864013671875,
128.90000000000001,2.892120361328125,
129,2.9125595092773438,
129.09999999999999,2.9151153564453125,
129.19999999999999,2.92022705078125,
129.30000000000001,2.9253311157226562,
129.40000000000001,2.9304428100585938,
129.5,2.9355545043945312,
129.59999999999999,2.9406661987304688,
129.69999999999999,2.9355545043945312,
129.80000000000001,2.9074478149414062,
129.90000000000001,2.8946762084960938,
130,2.9023361206054688,8.2191781997680664
130.09999999999999,2.9151153564453125,
130.19999999999999,2.9227752685546875,
130.30000000000001,2.9253311157226562,
130.40000000000001,2.9304428100585938,
130.5,2.9381103515625,
130.59999999999999,2.9432220458984375,
130.69999999999999,2.9534378051757812,
130.80000000000001,2.9611053466796875,
130.90000000000001,2.9483261108398438,
131,2.9176712036132812,
131.09999999999999,2.8997802734375,
131.19999999999999,2.9023361206054688,
131.30000000000001,2.9074478149414062,
131.40000000000001,2.9048919677734375,
131.5,2.9125595092773438,
131.59999999999999,2.9253311157226562,
131.69999999999999,2.9304428100585938,
131.80000000000001,2.9304428100585938,
131.90000000000001,2.9355545043945312,
132,2.9943161010742188,
132.09999999999999,3.1629486083984375,
132.19999999999999,3.4414443969726562,
132.30000000000001,3.80169677734375,
132.40000000000001,4.1926116943359375,
132.5,4.6269607543945312,
132.59999999999999,5.1456298828125,
132.69999999999999,5.6719589233398438,
132.80000000000001,6.1701812744140625,
132.90000000000001,6.6607437133789062,
133,7.1564102172851562,
133.09999999999999,7.6316452026367188,
133.19999999999999,7.9203567504882812,
133.30000000000001,8.0455551147460938,
133.40000000000001,8.117095947265625,
133.5,8.1145401000976562,
133.59999999999999,7.9305801391601562,
133.69999999999999,7.5958709716796875,
133.80000000000001,7.2816085815429688,
133.90000000000001,6.9775619506835938,
134,6.6300811767578125,
134.09999999999999,6.1676254272460938,
134.19999999999999,5.6770706176757812,
134.30000000000001,5.265716552734375,
134.40000000000001,4.8850173950195312,
134.5,4.6269607543945312,
134.59999999999999,4.3280258178710938,
134.69999999999999,3.9728851318359375,
134.80000000000001,3.6483993530273438,
134.90000000000001,3.4286651611328125,
135,3.2753677368164062,
135.09999999999999,3.1603927612304688,
135.19999999999999,3.0811920166015625,
135.30000000000001,3.0045394897460938,
135.40000000000001,2.92022705078125,
135.5,2.8716812133789062,
135.59999999999999,2.864013671875,
135.69999999999999,2.8716812133789062,
135.80000000000001,2.8793411254882812,
135.90000000000001,2.88189697265625,
136,2.88189697265625,
136.09999999999999,2.8844528198242188,
136.19999999999999,2.8895645141601562,
136.30000000000001,2.892120361328125,
136.40000000000001,2.8997802734375,
136.5,2.8997802734375,
136.59999999999999,2.8793411254882812,
136.69999999999999,2.8512420654296875,
136.80000000000001,2.84613037109375,
136.90000000000001,2.8589019775390625,
137,2.8767852783203125,
137.09999999999999,2.8844528198242188,
137.19999999999999,2.8895645141601562,
137.30000000000001,2.8972320556640625,
137.40000000000001,2.9048919677734375,
137.5,2.9048919677734375,
137.59999999999999,2.9125595092773438,
137.69999999999999,2.9253311157226562,
137.80000000000001,2.9074478149414062,
137.90000000000001,2.8793411254882812,
138,2.8767852783203125,
138.09999999999999,2.8793411254882812,
138.19999999999999,2.8870086669921875,
138.30000000000001,2.8972320556640625,
138.40000000000001,2.8997802734375,
138.5,2.9074478149414062,
138.59999999999999,2.92022705078125,
138.69999999999999,2.927886962890625,
138.80000000000001,2.9432220458984375,
138.90000000000001,2.9789886474609375,
139,2.99176025390625,
139.09999999999999,2.973876953125,
139.19999999999999,2.9483261108398438,
139.30000000000001,2.9329986572265625,
139.40000000000001,2.9329986572265625,
139.5,2.9406661987304688,
139.59999999999999,2.9432220458984375,
139.69999999999999,2.9585494995117188,
139.80000000000001,3.0428619384765625,
139.90000000000001,3.2268218994140625,
140,3.4823226928710938,8.4112148284912109
140.09999999999999,3.7403793334960938,
140.19999999999999,3.9422225952148438,
140.30000000000001,4.1261825561523438,
140.40000000000001,4.3510208129882812,
140.5,4.6474075317382812,
140.59999999999999,5.0280990600585938,
140.69999999999999,5.4471206665039062,
140.80000000000001,5.8456954956054688,
140.90000000000001,6.1804046630859375,
141,6.4563446044921875,
141.09999999999999,6.7220611572265625,
141.19999999999999,6.9264602661132812,
141.30000000000001,6.9852294921875,
141.40000000000001,6.9469070434570312,
141.5,6.8498153686523438,
141.59999999999999,6.645416259765625,
141.69999999999999,6.3899154663085938,
141.80000000000001,6.1957321166992188,
141.90000000000001,6.0398788452148438,
142,5.8916854858398438,
142.09999999999999,5.761383056640625,
142.19999999999999,5.6259689331054688,
142.30000000000001,5.439453125,
142.40000000000001,5.209503173828125,
142.5,5.0102157592773438,
142.59999999999999,4.8466949462890625,
142.69999999999999,4.6933975219726562,
142.80000000000001,4.529876708984375,
142.90000000000001,4.3382492065429688,
143,4.1006317138671875,
143.09999999999999,3.8553543090820312,
143.19999999999999,3.627960205078125,
143.30000000000001,3.4235610961914062,
143.40000000000001,3.2651519775390625,
143.5,3.1246261596679688,
143.59999999999999,3.0045394897460938,
143.69999999999999,2.9483261108398438,
143.80000000000001,2.927886962890625,
143.90000000000001,2.9253311157226562,
144,2.9176712036132812,
144.09999999999999,2.9125595092773438,
144.19999999999999,2.9125595092773438,
144.30000000000001,2.9125595092773438,
144.40000000000001,2.9125595092773438,
144.5,2.910003662109375,
144.59999999999999,2.92022705078125,
144.69999999999999,2.9125595092773438,
144.80000000000001,2.8793411254882812,
144.90000000000001,2.8665695190429688,
145,2.8767852783203125,
145.09999999999999,2.9023361206054688,
145.19999999999999,2.9151153564453125,
145.30000000000001,2.9227752685546875,
145.40000000000001,2.9304428100585938,
145.5,2.9304428100585938,
145.59999999999999,2.9329986572265625,
145.69999999999999,2.9381103515625,
145.80000000000001,2.945770263671875,
145.90000000000001,2.9406661987304688,
146,2.9125595092773438,
146.09999999999999,2.8870086669921875,
146.19999999999999,2.88189697265625,
146.30000000000001,2.892120361328125,
146.40000000000001,2.9023361206054688,
146.5,2.9048919677734375,
146.59999999999999,2.9074478149414062,
146.69999999999999,2.9151153564453125,
146.80000000000001,2.92022705078125,
146.90000000000001,2.9176712036132812,
147,2.9227752685546875,
147.09999999999999,2.9253311157226562,
147.19999999999999,2.9048919677734375,
147.30000000000001,2.8793411254882812,
147.40000000000001,2.8716812133789062,
147.5,2.8793411254882812,
147.59999999999999,2.8997802734375,
147.69999999999999,2.9253311157226562,
147.80000000000001,3.0070953369140625,
147.90000000000001,3.17572021484375,
148,3.4133377075195312,
148.09999999999999,3.6969451904296875,
148.19999999999999,4.0009918212890625,
148.30000000000001,4.3024826049804688,
148.40000000000001,4.5630874633789062,
148.5,4.79559326171875,
148.59999999999999,5.0383224487304688,
148.69999999999999,5.301483154296875,
148.80000000000001,5.5723114013671875,
148.90000000000001,5.8227005004882812,
149,6.0322113037109375,
149.09999999999999,6.2263946533203125,
149.19999999999999,6.41546630859375,
149.30000000000001,6.56109619140625,
149.40000000000001,6.6479721069335938,
149.5,6.6045303344726562,
149.59999999999999,6.423126220703125,
149.69999999999999,6.2110671997070312,
149.80000000000001,5.9760055541992188,
149.90000000000001,5.7000656127929688,
150,5.3806915283203125,8.2023239135742188
150.09999999999999,5.0332107543945312,
150.19999999999999,4.6985015869140625,
150.30000000000001,4.3970108032226562,
150.40000000000001,4.1108551025390625,
150.5,3.8451309204101562,
150.59999999999999,3.5972976684570312,
150.69999999999999,3.352020263671875,
150.80000000000001,3.1706161499023438,
150.90000000000001,3.0735244750976562,
151,3.0147552490234375,
151.09999999999999,2.9611053466796875,
151.19999999999999,2.9227752685546875,
151.30000000000001,2.9125595092773438,
151.40000000000001,2.910003662109375,
151.5,2.910003662109375,
151.59999999999999,2.9125595092773438,
151.69999999999999,2.9253311157226562,
151.80000000000001,2.9048919677734375,
151.90000000000001,2.8205795288085938,
152,2.7694778442382812,
152.09999999999999,2.8129119873046875,
152.19999999999999,2.8716812133789062,
152.30000000000001,2.8844528198242188,
152.40000000000001,2.8793411254882812,
152.5,2.8870086669921875,
152.59999999999999,2.8997802734375,
152.69999999999999,2.9227752685546875,
152.80000000000001,2.9508819580078125,
152.90000000000001,2.966217041015625,
153,2.9789886474609375,
153.09999999999999,2.9764328002929688,
153.19999999999999,3.0914077758789062,
153.30000000000001,3.4414443969726562,
153.40000000000001,3.8042526245117188,
153.5,4.0546417236328125,
153.59999999999999,4.4046783447265625,
153.69999999999999,4.7904815673828125,
153.80000000000001,5.1456298828125,
153.90000000000001,5.5978622436523438,
154,6.1420822143554688,
154.09999999999999,6.6045303344726562,
154.19999999999999,6.939239501953125,
154.30000000000001,7.3608169555664062,
154.40000000000001,7.7926101684570312,
154.5,8.0659942626953125,
154.59999999999999,8.4645767211914062,
154.69999999999999,8.8682632446289062,
154.80000000000001,8.9244766235351562,
154.90000000000001,8.6255416870117188,
155,8.0659942626953125,
155.09999999999999,7.526885986328125,
155.19999999999999,7.1078720092773438,
155.30000000000001,6.755279541015625,
155.40000000000001,6.4410171508789062,
155.5,6.1548538208007812,
155.59999999999999,5.8942413330078125,
155.69999999999999,5.633636474609375,
155.80000000000001,5.4036865234375,
155.90000000000001,5.2989273071289062,
156,5.1941757202148438,
156.09999999999999,4.9769973754882812,
156.19999999999999,4.72149658203125,
156.30000000000001,4.4608917236328125,
156.40000000000001,4.2053909301757812,
156.5,3.9524459838867188,
156.59999999999999,3.7761459350585938,
156.69999999999999,3.6713943481445312,
156.80000000000001,3.5257568359375,
156.90000000000001,3.405670166015625,
157,3.3545761108398438,
157.09999999999999,3.2932510375976562,
157.19999999999999,3.1987152099609375,
157.30000000000001,3.1246261596679688,
157.40000000000001,3.10418701171875,
157.5,3.10418701171875,
157.59999999999999,3.093963623046875,
157.69999999999999,3.093963623046875,
157.80000000000001,3.1016311645507812,
157.90000000000001,3.1016311645507812,
158,3.0965194702148438,
158.09999999999999,3.0786361694335938,
158.19999999999999,3.0633010864257812,
158.30000000000001,3.0607452392578125,
158.40000000000001,3.0275344848632812,
158.5,2.9892120361328125,
158.59999999999999,2.9968719482421875,
158.69999999999999,3.0709686279296875,
158.80000000000001,3.1987152099609375,
158.90000000000001,3.334136962890625,
159,3.479766845703125,
159.09999999999999,3.6509552001953125,
159.19999999999999,3.8221359252929688,
159.30000000000001,3.977996826171875,
159.40000000000001,4.105743408203125,
159.5,4.1849517822265625,
159.59999999999999,4.1926116943359375,
159.69999999999999,4.1849517822265625,
159.80000000000001,4.197723388671875,
159.90000000000001,4.1849517822265625,
160,4.13385009765625,8.4507045745849609
160.09999999999999,4.0750808715820312,
160.19999999999999,4.0086517333984375,
160.30000000000001,3.94989013671875,
160.40000000000001,3.87579345703125,
160.5,3.76593017578125,
160.59999999999999,3.663726806640625,
160.69999999999999,3.5615310668945312,
160.80000000000001,3.43377685546875,
160.90000000000001,3.3213577270507812,
161,3.2651519775390625,
161.09999999999999,3.242156982421875,
161.19999999999999,3.2191619873046875,
161.30000000000001,3.185943603515625,
161.40000000000001,3.1527252197265625,
161.5,3.129730224609375,
161.59999999999999,3.111846923828125,
161.69999999999999,3.10418701171875,
161.80000000000001,3.0990753173828125,
161.90000000000001,3.0965194702148438,
162,3.058197021484375,
162.09999999999999,3.0096511840820312,
162.19999999999999,2.99176025390625,
162.30000000000001,2.9968719482421875,
162.40000000000001,3.0096511840820312,
162.5,3.019866943359375,
162.59999999999999,3.0224227905273438,
162.69999999999999,3.0275344848632812,
162.80000000000001,3.0352020263671875,
162.90000000000001,3.0454177856445312,
163,3.0505294799804688,
163.09999999999999,3.0607452392578125,
163.19999999999999,3.0479736328125,
163.30000000000001,3.01220703125,
163.40000000000001,2.9968719482421875,
163.5,2.9968719482421875,
163.59999999999999,3.001983642578125,
163.69999999999999,3.01220703125,
163.80000000000001,3.0249786376953125,
163.90000000000001,3.0326461791992188,
164,3.0352020263671875,
164.09999999999999,3.0352020263671875,
164.19999999999999,3.037750244140625,
164.30000000000001,3.0479736328125,
164.40000000000001,3.0403060913085938,
164.5,3.0147552490234375,
164.59999999999999,3.0045394897460938,
164.69999999999999,3.0147552490234375,
164.80000000000001,3.058197021484375,
164.90000000000001,3.17572021484375,
165,3.3852310180664062,
165.09999999999999,3.6790618896484375,
165.19999999999999,4.0444259643554688,
165.30000000000001,4.4251174926757812,
165.40000000000001,4.8083724975585938,
165.5,5.173736572265625,
165.59999999999999,5.45733642578125,
165.69999999999999,5.7383880615234375,
165.80000000000001,6.037322998046875,
165.90000000000001,6.2289505004882812,
166,6.3566970825195312,
166.09999999999999,6.515106201171875,
166.19999999999999,6.6607437133789062,
166.30000000000001,6.7961578369140625,
166.40000000000001,6.9009170532226562,
166.5,6.8958053588867188,
166.59999999999999,6.7629470825195312,
166.69999999999999,6.4410171508789062,
166.80000000000001,5.963226318359375,
166.90000000000001,5.4190139770507812,
167,4.90545654296875,
167.09999999999999,4.4889907836914062,
167.19999999999999,4.1721725463867188,
167.30000000000001,3.9192276000976562,
167.40000000000001,3.7071609497070312,
167.5,3.5308685302734375,
167.59999999999999,3.3928985595703125,
167.69999999999999,3.2625961303710938,
167.80000000000001,3.150177001953125,
167.90000000000001,3.1016311645507812,
168,3.0990753173828125,
168.09999999999999,3.0965194702148438,
168.19999999999999,3.0888519287109375,
168.30000000000001,3.0888519287109375,
168.40000000000001,3.093963623046875,
168.5,3.0990753173828125,
168.59999999999999,3.0990753173828125,
168.69999999999999,3.0990753173828125,
168.80000000000001,3.10418701171875,
168.90000000000001,3.0786361694335938,
169,3.0428619384765625,
169.09999999999999,3.0352020263671875,
169.19999999999999,3.0454177856445312,
169.30000000000001,3.0633010864257812,
169.40000000000001,3.076080322265625,
169.5,3.0811920166015625,
169.59999999999999,3.083740234375,
169.69999999999999,3.0862960815429688,
169.80000000000001,3.0888519287109375,
169.90000000000001,3.093963623046875,
170,3.0990753173828125,7.1656050682067871
170.09999999999999,3.076080322265625,
170.19999999999999,3.0403060913085938,
170.30000000000001,3.03009033203125,
170.40000000000001,3.037750244140625,
170.5,3.0479736328125,
170.59999999999999,3.0556411743164062,
170.69999999999999,3.0684127807617188,
170.80000000000001,3.076080322265625,
170.90000000000001,3.083740234375,
171,3.0914077758789062,
171.09999999999999,3.0990753173828125,
171.19999999999999,3.0990753173828125,
171.30000000000001,3.0735244750976562,
171.40000000000001,3.058197021484375,
171.5,3.0786361694335938,
171.59999999999999,3.111846923828125,
171.69999999999999,3.1527252197265625,
171.80000000000001,3.1936111450195312,
171.90000000000001,3.2268218994140625,
172,3.2549285888671875,
172.09999999999999,3.2728118896484375,
172.19999999999999,3.2702560424804688,
172.30000000000001,3.2574844360351562,
172.40000000000001,3.2242660522460938,
172.5,3.1706161499023438,
172.59999999999999,3.1373977661132812,
172.69999999999999,3.129730224609375,
172.80000000000001,3.1322860717773438,
172.90000000000001,3.1373977661132812,
173,3.1348419189453125,
173.09999999999999,3.1348419189453125,
173.19999999999999,3.1322860717773438,
173.30000000000001,3.1322860717773438,
173.40000000000001,3.1348419189453125,
173.5,3.1425094604492188,
173.59999999999999,3.1220703125,
173.69999999999999,3.0914077758789062,
173.80000000000001,3.076080322265625,
173.90000000000001,3.076080322265625,
174,3.083740234375,
174.09999999999999,3.0914077758789062,
174.19999999999999,3.10418701171875,
174.30000000000001,3.111846923828125,
174.40000000000001,3.1169586181640625,
174.5,3.1246261596679688,
174.59999999999999,3.1731719970703125,
174.69999999999999,3.3494644165039062,
174.80000000000001,3.6867218017578125,
174.90000000000001,4.1440658569335938,
175,4.6474075317382812,
175.09999999999999,5.1149673461914062,
175.19999999999999,5.5212173461914062,
175.30000000000001,5.9044647216796875,
175.40000000000001,6.2519454956054688,
175.5,6.589202880859375,
175.59999999999999,6.957122802734375,
175.69999999999999,7.2586135864257812,
175.80000000000001,7.37103271484375,
175.90000000000001,7.2024002075195312,
176,6.8038253784179688,
176.09999999999999,6.3285903930664062,
176.19999999999999,5.8686904907226562,
176.30000000000001,5.4445648193359375,
176.40000000000001,5.0510940551757812,
176.5,4.6678466796875,
176.59999999999999,4.3101425170898438,
176.69999999999999,3.9907684326171875,
176.80000000000001,3.6995010375976562,
176.90000000000001,3.47210693359375,
177,3.3264694213867188,
177.09999999999999,3.2370452880859375,
177.19999999999999,3.1629486083984375,
177.30000000000001,3.1092910766601562,
177.40000000000001,3.0786361694335938,
177.5,3.0633010864257812,
177.59999999999999,3.058197021484375,
177.69999999999999,3.0454177856445312,
177.80000000000001,2.99176025390625,
177.90000000000001,2.9406661987304688,
178,2.9329986572265625,
178.09999999999999,2.9406661987304688,
178.19999999999999,2.9508819580078125,
178.30000000000001,2.9585494995117188,
178.40000000000001,2.9636611938476562,
178.5,2.9687652587890625,
178.59999999999999,2.9764328002929688,
178.69999999999999,2.9815444946289062,
178.80000000000001,2.9892120361328125,
178.90000000000001,2.9892120361328125,
179,2.9687652587890625,
179.09999999999999,2.9508819580078125,
179.19999999999999,2.9483261108398438,
179.30000000000001,2.9534378051757812,
179.40000000000001,2.9789886474609375,
179.5,3.0045394897460938,
179.59999999999999,3.0428619384765625,
179.69999999999999,3.1246261596679688,
179.80000000000001,3.2702560424804688,
179.90000000000001,3.479766845703125,
180,3.7276077270507812,5.7088489532470703
180.09999999999999,3.9447784423828125,
180.19999999999999,4.1210708618164062,
180.30000000000001,4.3586883544921875,
180.40000000000001,4.6678466796875,
180.5,5.007659912109375,
180.59999999999999,5.357696533203125,
180.69999999999999,5.7128372192382812,
180.80000000000001,6.2110671997070312,
180.90000000000001,6.80126953125,
181,7.279052734375,
181.09999999999999,7.6623001098632812,
181.19999999999999,8.0097808837890625,
181.30000000000001,8.3036117553710938,
181.40000000000001,8.5463333129882812,
181.5,8.6996307373046875,
181.59999999999999,8.7660675048828125,
181.69999999999999,8.7762832641601562,
181.80000000000001,8.722625732421875,
181.90000000000001,8.6561965942382812,
182,8.6664199829101562,
182.09999999999999,8.704742431640625,
182.19999999999999,8.7302932739257812,
182.30000000000001,8.7916107177734375,
182.40000000000001,8.8657073974609375,
182.5,8.962799072265625,
182.59999999999999,8.835052490234375,
182.69999999999999,8.3674850463867188,
182.80000000000001,7.6265335083007812,
182.90000000000001,6.7527236938476562,
183,5.8814697265625,
183.09999999999999,5.0689773559570312,
183.19999999999999,4.5094375610351562,
183.30000000000001,4.1594009399414062,
183.40000000000001,3.85791015625,
183.5,3.6075210571289062,
183.59999999999999,3.4414443969726562,
183.69999999999999,3.3469085693359375,
183.80000000000001,3.2983627319335938,
183.90000000000001,3.2396011352539062,
184,3.1603927612304688,
184.09999999999999,3.0965194702148438,
184.19999999999999,3.0428619384765625,
184.30000000000001,2.99176025390625,
184.40000000000001,2.9483261108398438,
184.5,2.8895645141601562,
184.59999999999999,2.8384628295898438,
184.69999999999999,2.8205795288085938,
184.80000000000001,2.8231353759765625,
184.90000000000001,2.8026962280273438,
185,2.7899169921875,
185.09999999999999,2.8103561401367188,
185.19999999999999,2.88189697265625,
185.30000000000001,3.0403060913085938,
185.40000000000001,3.203826904296875,
185.5,3.2983627319335938,
185.59999999999999,3.380126953125,
185.69999999999999,3.4823226928710938,
185.80000000000001,3.6254043579101562,
185.90000000000001,3.8604660034179688,
186,4.1364059448242188,
186.09999999999999,4.4302291870117188,
186.19999999999999,4.6806182861328125,
186.30000000000001,4.8569107055664062,
186.40000000000001,5.0587615966796875,
186.5,5.319366455078125,
186.59999999999999,5.5799789428710938,
186.69999999999999,5.871246337890625,
186.80000000000001,6.2059555053710938,
186.90000000000001,6.5125503540039062,
187,6.7680511474609375,
187.09999999999999,6.92901611328125,
187.19999999999999,7.0976486206054688,
187.30000000000001,7.2841644287109375,
187.40000000000001,7.4221343994140625,
187.5,7.5319976806640625,
187.59999999999999,7.537109375,
187.69999999999999,7.15130615234375,
187.80000000000001,6.497222900390625,
187.90000000000001,5.9070205688476562,
188,5.4139022827148438,
188.09999999999999,5.0153274536132812,
188.19999999999999,4.6627349853515625,
188.30000000000001,4.3484725952148438,
188.40000000000001,4.0750808715820312,
188.5,3.8527984619140625,
188.59999999999999,3.6381759643554688,
188.69999999999999,3.4414443969726562,
188.80000000000001,3.3162460327148438,
188.90000000000001,3.260040283203125,
189,3.221710205078125,
189.09999999999999,3.1706161499023438,
189.19999999999999,3.1271820068359375,
189.30000000000001,3.10418701171875,
189.40000000000001,3.083740234375,
189.5,3.058197021484375,
189.59999999999999,3.058197021484375,
189.69999999999999,3.0479736328125,
189.80000000000001,2.9994277954101562,
189.90000000000001,2.9636611938476562,
190,2.9687652587890625,8.5227270126342773
190.09999999999999,2.9866561889648438,
190.19999999999999,2.9994277954101562,
190.30000000000001,3.0096511840820312,
190.40000000000001,3.019866943359375,
190.5,3.0326461791992188,
190.59999999999999,3.058197021484375,
190.69999999999999,3.0862960815429688,
190.80000000000001,3.111846923828125,
190.90000000000001,3.1246261596679688,
191,3.1169586181640625,
191.09999999999999,3.0965194702148438,
191.19999999999999,3.0914077758789062,
191.30000000000001,3.0965194702148438,
191.40000000000001,3.1016311645507812,
191.5,3.0965194702148438,
191.59999999999999,3.0965194702148438,
191.69999999999999,3.1016311645507812,
191.80000000000001,3.111846923828125,
191.90000000000001,3.1195144653320312,
192,3.1220703125,
192.09999999999999,3.1271820068359375,
192.19999999999999,3.1067352294921875,
192.30000000000001,3.0735244750976562,
192.40000000000001,3.0709686279296875,
192.5,3.0811920166015625,
192.59999999999999,3.0811920166015625,
192.69999999999999,3.0862960815429688,
192.80000000000001,3.093963623046875,
192.90000000000001,3.0965194702148438,
193,3.10418701171875,
193.09999999999999,3.1067352294921875,
193.19999999999999,3.1144027709960938,
193.30000000000001,3.1322860717773438,
193.40000000000001,3.1322860717773438,
193.5,3.1144027709960938,
193.59999999999999,3.111846923828125,
193.69999999999999,3.1731719970703125,
193.80000000000001,3.3545761108398438,
193.90000000000001,3.6790618896484375,
194,4.05975341796875,
194.09999999999999,4.4327850341796875,
194.19999999999999,4.8083724975585938,
194.30000000000001,5.191619873046875,
194.40000000000001,5.6029739379882812,
194.5,5.9785614013671875,
194.59999999999999,6.2110671997070312,
194.69999999999999,6.4001312255859375,
194.80000000000001,6.6224212646484375,
194.90000000000001,6.7118453979492188,
195,6.5738754272460938,
195.09999999999999,6.3490371704101562,
195.19999999999999,6.4640121459960938,
195.30000000000001,7.059326171875,
195.40000000000001,7.6342010498046875,
195.5,8.0583267211914062,
195.59999999999999,8.3572616577148438,
195.69999999999999,8.4901275634765625,
195.80000000000001,8.686859130859375,
195.90000000000001,8.8452682495117188,
196,8.7021865844726562,
196.09999999999999,8.5795516967773438,
196.19999999999999,8.6740875244140625,
196.30000000000001,8.7405166625976562,
196.40000000000001,8.9576873779296875,
196.5,9.3179473876953125,
196.59999999999999,9.5172348022460938,
196.69999999999999,9.698638916015625,
196.80000000000001,9.9209213256835938,
196.90000000000001,9.8417205810546875,
197,9.28472900390625,
197.09999999999999,8.4543533325195312,
197.19999999999999,7.7236251831054688,
197.30000000000001,7.1896286010742188,
197.40000000000001,6.6658554077148438,
197.5,6.129302978515625,
197.59999999999999,5.6183013916015625,
197.69999999999999,5.1660690307617188,
197.80000000000001,4.8288116455078125,
197.90000000000001,4.7240524291992188,
198,4.70361328125,
198.09999999999999,4.5196533203125,
198.19999999999999,4.3893508911132812,
198.30000000000001,4.4659957885742188,
198.40000000000001,4.4532241821289062,
198.5,4.2922592163085938,
198.59999999999999,4.1364059448242188,
198.69999999999999,3.9703292846679688,
198.80000000000001,3.7812576293945312,
198.90000000000001,3.6765060424804688,
199,3.6330718994140625,
199.09999999999999,3.5564193725585938,
199.19999999999999,3.47210693359375,
199.30000000000001,3.3852310180664062,
199.40000000000001,3.3264694213867188,
199.5,3.3060302734375,
199.59999999999999,3.2625961303710938,
199.69999999999999,3.21405029296875,
199.80000000000001,3.1782760620117188,
199.90000000000001,3.150177001953125,
200,3.10418701171875,8.5632734298706055
200.09999999999999,3.03009033203125,
200.19999999999999,2.984100341796875,
200.30000000000001,2.973876953125,
200.40000000000001,2.9636611938476562,
200.5,2.9406661987304688,
200.59999999999999,2.945770263671875,
200.69999999999999,2.966217041015625,
200.80000000000001,2.9636611938476562,
200.90000000000001,2.9585494995117188,
201,2.966217041015625,
201.09999999999999,2.9406661987304688,
201.19999999999999,2.8691253662109375,
201.30000000000001,2.8205795288085938,
201.40000000000001,2.8435745239257812,
201.5,2.8895645141601562,
201.59999999999999,2.9125595092773438,
201.69999999999999,2.927886962890625,
201.80000000000001,2.9406661987304688,
201.90000000000001,2.9483261108398438,
202,2.9636611938476562,
202.09999999999999,2.95599365234375,
202.19999999999999,2.9227752685546875,
202.30000000000001,2.9023361206054688,
202.40000000000001,2.9023361206054688,
202.5,2.9125595092773438,
202.59999999999999,2.9253311157226562,
202.69999999999999,2.9943161010742188,
202.80000000000001,3.1629486083984375,
202.90000000000001,3.3903427124023438,
203,3.6330718994140625,
203.09999999999999,3.886016845703125,
203.19999999999999,4.1261825561523438,
203.30000000000001,4.3152542114257812,
203.40000000000001,4.4583358764648438,
203.5,4.6269607543945312,
203.59999999999999,4.8032608032226562,
203.69999999999999,4.9923324584960938,
203.80000000000001,5.2478256225585938,
203.90000000000001,5.5212173461914062,
204,5.7716064453125,
204.09999999999999,5.9887771606445312,
204.19999999999999,6.17529296875,
204.30000000000001,6.3260421752929688,
204.40000000000001,6.4665603637695312,
204.5,6.6275253295898438,
204.59999999999999,6.7348403930664062,
204.69999999999999,6.7706069946289062,
204.80000000000001,6.755279541015625,
204.90000000000001,6.6607437133789062,
205,6.5662078857421875,
205.09999999999999,6.4537887573242188,
205.19999999999999,6.1982879638671875,
205.30000000000001,5.8610305786132812,
205.40000000000001,5.5161056518554688,
205.5,5.1660690307617188,
205.59999999999999,4.8390274047851562,
205.69999999999999,4.5349807739257812,
205.80000000000001,4.253936767578125,
205.90000000000001,4.0009918212890625,
206,3.7863693237304688,
206.09999999999999,3.6049652099609375,
206.19999999999999,3.4210052490234375,
206.30000000000001,3.2574844360351562,
206.40000000000001,3.1476211547851562,
206.5,3.0862960815429688,
206.59999999999999,3.0530853271484375,
206.69999999999999,3.0147552490234375,
206.80000000000001,2.9815444946289062,
206.90000000000001,2.9636611938476562,
207,2.9508819580078125,
207.09999999999999,2.9432220458984375,
207.19999999999999,2.9406661987304688,
207.30000000000001,2.945770263671875,
207.40000000000001,2.9176712036132812,
207.5,2.8716812133789062,
207.59999999999999,2.8589019775390625,
207.69999999999999,2.8665695190429688,
207.80000000000001,2.8793411254882812,
207.90000000000001,2.8870086669921875,
208,2.8946762084960938,
208.09999999999999,2.9048919677734375,
208.19999999999999,2.9074478149414062,
208.30000000000001,2.910003662109375,
208.40000000000001,2.9151153564453125,
208.5,2.9253311157226562,
208.59999999999999,2.92022705078125,
208.69999999999999,2.892120361328125,
208.80000000000001,2.8767852783203125,
208.90000000000001,2.88189697265625,
209,2.8972320556640625,
209.09999999999999,2.910003662109375,
209.19999999999999,2.9151153564453125,
209.30000000000001,2.9176712036132812,
209.40000000000001,2.9227752685546875,
209.5,2.9253311157226562,
209.59999999999999,2.9304428100585938,
209.69999999999999,2.9406661987304688,
209.80000000000001,2.9355545043945312,
209.90000000000001,2.9125595092773438,
210,2.8946762084960938,8.1008100509643555
210.09999999999999,2.8946762084960938,
210.19999999999999,2.9125595092773438,
210.30000000000001,2.927886962890625,
210.40000000000001,2.9304428100585938,
210.5,2.9304428100585938,
210.59999999999999,2.9329986572265625,
210.69999999999999,2.9406661987304688,
210.80000000000001,2.9406661987304688,
210.90000000000001,2.9406661987304688,
211,2.9355545043945312,
211.09999999999999,2.9176712036132812,
211.19999999999999,2.9048919677734375,
211.30000000000001,2.9023361206054688,
211.40000000000001,2.910003662109375,
211.5,2.92022705078125,
211.59999999999999,2.92022705078125,
211.69999999999999,2.9227752685546875,
211.80000000000001,2.9304428100585938,
211.90000000000001,2.9355545043945312,
212,2.9432220458984375,
212.09999999999999,2.9534378051757812,
212.19999999999999,2.9534378051757812,
212.30000000000001,2.9381103515625,
212.40000000000001,2.9176712036132812,
212.5,2.9074478149414062,
212.59999999999999,2.9125595092773438,
212.69999999999999,2.92022705078125,
212.80000000000001,2.9253311157226562,
212.90000000000001,2.927886962890625,
213,2.9329986572265625,
213.09999999999999,2.9406661987304688,
213.19999999999999,2.9406661987304688,
213.30000000000001,2.9432220458984375,
213.40000000000001,2.9406661987304688,
213.5,2.92022705078125,
213.59999999999999,2.8972320556640625,
213.69999999999999,2.892120361328125,
213.80000000000001,2.9023361206054688,
213.90000000000001,2.910003662109375,
214,2.9125595092773438,
214.09999999999999,2.9151153564453125,
214.19999999999999,2.9176712036132812,
214.30000000000001,2.9227752685546875,
214.40000000000001,2.927886962890625,
214.5,2.9329986572265625,
214.59999999999999,2.910003662109375,
214.69999999999999,2.8486862182617188,
214.80000000000001,2.8026962280273438,
214.90000000000001,2.7950286865234375,
215,2.8052520751953125,
215.09999999999999,2.818023681640625,
215.19999999999999,2.8256912231445312,
215.30000000000001,2.8282470703125,
215.40000000000001,2.835906982421875,
215.5,2.8410186767578125,
215.59999999999999,2.84613037109375,
215.69999999999999,2.8512420654296875,
215.80000000000001,2.8282470703125,
215.90000000000001,2.7975845336914062,
216,2.782257080078125,
216.09999999999999,2.7797012329101562,
216.19999999999999,2.7950286865234375,
216.30000000000001,2.8129119873046875,
216.40000000000001,2.8205795288085938,
216.5,2.800140380859375,
216.59999999999999,2.782257080078125,
216.69999999999999,2.8435745239257812,
216.80000000000001,2.99176025390625,
216.90000000000001,3.1629486083984375,
217,3.3188018798828125,
217.09999999999999,3.518096923828125,
217.19999999999999,3.80169677734375,
217.30000000000001,4.1185226440429688,
217.40000000000001,4.4864425659179688,
217.5,4.8620223999023438,
217.59999999999999,5.1507415771484375,
217.69999999999999,5.3960189819335938,
217.80000000000001,5.53143310546875,
217.90000000000001,5.45733642578125,
218,5.16351318359375,
218.09999999999999,4.713836669921875,
218.19999999999999,4.2820358276367188,
218.30000000000001,3.9141159057617188,
218.40000000000001,3.6228485107421875,
218.5,3.426116943359375,
218.59999999999999,3.2932510375976562,
218.69999999999999,3.1961669921875,
218.80000000000001,3.1271820068359375,
218.90000000000001,3.0862960815429688,
219,3.0530853271484375,
219.09999999999999,3.0275344848632812,
219.19999999999999,2.9866561889648438,
219.30000000000001,2.9432220458984375,
219.40000000000001,2.927886962890625,
219.5,2.9304428100585938,
219.59999999999999,2.9432220458984375,
219.69999999999999,2.9483261108398438,
219.80000000000001,2.9483261108398438,
219.90000000000001,2.9534378051757812,
220,2.9585494995117188,7.5949368476867676
220.09999999999999,2.9611053466796875,
220.19999999999999,2.9611053466796875,
220.30000000000001,2.9636611938476562,
220.40000000000001,2.9585494995117188,
220.5,2.9329986572265625,
220.59999999999999,2.9074478149414062,
220.69999999999999,2.9023361206054688,
220.80000000000001,2.9151153564453125,
220.90000000000001,2.9304428100585938,
221,2.9329986572265625,
221.09999999999999,2.9329986572265625,
221.19999999999999,2.9381103515625,
221.30000000000001,2.9381103515625,
221.40000000000001,2.9381103515625,
221.5,2.9483261108398438,
221.59999999999999,2.9406661987304688,
221.69999999999999,2.9125595092773438,
221.80000000000001,2.892120361328125,
221.90000000000001,2.8767852783203125,
222,2.88189697265625,
222.09999999999999,2.892120361328125,
222.19999999999999,2.8997802734375,
222.30000000000001,2.9074478149414062,
222.40000000000001,2.9074478149414062,
222.5,2.910003662109375,
222.59999999999999,2.9125595092773438,
222.69999999999999,2.9176712036132812,
222.80000000000001,2.9253311157226562,
222.90000000000001,2.9176712036132812,
223,3.0096511840820312,
223.09999999999999,3.2932510375976562,
223.19999999999999,3.6228485107421875,
223.30000000000001,3.9141159057617188,
223.40000000000001,4.2130508422851562,
223.5,4.4992141723632812,
223.59999999999999,4.79559326171875,
223.69999999999999,5.0919723510742188,
223.80000000000001,5.4087905883789062,
223.90000000000001,5.7562713623046875,
224,6.019439697265625,
224.09999999999999,6.2110671997070312,
224.19999999999999,6.4026870727539062,
224.30000000000001,6.5278854370117188,
224.40000000000001,6.5636520385742188,
224.5,6.5176620483398438,
224.59999999999999,6.423126220703125,
224.69999999999999,6.3081512451171875,
224.80000000000001,6.185516357421875,
224.90000000000001,6.0705413818359375,
225,5.8840255737304688,
225.09999999999999,5.6234130859375,
225.19999999999999,5.357696533203125,
225.30000000000001,5.1047515869140625,
225.40000000000001,4.8339157104492188,
225.5,4.5196533203125,
225.59999999999999,4.1542892456054688,
225.69999999999999,3.8093643188476562,
225.80000000000001,3.571746826171875,
225.90000000000001,3.4031219482421875,
226,3.2677001953125,
226.09999999999999,3.1706161499023438,
226.19999999999999,3.0709686279296875,
226.30000000000001,2.9713211059570312,
226.40000000000001,2.9151153564453125,
226.5,2.9023361206054688,
226.59999999999999,2.9125595092773438,
226.69999999999999,2.9151153564453125,
226.80000000000001,2.910003662109375,
226.90000000000001,2.910003662109375,
227,2.910003662109375,
227.09999999999999,2.9151153564453125,
227.19999999999999,2.9151153564453125,
227.30000000000001,2.92022705078125,
227.40000000000001,2.9253311157226562,
227.5,2.8997802734375,
227.59999999999999,2.864013671875,
227.69999999999999,2.8486862182617188,
227.80000000000001,2.8512420654296875,
227.90000000000001,2.8665695190429688,
228,2.874237060546875,
228.09999999999999,2.8767852783203125,
228.19999999999999,2.88189697265625,
228.30000000000001,2.8895645141601562,
228.40000000000001,2.892120361328125,
228.5,2.8972320556640625,
228.59999999999999,2.9074478149414062,
228.69999999999999,2.9048919677734375,
228.80000000000001,2.8793411254882812,
228.90000000000001,2.864013671875,
229,2.8665695190429688,
229.09999999999999,2.88189697265625,
229.19999999999999,2.8946762084960938,
229.30000000000001,2.9048919677734375,
229.40000000000001,2.9713211059570312,
229.5,3.1169586181640625,
229.59999999999999,3.3392410278320312,
229.69999999999999,3.6305160522460938,
229.80000000000001,3.9652175903320312,
229.90000000000001,4.2769317626953125,
230,4.565643310546875,6.1099796295166016
230.09999999999999,4.8748016357421875,
230.19999999999999,5.1762924194335938,
230.30000000000001,5.4368972778320312,
230.40000000000001,5.6719589233398438,
230.5,5.8865814208984375,
230.59999999999999,6.0960922241210938,
230.69999999999999,6.3260421752929688,
230.80000000000001,6.5406570434570312,
230.90000000000001,6.6965103149414062,
231,6.8089370727539062,
231.09999999999999,6.9239120483398438,
231.19999999999999,7.0848770141601562,
231.30000000000001,7.2713851928710938,
231.40000000000001,7.4400177001953125,
231.5,7.5907669067382812,
231.59999999999999,7.6827468872070312,
231.69999999999999,7.6776351928710938,
231.80000000000001,7.5703201293945312,
231.90000000000001,7.2228469848632812,
232,6.5866470336914062,
232.09999999999999,5.927459716796875,
232.19999999999999,5.4445648193359375,
232.30000000000001,5.1200790405273438,
232.40000000000001,4.8007049560546875,
232.5,4.4327850341796875,
232.59999999999999,4.0904159545898438,
232.69999999999999,3.794036865234375,
232.80000000000001,3.553863525390625,
232.90000000000001,3.369903564453125,
233,3.2293777465820312,
233.09999999999999,3.0990753173828125,
233.19999999999999,2.9815444946289062,
233.30000000000001,2.9176712036132812,
233.40000000000001,2.88189697265625,
233.5,2.8870086669921875,
233.59999999999999,2.8997802734375,
233.69999999999999,2.8997802734375,
233.80000000000001,2.9125595092773438,
233.90000000000001,2.9074478149414062,
234,2.9176712036132812,
234.09999999999999,2.9304428100585938,
234.19999999999999,2.9304428100585938,
234.30000000000001,2.9074478149414062,
234.40000000000001,2.8486862182617188,
234.5,2.8282470703125,
234.59999999999999,2.8256912231445312,
234.69999999999999,2.835906982421875,
234.80000000000001,2.8435745239257812,
234.90000000000001,2.818023681640625,
235,2.8282470703125,
235.09999999999999,2.8895645141601562,
235.19999999999999,2.9176712036132812,
235.30000000000001,2.9074478149414062,
235.40000000000001,2.9227752685546875,
235.5,2.9176712036132812,
235.59999999999999,2.8844528198242188,
235.69999999999999,2.8563461303710938,
235.80000000000001,2.8486862182617188,
235.90000000000001,2.8589019775390625,
236,2.874237060546875,
236.09999999999999,2.9023361206054688,
236.19999999999999,3.0454177856445312,
236.30000000000001,3.2983627319335938,
236.40000000000001,3.5743026733398438,
236.5,3.8706817626953125,
236.59999999999999,4.1721725463867188,
236.69999999999999,4.4711074829101562,
236.80000000000001,4.7930374145507812,
236.90000000000001,5.1430740356445312,
237,5.49566650390625,
237.09999999999999,5.7946014404296875,
237.19999999999999,6.0245513916015625,
237.30000000000001,6.2442779541015625,
237.40000000000001,6.4665603637695312,
237.5,6.69140625,
237.59999999999999,6.939239501953125,
237.69999999999999,7.15130615234375,
237.80000000000001,7.2918319702148438,
237.90000000000001,7.4425735473632812,
238,7.4527969360351562,
238.09999999999999,7.18707275390625,
238.19999999999999,6.975006103515625,
238.30000000000001,6.8370361328125,
238.40000000000001,6.6888504028320312,
238.5,6.589202880859375,
238.59999999999999,6.3439254760742188,
238.69999999999999,5.8738021850585938,
238.80000000000001,5.1941757202148438,
238.90000000000001,4.565643310546875,
239,4.1875076293945312,
239.09999999999999,3.9320068359375,
239.19999999999999,3.7122726440429688,
239.30000000000001,3.5334243774414062,
239.40000000000001,3.3954544067382812,
239.5,3.313690185546875,
239.59999999999999,3.24981689453125,
239.69999999999999,3.1603927612304688,
239.80000000000001,3.0862960815429688,
239.90000000000001,2.9968719482421875,
240,2.9125595092773438,8.9374380111694336
240.09999999999999,2.8793411254882812,
240.19999999999999,2.8767852783203125,
240.30000000000001,2.8844528198242188,
240.40000000000001,2.8844528198242188,
240.5,2.8844528198242188,
240.59999999999999,2.8895645141601562,
240.69999999999999,2.8997802734375,
240.80000000000001,2.910003662109375,
240.90000000000001,2.9074478149414062,
241,2.9125595092773438,
241.09999999999999,2.9125595092773438,
241.19999999999999,2.874237060546875,
241.30000000000001,2.8435745239257812,
241.40000000000001,2.8410186767578125,
241.5,2.8410186767578125,
241.59999999999999,2.84613037109375,
241.69999999999999,2.8563461303710938,
241.80000000000001,2.853790283203125,
241.90000000000001,2.864013671875,
242,2.874237060546875,
242.09999999999999,2.8767852783203125,
242.19999999999999,2.8767852783203125,
242.30000000000001,2.8972320556640625,
242.40000000000001,2.9253311157226562,
242.5,2.9508819580078125,
242.59999999999999,3.0147552490234375,
242.69999999999999,3.0914077758789062,
242.80000000000001,3.1655044555664062,
242.90000000000001,3.2932510375976562,
243,3.535980224609375,
243.09999999999999,3.9064559936523438,
243.19999999999999,4.3203659057617188,
243.30000000000001,4.7163925170898438,
243.40000000000001,5.135406494140625,
243.5,5.5391006469726562,
243.59999999999999,5.835479736328125,
243.69999999999999,6.0679855346679688,
243.80000000000001,6.3720321655273438,
243.90000000000001,6.8395919799804688,
244,7.3787002563476562,
244.09999999999999,7.7645034790039062,
244.19999999999999,7.9280242919921875,
244.30000000000001,8.0583267211914062,
244.40000000000001,8.2499542236328125,
244.5,8.3138275146484375,
244.59999999999999,8.1758575439453125,
244.69999999999999,7.9126968383789062,
244.80000000000001,7.6418609619140625,
244.90000000000001,7.3940277099609375,
245,7.15130615234375,
245.09999999999999,6.9009170532226562,
245.19999999999999,6.589202880859375,
245.30000000000001,6.3515853881835938,
245.40000000000001,6.1344146728515625,
245.5,5.817596435546875,
245.59999999999999,5.4445648193359375,
245.69999999999999,5.0332107543945312,
245.80000000000001,4.6704025268554688,
245.90000000000001,4.3791275024414062,
246,4.1210708618164062,
246.09999999999999,3.8834609985351562,
246.19999999999999,3.6688385009765625,
246.30000000000001,3.479766845703125,
246.40000000000001,3.3213577270507812,
246.5,3.1987152099609375,
246.59999999999999,3.1195144653320312,
246.69999999999999,3.0454177856445312,
246.80000000000001,2.9483261108398438,
246.90000000000001,2.8691253662109375,
247,2.8384628295898438,
247.09999999999999,2.835906982421875,
247.19999999999999,2.8384628295898438,
247.30000000000001,2.8333511352539062,
247.40000000000001,2.8307952880859375,
247.5,2.8333511352539062,
247.59999999999999,2.835906982421875,
247.69999999999999,2.8384628295898438,
247.80000000000001,2.8435745239257812,
247.90000000000001,2.8486862182617188,
248,2.8282470703125,
248.09999999999999,2.782257080078125,
248.19999999999999,2.7592620849609375,
248.30000000000001,2.7797012329101562,
248.40000000000001,2.8256912231445312,
248.5,2.8435745239257812,
248.59999999999999,2.8435745239257812,
248.69999999999999,2.84613037109375,
248.80000000000001,2.853790283203125,
248.90000000000001,2.8614578247070312,
249,2.8589019775390625,
249.09999999999999,2.8665695190429688,
249.19999999999999,2.8512420654296875,
249.30000000000001,2.818023681640625,
249.40000000000001,2.8026962280273438,
249.5,2.80780029296875,
249.59999999999999,2.8205795288085938,
249.69999999999999,2.8333511352539062,
249.80000000000001,2.835906982421875,
249.90000000000001,2.8384628295898438,
250,2.8384628295898438,8.9641437530517578
250.09999999999999,2.8435745239257812,
250.19999999999999,2.8486862182617188,
250.30000000000001,2.8589019775390625,
250.40000000000001,2.853790283203125,
250.5,2.8231353759765625,
250.59999999999999,2.800140380859375,
250.69999999999999,2.800140380859375,
250.80000000000001,2.8129119873046875,
250.90000000000001,2.8256912231445312,
251,2.8307952880859375,
251.09999999999999,2.835906982421875,
251.19999999999999,2.8384628295898438,
251.30000000000001,2.8435745239257812,
251.40000000000001,2.84613037109375,
251.5,2.8589019775390625,
251.59999999999999,2.9125595092773438,
251.69999999999999,3.1527252197265625,
251.80000000000001,3.61773681640625,
251.90000000000001,4.1261825561523438,
252,4.5400924682617188,
252.09999999999999,4.9207916259765625,
252.19999999999999,5.3449172973632812,
252.30000000000001,5.7460556030273438,
252.40000000000001,6.1063079833984375,
252.5,6.4410171508789062,
252.59999999999999,6.7016220092773438,
252.69999999999999,6.9111328125,
252.80000000000001,7.1640777587890625,
252.90000000000001,7.44512939453125,
253,7.710845947265625,
253.09999999999999,7.933135986328125,
253.19999999999999,7.9918975830078125,
253.30000000000001,7.8692550659179688,
253.40000000000001,7.7159576416015625,
253.5,7.4987869262695312,
253.59999999999999,7.250946044921875,
253.69999999999999,7.0746536254882812,
253.80000000000001,6.939239501953125,
253.90000000000001,6.7961578369140625,
254,6.6556320190429688,
254.09999999999999,6.4665603637695312,
254.19999999999999,6.2161712646484375,
254.30000000000001,5.9581222534179688,
254.40000000000001,5.633636474609375,
254.5,5.2171707153320312,
254.59999999999999,4.8109207153320312,
254.69999999999999,4.4685516357421875,
254.80000000000001,4.1926116943359375,
254.90000000000001,3.9575576782226562,
255,3.7173843383789062,
255.09999999999999,3.4772109985351562,
255.19999999999999,3.2830352783203125,
255.30000000000001,3.1425094604492188,
255.40000000000001,3.0479736328125,
255.5,2.9815444946289062,
255.59999999999999,2.9227752685546875,
255.69999999999999,2.8435745239257812,
255.80000000000001,2.7771453857421875,
255.90000000000001,2.754150390625,
256,2.754150390625,
256.10000000000002,2.7567062377929688,
256.19999999999999,2.7567062377929688,
256.30000000000001,2.7567062377929688,
256.39999999999998,2.7567062377929688,
256.5,2.761810302734375,
256.60000000000002,2.7694778442382812,
256.69999999999999,2.7745895385742188,
256.80000000000001,2.77203369140625,
256.89999999999998,2.7388153076171875,
257,2.7004928588867188,
257.10000000000002,2.69793701171875,
257.19999999999999,2.7183761596679688,
257.30000000000001,2.7183761596679688,
257.39999999999998,2.7158203125,
257.5,2.7515945434570312,
257.60000000000002,2.7797012329101562,
257.69999999999999,2.7899169921875,
257.80000000000001,2.7924728393554688,
257.89999999999998,2.8103561401367188,
258,2.8256912231445312,
258.10000000000002,2.726043701171875,
258.19999999999999,2.651947021484375,
258.30000000000001,2.7004928588867188,
258.39999999999998,2.7311553955078125,
258.5,2.761810302734375,
258.60000000000002,2.7873611450195312,
258.69999999999999,2.7924728393554688,
258.80000000000001,2.818023681640625,
258.89999999999998,2.8333511352539062,
259,2.8384628295898438,
259.10000000000002,2.853790283203125,
259.19999999999999,2.8486862182617188,
259.30000000000001,2.8231353759765625,
259.39999999999998,2.7899169921875,
259.5,2.7745895385742188,
259.60000000000002,2.77203369140625,
259.69999999999999,2.761810302734375,
259.80000000000001,2.7694778442382812,
259.89999999999998,2.7873611450195312,
260,2.7924728393554688,8.3643121719360352
260.10000000000002,2.7950286865234375,
260.19999999999999,2.80780029296875,
260.30000000000001,2.8129119873046875,
260.39999999999998,2.7950286865234375,
260.5,2.7771453857421875,
260.60000000000002,2.7771453857421875,
260.69999999999999,2.7848052978515625,
260.80000000000001,2.7924728393554688,
260.89999999999998,2.800140380859375,
261,2.8052520751953125,
261.10000000000002,2.8103561401367188,
261.19999999999999,2.8154678344726562,
261.30000000000001,2.8205795288085938,
261.39999999999998,2.8307952880859375,
261.5,2.8256912231445312,
261.60000000000002,2.800140380859375,
261.69999999999999,2.7848052978515625,
261.80000000000001,2.782257080078125,
261.89999999999998,2.7924728393554688,
262,2.800140380859375,
262.10000000000002,2.8052520751953125,
262.19999999999999,2.8052520751953125,
262.30000000000001,2.80780029296875,
262.39999999999998,2.8154678344726562,
262.5,2.8256912231445312,
262.60000000000002,2.835906982421875,
262.69999999999999,2.818023681640625,
262.80000000000001,2.7873611450195312,
262.89999999999998,2.7771453857421875,
263,2.782257080078125,
263.10000000000002,2.7924728393554688,
263.19999999999999,2.800140380859375,
263.30000000000001,2.8052520751953125,
263.39999999999998,2.80780029296875,
263.5,2.8129119873046875,
263.60000000000002,2.818023681640625,
263.69999999999999,2.8256912231445312,
263.80000000000001,2.8231353759765625,
263.89999999999998,2.7975845336914062,
264,2.7797012329101562,
264.10000000000002,2.7873611450195312,
264.19999999999999,2.8256912231445312,
264.30000000000001,2.9023361206054688,
264.39999999999998,3.03009033203125,
264.5,3.1987152099609375,
264.60000000000002,3.3826751708984375,
264.69999999999999,3.5691909790039062,
264.80000000000001,3.7633743286132812,
264.89999999999998,3.9294509887695312,
265,4.05975341796875,
265.10000000000002,4.2207183837890625,
265.19999999999999,4.4532241821289062,
265.30000000000001,4.7010574340820312,
265.39999999999998,4.8824615478515625,
265.5,5.0306549072265625,
265.60000000000002,5.191619873046875,
265.69999999999999,5.375579833984375,
265.80000000000001,5.6080856323242188,
265.89999999999998,5.82525634765625,
266,5.9913330078125,
266.10000000000002,6.1139755249023438,
266.19999999999999,6.1957321166992188,
266.30000000000001,6.2545013427734375,
266.39999999999998,6.4359054565429688,
266.5,6.7425003051757812,
266.60000000000002,6.96734619140625,
266.69999999999999,7.1743011474609375,
266.80000000000001,7.3914718627929688,
266.89999999999998,7.5141143798828125,
267,7.5882110595703125,
267.10000000000002,7.5166702270507812,
267.19999999999999,7.33526611328125,
267.30000000000001,7.1666336059570312,
267.39999999999998,6.9545669555664062,
267.5,6.7118453979492188,
267.60000000000002,6.4844512939453125,
267.69999999999999,6.2928237915039062,
267.80000000000001,6.1318588256835938,
267.89999999999998,5.9811172485351562,
268,5.8124847412109375,
268.10000000000002,5.587646484375,
268.19999999999999,5.301483154296875,
268.30000000000001,5.0332107543945312,
268.39999999999998,4.8083724975585938,
268.5,4.5860824584960938,
268.60000000000002,4.3433609008789062,
268.69999999999999,4.1006317138671875,
268.80000000000001,3.8732376098632812,
268.89999999999998,3.645843505859375,
269,3.4286651611328125,
269.10000000000002,3.2549285888671875,
269.19999999999999,3.13995361328125,
269.30000000000001,3.0709686279296875,
269.39999999999998,2.9866561889648438,
269.5,2.8767852783203125,
269.60000000000002,2.8052520751953125,
269.69999999999999,2.7745895385742188,
269.80000000000001,2.7669219970703125,
269.89999999999998,2.761810302734375,
270,2.754150390625,5.3333334922790527
270.10000000000002,2.7490386962890625,
270.19999999999999,2.7490386962890625,
270.30000000000001,2.7464828491210938,
270.39999999999998,2.7209320068359375,
270.5,2.7056045532226562,
270.60000000000002,2.7285995483398438,
270.69999999999999,2.7285995483398438,
270.80000000000001,2.690277099609375,
270.89999999999998,2.669830322265625,
271,2.6800537109375,
271.10000000000002,2.7030487060546875,
271.19999999999999,2.7209320068359375,
271.30000000000001,2.7413711547851562,
271.39999999999998,2.7515945434570312,
271.5,2.754150390625,
271.60000000000002,2.7669219970703125,
271.69999999999999,2.7745895385742188,
271.80000000000001,2.782257080078125,
271.89999999999998,2.7848052978515625,
272,2.761810302734375,
272.10000000000002,2.73626708984375,
272.19999999999999,2.7311553955078125,
272.30000000000001,2.73626708984375,
272.39999999999998,2.743927001953125,
272.5,2.7464828491210938,
272.60000000000002,2.7490386962890625,
272.69999999999999,2.7515945434570312,
272.80000000000001,2.7567062377929688,
272.89999999999998,2.761810302734375,
273,2.7669219970703125,
273.10000000000002,2.7771453857421875,
273.19999999999999,2.761810302734375,
273.30000000000001,2.7337112426757812,
273.39999999999998,2.7183761596679688,
273.5,2.7158203125,
273.60000000000002,2.7311553955078125,
273.69999999999999,2.7413711547851562,
273.80000000000001,2.7490386962890625,
273.89999999999998,2.761810302734375,
274,2.7797012329101562,
274.10000000000002,2.7950286865234375,
274.19999999999999,2.818023681640625,
274.30000000000001,2.9048919677734375,
274.39999999999998,3.0454177856445312,
274.5,3.221710205078125,
274.60000000000002,3.4746627807617188,
274.69999999999999,3.7761459350585938,
274.80000000000001,4.0393142700195312,
274.89999999999998,4.2590408325195312,
275,4.473663330078125,
275.10000000000002,4.6882858276367188,
275.19999999999999,4.90545654296875,
275.30000000000001,5.1226348876953125,
275.39999999999998,5.319366455078125,
275.5,5.45733642578125,
275.60000000000002,5.54931640625,
275.69999999999999,5.6591873168945312,
275.80000000000001,5.78948974609375,
275.89999999999998,5.9019088745117188,
276,6.001556396484375,
276.10000000000002,6.1395263671875,
276.19999999999999,6.2161712646484375,
276.30000000000001,6.2545013427734375,
276.39999999999998,6.3362579345703125,
276.5,6.4129104614257812,
276.60000000000002,6.369476318359375,
276.69999999999999,6.277496337890625,
276.80000000000001,6.23150634765625,
276.89999999999998,6.1982879638671875,
277,6.1267471313476562,
277.10000000000002,6.0117721557617188,
277.19999999999999,5.86358642578125,
277.30000000000001,5.6923980712890625,
277.39999999999998,5.5161056518554688,
277.5,5.2861557006835938,
277.60000000000002,4.9642257690429688,
277.69999999999999,4.6167449951171875,
277.80000000000001,4.2973709106445312,
277.89999999999998,4.0342025756835938,
278,3.7965927124023438,
278.10000000000002,3.5691909790039062,
278.19999999999999,3.369903564453125,
278.30000000000001,3.1987152099609375,
278.39999999999998,3.076080322265625,
278.5,3.001983642578125,
278.60000000000002,2.9483261108398438,
278.69999999999999,2.8589019775390625,
278.80000000000001,2.7643661499023438,
278.89999999999998,2.7183761596679688,
279,2.7030487060546875,
279.10000000000002,2.7056045532226562,
279.19999999999999,2.6953811645507812,
279.30000000000001,2.6877212524414062,
279.39999999999998,2.690277099609375,
279.5,2.69793701171875,
279.60000000000002,2.7030487060546875,
279.69999999999999,2.7132720947265625,
279.80000000000001,2.7337112426757812,
279.89999999999998,2.7158203125,
280,2.6851654052734375,5.1457977294921875
280.10000000000002,2.6800537109375,
280.19999999999999,2.6928253173828125,
280.30000000000001,2.7056045532226562,
280.39999999999998,2.7158203125,
280.5,2.7183761596679688,
280.60000000000002,2.7183761596679688,
280.69999999999999,2.7234878540039062,
280.80000000000001,2.7285995483398438,
280.89999999999998,2.73626708984375,
281,2.743927001953125,
281.10000000000002,2.7209320068359375,
281.19999999999999,2.690277099609375,
281.30000000000001,2.6851654052734375,
281.39999999999998,2.6953811645507812,
281.5,2.7056045532226562,
281.60000000000002,2.7158203125,
281.69999999999999,2.7183761596679688,
281.80000000000001,2.7209320068359375,
281.89999999999998,2.7285995483398438,
282,2.7388153076171875,
282.10000000000002,2.7490386962890625,
282.19999999999999,2.754150390625,
282.30000000000001,2.7413711547851562,
282.39999999999998,2.7311553955078125,
282.5,2.7567062377929688,
282.60000000000002,2.8129119873046875,
282.69999999999999,2.9074478149414062,
282.80000000000001,3.0479736328125,
282.89999999999998,3.2166061401367188,
283,3.4133377075195312,
283.10000000000002,3.6611709594726562,
283.19999999999999,3.9320068359375,
283.30000000000001,4.1849517822265625,
283.39999999999998,4.3970108032226562,
283.5,4.5630874633789062,
283.60000000000002,4.7291641235351562,
283.69999999999999,4.9207916259765625,
283.80000000000001,5.1124114990234375,
283.89999999999998,5.2938156127929688,
284,5.4598922729492188,
284.10000000000002,5.6183013916015625,
284.19999999999999,5.7869338989257812,
284.30000000000001,5.9606704711914062,
284.39999999999998,6.1037521362304688,
284.5,6.1497421264648438,
284.60000000000002,6.1420822143554688,
284.69999999999999,6.1522979736328125,
284.80000000000001,6.1497421264648438,
284.89999999999998,6.1063079833984375,
285,6.055206298828125,
285.10000000000002,6.0449905395507812,
285.19999999999999,6.0705413818359375,
285.30000000000001,6.0858688354492188,
285.39999999999998,6.0884246826171875,
285.5,6.0449905395507812,
285.60000000000002,5.89935302734375,
285.69999999999999,5.7128372192382812,
285.80000000000001,5.5442123413085938,
285.89999999999998,5.3679122924804688,
286,5.1865081787109375,
286.10000000000002,5.007659912109375,
286.19999999999999,4.8007049560546875,
286.30000000000001,4.5681991577148438,
286.39999999999998,4.335693359375,
286.5,4.1082992553710938,
286.60000000000002,3.8553543090820312,
286.69999999999999,3.5640869140625,
286.80000000000001,3.313690185546875,
286.89999999999998,3.1450653076171875,
287,3.0428619384765625,
287.10000000000002,2.9764328002929688,
287.19999999999999,2.9304428100585938,
287.30000000000001,2.8946762084960938,
287.39999999999998,2.8589019775390625,
287.5,2.8333511352539062,
287.60000000000002,2.8205795288085938,
287.69999999999999,2.80780029296875,
287.80000000000001,2.7873611450195312,
287.89999999999998,2.73626708984375,
288,2.6826095581054688,
288.10000000000002,2.6647262573242188,
288.19999999999999,2.6723861694335938,
288.30000000000001,2.6877212524414062,
288.39999999999998,2.6928253173828125,
288.5,2.69793701171875,
288.60000000000002,2.7004928588867188,
288.69999999999999,2.708160400390625,
288.80000000000001,2.7158203125,
288.89999999999998,2.7234878540039062,
289,2.7311553955078125,
289.10000000000002,2.7158203125,
289.19999999999999,2.690277099609375,
289.30000000000001,2.6800537109375,
289.39999999999998,2.6877212524414062,
289.5,2.7030487060546875,
289.60000000000002,2.7107162475585938,
289.69999999999999,2.7132720947265625,
289.80000000000001,2.7183761596679688,
289.89999999999998,2.7209320068359375,
290,2.7285995483398438,6.7720093727111816
290.10000000000002,2.7337112426757812,
290.19999999999999,2.7413711547851562,
290.30000000000001,2.726043701171875,
290.39999999999998,2.69793701171875,
290.5,2.6826095581054688,
290.60000000000002,2.690277099609375,
290.69999999999999,2.7056045532226562,
290.80000000000001,2.7183761596679688,
290.89999999999998,2.7311553955078125,
291,2.7490386962890625,
291.10000000000002,2.7848052978515625,
291.19999999999999,2.8307952880859375,
291.30000000000001,2.8691253662109375,
291.39999999999998,2.8793411254882812,
291.5,2.84613037109375,
291.60000000000002,2.7899169921875,
291.69999999999999,2.7567062377929688,
291.80000000000001,2.7464828491210938,
291.89999999999998,2.7490386962890625,
292,2.7515945434570312,
292.10000000000002,2.7592620849609375,
292.19999999999999,2.77203369140625,
292.30000000000001,2.77203369140625,
292.39999999999998,2.7694778442382812,
292.5,2.7694778442382812,
292.60000000000002,2.7643661499023438,
292.69999999999999,2.743927001953125,
292.80000000000001,2.7490386962890625,
292.89999999999998,2.835906982421875,
293,3.0147552490234375,
293.10000000000002,3.2728118896484375,
293.19999999999999,3.5564193725585938,
293.30000000000001,3.84002685546875,
293.39999999999998,4.1006317138671875,
293.5,4.3229217529296875,
293.60000000000002,4.61163330078125,
293.69999999999999,4.9182357788085938,
293.80000000000001,5.1405181884765625,
293.89999999999998,5.3449172973632812,
294,5.4879989624023438,
294.10000000000002,5.3730239868164062,
294.19999999999999,5.0689773559570312,
294.30000000000001,4.805816650390625,
294.39999999999998,4.547760009765625,
294.5,4.2590408325195312,
294.60000000000002,4.02398681640625,
294.69999999999999,3.794036865234375,
294.80000000000001,3.5334243774414062,
294.89999999999998,3.3162460327148438,
295,3.1527252197265625,
295.10000000000002,3.03009033203125,
295.19999999999999,2.945770263671875,
295.30000000000001,2.864013671875,
295.39999999999998,2.7899169921875,
295.5,2.7592620849609375,
295.60000000000002,2.7388153076171875,
295.69999999999999,2.7107162475585938,
295.80000000000001,2.708160400390625,
295.89999999999998,2.6877212524414062,
296,2.6366195678710938,
296.10000000000002,2.6136245727539062,
296.19999999999999,2.6110687255859375,
296.30000000000001,2.6366195678710938,
296.39999999999998,2.669830322265625,
296.5,2.690277099609375,
296.60000000000002,2.7132720947265625,
296.69999999999999,2.7285995483398438,
296.80000000000001,2.73626708984375,
296.89999999999998,2.754150390625,
297,2.754150390625,
297.10000000000002,2.7285995483398438,
297.19999999999999,2.7158203125,
297.30000000000001,2.7158203125,
297.39999999999998,2.7234878540039062,
297.5,2.7490386962890625,
297.60000000000002,2.7694778442382812,
297.69999999999999,2.7745895385742188,
297.80000000000001,2.7950286865234375,
297.89999999999998,2.8154678344726562,
298,2.8307952880859375,
298.10000000000002,2.8716812133789062,
298.19999999999999,2.973876953125,
298.30000000000001,3.341796875,
298.39999999999998,3.9268951416015625,
298.5,4.455780029296875,
298.60000000000002,4.9667816162109375,
298.69999999999999,5.4522323608398438,
298.80000000000001,5.8303680419921875,
298.89999999999998,6.1420822143554688,
299,6.4103546142578125,
299.10000000000002,6.6684112548828125,
299.19999999999999,6.8498153686523438,
299.30000000000001,6.865142822265625,
299.39999999999998,6.6939620971679688,
299.5,6.387359619140625,
299.60000000000002,6.019439697265625,
299.69999999999999,5.6489639282226562,
299.80000000000001,5.3449172973632812,
299.89999999999998,5.1021957397460938,
300,4.8722457885742188,7.9155669212341309
300.10000000000002,4.5784225463867188,
300.19999999999999,4.1823959350585938,
300.30000000000001,3.7863693237304688,
300.39999999999998,3.4976577758789062,
300.5,3.3162460327148438,
300.60000000000002,3.185943603515625,
300.69999999999999,3.0811920166015625,
300.80000000000001,2.9968719482421875,
300.89999999999998,2.9381103515625,
301,2.8972320556640625,
301.10000000000002,2.8716812133789062,
301.19999999999999,2.8589019775390625,
301.30000000000001,2.8435745239257812,
301.39999999999998,2.800140380859375,
301.5,2.754150390625,
301.60000000000002,2.743927001953125,
301.69999999999999,2.754150390625,
301.80000000000001,2.7669219970703125,
301.89999999999998,2.7745895385742188,
302,2.7797012329101562,
302.10000000000002,2.7873611450195312,
302.19999999999999,2.7899169921875,
302.30000000000001,2.7924728393554688,
302.39999999999998,2.7950286865234375,
302.5,2.8052520751953125,
302.60000000000002,2.7950286865234375,
302.69999999999999,2.754150390625,
302.80000000000001,2.7234878540039062,
302.89999999999998,2.7337112426757812,
303,2.7515945434570312,
303.10000000000002,2.761810302734375,
303.19999999999999,2.7694778442382812,
303.30000000000001,2.7643661499023438,
303.39999999999998,2.7669219970703125,
303.5,2.7745895385742188,
303.60000000000002,2.7745895385742188,
303.69999999999999,2.782257080078125,
303.80000000000001,2.7797012329101562,
303.89999999999998,2.754150390625,
304,2.7285995483398438,
304.10000000000002,2.7234878540039062,
304.19999999999999,2.73626708984375,
304.30000000000001,2.7490386962890625,
304.39999999999998,2.7567062377929688,
304.5,2.7592620849609375,
304.60000000000002,2.7643661499023438,
304.69999999999999,2.7694778442382812,
304.80000000000001,2.77203369140625,
304.89999999999998,2.7797012329101562,
305,2.77203369140625,
305.10000000000002,2.7413711547851562,
305.19999999999999,2.7234878540039062,
305.30000000000001,2.726043701171875,
305.39999999999998,2.7388153076171875,
305.5,2.754150390625,
305.60000000000002,2.7643661499023438,
305.69999999999999,2.77203369140625,
305.80000000000001,2.7873611450195312,
305.89999999999998,2.8052520751953125,
306,2.8256912231445312,
306.10000000000002,2.8410186767578125,
306.19999999999999,2.8256912231445312,
306.30000000000001,2.818023681640625,
306.39999999999998,2.99176025390625,
306.5,3.369903564453125,
306.60000000000002,3.7787017822265625,
306.69999999999999,4.1747283935546875,
306.80000000000001,4.59375,
306.89999999999998,5.0051040649414062,
307,5.393463134765625,
307.10000000000002,5.78948974609375,
307.19999999999999,6.129302978515625,
307.30000000000001,6.3260421752929688,
307.39999999999998,6.423126220703125,
307.5,6.4767837524414062,
307.60000000000002,6.4359054565429688,
307.69999999999999,6.331146240234375,
307.80000000000001,6.313262939453125,
307.89999999999998,6.3515853881835938,
308,6.3796920776367188,
308.10000000000002,6.423126220703125,
308.19999999999999,6.3822479248046875,
308.30000000000001,6.1982879638671875,
308.39999999999998,5.9862213134765625,
308.5,5.7971572875976562,
308.60000000000002,5.6106414794921875,
308.69999999999999,5.4445648193359375,
308.80000000000001,5.3040390014648438,
308.89999999999998,5.1430740356445312,
309,4.94378662109375,
309.10000000000002,4.7547149658203125,
309.19999999999999,4.5554275512695312,
309.30000000000001,4.2973709106445312,
309.39999999999998,4.0546417236328125,
309.5,3.847686767578125,
309.60000000000002,3.6535110473632812,
309.69999999999999,3.47210693359375,
309.80000000000001,3.28814697265625,
309.89999999999998,3.1271820068359375,
310,3.0147552490234375,7.9155669212341309
310.10000000000002,2.927886962890625,
310.19999999999999,2.8716812133789062,
310.30000000000001,2.8512420654296875,
310.39999999999998,2.818023681640625,
310.5,2.7567062377929688,
310.60000000000002,2.7107162475585938,
310.69999999999999,2.69793701171875,
310.80000000000001,2.7030487060546875,
310.89999999999998,2.708160400390625,
311,2.708160400390625,
311.10000000000002,2.7107162475585938,
311.19999999999999,2.7158203125,
311.30000000000001,2.7234878540039062,
311.39999999999998,2.73626708984375,
311.5,2.7567062377929688,
311.60000000000002,2.782257080078125,
311.69999999999999,2.8129119873046875,
311.80000000000001,2.8895645141601562,
311.89999999999998,3.0607452392578125,
312,3.2932510375976562,
312.10000000000002,3.5461959838867188,
312.19999999999999,3.8042526245117188,
312.30000000000001,4.0571975708007812,
312.39999999999998,4.2871475219726562,
312.5,4.491546630859375,
312.60000000000002,4.7061691284179688,
312.69999999999999,4.9361190795898438,
312.80000000000001,5.1226348876953125,
312.89999999999998,5.2606048583984375,
313,5.4190139770507812,
313.10000000000002,5.5825347900390625,
313.19999999999999,5.7383880615234375,
313.30000000000001,5.8763580322265625,
313.39999999999998,5.9325714111328125,
313.5,5.909576416015625,
313.60000000000002,5.8482513427734375,
313.69999999999999,5.7460556030273438,
313.80000000000001,5.6208572387695312,
313.89999999999998,5.4368972778320312,
314,5.1558456420898438,
314.10000000000002,4.8824615478515625,
314.19999999999999,4.6933975219726562,
314.30000000000001,4.5630874633789062,
314.39999999999998,4.4506683349609375,
314.5,4.3331375122070312,
314.60000000000002,4.2181625366210938,
314.69999999999999,4.1108551025390625,
314.80000000000001,3.9984359741210938,
314.89999999999998,3.85791015625,
315,3.6790618896484375,
315.10000000000002,3.479766845703125,
315.19999999999999,3.2753677368164062,
315.30000000000001,3.111846923828125,
315.39999999999998,3.0070953369140625,
315.5,2.9381103515625,
315.60000000000002,2.8665695190429688,
315.69999999999999,2.7745895385742188,
315.80000000000001,2.7209320068359375,
315.89999999999998,2.7132720947265625,
316,2.708160400390625,
316.10000000000002,2.7004928588867188,
316.19999999999999,2.708160400390625,
316.30000000000001,2.7413711547851562,
316.39999999999998,2.743927001953125,
316.5,2.7158203125,
316.60000000000002,2.7107162475585938,
316.69999999999999,2.7285995483398438,
316.80000000000001,2.7490386962890625,
316.89999999999998,2.761810302734375,
317,2.77203369140625,
317.10000000000002,2.7924728393554688,
317.19999999999999,2.7975845336914062,
317.30000000000001,2.7899169921875,
317.39999999999998,2.7924728393554688,
317.5,2.7950286865234375,
317.60000000000002,2.7745895385742188,
317.69999999999999,2.7464828491210938,
317.80000000000001,2.7311553955078125,
317.89999999999998,2.7413711547851562,
318,2.7567062377929688,
318.10000000000002,2.7592620849609375,
318.19999999999999,2.761810302734375,
318.30000000000001,2.7669219970703125,
318.39999999999998,2.77203369140625,
318.5,2.782257080078125,
318.60000000000002,2.8410186767578125,
318.69999999999999,3.0709686279296875,
318.80000000000001,3.5027618408203125,
318.89999999999998,3.8834609985351562,
319,4.1721725463867188,
319.10000000000002,4.565643310546875,
319.19999999999999,5.0127716064453125,
319.30000000000001,5.45733642578125,
319.39999999999998,5.909576416015625,
319.5,6.2519454956054688,
319.60000000000002,6.3618087768554688,
319.69999999999999,6.6121978759765625,
319.80000000000001,7.2535018920898438,
319.89999999999998,7.9382400512695312,
320,8.354705810546875,9.2449922561645508
320.10000000000002,8.6025466918945312,
320.19999999999999,8.8171615600585938,
320.30000000000001,8.8171615600585938,
320.39999999999998,8.6766357421875,
320.5,8.5718841552734375,
320.60000000000002,8.4160308837890625,
320.69999999999999,8.0889892578125,
320.80000000000001,7.6444168090820312,
320.89999999999998,7.3454818725585938,
321,7.1768569946289062,
321.10000000000002,6.9775619506835938,
321.19999999999999,6.80126953125,
321.30000000000001,6.6403045654296875,
321.39999999999998,6.4410171508789062,
321.5,6.0526504516601562,
321.60000000000002,5.5569839477539062,
321.69999999999999,5.1379623413085938,
321.80000000000001,4.7291641235351562,
321.89999999999998,4.345916748046875,
322,4.02398681640625,
322.10000000000002,3.8170318603515625,
322.19999999999999,3.6739501953125,
322.30000000000001,3.5129852294921875,
322.39999999999998,3.405670166015625,
322.5,3.2651519775390625,
322.60000000000002,3.1195144653320312,
322.69999999999999,3.0352020263671875,
322.80000000000001,2.984100341796875,
322.89999999999998,2.9713211059570312,
323,2.9432220458984375,
323.10000000000002,2.9227752685546875,
323.19999999999999,2.9483261108398438,
323.30000000000001,2.9508819580078125,
323.39999999999998,2.9381103515625,
323.5,2.945770263671875,
323.60000000000002,2.910003662109375,
323.69999999999999,2.8486862182617188,
323.80000000000001,2.80780029296875,
323.89999999999998,2.80780029296875,
324,2.8307952880859375,
324.10000000000002,2.8435745239257812,
324.19999999999999,2.8435745239257812,
324.30000000000001,2.8384628295898438,
324.39999999999998,2.8384628295898438,
324.5,2.8410186767578125,
324.60000000000002,2.8384628295898438,
324.69999999999999,2.8333511352539062,
324.80000000000001,2.8026962280273438,
324.89999999999998,2.7669219970703125,
325,2.77203369140625,
325.10000000000002,2.7975845336914062,
325.19999999999999,2.8154678344726562,
325.30000000000001,2.8205795288085938,
325.39999999999998,2.8231353759765625,
325.5,2.818023681640625,
325.60000000000002,2.8205795288085938,
325.69999999999999,2.818023681640625,
325.80000000000001,2.7950286865234375,
325.89999999999998,2.7771453857421875,
326,2.7745895385742188,
326.10000000000002,2.7873611450195312,
326.19999999999999,2.8026962280273438,
326.30000000000001,2.80780029296875,
326.39999999999998,2.8154678344726562,
326.5,2.8256912231445312,
326.60000000000002,2.8333511352539062,
326.69999999999999,2.8435745239257812,
326.80000000000001,2.835906982421875,
326.89999999999998,2.80780029296875,
327,2.7950286865234375,
327.10000000000002,2.800140380859375,
327.19999999999999,2.8256912231445312,
327.30000000000001,2.8614578247070312,
327.39999999999998,2.88189697265625,
327.5,2.9048919677734375,
327.60000000000002,2.9304428100585938,
327.69999999999999,2.9534378051757812,
327.80000000000001,2.9764328002929688,
327.89999999999998,2.9994277954101562,
328,2.984100341796875,
328.10000000000002,2.95599365234375,
328.19999999999999,2.945770263671875,
328.30000000000001,2.945770263671875,
328.39999999999998,2.9432220458984375,
328.5,2.9023361206054688,
328.60000000000002,2.9406661987304688,
328.69999999999999,3.0428619384765625,
328.80000000000001,3.0530853271484375,
328.89999999999998,3.0735244750976562,
329,3.1092910766601562,
329.10000000000002,3.0709686279296875,
329.19999999999999,3.0147552490234375,
329.30000000000001,2.9687652587890625,
329.39999999999998,2.9253311157226562,
329.5,2.9048919677734375,
329.60000000000002,2.9048919677734375,
329.69999999999999,2.88189697265625,
329.80000000000001,2.892120361328125,
329.89999999999998,2.9176712036132812,
330,2.9381103515625,9.4191522598266602
330.10000000000002,2.9585494995117188,
330.19999999999999,2.9406661987304688,
330.30000000000001,2.8972320556640625,
330.39999999999998,2.8691253662109375,
330.5,2.8589019775390625,
330.60000000000002,2.8563461303710938,
330.69999999999999,2.8512420654296875,
330.80000000000001,2.8384628295898438,
330.89999999999998,2.8384628295898438,
331,2.8563461303710938,
331.10000000000002,2.8972320556640625,
331.19999999999999,2.9432220458984375,
331.30000000000001,2.9687652587890625,
331.39999999999998,2.9355545043945312,
331.5,2.8972320556640625,
331.60000000000002,2.8895645141601562,
331.69999999999999,2.864013671875,
331.80000000000001,2.818023681640625,
331.89999999999998,2.7694778442382812,
332,2.7337112426757812,
332.10000000000002,2.7337112426757812,
332.19999999999999,2.8052520751953125,
332.30000000000001,2.9048919677734375,
332.39999999999998,2.9304428100585938,
332.5,2.874237060546875,
332.60000000000002,2.8563461303710938,
332.69999999999999,2.8946762084960938,
332.80000000000001,2.9227752685546875,
332.89999999999998,2.95599365234375,
333,2.973876953125,
333.10000000000002,2.973876953125,
333.19999999999999,2.9866561889648438,
333.30000000000001,3.0045394897460938,
333.39999999999998,3.001983642578125,
333.5,2.9892120361328125,
333.60000000000002,2.9611053466796875,
333.69999999999999,2.9304428100585938,
333.80000000000001,2.9227752685546875,
333.89999999999998,2.9253311157226562,
334,2.9355545043945312,
334.10000000000002,2.9508819580078125,
334.19999999999999,2.966217041015625,
334.30000000000001,2.9815444946289062,
334.39999999999998,3.0173110961914062,
334.5,3.0709686279296875,
334.60000000000002,3.129730224609375,
334.69999999999999,3.203826904296875,
334.80000000000001,3.2370452880859375,
334.89999999999998,3.2089385986328125,
335,3.1578369140625,
335.10000000000002,3.1195144653320312,
335.19999999999999,3.10418701171875,
335.30000000000001,3.0914077758789062,
335.39999999999998,3.1195144653320312,
335.5,3.479766845703125,
335.60000000000002,4.05975341796875,
335.69999999999999,4.4762191772460938,
335.80000000000001,4.8748016357421875,
335.89999999999998,5.2759323120117188,
336,5.559539794921875,
336.10000000000002,5.7460556030273438,
336.19999999999999,5.89935302734375,
336.30000000000001,5.9657821655273438,
336.39999999999998,5.9121322631835938,
336.5,5.9044647216796875,
336.60000000000002,5.9657821655273438,
336.69999999999999,6.001556396484375,
336.80000000000001,6.0296554565429688,
336.89999999999998,6.1446304321289062,
337,6.1778488159179688,
337.10000000000002,5.97344970703125,
337.19999999999999,5.761383056640625,
337.30000000000001,5.60552978515625,
337.39999999999998,5.4522323608398438,
337.5,5.3040390014648438,
337.60000000000002,5.1558456420898438,
337.69999999999999,5.0280990600585938,
337.80000000000001,4.8543624877929688,
337.89999999999998,4.5324325561523438,
338,4.1312942504882812,
338.10000000000002,3.7761459350585938,
338.19999999999999,3.5002059936523438,
338.30000000000001,3.3060302734375,
338.39999999999998,3.1987152099609375,
338.5,3.2191619873046875,
338.60000000000002,3.260040283203125,
338.69999999999999,3.2242660522460938,
338.80000000000001,3.1629486083984375,
338.89999999999998,3.0965194702148438,
339,3.0249786376953125,
339.10000000000002,2.9764328002929688,
339.19999999999999,2.966217041015625,
339.30000000000001,2.9483261108398438,
339.39999999999998,2.910003662109375,
339.5,2.8972320556640625,
339.60000000000002,2.945770263671875,
339.69999999999999,3.0607452392578125,
339.80000000000001,3.17572021484375,
339.89999999999998,3.1987152099609375,
340,3.1655044555664062,5.0977063179016113
340.10000000000002,3.1655044555664062,
340.19999999999999,3.1782760620117188,
340.30000000000001,3.2063827514648438,
340.39999999999998,3.203826904296875,
340.5,3.185943603515625,
340.60000000000002,3.185943603515625,
340.69999999999999,3.1169586181640625,
340.80000000000001,3.0556411743164062,
340.89999999999998,3.0275344848632812,
341,3.0147552490234375,
341.10000000000002,3.0249786376953125,
341.19999999999999,3.037750244140625,
341.30000000000001,3.0530853271484375,
341.39999999999998,3.0684127807617188,
341.5,3.0990753173828125,
341.60000000000002,3.1220703125,
341.69999999999999,3.1246261596679688,
341.80000000000001,3.1348419189453125,
341.89999999999998,3.1373977661132812,
342,3.111846923828125,
342.10000000000002,3.0786361694335938,
342.19999999999999,3.0786361694335938,
342.30000000000001,3.0965194702148438,
342.39999999999998,3.0914077758789062,
342.5,3.0990753173828125,
342.60000000000002,3.1067352294921875,
342.69999999999999,3.1016311645507812,
342.80000000000001,3.10418701171875,
342.89999999999998,3.111846923828125,
343,3.1220703125,
343.10000000000002,3.1373977661132812,
343.19999999999999,3.1450653076171875,
343.30000000000001,3.1195144653320312,
343.39999999999998,3.0990753173828125,
343.5,3.0990753173828125,
343.60000000000002,3.1271820068359375,
343.69999999999999,3.1910552978515625,
343.80000000000001,3.2012710571289062,
343.89999999999998,3.168060302734375,
344,3.17572021484375,
344.10000000000002,3.1936111450195312,
344.19999999999999,3.1910552978515625,
344.30000000000001,3.185943603515625,
344.39999999999998,3.2012710571289062,
344.5,3.2293777465820312,
344.60000000000002,3.2677001953125,
344.69999999999999,3.3571319580078125,
344.80000000000001,3.5104293823242188,
344.89999999999998,3.7812576293945312,
345,4.1210708618164062,
345.10000000000002,4.4174575805664062,
345.19999999999999,4.68572998046875,
345.30000000000001,4.9540023803710938,
345.39999999999998,5.1992874145507812,
345.5,5.4292373657226562,
345.60000000000002,5.6285247802734375,
345.69999999999999,5.7946014404296875,
345.80000000000001,5.9785614013671875,
345.89999999999998,6.2263946533203125,
346,6.5304412841796875,
346.10000000000002,6.8447036743164062,
346.19999999999999,7.1155319213867188,
346.30000000000001,7.3480377197265625,
346.39999999999998,7.6060943603515625,
346.5,7.8667068481445312,
346.60000000000002,7.8794784545898438,
346.69999999999999,7.802825927734375,
346.80000000000001,7.8462600708007812,
346.89999999999998,7.8207168579101562,
347,7.7134017944335938,
347.10000000000002,7.7798309326171875,
347.19999999999999,8.0123367309570312,
347.30000000000001,8.2601699829101562,
347.39999999999998,8.576995849609375,
347.5,8.9551315307617188,
347.60000000000002,9.256622314453125,
347.69999999999999,9.3051681518554688,
347.80000000000001,9.1058807373046875,
347.89999999999998,8.8401565551757812,
348,8.8657073974609375,
348.10000000000002,9.0598907470703125,
348.19999999999999,9.1237640380859375,
348.30000000000001,9.1390914916992188,
348.39999999999998,9.110992431640625,
348.5,8.9602432250976562,
348.60000000000002,8.576995849609375,
348.69999999999999,7.9407958984375,
348.80000000000001,7.2637252807617188,
348.89999999999998,6.8600311279296875,
349,6.6862945556640625,
349.10000000000002,6.5100021362304688,
349.19999999999999,6.3285903930664062,
349.30000000000001,6.00921630859375,
349.39999999999998,5.4292373657226562,
349.5,4.8083724975585938,
349.60000000000002,4.335693359375,
349.69999999999999,4.069976806640625,
349.80000000000001,4.0955276489257812,
349.89999999999998,4.1082992553710938,
350,3.9831008911132812,4.3795619010925293
350.10000000000002,3.886016845703125,
350.19999999999999,3.7838134765625,
350.30000000000001,3.6943893432617188,
350.39999999999998,3.5921859741210938,
350.5,3.4874343872070312,
350.60000000000002,3.4031219482421875,
350.69999999999999,3.295806884765625,
350.80000000000001,3.2114944458007812,
350.89999999999998,3.1655044555664062,
351,3.10418701171875,
351.10000000000002,3.0428619384765625,
351.19999999999999,3.0045394897460938,
351.30000000000001,2.9815444946289062,
351.39999999999998,2.9687652587890625,
351.5,2.973876953125,
351.60000000000002,2.945770263671875,
351.69999999999999,2.9023361206054688,
351.80000000000001,2.853790283203125,
351.89999999999998,2.7797012329101562,
352,2.7413711547851562,
352.10000000000002,2.7388153076171875,
352.19999999999999,2.7490386962890625,
352.30000000000001,2.754150390625,
352.39999999999998,2.761810302734375,
352.5,2.7771453857421875,
352.60000000000002,2.8026962280273438,
352.69999999999999,2.8307952880859375,
352.80000000000001,2.8563461303710938,
352.89999999999998,2.88189697265625,
353,2.8767852783203125,
353.10000000000002,2.8333511352539062,
353.19999999999999,2.7975845336914062,
353.30000000000001,2.7873611450195312,
353.39999999999998,2.7873611450195312,
353.5,2.7899169921875,
353.60000000000002,2.7950286865234375,
353.69999999999999,2.7950286865234375,
353.80000000000001,2.7950286865234375,
353.89999999999998,2.800140380859375,
354,2.8052520751953125,
354.10000000000002,2.8052520751953125,
354.19999999999999,2.7797012329101562,
354.30000000000001,2.73626708984375,
354.39999999999998,2.7183761596679688,
354.5,2.7234878540039062,
354.60000000000002,2.7285995483398438,
354.69999999999999,2.7311553955078125,
354.80000000000001,2.7388153076171875,
354.89999999999998,2.743927001953125,
355,2.7567062377929688,
355.10000000000002,2.7745895385742188,
355.19999999999999,2.782257080078125,
355.30000000000001,2.7899169921875,
355.39999999999998,2.7797012329101562,
355.5,2.7592620849609375,
355.60000000000002,2.7515945434570312,
355.69999999999999,2.7643661499023438,
355.80000000000001,2.782257080078125,
355.89999999999998,2.7950286865234375,
356,2.8052520751953125,
356.10000000000002,2.80780029296875,
356.19999999999999,2.8129119873046875,
356.30000000000001,2.818023681640625,
356.39999999999998,2.8282470703125,
356.5,2.8512420654296875,
356.60000000000002,2.9151153564453125,
356.69999999999999,3.0709686279296875,
356.80000000000001,3.4593276977539062,
356.89999999999998,3.9320068359375,
357,4.3229217529296875,
357.10000000000002,4.7163925170898438,
357.19999999999999,5.1124114990234375,
357.30000000000001,5.5084381103515625,
357.39999999999998,5.909576416015625,
357.5,6.3030471801757812,
357.60000000000002,6.6709671020507812,
357.69999999999999,6.9928970336914062,
357.80000000000001,7.289276123046875,
357.89999999999998,7.5473251342773438,
358,7.7236251831054688,
358.10000000000002,7.7466201782226562,
358.19999999999999,7.5958709716796875,
358.30000000000001,7.3378219604492188,
358.39999999999998,7.0158920288085938,
358.5,6.6300811767578125,
358.60000000000002,6.221282958984375,
358.69999999999999,5.853363037109375,
358.80000000000001,5.4982223510742188,
358.89999999999998,5.2018356323242188,
359,4.8262557983398438,
359.10000000000002,4.5119857788085938,
359.19999999999999,4.2743759155273438,
359.30000000000001,4.0418701171875,
359.39999999999998,3.7787017822265625,
359.5,3.5308685302734375,
359.60000000000002,3.32391357421875,
359.69999999999999,3.17572021484375,
359.80000000000001,3.0862960815429688,
359.89999999999998,3.019866943359375,
360,2.9713211059570312,5.6872038841247559
360.10000000000002,2.9381103515625,
360.19999999999999,2.9074478149414062,
360.30000000000001,2.8716812133789062,
360.39999999999998,2.8486862182617188,
360.5,2.8410186767578125,
360.60000000000002,2.8435745239257812,
360.69999999999999,2.80780029296875,
360.80000000000001,2.7567062377929688,
360.89999999999998,2.7285995483398438,
361,2.7234878540039062,
361.10000000000002,2.73626708984375,
361.19999999999999,2.7490386962890625,
361.30000000000001,2.754150390625,
361.39999999999998,2.754150390625,
361.5,2.7567062377929688,
361.60000000000002,2.7643661499023438,
361.69999999999999,2.7669219970703125,
361.80000000000001,2.7745895385742188,
361.89999999999998,2.7771453857421875,
362,2.754150390625,
362.10000000000002,2.7337112426757812,
362.19999999999999,2.743927001953125,
362.30000000000001,2.7848052978515625,
362.39999999999998,2.782257080078125,
362.5,2.7745895385742188,
362.60000000000002,2.8410186767578125,
362.69999999999999,2.8665695190429688,
362.80000000000001,2.8716812133789062,
362.89999999999998,2.9074478149414062,
363,2.95599365234375,
363.10000000000002,2.99176025390625,
363.19999999999999,3.0070953369140625,
363.30000000000001,3.0403060913085938,
363.39999999999998,3.0556411743164062,
363.5,3.06585693359375,
363.60000000000002,3.0735244750976562,
363.69999999999999,3.0479736328125,
363.80000000000001,3.0275344848632812,
363.89999999999998,3.01220703125,
364,2.9994277954101562,
364.10000000000002,2.9815444946289062,
364.19999999999999,2.95599365234375,
364.30000000000001,2.9406661987304688,
364.39999999999998,2.9074478149414062,
364.5,2.8997802734375,
364.60000000000002,2.9176712036132812,
364.69999999999999,2.9227752685546875,
364.80000000000001,2.9176712036132812,
364.89999999999998,2.9227752685546875,
365,2.927886962890625,
365.10000000000002,2.9329986572265625,
365.19999999999999,2.9355545043945312,
365.30000000000001,2.9432220458984375,
365.39999999999998,2.95599365234375,
365.5,2.945770263671875,
365.60000000000002,2.9253311157226562,
365.69999999999999,2.9151153564453125,
365.80000000000001,2.9151153564453125,
365.89999999999998,2.927886962890625,
366,2.9329986572265625,
366.10000000000002,2.9355545043945312,
366.19999999999999,2.9381103515625,
366.30000000000001,2.9432220458984375,
366.39999999999998,2.9483261108398438,
366.5,2.9585494995117188,
366.60000000000002,2.9611053466796875,
366.69999999999999,2.9432220458984375,
366.80000000000001,2.9176712036132812,
366.89999999999998,2.9023361206054688,
367,2.9125595092773438,
367.10000000000002,2.9304428100585938,
367.19999999999999,2.9253311157226562,
367.30000000000001,2.92022705078125,
367.39999999999998,2.9227752685546875,
367.5,2.927886962890625,
367.60000000000002,2.9381103515625,
367.69999999999999,2.9508819580078125,
367.80000000000001,2.9355545043945312,
367.89999999999998,2.9048919677734375,
368,2.8972320556640625,
368.10000000000002,2.9048919677734375,
368.19999999999999,2.9023361206054688,
368.30000000000001,2.9048919677734375,
368.39999999999998,2.9074478149414062,
368.5,2.910003662109375,
368.60000000000002,2.9176712036132812,
368.69999999999999,2.9227752685546875,
368.80000000000001,2.9329986572265625,
368.89999999999998,2.9355545043945312,
369,2.9074478149414062,
369.10000000000002,2.8895645141601562,
369.19999999999999,2.9048919677734375,
369.30000000000001,2.9227752685546875,
369.39999999999998,2.9508819580078125,
369.5,3.001983642578125,
369.60000000000002,3.0530853271484375,
369.69999999999999,3.1144027709960938,
369.80000000000001,3.1195144653320312,
369.89999999999998,3.0786361694335938,
370,3.058197021484375,5.769230842590332
370.10000000000002,3.0096511840820312,
370.19999999999999,2.9534378051757812,
370.30000000000001,2.9227752685546875,
370.39999999999998,2.9125595092773438,
370.5,2.9253311157226562,
370.60000000000002,2.9483261108398438,
370.69999999999999,2.9636611938476562,
370.80000000000001,2.9687652587890625,
370.89999999999998,2.9713211059570312,
371,2.9687652587890625,
371.10000000000002,2.9687652587890625,
371.19999999999999,2.9789886474609375,
371.30000000000001,2.9713211059570312,
371.39999999999998,2.9483261108398438,
371.5,2.9406661987304688,
371.60000000000002,2.9483261108398438,
371.69999999999999,2.9585494995117188,
371.80000000000001,2.9687652587890625,
371.89999999999998,2.973876953125,
372,2.9892120361328125,
372.10000000000002,2.9994277954101562,
372.19999999999999,2.9994277954101562,
372.30000000000001,3.001983642578125,
372.39999999999998,3.001983642578125,
372.5,3.01220703125,
372.60000000000002,3.01220703125,
372.69999999999999,2.99176025390625,
372.80000000000001,2.9713211059570312,
372.89999999999998,2.9636611938476562,
373,2.9636611938476562,
373.10000000000002,2.9585494995117188,
373.19999999999999,2.9534378051757812,
373.30000000000001,2.9534378051757812,
373.39999999999998,2.9585494995117188,
373.5,2.9585494995117188,
373.60000000000002,2.95599365234375,
373.69999999999999,2.9636611938476562,
373.80000000000001,2.9687652587890625,
373.89999999999998,2.945770263671875,
374,2.9151153564453125,
374.10000000000002,2.9023361206054688,
374.19999999999999,2.9074478149414062,
374.30000000000001,2.9176712036132812,
374.39999999999998,2.9227752685546875,
374.5,2.9253311157226562,
374.60000000000002,2.9304428100585938,
374.69999999999999,2.9355545043945312,
374.80000000000001,2.9381103515625,
374.89999999999998,2.9406661987304688,
375,2.9534378051757812,
375.10000000000002,2.945770263671875,
375.19999999999999,2.9151153564453125,
375.30000000000001,2.8946762084960938,
375.39999999999998,2.8946762084960938,
375.5,2.9048919677734375,
375.60000000000002,2.9125595092773438,
375.69999999999999,2.9227752685546875,
375.80000000000001,2.927886962890625,
375.89999999999998,2.9304428100585938,
376,2.9381103515625,
376.10000000000002,2.9432220458984375,
376.19999999999999,2.9508819580078125,
376.30000000000001,2.9508819580078125,
376.39999999999998,2.9253311157226562,
376.5,2.8997802734375,
376.60000000000002,2.8895645141601562,
376.69999999999999,2.8946762084960938,
376.80000000000001,2.8997802734375,
376.89999999999998,2.9048919677734375,
377,2.9074478149414062,
377.10000000000002,2.910003662109375,
377.19999999999999,2.9125595092773438,
377.30000000000001,2.9176712036132812,
377.39999999999998,2.9253311157226562,
377.5,2.9304428100585938,
377.60000000000002,2.910003662109375,
377.69999999999999,2.8844528198242188,
377.80000000000001,2.8844528198242188,
377.89999999999998,2.8972320556640625,
378,2.9125595092773438,
378.10000000000002,2.9227752685546875,
378.19999999999999,2.9304428100585938,
378.30000000000001,2.9355545043945312,
378.39999999999998,2.9381103515625,
378.5,2.9406661987304688,
378.60000000000002,2.945770263671875,
378.69999999999999,2.9534378051757812,
378.80000000000001,2.9329986572265625,
378.89999999999998,2.9023361206054688,
379,2.8844528198242188,
379.10000000000002,2.8870086669921875,
379.19999999999999,2.9023361206054688,
379.30000000000001,2.9125595092773438,
379.39999999999998,2.92022705078125,
379.5,2.927886962890625,
379.60000000000002,2.9355545043945312,
379.69999999999999,2.9381103515625,
379.80000000000001,2.9381103515625,
379.89999999999998,2.9381103515625,
380,2.9125595092773438,0
380.10000000000002,2.8793411254882812,
380.19999999999999,2.8614578247070312,
380.30000000000001,2.8589019775390625,
380.39999999999998,2.8844528198242188,
380.5,2.910003662109375,
380.60000000000002,2.9176712036132812,
380.69999999999999,2.927886962890625,
380.80000000000001,2.9636611938476562,
380.89999999999998,3.0147552490234375,
381,3.076080322265625,
381.10000000000002,3.1782760620117188,
381.19999999999999,3.2830352783203125,
381.30000000000001,3.3928985595703125,
381.39999999999998,3.5845260620117188,
381.5,3.8706817626953125,
381.60000000000002,4.2130508422851562,
381.69999999999999,4.5988616943359375,
381.80000000000001,4.9769973754882812,
381.89999999999998,5.3270339965820312,
382,5.697509765625,
382.10000000000002,6.0526504516601562,
382.19999999999999,6.34136962890625,
382.30000000000001,6.5636520385742188,
382.39999999999998,6.6965103149414062,
382.5,6.773162841796875,
382.60000000000002,6.773162841796875,
382.69999999999999,6.6607437133789062,
382.80000000000001,6.5227737426757812,
382.89999999999998,6.3975753784179688,
383,6.2723846435546875,
383.10000000000002,6.1037521362304688,
383.19999999999999,5.8329238891601562,
383.30000000000001,5.53143310546875,
383.39999999999998,5.2197265625,
383.5,4.9105682373046875,
383.60000000000002,4.6882858276367188,
383.69999999999999,4.4941024780273438,
383.80000000000001,4.2871475219726562,
383.89999999999998,4.0750808715820312,
384,3.8604660034179688,
384.10000000000002,3.6790618896484375,
384.19999999999999,3.5155410766601562,
384.30000000000001,3.35968017578125,
384.39999999999998,3.2242660522460938,
384.5,3.1195144653320312,
384.60000000000002,3.0454177856445312,
384.69999999999999,2.9764328002929688,
384.80000000000001,2.8895645141601562,
384.89999999999998,2.8256912231445312,
385,2.7975845336914062,
385.10000000000002,2.7848052978515625,
385.19999999999999,2.782257080078125,
385.30000000000001,2.7797012329101562,
385.39999999999998,2.7797012329101562,
385.5,2.7848052978515625,
385.60000000000002,2.7873611450195312,
385.69999999999999,2.7924728393554688,
385.80000000000001,2.7950286865234375,
385.89999999999998,2.7950286865234375,
386,2.7975845336914062,
386.10000000000002,2.7873611450195312,
386.19999999999999,2.7490386962890625,
386.30000000000001,2.7209320068359375,
386.39999999999998,2.7183761596679688,
386.5,2.73626708984375,
386.60000000000002,2.7592620849609375,
386.69999999999999,2.7771453857421875,
386.80000000000001,2.7848052978515625,
386.89999999999998,2.8103561401367188,
387,2.8435745239257812,
387.10000000000002,2.8614578247070312,
387.19999999999999,2.864013671875,
387.30000000000001,2.8614578247070312,
387.39999999999998,2.8563461303710938,
387.5,2.8282470703125,
387.60000000000002,2.7899169921875,
387.69999999999999,2.77203369140625,
387.80000000000001,2.7694778442382812,
387.89999999999998,2.782257080078125,
388,2.7873611450195312,
388.10000000000002,2.7873611450195312,
388.19999999999999,2.7899169921875,
388.30000000000001,2.7975845336914062,
388.39999999999998,2.80780029296875,
388.5,2.8103561401367188,
388.60000000000002,2.8154678344726562,
388.69999999999999,2.8231353759765625,
388.80000000000001,2.8129119873046875,
388.89999999999998,2.7873611450195312,
389,2.7643661499023438,
389.10000000000002,2.761810302734375,
389.19999999999999,2.7669219970703125,
389.30000000000001,2.7669219970703125,
389.39999999999998,2.7694778442382812,
389.5,2.7745895385742188,
389.60000000000002,2.7797012329101562,
389.69999999999999,2.7771453857421875,
389.80000000000001,2.77203369140625,
389.89999999999998,2.7771453857421875,
390,2.7924728393554688,0
390.10000000000002,2.7873611450195312,
390.19999999999999,2.7643661499023438,
390.30000000000001,2.7515945434570312,
390.39999999999998,2.754150390625,
390.5,2.7643661499023438,
390.60000000000002,2.7669219970703125,
390.69999999999999,2.77203369140625,
390.80000000000001,2.7771453857421875,
390.89999999999998,2.7771453857421875,
391,2.782257080078125,
391.10000000000002,2.7848052978515625,
391.19999999999999,2.7899169921875,
391.30000000000001,2.7950286865234375,
391.39999999999998,2.77203369140625,
391.5,2.7337112426757812,
391.60000000000002,2.7107162475585938,
391.69999999999999,2.7158203125,
391.80000000000001,2.7311553955078125,
391.89999999999998,2.7388153076171875,
392,2.7464828491210938,
392.10000000000002,2.7515945434570312,
392.19999999999999,2.761810302734375,
392.30000000000001,2.77203369140625,
392.39999999999998,2.7771453857421875,
392.5,2.7899169921875,
392.60000000000002,2.7848052978515625,
392.69999999999999,2.7515945434570312,
392.80000000000001,2.7209320068359375,
392.89999999999998,2.7183761596679688,
393,2.7311553955078125,
393.10000000000002,2.7413711547851562,
393.19999999999999,2.7490386962890625,
393.30000000000001,2.7592620849609375,
393.39999999999998,2.7694778442382812,
393.5,2.7745895385742188,
393.60000000000002,2.7797012329101562,
393.69999999999999,2.7924728393554688,
393.80000000000001,2.7899169921875,
393.89999999999998,2.754150390625,
394,2.7234878540039062,
394.10000000000002,2.7183761596679688,
394.19999999999999,2.7311553955078125,
394.30000000000001,2.7413711547851562,
394.39999999999998,2.743927001953125,
394.5,2.7515945434570312,
394.60000000000002,2.761810302734375,
394.69999999999999,2.7669219970703125,
394.80000000000001,2.77203369140625,
394.89999999999998,2.7797012329101562,
395,2.7694778442382812,
395.10000000000002,2.7285995483398438,
395.19999999999999,2.7004928588867188,
395.30000000000001,2.7004928588867188,
395.39999999999998,2.7132720947265625,
395.5,2.7209320068359375,
395.60000000000002,2.7285995483398438,
395.69999999999999,2.7388153076171875,
395.80000000000001,2.7413711547851562,
395.89999999999998,2.7337112426757812,
396,2.73626708984375,
396.10000000000002,2.7464828491210938,
396.19999999999999,2.7413711547851562,
396.30000000000001,2.7464828491210938,
396.39999999999998,2.8665695190429688,
396.5,3.1195144653320312,
396.60000000000002,3.4286651611328125,
396.69999999999999,3.7454910278320312,
396.80000000000001,4.0546417236328125,
396.89999999999998,4.381683349609375,
397,4.7444915771484375,
397.10000000000002,5.1405181884765625,
397.19999999999999,5.5620956420898438,
397.30000000000001,5.89935302734375,
397.39999999999998,6.08331298828125,
397.5,6.2059555053710938,
397.60000000000002,6.3515853881835938,
397.69999999999999,6.4870071411132812,
397.80000000000001,6.5559921264648438,
397.89999999999998,6.4026870727539062,
398,6.2902679443359375,
398.10000000000002,6.3975753784179688,
398.19999999999999,6.4818954467773438,
398.30000000000001,6.5100021362304688,
398.39999999999998,6.4895553588867188,
398.5,6.3899154663085938,
398.60000000000002,6.1165313720703125,
398.69999999999999,5.8405914306640625,
398.80000000000001,5.7511672973632812,
398.89999999999998,5.7230606079101562,
399,5.6898422241210938,
399.10000000000002,5.6004180908203125,
399.19999999999999,5.3679122924804688,
399.30000000000001,5.1073074340820312,
399.39999999999998,4.9284515380859375,
399.5,4.7725982666015625,
399.60000000000002,4.5784225463867188,
399.69999999999999,4.3203659057617188,
399.80000000000001,4.1364059448242188,
399.89999999999998,4.0648651123046875,
400,3.9882125854492188,3.9473683834075928
400.10000000000002,3.829803466796875,
400.19999999999999,3.6202926635742188,
400.30000000000001,3.4542160034179688,
400.39999999999998,3.2804794311523438,
400.5,3.1373977661132812,
400.60000000000002,3.0454177856445312,
400.69999999999999,2.9611053466796875,
400.80000000000001,2.8997802734375,
400.89999999999998,2.8333511352539062,
401,2.8129119873046875,
401.10000000000002,2.782257080078125,
401.19999999999999,2.7337112426757812,
401.30000000000001,2.7515945434570312,
401.39999999999998,2.7924728393554688,
401.5,2.80780029296875,
401.60000000000002,2.7515945434570312,
401.69999999999999,2.6800537109375,
401.80000000000001,2.6468353271484375,
401.89999999999998,2.6749420166015625,
402,2.7107162475585938,
402.10000000000002,2.726043701171875,
402.19999999999999,2.7797012329101562,
402.30000000000001,2.8563461303710938,
402.39999999999998,2.9406661987304688,
402.5,3.0479736328125,
402.60000000000002,3.1833877563476562,
402.69999999999999,3.3571319580078125,
402.80000000000001,3.4363327026367188,
402.89999999999998,3.4414443969726562,
403,3.50787353515625,
403.10000000000002,3.6024093627929688,
403.19999999999999,3.6483993530273438,
403.30000000000001,3.6330718994140625,
403.39999999999998,3.61773681640625,
403.5,3.61773681640625,
403.60000000000002,3.6151809692382812,
403.69999999999999,3.610076904296875,
403.80000000000001,3.5947418212890625,
403.89999999999998,3.571746826171875,
404,3.5461959838867188,
404.10000000000002,3.5283126831054688,
404.19999999999999,3.5257568359375,
404.30000000000001,3.5308685302734375,
404.39999999999998,3.5334243774414062,
404.5,3.5206527709960938,
404.60000000000002,3.4951019287109375,
404.69999999999999,3.4695510864257812,
404.80000000000001,3.4567718505859375,
404.89999999999998,3.4388885498046875,
405,3.4133377075195312,
405.10000000000002,3.3673477172851562,
405.19999999999999,3.2728118896484375,
405.30000000000001,3.1603927612304688,
405.39999999999998,3.0990753173828125,
405.5,3.1246261596679688,
405.60000000000002,3.1910552978515625,
405.69999999999999,3.1961669921875,
405.80000000000001,3.0990753173828125,
405.89999999999998,3.0147552490234375,
406,2.9355545043945312,
406.10000000000002,2.8129119873046875,
406.19999999999999,2.7158203125,
406.30000000000001,2.66217041015625,
406.39999999999998,2.6289520263671875,
406.5,2.5829620361328125,
406.60000000000002,2.5931854248046875,
406.69999999999999,2.7004928588867188,
406.80000000000001,2.8410186767578125,
406.89999999999998,2.9687652587890625,
407,2.9866561889648438,
407.10000000000002,2.9381103515625,
407.19999999999999,2.973876953125,
407.30000000000001,3.1067352294921875,
407.39999999999998,3.2191619873046875,
407.5,3.2932510375976562,
407.60000000000002,3.3673477172851562,
407.69999999999999,3.4414443969726562,
407.80000000000001,3.5410919189453125,
407.89999999999998,3.6995010375976562,
408,3.995880126953125,
408.10000000000002,4.3510208129882812,
408.19999999999999,4.6627349853515625,
408.30000000000001,5.0204315185546875,
408.39999999999998,5.4241256713867188,
408.5,5.8150405883789062,
408.60000000000002,6.1650772094726562,
408.69999999999999,6.5074462890625,
408.80000000000001,6.9034652709960938,
408.89999999999998,7.26116943359375,
409,7.51922607421875,
409.10000000000002,7.6776351928710938,
409.19999999999999,7.7696151733398438,
409.30000000000001,7.7440643310546875,
409.39999999999998,7.4681243896484375,
409.5,7.0976486206054688,
409.60000000000002,6.7680511474609375,
409.69999999999999,6.3541412353515625,
409.80000000000001,5.817596435546875,
409.89999999999998,5.2401657104492188,
410,4.6652908325195312,4.5011253356933594
410.10000000000002,4.179840087890625,
410.19999999999999,3.8144760131835938,
410.30000000000001,3.5436477661132812,
410.39999999999998,3.313690185546875,
410.5,3.129730224609375,
410.60000000000002,3.0249786376953125,
410.69999999999999,2.9687652587890625,
410.80000000000001,2.927886962890625,
410.89999999999998,2.88189697265625,
411,2.8410186767578125,
411.10000000000002,2.8052520751953125,
411.19999999999999,2.782257080078125,
411.30000000000001,2.7669219970703125,
411.39999999999998,2.7694778442382812,
411.5,2.7745895385742188,
411.60000000000002,2.7388153076171875,
411.69999999999999,2.7771453857421875,
411.80000000000001,2.973876953125,
411.89999999999998,3.1016311645507812,
412,3.0735244750976562,
412.10000000000002,3.0505294799804688,
412.19999999999999,3.0249786376953125,
412.30000000000001,2.9764328002929688,
412.39999999999998,2.9585494995117188,
412.5,2.8997802734375,
412.60000000000002,2.84613037109375,
412.69999999999999,2.8231353759765625,
412.80000000000001,2.800140380859375,
412.89999999999998,2.8435745239257812,
413,2.8589019775390625,
413.10000000000002,2.910003662109375,
413.19999999999999,3.0607452392578125,
413.30000000000001,3.1910552978515625,
413.39999999999998,3.3647918701171875,
413.5,3.5385360717773438,
413.60000000000002,3.6305160522460938,
413.69999999999999,3.6816177368164062,
413.80000000000001,3.6969451904296875,
413.89999999999998,3.6483993530273438,
414,3.5461959838867188,
414.10000000000002,3.4644393920898438,
414.19999999999999,3.4184494018554688,
414.30000000000001,3.4107818603515625,
414.39999999999998,3.4082260131835938,
414.5,3.387786865234375,
414.60000000000002,3.3750152587890625,
414.69999999999999,3.380126953125,
414.80000000000001,3.3852310180664062,
414.89999999999998,3.380126953125,
415,3.3724594116210938,
415.10000000000002,3.35968017578125,
415.19999999999999,3.295806884765625,
415.30000000000001,3.203826904296875,
415.39999999999998,3.150177001953125,
415.5,3.1271820068359375,
415.60000000000002,3.1220703125,
415.69999999999999,3.111846923828125,
415.80000000000001,3.1016311645507812,
415.89999999999998,3.0888519287109375,
416,3.06585693359375,
416.10000000000002,3.0479736328125,
416.19999999999999,3.0326461791992188,
416.30000000000001,3.0173110961914062,
416.39999999999998,3.0070953369140625,
416.5,2.9534378051757812,
416.60000000000002,2.88189697265625,
416.69999999999999,2.853790283203125,
416.80000000000001,2.8563461303710938,
416.89999999999998,2.8589019775390625,
417,2.8512420654296875,
417.10000000000002,2.8486862182617188,
417.19999999999999,2.853790283203125,
417.30000000000001,2.8563461303710938,
417.39999999999998,2.8486862182617188,
417.5,2.84613037109375,
417.60000000000002,2.8486862182617188,
417.69999999999999,2.8410186767578125,
417.80000000000001,2.7975845336914062,
417.89999999999998,2.754150390625,
418,2.7388153076171875,
418.10000000000002,2.7413711547851562,
418.19999999999999,2.7490386962890625,
418.30000000000001,2.7567062377929688,
418.39999999999998,2.7669219970703125,
418.5,2.7771453857421875,
418.60000000000002,2.7873611450195312,
418.69999999999999,2.8129119873046875,
418.80000000000001,2.864013671875,
418.89999999999998,2.92022705078125,
419,2.95599365234375,
419.10000000000002,2.99176025390625,
419.19999999999999,3.0454177856445312,
419.30000000000001,3.0862960815429688,
419.39999999999998,3.0862960815429688,
419.5,3.0633010864257812,
419.60000000000002,3.037750244140625,
419.69999999999999,3.0224227905273438,
419.80000000000001,3.0096511840820312,
419.89999999999998,2.99176025390625,
420,2.9764328002929688,5.2356019020080566
420.10000000000002,2.945770263671875,
420.19999999999999,2.8870086669921875,
420.30000000000001,2.8410186767578125,
420.39999999999998,2.8307952880859375,
420.5,2.8307952880859375,
420.60000000000002,2.8333511352539062,
420.69999999999999,2.8307952880859375,
420.80000000000001,2.8307952880859375,
420.89999999999998,2.835906982421875,
421,2.8486862182617188,
421.10000000000002,2.8844528198242188,
421.19999999999999,2.9355545043945312,
421.30000000000001,2.973876953125,
421.39999999999998,3.03009033203125,
421.5,3.1348419189453125,
421.60000000000002,3.2677001953125,
421.69999999999999,3.4107818603515625,
421.80000000000001,3.5640869140625,
421.89999999999998,3.7454910278320312,
422,3.9575576782226562,
422.10000000000002,4.215606689453125,
422.19999999999999,4.5222091674804688,
422.30000000000001,4.8288116455078125,
422.39999999999998,5.0792007446289062,
422.5,5.2759323120117188,
422.60000000000002,5.485443115234375,
422.69999999999999,5.7026214599609375,
422.80000000000001,5.86358642578125,
422.89999999999998,6.0117721557617188,
423,6.15740966796875,
423.10000000000002,6.3081512451171875,
423.19999999999999,6.4665603637695312,
423.30000000000001,6.4691162109375,
423.39999999999998,6.323486328125,
423.5,6.0807571411132812,
423.60000000000002,5.7818222045898438,
423.69999999999999,5.5365447998046875,
423.80000000000001,5.2989273071289062,
423.89999999999998,5.043426513671875,
424,4.7853775024414062,
424.10000000000002,4.5196533203125,
424.19999999999999,4.2692642211914062,
424.30000000000001,4.031646728515625,
424.39999999999998,3.76593017578125,
424.5,3.4976577758789062,
424.60000000000002,3.2855911254882812,
424.69999999999999,3.1322860717773438,
424.80000000000001,3.0224227905273438,
424.89999999999998,2.927886962890625,
425,2.8589019775390625,
425.10000000000002,2.8129119873046875,
425.19999999999999,2.7771453857421875,
425.30000000000001,2.7413711547851562,
425.39999999999998,2.7132720947265625,
425.5,2.7056045532226562,
425.60000000000002,2.6851654052734375,
425.69999999999999,2.6366195678710938,
425.80000000000001,2.60595703125,
425.89999999999998,2.6034011840820312,
426,2.6136245727539062,
426.10000000000002,2.62384033203125,
426.19999999999999,2.6315078735351562,
426.30000000000001,2.6468353271484375,
426.39999999999998,2.6749420166015625,
426.5,2.7004928588867188,
426.60000000000002,2.7107162475585938,
426.69999999999999,2.73626708984375,
426.80000000000001,2.77203369140625,
426.89999999999998,2.7464828491210938,
427,2.6877212524414062,
427.10000000000002,2.6647262573242188,
427.19999999999999,2.6672821044921875,
427.30000000000001,2.6826095581054688,
427.39999999999998,2.6953811645507812,
427.5,2.708160400390625,
427.60000000000002,2.7234878540039062,
427.69999999999999,2.7183761596679688,
427.80000000000001,2.6851654052734375,
427.89999999999998,2.6672821044921875,
428,2.6953811645507812,
428.10000000000002,2.6800537109375,
428.19999999999999,2.6085128784179688,
428.30000000000001,2.5701904296875,
428.39999999999998,2.5497512817382812,
428.5,2.5369720458984375,
428.60000000000002,2.5727462768554688,
428.69999999999999,2.6468353271484375,
428.80000000000001,2.7464828491210938,
428.89999999999998,2.853790283203125,
429,2.9687652587890625,
429.10000000000002,3.10418701171875,
429.19999999999999,3.2344894409179688,
429.30000000000001,3.341796875,
429.39999999999998,3.4414443969726562,
429.5,3.5308685302734375,
429.60000000000002,3.6330718994140625,
429.69999999999999,3.7276077270507812,
429.80000000000001,3.7761459350585938,
429.89999999999998,3.7761459350585938,
430,3.7838134765625,4.2918457984924316
430.10000000000002,3.8195877075195312,
430.19999999999999,3.811920166015625,
430.30000000000001,3.7761459350585938,
430.39999999999998,3.80169677734375,
430.5,3.8783493041992188,
430.60000000000002,3.9601058959960938,
430.69999999999999,4.0060958862304688,
430.80000000000001,4.0188751220703125,
430.89999999999998,3.995880126953125,
431,3.9320068359375,
431.10000000000002,3.8706817626953125,
431.19999999999999,3.9703292846679688,
431.30000000000001,4.2513809204101562,
431.39999999999998,4.57586669921875,
431.5,4.9131240844726562,
431.60000000000002,5.2529373168945312,
431.69999999999999,5.5825347900390625,
431.80000000000001,5.8610305786132812,
431.89999999999998,6.0858688354492188,
432,6.3183746337890625,
432.10000000000002,6.3720321655273438,
432.19999999999999,6.1165313720703125,
432.30000000000001,5.7690505981445312,
432.39999999999998,5.4803314208984375,
432.5,5.2452774047851562,
432.60000000000002,5.0485382080078125,
432.69999999999999,4.841583251953125,
432.80000000000001,4.5784225463867188,
432.89999999999998,4.3050308227539062,
433,4.087860107421875,
433.10000000000002,3.9064559936523438,
433.19999999999999,3.702056884765625,
433.30000000000001,3.5129852294921875,
433.39999999999998,3.3724594116210938,
433.5,3.2472610473632812,
433.60000000000002,3.1322860717773438,
433.69999999999999,3.0352020263671875,
433.80000000000001,2.945770263671875,
433.89999999999998,2.84613037109375,
434,2.73626708984375,
434.10000000000002,2.6570587158203125,
434.19999999999999,2.6289520263671875,
434.30000000000001,2.616180419921875,
434.39999999999998,2.6034011840820312,
434.5,2.5957412719726562,
434.60000000000002,2.5906295776367188,
434.69999999999999,2.5855178833007812,
434.80000000000001,2.5855178833007812,
434.89999999999998,2.5906295776367188,
435,2.6110687255859375,
435.10000000000002,2.6366195678710938,
435.19999999999999,2.6391754150390625,
435.30000000000001,2.6391754150390625,
435.39999999999998,2.6647262573242188,
435.5,2.7107162475585938,
435.60000000000002,2.7745895385742188,
435.69999999999999,2.8256912231445312,
435.80000000000001,2.8486862182617188,
435.89999999999998,2.8614578247070312,
436,2.864013671875,
436.10000000000002,2.8486862182617188,
436.19999999999999,2.835906982421875,
436.30000000000001,2.8282470703125,
436.39999999999998,2.7873611450195312,
436.5,2.7209320068359375,
436.60000000000002,2.6851654052734375,
436.69999999999999,2.6723861694335938,
436.80000000000001,2.6826095581054688,
436.89999999999998,2.6953811645507812,
437,2.6928253173828125,
437.10000000000002,2.6953811645507812,
437.19999999999999,2.6953811645507812,
437.30000000000001,2.7004928588867188,
437.39999999999998,2.7030487060546875,
437.5,2.7056045532226562,
437.60000000000002,2.7030487060546875,
437.69999999999999,2.6826095581054688,
437.80000000000001,2.6723861694335938,
437.89999999999998,2.69793701171875,
438,2.754150390625,
438.10000000000002,2.8205795288085938,
438.19999999999999,2.9074478149414062,
438.30000000000001,3.001983642578125,
438.39999999999998,3.1016311645507812,
438.5,3.2089385986328125,
438.60000000000002,3.3264694213867188,
438.69999999999999,3.47210693359375,
438.80000000000001,3.645843505859375,
438.89999999999998,3.8374710083007812,
439,4.07763671875,
439.10000000000002,4.3791275024414062,
439.19999999999999,4.6959457397460938,
439.30000000000001,4.9769973754882812,
439.39999999999998,5.2222824096679688,
439.5,5.449676513671875,
439.60000000000002,5.6617355346679688,
439.69999999999999,5.8559188842773438,
439.80000000000001,6.0322113037109375,
439.89999999999998,6.1625213623046875,
440,6.1318588256835938,6.0160427093505859
440.10000000000002,5.9070205688476562,
440.19999999999999,5.6821823120117188,
440.30000000000001,5.5569839477539062,
440.39999999999998,5.4598922729492188,
440.5,5.375579833984375,
440.60000000000002,5.3091506958007812,
440.69999999999999,5.2427215576171875,
440.80000000000001,5.1532974243164062,
440.89999999999998,5.025543212890625,
441,4.8364715576171875,
441.10000000000002,4.6193008422851562,
441.19999999999999,4.4404525756835938,
441.30000000000001,4.2999267578125,
441.39999999999998,4.1568450927734375,
441.5,3.98565673828125,
441.60000000000002,3.8093643188476562,
441.69999999999999,3.6381759643554688,
441.80000000000001,3.4695510864257812,
441.89999999999998,3.3009185791015625,
442,3.1782760620117188,
442.10000000000002,3.0224227905273438,
442.19999999999999,2.8895645141601562,
442.30000000000001,2.8026962280273438,
442.39999999999998,2.7592620849609375,
442.5,2.7388153076171875,
442.60000000000002,2.7209320068359375,
442.69999999999999,2.7004928588867188,
442.80000000000001,2.6877212524414062,
442.89999999999998,2.6723861694335938,
443,2.6570587158203125,
443.10000000000002,2.6596145629882812,
443.19999999999999,2.6953811645507812,
443.30000000000001,2.7413711547851562,
443.39999999999998,2.7337112426757812,
443.5,2.6877212524414062,
443.60000000000002,2.669830322265625,
443.69999999999999,2.6749420166015625,
443.80000000000001,2.6800537109375,
443.89999999999998,2.6826095581054688,
444,2.690277099609375,
444.10000000000002,2.708160400390625,
444.19999999999999,2.7234878540039062,
444.30000000000001,2.7337112426757812,
444.39999999999998,2.7592620849609375,
444.5,2.8129119873046875,
444.60000000000002,2.864013671875,
444.69999999999999,2.9176712036132812,
444.80000000000001,3.03009033203125,
444.89999999999998,3.2012710571289062,
445,3.3775711059570312,
445.10000000000002,3.5308685302734375,
445.19999999999999,3.6586227416992188,
445.30000000000001,3.755706787109375,
445.39999999999998,3.8144760131835938,
445.5,3.8195877075195312,
445.60000000000002,3.7889251708984375,
445.69999999999999,3.719940185546875,
445.80000000000001,3.5921859741210938,
445.89999999999998,3.444000244140625,
446,3.32391357421875,
446.10000000000002,3.2344894409179688,
446.19999999999999,3.1603927612304688,
446.30000000000001,3.0862960815429688,
446.39999999999998,3.0173110961914062,
446.5,2.9892120361328125,
446.60000000000002,3.037750244140625,
446.69999999999999,3.1144027709960938,
446.80000000000001,3.2089385986328125,
446.89999999999998,3.3315811157226562,
447,3.3903427124023438,
447.10000000000002,3.4005661010742188,
447.19999999999999,3.4542160034179688,
447.30000000000001,3.5487518310546875,
447.39999999999998,3.6535110473632812,
447.5,3.7429351806640625,
447.60000000000002,3.8374710083007812,
447.69999999999999,3.9294509887695312,
447.80000000000001,3.9601058959960938,
447.89999999999998,3.9320068359375,
448,3.9064559936523438,
448.10000000000002,3.8655776977539062,
448.19999999999999,3.7403793334960938,
448.30000000000001,3.5232009887695312,
448.39999999999998,3.28814697265625,
448.5,3.129730224609375,
448.60000000000002,3.0275344848632812,
448.69999999999999,2.9406661987304688,
448.80000000000001,2.8614578247070312,
448.89999999999998,2.7899169921875,
449,2.73626708984375,
449.10000000000002,2.69793701171875,
449.19999999999999,2.6749420166015625,
449.30000000000001,2.6672821044921875,
449.39999999999998,2.6468353271484375,
449.5,2.5931854248046875,
449.60000000000002,2.5446395874023438,
449.69999999999999,2.5446395874023438,
449.80000000000001,2.5855178833007812,
449.89999999999998,2.651947021484375,
450,2.7464828491210938,7.1856288909912109
450.10000000000002,2.8614578247070312,
450.19999999999999,2.99176025390625,
450.30000000000001,3.1195144653320312,
450.39999999999998,3.2447052001953125,
450.5,3.3954544067382812,
450.60000000000002,3.5385360717773438,
450.69999999999999,3.6356277465820312,
450.80000000000001,3.7250518798828125,
450.89999999999998,3.8527984619140625,
451,4.0009918212890625,
451.10000000000002,4.0827484130859375,
451.19999999999999,4.0648651123046875,
451.30000000000001,3.9831008911132812,
451.39999999999998,3.8732376098632812,
451.5,3.7429351806640625,
451.60000000000002,3.5640869140625,
451.69999999999999,3.341796875,
451.80000000000001,3.1322860717773438,
451.89999999999998,2.9611053466796875,
452,2.8435745239257812,
452.10000000000002,2.782257080078125,
452.19999999999999,2.7515945434570312,
452.30000000000001,2.726043701171875,
452.39999999999998,2.7056045532226562,
452.5,2.6928253173828125,
452.60000000000002,2.6774978637695312,
452.69999999999999,2.6647262573242188,
452.80000000000001,2.651947021484375,
452.89999999999998,2.644287109375,
453,2.6136245727539062,
453.10000000000002,2.5548553466796875,
453.19999999999999,2.5267562866210938,
453.30000000000001,2.5676345825195312,
453.39999999999998,2.6596145629882812,
453.5,2.8052520751953125,
453.60000000000002,2.9789886474609375,
453.69999999999999,3.1476211547851562,
453.80000000000001,3.3162460327148438,
453.89999999999998,3.4951019287109375,
454,3.6841659545898438,
454.10000000000002,3.87579345703125,
454.19999999999999,4.0648651123046875,
454.30000000000001,4.2999267578125,
454.39999999999998,4.5963058471679688,
454.5,4.915679931640625,
454.60000000000002,5.2554931640625,
454.69999999999999,5.5850906372070312,
454.80000000000001,5.8456954956054688,
454.89999999999998,6.0603179931640625,
455,6.28515625,
455.10000000000002,6.45123291015625,
455.19999999999999,6.5202178955078125,
455.30000000000001,6.52532958984375,
455.39999999999998,6.4563446044921875,
455.5,6.2136154174804688,
455.60000000000002,5.8456954956054688,
455.69999999999999,5.4982223510742188,
455.80000000000001,5.1098556518554688,
455.89999999999998,4.6882858276367188,
456,4.2820358276367188,
456.10000000000002,3.9115676879882812,
456.19999999999999,3.599853515625,
456.30000000000001,3.369903564453125,
456.39999999999998,3.21405029296875,
456.5,3.093963623046875,
456.60000000000002,2.9943161010742188,
456.69999999999999,2.92022705078125,
456.80000000000001,2.8614578247070312,
456.89999999999998,2.8129119873046875,
457,2.77203369140625,
457.10000000000002,2.7413711547851562,
457.19999999999999,2.6851654052734375,
457.30000000000001,2.6187362670898438,
457.39999999999998,2.5855178833007812,
457.5,2.5829620361328125,
457.60000000000002,2.5931854248046875,
457.69999999999999,2.598297119140625,
457.80000000000001,2.6008453369140625,
457.89999999999998,2.60595703125,
458,2.6110687255859375,
458.10000000000002,2.6110687255859375,
458.19999999999999,2.6085128784179688,
458.30000000000001,2.6136245727539062,
458.39999999999998,2.5855178833007812,
458.5,2.5267562866210938,
458.60000000000002,2.485870361328125,
458.69999999999999,2.485870361328125,
458.80000000000001,2.4986495971679688,
458.89999999999998,2.5114212036132812,
459,2.5574111938476562,
459.10000000000002,2.66217041015625,
459.19999999999999,2.7848052978515625,
459.30000000000001,2.9048919677734375,
459.39999999999998,3.0403060913085938,
459.5,3.1731719970703125,
459.60000000000002,3.3009185791015625,
459.69999999999999,3.4184494018554688,
459.80000000000001,3.5461959838867188,
459.89999999999998,3.702056884765625,
460,3.829803466796875,5.1813468933105469
460.10000000000002,3.8936767578125,
460.19999999999999,3.9345626831054688,
460.30000000000001,4.0188751220703125,
460.39999999999998,4.1542892456054688,
460.5,4.3229217529296875,
460.60000000000002,4.5681991577148438,
460.69999999999999,4.8748016357421875,
460.80000000000001,5.173736572265625,
460.89999999999998,5.4624481201171875,
461,5.7690505981445312,
461.10000000000002,6.0807571411132812,
461.19999999999999,6.3899154663085938,
461.30000000000001,6.7144012451171875,
461.39999999999998,6.8779220581054688,
461.5,6.8319320678710938,
461.60000000000002,6.9417953491210938,
461.69999999999999,7.1819610595703125,
461.80000000000001,7.197296142578125,
461.89999999999998,6.921356201171875,
462,6.5100021362304688,
462.10000000000002,6.1548538208007812,
462.19999999999999,5.9044647216796875,
462.30000000000001,5.6898422241210938,
462.39999999999998,5.4598922729492188,
462.5,5.265716552734375,
462.60000000000002,5.1303024291992188,
462.69999999999999,5.0204315185546875,
462.80000000000001,4.9207916259765625,
462.89999999999998,4.7930374145507812,
463,4.6014175415039062,
463.10000000000002,4.3254776000976562,
463.19999999999999,4.0674209594726562,
463.30000000000001,3.886016845703125,
463.39999999999998,3.6662826538085938,
463.5,3.387786865234375,
463.60000000000002,3.1987152099609375,
463.69999999999999,3.1092910766601562,
463.80000000000001,3.0428619384765625,
463.89999999999998,2.9815444946289062,
464,2.9176712036132812,
464.10000000000002,2.8563461303710938,
464.19999999999999,2.800140380859375,
464.30000000000001,2.7337112426757812,
464.39999999999998,2.6851654052734375,
464.5,2.7004928588867188,
464.60000000000002,2.754150390625,
464.69999999999999,2.7771453857421875,
464.80000000000001,2.7643661499023438,
464.89999999999998,2.7592620849609375,
465,2.761810302734375,
465.10000000000002,2.7592620849609375,
465.19999999999999,2.761810302734375,
465.30000000000001,2.7771453857421875,
465.39999999999998,2.7669219970703125,
465.5,2.7413711547851562,
465.60000000000002,2.7413711547851562,
465.69999999999999,2.7592620849609375,
465.80000000000001,2.782257080078125,
465.89999999999998,2.7745895385742188,
466,2.761810302734375,
466.10000000000002,2.7567062377929688,
466.19999999999999,2.7464828491210938,
466.30000000000001,2.7515945434570312,
466.39999999999998,2.7694778442382812,
466.5,2.8103561401367188,
466.60000000000002,2.8282470703125,
466.69999999999999,2.8691253662109375,
466.80000000000001,2.8895645141601562,
466.89999999999998,2.8512420654296875,
467,2.8282470703125,
467.10000000000002,2.7950286865234375,
467.19999999999999,2.7745895385742188,
467.30000000000001,2.7694778442382812,
467.39999999999998,2.8026962280273438,
467.5,2.92022705078125,
467.60000000000002,3.0735244750976562,
467.69999999999999,3.2268218994140625,
467.80000000000001,3.426116943359375,
467.89999999999998,3.6765060424804688,
468,3.9115676879882812,
468.10000000000002,4.1261825561523438,
468.19999999999999,4.335693359375,
468.30000000000001,4.53753662109375,
468.39999999999998,4.767486572265625,
468.5,5.0306549072265625,
468.60000000000002,5.2861557006835938,
468.69999999999999,5.4879989624023438,
468.80000000000001,5.6029739379882812,
468.89999999999998,5.67962646484375,
469,5.7767105102539062,
469.10000000000002,5.8482513427734375,
469.19999999999999,5.9249038696289062,
469.30000000000001,6.04754638671875,
469.39999999999998,6.1369705200195312,
469.5,6.1701812744140625,
469.60000000000002,6.1088638305664062,
469.69999999999999,5.9811172485351562,
469.80000000000001,5.8738021850585938,
469.89999999999998,5.7843780517578125,
470,5.67962646484375,6.1099796295166016
470.10000000000002,5.5697555541992188,
470.19999999999999,5.4420089721679688,
470.30000000000001,5.3142623901367188,
470.39999999999998,5.2018356323242188,
470.5,5.043426513671875,
470.60000000000002,4.7802658081054688,
470.69999999999999,4.4787750244140625,
470.80000000000001,4.2411575317382812,
470.89999999999998,4.07763671875,
471,3.8962326049804688,
471.10000000000002,3.6867218017578125,
471.19999999999999,3.4772109985351562,
471.30000000000001,3.277923583984375,
471.39999999999998,3.0684127807617188,
471.5,2.8103561401367188,
471.60000000000002,2.66217041015625,
471.69999999999999,2.598297119140625,
471.80000000000001,2.5497512817382812,
471.89999999999998,2.4833221435546875,
472,2.414337158203125,
472.10000000000002,2.3887863159179688,
472.19999999999999,2.3990020751953125,
472.30000000000001,2.4347763061523438,
472.39999999999998,2.4552154541015625,
472.5,2.4347763061523438,
472.60000000000002,2.3785629272460938,
472.69999999999999,2.340240478515625,
472.80000000000001,2.347900390625,
472.89999999999998,2.3785629272460938,
473,2.4092254638671875,
473.10000000000002,2.4449920654296875,
473.19999999999999,2.5318603515625,
473.30000000000001,2.6647262573242188,
473.39999999999998,2.8256912231445312,
473.5,2.99176025390625,
473.60000000000002,3.1578369140625,
473.69999999999999,3.3034744262695312,
473.80000000000001,3.4465560913085938,
473.89999999999998,3.6662826538085938,
474,3.9371109008789062,
474.10000000000002,4.1389617919921875,
474.19999999999999,4.2513809204101562,
474.30000000000001,4.3484725952148438,
474.39999999999998,4.5119857788085938,
474.5,4.713836669921875,
474.60000000000002,4.9105682373046875,
474.69999999999999,5.135406494140625,
474.80000000000001,5.3551406860351562,
474.89999999999998,5.5161056518554688,
475,5.6923980712890625,
475.10000000000002,5.945343017578125,
475.19999999999999,6.1088638305664062,
475.30000000000001,6.0117721557617188,
475.39999999999998,5.7179489135742188,
475.5,5.2989273071289062,
475.60000000000002,4.8773574829101562,
475.69999999999999,4.5733108520507812,
475.80000000000001,4.2922592163085938,
475.89999999999998,4.0086517333984375,
476,3.7608184814453125,
476.10000000000002,3.5410919189453125,
476.19999999999999,3.3469085693359375,
476.30000000000001,3.1833877563476562,
476.39999999999998,3.0735244750976562,
476.5,2.9815444946289062,
476.60000000000002,2.8716812133789062,
476.69999999999999,2.77203369140625,
476.80000000000001,2.7056045532226562,
476.89999999999998,2.6749420166015625,
477,2.6723861694335938,
477.10000000000002,2.6749420166015625,
477.19999999999999,2.6826095581054688,
477.30000000000001,2.6851654052734375,
477.39999999999998,2.6851654052734375,
477.5,2.6877212524414062,
477.60000000000002,2.690277099609375,
477.69999999999999,2.6877212524414062,
477.80000000000001,2.6851654052734375,
477.89999999999998,2.644287109375,
478,2.5931854248046875,
478.10000000000002,2.5753021240234375,
478.19999999999999,2.5753021240234375,
478.30000000000001,2.577850341796875,
478.39999999999998,2.5829620361328125,
478.5,2.58807373046875,
478.60000000000002,2.5957412719726562,
478.69999999999999,2.6187362670898438,
478.80000000000001,2.6366195678710938,
478.89999999999998,2.644287109375,
479,2.6672821044921875,
479.10000000000002,2.6672821044921875,
479.19999999999999,2.6366195678710938,
479.30000000000001,2.6468353271484375,
479.39999999999998,2.7285995483398438,
479.5,2.8793411254882812,
479.60000000000002,3.0607452392578125,
479.69999999999999,3.2472610473632812,
479.80000000000001,3.4491119384765625,
479.89999999999998,3.6790618896484375,
480,3.9550018310546875,9.018035888671875
480.10000000000002,4.271820068359375,
480.19999999999999,4.5784225463867188,
480.30000000000001,4.8109207153320312,
480.39999999999998,4.9667816162109375,
480.5,5.1200790405273438,
480.60000000000002,5.2350540161132812,
480.69999999999999,5.3781356811523438,
480.80000000000001,5.6847305297851562,
480.89999999999998,5.963226318359375,
481,6.0730972290039062,
481.10000000000002,6.1880722045898438,
481.19999999999999,6.3592529296875,
481.30000000000001,6.4205703735351562,
481.39999999999998,6.2647171020507812,
481.5,5.97344970703125,
481.60000000000002,5.725616455078125,
481.69999999999999,5.503326416015625,
481.80000000000001,5.1149673461914062,
481.89999999999998,4.6806182861328125,
482,4.3433609008789062,
482.10000000000002,4.0163192749023438,
482.19999999999999,3.748046875,
482.30000000000001,3.535980224609375,
482.39999999999998,3.3111419677734375,
482.5,3.1271820068359375,
482.60000000000002,3.0633010864257812,
482.69999999999999,3.06585693359375,
482.80000000000001,3.0428619384765625,
482.89999999999998,2.9534378051757812,
483,2.7975845336914062,
483.10000000000002,2.6545028686523438,
483.19999999999999,2.598297119140625,
483.30000000000001,2.6034011840820312,
483.39999999999998,2.6366195678710938,
483.5,2.6647262573242188,
483.60000000000002,2.6289520263671875,
483.69999999999999,2.5548553466796875,
483.80000000000001,2.5165328979492188,
483.89999999999998,2.5165328979492188,
484,2.51397705078125,
484.10000000000002,2.5088653564453125,
484.19999999999999,2.51397705078125,
484.30000000000001,2.55230712890625,
484.39999999999998,2.6187362670898438,
484.5,2.708160400390625,
484.60000000000002,2.8410186767578125,
484.69999999999999,3.019866943359375,
484.80000000000001,3.2089385986328125,
484.89999999999998,3.4082260131835938,
485,3.645843505859375,
485.10000000000002,3.9371109008789062,
485.19999999999999,4.2386016845703125,
485.30000000000001,4.5119857788085938,
485.39999999999998,4.7981491088867188,
485.5,5.0664215087890625,
485.60000000000002,5.2963714599609375,
485.69999999999999,5.5161056518554688,
485.80000000000001,5.7205047607421875,
485.89999999999998,5.89935302734375,
486,6.00921630859375,
486.10000000000002,6.0501022338867188,
486.19999999999999,6.019439697265625,
486.30000000000001,5.9683380126953125,
486.39999999999998,5.9606704711914062,
486.5,5.95556640625,
486.60000000000002,5.9504547119140625,
486.69999999999999,5.9683380126953125,
486.80000000000001,6.0143280029296875,
486.89999999999998,6.0449905395507812,
487,5.9760055541992188,
487.10000000000002,5.8022613525390625,
487.19999999999999,5.595306396484375,
487.30000000000001,5.411346435546875,
487.39999999999998,5.2682723999023438,
487.5,5.1609573364257812,
487.60000000000002,5.0919723510742188,
487.69999999999999,5.0408706665039062,
487.80000000000001,4.9744415283203125,
487.89999999999998,4.897796630859375,
488,4.805816650390625,
488.10000000000002,4.6065216064453125,
488.19999999999999,4.2948150634765625,
488.30000000000001,3.9933242797851562,
488.39999999999998,3.7506027221679688,
488.5,3.5410919189453125,
488.60000000000002,3.3545761108398438,
488.69999999999999,3.1961669921875,
488.80000000000001,3.0786361694335938,
488.89999999999998,2.9866561889648438,
489,2.9125595092773438,
489.10000000000002,2.864013671875,
489.19999999999999,2.7975845336914062,
489.30000000000001,2.7337112426757812,
489.39999999999998,2.669830322265625,
489.5,2.598297119140625,
489.60000000000002,2.5497512817382812,
489.69999999999999,2.5216445922851562,
489.80000000000001,2.51397705078125,
489.89999999999998,2.5165328979492188,
490,2.5267562866210938,9.8765430450439453
490.10000000000002,2.5344161987304688,
490.19999999999999,2.5369720458984375,
490.30000000000001,2.542083740234375,
490.39999999999998,2.5446395874023438,
490.5,2.5497512817382812,
490.60000000000002,2.5676345825195312,
490.69999999999999,2.5650787353515625,
490.80000000000001,2.5369720458984375,
490.89999999999998,2.5446395874023438,
491,2.6289520263671875,
491.10000000000002,2.7950286865234375,
491.19999999999999,2.9764328002929688,
491.30000000000001,3.1016311645507812,
491.39999999999998,3.1629486083984375,
491.5,3.1629486083984375,
491.60000000000002,3.1220703125,
491.69999999999999,3.0607452392578125,
491.80000000000001,2.9866561889648438,
491.89999999999998,2.8716812133789062,
492,2.7490386962890625,
492.10000000000002,2.6826095581054688,
492.19999999999999,2.651947021484375,
492.30000000000001,2.6315078735351562,
492.39999999999998,2.6085128784179688,
492.5,2.5931854248046875,
492.60000000000002,2.577850341796875,
492.69999999999999,2.5701904296875,
492.80000000000001,2.5753021240234375,
492.89999999999998,2.5318603515625,
493,2.47821044921875,
493.10000000000002,2.49609375,
493.19999999999999,2.5165328979492188,
493.30000000000001,2.5318603515625,
493.39999999999998,2.577850341796875,
493.5,2.6570587158203125,
493.60000000000002,2.7669219970703125,
493.69999999999999,2.9074478149414062,
493.80000000000001,3.083740234375,
493.89999999999998,3.2728118896484375,
494,3.4695510864257812,
494.10000000000002,3.6790618896484375,
494.19999999999999,3.9550018310546875,
494.30000000000001,4.2973709106445312,
494.39999999999998,4.621856689453125,
494.5,4.9463424682617188,
494.60000000000002,5.2452774047851562,
494.69999999999999,5.4624481201171875,
494.80000000000001,5.6080856323242188,
494.89999999999998,5.7460556030273438,
495,5.9657821655273438,
495.10000000000002,6.2596054077148438,
495.19999999999999,6.6403045654296875,
495.30000000000001,7.1615219116210938,
495.39999999999998,7.6725234985351562,
495.5,8.0404434204101562,
495.60000000000002,8.226959228515625,
495.69999999999999,8.2065200805664062,
495.80000000000001,7.9561309814453125,
495.89999999999998,7.4962310791015625,
496,6.9009170532226562,
496.10000000000002,6.2263946533203125,
496.19999999999999,5.6029739379882812,
496.30000000000001,5.0868606567382812,
496.39999999999998,4.6601791381835938,
496.5,4.2922592163085938,
496.60000000000002,3.9601058959960938,
496.69999999999999,3.6765060424804688,
496.80000000000001,3.4695510864257812,
496.89999999999998,3.313690185546875,
497,3.1910552978515625,
497.10000000000002,3.1322860717773438,
497.19999999999999,3.0811920166015625,
497.30000000000001,3.0249786376953125,
497.39999999999998,2.9687652587890625,
497.5,2.9329986572265625,
497.60000000000002,2.9023361206054688,
497.69999999999999,2.9151153564453125,
497.80000000000001,3.0173110961914062,
497.89999999999998,3.0173110961914062,
498,2.9227752685546875,
498.10000000000002,2.8844528198242188,
498.19999999999999,2.8512420654296875,
498.30000000000001,2.8103561401367188,
498.39999999999998,2.7975845336914062,
498.5,2.7899169921875,
498.60000000000002,2.761810302734375,
498.69999999999999,2.7464828491210938,
498.80000000000001,2.7388153076171875,
498.89999999999998,2.726043701171875,
499,2.7413711547851562,
499.10000000000002,2.7337112426757812,
499.19999999999999,2.7107162475585938,
499.30000000000001,2.7209320068359375,
499.39999999999998,2.7158203125,
499.5,2.7158203125,
499.60000000000002,2.7515945434570312,
499.69999999999999,2.782257080078125,
499.80000000000001,2.7771453857421875,
499.89999999999998,2.7771453857421875,
500,2.80780029296875,9.3603744506835938
500.10000000000002,2.8307952880859375,
500.19999999999999,2.8333511352539062,
500.30000000000001,2.835906982421875,
500.39999999999998,2.8384628295898438,
500.5,2.8307952880859375,
500.60000000000002,2.8307952880859375,
500.69999999999999,2.8384628295898438,
500.80000000000001,2.8333511352539062,
500.89999999999998,2.8154678344726562,
501,2.7975845336914062,
501.10000000000002,2.7950286865234375,
501.19999999999999,2.80780029296875,
501.30000000000001,2.8205795288085938,
501.39999999999998,2.8231353759765625,
501.5,2.8307952880859375,
501.60000000000002,2.8384628295898438,
501.69999999999999,2.84613037109375,
501.80000000000001,2.853790283203125,
501.89999999999998,2.8589019775390625,
502,2.8691253662109375,
502.10000000000002,2.853790283203125,
502.19999999999999,2.818023681640625,
502.30000000000001,2.8026962280273438,
502.39999999999998,2.8103561401367188,
502.5,2.8231353759765625,
502.60000000000002,2.8333511352539062,
502.69999999999999,2.835906982421875,
502.80000000000001,2.8435745239257812,
502.89999999999998,2.8614578247070312,
503,2.8691253662109375,
503.10000000000002,2.874237060546875,
503.19999999999999,2.8997802734375,
503.30000000000001,2.92022705078125,
503.39999999999998,2.910003662109375,
503.5,2.8946762084960938,
503.60000000000002,2.8870086669921875,
503.69999999999999,2.892120361328125,
503.80000000000001,2.9023361206054688,
503.89999999999998,2.910003662109375,
504,2.9151153564453125,
504.10000000000002,2.9151153564453125,
504.19999999999999,2.9227752685546875,
504.30000000000001,2.9329986572265625,
504.39999999999998,2.9406661987304688,
504.5,2.9483261108398438,
504.60000000000002,2.927886962890625,
504.69999999999999,2.8946762084960938,
504.80000000000001,2.892120361328125,
504.89999999999998,2.9048919677734375,
505,2.9176712036132812,
505.10000000000002,2.9176712036132812,
505.19999999999999,2.92022705078125,
505.30000000000001,2.9355545043945312,
505.39999999999998,2.9406661987304688,
505.5,2.9432220458984375,
505.60000000000002,2.945770263671875,
505.69999999999999,2.9432220458984375,
505.80000000000001,2.9227752685546875,
505.89999999999998,2.8997802734375,
506,2.892120361328125,
506.10000000000002,2.8997802734375,
506.19999999999999,2.9125595092773438,
506.30000000000001,2.9125595092773438,
506.39999999999998,2.92022705078125,
506.5,2.9329986572265625,
506.60000000000002,2.9381103515625,
506.69999999999999,2.9432220458984375,
506.80000000000001,2.9483261108398438,
506.89999999999998,2.9534378051757812,
507,2.9432220458984375,
507.10000000000002,2.9151153564453125,
507.19999999999999,2.9023361206054688,
507.30000000000001,2.9023361206054688,
507.39999999999998,2.910003662109375,
507.5,2.9176712036132812,
507.60000000000002,2.927886962890625,
507.69999999999999,2.9355545043945312,
507.80000000000001,2.9355545043945312,
507.89999999999998,2.9483261108398438,
508,2.9611053466796875,
508.10000000000002,2.9789886474609375,
508.19999999999999,2.9687652587890625,
508.30000000000001,2.9329986572265625,
508.39999999999998,2.9227752685546875,
508.5,2.9227752685546875,
508.60000000000002,2.9253311157226562,
508.69999999999999,2.92022705078125,
508.80000000000001,2.9048919677734375,
508.89999999999998,2.9125595092773438,
509,2.9329986572265625,
509.10000000000002,2.9406661987304688,
509.19999999999999,2.9508819580078125,
509.30000000000001,2.966217041015625,
509.39999999999998,2.9636611938476562,
509.5,2.9381103515625,
509.60000000000002,2.910003662109375,
509.69999999999999,2.9074478149414062,
509.80000000000001,2.9227752685546875,
509.89999999999998,2.9355545043945312,
510,2.9483261108398438,8.3565464019775391
510.10000000000002,2.95599365234375,
510.19999999999999,2.9585494995117188,
510.30000000000001,2.9687652587890625,
510.39999999999998,2.9764328002929688,
510.5,2.9815444946289062,
510.60000000000002,2.973876953125,
510.69999999999999,2.9534378051757812,
510.80000000000001,2.9406661987304688,
510.89999999999998,2.9432220458984375,
511,2.9508819580078125,
511.10000000000002,2.9483261108398438,
511.19999999999999,2.9483261108398438,
511.30000000000001,2.966217041015625,
511.39999999999998,2.9866561889648438,
511.5,2.9994277954101562,
511.60000000000002,3.0096511840820312,
511.69999999999999,3.0249786376953125,
511.80000000000001,3.0428619384765625,
511.89999999999998,3.0454177856445312,
512,3.0224227905273438,
512.10000000000002,2.9994277954101562,
512.20000000000005,2.9943161010742188,
512.29999999999995,3.0096511840820312,
512.39999999999998,3.01220703125,
512.5,3.001983642578125,
512.60000000000002,3.0275344848632812,
512.70000000000005,3.0735244750976562,
512.79999999999995,3.0735244750976562,
512.89999999999998,3.0428619384765625,
513,3.0224227905273438,
513.10000000000002,3.037750244140625,
513.20000000000005,3.0862960815429688,
513.29999999999995,3.0990753173828125,
513.39999999999998,3.0709686279296875,
513.5,3.0479736328125,
513.60000000000002,3.0479736328125,
513.70000000000005,3.0479736328125,
513.79999999999995,3.0454177856445312,
513.89999999999998,3.0530853271484375,
514,3.0556411743164062,
514.10000000000002,3.0607452392578125,
514.20000000000005,3.076080322265625,
514.29999999999995,3.0811920166015625,
514.39999999999998,3.083740234375,
514.5,3.06585693359375,
514.60000000000002,3.0275344848632812,
514.70000000000005,3.0224227905273438,
514.79999999999995,3.037750244140625,
514.89999999999998,3.0633010864257812,
515,3.083740234375,
515.10000000000002,3.0888519287109375,
515.20000000000005,3.093963623046875,
515.29999999999995,3.0862960815429688,
515.39999999999998,3.076080322265625,
515.5,3.0684127807617188,
515.60000000000002,3.0709686279296875,
515.70000000000005,3.0684127807617188,
515.79999999999995,3.037750244140625,
515.89999999999998,2.99176025390625,
516,2.9585494995117188,
516.10000000000002,2.966217041015625,
516.20000000000005,2.9789886474609375,
516.29999999999995,2.9687652587890625,
516.39999999999998,2.9585494995117188,
516.5,2.9611053466796875,
516.60000000000002,2.9636611938476562,
516.70000000000005,2.9713211059570312,
516.79999999999995,3.0224227905273438,
516.89999999999998,3.1169586181640625,
517,3.1833877563476562,
517.10000000000002,3.1603927612304688,
517.20000000000005,3.1629486083984375,
517.29999999999995,3.295806884765625,
517.39999999999998,3.5461959838867188,
517.5,3.8783493041992188,
517.60000000000002,4.2334976196289062,
517.70000000000005,4.5784225463867188,
517.79999999999995,4.8850173950195312,
517.89999999999998,5.1200790405273438,
518,5.3270339965820312,
518.10000000000002,5.5518722534179688,
518.20000000000005,5.7562713623046875,
518.29999999999995,5.9146804809570312,
518.39999999999998,6.0526504516601562,
518.5,6.185516357421875,
518.60000000000002,6.2493896484375,
518.70000000000005,6.2289505004882812,
518.79999999999995,6.17529296875,
518.89999999999998,6.0654296875,
519,5.8891372680664062,
519.10000000000002,5.6566314697265625,
519.20000000000005,5.3832473754882812,
519.29999999999995,5.1303024291992188,
519.39999999999998,4.8773574829101562,
519.5,4.5784225463867188,
519.60000000000002,4.307586669921875,
519.70000000000005,4.0444259643554688,
519.79999999999995,3.7582626342773438,
519.89999999999998,3.5385360717773438,
520,3.3954544067382812,2.6132402420043945
520.10000000000002,3.2625961303710938,
520.20000000000005,3.1578369140625,
520.29999999999995,3.0684127807617188,
520.39999999999998,2.9815444946289062,
520.5,2.966217041015625,
520.60000000000002,2.9304428100585938,
520.70000000000005,2.7848052978515625,
520.79999999999995,2.6596145629882812,
520.89999999999998,2.5906295776367188,
521,2.5650787353515625,
521.10000000000002,2.5676345825195312,
521.20000000000005,2.5497512817382812,
521.29999999999995,2.5676345825195312,
521.39999999999998,2.5931854248046875,
521.5,2.5906295776367188,
521.60000000000002,2.5957412719726562,
521.70000000000005,2.5931854248046875,
521.79999999999995,2.5906295776367188,
521.89999999999998,2.5829620361328125,
522,2.5548553466796875,
522.10000000000002,2.542083740234375,
522.20000000000005,2.5829620361328125,
522.29999999999995,2.669830322265625,
522.39999999999998,2.7592620849609375,
522.5,2.8410186767578125,
522.60000000000002,2.9508819580078125,
522.70000000000005,3.093963623046875,
522.79999999999995,3.28814697265625,
522.89999999999998,3.4644393920898438,
523,3.610076904296875,
523.10000000000002,3.7506027221679688,
523.20000000000005,3.8911209106445312,
523.29999999999995,4.0623092651367188,
523.39999999999998,4.1747283935546875,
523.5,4.1594009399414062,
523.60000000000002,4.0725326538085938,
523.70000000000005,3.9805526733398438,
523.79999999999995,3.8834609985351562,
523.89999999999998,3.8068084716796875,
524,3.755706787109375,
524.10000000000002,3.6586227416992188,
524.20000000000005,3.4567718505859375,
524.29999999999995,3.2574844360351562,
524.39999999999998,3.2114944458007812,
524.5,3.2396011352539062,
524.60000000000002,3.2268218994140625,
524.70000000000005,3.1936111450195312,
524.79999999999995,3.1884994506835938,
524.89999999999998,3.150177001953125,
525,3.111846923828125,
525.10000000000002,3.1476211547851562,
525.20000000000005,3.13995361328125,
525.29999999999995,3.0403060913085938,
525.39999999999998,2.9304428100585938,
525.5,2.88189697265625,
525.60000000000002,2.9176712036132812,
525.70000000000005,2.95599365234375,
525.79999999999995,2.9611053466796875,
525.89999999999998,3.0045394897460938,
526,3.0811920166015625,
526.10000000000002,3.2344894409179688,
526.20000000000005,3.4823226928710938,
526.29999999999995,3.8272476196289062,
526.39999999999998,4.2386016845703125,
526.5,4.6193008422851562,
526.60000000000002,4.94378662109375,
526.70000000000005,5.2146148681640625,
526.79999999999995,5.4650039672851562,
526.89999999999998,5.7409439086914062,
527,6.0322113037109375,
527.10000000000002,6.26727294921875,
527.20000000000005,6.4435653686523438,
527.29999999999995,6.6045303344726562,
527.39999999999998,6.7527236938476562,
527.5,6.8574752807617188,
527.60000000000002,6.9341278076171875,
527.70000000000005,6.9699020385742188,
527.79999999999995,6.9443511962890625,
527.89999999999998,6.883026123046875,
528,6.7425003051757812,
528.10000000000002,6.5329971313476562,
528.20000000000005,6.3107070922851562,
528.29999999999995,6.0322113037109375,
528.39999999999998,5.6949539184570312,
528.5,5.3909072875976562,
528.60000000000002,5.1430740356445312,
528.70000000000005,4.90545654296875,
528.79999999999995,4.6831741333007812,
528.89999999999998,4.4481124877929688,
529,4.2283859252929688,
529.10000000000002,3.9422225952148438,
529.20000000000005,3.8425827026367188,
529.29999999999995,3.939666748046875,
529.39999999999998,3.8987884521484375,
529.5,3.7965927124023438,
529.60000000000002,3.748046875,
529.70000000000005,3.6049652099609375,
529.79999999999995,3.4567718505859375,
529.89999999999998,3.3366851806640625,
530,3.1884994506835938,6.6225166320800781
530.10000000000002,3.0709686279296875,
530.20000000000005,2.9764328002929688,
530.29999999999995,2.910003662109375,
530.39999999999998,2.874237060546875,
530.5,2.8333511352539062,
530.60000000000002,2.7975845336914062,
530.70000000000005,2.7797012329101562,
530.79999999999995,2.7771453857421875,
530.89999999999998,2.7771453857421875,
531,2.77203369140625,
531.10000000000002,2.7669219970703125,
531.20000000000005,2.77203369140625,
531.29999999999995,2.8052520751953125,
531.39999999999998,2.8486862182617188,
531.5,2.8410186767578125,
531.60000000000002,2.8307952880859375,
531.70000000000005,2.8870086669921875,
531.79999999999995,2.9968719482421875,
531.89999999999998,3.1476211547851562,
532,3.313690185546875,
532.10000000000002,3.4669952392578125,
532.20000000000005,3.5845260620117188,
532.29999999999995,3.645843505859375,
532.39999999999998,3.69183349609375,
532.5,3.7608184814453125,
532.60000000000002,3.8170318603515625,
532.70000000000005,3.8962326049804688,
532.79999999999995,4.0418701171875,
532.89999999999998,4.20794677734375,
533,4.4021224975585938,
533.10000000000002,4.6193008422851562,
533.20000000000005,4.859466552734375,
533.29999999999995,5.1073074340820312,
533.39999999999998,5.32958984375,
533.5,5.5467605590820312,
533.60000000000002,5.7690505981445312,
533.70000000000005,5.909576416015625,
533.79999999999995,5.9606704711914062,
533.89999999999998,5.9197921752929688,
534,5.7971572875976562,
534.10000000000002,5.7332763671875,
534.20000000000005,5.7179489135742188,
534.29999999999995,5.6234130859375,
534.39999999999998,5.4292373657226562,
534.5,5.1507415771484375,
534.60000000000002,4.8569107055664062,
534.70000000000005,4.57586669921875,
534.79999999999995,4.2820358276367188,
534.89999999999998,4.0086517333984375,
535,3.8042526245117188,
535.10000000000002,3.6432876586914062,
535.20000000000005,3.5053176879882812,
535.29999999999995,3.3750152587890625,
535.39999999999998,3.24981689453125,
535.5,3.1450653076171875,
535.60000000000002,3.076080322265625,
535.70000000000005,3.0224227905273438,
535.79999999999995,2.9764328002929688,
535.89999999999998,2.9355545043945312,
536,2.8435745239257812,
536.10000000000002,2.743927001953125,
536.20000000000005,2.708160400390625,
536.29999999999995,2.7285995483398438,
536.39999999999998,2.7515945434570312,
536.5,2.7643661499023438,
536.60000000000002,2.7797012329101562,
536.70000000000005,2.7873611450195312,
536.79999999999995,2.7924728393554688,
536.89999999999998,2.7924728393554688,
537,2.7848052978515625,
537.10000000000002,2.7899169921875,
537.20000000000005,2.800140380859375,
537.29999999999995,2.7745895385742188,
537.39999999999998,2.7311553955078125,
537.5,2.726043701171875,
537.60000000000002,2.7490386962890625,
537.70000000000005,2.7848052978515625,
537.79999999999995,2.8282470703125,
537.89999999999998,2.9023361206054688,
538,3.01220703125,
538.10000000000002,3.1425094604492188,
538.20000000000005,3.3060302734375,
538.29999999999995,3.5155410766601562,
538.39999999999998,3.7684860229492188,
538.5,4.0163192749023438,
538.60000000000002,4.2002792358398438,
538.70000000000005,4.3791275024414062,
538.79999999999995,4.5886383056640625,
538.89999999999998,4.8032608032226562,
539,5.0332107543945312,
539.10000000000002,5.2759323120117188,
539.20000000000005,5.485443115234375,
539.29999999999995,5.6745147705078125,
539.39999999999998,5.8584747314453125,
539.5,6.0219955444335938,
539.60000000000002,6.15740966796875,
539.70000000000005,6.2085113525390625,
539.79999999999995,6.1344146728515625,
539.89999999999998,5.9581222534179688,
540,5.7486114501953125,8.5551328659057617
540.10000000000002,5.5672073364257812,
540.20000000000005,5.4139022827148438,
540.29999999999995,5.2861557006835938,
540.39999999999998,5.1686248779296875,
540.5,5.0638656616210938,
540.60000000000002,4.9540023803710938,
540.70000000000005,4.8313674926757812,
540.79999999999995,4.6908416748046875,
540.89999999999998,4.5247650146484375,
541,4.3433609008789062,
541.10000000000002,4.1849517822265625,
541.20000000000005,4.0929718017578125,
541.29999999999995,4.0367584228515625,
541.39999999999998,3.9754409790039062,
541.5,3.8911209106445312,
541.60000000000002,3.7889251708984375,
541.70000000000005,3.6943893432617188,
541.79999999999995,3.6305160522460938,
541.89999999999998,3.58197021484375,
542,3.5206527709960938,
542.10000000000002,3.461883544921875,
542.20000000000005,3.3775711059570312,
542.29999999999995,3.2396011352539062,
542.39999999999998,3.1169586181640625,
542.5,3.0428619384765625,
542.60000000000002,2.9943161010742188,
542.70000000000005,2.9432220458984375,
542.79999999999995,2.8895645141601562,
542.89999999999998,2.8384628295898438,
543,2.7924728393554688,
543.10000000000002,2.7515945434570312,
543.20000000000005,2.7030487060546875,
543.29999999999995,2.651947021484375,
543.39999999999998,2.616180419921875,
543.5,2.577850341796875,
543.60000000000002,2.5114212036132812,
543.70000000000005,2.4705429077148438,
543.79999999999995,2.4909820556640625,
543.89999999999998,2.5574111938476562,
544,2.651947021484375,
544.10000000000002,2.7464828491210938,
544.20000000000005,2.853790283203125,
544.29999999999995,2.99176025390625,
544.39999999999998,3.1603927612304688,
544.5,3.341796875,
544.60000000000002,3.5385360717773438,
544.70000000000005,3.7429351806640625,
544.79999999999995,3.9013442993164062,
544.89999999999998,4.0342025756835938,
545,4.1542892456054688,
545.10000000000002,4.197723388671875,
545.20000000000005,4.1415176391601562,
545.29999999999995,4.0163192749023438,
545.39999999999998,3.8374710083007812,
545.5,3.610076904296875,
545.60000000000002,3.387786865234375,
545.70000000000005,3.1987152099609375,
545.79999999999995,3.076080322265625,
545.89999999999998,3.0224227905273438,
546,2.9329986572265625,
546.10000000000002,2.8282470703125,
546.20000000000005,2.7694778442382812,
546.29999999999995,2.743927001953125,
546.39999999999998,2.7388153076171875,
546.5,2.7311553955078125,
546.60000000000002,2.726043701171875,
546.70000000000005,2.7311553955078125,
546.79999999999995,2.7413711547851562,
546.89999999999998,2.7464828491210938,
547,2.7515945434570312,
547.10000000000002,2.761810302734375,
547.20000000000005,2.7592620849609375,
547.29999999999995,2.754150390625,
547.39999999999998,2.7771453857421875,
547.5,2.8665695190429688,
547.60000000000002,3.037750244140625,
547.70000000000005,3.2242660522460938,
547.79999999999995,3.3826751708984375,
547.89999999999998,3.553863525390625,
548,3.7761459350585938,
548.10000000000002,4.031646728515625,
548.20000000000005,4.2999267578125,
548.29999999999995,4.547760009765625,
548.39999999999998,4.7189407348632812,
548.5,4.823699951171875,
548.60000000000002,4.9412307739257812,
548.70000000000005,5.0613174438476562,
548.79999999999995,5.1584014892578125,
548.89999999999998,5.2401657104492188,
549,5.2938156127929688,
549.10000000000002,5.3091506958007812,
549.20000000000005,5.3704681396484375,
549.29999999999995,5.503326416015625,
549.39999999999998,5.6029739379882812,
549.5,5.6642913818359375,
549.60000000000002,5.7230606079101562,
549.70000000000005,5.8201522827148438,
549.79999999999995,5.9351272583007812,
549.89999999999998,6.0271072387695312,
550,6.0730972290039062,8.0717487335205078
550.10000000000002,6.0858688354492188,
550.20000000000005,6.0603179931640625,
550.29999999999995,6.0296554565429688,
550.39999999999998,6.0168838500976562,
550.5,5.9249038696289062,
550.60000000000002,5.7102813720703125,
550.70000000000005,5.4982223510742188,
550.79999999999995,5.3781356811523438,
550.89999999999998,5.3091506958007812,
551,5.2350540161132812,
551.10000000000002,5.1379623413085938,
551.20000000000005,5.0408706665039062,
551.29999999999995,4.9591140747070312,
551.39999999999998,4.86968994140625,
551.5,4.7828216552734375,
551.60000000000002,4.6704025268554688,
551.70000000000005,4.48388671875,
551.79999999999995,4.24371337890625,
551.89999999999998,4.0009918212890625,
552,3.7965927124023438,
552.10000000000002,3.6254043579101562,
552.20000000000005,3.4567718505859375,
552.29999999999995,3.3009185791015625,
552.39999999999998,3.1655044555664062,
552.5,3.0479736328125,
552.60000000000002,2.966217041015625,
552.70000000000005,2.9151153564453125,
552.79999999999995,2.8870086669921875,
552.89999999999998,2.8614578247070312,
553,2.800140380859375,
553.10000000000002,2.7209320068359375,
553.20000000000005,2.6953811645507812,
553.29999999999995,2.7132720947265625,
553.39999999999998,2.7337112426757812,
553.5,2.7490386962890625,
553.60000000000002,2.7669219970703125,
553.70000000000005,2.7848052978515625,
553.79999999999995,2.7950286865234375,
553.89999999999998,2.8026962280273438,
554,2.8052520751953125,
554.10000000000002,2.8154678344726562,
554.20000000000005,2.8231353759765625,
554.29999999999995,2.800140380859375,
554.39999999999998,2.7669219970703125,
554.5,2.761810302734375,
554.60000000000002,2.7694778442382812,
554.70000000000005,2.7771453857421875,
554.79999999999995,2.7848052978515625,
554.89999999999998,2.7950286865234375,
555,2.8052520751953125,
555.10000000000002,2.80780029296875,
555.20000000000005,2.8129119873046875,
555.29999999999995,2.8231353759765625,
555.39999999999998,2.8384628295898438,
555.5,2.8333511352539062,
555.60000000000002,2.7975845336914062,
555.70000000000005,2.7694778442382812,
555.79999999999995,2.7745895385742188,
555.89999999999998,2.8026962280273438,
556,2.8256912231445312,
556.10000000000002,2.8307952880859375,
556.20000000000005,2.8103561401367188,
556.29999999999995,2.7771453857421875,
556.39999999999998,2.7797012329101562,
556.5,2.7899169921875,
556.60000000000002,2.8026962280273438,
556.70000000000005,2.8154678344726562,
556.79999999999995,2.7924728393554688,
556.89999999999998,2.7567062377929688,
557,2.7464828491210938,
557.10000000000002,2.77203369140625,
557.20000000000005,2.8256912231445312,
557.29999999999995,2.864013671875,
557.39999999999998,2.8793411254882812,
557.5,2.88189697265625,
557.60000000000002,2.8844528198242188,
557.70000000000005,2.8972320556640625,
557.79999999999995,2.9125595092773438,
557.89999999999998,2.910003662109375,
558,2.8691253662109375,
558.10000000000002,2.8512420654296875,
558.20000000000005,2.874237060546875,
558.29999999999995,2.8691253662109375,
558.39999999999998,2.8307952880859375,
558.5,2.7797012329101562,
558.60000000000002,2.761810302734375,
558.70000000000005,2.7771453857421875,
558.79999999999995,2.77203369140625,
558.89999999999998,2.7771453857421875,
559,2.818023681640625,
559.10000000000002,2.874237060546875,
559.20000000000005,2.9176712036132812,
559.29999999999995,2.9508819580078125,
559.39999999999998,3.01220703125,
559.5,3.076080322265625,
559.60000000000002,3.1271820068359375,
559.70000000000005,3.1808319091796875,
559.79999999999995,3.21405029296875,
559.89999999999998,3.2114944458007812,
560,3.1067352294921875,7.3800740242004395
560.10000000000002,2.9125595092773438,
560.20000000000005,2.9994277954101562,
560.29999999999995,3.3494644165039062,
560.39999999999998,3.61773681640625,
560.5,3.9550018310546875,
560.60000000000002,4.3612442016601562,
560.70000000000005,4.6780624389648438,
560.79999999999995,4.961669921875,
560.89999999999998,5.1865081787109375,
561,5.4139022827148438,
561.10000000000002,5.7307205200195312,
561.20000000000005,6.0679855346679688,
561.29999999999995,6.1957321166992188,
561.39999999999998,5.9760055541992188,
561.5,5.6106414794921875,
561.60000000000002,5.2018356323242188,
561.70000000000005,4.7368316650390625,
561.79999999999995,4.3433609008789062,
561.89999999999998,4.0009918212890625,
562,3.6943893432617188,
562.10000000000002,3.4772109985351562,
562.20000000000005,3.3162460327148438,
562.29999999999995,3.168060302734375,
562.39999999999998,3.0505294799804688,
562.5,2.9866561889648438,
562.60000000000002,2.9508819580078125,
562.70000000000005,2.9176712036132812,
562.79999999999995,2.8793411254882812,
562.89999999999998,2.84613037109375,
563,2.8129119873046875,
563.10000000000002,2.7771453857421875,
563.20000000000005,2.7490386962890625,
563.29999999999995,2.7311553955078125,
563.39999999999998,2.7030487060546875,
563.5,2.6468353271484375,
563.60000000000002,2.598297119140625,
563.70000000000005,2.58807373046875,
563.79999999999995,2.5906295776367188,
563.89999999999998,2.58807373046875,
564,2.5906295776367188,
564.10000000000002,2.5931854248046875,
564.20000000000005,2.598297119140625,
564.29999999999995,2.6034011840820312,
564.39999999999998,2.6034011840820312,
564.5,2.598297119140625,
564.60000000000002,2.6034011840820312,
564.70000000000005,2.5855178833007812,
564.79999999999995,2.5369720458984375,
564.89999999999998,2.5165328979492188,
565,2.5216445922851562,
565.10000000000002,2.5446395874023438,
565.20000000000005,2.5727462768554688,
565.29999999999995,2.5931854248046875,
565.39999999999998,2.62384033203125,
565.5,2.6596145629882812,
565.60000000000002,2.7030487060546875,
565.70000000000005,2.7669219970703125,
565.79999999999995,2.8384628295898438,
565.89999999999998,2.8895645141601562,
566,2.874237060546875,
566.10000000000002,2.8205795288085938,
566.20000000000005,2.7771453857421875,
566.29999999999995,2.7515945434570312,
566.39999999999998,2.7413711547851562,
566.5,2.7183761596679688,
566.60000000000002,2.690277099609375,
566.70000000000005,2.6672821044921875,
566.79999999999995,2.6570587158203125,
566.89999999999998,2.6417312622070312,
567,2.6315078735351562,
567.10000000000002,2.634063720703125,
567.20000000000005,2.616180419921875,
567.29999999999995,2.5650787353515625,
567.39999999999998,2.524200439453125,
567.5,2.5165328979492188,
567.60000000000002,2.5369720458984375,
567.70000000000005,2.5625228881835938,
567.79999999999995,2.5727462768554688,
567.89999999999998,2.5931854248046875,
568,2.6366195678710938,
568.10000000000002,2.708160400390625,
568.20000000000005,2.8052520751953125,
568.29999999999995,2.9304428100585938,
568.39999999999998,3.0888519287109375,
568.5,3.2396011352539062,
568.60000000000002,3.3852310180664062,
568.70000000000005,3.5640869140625,
568.79999999999995,3.7710418701171875,
568.89999999999998,3.977996826171875,
569,4.1645126342773438,
569.10000000000002,4.3689117431640625,
569.20000000000005,4.5707550048828125,
569.29999999999995,4.749603271484375,
569.39999999999998,4.9029006958007812,
569.5,5.0510940551757812,
569.60000000000002,5.2018356323242188,
569.70000000000005,5.3219223022460938,
569.79999999999995,5.4241256713867188,
569.89999999999998,5.5442123413085938,
570,5.6642913818359375,6.004002571105957
570.10000000000002,5.7537155151367188,
570.20000000000005,5.779266357421875,
570.29999999999995,5.6949539184570312,
570.39999999999998,5.5825347900390625,
570.5,5.5135498046875,
570.60000000000002,5.45733642578125,
570.70000000000005,5.3321456909179688,
570.79999999999995,5.1456298828125,
570.89999999999998,5.0153274536132812,
571,4.94378662109375,
571.10000000000002,4.897796630859375,
571.20000000000005,4.8339157104492188,
571.29999999999995,4.7572708129882812,
571.39999999999998,4.6806182861328125,
571.5,4.5963058471679688,
571.60000000000002,4.4966583251953125,
571.70000000000005,4.4072341918945312,
571.79999999999995,4.35357666015625,
571.89999999999998,4.2948150634765625,
572,4.2028350830078125,
572.10000000000002,4.1082992553710938,
572.20000000000005,4.0980758666992188,
572.29999999999995,4.115966796875,
572.39999999999998,4.0929718017578125,
572.5,3.9933242797851562,
572.60000000000002,3.794036865234375,
572.70000000000005,3.5743026733398438,
572.79999999999995,3.3647918701171875,
572.89999999999998,3.1578369140625,
573,3.0735244750976562,
573.10000000000002,3.203826904296875,
573.20000000000005,3.2549285888671875,
573.29999999999995,3.23193359375,
573.39999999999998,3.23193359375,
573.5,3.0965194702148438,
573.60000000000002,2.9789886474609375,
573.70000000000005,2.9687652587890625,
573.79999999999995,2.9406661987304688,
573.89999999999998,2.8716812133789062,
574,2.8231353759765625,
574.10000000000002,2.7975845336914062,
574.20000000000005,2.7873611450195312,
574.29999999999995,2.7924728393554688,
574.39999999999998,2.7771453857421875,
574.5,2.7388153076171875,
574.60000000000002,2.73626708984375,
574.70000000000005,2.7643661499023438,
574.79999999999995,2.8614578247070312,
574.89999999999998,2.9125595092773438,
575,2.9074478149414062,
575.10000000000002,3.01220703125,
575.20000000000005,3.1271820068359375,
575.29999999999995,3.2447052001953125,
575.39999999999998,3.43377685546875,
575.5,3.6509552001953125,
575.60000000000002,3.8706817626953125,
575.70000000000005,4.05975341796875,
575.79999999999995,4.2334976196289062,
575.89999999999998,4.4251174926757812,
576,4.6014175415039062,
576.10000000000002,4.657623291015625,
576.20000000000005,4.6346282958984375,
576.29999999999995,4.621856689453125,
576.39999999999998,4.6014175415039062,
576.5,4.565643310546875,
576.60000000000002,4.547760009765625,
576.70000000000005,4.4532241821289062,
576.79999999999995,4.3229217529296875,
576.89999999999998,4.3203659057617188,
577,4.3305816650390625,
577.10000000000002,4.3203659057617188,
577.20000000000005,4.3791275024414062,
577.29999999999995,4.5119857788085938,
577.39999999999998,4.6985015869140625,
577.5,5.0051040649414062,
577.60000000000002,5.3398056030273438,
577.70000000000005,5.5263214111328125,
577.79999999999995,5.595306396484375,
577.89999999999998,5.697509765625,
578,5.8303680419921875,
578.10000000000002,5.9146804809570312,
578.20000000000005,6.0679855346679688,
578.29999999999995,6.3362579345703125,
578.39999999999998,6.59942626953125,
578.5,6.8549270629882812,
578.60000000000002,7.0363311767578125,
578.70000000000005,7.15130615234375,
578.79999999999995,7.1794052124023438,
578.89999999999998,6.9801177978515625,
579,6.6173095703125,
579.10000000000002,6.19317626953125,
579.20000000000005,5.6719589233398438,
579.29999999999995,5.0740890502929688,
579.39999999999998,4.547760009765625,
579.5,4.1926116943359375,
579.60000000000002,3.9601058959960938,
579.70000000000005,3.7889251708984375,
579.79999999999995,3.61773681640625,
579.89999999999998,3.426116943359375,
580,3.24981689453125,6.2805304527282715
580.10000000000002,3.093963623046875,
580.20000000000005,2.984100341796875,
580.29999999999995,2.9227752685546875,
580.39999999999998,2.8946762084960938,
580.5,2.8691253662109375,
580.60000000000002,2.8384628295898438,
580.70000000000005,2.8154678344726562,
580.79999999999995,2.8026962280273438,
580.89999999999998,2.7924728393554688,
581,2.7771453857421875,
581.10000000000002,2.7694778442382812,
581.20000000000005,2.7771453857421875,
581.29999999999995,2.7515945434570312,
581.39999999999998,2.7004928588867188,
581.5,2.6723861694335938,
581.60000000000002,2.6749420166015625,
581.70000000000005,2.6928253173828125,
581.79999999999995,2.7056045532226562,
581.89999999999998,2.7234878540039062,
582,2.754150390625,
582.10000000000002,2.7771453857421875,
582.20000000000005,2.782257080078125,
582.29999999999995,2.782257080078125,
582.39999999999998,2.7873611450195312,
582.5,2.782257080078125,
582.60000000000002,2.7413711547851562,
582.70000000000005,2.7030487060546875,
582.79999999999995,2.6928253173828125,
582.89999999999998,2.69793701171875,
583,2.7056045532226562,
583.10000000000002,2.7056045532226562,
583.20000000000005,2.7030487060546875,
583.29999999999995,2.7030487060546875,
583.39999999999998,2.7004928588867188,
583.5,2.6953811645507812,
583.60000000000002,2.6928253173828125,
583.70000000000005,2.6928253173828125,
583.79999999999995,2.6647262573242188,
583.89999999999998,2.6136245727539062,
584,2.58807373046875,
584.10000000000002,2.62384033203125,
584.20000000000005,2.7285995483398438,
584.29999999999995,2.80780029296875,
584.39999999999998,2.8307952880859375,
584.5,2.8486862182617188,
584.60000000000002,2.8767852783203125,
584.70000000000005,3.0096511840820312,
584.79999999999995,3.2523727416992188,
584.89999999999998,3.5257568359375,
585,3.7889251708984375,
585.10000000000002,4.0444259643554688,
585.20000000000005,4.2820358276367188,
585.29999999999995,4.5068817138671875,
585.39999999999998,4.731719970703125,
585.5,4.8492507934570312,
585.60000000000002,4.841583251953125,
585.70000000000005,4.8722457885742188,
585.79999999999995,5.025543212890625,
585.89999999999998,5.2503814697265625,
586,5.7205047607421875,
586.10000000000002,6.2442779541015625,
586.20000000000005,6.34136962890625,
586.29999999999995,6.34136962890625,
586.39999999999998,6.6479721069335938,
586.5,7.0618820190429688,
586.60000000000002,7.3148269653320312,
586.70000000000005,7.3940277099609375,
586.79999999999995,7.5524368286132812,
586.89999999999998,8.0506668090820312,
587,8.6459808349609375,
587.10000000000002,9.0113449096679688,
587.20000000000005,9.1850814819335938,
587.29999999999995,9.1314315795898438,
587.39999999999998,8.8912582397460938,
587.5,8.612762451171875,
587.60000000000002,8.446685791015625,
587.70000000000005,8.7711715698242188,
587.79999999999995,9.32049560546875,
587.89999999999998,9.32049560546875,
588,8.8759307861328125,
588.10000000000002,8.3240509033203125,
588.20000000000005,7.4553451538085938,
588.29999999999995,6.423126220703125,
588.39999999999998,5.6029739379882812,
588.5,4.989776611328125,
588.60000000000002,4.5349807739257812,
588.70000000000005,4.1926116943359375,
588.79999999999995,3.9243392944335938,
588.89999999999998,3.69183349609375,
589,3.4951019287109375,
589.10000000000002,3.3264694213867188,
589.20000000000005,3.2114944458007812,
589.29999999999995,3.1706161499023438,
589.39999999999998,3.1578369140625,
589.5,3.1271820068359375,
589.60000000000002,3.0709686279296875,
589.70000000000005,2.9968719482421875,
589.79999999999995,2.9636611938476562,
589.89999999999998,2.910003662109375,
590,2.8052520751953125,4.5180721282958984
590.10000000000002,2.7515945434570312,
590.20000000000005,2.7490386962890625,
590.29999999999995,2.7643661499023438,
590.39999999999998,2.7464828491210938,
590.5,2.7158203125,
590.60000000000002,2.7004928588867188,
590.70000000000005,2.7030487060546875,
590.79999999999995,2.7183761596679688,
590.89999999999998,2.7107162475585938,
591,2.69793701171875,
591.10000000000002,2.7158203125,
591.20000000000005,2.726043701171875,
591.29999999999995,2.7311553955078125,
591.39999999999998,2.743927001953125,
591.5,2.7388153076171875,
591.60000000000002,2.7388153076171875,
591.70000000000005,2.7234878540039062,
591.79999999999995,2.69793701171875,
591.89999999999998,2.7158203125,
592,2.7592620849609375,
592.10000000000002,2.8231353759765625,
592.20000000000005,2.8844528198242188,
592.29999999999995,2.9508819580078125,
592.39999999999998,3.03009033203125,
592.5,3.0990753173828125,
592.60000000000002,3.1476211547851562,
592.70000000000005,3.1910552978515625,
592.79999999999995,3.2242660522460938,
592.89999999999998,3.221710205078125,
593,3.1629486083984375,
593.10000000000002,3.093963623046875,
593.20000000000005,3.058197021484375,
593.29999999999995,3.0505294799804688,
593.39999999999998,3.0556411743164062,
593.5,3.058197021484375,
593.60000000000002,3.0556411743164062,
593.70000000000005,3.0505294799804688,
593.79999999999995,3.0505294799804688,
593.89999999999998,3.0505294799804688,
594,3.0530853271484375,
594.10000000000002,3.058197021484375,
594.20000000000005,3.0556411743164062,
594.29999999999995,3.019866943359375,
594.39999999999998,2.984100341796875,
594.5,2.9789886474609375,
594.60000000000002,2.9968719482421875,
594.70000000000005,3.0173110961914062,
594.79999999999995,3.03009033203125,
594.89999999999998,3.0505294799804688,
595,3.093963623046875,
595.10000000000002,3.2242660522460938,
595.20000000000005,3.4593276977539062,
595.29999999999995,3.7327117919921875,
595.39999999999998,4.031646728515625,
595.5,4.335693359375,
595.60000000000002,4.6193008422851562,
595.70000000000005,4.8773574829101562,
595.79999999999995,5.12774658203125,
595.89999999999998,5.3551406860351562,
596,5.5620956420898438,
596.10000000000002,5.7843780517578125,
596.20000000000005,5.9862213134765625,
596.29999999999995,6.1982879638671875,
596.39999999999998,6.5023345947265625,
596.5,6.7936019897460938,
596.60000000000002,6.9188003540039062,
596.70000000000005,6.9188003540039062,
596.79999999999995,6.9264602661132812,
596.89999999999998,6.9162445068359375,
597,6.8549270629882812,
597.10000000000002,6.8114852905273438,
597.20000000000005,6.773162841796875,
597.29999999999995,6.7144012451171875,
597.39999999999998,6.6505203247070312,
597.5,6.6147537231445312,
597.60000000000002,6.515106201171875,
597.70000000000005,6.3107070922851562,
597.79999999999995,6.1241912841796875,
597.89999999999998,5.9938888549804688,
598,5.86358642578125,
598.10000000000002,5.7383880615234375,
598.20000000000005,5.6387405395507812,
598.29999999999995,5.5391006469726562,
598.39999999999998,5.4317855834960938,
598.5,5.3423614501953125,
598.60000000000002,5.23760986328125,
598.70000000000005,5.0868606567382812,
598.79999999999995,4.915679931640625,
598.89999999999998,4.7572708129882812,
599,4.6141891479492188,
599.10000000000002,4.4327850341796875,
599.20000000000005,4.2794876098632812,
599.29999999999995,4.1823959350585938,
599.39999999999998,4.115966796875,
599.5,4.1517333984375,
599.60000000000002,4.3689117431640625,
599.70000000000005,4.4200057983398438,
599.79999999999995,4.1900558471679688,
599.89999999999998,3.9294509887695312,
600,3.7071609497070312,6.6518850326538086
