"Data Set 1:Time(s)","Data Set 1:Force(N)","Data Set 1:Respiration Rate(bpm)"
0,5.595306396484375,8.9219331741333008
0.10000000000000001,5.4752273559570312,
0.20000000000000001,5.3551406860351562,
0.29999999999999999,5.3551406860351562,
0.40000000000000002,5.3551406860351562,
0.5,5.357696533203125,
0.59999999999999998,5.3628005981445312,
0.69999999999999996,5.3730239868164062,
0.80000000000000004,5.3679122924804688,
0.90000000000000002,5.3500289916992188,
1,5.4036865234375,
1.1000000000000001,5.4522323608398438,
1.2,5.4343414306640625,
1.3,5.4343414306640625,
1.3999999999999999,5.4420089721679688,
1.5,5.3960189819335938,
1.6000000000000001,5.2631607055664062,
1.7,5.0332107543945312,
1.8,4.713836669921875,
1.8999999999999999,4.3944625854492188,
2,4.07763671875,
2.1000000000000001,3.76593017578125,
2.2000000000000002,3.5436477661132812,
2.2999999999999998,3.4235610961914062,
2.3999999999999999,3.35968017578125,
2.5,3.3034744262695312,
2.6000000000000001,3.2549285888671875,
2.7000000000000002,3.2191619873046875,
2.7999999999999998,3.1808319091796875,
2.8999999999999999,3.1476211547851562,
3,3.1348419189453125,
3.1000000000000001,3.1195144653320312,
3.2000000000000002,3.0786361694335938,
3.2999999999999998,3.0556411743164062,
3.3999999999999999,3.0735244750976562,
3.5,3.0990753173828125,
3.6000000000000001,3.1169586181640625,
3.7000000000000002,3.129730224609375,
3.7999999999999998,3.1425094604492188,
3.8999999999999999,3.1578369140625,
4,3.1655044555664062,
4.0999999999999996,3.17572021484375,
4.2000000000000002,3.1961669921875,
4.2999999999999998,3.1808319091796875,
4.4000000000000004,3.1552810668945312,
4.5,3.1706161499023438,
4.5999999999999996,3.2370452880859375,
4.7000000000000002,3.3494644165039062,
4.7999999999999998,3.5666427612304688,
4.9000000000000004,3.8221359252929688,
5,4.0929718017578125,
5.0999999999999996,4.4353408813476562,
5.2000000000000002,4.8492507934570312,
5.2999999999999998,5.2606048583984375,
5.4000000000000004,5.5850906372070312,
5.5,5.86358642578125,
5.5999999999999996,6.1446304321289062,
5.7000000000000002,6.41546630859375,
5.7999999999999998,6.6658554077148438,
5.9000000000000004,6.9009170532226562,
6,7.1206436157226562,
6.0999999999999996,7.2994918823242188,
6.2000000000000002,7.473236083984375,
6.2999999999999998,7.6316452026367188,
6.4000000000000004,7.6112060546875,
6.5,7.4374618530273438,
6.5999999999999996,7.2918319702148438,
6.7000000000000002,7.2177352905273438,
6.7999999999999998,7.1998519897460938,
6.9000000000000004,7.1666336059570312,
7,6.9545669555664062,
7.0999999999999996,6.5381011962890625,
7.2000000000000002,6.1011962890625,
7.2999999999999998,5.6923980712890625,
7.4000000000000004,5.2861557006835938,
7.5,4.9310073852539062,
7.5999999999999996,4.6320724487304688,
7.7000000000000002,4.3586883544921875,
7.7999999999999998,4.1108551025390625,
7.9000000000000004,3.903900146484375,
8,3.7352676391601562,
8.0999999999999996,3.6024093627929688,
8.1999999999999993,3.5002059936523438,
8.3000000000000007,3.426116943359375,
8.4000000000000004,3.3290252685546875,
8.5,3.2268218994140625,
8.5999999999999996,3.1884994506835938,
8.6999999999999993,3.1987152099609375,
8.8000000000000007,3.2063827514648438,
8.9000000000000004,3.1833877563476562,
9,3.1782760620117188,
9.0999999999999996,3.1936111450195312,
9.1999999999999993,3.203826904296875,
9.3000000000000007,3.2114944458007812,
9.4000000000000004,3.221710205078125,
9.5,3.1961669921875,
9.5999999999999996,3.1552810668945312,
9.6999999999999993,3.1476211547851562,
9.8000000000000007,3.1808319091796875,
9.9000000000000004,3.2063827514648438,
10,3.1961669921875,9.018035888671875
10.1,3.1655044555664062,
10.199999999999999,3.1603927612304688,
10.300000000000001,3.2293777465820312,
10.4,3.277923583984375,
10.5,3.2574844360351562,
10.6,3.1808319091796875,
10.699999999999999,3.1016311645507812,
10.800000000000001,3.0684127807617188,
10.9,3.0428619384765625,
11,3.0326461791992188,
11.1,3.0224227905273438,
11.199999999999999,3.0530853271484375,
11.300000000000001,3.1169586181640625,
11.4,3.1987152099609375,
11.5,3.4593276977539062,
11.6,3.8502426147460938,
11.699999999999999,4.0367584228515625,
11.800000000000001,4.0750808715820312,
11.9,4.1823959350585938,
12,4.3561325073242188,
12.1,4.57586669921875,
12.199999999999999,4.8134765625,
12.300000000000001,5.0740890502929688,
12.4,5.3781356811523438,
12.5,5.7664947509765625,
12.6,6.2110671997070312,
12.699999999999999,6.7169570922851562,
12.800000000000001,7.3531494140625,
12.9,7.8360443115234375,
13,8.1962966918945312,
13.1,8.668975830078125,
13.199999999999999,8.9730224609375,
13.300000000000001,8.8861465454101562,
13.4,8.6740875244140625,
13.5,8.668975830078125,
13.6,8.7175216674804688,
13.699999999999999,8.668975830078125,
13.800000000000001,8.835052490234375,
13.9,9.3613815307617188,
14,9.74462890625,
14.1,9.6015472412109375,
14.199999999999999,9.4635772705078125,
14.300000000000001,9.4814605712890625,
14.4,9.3332748413085938,
14.5,9.1135406494140625,
14.6,9.0803298950195312,
14.699999999999999,9.1620864868164062,
14.800000000000001,9.1390914916992188,
14.9,8.8043899536132812,
15,8.1145401000976562,
15.1,7.4246902465820312,
15.199999999999999,6.5789871215820312,
15.300000000000001,5.5212173461914062,
15.4,4.6831741333007812,
15.5,4.3663558959960938,
15.6,4.4097900390625,
15.699999999999999,4.5426483154296875,
15.800000000000001,4.8007049560546875,
15.9,4.8926849365234375,
16,4.7010574340820312,
16.100000000000001,4.473663330078125,
16.199999999999999,4.3050308227539062,
16.300000000000001,4.16961669921875,
16.399999999999999,4.105743408203125,
16.5,4.2411575317382812,
16.600000000000001,4.363800048828125,
16.699999999999999,4.3740158081054688,
16.800000000000001,4.225830078125,
16.899999999999999,4.0112075805664062,
17,3.9524459838867188,
17.100000000000001,3.9728851318359375,
17.199999999999999,4.0520858764648438,
17.300000000000001,4.0929718017578125,
17.399999999999999,4.0853042602539062,
17.5,4.1594009399414062,
17.600000000000001,4.307586669921875,
17.699999999999999,4.5145416259765625,
17.800000000000001,4.8032608032226562,
17.899999999999999,5.0613174438476562,
18,5.23760986328125,
18.100000000000001,5.4139022827148438,
18.199999999999999,5.5850906372070312,
18.300000000000001,5.6642913818359375,
18.399999999999999,5.6821823120117188,
18.5,5.7000656127929688,
18.600000000000001,5.7639389038085938,
18.699999999999999,5.8456954956054688,
18.800000000000001,5.927459716796875,
18.899999999999999,6.0219955444335938,
19,6.1037521362304688,
19.100000000000001,6.1650772094726562,
19.199999999999999,6.221282958984375,
19.300000000000001,6.3004913330078125,
19.399999999999999,6.3822479248046875,
19.5,6.423126220703125,
19.600000000000001,6.423126220703125,
19.699999999999999,6.3950271606445312,
19.800000000000001,6.3439254760742188,
19.899999999999999,6.2979354858398438,
20,6.2749404907226562,8.9552240371704102
20.100000000000001,6.26727294921875,
20.199999999999999,6.2723846435546875,
20.300000000000001,6.3004913330078125,
20.399999999999999,6.3822479248046875,
20.5,6.423126220703125,
20.600000000000001,6.3541412353515625,
20.699999999999999,6.3055953979492188,
20.800000000000001,6.3004913330078125,
20.899999999999999,6.2877120971679688,
21,6.2570571899414062,
21.100000000000001,6.2059555053710938,
21.199999999999999,6.1599655151367188,
21.300000000000001,6.1190872192382812,
21.399999999999999,6.0858688354492188,
21.5,6.04754638671875,
21.600000000000001,5.9504547119140625,
21.699999999999999,5.8124847412109375,
21.800000000000001,5.7026214599609375,
21.899999999999999,5.6208572387695312,
22,5.5723114013671875,
22.100000000000001,5.54931640625,
22.199999999999999,5.541656494140625,
22.300000000000001,5.5237655639648438,
22.399999999999999,5.4879989624023438,
22.5,5.4650039672851562,
22.600000000000001,5.467559814453125,
22.699999999999999,5.4650039672851562,
22.800000000000001,5.4190139770507812,
22.899999999999999,5.3628005981445312,
23,5.3449172973632812,
23.100000000000001,5.357696533203125,
23.199999999999999,5.375579833984375,
23.300000000000001,5.3781356811523438,
23.399999999999999,5.3781356811523438,
23.5,5.3883514404296875,
23.600000000000001,5.4420089721679688,
23.699999999999999,5.5161056518554688,
23.800000000000001,5.5748672485351562,
23.899999999999999,5.6080856323242188,
24,5.559539794921875,
24.100000000000001,5.53143310546875,
24.199999999999999,5.53143310546875,
24.300000000000001,5.53143310546875,
24.399999999999999,5.5569839477539062,
24.5,5.5672073364257812,
24.600000000000001,5.5339889526367188,
24.699999999999999,5.595306396484375,
24.800000000000001,5.6438522338867188,
24.899999999999999,5.4803314208984375,
25,5.2682723999023438,
25.100000000000001,5.025543212890625,
25.199999999999999,4.7700424194335938,
25.300000000000001,4.5860824584960938,
25.399999999999999,4.4659957885742188,
25.5,4.3689117431640625,
25.600000000000001,4.307586669921875,
25.699999999999999,4.2488250732421875,
25.800000000000001,4.2105026245117188,
25.899999999999999,4.1645126342773438,
26,4.1261825561523438,
26.100000000000001,4.1185226440429688,
26.199999999999999,4.1287384033203125,
26.300000000000001,4.1261825561523438,
26.399999999999999,4.1082992553710938,
26.5,4.123626708984375,
26.600000000000001,4.2845916748046875,
26.699999999999999,4.6525115966796875,
26.800000000000001,5.1149673461914062,
26.899999999999999,5.595306396484375,
27,6.1063079833984375,
27.100000000000001,6.571319580078125,
27.199999999999999,6.9366836547851562,
27.300000000000001,7.2688369750976562,
27.399999999999999,7.55499267578125,
27.5,7.7593917846679688,
27.600000000000001,7.9101409912109375,
27.699999999999999,8.0021209716796875,
27.800000000000001,7.894805908203125,
27.899999999999999,7.5703201293945312,
28,7.18707275390625,
28.100000000000001,6.8370361328125,
28.199999999999999,6.4997787475585938,
28.300000000000001,6.1446304321289062,
28.399999999999999,5.7920455932617188,
28.5,5.4522323608398438,
28.600000000000001,5.2146148681640625,
28.699999999999999,5.0562057495117188,
28.800000000000001,4.8543624877929688,
28.899999999999999,4.6499557495117188,
29,4.5222091674804688,
29.100000000000001,4.4506683349609375,
29.199999999999999,4.3867950439453125,
29.300000000000001,4.307586669921875,
29.399999999999999,4.2513809204101562,
29.5,4.2002792358398438,
29.600000000000001,4.1210708618164062,
29.699999999999999,4.0750808715820312,
29.800000000000001,4.0648651123046875,
29.899999999999999,4.0520858764648438,
30,4.0546417236328125,8.4348640441894531
30.100000000000001,4.07763671875,
30.199999999999999,4.1006317138671875,
30.300000000000001,4.1261825561523438,
30.399999999999999,4.1568450927734375,
30.5,4.1900558471679688,
30.600000000000001,4.2564926147460938,
30.699999999999999,4.3484725952148438,
30.800000000000001,4.4506683349609375,
30.899999999999999,4.5681991577148438,
31,4.7444915771484375,
31.100000000000001,4.9948806762695312,
31.199999999999999,5.2912673950195312,
31.300000000000001,5.6131973266601562,
31.399999999999999,5.8610305786132812,
31.5,6.0909805297851562,
31.600000000000001,6.5457687377929688,
31.699999999999999,7.2305068969726562,
31.800000000000001,7.9075851440429688,
31.899999999999999,8.4696807861328125,
32,8.870819091796875,
32.100000000000001,9.146759033203125,
32.200000000000003,9.43292236328125,
32.299999999999997,9.7982864379882812,
32.399999999999999,10.194305419921875,
32.5,10.403816223144531,
32.600000000000001,10.273513793945312,
32.700000000000003,9.9796905517578125,
32.799999999999997,9.6909713745117188,
32.899999999999999,9.1876373291015625,
33,8.40069580078125,
33.100000000000001,7.7593917846679688,
33.200000000000003,7.3199310302734375,
33.299999999999997,6.8958053588867188,
33.399999999999999,6.4384613037109375,
33.5,5.8967971801757812,
33.600000000000001,5.3857955932617188,
33.700000000000003,5.0408706665039062,
33.799999999999997,4.8160324096679688,
33.899999999999999,4.6422958374023438,
34,4.5043258666992188,
34.100000000000001,4.399566650390625,
34.200000000000003,4.2973709106445312,
34.299999999999997,4.2028350830078125,
34.399999999999999,4.1210708618164062,
34.5,4.0623092651367188,
34.600000000000001,4.02398681640625,
34.700000000000003,3.9703292846679688,
34.799999999999997,3.939666748046875,
34.899999999999999,3.9524459838867188,
35,3.9626617431640625,
35.100000000000001,3.9575576782226562,
35.200000000000003,3.9524459838867188,
35.299999999999997,3.9473342895507812,
35.399999999999999,3.9473342895507812,
35.5,3.9473342895507812,
35.600000000000001,3.9550018310546875,
35.700000000000003,3.9677734375,
35.799999999999997,3.9447784423828125,
35.899999999999999,3.8936767578125,
36,3.886016845703125,
36.100000000000001,3.9013442993164062,
36.200000000000003,3.903900146484375,
36.299999999999997,3.8962326049804688,
36.399999999999999,3.9115676879882812,
36.5,3.939666748046875,
36.600000000000001,3.94989013671875,
36.700000000000003,3.9601058959960938,
36.799999999999997,3.9473342895507812,
36.899999999999999,3.9115676879882812,
37,3.921783447265625,
37.100000000000001,3.9882125854492188,
37.200000000000003,4.0367584228515625,
37.299999999999997,4.179840087890625,
37.399999999999999,4.57586669921875,
37.5,4.8748016357421875,
37.600000000000001,4.9361190795898438,
37.700000000000003,5.0408706665039062,
37.799999999999997,5.3500289916992188,
37.899999999999999,5.7971572875976562,
38,6.2008438110351562,
38.100000000000001,6.6019821166992188,
38.200000000000003,7.0235519409179688,
38.299999999999997,7.1845169067382812,
38.399999999999999,7.1334152221679688,
38.5,7.2637252807617188,
38.600000000000001,7.4502410888671875,
38.700000000000003,7.5626602172851562,
38.799999999999997,7.7312850952148438,
38.899999999999999,7.9459075927734375,
39,8.1298675537109375,
39.100000000000001,8.2397308349609375,
39.200000000000003,8.3266067504882812,
39.299999999999997,8.2499542236328125,
39.399999999999999,7.88714599609375,
39.5,7.6674118041992188,
39.600000000000001,7.7415084838867188,
39.700000000000003,7.6725234985351562,
39.799999999999997,7.526885986328125,
39.899999999999999,7.4834518432617188,
40,7.2943801879882812,7.1485304832458496
40.100000000000001,6.8983612060546875,
40.200000000000003,6.4640121459960938,
40.299999999999997,6.1011962890625,
40.399999999999999,5.7690505981445312,
40.5,5.411346435546875,
40.600000000000001,5.0664215087890625,
40.700000000000003,4.7904815673828125,
40.799999999999997,4.5426483154296875,
40.899999999999999,4.3280258178710938,
41,4.1670608520507812,
41.100000000000001,4.05975341796875,
41.200000000000003,3.98565673828125,
41.299999999999997,3.9371109008789062,
41.399999999999999,3.8987884521484375,
41.5,3.8630218505859375,
41.600000000000001,3.8349151611328125,
41.700000000000003,3.7889251708984375,
41.799999999999997,3.7710418701171875,
41.899999999999999,3.8553543090820312,
42,3.977996826171875,
42.100000000000001,4.1082992553710938,
42.200000000000003,4.1823959350585938,
42.299999999999997,4.1645126342773438,
42.399999999999999,4.1364059448242188,
42.5,4.1542892456054688,
42.600000000000001,4.1721725463867188,
42.700000000000003,4.2028350830078125,
42.799999999999997,4.2411575317382812,
42.899999999999999,4.2283859252929688,
43,4.1670608520507812,
43.100000000000001,4.123626708984375,
43.200000000000003,4.1568450927734375,
43.299999999999997,4.1951675415039062,
43.399999999999999,4.1900558471679688,
43.5,4.1721725463867188,
43.600000000000001,4.1670608520507812,
43.700000000000003,4.1823959350585938,
43.799999999999997,4.2794876098632812,
43.899999999999999,4.4404525756835938,
44,4.6014175415039062,
44.100000000000001,4.8364715576171875,
44.200000000000003,5.1992874145507812,
44.299999999999997,5.4982223510742188,
44.399999999999999,5.6923980712890625,
44.5,5.8789138793945312,
44.600000000000001,6.0066604614257812,
44.700000000000003,6.0705413818359375,
44.799999999999997,6.0449905395507812,
44.899999999999999,5.9223480224609375,
45,5.8022613525390625,
45.100000000000001,5.6923980712890625,
45.200000000000003,5.5850906372070312,
45.299999999999997,5.5212173461914062,
45.399999999999999,5.4701156616210938,
45.5,5.3040390014648438,
45.600000000000001,5.025543212890625,
45.700000000000003,4.8134765625,
45.799999999999997,4.6499557495117188,
45.899999999999999,4.6269607543945312,
46,4.5860824584960938,
46.100000000000001,4.4174575805664062,
46.200000000000003,4.2334976196289062,
46.299999999999997,4.1568450927734375,
46.399999999999999,4.179840087890625,
46.5,4.1823959350585938,
46.600000000000001,4.13385009765625,
46.700000000000003,4.2386016845703125,
46.799999999999997,4.4685516357421875,
46.899999999999999,4.6601791381835938,
47,4.8569107055664062,
47.100000000000001,5.0204315185546875,
47.200000000000003,5.117523193359375,
47.299999999999997,5.2606048583984375,
47.399999999999999,5.54931640625,
47.5,5.9351272583007812,
47.600000000000001,6.3081512451171875,
47.700000000000003,6.6888504028320312,
47.799999999999997,7.0644302368164062,
47.899999999999999,7.3684768676757812,
48,7.5882110595703125,
48.100000000000001,7.8181610107421875,
48.200000000000003,8.1733016967773438,
48.299999999999997,8.6025466918945312,
48.399999999999999,9.110992431640625,
48.5,9.5453414916992188,
48.600000000000001,9.8289413452148438,
48.700000000000003,9.9899063110351562,
48.799999999999997,10.041007995605469,
48.899999999999999,10.071670532226562,
49,9.8417205810546875,
49.100000000000001,9.3051681518554688,
49.200000000000003,8.84271240234375,
49.299999999999997,8.5258941650390625,
49.399999999999999,8.0404434204101562,
49.5,7.4527969360351562,
49.600000000000001,6.9443511962890625,
49.700000000000003,6.423126220703125,
49.799999999999997,5.9478988647460938,
49.899999999999999,5.6131973266601562,
50,5.4317855834960938,8.5066156387329102
50.100000000000001,5.3372573852539062,
50.200000000000003,5.2478256225585938,
50.299999999999997,5.2146148681640625,
50.399999999999999,5.2222824096679688,
50.5,5.1890640258789062,
50.600000000000001,5.1149673461914062,
50.700000000000003,4.9974365234375,
50.799999999999997,4.9003524780273438,
50.899999999999999,4.8722457885742188,
51,4.859466552734375,
51.100000000000001,4.841583251953125,
51.200000000000003,4.8364715576171875,
51.299999999999997,4.8492507934570312,
51.399999999999999,4.86968994140625,
51.5,4.9029006958007812,
51.600000000000001,4.9565582275390625,
51.700000000000003,4.9744415283203125,
51.799999999999997,4.9310073852539062,
51.899999999999999,4.8875732421875,
52,4.8671340942382812,
52.100000000000001,4.8671340942382812,
52.200000000000003,4.90545654296875,
52.299999999999997,4.9412307739257812,
52.399999999999999,4.915679931640625,
52.5,4.8569107055664062,
52.600000000000001,4.8211441040039062,
52.700000000000003,4.8262557983398438,
52.799999999999997,4.8134765625,
52.899999999999999,4.7828216552734375,
53,5.0051040649414062,
53.100000000000001,5.4803314208984375,
53.200000000000003,5.95556640625,
53.299999999999997,6.4640121459960938,
53.399999999999999,6.9980010986328125,
53.5,7.5473251342773438,
53.600000000000001,8.0634384155273438,
53.700000000000003,8.4569091796875,
53.799999999999997,8.7251815795898438,
53.899999999999999,8.8222732543945312,
54,8.6383132934570312,
54.100000000000001,8.2525100708007812,
54.200000000000003,7.8386001586914062,
54.299999999999997,7.3940277099609375,
54.399999999999999,6.9520111083984375,
54.5,6.56109619140625,
54.600000000000001,6.2187271118164062,
54.700000000000003,5.9530105590820312,
54.799999999999997,5.7409439086914062,
54.899999999999999,5.5237655639648438,
55,5.31170654296875,
55.100000000000001,5.1711807250976562,
55.200000000000003,5.0945281982421875,
55.299999999999997,5.0383224487304688,
55.399999999999999,4.9744415283203125,
55.5,4.9284515380859375,
55.600000000000001,4.90545654296875,
55.700000000000003,4.9029006958007812,
55.799999999999997,4.915679931640625,
55.899999999999999,4.9105682373046875,
56,4.9131240844726562,
56.100000000000001,4.9029006958007812,
56.200000000000003,4.86968994140625,
56.299999999999997,4.86968994140625,
56.399999999999999,4.8569107055664062,
56.5,4.8032608032226562,
56.600000000000001,4.7521591186523438,
56.700000000000003,4.7342758178710938,
56.799999999999997,4.7444915771484375,
56.899999999999999,4.7470474243164062,
57,4.7010574340820312,
57.100000000000001,4.639739990234375,
57.200000000000003,4.639739990234375,
57.299999999999997,4.6244125366210938,
57.399999999999999,4.5886383056640625,
57.5,4.657623291015625,
57.600000000000001,4.7751541137695312,
57.700000000000003,4.9412307739257812,
57.799999999999997,5.1992874145507812,
57.899999999999999,5.4292373657226562,
58,5.5620956420898438,
58.100000000000001,5.6361923217773438,
58.200000000000003,5.7179489135742188,
58.299999999999997,5.7997055053710938,
58.399999999999999,5.8686904907226562,
58.5,5.9249038696289062,
58.600000000000001,5.9581222534179688,
58.700000000000003,5.95556640625,
58.799999999999997,5.9070205688476562,
58.899999999999999,5.8916854858398438,
59,5.89935302734375,
59.100000000000001,5.8865814208984375,
59.200000000000003,5.8303680419921875,
59.299999999999997,5.761383056640625,
59.399999999999999,5.7639389038085938,
59.5,5.909576416015625,
59.600000000000001,6.2545013427734375,
59.700000000000003,6.7041778564453125,
59.799999999999997,7.2075119018554688,
59.899999999999999,7.7312850952148438,
60,8.1554183959960938,8.7336244583129883
60.100000000000001,8.4415817260742188,
60.200000000000003,8.6332015991210938,
60.299999999999997,8.6357574462890625,
60.399999999999999,8.393035888671875,
60.5,8.0762100219726562,
60.600000000000001,7.7900543212890625,
60.700000000000003,7.5345535278320312,
60.799999999999997,7.3046035766601562,
60.899999999999999,7.0235519409179688,
61,6.7041778564453125,
61.100000000000001,6.3669204711914062,
61.200000000000003,6.00921630859375,
61.299999999999997,5.6489639282226562,
61.399999999999999,5.32958984375,
61.5,5.1098556518554688,
61.600000000000001,4.94378662109375,
61.700000000000003,4.7904815673828125,
61.799999999999997,4.6601791381835938,
61.899999999999999,4.5579757690429688,
62,4.48388671875,
62.100000000000001,4.4327850341796875,
62.200000000000003,4.4021224975585938,
62.299999999999997,4.3791275024414062,
62.399999999999999,4.3714675903320312,
62.5,4.3944625854492188,
62.600000000000001,4.4097900390625,
62.700000000000003,4.3944625854492188,
62.799999999999997,4.381683349609375,
62.899999999999999,4.3893508911132812,
63,4.4046783447265625,
63.100000000000001,4.399566650390625,
63.200000000000003,4.39190673828125,
63.299999999999997,4.3970108032226562,
63.399999999999999,4.4072341918945312,
63.5,4.4123458862304688,
63.600000000000001,4.4174575805664062,
63.700000000000003,4.437896728515625,
63.799999999999997,4.437896728515625,
63.899999999999999,4.42767333984375,
64,4.4532241821289062,
64.099999999999994,4.529876708984375,
64.200000000000003,4.61163330078125,
64.299999999999997,4.6474075317382812,
64.400000000000006,4.7444915771484375,
64.5,5.007659912109375,
64.599999999999994,5.34747314453125,
64.700000000000003,5.6464080810546875,
64.799999999999997,5.9044647216796875,
64.900000000000006,6.1190872192382812,
65,6.3183746337890625,
65.099999999999994,6.5406570434570312,
65.200000000000003,6.7271728515625,
65.299999999999997,6.8242645263671875,
65.400000000000006,6.8702545166015625,
65.5,6.8447036743164062,
65.599999999999994,6.755279541015625,
65.700000000000003,6.6658554077148438,
65.799999999999997,6.571319580078125,
65.900000000000006,6.5227737426757812,
66,6.461456298828125,
66.099999999999994,6.3081512451171875,
66.200000000000003,6.1420822143554688,
66.299999999999997,6.0679855346679688,
66.400000000000006,6.0501022338867188,
66.5,6.0449905395507812,
66.599999999999994,6.0117721557617188,
66.700000000000003,5.9683380126953125,
66.799999999999997,5.9530105590820312,
66.900000000000006,5.9249038696289062,
67,5.8508071899414062,
67.099999999999994,5.7486114501953125,
67.200000000000003,5.5902023315429688,
67.299999999999997,5.4087905883789062,
67.400000000000006,5.2503814697265625,
67.5,5.1303024291992188,
67.599999999999994,5.0664215087890625,
67.700000000000003,5.135406494140625,
67.799999999999997,5.5212173461914062,
67.900000000000006,6.1088638305664062,
68,6.6300811767578125,
68.099999999999994,7.1104202270507812,
68.200000000000003,7.5984268188476562,
68.299999999999997,8.0889892578125,
68.400000000000006,8.531005859375,
68.5,8.9321365356445312,
68.599999999999994,9.3460464477539062,
68.700000000000003,9.716522216796875,
68.799999999999997,9.96435546875,
68.900000000000006,10.112548828125,
69,9.9081497192382812,
69.099999999999994,9.2770614624023438,
69.200000000000003,8.6357574462890625,
69.299999999999997,8.1630859375,
69.400000000000006,7.7747268676757812,
69.5,7.4195785522460938,
69.599999999999994,7.0695419311523438,
69.700000000000003,6.69140625,
69.799999999999997,6.3439254760742188,
69.900000000000006,6.0424346923828125,
70,5.743499755859375,8.3102493286132812
70.099999999999994,5.45733642578125,
70.200000000000003,5.2350540161132812,
70.299999999999997,5.0792007446289062,
70.400000000000006,4.933563232421875,
70.5,4.7700424194335938,
70.599999999999994,4.6422958374023438,
70.700000000000003,4.5579757690429688,
70.799999999999997,4.48388671875,
70.900000000000006,4.4353408813476562,
71,4.4225616455078125,
71.099999999999994,4.3740158081054688,
71.200000000000003,4.3280258178710938,
71.299999999999997,4.3203659057617188,
71.400000000000006,4.3280258178710938,
71.5,4.35357666015625,
71.599999999999994,4.363800048828125,
71.700000000000003,4.363800048828125,
71.799999999999997,4.3740158081054688,
71.900000000000006,4.381683349609375,
72,4.39190673828125,
72.099999999999994,4.4072341918945312,
72.200000000000003,4.4225616455078125,
72.299999999999997,4.4149017333984375,
72.400000000000006,4.3842391967773438,
72.5,4.3740158081054688,
72.599999999999994,4.3867950439453125,
72.700000000000003,4.4097900390625,
72.799999999999997,4.4174575805664062,
72.900000000000006,4.42767333984375,
73,4.4659957885742188,
73.099999999999994,4.50177001953125,
73.200000000000003,4.5119857788085938,
73.299999999999997,4.5349807739257812,
73.400000000000006,4.5733108520507812,
73.5,4.583526611328125,
73.599999999999994,4.5860824584960938,
73.700000000000003,4.6627349853515625,
73.799999999999997,4.8748016357421875,
73.900000000000006,5.181396484375,
74,5.5237655639648438,
74.099999999999994,5.8789138793945312,
74.200000000000003,6.221282958984375,
74.299999999999997,6.5764312744140625,
74.400000000000006,6.89324951171875,
74.5,7.0184402465820312,
74.599999999999994,7.0388870239257812,
74.700000000000003,7.1947402954101562,
74.799999999999997,7.3199310302734375,
74.900000000000006,7.325042724609375,
75,7.4860076904296875,
75.099999999999994,7.7619476318359375,
75.200000000000003,7.9893417358398438,
75.299999999999997,8.0276718139648438,
75.400000000000006,7.8207168579101562,
75.5,7.4885635375976562,
75.599999999999994,7.141082763671875,
75.700000000000003,6.847259521484375,
75.799999999999997,6.6121978759765625,
75.900000000000006,6.4077987670898438,
76,6.1829605102539062,
76.099999999999994,5.9249038696289062,
76.200000000000003,5.6745147705078125,
76.299999999999997,5.439453125,
76.400000000000006,5.1584014892578125,
76.5,4.9003524780273438,
76.599999999999994,4.7393875122070312,
76.700000000000003,4.5707550048828125,
76.799999999999997,4.4200057983398438,
76.900000000000006,4.3586883544921875,
77,4.3024826049804688,
77.099999999999994,4.2641525268554688,
77.200000000000003,4.2845916748046875,
77.299999999999997,4.307586669921875,
77.400000000000006,4.3229217529296875,
77.5,4.3305816650390625,
77.599999999999994,4.3229217529296875,
77.700000000000003,4.3254776000976562,
77.799999999999997,4.3280258178710938,
77.900000000000006,4.3280258178710938,
78,4.3408050537109375,
78.099999999999994,4.3561325073242188,
78.200000000000003,4.363800048828125,
78.299999999999997,4.3689117431640625,
78.400000000000006,4.3714675903320312,
78.5,4.381683349609375,
78.599999999999994,4.4046783447265625,
78.700000000000003,4.399566650390625,
78.799999999999997,4.3561325073242188,
78.900000000000006,4.3203659057617188,
79,4.3152542114257812,
79.099999999999994,4.3280258178710938,
79.200000000000003,4.3408050537109375,
79.299999999999997,4.345916748046875,
79.400000000000006,4.3561325073242188,
79.5,4.3714675903320312,
79.599999999999994,4.3791275024414062,
79.700000000000003,4.39190673828125,
79.799999999999997,4.4097900390625,
79.900000000000006,4.399566650390625,
80,4.3740158081054688,8.4269657135009766
80.099999999999994,4.3663558959960938,
80.200000000000003,4.3714675903320312,
80.299999999999997,4.3765716552734375,
80.400000000000006,4.381683349609375,
80.5,4.3867950439453125,
80.599999999999994,4.3893508911132812,
80.700000000000003,4.3867950439453125,
80.799999999999997,4.4021224975585938,
80.900000000000006,4.42767333984375,
81,4.4481124877929688,
81.099999999999994,4.4481124877929688,
81.200000000000003,4.437896728515625,
81.299999999999997,4.4327850341796875,
81.400000000000006,4.4200057983398438,
81.5,4.4149017333984375,
81.599999999999994,4.4123458862304688,
81.700000000000003,4.4097900390625,
81.799999999999997,4.4327850341796875,
81.900000000000006,4.491546630859375,
82,4.5273208618164062,
82.099999999999994,4.5554275512695312,
82.200000000000003,4.5860824584960938,
82.299999999999997,4.6678466796875,
82.400000000000006,4.841583251953125,
82.5,5.0919723510742188,
82.599999999999994,5.4011306762695312,
82.700000000000003,5.725616455078125,
82.799999999999997,6.0807571411132812,
82.900000000000006,6.52532958984375,
83,7.0184402465820312,
83.099999999999994,7.5217819213867188,
83.200000000000003,8.014892578125,
83.299999999999997,8.2806167602539062,
83.400000000000006,8.1681900024414062,
83.5,7.7517318725585938,
83.599999999999994,7.2177352905273438,
83.700000000000003,6.7144012451171875,
83.799999999999997,6.2519454956054688,
83.900000000000006,5.8559188842773438,
84,5.5339889526367188,
84.099999999999994,5.2708206176757812,
84.200000000000003,5.0280990600585938,
84.299999999999997,4.8441390991210938,
84.400000000000006,4.7470474243164062,
84.5,4.7010574340820312,
84.599999999999994,4.6525115966796875,
84.700000000000003,4.565643310546875,
84.799999999999997,4.5119857788085938,
84.900000000000006,4.5043258666992188,
85,4.4762191772460938,
85.099999999999994,4.4200057983398438,
85.200000000000003,4.3433609008789062,
85.299999999999997,4.2794876098632812,
85.400000000000006,4.2513809204101562,
85.5,4.2309417724609375,
85.599999999999994,4.225830078125,
85.700000000000003,4.2667083740234375,
85.799999999999997,4.3254776000976562,
85.900000000000006,4.3765716552734375,
86,4.4327850341796875,
86.099999999999994,4.5043258666992188,
86.200000000000003,4.5784225463867188,
86.299999999999997,4.675506591796875,
86.400000000000006,4.7521591186523438,
86.5,4.851806640625,
86.599999999999994,5.043426513671875,
86.700000000000003,5.3372573852539062,
86.799999999999997,5.6285247802734375,
86.900000000000006,5.8814697265625,
87,6.1804046630859375,
87.099999999999994,6.5100021362304688,
87.200000000000003,6.7399520874023438,
87.299999999999997,6.8344802856445312,
87.400000000000006,6.8319320678710938,
87.5,6.7501678466796875,
87.599999999999994,6.6326370239257812,
87.700000000000003,6.5100021362304688,
87.799999999999997,6.3745803833007812,
87.900000000000006,6.2289505004882812,
88,6.08331298828125,
88.099999999999994,5.9223480224609375,
88.200000000000003,5.7588272094726562,
88.299999999999997,5.6106414794921875,
88.400000000000006,5.4701156616210938,
88.5,5.3244781494140625,
88.599999999999994,5.1558456420898438,
88.700000000000003,4.9769973754882812,
88.799999999999997,4.8339157104492188,
88.900000000000006,4.731719970703125,
89,4.6601791381835938,
89.099999999999994,4.6141891479492188,
89.200000000000003,4.5784225463867188,
89.299999999999997,4.5426483154296875,
89.400000000000006,4.5170974731445312,
89.5,4.5119857788085938,
89.599999999999994,4.4889907836914062,
89.700000000000003,4.4583358764648438,
89.799999999999997,4.4200057983398438,
89.900000000000006,4.39190673828125,
90,4.4097900390625,7.8125
90.099999999999994,4.4608917236328125,
90.200000000000003,4.565643310546875,
90.299999999999997,4.7930374145507812,
90.400000000000006,5.1711807250976562,
90.5,5.633636474609375,
90.599999999999994,6.0628738403320312,
90.700000000000003,6.4129104614257812,
90.799999999999997,6.7169570922851562,
90.900000000000006,6.9826736450195312,
91,7.2202911376953125,
91.099999999999994,7.5038909912109375,
91.200000000000003,7.7823867797851562,
91.299999999999997,7.9765701293945312,
91.400000000000006,8.1962966918945312,
91.5,8.2959442138671875,
91.599999999999994,8.1324234008789062,
91.700000000000003,7.7619476318359375,
91.799999999999997,7.3735885620117188,
91.900000000000006,7.1027603149414062,
92,6.6862945556640625,
92.099999999999994,6.1420822143554688,
92.200000000000003,5.71539306640625,
92.299999999999997,5.3449172973632812,
92.400000000000006,4.9872207641601562,
92.5,4.7061691284179688,
92.599999999999994,4.5145416259765625,
92.700000000000003,4.4251174926757812,
92.799999999999997,4.3893508911132812,
92.900000000000006,4.3433609008789062,
93,4.2973709106445312,
93.099999999999994,4.2488250732421875,
93.200000000000003,4.2181625366210938,
93.299999999999997,4.2283859252929688,
93.400000000000006,4.2488250732421875,
93.5,4.253936767578125,
93.599999999999994,4.24371337890625,
93.700000000000003,4.2309417724609375,
93.799999999999997,4.2360458374023438,
93.900000000000006,4.24371337890625,
94,4.2488250732421875,
94.099999999999994,4.2667083740234375,
94.200000000000003,4.2973709106445312,
94.299999999999997,4.3152542114257812,
94.400000000000006,4.3203659057617188,
94.5,4.3944625854492188,
94.599999999999994,4.5247650146484375,
94.700000000000003,4.639739990234375,
94.799999999999997,4.7368316650390625,
94.900000000000006,4.805816650390625,
95,4.8262557983398438,
95.099999999999994,4.8262557983398438,
95.200000000000003,4.8160324096679688,
95.299999999999997,4.7879257202148438,
95.400000000000006,4.767486572265625,
95.5,4.7087249755859375,
95.599999999999994,4.621856689453125,
95.700000000000003,4.5963058471679688,
95.799999999999997,4.6295166015625,
95.900000000000006,4.675506591796875,
96,4.7266082763671875,
96.099999999999994,4.7725982666015625,
96.200000000000003,4.8134765625,
96.299999999999997,4.851806640625,
96.400000000000006,4.8824615478515625,
96.5,4.897796630859375,
96.599999999999994,4.9386749267578125,
96.700000000000003,5.007659912109375,
96.799999999999997,5.0919723510742188,
96.900000000000006,5.2810440063476562,
97,5.559539794921875,
97.099999999999994,5.807373046875,
97.200000000000003,6.0347671508789062,
97.299999999999997,6.2749404907226562,
97.400000000000006,6.497222900390625,
97.5,6.681182861328125,
97.599999999999994,6.8676986694335938,
97.700000000000003,7.0414352416992188,
97.799999999999997,7.1155319213867188,
97.900000000000006,7.1027603149414062,
98,7.0542144775390625,
98.099999999999994,6.9647903442382812,
98.200000000000003,6.8447036743164062,
98.299999999999997,6.7654953002929688,
98.400000000000006,6.70928955078125,
98.5,6.6121978759765625,
98.599999999999994,6.423126220703125,
98.700000000000003,6.1599655151367188,
98.799999999999997,5.8891372680664062,
98.900000000000006,5.6259689331054688,
99,5.3398056030273438,
99.099999999999994,5.0459823608398438,
99.200000000000003,4.8262557983398438,
99.299999999999997,4.6985015869140625,
99.400000000000006,4.6039657592773438,
99.5,4.5119857788085938,
99.599999999999994,4.4327850341796875,
99.700000000000003,4.3867950439453125,
99.799999999999997,4.3484725952148438,
99.900000000000006,4.31781005859375,
100,4.3101425170898438,10.647737503051758
100.09999999999999,4.307586669921875,
100.2,4.2845916748046875,
100.3,4.2667083740234375,
100.40000000000001,4.2488250732421875,
100.5,4.20794677734375,
100.59999999999999,4.1594009399414062,
100.7,4.1312942504882812,
100.8,4.1542892456054688,
100.90000000000001,4.197723388671875,
101,4.2360458374023438,
101.09999999999999,4.271820068359375,
101.2,4.3050308227539062,
101.3,4.3331375122070312,
101.40000000000001,4.363800048828125,
101.5,4.3791275024414062,
101.59999999999999,4.3765716552734375,
101.7,4.3510208129882812,
101.8,4.3024826049804688,
101.90000000000001,4.271820068359375,
102,4.2615966796875,
102.09999999999999,4.2667083740234375,
102.2,4.2769317626953125,
102.3,4.2948150634765625,
102.40000000000001,4.3331375122070312,
102.5,4.3740158081054688,
102.59999999999999,4.39190673828125,
102.7,4.4021224975585938,
102.8,4.4200057983398438,
102.90000000000001,4.4353408813476562,
103,4.4583358764648438,
103.09999999999999,4.473663330078125,
103.2,4.5119857788085938,
103.3,4.5963058471679688,
103.40000000000001,4.72149658203125,
103.5,4.9310073852539062,
103.59999999999999,5.1660690307617188,
103.7,5.3883514404296875,
103.8,5.6157455444335938,
103.90000000000001,5.8227005004882812,
104,6.0245513916015625,
104.09999999999999,6.2468338012695312,
104.2,6.4359054565429688,
104.3,6.5738754272460938,
104.40000000000001,6.7271728515625,
104.5,6.9622344970703125,
104.59999999999999,7.250946044921875,
104.7,7.5141143798828125,
104.8,7.7185134887695312,
104.90000000000001,7.9254684448242188,
105,8.07110595703125,
105.09999999999999,8.0659942626953125,
105.2,7.933135986328125,
105.3,7.7082901000976562,
105.40000000000001,7.381256103515625,
105.5,7.0286636352539062,
105.59999999999999,6.7884902954101562,
105.7,6.6505203247070312,
105.8,6.5202178955078125,
105.90000000000001,6.4205703735351562,
106,6.3209304809570312,
106.09999999999999,6.1037521362304688,
106.2,5.8124847412109375,
106.3,5.5748672485351562,
106.40000000000001,5.3423614501953125,
106.5,5.081756591796875,
106.59999999999999,4.8850173950195312,
106.7,4.749603271484375,
106.8,4.621856689453125,
106.90000000000001,4.4864425659179688,
107,4.3893508911132812,
107.09999999999999,4.3561325073242188,
107.2,4.3510208129882812,
107.3,4.3612442016601562,
107.40000000000001,4.3970108032226562,
107.5,4.4149017333984375,
107.59999999999999,4.3944625854492188,
107.7,4.3305816650390625,
107.8,4.2283859252929688,
107.90000000000001,4.1670608520507812,
108,4.2028350830078125,
108.09999999999999,4.2845916748046875,
108.2,4.345916748046875,
108.3,4.4021224975585938,
108.40000000000001,4.4659957885742188,
108.5,4.5273208618164062,
108.59999999999999,4.5988616943359375,
108.7,4.7087249755859375,
108.8,4.8645782470703125,
108.90000000000001,5.0051040649414062,
109,5.0945281982421875,
109.09999999999999,5.1839523315429688,
109.2,5.319366455078125,
109.3,5.6208572387695312,
109.40000000000001,5.9785614013671875,
109.5,6.1880722045898438,
109.59999999999999,6.3745803833007812,
109.7,6.59942626953125,
109.8,6.7501678466796875,
109.90000000000001,6.8447036743164062,
110,6.9494552612304688,11.261260986328125
110.09999999999999,7.0056686401367188,
110.2,6.9724502563476562,
110.3,6.9162445068359375,
110.40000000000001,6.8498153686523438,
110.5,6.7961578369140625,
110.59999999999999,6.773162841796875,
110.7,6.7271728515625,
110.8,6.6837387084960938,
110.90000000000001,6.6607437133789062,
111,6.6224212646484375,
111.09999999999999,6.5636520385742188,
111.2,6.4946670532226562,
111.3,6.4180221557617188,
111.40000000000001,6.3388137817382812,
111.5,6.277496337890625,
111.59999999999999,6.19317626953125,
111.7,6.0730972290039062,
111.8,5.9683380126953125,
111.90000000000001,5.835479736328125,
112,5.5850906372070312,
112.09999999999999,5.2631607055664062,
112.2,4.9948806762695312,
112.3,4.8313674926757812,
112.40000000000001,4.7240524291992188,
112.5,4.6422958374023438,
112.59999999999999,4.5886383056640625,
112.7,4.5503158569335938,
112.8,4.4966583251953125,
112.90000000000001,4.4634475708007812,
113,4.4608917236328125,
113.09999999999999,4.4659957885742188,
113.2,4.4634475708007812,
113.3,4.4608917236328125,
113.40000000000001,4.4225616455078125,
113.5,4.3433609008789062,
113.59999999999999,4.289703369140625,
113.7,4.2641525268554688,
113.8,4.271820068359375,
113.90000000000001,4.3152542114257812,
114,4.3944625854492188,
114.09999999999999,4.5273208618164062,
114.2,4.70361328125,
114.3,4.8620223999023438,
114.40000000000001,5.0408706665039062,
114.5,5.2708206176757812,
114.59999999999999,5.5263214111328125,
114.7,5.8303680419921875,
114.8,6.147186279296875,
114.90000000000001,6.4818954467773438,
115,6.9724502563476562,
115.09999999999999,7.5984268188476562,
115.2,8.1196517944335938,
115.3,8.428802490234375,
115.40000000000001,8.5923233032226562,
115.5,8.722625732421875,
115.59999999999999,8.84271240234375,
115.7,8.9474716186523438,
115.8,9.0241165161132812,
115.90000000000001,8.9372482299804688,
116,8.6715316772460938,
116.09999999999999,8.3725967407226562,
116.2,8.0685501098632812,
116.3,7.7210693359375,
116.40000000000001,7.3633651733398438,
116.5,7.0184402465820312,
116.59999999999999,6.6888504028320312,
116.7,6.387359619140625,
116.8,6.093536376953125,
116.90000000000001,5.807373046875,
117,5.5467605590820312,
117.09999999999999,5.31170654296875,
117.2,5.0919723510742188,
117.3,4.9182357788085938,
117.40000000000001,4.7930374145507812,
117.5,4.7240524291992188,
117.59999999999999,4.6525115966796875,
117.7,4.5528717041015625,
117.8,4.5605316162109375,
117.90000000000001,4.6065216064453125,
118,4.5605316162109375,
118.09999999999999,4.5094375610351562,
118.2,4.5119857788085938,
118.3,4.5528717041015625,
118.40000000000001,4.5196533203125,
118.5,4.4021224975585938,
118.59999999999999,4.3305816650390625,
118.7,4.335693359375,
118.8,4.3305816650390625,
118.90000000000001,4.345916748046875,
119,4.437896728515625,
119.09999999999999,4.5273208618164062,
119.2,4.6269607543945312,
119.3,4.7777099609375,
119.40000000000001,4.9207916259765625,
119.5,5.0153274536132812,
119.59999999999999,5.0153274536132812,
119.7,4.9386749267578125,
119.8,4.9029006958007812,
119.90000000000001,4.9003524780273438,
120,4.9182357788085938,9.8765430450439453
120.09999999999999,4.97955322265625,
120.2,5.173736572265625,
120.3,5.5007705688476562,
120.40000000000001,5.9070205688476562,
120.5,6.3541412353515625,
120.59999999999999,6.7399520874023438,
120.7,7.0542144775390625,
120.8,7.3557052612304688,
120.90000000000001,7.6265335083007812,
121,7.8207168579101562,
121.09999999999999,7.9356918334960938,
121.2,8.07110595703125,
121.3,8.2039642333984375,
121.40000000000001,8.1733016967773438,
121.5,8.0838775634765625,
121.59999999999999,8.0046768188476562,
121.7,7.795166015625,
121.8,7.4987869262695312,
121.90000000000001,7.1819610595703125,
122,6.80126953125,
122.09999999999999,6.3643646240234375,
122.2,5.9325714111328125,
122.3,5.5825347900390625,
122.40000000000001,5.3398056030273438,
122.5,5.1456298828125,
122.59999999999999,4.9718856811523438,
122.7,4.841583251953125,
122.8,4.6933975219726562,
122.90000000000001,4.547760009765625,
123,4.4711074829101562,
123.09999999999999,4.4327850341796875,
123.2,4.3842391967773438,
123.3,4.3408050537109375,
123.40000000000001,4.3280258178710938,
123.5,4.307586669921875,
123.59999999999999,4.2513809204101562,
123.7,4.1900558471679688,
123.8,4.1721725463867188,
123.90000000000001,4.1721725463867188,
124,4.1772842407226562,
124.09999999999999,4.2130508422851562,
124.2,4.2411575317382812,
124.3,4.2564926147460938,
124.40000000000001,4.2999267578125,
124.5,4.3970108032226562,
124.59999999999999,4.5988616943359375,
124.7,4.851806640625,
124.8,5.0510940551757812,
124.90000000000001,5.3091506958007812,
125,5.669403076171875,
125.09999999999999,6.0041122436523438,
125.2,6.2826004028320312,
125.3,6.5381011962890625,
125.40000000000001,6.7782745361328125,
125.5,6.957122802734375,
125.59999999999999,7.0618820190429688,
125.7,7.1436386108398438,
125.8,7.1104202270507812,
125.90000000000001,6.8574752807617188,
126,6.553436279296875,
126.09999999999999,6.2979354858398438,
126.2,6.0347671508789062,
126.3,5.761383056640625,
126.40000000000001,5.4879989624023438,
126.5,5.1558456420898438,
126.59999999999999,4.859466552734375,
126.7,4.7930374145507812,
126.8,4.7700424194335938,
126.90000000000001,4.6295166015625,
127,4.5400924682617188,
127.09999999999999,4.57586669921875,
127.2,4.6601791381835938,
127.3,4.6474075317382812,
127.40000000000001,4.529876708984375,
127.5,4.4532241821289062,
127.59999999999999,4.4251174926757812,
127.7,4.39190673828125,
127.8,4.3714675903320312,
127.90000000000001,4.3893508911132812,
128,4.4021224975585938,
128.09999999999999,4.381683349609375,
128.19999999999999,4.3791275024414062,
128.30000000000001,4.4174575805664062,
128.40000000000001,4.4966583251953125,
128.5,4.6193008422851562,
128.59999999999999,4.7879257202148438,
128.69999999999999,4.961669921875,
128.80000000000001,5.1405181884765625,
128.90000000000001,5.3602523803710938,
129,5.6004180908203125,
129.09999999999999,5.8380355834960938,
129.19999999999999,6.0628738403320312,
129.30000000000001,6.3004913330078125,
129.40000000000001,6.56109619140625,
129.5,6.8089370727539062,
129.59999999999999,7.0363311767578125,
129.69999999999999,7.2739410400390625,
129.80000000000001,7.537109375,
129.90000000000001,7.7747268676757812,
130,7.8820343017578125,12.03852367401123
130.09999999999999,7.9586868286132812,
130.19999999999999,8.014892578125,
130.30000000000001,7.9433517456054688,
130.40000000000001,7.8667068481445312,
130.5,7.7977218627929688,
130.59999999999999,7.7057418823242188,
130.69999999999999,7.5958709716796875,
130.80000000000001,7.3838119506835938,
130.90000000000001,7.049102783203125,
131,6.5764312744140625,
131.09999999999999,6.0501022338867188,
131.19999999999999,5.6106414794921875,
131.30000000000001,5.2861557006835938,
131.40000000000001,5.0510940551757812,
131.5,4.8569107055664062,
131.59999999999999,4.7087249755859375,
131.69999999999999,4.6141891479492188,
131.80000000000001,4.5503158569335938,
131.90000000000001,4.4966583251953125,
132,4.455780029296875,
132.09999999999999,4.4353408813476562,
132.19999999999999,4.4302291870117188,
132.30000000000001,4.4251174926757812,
132.40000000000001,4.399566650390625,
132.5,4.3229217529296875,
132.59999999999999,4.2513809204101562,
132.69999999999999,4.2181625366210938,
132.80000000000001,4.2028350830078125,
132.90000000000001,4.225830078125,
133,4.2667083740234375,
133.09999999999999,4.3433609008789062,
133.19999999999999,4.4481124877929688,
133.30000000000001,4.5554275512695312,
133.40000000000001,4.6627349853515625,
133.5,4.7802658081054688,
133.59999999999999,4.9361190795898438,
133.69999999999999,5.0843124389648438,
133.80000000000001,5.1405181884765625,
133.90000000000001,5.1251907348632812,
134,5.1073074340820312,
134.09999999999999,5.0868606567382812,
134.19999999999999,5.0383224487304688,
134.30000000000001,4.9846649169921875,
134.40000000000001,4.9488906860351562,
134.5,4.9207916259765625,
134.59999999999999,4.8850173950195312,
134.69999999999999,4.8364715576171875,
134.80000000000001,4.7904815673828125,
134.90000000000001,4.7393875122070312,
135,4.6525115966796875,
135.09999999999999,4.583526611328125,
135.19999999999999,4.5452041625976562,
135.30000000000001,4.4966583251953125,
135.40000000000001,4.4813308715820312,
135.5,4.5222091674804688,
135.59999999999999,4.5630874633789062,
135.69999999999999,4.5452041625976562,
135.80000000000001,4.529876708984375,
135.90000000000001,4.529876708984375,
136,4.529876708984375,
136.09999999999999,4.5170974731445312,
136.19999999999999,4.4711074829101562,
136.30000000000001,4.4506683349609375,
136.40000000000001,4.491546630859375,
136.5,4.529876708984375,
136.59999999999999,4.5400924682617188,
136.69999999999999,4.6193008422851562,
136.80000000000001,4.8032608032226562,
136.90000000000001,5.043426513671875,
137,5.2938156127929688,
137.09999999999999,5.5212173461914062,
137.19999999999999,5.743499755859375,
137.30000000000001,5.9606704711914062,
137.40000000000001,6.1241912841796875,
137.5,6.2238388061523438,
137.59999999999999,6.2366104125976562,
137.69999999999999,6.2161712646484375,
137.80000000000001,6.1957321166992188,
137.90000000000001,6.0807571411132812,
138,5.8891372680664062,
138.09999999999999,5.6847305297851562,
138.19999999999999,5.4624481201171875,
138.30000000000001,5.2503814697265625,
138.40000000000001,5.071533203125,
138.5,4.9131240844726562,
138.59999999999999,4.7904815673828125,
138.69999999999999,4.7112808227539062,
138.80000000000001,4.6525115966796875,
138.90000000000001,4.6167449951171875,
139,4.5809707641601562,
139.09999999999999,4.50177001953125,
139.19999999999999,4.4302291870117188,
139.30000000000001,4.399566650390625,
139.40000000000001,4.3791275024414062,
139.5,4.363800048828125,
139.59999999999999,4.3714675903320312,
139.69999999999999,4.4046783447265625,
139.80000000000001,4.4608917236328125,
139.90000000000001,4.547760009765625,
140,4.675506591796875,11.964107513427734
140.09999999999999,4.8543624877929688,
140.19999999999999,5.0459823608398438,
140.30000000000001,5.2222824096679688,
140.40000000000001,5.4317855834960938,
140.5,5.6387405395507812,
140.59999999999999,5.8150405883789062,
140.69999999999999,5.9811172485351562,
140.80000000000001,6.08331298828125,
140.90000000000001,6.055206298828125,
141,5.917236328125,
141.09999999999999,5.7205047607421875,
141.19999999999999,5.503326416015625,
141.30000000000001,5.2861557006835938,
141.40000000000001,5.0510940551757812,
141.5,4.8288116455078125,
141.59999999999999,4.675506591796875,
141.69999999999999,4.4941024780273438,
141.80000000000001,4.289703369140625,
141.90000000000001,4.2232742309570312,
142,4.2667083740234375,
142.09999999999999,4.3689117431640625,
142.19999999999999,4.4506683349609375,
142.30000000000001,4.5068817138671875,
142.40000000000001,4.5630874633789062,
142.5,4.6167449951171875,
142.59999999999999,4.7725982666015625,
142.69999999999999,4.9923324584960938,
142.80000000000001,5.2197265625,
142.90000000000001,5.4624481201171875,
143,5.7179489135742188,
143.09999999999999,5.9427871704101562,
143.19999999999999,6.093536376953125,
143.30000000000001,6.2263946533203125,
143.40000000000001,6.45123291015625,
143.5,6.7578353881835938,
143.59999999999999,7.0439910888671875,
143.69999999999999,7.3378219604492188,
143.80000000000001,7.6801910400390625,
143.90000000000001,8.03277587890625,
144,8.3598175048828125,
144.09999999999999,8.6740875244140625,
144.19999999999999,8.8861465454101562,
144.30000000000001,8.944915771484375,
144.40000000000001,8.8197174072265625,
144.5,8.4875717163085938,
144.59999999999999,8.0762100219726562,
144.69999999999999,7.6418609619140625,
144.80000000000001,7.169189453125,
144.90000000000001,6.70928955078125,
145,6.2723846435546875,
145.09999999999999,5.8763580322265625,
145.19999999999999,5.5518722534179688,
145.30000000000001,5.2887115478515625,
145.40000000000001,5.08941650390625,
145.5,4.94378662109375,
145.59999999999999,4.8466949462890625,
145.69999999999999,4.79559326171875,
145.80000000000001,4.7904815673828125,
145.90000000000001,4.7853775024414062,
146,4.749603271484375,
146.09999999999999,4.7087249755859375,
146.19999999999999,4.6985015869140625,
146.30000000000001,4.6985015869140625,
146.40000000000001,4.675506591796875,
146.5,4.6652908325195312,
146.59999999999999,4.6346282958984375,
146.69999999999999,4.583526611328125,
146.80000000000001,4.5630874633789062,
146.90000000000001,4.5809707641601562,
147,4.6652908325195312,
147.09999999999999,4.8134765625,
147.19999999999999,4.961669921875,
147.30000000000001,5.0945281982421875,
147.40000000000001,5.2452774047851562,
147.5,5.4292373657226562,
147.59999999999999,5.6310806274414062,
147.69999999999999,5.8227005004882812,
147.80000000000001,5.9862213134765625,
147.90000000000001,6.0347671508789062,
148,5.9581222534179688,
148.09999999999999,5.9070205688476562,
148.19999999999999,5.8967971801757812,
148.30000000000001,5.871246337890625,
148.40000000000001,5.853363037109375,
148.5,5.8303680419921875,
148.59999999999999,5.7971572875976562,
148.69999999999999,5.761383056640625,
148.80000000000001,5.7230606079101562,
148.90000000000001,5.7281723022460938,
149,5.7767105102539062,
149.09999999999999,5.8099288940429688,
149.19999999999999,5.7997055053710938,
149.30000000000001,5.7639389038085938,
149.40000000000001,5.7128372192382812,
149.5,5.6770706176757812,
149.59999999999999,5.669403076171875,
149.69999999999999,5.6821823120117188,
149.80000000000001,5.6898422241210938,
149.90000000000001,5.6949539184570312,
150,5.6949539184570312,7.8534030914306641
150.09999999999999,5.697509765625,
150.19999999999999,5.6923980712890625,
150.30000000000001,5.6745147705078125,
150.40000000000001,5.6566314697265625,
150.5,5.6361923217773438,
150.59999999999999,5.5697555541992188,
150.69999999999999,5.4650039672851562,
150.80000000000001,5.4087905883789062,
150.90000000000001,5.3985748291015625,
151,5.3806915283203125,
151.09999999999999,5.3781356811523438,
151.19999999999999,5.3909072875976562,
151.30000000000001,5.3985748291015625,
151.40000000000001,5.3806915283203125,
151.5,5.34747314453125,
151.59999999999999,5.319366455078125,
151.69999999999999,5.3040390014648438,
151.80000000000001,5.2478256225585938,
151.90000000000001,5.1558456420898438,
152,5.0919723510742188,
152.09999999999999,5.0613174438476562,
152.19999999999999,5.0383224487304688,
152.30000000000001,4.9999923706054688,
152.40000000000001,4.9565582275390625,
152.5,4.933563232421875,
152.59999999999999,4.9310073852539062,
152.69999999999999,4.9258956909179688,
152.80000000000001,4.8824615478515625,
152.90000000000001,4.8185882568359375,
153,4.7930374145507812,
153.09999999999999,4.823699951171875,
153.19999999999999,4.8109207153320312,
153.30000000000001,4.7419357299804688,
153.40000000000001,4.6806182861328125,
153.5,4.6499557495117188,
153.59999999999999,4.6448516845703125,
153.69999999999999,4.6652908325195312,
153.80000000000001,4.7777099609375,
153.90000000000001,4.9565582275390625,
154,5.117523193359375,
154.09999999999999,5.2554931640625,
154.19999999999999,5.4292373657226562,
154.30000000000001,5.651519775390625,
154.40000000000001,5.9351272583007812,
154.5,6.19317626953125,
154.59999999999999,6.3618087768554688,
154.69999999999999,6.4946670532226562,
154.80000000000001,6.6607437133789062,
154.90000000000001,6.8165969848632812,
155,6.9903411865234375,
155.09999999999999,7.1947402954101562,
155.19999999999999,7.3199310302734375,
155.30000000000001,7.3838119506835938,
155.40000000000001,7.4579010009765625,
155.5,7.5805435180664062,
155.59999999999999,7.7977218627929688,
155.69999999999999,8.0404434204101562,
155.80000000000001,8.0864334106445312,
155.90000000000001,8.0200042724609375,
156,8.0583267211914062,
156.09999999999999,8.0583267211914062,
156.19999999999999,7.73895263671875,
156.30000000000001,7.2356185913085938,
156.40000000000001,6.7706069946289062,
156.5,6.3796920776367188,
156.59999999999999,6.1037521362304688,
156.69999999999999,5.871246337890625,
156.80000000000001,5.6259689331054688,
156.90000000000001,5.3832473754882812,
157,5.1992874145507812,
157.09999999999999,5.0664215087890625,
157.19999999999999,4.9284515380859375,
157.30000000000001,4.8109207153320312,
157.40000000000001,4.7010574340820312,
157.5,4.59375,
157.59999999999999,4.5273208618164062,
157.69999999999999,4.48388671875,
157.80000000000001,4.4608917236328125,
157.90000000000001,4.4583358764648438,
158,4.4583358764648438,
158.09999999999999,4.50177001953125,
158.19999999999999,4.6371841430664062,
158.30000000000001,4.7981491088867188,
158.40000000000001,4.9591140747070312,
158.5,5.1379623413085938,
158.59999999999999,5.2989273071289062,
158.69999999999999,5.4547805786132812,
158.80000000000001,5.559539794921875,
158.90000000000001,5.587646484375,
159,5.5723114013671875,
159.09999999999999,5.5288772583007812,
159.19999999999999,5.4803314208984375,
159.30000000000001,5.439453125,
159.40000000000001,5.3781356811523438,
159.5,5.2912673950195312,
159.59999999999999,5.227386474609375,
159.69999999999999,5.16351318359375,
159.80000000000001,5.08941650390625,
159.90000000000001,5.025543212890625,
160,4.94378662109375,4.6948356628417969
160.09999999999999,4.8313674926757812,
160.19999999999999,4.6908416748046875,
160.30000000000001,4.5886383056640625,
160.40000000000001,4.5400924682617188,
160.5,4.5119857788085938,
160.59999999999999,4.48388671875,
160.69999999999999,4.4583358764648438,
160.80000000000001,4.4506683349609375,
160.90000000000001,4.4532241821289062,
161,4.4685516357421875,
161.09999999999999,4.4787750244140625,
161.19999999999999,4.473663330078125,
161.30000000000001,4.5068817138671875,
161.40000000000001,4.565643310546875,
161.5,4.6474075317382812,
161.59999999999999,4.767486572265625,
161.69999999999999,4.9412307739257812,
161.80000000000001,5.1558456420898438,
161.90000000000001,5.34747314453125,
162,5.5288772583007812,
162.09999999999999,5.7281723022460938,
162.19999999999999,5.86358642578125,
162.30000000000001,5.927459716796875,
162.40000000000001,6.0322113037109375,
162.5,6.203399658203125,
162.59999999999999,6.2979354858398438,
162.69999999999999,6.2366104125976562,
162.80000000000001,6.111419677734375,
162.90000000000001,5.9581222534179688,
163,5.8124847412109375,
163.09999999999999,5.7383880615234375,
163.19999999999999,5.6642913818359375,
163.30000000000001,5.54931640625,
163.40000000000001,5.4343414306640625,
163.5,5.319366455078125,
163.59999999999999,5.2018356323242188,
163.69999999999999,5.08941650390625,
163.80000000000001,4.94378662109375,
163.90000000000001,4.7572708129882812,
164,4.6193008422851562,
164.09999999999999,4.565643310546875,
164.19999999999999,4.5426483154296875,
164.30000000000001,4.5503158569335938,
164.40000000000001,4.6933975219726562,
164.5,5.0408706665039062,
164.59999999999999,5.4777755737304688,
164.69999999999999,5.917236328125,
164.80000000000001,6.3337020874023438,
164.90000000000001,6.7271728515625,
165,7.0848770141601562,
165.09999999999999,7.3378219604492188,
165.19999999999999,7.44512939453125,
165.30000000000001,7.3787002563476562,
165.40000000000001,7.1385269165039062,
165.5,6.8395919799804688,
165.59999999999999,6.5764312744140625,
165.69999999999999,6.3285903930664062,
165.80000000000001,6.0986404418945312,
165.90000000000001,5.8916854858398438,
166,5.6157455444335938,
166.09999999999999,5.2606048583984375,
166.19999999999999,4.9769973754882812,
166.30000000000001,4.7930374145507812,
166.40000000000001,4.6550674438476562,
166.5,4.5503158569335938,
166.59999999999999,4.4711074829101562,
166.69999999999999,4.4149017333984375,
166.80000000000001,4.3689117431640625,
166.90000000000001,4.3305816650390625,
167,4.3152542114257812,
167.09999999999999,4.3126983642578125,
167.19999999999999,4.307586669921875,
167.30000000000001,4.2922592163085938,
167.40000000000001,4.2820358276367188,
167.5,4.2871475219726562,
167.59999999999999,4.2973709106445312,
167.69999999999999,4.3152542114257812,
167.80000000000001,4.2999267578125,
167.90000000000001,4.2922592163085938,
168,4.3382492065429688,
168.09999999999999,4.4506683349609375,
168.19999999999999,4.6882858276367188,
168.30000000000001,4.9591140747070312,
168.40000000000001,5.2018356323242188,
168.5,5.4190139770507812,
168.59999999999999,5.5237655639648438,
168.69999999999999,5.5620956420898438,
168.80000000000001,5.5902023315429688,
168.90000000000001,5.5902023315429688,
169,5.54931640625,
169.09999999999999,5.4701156616210938,
169.19999999999999,5.393463134765625,
169.30000000000001,5.3244781494140625,
169.40000000000001,5.2503814697265625,
169.5,5.1686248779296875,
169.59999999999999,5.0868606567382812,
169.69999999999999,4.9821090698242188,
169.80000000000001,4.8543624877929688,
169.90000000000001,4.7470474243164062,
170,4.6627349853515625,5.736137866973877
170.09999999999999,4.6141891479492188,
170.19999999999999,4.6039657592773438,
170.30000000000001,4.6039657592773438,
170.40000000000001,4.6039657592773438,
170.5,4.6039657592773438,
170.59999999999999,4.6141891479492188,
170.69999999999999,4.6908416748046875,
170.80000000000001,4.8671340942382812,
170.90000000000001,5.0970840454101562,
171,5.3704681396484375,
171.09999999999999,5.6540756225585938,
171.19999999999999,5.8508071899414062,
171.30000000000001,5.9606704711914062,
171.40000000000001,6.0398788452148438,
171.5,6.1548538208007812,
171.59999999999999,6.3030471801757812,
171.69999999999999,6.369476318359375,
171.80000000000001,6.1906204223632812,
171.90000000000001,5.8686904907226562,
172,5.5825347900390625,
172.09999999999999,5.3398056030273438,
172.19999999999999,5.1200790405273438,
172.30000000000001,4.9463424682617188,
172.40000000000001,4.8160324096679688,
172.5,4.6704025268554688,
172.59999999999999,4.5247650146484375,
172.69999999999999,4.437896728515625,
172.80000000000001,4.4072341918945312,
172.90000000000001,4.399566650390625,
173,4.3970108032226562,
173.09999999999999,4.4021224975585938,
173.19999999999999,4.399566650390625,
173.30000000000001,4.4097900390625,
173.40000000000001,4.48388671875,
173.5,4.5809707641601562,
173.59999999999999,4.6882858276367188,
173.69999999999999,4.8185882568359375,
173.80000000000001,4.897796630859375,
173.90000000000001,4.9233474731445312,
174,4.915679931640625,
174.09999999999999,4.9131240844726562,
174.19999999999999,4.9361190795898438,
174.30000000000001,4.9258956909179688,
174.40000000000001,4.9003524780273438,
174.5,4.9540023803710938,
174.59999999999999,5.0153274536132812,
174.69999999999999,4.9923324584960938,
174.80000000000001,4.9463424682617188,
174.90000000000001,4.9207916259765625,
175,4.8466949462890625,
175.09999999999999,4.7444915771484375,
175.19999999999999,4.6704025268554688,
175.30000000000001,4.6244125366210938,
175.40000000000001,4.6141891479492188,
175.5,4.6039657592773438,
175.59999999999999,4.5860824584960938,
175.69999999999999,4.5860824584960938,
175.80000000000001,4.59375,
175.90000000000001,4.5988616943359375,
176,4.6065216064453125,
176.09999999999999,4.6065216064453125,
176.19999999999999,4.5860824584960938,
176.30000000000001,4.5273208618164062,
176.40000000000001,4.4659957885742188,
176.5,4.445556640625,
176.59999999999999,4.4506683349609375,
176.69999999999999,4.4532241821289062,
176.80000000000001,4.4813308715820312,
176.90000000000001,4.529876708984375,
177,4.5554275512695312,
177.09999999999999,4.5554275512695312,
177.19999999999999,4.5630874633789062,
177.30000000000001,4.5809707641601562,
177.40000000000001,4.6039657592773438,
177.5,4.6065216064453125,
177.59999999999999,4.583526611328125,
177.69999999999999,4.6295166015625,
177.80000000000001,4.8083724975585938,
177.90000000000001,5.0459823608398438,
178,5.3091506958007812,
178.09999999999999,5.6131973266601562,
178.19999999999999,5.9300155639648438,
178.30000000000001,6.2238388061523438,
178.40000000000001,6.4486770629882812,
178.5,6.5125503540039062,
178.59999999999999,6.3796920776367188,
178.69999999999999,6.1625213623046875,
178.80000000000001,5.9811172485351562,
178.90000000000001,5.8227005004882812,
179,5.6591873168945312,
179.09999999999999,5.4879989624023438,
179.19999999999999,5.3168106079101562,
179.30000000000001,5.1507415771484375,
179.40000000000001,5.0051040649414062,
179.5,4.8952407836914062,
179.59999999999999,4.8492507934570312,
179.69999999999999,4.8109207153320312,
179.80000000000001,4.7981491088867188,
179.90000000000001,4.8109207153320312,
180,4.7879257202148438,10.572687149047852
180.09999999999999,4.7572708129882812,
180.19999999999999,4.7547149658203125,
180.30000000000001,4.7572708129882812,
180.40000000000001,4.731719970703125,
180.5,4.72149658203125,
180.59999999999999,4.72149658203125,
180.69999999999999,4.7163925170898438,
180.80000000000001,4.6959457397460938,
180.90000000000001,4.6525115966796875,
181,4.6320724487304688,
181.09999999999999,4.6422958374023438,
181.19999999999999,4.6908416748046875,
181.30000000000001,4.7623825073242188,
181.40000000000001,4.8390274047851562,
181.5,4.8952407836914062,
181.59999999999999,4.9105682373046875,
181.69999999999999,4.90545654296875,
181.80000000000001,4.8926849365234375,
181.90000000000001,4.8824615478515625,
182,4.8339157104492188,
182.09999999999999,4.7751541137695312,
182.19999999999999,4.7521591186523438,
182.30000000000001,4.7521591186523438,
182.40000000000001,4.767486572265625,
182.5,4.7777099609375,
182.59999999999999,4.7777099609375,
182.69999999999999,4.7828216552734375,
182.80000000000001,4.7904815673828125,
182.90000000000001,4.7879257202148438,
183,4.79559326171875,
183.09999999999999,4.7904815673828125,
183.19999999999999,4.75982666015625,
183.30000000000001,4.7419357299804688,
183.40000000000001,4.7725982666015625,
183.5,4.8466949462890625,
183.59999999999999,4.9693374633789062,
183.69999999999999,5.2018356323242188,
183.80000000000001,5.5135498046875,
183.90000000000001,5.8456954956054688,
184,6.2161712646484375,
184.09999999999999,6.59942626953125,
184.19999999999999,6.9443511962890625,
184.30000000000001,7.2381744384765625,
184.40000000000001,7.5473251342773438,
184.5,7.8692550659179688,
184.59999999999999,8.1656417846679688,
184.69999999999999,8.4441375732421875,
184.80000000000001,8.6561965942382812,
184.90000000000001,8.80694580078125,
185,9.0164566040039062,
185.09999999999999,9.256622314453125,
185.19999999999999,9.39459228515625,
185.30000000000001,9.486572265625,
185.40000000000001,9.4916839599609375,
185.5,9.266845703125,
185.59999999999999,8.9219207763671875,
185.69999999999999,8.559112548828125,
185.80000000000001,8.2116317749023438,
185.90000000000001,7.8564834594726562,
186,7.4425735473632812,
186.09999999999999,6.9801177978515625,
186.19999999999999,6.5278854370117188,
186.30000000000001,6.1650772094726562,
186.40000000000001,5.9376754760742188,
186.5,5.7971572875976562,
186.59999999999999,5.5927505493164062,
186.69999999999999,5.3832473754882812,
186.80000000000001,5.2324981689453125,
186.90000000000001,5.0638656616210938,
187,4.9003524780273438,
187.09999999999999,4.7751541137695312,
187.19999999999999,4.6525115966796875,
187.30000000000001,4.5733108520507812,
187.40000000000001,4.5554275512695312,
187.5,4.5630874633789062,
187.59999999999999,4.5784225463867188,
187.69999999999999,4.5911941528320312,
187.80000000000001,4.6422958374023438,
187.90000000000001,4.7010574340820312,
188,4.7368316650390625,
188.09999999999999,4.7802658081054688,
188.19999999999999,4.805816650390625,
188.30000000000001,4.7853775024414062,
188.40000000000001,4.7547149658203125,
188.5,4.7521591186523438,
188.59999999999999,4.7700424194335938,
188.69999999999999,4.7930374145507812,
188.80000000000001,4.8262557983398438,
188.90000000000001,4.8748016357421875,
189,4.8952407836914062,
189.09999999999999,4.90545654296875,
189.19999999999999,4.9233474731445312,
189.30000000000001,4.9463424682617188,
189.40000000000001,4.9693374633789062,
189.5,4.9693374633789062,
189.59999999999999,4.9999923706054688,
189.69999999999999,5.1047515869140625,
189.80000000000001,5.2529373168945312,
189.90000000000001,5.3730239868164062,
190,5.5237655639648438,2.9821071624755859
190.09999999999999,5.909576416015625,
190.19999999999999,6.4282379150390625,
190.30000000000001,6.8395919799804688,
190.40000000000001,7.2126235961914062,
190.5,7.5141143798828125,
190.59999999999999,7.8999176025390625,
190.69999999999999,8.538665771484375,
190.80000000000001,9.1493148803710938,
190.90000000000001,9.6833114624023438,
191,10.337387084960938,
191.09999999999999,11.004241943359375,
191.19999999999999,11.482025146484375,
191.30000000000001,11.829505920410156,
191.40000000000001,12.19232177734375,
191.5,12.452926635742188,
191.59999999999999,12.5040283203125,
191.69999999999999,12.445266723632812,
191.80000000000001,12.363502502441406,
191.90000000000001,12.414604187011719,
192,12.123336791992188,
192.09999999999999,11.323616027832031,
192.19999999999999,10.421707153320312,
192.30000000000001,9.570892333984375,
192.40000000000001,8.9730224609375,
192.5,8.6255416870117188,
192.59999999999999,8.4364700317382812,
192.69999999999999,7.92291259765625,
192.80000000000001,7.2202911376953125,
192.90000000000001,6.7118453979492188,
193,5.9019088745117188,
193.09999999999999,4.8926849365234375,
193.19999999999999,4.4762191772460938,
193.30000000000001,4.491546630859375,
193.40000000000001,4.399566650390625,
193.5,4.2564926147460938,
193.59999999999999,4.2207183837890625,
193.69999999999999,4.2309417724609375,
193.80000000000001,4.0648651123046875,
193.90000000000001,3.8042526245117188,
194,3.8323593139648438,
194.09999999999999,4.0904159545898438,
194.19999999999999,4.307586669921875,
194.30000000000001,4.31781005859375,
194.40000000000001,4.1185226440429688,
194.5,3.9626617431640625,
194.59999999999999,3.9652175903320312,
194.69999999999999,3.85791015625,
194.80000000000001,3.7352676391601562,
194.90000000000001,3.748046875,
195,3.663726806640625,
195.09999999999999,3.5257568359375,
195.19999999999999,3.5947418212890625,
195.30000000000001,3.7608184814453125,
195.40000000000001,3.7608184814453125,
195.5,3.6841659545898438,
195.59999999999999,3.702056884765625,
195.69999999999999,3.7250518798828125,
195.80000000000001,3.571746826171875,
195.90000000000001,3.32391357421875,
196,3.242156982421875,
196.09999999999999,3.3060302734375,
196.19999999999999,3.3622360229492188,
196.30000000000001,3.3852310180664062,
196.40000000000001,3.39801025390625,
196.5,3.4235610961914062,
196.59999999999999,3.4516677856445312,
196.69999999999999,3.4823226928710938,
196.80000000000001,3.5257568359375,
196.90000000000001,3.5283126831054688,
197,3.5129852294921875,
197.09999999999999,3.5283126831054688,
197.19999999999999,3.5564193725585938,
197.30000000000001,3.58197021484375,
197.40000000000001,3.6202926635742188,
197.5,3.6943893432617188,
197.59999999999999,3.8042526245117188,
197.69999999999999,3.9422225952148438,
197.80000000000001,4.1082992553710938,
197.90000000000001,4.307586669921875,
198,4.50177001953125,
198.09999999999999,4.6908416748046875,
198.19999999999999,4.915679931640625,
198.30000000000001,5.2427215576171875,
198.40000000000001,5.6464080810546875,
198.5,6.0066604614257812,
198.59999999999999,6.2800521850585938,
198.69999999999999,6.5023345947265625,
198.80000000000001,6.74505615234375,
198.90000000000001,7.013336181640625,
199,7.2100677490234375,
199.09999999999999,7.2943801879882812,
199.19999999999999,7.3608169555664062,
199.30000000000001,7.399139404296875,
199.40000000000001,7.3224868774414062,
199.5,7.2202911376953125,
199.59999999999999,7.1385269165039062,
199.69999999999999,6.9699020385742188,
199.80000000000001,6.7220611572265625,
199.90000000000001,6.423126220703125,
200,6.0271072387695312,9.6463022232055664
200.09999999999999,5.5978622436523438,
200.19999999999999,5.2350540161132812,
200.30000000000001,4.9284515380859375,
200.40000000000001,4.6320724487304688,
200.5,4.3484725952148438,
200.59999999999999,4.1185226440429688,
200.69999999999999,3.9473342895507812,
200.80000000000001,3.8195877075195312,
200.90000000000001,3.7173843383789062,
201,3.6049652099609375,
201.09999999999999,3.5155410766601562,
201.19999999999999,3.479766845703125,
201.30000000000001,3.4746627807617188,
201.40000000000001,3.4772109985351562,
201.5,3.4746627807617188,
201.59999999999999,3.479766845703125,
201.69999999999999,3.4925460815429688,
201.80000000000001,3.4951019287109375,
201.90000000000001,3.4951019287109375,
202,3.5155410766601562,
202.09999999999999,3.5104293823242188,
202.19999999999999,3.47210693359375,
202.30000000000001,3.4491119384765625,
202.40000000000001,3.4491119384765625,
202.5,3.4644393920898438,
202.59999999999999,3.4746627807617188,
202.69999999999999,3.4823226928710938,
202.80000000000001,3.489990234375,
202.90000000000001,3.4976577758789062,
203,3.5053176879882812,
203.09999999999999,3.5129852294921875,
203.19999999999999,3.5206527709960938,
203.30000000000001,3.5027618408203125,
203.40000000000001,3.4669952392578125,
203.5,3.461883544921875,
203.59999999999999,3.4746627807617188,
203.69999999999999,3.489990234375,
203.80000000000001,3.5002059936523438,
203.90000000000001,3.5104293823242188,
204,3.518096923828125,
204.09999999999999,3.5232009887695312,
204.19999999999999,3.5283126831054688,
204.30000000000001,3.5385360717773438,
204.40000000000001,3.5385360717773438,
204.5,3.50787353515625,
204.59999999999999,3.4823226928710938,
204.69999999999999,3.4823226928710938,
204.80000000000001,3.4976577758789062,
204.90000000000001,3.5104293823242188,
205,3.5206527709960938,
205.09999999999999,3.5308685302734375,
205.19999999999999,3.5334243774414062,
205.30000000000001,3.5385360717773438,
205.40000000000001,3.5487518310546875,
205.5,3.5589752197265625,
205.59999999999999,3.5461959838867188,
205.69999999999999,3.5129852294921875,
205.80000000000001,3.4925460815429688,
205.90000000000001,3.4976577758789062,
206,3.5104293823242188,
206.09999999999999,3.5232009887695312,
206.19999999999999,3.5334243774414062,
206.30000000000001,3.5385360717773438,
206.40000000000001,3.5410919189453125,
206.5,3.5461959838867188,
206.59999999999999,3.553863525390625,
206.69999999999999,3.5640869140625,
206.80000000000001,3.553863525390625,
206.90000000000001,3.5155410766601562,
207,3.4951019287109375,
207.09999999999999,3.5027618408203125,
207.19999999999999,3.5410919189453125,
207.30000000000001,3.61773681640625,
207.40000000000001,3.7735977172851562,
207.5,4.0469818115234375,
207.59999999999999,4.3867950439453125,
207.69999999999999,4.7419357299804688,
207.80000000000001,5.0664215087890625,
207.90000000000001,5.34747314453125,
208,5.5927505493164062,
208.09999999999999,5.8303680419921875,
208.19999999999999,6.1011962890625,
208.30000000000001,6.423126220703125,
208.40000000000001,6.7936019897460938,
208.5,7.1487503051757812,
208.59999999999999,7.3965835571289062,
208.69999999999999,7.5115585327148438,
208.80000000000001,7.5754318237304688,
208.90000000000001,7.66485595703125,
209,7.618865966796875,
209.09999999999999,7.4093551635742188,
209.19999999999999,7.233062744140625,
209.30000000000001,7.059326171875,
209.40000000000001,6.8676986694335938,
209.5,6.7271728515625,
209.59999999999999,6.5278854370117188,
209.69999999999999,6.2110671997070312,
209.80000000000001,5.917236328125,
209.90000000000001,5.6106414794921875,
210,5.2529373168945312,9.6463022232055664
210.09999999999999,4.951446533203125,
210.19999999999999,4.70361328125,
210.30000000000001,4.4634475708007812,
210.40000000000001,4.2488250732421875,
210.5,4.0853042602539062,
210.59999999999999,3.9652175903320312,
210.69999999999999,3.8630218505859375,
210.80000000000001,3.7889251708984375,
210.90000000000001,3.737823486328125,
211,3.6995010375976562,
211.09999999999999,3.6483993530273438,
211.19999999999999,3.5794143676757812,
211.30000000000001,3.5436477661132812,
211.40000000000001,3.5436477661132812,
211.5,3.5513076782226562,
211.59999999999999,3.5615310668945312,
211.69999999999999,3.5691909790039062,
211.80000000000001,3.5768585205078125,
211.90000000000001,3.5845260620117188,
212,3.5896377563476562,
212.09999999999999,3.5921859741210938,
212.19999999999999,3.5947418212890625,
212.30000000000001,3.5947418212890625,
212.40000000000001,3.5972976684570312,
212.5,3.5743026733398438,
212.59999999999999,3.5410919189453125,
212.69999999999999,3.5283126831054688,
212.80000000000001,3.5257568359375,
212.90000000000001,3.5385360717773438,
213,3.553863525390625,
213.09999999999999,3.5640869140625,
213.19999999999999,3.5691909790039062,
213.30000000000001,3.5768585205078125,
213.40000000000001,3.5845260620117188,
213.5,3.5896377563476562,
213.59999999999999,3.5947418212890625,
213.69999999999999,3.6075210571289062,
213.80000000000001,3.6024093627929688,
213.90000000000001,3.5691909790039062,
214,3.5436477661132812,
214.09999999999999,3.5436477661132812,
214.19999999999999,3.5589752197265625,
214.30000000000001,3.5743026733398438,
214.40000000000001,3.5845260620117188,
214.5,3.5921859741210938,
214.59999999999999,3.5947418212890625,
214.69999999999999,3.6024093627929688,
214.80000000000001,3.610076904296875,
214.90000000000001,3.610076904296875,
215,3.6228485107421875,
215.09999999999999,3.6126327514648438,
215.19999999999999,3.5743026733398438,
215.30000000000001,3.553863525390625,
215.40000000000001,3.553863525390625,
215.5,3.571746826171875,
215.59999999999999,3.58197021484375,
215.69999999999999,3.5896377563476562,
215.80000000000001,3.599853515625,
215.90000000000001,3.6024093627929688,
216,3.6049652099609375,
216.09999999999999,3.6151809692382812,
216.19999999999999,3.61773681640625,
216.30000000000001,3.6254043579101562,
216.40000000000001,3.6126327514648438,
216.5,3.5768585205078125,
216.59999999999999,3.5564193725585938,
216.69999999999999,3.5564193725585938,
216.80000000000001,3.571746826171875,
216.90000000000001,3.5870819091796875,
217,3.5972976684570312,
217.09999999999999,3.6024093627929688,
217.19999999999999,3.610076904296875,
217.30000000000001,3.61773681640625,
217.40000000000001,3.6254043579101562,
217.5,3.6356277465820312,
217.59999999999999,3.6356277465820312,
217.69999999999999,3.6024093627929688,
217.80000000000001,3.5768585205078125,
217.90000000000001,3.5768585205078125,
218,3.5947418212890625,
218.09999999999999,3.6049652099609375,
218.19999999999999,3.6151809692382812,
218.30000000000001,3.6202926635742188,
218.40000000000001,3.6254043579101562,
218.5,3.6305160522460938,
218.59999999999999,3.6356277465820312,
218.69999999999999,3.6407318115234375,
218.80000000000001,3.6381759643554688,
218.90000000000001,3.6151809692382812,
219,3.5870819091796875,
219.09999999999999,3.5870819091796875,
219.19999999999999,3.599853515625,
219.30000000000001,3.6126327514648438,
219.40000000000001,3.6228485107421875,
219.5,3.6305160522460938,
219.59999999999999,3.6330718994140625,
219.69999999999999,3.6407318115234375,
219.80000000000001,3.645843505859375,
219.90000000000001,3.6432876586914062,
220,3.6432876586914062,0
220.09999999999999,3.6662826538085938,
220.19999999999999,3.755706787109375,
220.30000000000001,3.9473342895507812,
220.40000000000001,4.2411575317382812,
220.5,4.6014175415039062,
220.59999999999999,4.9923324584960938,
220.69999999999999,5.34747314453125,
220.80000000000001,5.6208572387695312,
220.90000000000001,5.8150405883789062,
221,5.82525634765625,
221.09999999999999,5.5109939575195312,
221.19999999999999,5.1609573364257812,
221.30000000000001,5.0868606567382812,
221.40000000000001,5.0306549072265625,
221.5,4.9361190795898438,
221.59999999999999,4.9718856811523438,
221.69999999999999,4.9846649169921875,
221.80000000000001,4.9642257690429688,
221.90000000000001,4.9540023803710938,
222,4.9540023803710938,
222.09999999999999,4.9412307739257812,
222.19999999999999,4.8645782470703125,
222.30000000000001,4.7853775024414062,
222.40000000000001,4.7777099609375,
222.5,4.841583251953125,
222.59999999999999,5.1124114990234375,
222.69999999999999,5.4368972778320312,
222.80000000000001,5.45733642578125,
222.90000000000001,5.265716552734375,
223,4.9923324584960938,
223.09999999999999,4.6652908325195312,
223.19999999999999,4.3893508911132812,
223.30000000000001,4.16961669921875,
223.40000000000001,3.9601058959960938,
223.5,3.8042526245117188,
223.59999999999999,3.7327117919921875,
223.69999999999999,3.6969451904296875,
223.80000000000001,3.6688385009765625,
223.90000000000001,3.6483993530273438,
224,3.6381759643554688,
224.09999999999999,3.6305160522460938,
224.19999999999999,3.6305160522460938,
224.30000000000001,3.6381759643554688,
224.40000000000001,3.645843505859375,
224.5,3.6356277465820312,
224.59999999999999,3.5972976684570312,
224.69999999999999,3.5615310668945312,
224.80000000000001,3.5564193725585938,
224.90000000000001,3.5691909790039062,
225,3.5845260620117188,
225.09999999999999,3.5947418212890625,
225.19999999999999,3.5972976684570312,
225.30000000000001,3.599853515625,
225.40000000000001,3.6075210571289062,
225.5,3.610076904296875,
225.59999999999999,3.6228485107421875,
225.69999999999999,3.610076904296875,
225.80000000000001,3.571746826171875,
225.90000000000001,3.553863525390625,
226,3.553863525390625,
226.09999999999999,3.5615310668945312,
226.19999999999999,3.5768585205078125,
226.30000000000001,3.5845260620117188,
226.40000000000001,3.5921859741210938,
226.5,3.599853515625,
226.59999999999999,3.6049652099609375,
226.69999999999999,3.6075210571289062,
226.80000000000001,3.6151809692382812,
226.90000000000001,3.5972976684570312,
227,3.5666427612304688,
227.09999999999999,3.571746826171875,
227.19999999999999,3.6202926635742188,
227.30000000000001,3.6765060424804688,
227.40000000000001,3.719940185546875,
227.5,3.7582626342773438,
227.59999999999999,3.811920166015625,
227.69999999999999,3.9090118408203125,
227.80000000000001,4.1031875610351562,
227.90000000000001,4.4404525756835938,
228,4.8262557983398438,
228.09999999999999,5.16351318359375,
228.19999999999999,5.5391006469726562,
228.30000000000001,5.9478988647460938,
228.40000000000001,6.387359619140625,
228.5,6.8983612060546875,
228.59999999999999,7.33526611328125,
228.69999999999999,7.5984268188476562,
228.80000000000001,7.8820343017578125,
228.90000000000001,8.1886367797851562,
229,8.40069580078125,
229.09999999999999,8.54888916015625,
229.19999999999999,8.6843032836914062,
229.30000000000001,8.8861465454101562,
229.40000000000001,9.0139007568359375,
229.5,9.0087890625,
229.59999999999999,8.9372482299804688,
229.69999999999999,8.7865066528320312,
229.80000000000001,8.6153182983398438,
229.90000000000001,8.36492919921875,
230,8.0557708740234375,2.9296875
230.09999999999999,7.8232650756835938,
230.19999999999999,7.5907669067382812,
230.30000000000001,7.3046035766601562,
230.40000000000001,7.0337753295898438,
230.5,6.7501678466796875,
230.59999999999999,6.4077987670898438,
230.69999999999999,6.0501022338867188,
230.80000000000001,5.6617355346679688,
230.90000000000001,5.2810440063476562,
231,4.951446533203125,
231.09999999999999,4.6320724487304688,
231.19999999999999,4.3612442016601562,
231.30000000000001,4.13385009765625,
231.40000000000001,3.9371109008789062,
231.5,3.80169677734375,
231.59999999999999,3.719940185546875,
231.69999999999999,3.6688385009765625,
231.80000000000001,3.6407318115234375,
231.90000000000001,3.61773681640625,
232,3.5615310668945312,
232.09999999999999,3.4848785400390625,
232.19999999999999,3.4567718505859375,
232.30000000000001,3.4593276977539062,
232.40000000000001,3.4669952392578125,
232.5,3.47210693359375,
232.59999999999999,3.4772109985351562,
232.69999999999999,3.4848785400390625,
232.80000000000001,3.4976577758789062,
232.90000000000001,3.50787353515625,
233,3.518096923828125,
233.09999999999999,3.5308685302734375,
233.19999999999999,3.5232009887695312,
233.30000000000001,3.4925460815429688,
233.40000000000001,3.47210693359375,
233.5,3.47210693359375,
233.59999999999999,3.4848785400390625,
233.69999999999999,3.5002059936523438,
233.80000000000001,3.5104293823242188,
233.90000000000001,3.5155410766601562,
234,3.5308685302734375,
234.09999999999999,3.5461959838867188,
234.19999999999999,3.5410919189453125,
234.30000000000001,3.5385360717773438,
234.40000000000001,3.5283126831054688,
234.5,3.4925460815429688,
234.59999999999999,3.4593276977539062,
234.69999999999999,3.461883544921875,
234.80000000000001,3.479766845703125,
234.90000000000001,3.4772109985351562,
235,3.4772109985351562,
235.09999999999999,3.4976577758789062,
235.19999999999999,3.5002059936523438,
235.30000000000001,3.5002059936523438,
235.40000000000001,3.5206527709960938,
235.5,3.5206527709960938,
235.59999999999999,3.489990234375,
235.69999999999999,3.4567718505859375,
235.80000000000001,3.4312210083007812,
235.90000000000001,3.4235610961914062,
236,3.4363327026367188,
236.09999999999999,3.4567718505859375,
236.19999999999999,3.4823226928710938,
236.30000000000001,3.5002059936523438,
236.40000000000001,3.5308685302734375,
236.5,3.6024093627929688,
236.59999999999999,3.7352676391601562,
236.69999999999999,3.87579345703125,
236.80000000000001,4.0571975708007812,
236.90000000000001,4.2641525268554688,
237,4.5400924682617188,
237.09999999999999,4.823699951171875,
237.19999999999999,5.0306549072265625,
237.30000000000001,5.1992874145507812,
237.40000000000001,5.3551406860351562,
237.5,5.53143310546875,
237.59999999999999,5.807373046875,
237.69999999999999,6.1088638305664062,
237.80000000000001,6.3285903930664062,
237.90000000000001,6.5355453491210938,
238,6.7527236938476562,
238.09999999999999,6.921356201171875,
238.19999999999999,6.9826736450195312,
238.30000000000001,7.0082244873046875,
238.40000000000001,7.066986083984375,
238.5,7.1027603149414062,
238.59999999999999,7.1002044677734375,
238.69999999999999,7.0823211669921875,
238.80000000000001,7.049102783203125,
238.90000000000001,6.9724502563476562,
239,6.8319320678710938,
239.09999999999999,6.6581878662109375,
239.19999999999999,6.52532958984375,
239.30000000000001,6.4461212158203125,
239.40000000000001,6.3822479248046875,
239.5,6.3337020874023438,
239.59999999999999,6.2902679443359375,
239.69999999999999,6.2366104125976562,
239.80000000000001,6.17529296875,
239.90000000000001,6.0782012939453125,
240,5.9683380126953125,6.6225166320800781
240.09999999999999,5.9070205688476562,
240.19999999999999,5.8763580322265625,
240.30000000000001,5.8584747314453125,
240.40000000000001,5.8559188842773438,
240.5,5.8405914306640625,
240.59999999999999,5.817596435546875,
240.69999999999999,5.8048171997070312,
240.80000000000001,5.7997055053710938,
240.90000000000001,5.7997055053710938,
241,5.7690505981445312,
241.09999999999999,5.6617355346679688,
241.19999999999999,5.54931640625,
241.30000000000001,5.503326416015625,
241.40000000000001,5.49566650390625,
241.5,5.5007705688476562,
241.59999999999999,5.5135498046875,
241.69999999999999,5.5161056518554688,
241.80000000000001,5.4982223510742188,
241.90000000000001,5.4777755737304688,
242,5.4726715087890625,
242.09999999999999,5.45733642578125,
242.19999999999999,5.3679122924804688,
242.30000000000001,5.23760986328125,
242.40000000000001,5.1430740356445312,
242.5,5.08941650390625,
242.59999999999999,5.0689773559570312,
242.69999999999999,5.0613174438476562,
242.80000000000001,5.0408706665039062,
242.90000000000001,5.0051040649414062,
243,4.9744415283203125,
243.09999999999999,4.951446533203125,
243.19999999999999,4.9310073852539062,
243.30000000000001,4.90545654296875,
243.40000000000001,4.8134765625,
243.5,4.7087249755859375,
243.59999999999999,4.6652908325195312,
243.69999999999999,4.6550674438476562,
243.80000000000001,4.6422958374023438,
243.90000000000001,4.6167449951171875,
244,4.5860824584960938,
244.09999999999999,4.4966583251953125,
244.19999999999999,4.3433609008789062,
244.30000000000001,4.2028350830078125,
244.40000000000001,4.0980758666992188,
244.5,3.9626617431640625,
244.59999999999999,3.794036865234375,
244.69999999999999,3.6611709594726562,
244.80000000000001,3.5768585205078125,
244.90000000000001,3.5385360717773438,
245,3.5334243774414062,
245.09999999999999,3.5308685302734375,
245.19999999999999,3.5257568359375,
245.30000000000001,3.5206527709960938,
245.40000000000001,3.5129852294921875,
245.5,3.5053176879882812,
245.59999999999999,3.4976577758789062,
245.69999999999999,3.4593276977539062,
245.80000000000001,3.4107818603515625,
245.90000000000001,3.3954544067382812,
246,3.4005661010742188,
246.09999999999999,3.4082260131835938,
246.19999999999999,3.4158935546875,
246.30000000000001,3.4184494018554688,
246.40000000000001,3.4286651611328125,
246.5,3.4363327026367188,
246.59999999999999,3.4491119384765625,
246.69999999999999,3.4593276977539062,
246.80000000000001,3.444000244140625,
246.90000000000001,3.4312210083007812,
247,3.4465560913085938,
247.09999999999999,3.4644393920898438,
247.19999999999999,3.4746627807617188,
247.30000000000001,3.4823226928710938,
247.40000000000001,3.4848785400390625,
247.5,3.4848785400390625,
247.59999999999999,3.4848785400390625,
247.69999999999999,3.489990234375,
247.80000000000001,3.4976577758789062,
247.90000000000001,3.479766845703125,
248,3.4491119384765625,
248.09999999999999,3.4414443969726562,
248.19999999999999,3.4465560913085938,
248.30000000000001,3.4567718505859375,
248.40000000000001,3.461883544921875,
248.5,3.4644393920898438,
248.59999999999999,3.4669952392578125,
248.69999999999999,3.4746627807617188,
248.80000000000001,3.4874343872070312,
248.90000000000001,3.4874343872070312,
249,3.4567718505859375,
249.09999999999999,3.4286651611328125,
249.19999999999999,3.426116943359375,
249.30000000000001,3.4388885498046875,
249.40000000000001,3.4542160034179688,
249.5,3.4644393920898438,
249.59999999999999,3.4695510864257812,
249.69999999999999,3.47210693359375,
249.80000000000001,3.4772109985351562,
249.90000000000001,3.489990234375,
250,3.479766845703125,6.6225166320800781
250.09999999999999,3.4465560913085938,
250.19999999999999,3.4312210083007812,
250.30000000000001,3.4363327026367188,
250.40000000000001,3.4516677856445312,
250.5,3.4669952392578125,
250.59999999999999,3.4746627807617188,
250.69999999999999,3.4823226928710938,
250.80000000000001,3.489990234375,
250.90000000000001,3.5027618408203125,
251,3.5155410766601562,
251.09999999999999,3.4925460815429688,
251.19999999999999,3.4593276977539062,
251.30000000000001,3.4516677856445312,
251.40000000000001,3.4593276977539062,
251.5,3.47210693359375,
251.59999999999999,3.4772109985351562,
251.69999999999999,3.5002059936523438,
251.80000000000001,3.5283126831054688,
251.90000000000001,3.5461959838867188,
252,3.5794143676757812,
252.09999999999999,3.6254043579101562,
252.19999999999999,3.6586227416992188,
252.30000000000001,3.7454910278320312,
252.40000000000001,3.921783447265625,
252.5,4.1491775512695312,
252.59999999999999,4.3791275024414062,
252.69999999999999,4.583526611328125,
252.80000000000001,4.7751541137695312,
252.90000000000001,4.9769973754882812,
253,5.181396484375,
253.09999999999999,5.3423614501953125,
253.19999999999999,5.4752273559570312,
253.30000000000001,5.669403076171875,
253.40000000000001,5.927459716796875,
253.5,6.1880722045898438,
253.59999999999999,6.433349609375,
253.69999999999999,6.6684112548828125,
253.80000000000001,6.8906936645507812,
253.90000000000001,7.1027603149414062,
254,7.250946044921875,
254.09999999999999,7.33526611328125,
254.19999999999999,7.4962310791015625,
254.30000000000001,7.6878509521484375,
254.40000000000001,7.7696151733398438,
254.5,7.8079376220703125,
254.59999999999999,7.8743667602539062,
254.69999999999999,7.9740142822265625,
254.80000000000001,8.1579742431640625,
254.90000000000001,8.393035888671875,
255,8.5463333129882812,
255.09999999999999,8.6178741455078125,
255.19999999999999,8.7021865844726562,
255.30000000000001,8.7532882690429688,
255.40000000000001,8.750732421875,
255.5,8.69708251953125,
255.59999999999999,8.6204299926757812,
255.69999999999999,8.4977874755859375,
255.80000000000001,8.2806167602539062,
255.90000000000001,8.1043167114257812,
256,7.9203567504882812,
256.10000000000002,7.7057418823242188,
256.19999999999999,7.5498809814453125,
256.30000000000001,7.3608169555664062,
256.39999999999998,7.1385269165039062,
256.5,6.9136886596679688,
256.60000000000002,6.6837387084960938,
256.69999999999999,6.4691162109375,
256.80000000000001,6.1957321166992188,
256.89999999999998,5.8482513427734375,
257,5.5288772583007812,
257.10000000000002,5.2606048583984375,
257.19999999999999,4.97955322265625,
257.30000000000001,4.6678466796875,
257.39999999999998,4.3791275024414062,
257.5,4.1389617919921875,
257.60000000000002,3.94989013671875,
257.69999999999999,3.829803466796875,
257.80000000000001,3.7608184814453125,
257.89999999999998,3.69183349609375,
258,3.6151809692382812,
258.10000000000002,3.5308685302734375,
258.19999999999999,3.461883544921875,
258.30000000000001,3.4388885498046875,
258.39999999999998,3.4312210083007812,
258.5,3.4235610961914062,
258.60000000000002,3.4107818603515625,
258.69999999999999,3.4031219482421875,
258.80000000000001,3.39801025390625,
258.89999999999998,3.4005661010742188,
259,3.4031219482421875,
259.10000000000002,3.4031219482421875,
259.19999999999999,3.405670166015625,
259.30000000000001,3.3954544067382812,
259.39999999999998,3.352020263671875,
259.5,3.3188018798828125,
259.60000000000002,3.3188018798828125,
259.69999999999999,3.334136962890625,
259.80000000000001,3.3545761108398438,
259.89999999999998,3.3673477172851562,
260,3.380126953125,4.735595703125
260.10000000000002,3.3903427124023438,
260.19999999999999,3.39801025390625,
260.30000000000001,3.405670166015625,
260.39999999999998,3.4133377075195312,
260.5,3.4133377075195312,
260.60000000000002,3.3852310180664062,
260.69999999999999,3.3545761108398438,
260.80000000000001,3.352020263671875,
260.89999999999998,3.3647918701171875,
261,3.3826751708984375,
261.10000000000002,3.3954544067382812,
261.19999999999999,3.4005661010742188,
261.30000000000001,3.405670166015625,
261.39999999999998,3.4133377075195312,
261.5,3.426116943359375,
261.60000000000002,3.43377685546875,
261.69999999999999,3.444000244140625,
261.80000000000001,3.4235610961914062,
261.89999999999998,3.3852310180664062,
262,3.380126953125,
262.10000000000002,3.3903427124023438,
262.19999999999999,3.4031219482421875,
262.30000000000001,3.4158935546875,
262.39999999999998,3.4235610961914062,
262.5,3.4286651611328125,
262.60000000000002,3.4286651611328125,
262.69999999999999,3.4363327026367188,
262.80000000000001,3.444000244140625,
262.89999999999998,3.4593276977539062,
263,3.4823226928710938,
263.10000000000002,3.5104293823242188,
263.19999999999999,3.5385360717773438,
263.30000000000001,3.5461959838867188,
263.39999999999998,3.535980224609375,
263.5,3.5232009887695312,
263.60000000000002,3.5129852294921875,
263.69999999999999,3.50787353515625,
263.80000000000001,3.5104293823242188,
263.89999999999998,3.5155410766601562,
264,3.5206527709960938,
264.10000000000002,3.5027618408203125,
264.19999999999999,3.4669952392578125,
264.30000000000001,3.4542160034179688,
264.39999999999998,3.4567718505859375,
264.5,3.4746627807617188,
264.60000000000002,3.4823226928710938,
264.69999999999999,3.4874343872070312,
264.80000000000001,3.489990234375,
264.89999999999998,3.489990234375,
265,3.4951019287109375,
265.10000000000002,3.50787353515625,
265.19999999999999,3.4976577758789062,
265.30000000000001,3.461883544921875,
265.39999999999998,3.4414443969726562,
265.5,3.444000244140625,
265.60000000000002,3.4542160034179688,
265.69999999999999,3.4644393920898438,
265.80000000000001,3.47210693359375,
265.89999999999998,3.4746627807617188,
266,3.4772109985351562,
266.10000000000002,3.4823226928710938,
266.19999999999999,3.4925460815429688,
266.30000000000001,3.4874343872070312,
266.39999999999998,3.4567718505859375,
266.5,3.43377685546875,
266.60000000000002,3.43377685546875,
266.69999999999999,3.4465560913085938,
266.80000000000001,3.4593276977539062,
266.89999999999998,3.4669952392578125,
267,3.47210693359375,
267.10000000000002,3.4746627807617188,
267.19999999999999,3.4823226928710938,
267.30000000000001,3.4951019287109375,
267.39999999999998,3.489990234375,
267.5,3.4567718505859375,
267.60000000000002,3.4286651611328125,
267.69999999999999,3.426116943359375,
267.80000000000001,3.4363327026367188,
267.89999999999998,3.4465560913085938,
268,3.4516677856445312,
268.10000000000002,3.4516677856445312,
268.19999999999999,3.4567718505859375,
268.30000000000001,3.461883544921875,
268.39999999999998,3.47210693359375,
268.5,3.461883544921875,
268.60000000000002,3.4286651611328125,
268.69999999999999,3.4082260131835938,
268.80000000000001,3.4082260131835938,
268.89999999999998,3.4184494018554688,
269,3.4312210083007812,
269.10000000000002,3.4388885498046875,
269.19999999999999,3.444000244140625,
269.30000000000001,3.4465560913085938,
269.39999999999998,3.4516677856445312,
269.5,3.4669952392578125,
269.60000000000002,3.461883544921875,
269.69999999999999,3.4286651611328125,
269.80000000000001,3.405670166015625,
269.89999999999998,3.4082260131835938,
270,3.4235610961914062,0
270.10000000000002,3.4388885498046875,
270.19999999999999,3.4465560913085938,
270.30000000000001,3.4542160034179688,
270.39999999999998,3.4542160034179688,
270.5,3.4593276977539062,
270.60000000000002,3.47210693359375,
270.69999999999999,3.479766845703125,
270.80000000000001,3.4567718505859375,
270.89999999999998,3.426116943359375,
271,3.4210052490234375,
271.10000000000002,3.43377685546875,
271.19999999999999,3.4491119384765625,
271.30000000000001,3.461883544921875,
271.39999999999998,3.4669952392578125,
271.5,3.4695510864257812,
271.60000000000002,3.4772109985351562,
271.69999999999999,3.4874343872070312,
271.80000000000001,3.489990234375,
271.89999999999998,3.47210693359375,
272,3.4695510864257812,
272.10000000000002,3.5206527709960938,
272.19999999999999,3.6075210571289062,
272.30000000000001,3.719940185546875,
272.39999999999998,3.85791015625,
272.5,4.0827484130859375,
272.60000000000002,4.4149017333984375,
272.69999999999999,4.8007049560546875,
272.80000000000001,5.2171707153320312,
272.89999999999998,5.6438522338867188,
273,6.0705413818359375,
273.10000000000002,6.5483245849609375,
273.19999999999999,7.0695419311523438,
273.30000000000001,7.44512939453125,
273.39999999999998,7.6623001098632812,
273.5,8.0046768188476562,
273.60000000000002,8.4313583374023438,
273.69999999999999,8.8248291015625,
273.80000000000001,9.2642898559570312,
273.89999999999998,9.8570480346679688,
274,10.546897888183594,
274.10000000000002,10.965919494628906,
274.19999999999999,11.060455322265625,
274.30000000000001,10.986358642578125,
274.39999999999998,10.825393676757812,
274.5,10.730857849121094,
274.60000000000002,10.666984558105469,
274.69999999999999,10.380821228027344,
274.80000000000001,9.8953704833984375,
274.89999999999998,9.3153915405273438,
275,8.704742431640625,
275.10000000000002,8.1835250854492188,
275.19999999999999,7.7619476318359375,
275.30000000000001,7.3940277099609375,
275.39999999999998,6.9877853393554688,
275.5,6.5866470336914062,
275.60000000000002,6.23150634765625,
275.69999999999999,5.909576416015625,
275.80000000000001,5.6080856323242188,
275.89999999999998,5.31170654296875,
276,5.0383224487304688,
276.10000000000002,4.7828216552734375,
276.19999999999999,4.5247650146484375,
276.30000000000001,4.2871475219726562,
276.39999999999998,4.0955276489257812,
276.5,3.9626617431640625,
276.60000000000002,3.8630218505859375,
276.69999999999999,3.8195877075195312,
276.80000000000001,3.8221359252929688,
276.89999999999998,3.8093643188476562,
277,3.7735977172851562,
277.10000000000002,3.7301559448242188,
277.19999999999999,3.6765060424804688,
277.30000000000001,3.627960205078125,
277.39999999999998,3.5870819091796875,
277.5,3.5487518310546875,
277.60000000000002,3.518096923828125,
277.69999999999999,3.4925460815429688,
277.80000000000001,3.47210693359375,
277.89999999999998,3.4235610961914062,
278,3.3750152587890625,
278.10000000000002,3.369903564453125,
278.19999999999999,3.3775711059570312,
278.30000000000001,3.3903427124023438,
278.39999999999998,3.4005661010742188,
278.5,3.405670166015625,
278.60000000000002,3.4107818603515625,
278.69999999999999,3.4184494018554688,
278.80000000000001,3.4286651611328125,
278.89999999999998,3.4363327026367188,
279,3.444000244140625,
279.10000000000002,3.4210052490234375,
279.19999999999999,3.387786865234375,
279.30000000000001,3.380126953125,
279.39999999999998,3.3903427124023438,
279.5,3.405670166015625,
279.60000000000002,3.4082260131835938,
279.69999999999999,3.4133377075195312,
279.80000000000001,3.4184494018554688,
279.89999999999998,3.4210052490234375,
280,3.43377685546875,3.1847133636474609
280.10000000000002,3.4516677856445312,
280.19999999999999,3.4593276977539062,
280.30000000000001,3.4312210083007812,
280.39999999999998,3.4031219482421875,
280.5,3.39801025390625,
280.60000000000002,3.4005661010742188,
280.69999999999999,3.4184494018554688,
280.80000000000001,3.4312210083007812,
280.89999999999998,3.4363327026367188,
281,3.444000244140625,
281.10000000000002,3.4491119384765625,
281.19999999999999,3.4516677856445312,
281.30000000000001,3.4593276977539062,
281.39999999999998,3.4695510864257812,
281.5,3.4491119384765625,
281.60000000000002,3.4133377075195312,
281.69999999999999,3.4031219482421875,
281.80000000000001,3.4133377075195312,
281.89999999999998,3.4235610961914062,
282,3.43377685546875,
282.10000000000002,3.444000244140625,
282.19999999999999,3.4465560913085938,
282.30000000000001,3.4567718505859375,
282.39999999999998,3.461883544921875,
282.5,3.47210693359375,
282.60000000000002,3.47210693359375,
282.69999999999999,3.4465560913085938,
282.80000000000001,3.4184494018554688,
282.89999999999998,3.4158935546875,
283,3.4286651611328125,
283.10000000000002,3.444000244140625,
283.19999999999999,3.4516677856445312,
283.30000000000001,3.4542160034179688,
283.39999999999998,3.4644393920898438,
283.5,3.4772109985351562,
283.60000000000002,3.4823226928710938,
283.69999999999999,3.489990234375,
283.80000000000001,3.4746627807617188,
283.89999999999998,3.4363327026367188,
284,3.4158935546875,
284.10000000000002,3.426116943359375,
284.19999999999999,3.4414443969726562,
284.30000000000001,3.4542160034179688,
284.39999999999998,3.4593276977539062,
284.5,3.4542160034179688,
284.60000000000002,3.4644393920898438,
284.69999999999999,3.4772109985351562,
284.80000000000001,3.4848785400390625,
284.89999999999998,3.4669952392578125,
285,3.4388885498046875,
285.10000000000002,3.4491119384765625,
285.19999999999999,3.5283126831054688,
285.30000000000001,3.627960205078125,
285.39999999999998,3.6611709594726562,
285.5,3.6407318115234375,
285.60000000000002,3.6024093627929688,
285.69999999999999,3.5794143676757812,
285.80000000000001,3.7122726440429688,
285.89999999999998,4.013763427734375,
286,4.3050308227539062,
286.10000000000002,4.5886383056640625,
286.19999999999999,4.8773574829101562,
286.30000000000001,5.135406494140625,
286.39999999999998,5.3960189819335938,
286.5,5.6387405395507812,
286.60000000000002,5.8738021850585938,
286.69999999999999,6.129302978515625,
286.80000000000001,6.3566970825195312,
286.89999999999998,6.515106201171875,
287,6.6275253295898438,
287.10000000000002,6.7169570922851562,
287.19999999999999,6.7757186889648438,
287.30000000000001,6.8038253784179688,
287.39999999999998,6.7578353881835938,
287.5,6.6300811767578125,
287.60000000000002,6.4665603637695312,
287.69999999999999,6.2647171020507812,
287.80000000000001,6.0066604614257812,
287.89999999999998,5.761383056640625,
288,5.5620956420898438,
288.10000000000002,5.3909072875976562,
288.19999999999999,5.2171707153320312,
288.30000000000001,5.043426513671875,
288.39999999999998,4.8645782470703125,
288.5,4.657623291015625,
288.60000000000002,4.4583358764648438,
288.69999999999999,4.2462692260742188,
288.80000000000001,4.0214309692382812,
288.89999999999998,3.85791015625,
289,3.755706787109375,
289.10000000000002,3.6765060424804688,
289.19999999999999,3.6126327514648438,
289.30000000000001,3.5666427612304688,
289.39999999999998,3.535980224609375,
289.5,3.518096923828125,
289.60000000000002,3.5104293823242188,
289.69999999999999,3.4925460815429688,
289.80000000000001,3.43377685546875,
289.89999999999998,3.3775711059570312,
290,3.3673477172851562,0
290.10000000000002,3.380126953125,
290.19999999999999,3.3903427124023438,
290.30000000000001,3.3928985595703125,
290.39999999999998,3.3954544067382812,
290.5,3.4005661010742188,
290.60000000000002,3.405670166015625,
290.69999999999999,3.4133377075195312,
290.80000000000001,3.4235610961914062,
290.89999999999998,3.4031219482421875,
291,3.3724594116210938,
291.10000000000002,3.3647918701171875,
291.19999999999999,3.369903564453125,
291.30000000000001,3.3852310180664062,
291.39999999999998,3.3954544067382812,
291.5,3.4005661010742188,
291.60000000000002,3.4082260131835938,
291.69999999999999,3.4158935546875,
291.80000000000001,3.4210052490234375,
291.89999999999998,3.43377685546875,
292,3.4312210083007812,
292.10000000000002,3.3954544067382812,
292.19999999999999,3.3673477172851562,
292.30000000000001,3.369903564453125,
292.39999999999998,3.3852310180664062,
292.5,3.39801025390625,
292.60000000000002,3.4082260131835938,
292.69999999999999,3.4158935546875,
292.80000000000001,3.4184494018554688,
292.89999999999998,3.426116943359375,
293,3.4363327026367188,
293.10000000000002,3.4516677856445312,
293.19999999999999,3.4363327026367188,
293.30000000000001,3.4082260131835938,
293.39999999999998,3.4082260131835938,
293.5,3.4286651611328125,
293.60000000000002,3.4593276977539062,
293.69999999999999,3.4823226928710938,
293.80000000000001,3.5053176879882812,
293.89999999999998,3.5283126831054688,
294,3.5385360717773438,
294.10000000000002,3.5487518310546875,
294.19999999999999,3.5743026733398438,
294.30000000000001,3.5972976684570312,
294.39999999999998,3.6356277465820312,
294.5,3.737823486328125,
294.60000000000002,3.8987884521484375,
294.69999999999999,4.0801925659179688,
294.80000000000001,4.253936767578125,
294.89999999999998,4.4404525756835938,
295,4.6269607543945312,
295.10000000000002,4.767486572265625,
295.19999999999999,4.9080123901367188,
295.30000000000001,5.0919723510742188,
295.39999999999998,5.2222824096679688,
295.5,5.2989273071289062,
295.60000000000002,5.3730239868164062,
295.69999999999999,5.4547805786132812,
295.80000000000001,5.5646514892578125,
295.89999999999998,5.6923980712890625,
296,5.807373046875,
296.10000000000002,5.9070205688476562,
296.19999999999999,6.019439697265625,
296.30000000000001,6.1420822143554688,
296.39999999999998,6.203399658203125,
296.5,6.2059555053710938,
296.60000000000002,6.2493896484375,
296.69999999999999,6.3439254760742188,
296.80000000000001,6.461456298828125,
296.89999999999998,6.589202880859375,
297,6.663299560546875,
297.10000000000002,6.7067337036132812,
297.19999999999999,6.7757186889648438,
297.30000000000001,6.8395919799804688,
297.39999999999998,6.8625869750976562,
297.5,6.8855819702148438,
297.60000000000002,6.9162445068359375,
297.69999999999999,6.9417953491210938,
297.80000000000001,6.9980010986328125,
297.89999999999998,7.066986083984375,
298,7.123199462890625,
298.10000000000002,7.1666336059570312,
298.19999999999999,7.1640777587890625,
298.30000000000001,7.1743011474609375,
298.39999999999998,7.2407302856445312,
298.5,7.325042724609375,
298.60000000000002,7.399139404296875,
298.69999999999999,7.44512939453125,
298.80000000000001,7.4783401489257812,
298.89999999999998,7.51922607421875,
299,7.5601043701171875,
299.10000000000002,7.5601043701171875,
299.19999999999999,7.5294418334960938,
299.30000000000001,7.5115585327148438,
299.39999999999998,7.4860076904296875,
299.5,7.4374618530273438,
299.60000000000002,7.4119110107421875,
299.69999999999999,7.3863601684570312,
299.80000000000001,7.3608169555664062,
299.89999999999998,7.3608169555664062,
300,7.3659210205078125,2.417405366897583
300.10000000000002,7.3480377197265625,
300.19999999999999,7.3199310302734375,
300.30000000000001,7.3046035766601562,
300.39999999999998,7.2918319702148438,
300.5,7.2253952026367188,
300.60000000000002,7.1487503051757812,
300.69999999999999,7.1104202270507812,
300.80000000000001,7.066986083984375,
300.89999999999998,7.059326171875,
301,7.0746536254882812,
301.10000000000002,7.0720977783203125,
301.19999999999999,7.0567703247070312,
301.30000000000001,7.0363311767578125,
301.39999999999998,7.0261077880859375,
301.5,7.0261077880859375,
301.60000000000002,6.9852294921875,
301.69999999999999,6.9264602661132812,
301.80000000000001,6.8958053588867188,
301.89999999999998,6.865142822265625,
302,6.8395919799804688,
302.10000000000002,6.8395919799804688,
302.19999999999999,6.8421478271484375,
302.30000000000001,6.8217086791992188,
302.39999999999998,6.7884902954101562,
302.5,6.7654953002929688,
302.60000000000002,6.7603912353515625,
302.69999999999999,6.7399520874023438,
302.80000000000001,6.6658554077148438,
302.89999999999998,6.59942626953125,
303,6.553436279296875,
303.10000000000002,6.5100021362304688,
303.19999999999999,6.4895553588867188,
303.30000000000001,6.4461212158203125,
303.39999999999998,6.3464813232421875,
303.5,6.2263946533203125,
303.60000000000002,6.1395263671875,
303.69999999999999,6.0782012939453125,
303.80000000000001,6.0526504516601562,
303.89999999999998,6.0041122436523438,
304,5.8865814208984375,
304.10000000000002,5.7971572875976562,
304.19999999999999,5.7588272094726562,
304.30000000000001,5.7332763671875,
304.39999999999998,5.725616455078125,
304.5,5.71539306640625,
304.60000000000002,5.6949539184570312,
304.69999999999999,5.6642913818359375,
304.80000000000001,5.633636474609375,
304.89999999999998,5.6029739379882812,
305,5.5748672485351562,
305.10000000000002,5.4905548095703125,
305.19999999999999,5.3500289916992188,
305.30000000000001,5.2478256225585938,
305.39999999999998,5.2018356323242188,
305.5,5.1711807250976562,
305.60000000000002,5.1456298828125,
305.69999999999999,5.081756591796875,
305.80000000000001,5.0025482177734375,
305.89999999999998,4.97955322265625,
306,4.9948806762695312,
306.10000000000002,5.0204315185546875,
306.19999999999999,5.0510940551757812,
306.30000000000001,5.0127716064453125,
306.39999999999998,4.8748016357421875,
306.5,4.7291641235351562,
306.60000000000002,4.6474075317382812,
306.69999999999999,4.6090774536132812,
306.80000000000001,4.5988616943359375,
306.89999999999998,4.5988616943359375,
307,4.5911941528320312,
307.10000000000002,4.5809707641601562,
307.19999999999999,4.57586669921875,
307.30000000000001,4.5605316162109375,
307.39999999999998,4.491546630859375,
307.5,4.3842391967773438,
307.60000000000002,4.271820068359375,
307.69999999999999,4.1849517822265625,
307.80000000000001,4.1389617919921875,
307.89999999999998,4.1261825561523438,
308,4.105743408203125,
308.10000000000002,4.069976806640625,
308.19999999999999,4.0393142700195312,
308.30000000000001,4.0112075805664062,
308.39999999999998,3.98565673828125,
308.5,3.94989013671875,
308.60000000000002,3.9090118408203125,
308.69999999999999,3.8349151611328125,
308.80000000000001,3.755706787109375,
308.89999999999998,3.7301559448242188,
309,3.7301559448242188,
309.10000000000002,3.7250518798828125,
309.19999999999999,3.7071609497070312,
309.30000000000001,3.6841659545898438,
309.39999999999998,3.6586227416992188,
309.5,3.6330718994140625,
309.60000000000002,3.6126327514648438,
309.69999999999999,3.6024093627929688,
309.80000000000001,3.5794143676757812,
309.89999999999998,3.518096923828125,
310,3.461883544921875,5.1107325553894043
310.10000000000002,3.4491119384765625,
310.19999999999999,3.4567718505859375,
310.30000000000001,3.461883544921875,
310.39999999999998,3.4593276977539062,
310.5,3.461883544921875,
310.60000000000002,3.4644393920898438,
310.69999999999999,3.4669952392578125,
310.80000000000001,3.4695510864257812,
310.89999999999998,3.4695510864257812,
311,3.4363327026367188,
311.10000000000002,3.3928985595703125,
311.19999999999999,3.3826751708984375,
311.30000000000001,3.3954544067382812,
311.39999999999998,3.4107818603515625,
311.5,3.4210052490234375,
311.60000000000002,3.426116943359375,
311.69999999999999,3.4363327026367188,
311.80000000000001,3.4465560913085938,
311.89999999999998,3.4567718505859375,
312,3.4644393920898438,
312.10000000000002,3.444000244140625,
312.19999999999999,3.4107818603515625,
312.30000000000001,3.4031219482421875,
312.39999999999998,3.4107818603515625,
312.5,3.426116943359375,
312.60000000000002,3.43377685546875,
312.69999999999999,3.4414443969726562,
312.80000000000001,3.4491119384765625,
312.89999999999998,3.4593276977539062,
313,3.4772109985351562,
313.10000000000002,3.4925460815429688,
313.19999999999999,3.4695510864257812,
313.30000000000001,3.4388885498046875,
313.39999999999998,3.4286651611328125,
313.5,3.43377685546875,
313.60000000000002,3.4491119384765625,
313.69999999999999,3.4542160034179688,
313.80000000000001,3.4593276977539062,
313.89999999999998,3.4593276977539062,
314,3.4593276977539062,
314.10000000000002,3.4669952392578125,
314.19999999999999,3.4644393920898438,
314.30000000000001,3.43377685546875,
314.39999999999998,3.4031219482421875,
314.5,3.39801025390625,
314.60000000000002,3.4107818603515625,
314.69999999999999,3.426116943359375,
314.80000000000001,3.4363327026367188,
314.89999999999998,3.4414443969726562,
315,3.444000244140625,
315.10000000000002,3.444000244140625,
315.19999999999999,3.4567718505859375,
315.30000000000001,3.4465560913085938,
315.39999999999998,3.4158935546875,
315.5,3.3954544067382812,
315.60000000000002,3.39801025390625,
315.69999999999999,3.4133377075195312,
315.80000000000001,3.4210052490234375,
315.89999999999998,3.4286651611328125,
316,3.43377685546875,
316.10000000000002,3.4388885498046875,
316.19999999999999,3.4516677856445312,
316.30000000000001,3.4516677856445312,
316.39999999999998,3.4235610961914062,
316.5,3.39801025390625,
316.60000000000002,3.3954544067382812,
316.69999999999999,3.4082260131835938,
316.80000000000001,3.4235610961914062,
316.89999999999998,3.4286651611328125,
317,3.43377685546875,
317.10000000000002,3.444000244140625,
317.19999999999999,3.4465560913085938,
317.30000000000001,3.4516677856445312,
317.39999999999998,3.426116943359375,
317.5,3.3954544067382812,
317.60000000000002,3.387786865234375,
317.69999999999999,3.39801025390625,
317.80000000000001,3.4082260131835938,
317.89999999999998,3.4133377075195312,
318,3.4184494018554688,
318.10000000000002,3.426116943359375,
318.19999999999999,3.4363327026367188,
318.30000000000001,3.444000244140625,
318.39999999999998,3.4184494018554688,
318.5,3.39801025390625,
318.60000000000002,3.39801025390625,
318.69999999999999,3.405670166015625,
318.80000000000001,3.4210052490234375,
318.89999999999998,3.43377685546875,
319,3.4414443969726562,
319.10000000000002,3.4491119384765625,
319.19999999999999,3.4542160034179688,
319.30000000000001,3.4593276977539062,
319.39999999999998,3.43377685546875,
319.5,3.4031219482421875,
319.60000000000002,3.39801025390625,
319.69999999999999,3.4082260131835938,
319.80000000000001,3.4210052490234375,
319.89999999999998,3.4286651611328125,
320,3.4363327026367188,0
320.10000000000002,3.444000244140625,
320.19999999999999,3.4516677856445312,
320.30000000000001,3.4644393920898438,
320.39999999999998,3.4567718505859375,
320.5,3.4235610961914062,
320.60000000000002,3.4005661010742188,
320.69999999999999,3.405670166015625,
320.80000000000001,3.4235610961914062,
320.89999999999998,3.43377685546875,
321,3.444000244140625,
321.10000000000002,3.4516677856445312,
321.19999999999999,3.4567718505859375,
321.30000000000001,3.4772109985351562,
321.39999999999998,3.5027618408203125,
321.5,3.5027618408203125,
321.60000000000002,3.4848785400390625,
321.69999999999999,3.5002059936523438,
321.80000000000001,3.5640869140625,
321.89999999999998,3.6739501953125,
322,3.7838134765625,
322.10000000000002,3.8911209106445312,
322.19999999999999,4.0444259643554688,
322.30000000000001,4.24371337890625,
322.39999999999998,4.4532241821289062,
322.5,4.6831741333007812,
322.60000000000002,4.9080123901367188,
322.69999999999999,5.135406494140625,
322.80000000000001,5.411346435546875,
322.89999999999998,5.7383880615234375,
323,6.0756454467773438,
323.10000000000002,6.3515853881835938,
323.19999999999999,6.5559921264648438,
323.30000000000001,6.6965103149414062,
323.39999999999998,6.8395919799804688,
323.5,6.9928970336914062,
323.60000000000002,7.07720947265625,
323.69999999999999,7.1180877685546875,
323.80000000000001,7.1538619995117188,
323.89999999999998,7.141082763671875,
324,7.0797653198242188,
324.10000000000002,7.0261077880859375,
324.19999999999999,6.9954452514648438,
324.30000000000001,6.96734619140625,
324.39999999999998,6.9443511962890625,
324.5,6.9111328125,
324.60000000000002,6.8881378173828125,
324.69999999999999,6.8779220581054688,
324.80000000000001,6.865142822265625,
324.89999999999998,6.883026123046875,
325,6.9085769653320312,
325.10000000000002,6.9085769653320312,
325.19999999999999,6.89324951171875,
325.30000000000001,6.8395919799804688,
325.39999999999998,6.7271728515625,
325.5,6.5968704223632812,
325.60000000000002,6.4997787475585938,
325.69999999999999,6.4435653686523438,
325.80000000000001,6.4205703735351562,
325.89999999999998,6.4077987670898438,
326,6.3924713134765625,
326.10000000000002,6.3745803833007812,
326.19999999999999,6.3566970825195312,
326.30000000000001,6.3337020874023438,
326.39999999999998,6.26727294921875,
326.5,6.1599655151367188,
326.60000000000002,6.0960922241210938,
326.69999999999999,6.0756454467773438,
326.80000000000001,6.0679855346679688,
326.89999999999998,6.0782012939453125,
327,6.0807571411132812,
327.10000000000002,6.0679855346679688,
327.19999999999999,6.0526504516601562,
327.30000000000001,6.0424346923828125,
327.39999999999998,6.0271072387695312,
327.5,5.963226318359375,
327.60000000000002,5.8456954956054688,
327.69999999999999,5.7639389038085938,
327.80000000000001,5.7358322143554688,
327.89999999999998,5.7230606079101562,
328,5.7230606079101562,
328.10000000000002,5.7383880615234375,
328.19999999999999,5.743499755859375,
328.30000000000001,5.7383880615234375,
328.39999999999998,5.743499755859375,
328.5,5.7562713623046875,
328.60000000000002,5.7588272094726562,
328.69999999999999,5.7000656127929688,
328.80000000000001,5.6259689331054688,
328.89999999999998,5.5442123413085938,
329,5.49566650390625,
329.10000000000002,5.4879989624023438,
329.19999999999999,5.4905548095703125,
329.30000000000001,5.4828872680664062,
329.39999999999998,5.4726715087890625,
329.5,5.467559814453125,
329.60000000000002,5.467559814453125,
329.69999999999999,5.4752273559570312,
329.80000000000001,5.4803314208984375,
329.89999999999998,5.4343414306640625,
330,5.3730239868164062,2.5188915729522705
330.10000000000002,5.34747314453125,
330.19999999999999,5.3551406860351562,
330.30000000000001,5.3781356811523438,
330.39999999999998,5.393463134765625,
330.5,5.4062423706054688,
330.60000000000002,5.4164581298828125,
330.69999999999999,5.411346435546875,
330.80000000000001,5.4062423706054688,
330.89999999999998,5.42156982421875,
331,5.4292373657226562,
331.10000000000002,5.3781356811523438,
331.19999999999999,5.3091506958007812,
331.30000000000001,5.27337646484375,
331.39999999999998,5.2606048583984375,
331.5,5.27337646484375,
331.60000000000002,5.2887115478515625,
331.69999999999999,5.2963714599609375,
331.80000000000001,5.301483154296875,
331.89999999999998,5.2989273071289062,
332,5.301483154296875,
332.10000000000002,5.3142623901367188,
332.19999999999999,5.2784881591796875,
332.30000000000001,5.173736572265625,
332.39999999999998,5.0919723510742188,
332.5,5.0613174438476562,
332.60000000000002,5.0587615966796875,
332.69999999999999,5.081756591796875,
332.80000000000001,5.1047515869140625,
332.89999999999998,5.1124114990234375,
333,5.1200790405273438,
333.10000000000002,5.12774658203125,
333.19999999999999,5.135406494140625,
333.30000000000001,5.1328506469726562,
333.39999999999998,5.099639892578125,
333.5,5.0408706665039062,
333.60000000000002,5.0025482177734375,
333.69999999999999,5.0127716064453125,
333.80000000000001,5.0383224487304688,
333.89999999999998,5.0562057495117188,
334,5.0740890502929688,
334.10000000000002,5.08941650390625,
334.19999999999999,5.099639892578125,
334.30000000000001,5.1124114990234375,
334.39999999999998,5.135406494140625,
334.5,5.117523193359375,
334.60000000000002,5.0613174438476562,
334.69999999999999,5.0204315185546875,
334.80000000000001,5.007659912109375,
334.89999999999998,5.0178756713867188,
335,5.043426513671875,
335.10000000000002,5.0638656616210938,
335.19999999999999,5.071533203125,
335.30000000000001,5.071533203125,
335.39999999999998,5.0638656616210938,
335.5,5.0613174438476562,
335.60000000000002,5.0306549072265625,
335.69999999999999,4.915679931640625,
335.80000000000001,4.7930374145507812,
335.89999999999998,4.731719970703125,
336,4.7163925170898438,
336.10000000000002,4.7240524291992188,
336.19999999999999,4.7368316650390625,
336.30000000000001,4.7572708129882812,
336.39999999999998,4.7751541137695312,
336.5,4.7828216552734375,
336.60000000000002,4.7981491088867188,
336.69999999999999,4.8339157104492188,
336.80000000000001,4.8160324096679688,
336.89999999999998,4.7572708129882812,
337,4.7342758178710938,
337.10000000000002,4.7368316650390625,
337.19999999999999,4.7547149658203125,
337.30000000000001,4.767486572265625,
337.39999999999998,4.7725982666015625,
337.5,4.7725982666015625,
337.60000000000002,4.7368316650390625,
337.69999999999999,4.6933975219726562,
337.80000000000001,4.6985015869140625,
337.89999999999998,4.6933975219726562,
338,4.6550674438476562,
338.10000000000002,4.6371841430664062,
338.19999999999999,4.6550674438476562,
338.30000000000001,4.6831741333007812,
338.39999999999998,4.7010574340820312,
338.5,4.7112808227539062,
338.60000000000002,4.7163925170898438,
338.69999999999999,4.7189407348632812,
338.80000000000001,4.7163925170898438,
338.89999999999998,4.6959457397460938,
339,4.6422958374023438,
339.10000000000002,4.59375,
339.19999999999999,4.5784225463867188,
339.30000000000001,4.57586669921875,
339.39999999999998,4.583526611328125,
339.5,4.5963058471679688,
339.60000000000002,4.6065216064453125,
339.69999999999999,4.6141891479492188,
339.80000000000001,4.6371841430664062,
339.89999999999998,4.6601791381835938,
340,4.6474075317382812,0
340.10000000000002,4.5988616943359375,
340.19999999999999,4.565643310546875,
340.30000000000001,4.53753662109375,
340.39999999999998,4.5170974731445312,
340.5,4.5247650146484375,
340.60000000000002,4.5400924682617188,
340.69999999999999,4.5452041625976562,
340.80000000000001,4.53753662109375,
340.89999999999998,4.5400924682617188,
341,4.5707550048828125,
341.10000000000002,4.6065216064453125,
341.19999999999999,4.6295166015625,
341.30000000000001,4.6652908325195312,
341.39999999999998,4.6959457397460938,
341.5,4.7266082763671875,
341.60000000000002,4.7470474243164062,
341.69999999999999,4.7291641235351562,
341.80000000000001,4.6601791381835938,
341.89999999999998,4.547760009765625,
342,4.399566650390625,
342.10000000000002,4.2309417724609375,
342.19999999999999,4.0520858764648438,
342.30000000000001,3.8425827026367188,
342.39999999999998,3.663726806640625,
342.5,3.5461959838867188,
342.60000000000002,3.4644393920898438,
342.69999999999999,3.4286651611328125,
342.80000000000001,3.4158935546875,
342.89999999999998,3.4082260131835938,
343,3.4005661010742188,
343.10000000000002,3.387786865234375,
343.19999999999999,3.405670166015625,
343.30000000000001,3.426116943359375,
343.39999999999998,3.4082260131835938,
343.5,3.387786865234375,
343.60000000000002,3.387786865234375,
343.69999999999999,3.4005661010742188,
343.80000000000001,3.4107818603515625,
343.89999999999998,3.426116943359375,
344,3.4388885498046875,
344.10000000000002,3.47210693359375,
344.19999999999999,3.571746826171875,
344.30000000000001,3.719940185546875,
344.39999999999998,3.921783447265625,
344.5,4.1466217041015625,
344.60000000000002,4.3867950439453125,
344.69999999999999,4.6422958374023438,
344.80000000000001,4.851806640625,
344.89999999999998,5.0280990600585938,
345,5.1967315673828125,
345.10000000000002,5.3781356811523438,
345.19999999999999,5.5825347900390625,
345.30000000000001,5.7997055053710938,
345.39999999999998,6.0424346923828125,
345.5,6.3107070922851562,
345.60000000000002,6.5483245849609375,
345.69999999999999,6.6888504028320312,
345.80000000000001,6.8447036743164062,
345.89999999999998,7.1283111572265625,
346,7.4298019409179688,
346.10000000000002,7.6239776611328125,
346.19999999999999,7.7236251831054688,
346.30000000000001,7.7977218627929688,
346.39999999999998,7.8156051635742188,
346.5,7.8615951538085938,
346.60000000000002,8.0276718139648438,
346.69999999999999,8.1630859375,
346.80000000000001,8.2499542236328125,
346.89999999999998,8.3444900512695312,
347,8.354705810546875,
347.10000000000002,8.3291549682617188,
347.19999999999999,8.3240509033203125,
347.30000000000001,8.2422866821289062,
347.39999999999998,8.0736618041992188,
347.5,7.933135986328125,
347.60000000000002,7.8641510009765625,
347.69999999999999,7.8386001586914062,
347.80000000000001,7.8386001586914062,
347.89999999999998,7.802825927734375,
348,7.6980743408203125,
348.10000000000002,7.5677719116210938,
348.19999999999999,7.4221343994140625,
348.30000000000001,7.2535018920898438,
348.39999999999998,7.066986083984375,
348.5,6.8523712158203125,
348.60000000000002,6.571319580078125,
348.69999999999999,6.2596054077148438,
348.80000000000001,5.9913330078125,
348.89999999999998,5.7741622924804688,
349,5.5850906372070312,
349.10000000000002,5.3985748291015625,
349.19999999999999,5.2146148681640625,
349.30000000000001,5.0306549072265625,
349.39999999999998,4.8390274047851562,
349.5,4.639739990234375,
349.60000000000002,4.42767333984375,
349.69999999999999,4.225830078125,
349.80000000000001,4.0444259643554688,
349.89999999999998,3.85791015625,
350,3.702056884765625,2.5951557159423828
350.10000000000002,3.6305160522460938,
350.19999999999999,3.599853515625,
350.30000000000001,3.5743026733398438,
350.39999999999998,3.553863525390625,
350.5,3.535980224609375,
350.60000000000002,3.518096923828125,
350.69999999999999,3.5053176879882812,
350.80000000000001,3.4874343872070312,
350.89999999999998,3.4644393920898438,
351,3.43377685546875,
351.10000000000002,3.3724594116210938,
351.19999999999999,3.3162460327148438,
351.30000000000001,3.2983627319335938,
351.39999999999998,3.3034744262695312,
351.5,3.3111419677734375,
351.60000000000002,3.3188018798828125,
351.69999999999999,3.3315811157226562,
351.80000000000001,3.3545761108398438,
351.89999999999998,3.3954544067382812,
352,3.4593276977539062,
352.10000000000002,3.5308685302734375,
352.19999999999999,3.6075210571289062,
352.30000000000001,3.6381759643554688,
352.39999999999998,3.6867218017578125,
352.5,3.80169677734375,
352.60000000000002,3.9473342895507812,
352.69999999999999,4.105743408203125,
352.80000000000001,4.2999267578125,
352.89999999999998,4.5222091674804688,
353,4.7700424194335938,
353.10000000000002,5.0485382080078125,
353.19999999999999,5.3321456909179688,
353.30000000000001,5.5620956420898438,
353.39999999999998,5.743499755859375,
353.5,5.945343017578125,
353.60000000000002,6.0603179931640625,
353.69999999999999,6.1982879638671875,
353.80000000000001,6.3209304809570312,
353.89999999999998,6.405242919921875,
354,6.479339599609375,
354.10000000000002,6.5943145751953125,
354.19999999999999,6.6939620971679688,
354.30000000000001,6.74505615234375,
354.39999999999998,6.8217086791992188,
354.5,6.921356201171875,
354.60000000000002,7.00311279296875,
354.69999999999999,7.0644302368164062,
354.80000000000001,7.1027603149414062,
354.89999999999998,7.1027603149414062,
355,7.0848770141601562,
355.10000000000002,7.0363311767578125,
355.19999999999999,6.9647903442382812,
355.30000000000001,6.9162445068359375,
355.39999999999998,6.8625869750976562,
355.5,6.8242645263671875,
355.60000000000002,6.847259521484375,
355.69999999999999,6.8906936645507812,
355.80000000000001,6.8881378173828125,
355.89999999999998,6.8804702758789062,
356,6.8804702758789062,
356.10000000000002,6.847259521484375,
356.19999999999999,6.7961578369140625,
356.30000000000001,6.7195053100585938,
356.39999999999998,6.6377487182617188,
356.5,6.5866470336914062,
356.60000000000002,6.5176620483398438,
356.69999999999999,6.4103546142578125,
356.80000000000001,6.3081512451171875,
356.89999999999998,6.2442779541015625,
357,6.1957321166992188,
357.10000000000002,6.1165313720703125,
357.19999999999999,6.0322113037109375,
357.30000000000001,5.9887771606445312,
357.39999999999998,5.9887771606445312,
357.5,6.0117721557617188,
357.60000000000002,6.0322113037109375,
357.69999999999999,6.0424346923828125,
357.80000000000001,6.0424346923828125,
357.89999999999998,6.04754638671875,
358,6.055206298828125,
358.10000000000002,6.0577621459960938,
358.19999999999999,6.001556396484375,
358.30000000000001,5.909576416015625,
358.39999999999998,5.8661422729492188,
358.5,5.8584747314453125,
358.60000000000002,5.8482513427734375,
358.69999999999999,5.8456954956054688,
358.80000000000001,5.8482513427734375,
358.89999999999998,5.8278121948242188,
359,5.8022613525390625,
359.10000000000002,5.7997055053710938,
359.19999999999999,5.7920455932617188,
359.30000000000001,5.7358322143554688,
359.39999999999998,5.5978622436523438,
359.5,5.4650039672851562,
359.60000000000002,5.4266815185546875,
359.69999999999999,5.4241256713867188,
359.80000000000001,5.4241256713867188,
359.89999999999998,5.4292373657226562,
360,5.4343414306640625,7.6530609130859375
360.10000000000002,5.4317855834960938,
360.19999999999999,5.4266815185546875,
360.30000000000001,5.4368972778320312,
360.39999999999998,5.4547805786132812,
360.5,5.439453125,
360.60000000000002,5.357696533203125,
360.69999999999999,5.2554931640625,
360.80000000000001,5.1967315673828125,
360.89999999999998,5.16351318359375,
361,5.1405181884765625,
361.10000000000002,5.1609573364257812,
361.19999999999999,5.2069473266601562,
361.30000000000001,5.2682723999023438,
361.39999999999998,5.3704681396484375,
361.5,5.485443115234375,
361.60000000000002,5.5569839477539062,
361.69999999999999,5.4879989624023438,
361.80000000000001,5.2810440063476562,
361.89999999999998,5.0383224487304688,
362,4.8109207153320312,
362.10000000000002,4.61163330078125,
362.19999999999999,4.4174575805664062,
362.30000000000001,4.2309417724609375,
362.39999999999998,4.069976806640625,
362.5,3.9550018310546875,
362.60000000000002,3.8911209106445312,
362.69999999999999,3.7710418701171875,
362.80000000000001,3.5027618408203125,
362.89999999999998,3.313690185546875,
363,3.3392410278320312,
363.10000000000002,3.4107818603515625,
363.19999999999999,3.461883544921875,
363.30000000000001,3.5002059936523438,
363.39999999999998,3.5257568359375,
363.5,3.5283126831054688,
363.60000000000002,3.50787353515625,
363.69999999999999,3.5129852294921875,
363.80000000000001,3.535980224609375,
363.89999999999998,3.4593276977539062,
364,3.24981689453125,
364.10000000000002,3.1629486083984375,
364.19999999999999,3.2855911254882812,
364.30000000000001,3.5257568359375,
364.39999999999998,3.8604660034179688,
364.5,4.2002792358398438,
364.60000000000002,4.5196533203125,
364.69999999999999,4.8901290893554688,
364.80000000000001,5.1098556518554688,
364.89999999999998,4.9284515380859375,
365,4.6627349853515625,
365.10000000000002,4.8926849365234375,
365.19999999999999,5.3270339965820312,
365.30000000000001,5.5058822631835938,
365.39999999999998,5.5569839477539062,
365.5,5.5646514892578125,
365.60000000000002,5.7409439086914062,
365.69999999999999,6.0526504516601562,
365.80000000000001,6.3745803833007812,
365.89999999999998,6.8063812255859375,
366,7.3863601684570312,
366.10000000000002,7.9535751342773438,
366.19999999999999,8.3598175048828125,
366.30000000000001,8.4773483276367188,
366.39999999999998,8.262725830078125,
366.5,8.0915451049804688,
366.60000000000002,7.9995651245117188,
366.69999999999999,7.710845947265625,
366.80000000000001,7.3863601684570312,
366.89999999999998,7.123199462890625,
367,6.7961578369140625,
367.10000000000002,6.5840911865234375,
367.19999999999999,6.5917587280273438,
367.30000000000001,6.5202178955078125,
367.39999999999998,6.2366104125976562,
367.5,5.853363037109375,
367.60000000000002,5.5391006469726562,
367.69999999999999,5.3602523803710938,
367.80000000000001,5.1507415771484375,
367.89999999999998,4.8799057006835938,
368,4.7291641235351562,
368.10000000000002,4.6882858276367188,
368.19999999999999,4.70361328125,
368.30000000000001,4.6882858276367188,
368.39999999999998,4.6167449951171875,
368.5,4.5911941528320312,
368.60000000000002,4.5784225463867188,
368.69999999999999,4.6014175415039062,
368.80000000000001,4.6882858276367188,
368.89999999999998,4.7547149658203125,
369,4.9233474731445312,
369.10000000000002,5.2401657104492188,
369.19999999999999,5.4803314208984375,
369.30000000000001,5.651519775390625,
369.39999999999998,5.9044647216796875,
369.5,6.1727371215820312,
369.60000000000002,6.3618087768554688,
369.69999999999999,6.5227737426757812,
369.80000000000001,6.7629470825195312,
369.89999999999998,6.9801177978515625,
370,7.059326171875,7.8192877769470215
370.10000000000002,7.0848770141601562,
370.19999999999999,7.0439910888671875,
370.30000000000001,7.0158920288085938,
370.39999999999998,7.0388870239257812,
370.5,7.049102783203125,
370.60000000000002,7.0465469360351562,
370.69999999999999,7.0261077880859375,
370.80000000000001,7.00311279296875,
370.89999999999998,6.9341278076171875,
371,6.7322845458984375,
371.10000000000002,6.41546630859375,
371.19999999999999,6.0603179931640625,
371.30000000000001,5.7460556030273438,
371.39999999999998,5.5799789428710938,
371.5,5.4803314208984375,
371.60000000000002,5.3449172973632812,
371.69999999999999,5.2069473266601562,
371.80000000000001,5.0945281982421875,
371.89999999999998,5.0178756713867188,
372,4.9284515380859375,
372.10000000000002,4.8441390991210938,
372.19999999999999,4.805816650390625,
372.30000000000001,4.7700424194335938,
372.39999999999998,4.6678466796875,
372.5,4.5068817138671875,
372.60000000000002,4.3970108032226562,
372.69999999999999,4.3944625854492188,
372.80000000000001,4.4251174926757812,
372.89999999999998,4.4404525756835938,
373,4.4506683349609375,
373.10000000000002,4.4251174926757812,
373.19999999999999,4.4225616455078125,
373.30000000000001,4.5324325561523438,
373.39999999999998,4.6474075317382812,
373.5,4.6065216064453125,
373.60000000000002,4.5043258666992188,
373.69999999999999,4.4762191772460938,
373.80000000000001,4.6065216064453125,
373.89999999999998,4.7725982666015625,
374,4.8339157104492188,
374.10000000000002,4.8645782470703125,
374.19999999999999,4.851806640625,
374.30000000000001,4.8748016357421875,
374.39999999999998,5.2554931640625,
374.5,5.82525634765625,
374.60000000000002,6.19317626953125,
374.69999999999999,6.4359054565429688,
374.80000000000001,6.653076171875,
374.89999999999998,6.8319320678710938,
375,6.9494552612304688,
375.10000000000002,7.0542144775390625,
375.19999999999999,7.1998519897460938,
375.30000000000001,7.3761444091796875,
375.39999999999998,7.565216064453125,
375.5,7.7517318725585938,
375.60000000000002,7.9433517456054688,
375.69999999999999,8.124755859375,
375.80000000000001,8.2244033813476562,
375.89999999999998,8.2218475341796875,
376,8.1400909423828125,
376.10000000000002,7.9918975830078125,
376.19999999999999,7.8156051635742188,
376.30000000000001,7.6495285034179688,
376.39999999999998,7.5166702270507812,
376.5,7.3965835571289062,
376.60000000000002,7.26116943359375,
376.69999999999999,7.0899810791015625,
376.80000000000001,6.9520111083984375,
376.89999999999998,6.8063812255859375,
377,6.681182861328125,
377.10000000000002,6.5687637329101562,
377.19999999999999,6.4410171508789062,
377.30000000000001,6.2979354858398438,
377.39999999999998,6.1318588256835938,
377.5,5.9708938598632812,
377.60000000000002,5.807373046875,
377.69999999999999,5.6183013916015625,
377.80000000000001,5.3653564453125,
377.89999999999998,5.1405181884765625,
378,4.9999923706054688,
378.10000000000002,4.8492507934570312,
378.19999999999999,4.6959457397460938,
378.30000000000001,4.6014175415039062,
378.39999999999998,4.5503158569335938,
378.5,4.5145416259765625,
378.60000000000002,4.4889907836914062,
378.69999999999999,4.4762191772460938,
378.80000000000001,4.473663330078125,
378.89999999999998,4.4659957885742188,
379,4.4404525756835938,
379.10000000000002,4.4327850341796875,
379.19999999999999,4.4941024780273438,
379.30000000000001,4.61163330078125,
379.39999999999998,4.7649307250976562,
379.5,4.9488906860351562,
379.60000000000002,5.1609573364257812,
379.69999999999999,5.3704681396484375,
379.80000000000001,5.5978622436523438,
379.89999999999998,5.8686904907226562,
380,6.1446304321289062,9.5389509201049805
380.10000000000002,6.3924713134765625,
380.19999999999999,6.6505203247070312,
380.30000000000001,6.9162445068359375,
380.39999999999998,7.1308670043945312,
380.5,7.3122711181640625,
380.60000000000002,7.4476852416992188,
380.69999999999999,7.5166702270507812,
380.80000000000001,7.5243301391601562,
380.89999999999998,7.4885635375976562,
381,7.4553451538085938,
381.10000000000002,7.37103271484375,
381.19999999999999,7.2075119018554688,
381.30000000000001,7.0414352416992188,
381.39999999999998,6.9009170532226562,
381.5,6.7757186889648438,
381.60000000000002,6.653076171875,
381.69999999999999,6.5023345947265625,
381.80000000000001,6.3004913330078125,
381.89999999999998,6.08331298828125,
382,5.8814697265625,
382.10000000000002,5.6821823120117188,
382.19999999999999,5.4752273559570312,
382.30000000000001,5.2427215576171875,
382.39999999999998,5.025543212890625,
382.5,4.8645782470703125,
382.60000000000002,4.7444915771484375,
382.69999999999999,4.6371841430664062,
382.80000000000001,4.5605316162109375,
382.89999999999998,4.5170974731445312,
383,4.4813308715820312,
383.10000000000002,4.4583358764648438,
383.19999999999999,4.4532241821289062,
383.30000000000001,4.4532241821289062,
383.39999999999998,4.4200057983398438,
383.5,4.3714675903320312,
383.60000000000002,4.3689117431640625,
383.69999999999999,4.4072341918945312,
383.80000000000001,4.4659957885742188,
383.89999999999998,4.5528717041015625,
384,4.6652908325195312,
384.10000000000002,4.8007049560546875,
384.19999999999999,4.9463424682617188,
384.30000000000001,5.1073074340820312,
384.39999999999998,5.2912673950195312,
384.5,5.4368972778320312,
384.60000000000002,5.541656494140625,
384.69999999999999,5.6642913818359375,
384.80000000000001,5.7690505981445312,
384.89999999999998,5.78948974609375,
385,5.7358322143554688,
385.10000000000002,5.6617355346679688,
385.19999999999999,5.5748672485351562,
385.30000000000001,5.4803314208984375,
385.39999999999998,5.3832473754882812,
385.5,5.283599853515625,
385.60000000000002,5.1609573364257812,
385.69999999999999,4.989776611328125,
385.80000000000001,4.823699951171875,
385.89999999999998,4.7291641235351562,
386,4.6652908325195312,
386.10000000000002,4.6141891479492188,
386.19999999999999,4.583526611328125,
386.30000000000001,4.5605316162109375,
386.39999999999998,4.53753662109375,
386.5,4.5119857788085938,
386.60000000000002,4.491546630859375,
386.69999999999999,4.4889907836914062,
386.80000000000001,4.48388671875,
386.89999999999998,4.5068817138671875,
387,4.6090774536132812,
387.10000000000002,4.7802658081054688,
387.19999999999999,4.9948806762695312,
387.30000000000001,5.1941757202148438,
387.39999999999998,5.3628005981445312,
387.5,5.5263214111328125,
387.60000000000002,5.71539306640625,
387.69999999999999,5.9300155639648438,
387.80000000000001,6.1522979736328125,
387.89999999999998,6.3260421752929688,
388,6.3720321655273438,
388.10000000000002,6.3030471801757812,
388.19999999999999,6.1804046630859375,
388.30000000000001,6.037322998046875,
388.39999999999998,5.8967971801757812,
388.5,5.761383056640625,
388.60000000000002,5.6259689331054688,
388.69999999999999,5.4752273559570312,
388.80000000000001,5.301483154296875,
388.89999999999998,5.135406494140625,
389,4.9948806762695312,
389.10000000000002,4.8441390991210938,
389.19999999999999,4.68572998046875,
389.30000000000001,4.5860824584960938,
389.39999999999998,4.5426483154296875,
389.5,4.5196533203125,
389.60000000000002,4.5043258666992188,
389.69999999999999,4.4889907836914062,
389.80000000000001,4.48388671875,
389.89999999999998,4.4889907836914062,
390,4.50177001953125,11.070110321044922
390.10000000000002,4.5068817138671875,
390.19999999999999,4.5170974731445312,
390.30000000000001,4.4966583251953125,
390.39999999999998,4.4608917236328125,
390.5,4.4813308715820312,
390.60000000000002,4.5554275512695312,
390.69999999999999,4.657623291015625,
390.80000000000001,4.7828216552734375,
390.89999999999998,4.9284515380859375,
391,5.0970840454101562,
391.10000000000002,5.2784881591796875,
391.19999999999999,5.4879989624023438,
391.30000000000001,5.7281723022460938,
391.39999999999998,5.97344970703125,
391.5,6.23150634765625,
391.60000000000002,6.5381011962890625,
391.69999999999999,6.89324951171875,
391.80000000000001,7.2560577392578125,
391.89999999999998,7.5626602172851562,
392,7.784942626953125,
392.10000000000002,7.9101409912109375,
392.19999999999999,7.8845901489257812,
392.30000000000001,7.767059326171875,
392.39999999999998,7.6597518920898438,
392.5,7.5294418334960938,
392.60000000000002,7.37103271484375,
392.69999999999999,7.2202911376953125,
392.80000000000001,7.059326171875,
392.89999999999998,6.9366836547851562,
393,6.8370361328125,
393.10000000000002,6.699066162109375,
393.19999999999999,6.5585403442382812,
393.30000000000001,6.4384613037109375,
393.39999999999998,6.3183746337890625,
393.5,6.1880722045898438,
393.60000000000002,5.9811172485351562,
393.69999999999999,5.6949539184570312,
393.80000000000001,5.4164581298828125,
393.89999999999998,5.1967315673828125,
394,5.0229873657226562,
394.10000000000002,4.8773574829101562,
394.19999999999999,4.7623825073242188,
394.30000000000001,4.675506591796875,
394.39999999999998,4.6090774536132812,
394.5,4.5784225463867188,
394.60000000000002,4.5630874633789062,
394.69999999999999,4.5554275512695312,
394.80000000000001,4.5068817138671875,
394.89999999999998,4.445556640625,
395,4.4481124877929688,
395.10000000000002,4.5196533203125,
395.19999999999999,4.6295166015625,
395.30000000000001,4.7828216552734375,
395.39999999999998,4.9948806762695312,
395.5,5.2120590209960938,
395.60000000000002,5.42156982421875,
395.69999999999999,5.64129638671875,
395.80000000000001,5.86358642578125,
395.89999999999998,6.0398788452148438,
396,6.1625213623046875,
396.10000000000002,6.2621612548828125,
396.19999999999999,6.2979354858398438,
396.30000000000001,6.2519454956054688,
396.39999999999998,6.1701812744140625,
396.5,6.0219955444335938,
396.60000000000002,5.8431472778320312,
396.69999999999999,5.71539306640625,
396.80000000000001,5.6183013916015625,
396.89999999999998,5.5237655639648438,
397,5.4292373657226562,
397.10000000000002,5.2861557006835938,
397.19999999999999,5.1226348876953125,
397.30000000000001,5.0229873657226562,
397.39999999999998,4.9948806762695312,
397.5,4.989776611328125,
397.60000000000002,4.9233474731445312,
397.69999999999999,4.8492507934570312,
397.80000000000001,4.805816650390625,
397.89999999999998,4.7981491088867188,
398,4.8901290893554688,
398.10000000000002,5.0638656616210938,
398.19999999999999,5.2427215576171875,
398.30000000000001,5.4036865234375,
398.39999999999998,5.5723114013671875,
398.5,5.7639389038085938,
398.60000000000002,5.9836654663085938,
398.69999999999999,6.2085113525390625,
398.80000000000001,6.423126220703125,
398.89999999999998,6.6224212646484375,
399,6.7425003051757812,
399.10000000000002,6.7654953002929688,
399.19999999999999,6.7399520874023438,
399.30000000000001,6.6607437133789062,
399.39999999999998,6.4563446044921875,
399.5,6.2059555053710938,
399.60000000000002,6.0322113037109375,
399.69999999999999,5.9581222534179688,
399.80000000000001,5.8967971801757812,
399.89999999999998,5.8303680419921875,
400,5.761383056640625,12.430938720703125
400.10000000000002,5.7051773071289062,
400.19999999999999,5.651519775390625,
400.30000000000001,5.6234130859375,
400.39999999999998,5.6106414794921875,
400.5,5.4726715087890625,
400.60000000000002,5.2606048583984375,
400.69999999999999,5.1226348876953125,
400.80000000000001,5.0280990600585938,
400.89999999999998,4.9284515380859375,
401,4.7904815673828125,
401.10000000000002,4.6806182861328125,
401.19999999999999,4.6627349853515625,
401.30000000000001,4.6652908325195312,
401.39999999999998,4.6346282958984375,
401.5,4.6090774536132812,
401.60000000000002,4.5886383056640625,
401.69999999999999,4.547760009765625,
401.80000000000001,4.491546630859375,
401.89999999999998,4.4659957885742188,
402,4.4813308715820312,
402.10000000000002,4.5222091674804688,
402.19999999999999,4.5809707641601562,
402.30000000000001,4.6601791381835938,
402.39999999999998,4.8109207153320312,
402.5,5.0357666015625,
402.60000000000002,5.2861557006835938,
402.69999999999999,5.4982223510742188,
402.80000000000001,5.6438522338867188,
402.89999999999998,5.7997055053710938,
403,6.0143280029296875,
403.10000000000002,6.2570571899414062,
403.19999999999999,6.4997787475585938,
403.30000000000001,6.737396240234375,
403.39999999999998,6.9801177978515625,
403.5,7.1436386108398438,
403.60000000000002,7.1794052124023438,
403.69999999999999,7.1180877685546875,
403.80000000000001,6.9724502563476562,
403.89999999999998,6.78338623046875,
404,6.6326370239257812,
404.10000000000002,6.515106201171875,
404.19999999999999,6.3950271606445312,
404.30000000000001,6.2570571899414062,
404.39999999999998,6.0986404418945312,
404.5,5.9325714111328125,
404.60000000000002,5.7767105102539062,
404.69999999999999,5.6285247802734375,
404.80000000000001,5.5007705688476562,
404.89999999999998,5.3628005981445312,
405,5.2171707153320312,
405.10000000000002,5.099639892578125,
405.19999999999999,5.0204315185546875,
405.30000000000001,4.9565582275390625,
405.39999999999998,4.8850173950195312,
405.5,4.823699951171875,
405.60000000000002,4.7802658081054688,
405.69999999999999,4.7444915771484375,
405.80000000000001,4.7163925170898438,
405.89999999999998,4.6933975219726562,
406,4.675506591796875,
406.10000000000002,4.6780624389648438,
406.19999999999999,4.7572708129882812,
406.30000000000001,4.9258956909179688,
406.39999999999998,5.1047515869140625,
406.5,5.27337646484375,
406.60000000000002,5.4752273559570312,
406.69999999999999,5.6923980712890625,
406.80000000000001,5.9019088745117188,
406.89999999999998,6.1241912841796875,
407,6.3337020874023438,
407.10000000000002,6.5023345947265625,
407.19999999999999,6.607086181640625,
407.30000000000001,6.6735153198242188,
407.39999999999998,6.7016220092773438,
407.5,6.6658554077148438,
407.60000000000002,6.6045303344726562,
407.69999999999999,6.5202178955078125,
407.80000000000001,6.405242919921875,
407.89999999999998,6.2723846435546875,
408,6.147186279296875,
408.10000000000002,6.0501022338867188,
408.19999999999999,6.0219955444335938,
408.30000000000001,6.0143280029296875,
408.39999999999998,5.9657821655273438,
408.5,5.909576416015625,
408.60000000000002,5.8763580322265625,
408.69999999999999,5.871246337890625,
408.80000000000001,5.8686904907226562,
408.89999999999998,5.8559188842773438,
409,5.8405914306640625,
409.10000000000002,5.8303680419921875,
409.19999999999999,5.8303680419921875,
409.30000000000001,5.8431472778320312,
409.39999999999998,5.8405914306640625,
409.5,5.7869338989257812,
409.60000000000002,5.7077255249023438,
409.69999999999999,5.651519775390625,
409.80000000000001,5.6285247802734375,
409.89999999999998,5.6464080810546875,
410,5.6821823120117188,13.523666381835938
410.10000000000002,5.7307205200195312,
410.19999999999999,5.7997055053710938,
410.30000000000001,5.8942413330078125,
410.39999999999998,5.9964447021484375,
410.5,6.1139755249023438,
410.60000000000002,6.2187271118164062,
410.69999999999999,6.2749404907226562,
410.80000000000001,6.3490371704101562,
410.89999999999998,6.4640121459960938,
411,6.5764312744140625,
411.10000000000002,6.6403045654296875,
411.19999999999999,6.63519287109375,
411.30000000000001,6.5840911865234375,
411.39999999999998,6.52532958984375,
411.5,6.4742279052734375,
411.60000000000002,6.4410171508789062,
411.69999999999999,6.3720321655273438,
411.80000000000001,6.2085113525390625,
411.89999999999998,6.0117721557617188,
412,5.853363037109375,
412.10000000000002,5.7383880615234375,
412.19999999999999,5.651519775390625,
412.30000000000001,5.5518722534179688,
412.39999999999998,5.439453125,
412.5,5.3142623901367188,
412.60000000000002,5.1762924194335938,
412.69999999999999,5.0408706665039062,
412.80000000000001,4.9131240844726562,
412.89999999999998,4.7649307250976562,
413,4.6039657592773438,
413.10000000000002,4.48388671875,
413.19999999999999,4.4200057983398438,
413.30000000000001,4.3867950439453125,
413.39999999999998,4.3612442016601562,
413.5,4.3484725952148438,
413.60000000000002,4.3689117431640625,
413.69999999999999,4.42767333984375,
413.80000000000001,4.5400924682617188,
413.89999999999998,4.7266082763671875,
414,4.9591140747070312,
414.10000000000002,5.1507415771484375,
414.19999999999999,5.3065948486328125,
414.30000000000001,5.485443115234375,
414.39999999999998,5.6847305297851562,
414.5,5.8840255737304688,
414.60000000000002,6.0577621459960938,
414.69999999999999,6.2238388061523438,
414.80000000000001,6.37713623046875,
414.89999999999998,6.479339599609375,
415,6.515106201171875,
415.10000000000002,6.5023345947265625,
415.19999999999999,6.4282379150390625,
415.30000000000001,6.2928237915039062,
415.39999999999998,6.1599655151367188,
415.5,6.0577621459960938,
415.60000000000002,5.9683380126953125,
415.69999999999999,5.8584747314453125,
415.80000000000001,5.7588272094726562,
415.89999999999998,5.6847305297851562,
416,5.6259689331054688,
416.10000000000002,5.6029739379882812,
416.19999999999999,5.595306396484375,
416.30000000000001,5.5161056518554688,
416.39999999999998,5.3781356811523438,
416.5,5.2682723999023438,
416.60000000000002,5.181396484375,
416.69999999999999,5.1021957397460938,
416.80000000000001,5.0229873657226562,
416.89999999999998,4.9284515380859375,
417,4.8185882568359375,
417.10000000000002,4.6985015869140625,
417.19999999999999,4.59375,
417.30000000000001,4.5094375610351562,
417.39999999999998,4.4404525756835938,
417.5,4.3689117431640625,
417.60000000000002,4.2948150634765625,
417.69999999999999,4.2692642211914062,
417.80000000000001,4.2692642211914062,
417.89999999999998,4.271820068359375,
418,4.2769317626953125,
418.10000000000002,4.3331375122070312,
418.19999999999999,4.4506683349609375,
418.30000000000001,4.6601791381835938,
418.39999999999998,4.9667816162109375,
418.5,5.2861557006835938,
418.60000000000002,5.5442123413085938,
418.69999999999999,5.7460556030273438,
418.80000000000001,5.9581222534179688,
418.89999999999998,6.203399658203125,
419,6.4537887573242188,
419.10000000000002,6.699066162109375,
419.19999999999999,6.9494552612304688,
419.30000000000001,7.2279510498046875,
419.39999999999998,7.4885635375976562,
419.5,7.6444168090820312,
419.60000000000002,7.6444168090820312,
419.69999999999999,7.5115585327148438,
419.80000000000001,7.3327102661132812,
419.89999999999998,7.1538619995117188,
420,6.9852294921875,15.339663505554199
420.10000000000002,6.8344802856445312,
420.19999999999999,6.6479721069335938,
420.30000000000001,6.3822479248046875,
420.39999999999998,6.08331298828125,
420.5,5.8099288940429688,
420.60000000000002,5.5339889526367188,
420.69999999999999,5.2324981689453125,
420.80000000000001,4.9693374633789062,
420.89999999999998,4.7930374145507812,
421,4.6780624389648438,
421.10000000000002,4.5963058471679688,
421.19999999999999,4.5273208618164062,
421.30000000000001,4.4787750244140625,
421.39999999999998,4.4506683349609375,
421.5,4.4302291870117188,
421.60000000000002,4.4174575805664062,
421.69999999999999,4.4072341918945312,
421.80000000000001,4.3561325073242188,
421.89999999999998,4.3024826049804688,
422,4.3382492065429688,
422.10000000000002,4.455780029296875,
422.19999999999999,4.6346282958984375,
422.30000000000001,4.8620223999023438,
422.39999999999998,5.099639892578125,
422.5,5.265716552734375,
422.60000000000002,5.4062423706054688,
422.69999999999999,5.5212173461914062,
422.80000000000001,5.687286376953125,
422.89999999999998,5.8763580322265625,
423,6.0219955444335938,
423.10000000000002,6.185516357421875,
423.19999999999999,6.461456298828125,
423.30000000000001,6.8625869750976562,
423.39999999999998,7.307159423828125,
423.5,7.7159576416015625,
423.60000000000002,8.0659942626953125,
423.69999999999999,8.3725967407226562,
423.80000000000001,8.6459808349609375,
423.89999999999998,8.8784866333007812,
424,9.06500244140625,
424.10000000000002,9.1850814819335938,
424.19999999999999,9.3256072998046875,
424.30000000000001,9.4635772705078125,
424.39999999999998,9.46868896484375,
424.5,9.3690414428710938,
424.60000000000002,9.24896240234375,
424.69999999999999,9.0598907470703125,
424.80000000000001,8.778839111328125,
424.89999999999998,8.520782470703125,
425,8.2116317749023438,
425.10000000000002,7.8386001586914062,
425.19999999999999,7.5064468383789062,
425.30000000000001,7.2253952026367188,
425.39999999999998,6.9826736450195312,
425.5,6.7578353881835938,
425.60000000000002,6.5202178955078125,
425.69999999999999,6.2570571899414062,
425.80000000000001,5.9760055541992188,
425.89999999999998,5.7128372192382812,
426,5.467559814453125,
426.10000000000002,5.1967315673828125,
426.19999999999999,4.9207916259765625,
426.30000000000001,4.7061691284179688,
426.39999999999998,4.5681991577148438,
426.5,4.4813308715820312,
426.60000000000002,4.4251174926757812,
426.69999999999999,4.3842391967773438,
426.80000000000001,4.345916748046875,
426.89999999999998,4.3203659057617188,
427,4.3101425170898438,
427.10000000000002,4.3101425170898438,
427.19999999999999,4.3152542114257812,
427.30000000000001,4.3050308227539062,
427.39999999999998,4.3305816650390625,
427.5,4.4430007934570312,
427.60000000000002,4.6244125366210938,
427.69999999999999,4.8390274047851562,
427.80000000000001,5.043426513671875,
427.89999999999998,5.2452774047851562,
428,5.4471206665039062,
428.10000000000002,5.64129638671875,
428.19999999999999,5.8329238891601562,
428.30000000000001,6.0296554565429688,
428.39999999999998,6.1701812744140625,
428.5,6.1957321166992188,
428.60000000000002,6.1676254272460938,
428.69999999999999,6.1216354370117188,
428.80000000000001,6.0679855346679688,
428.89999999999998,6.0168838500976562,
429,5.95556640625,
429.10000000000002,5.9019088745117188,
429.19999999999999,5.8482513427734375,
429.30000000000001,5.7843780517578125,
429.39999999999998,5.71539306640625,
429.5,5.6080856323242188,
429.60000000000002,5.449676513671875,
429.69999999999999,5.3091506958007812,
429.80000000000001,5.2299423217773438,
429.89999999999998,5.1992874145507812,
430,5.1609573364257812,5.7859206199645996
430.10000000000002,5.1098556518554688,
430.19999999999999,5.0587615966796875,
430.30000000000001,5.0025482177734375,
430.39999999999998,4.9693374633789062,
430.5,4.9948806762695312,
430.60000000000002,5.0613174438476562,
430.69999999999999,5.081756591796875,
430.80000000000001,5.0792007446289062,
430.89999999999998,5.1379623413085938,
431,5.2452774047851562,
431.10000000000002,5.3806915283203125,
431.19999999999999,5.5263214111328125,
431.30000000000001,5.6668472290039062,
431.39999999999998,5.7920455932617188,
431.5,5.9223480224609375,
431.60000000000002,6.0501022338867188,
431.69999999999999,6.1727371215820312,
431.80000000000001,6.2596054077148438,
431.89999999999998,6.2289505004882812,
432,6.1011962890625,
432.10000000000002,5.95556640625,
432.19999999999999,5.8124847412109375,
432.30000000000001,5.6719589233398438,
432.39999999999998,5.5263214111328125,
432.5,5.375579833984375,
432.60000000000002,5.2299423217773438,
432.69999999999999,5.0945281982421875,
432.80000000000001,4.9463424682617188,
432.89999999999998,4.79559326171875,
433,4.6346282958984375,
433.10000000000002,4.491546630859375,
433.19999999999999,4.4149017333984375,
433.30000000000001,4.3893508911132812,
433.39999999999998,4.3842391967773438,
433.5,4.3689117431640625,
433.60000000000002,4.307586669921875,
433.69999999999999,4.2513809204101562,
433.80000000000001,4.271820068359375,
433.89999999999998,4.3663558959960938,
434,4.4583358764648438,
434.10000000000002,4.5707550048828125,
434.19999999999999,4.749603271484375,
434.30000000000001,4.9565582275390625,
434.39999999999998,5.2171707153320312,
434.5,5.53143310546875,
434.60000000000002,5.8329238891601562,
434.69999999999999,6.1190872192382812,
434.80000000000001,6.4691162109375,
434.89999999999998,6.9239120483398438,
435,7.4323501586914062,
435.10000000000002,7.9280242919921875,
435.19999999999999,8.3802566528320312,
435.30000000000001,8.8759307861328125,
435.39999999999998,9.4124755859375,
435.5,9.9337005615234375,
435.60000000000002,10.439590454101562,
435.69999999999999,10.523902893066406,
435.80000000000001,10.153427124023438,
435.89999999999998,10.145767211914062,
436,10.723190307617188,
436.10000000000002,11.267410278320312,
436.19999999999999,11.612335205078125,
436.30000000000001,12.049240112304688,
436.39999999999998,12.470809936523438,
436.5,12.590896606445312,
436.60000000000002,12.511695861816406,
436.69999999999999,12.171875,
436.80000000000001,11.584228515625,
436.89999999999998,10.871383666992188,
437,9.7522964477539062,
437.10000000000002,8.5412216186523438,
437.19999999999999,7.8258209228515625,
437.30000000000001,7.2816085815429688,
437.39999999999998,6.6479721069335938,
437.5,6.1522979736328125,
437.60000000000002,5.78948974609375,
437.69999999999999,5.4598922729492188,
437.80000000000001,5.1124114990234375,
437.89999999999998,4.841583251953125,
438,4.7061691284179688,
438.10000000000002,4.6295166015625,
438.19999999999999,4.5707550048828125,
438.30000000000001,4.5324325561523438,
438.39999999999998,4.4992141723632812,
438.5,4.4685516357421875,
438.60000000000002,4.4430007934570312,
438.69999999999999,4.4353408813476562,
438.80000000000001,4.437896728515625,
438.89999999999998,4.437896728515625,
439,4.4200057983398438,
439.10000000000002,4.4021224975585938,
439.19999999999999,4.4225616455078125,
439.30000000000001,4.473663330078125,
439.39999999999998,4.5400924682617188,
439.5,4.5784225463867188,
439.60000000000002,4.5911941528320312,
439.69999999999999,4.583526611328125,
439.80000000000001,4.5681991577148438,
439.89999999999998,4.5528717041015625,
440,4.5094375610351562,4.9342103004455566
440.10000000000002,4.473663330078125,
440.19999999999999,4.4634475708007812,
440.30000000000001,4.4302291870117188,
440.39999999999998,4.39190673828125,
440.5,4.3689117431640625,
440.60000000000002,4.3663558959960938,
440.69999999999999,4.3765716552734375,
440.80000000000001,4.3842391967773438,
440.89999999999998,4.381683349609375,
441,4.3842391967773438,
441.10000000000002,4.399566650390625,
441.19999999999999,4.4174575805664062,
441.30000000000001,4.4225616455078125,
441.39999999999998,4.4251174926757812,
441.5,4.4021224975585938,
441.60000000000002,4.3714675903320312,
441.69999999999999,4.3791275024414062,
441.80000000000001,4.4225616455078125,
441.89999999999998,4.4941024780273438,
442,4.583526611328125,
442.10000000000002,4.7087249755859375,
442.19999999999999,4.8748016357421875,
442.30000000000001,5.0689773559570312,
442.39999999999998,5.3065948486328125,
442.5,5.5391006469726562,
442.60000000000002,5.7588272094726562,
442.69999999999999,5.9376754760742188,
442.80000000000001,6.0756454467773438,
442.89999999999998,6.239166259765625,
443,6.4077987670898438,
443.10000000000002,6.4818954467773438,
443.19999999999999,6.4282379150390625,
443.30000000000001,6.2110671997070312,
443.39999999999998,5.909576416015625,
443.5,5.669403076171875,
443.60000000000002,5.4982223510742188,
443.69999999999999,5.3142623901367188,
443.80000000000001,5.1021957397460938,
443.89999999999998,4.90545654296875,
444,4.7725982666015625,
444.10000000000002,4.6933975219726562,
444.19999999999999,4.6320724487304688,
444.30000000000001,4.5963058471679688,
444.39999999999998,4.5784225463867188,
444.5,4.5733108520507812,
444.60000000000002,4.5707550048828125,
444.69999999999999,4.565643310546875,
444.80000000000001,4.565643310546875,
444.89999999999998,4.5707550048828125,
445,4.5681991577148438,
445.10000000000002,4.5426483154296875,
445.19999999999999,4.5247650146484375,
445.30000000000001,4.5426483154296875,
445.39999999999998,4.5784225463867188,
445.5,4.6193008422851562,
445.60000000000002,4.6806182861328125,
445.69999999999999,4.7725982666015625,
445.80000000000001,4.8722457885742188,
445.89999999999998,4.9744415283203125,
446,5.071533203125,
446.10000000000002,5.1558456420898438,
446.19999999999999,5.2146148681640625,
446.30000000000001,5.3372573852539062,
446.39999999999998,5.6438522338867188,
446.5,6.1216354370117188,
446.60000000000002,6.6786270141601562,
446.69999999999999,7.2253952026367188,
446.80000000000001,7.7619476318359375,
446.89999999999998,8.3112716674804688,
447,8.7072982788085938,
447.10000000000002,8.8197174072265625,
447.19999999999999,8.8912582397460938,
447.30000000000001,9.0445556640625,
447.39999999999998,9.0522232055664062,
447.5,8.852935791015625,
447.60000000000002,8.531005859375,
447.69999999999999,8.152862548828125,
447.80000000000001,7.7210693359375,
447.89999999999998,7.2713851928710938,
448,6.8038253784179688,
448.10000000000002,6.3107070922851562,
448.19999999999999,5.9785614013671875,
448.30000000000001,5.779266357421875,
448.39999999999998,5.4701156616210938,
448.5,5.117523193359375,
448.60000000000002,4.97955322265625,
448.69999999999999,5.0945281982421875,
448.80000000000001,5.209503173828125,
448.89999999999998,5.0843124389648438,
449,4.823699951171875,
449.10000000000002,4.6167449951171875,
449.19999999999999,4.5324325561523438,
449.30000000000001,4.529876708984375,
449.39999999999998,4.57586669921875,
449.5,4.6193008422851562,
449.60000000000002,4.6678466796875,
449.69999999999999,4.7010574340820312,
449.80000000000001,4.6371841430664062,
449.89999999999998,4.5886383056640625,
450,4.6039657592773438,5.2173914909362793
450.10000000000002,4.5784225463867188,
450.19999999999999,4.4813308715820312,
450.30000000000001,4.4225616455078125,
450.39999999999998,4.4966583251953125,
450.5,4.565643310546875,
450.60000000000002,4.6090774536132812,
450.69999999999999,4.713836669921875,
450.80000000000001,4.8799057006835938,
450.89999999999998,5.043426513671875,
451,5.227386474609375,
451.10000000000002,5.4547805786132812,
451.19999999999999,5.587646484375,
451.30000000000001,5.7077255249023438,
451.39999999999998,6.0347671508789062,
451.5,6.4946670532226562,
451.60000000000002,6.9801177978515625,
451.69999999999999,7.4425735473632812,
451.80000000000001,7.859039306640625,
451.89999999999998,8.2371749877929688,
452,8.502899169921875,
452.10000000000002,8.6945266723632812,
452.19999999999999,8.8631515502929688,
452.30000000000001,8.998565673828125,
452.39999999999998,9.0292282104492188,
452.5,8.9040374755859375,
452.60000000000002,8.6817474365234375,
452.69999999999999,8.4696807861328125,
452.80000000000001,8.2244033813476562,
452.89999999999998,7.9203567504882812,
453,7.657196044921875,
453.10000000000002,7.3965835571289062,
453.19999999999999,7.0797653198242188,
453.30000000000001,6.7271728515625,
453.39999999999998,6.3899154663085938,
453.5,6.111419677734375,
453.60000000000002,5.8891372680664062,
453.69999999999999,5.6847305297851562,
453.80000000000001,5.49566650390625,
453.89999999999998,5.3270339965820312,
454,5.173736572265625,
454.10000000000002,5.05364990234375,
454.19999999999999,4.9718856811523438,
454.30000000000001,4.9029006958007812,
454.39999999999998,4.8645782470703125,
454.5,4.8466949462890625,
454.60000000000002,4.8390274047851562,
454.69999999999999,4.8773574829101562,
454.80000000000001,4.9258956909179688,
454.89999999999998,5.0102157592773438,
455,5.181396484375,
455.10000000000002,5.375579833984375,
455.19999999999999,5.5365447998046875,
455.30000000000001,5.687286376953125,
455.39999999999998,5.779266357421875,
455.5,5.7741622924804688,
455.60000000000002,5.7205047607421875,
455.69999999999999,5.651519775390625,
455.80000000000001,5.6004180908203125,
455.89999999999998,5.5544281005859375,
456,5.4931106567382812,
456.10000000000002,5.4139022827148438,
456.19999999999999,5.3372573852539062,
456.30000000000001,5.2631607055664062,
456.39999999999998,5.1686248779296875,
456.5,5.05364990234375,
456.60000000000002,4.915679931640625,
456.69999999999999,4.7777099609375,
456.80000000000001,4.6806182861328125,
456.89999999999998,4.621856689453125,
457,4.6039657592773438,
457.10000000000002,4.6065216064453125,
457.19999999999999,4.61163330078125,
457.30000000000001,4.6065216064453125,
457.39999999999998,4.5963058471679688,
457.5,4.59375,
457.60000000000002,4.6039657592773438,
457.69999999999999,4.6090774536132812,
457.80000000000001,4.5988616943359375,
457.89999999999998,4.6039657592773438,
458,4.6550674438476562,
458.10000000000002,4.72149658203125,
458.19999999999999,4.7547149658203125,
458.30000000000001,4.8211441040039062,
458.39999999999998,4.9182357788085938,
458.5,4.9872207641601562,
458.60000000000002,5.0051040649414062,
458.69999999999999,4.9540023803710938,
458.80000000000001,4.8926849365234375,
458.89999999999998,4.8339157104492188,
459,4.7623825073242188,
459.10000000000002,4.7061691284179688,
459.19999999999999,4.657623291015625,
459.30000000000001,4.6244125366210938,
459.39999999999998,4.621856689453125,
459.5,4.6244125366210938,
459.60000000000002,4.61163330078125,
459.69999999999999,4.5911941528320312,
459.80000000000001,4.5809707641601562,
459.89999999999998,4.5528717041015625,
460,4.4762191772460938,7.5662040710449219
460.10000000000002,4.4302291870117188,
460.19999999999999,4.455780029296875,
460.30000000000001,4.5170974731445312,
460.39999999999998,4.5579757690429688,
460.5,4.6193008422851562,
460.60000000000002,4.7189407348632812,
460.69999999999999,4.8262557983398438,
460.80000000000001,4.9463424682617188,
460.89999999999998,5.0459823608398438,
461,5.08941650390625,
461.10000000000002,5.1584014892578125,
461.19999999999999,5.3040390014648438,
461.30000000000001,5.4701156616210938,
461.39999999999998,5.5902023315429688,
461.5,5.6668472290039062,
461.60000000000002,5.7562713623046875,
461.69999999999999,5.8227005004882812,
461.80000000000001,5.8967971801757812,
461.89999999999998,6.00921630859375,
462,6.0679855346679688,
462.10000000000002,6.0168838500976562,
462.19999999999999,5.8840255737304688,
462.30000000000001,5.7205047607421875,
462.39999999999998,5.5620956420898438,
462.5,5.393463134765625,
462.60000000000002,5.2452774047851562,
462.69999999999999,5.1226348876953125,
462.80000000000001,4.9642257690429688,
462.89999999999998,4.7112808227539062,
463,4.48388671875,
463.10000000000002,4.4046783447265625,
463.19999999999999,4.3484725952148438,
463.30000000000001,4.2769317626953125,
463.39999999999998,4.197723388671875,
463.5,4.1185226440429688,
463.60000000000002,4.0955276489257812,
463.69999999999999,4.123626708984375,
463.80000000000001,4.1875076293945312,
463.89999999999998,4.2743759155273438,
464,4.39190673828125,
464.10000000000002,4.5170974731445312,
464.19999999999999,4.6780624389648438,
464.30000000000001,4.9591140747070312,
464.39999999999998,5.3142623901367188,
464.5,5.633636474609375,
464.60000000000002,5.8661422729492188,
464.69999999999999,6.0960922241210938,
464.80000000000001,6.4486770629882812,
464.89999999999998,6.8165969848632812,
465,7.0158920288085938,
465.10000000000002,7.1538619995117188,
465.19999999999999,7.33526611328125,
465.30000000000001,7.5447769165039062,
465.39999999999998,7.73895263671875,
465.5,7.8845901489257812,
465.60000000000002,7.9484634399414062,
465.69999999999999,7.9561309814453125,
465.80000000000001,7.9356918334960938,
465.89999999999998,7.8539276123046875,
466,7.7185134887695312,
466.10000000000002,7.5524368286132812,
466.19999999999999,7.3787002563476562,
466.30000000000001,7.2075119018554688,
466.39999999999998,7.0618820190429688,
466.5,6.9443511962890625,
466.60000000000002,6.8165969848632812,
466.69999999999999,6.63519287109375,
466.80000000000001,6.4691162109375,
466.89999999999998,6.4026870727539062,
467,6.3975753784179688,
467.10000000000002,6.4026870727539062,
467.19999999999999,6.387359619140625,
467.30000000000001,6.3337020874023438,
467.39999999999998,6.26727294921875,
467.5,6.2085113525390625,
467.60000000000002,6.1522979736328125,
467.69999999999999,6.0705413818359375,
467.80000000000001,5.9478988647460938,
467.89999999999998,5.7460556030273438,
468,5.5850906372070312,
468.10000000000002,5.5084381103515625,
468.19999999999999,5.4879989624023438,
468.30000000000001,5.4139022827148438,
468.39999999999998,5.2324981689453125,
468.5,5.1200790405273438,
468.60000000000002,5.071533203125,
468.69999999999999,5.0102157592773438,
468.80000000000001,4.9386749267578125,
468.89999999999998,4.7904815673828125,
469,4.7112808227539062,
469.10000000000002,4.68572998046875,
469.19999999999999,4.5630874633789062,
469.30000000000001,4.473663330078125,
469.39999999999998,4.4889907836914062,
469.5,4.5196533203125,
469.60000000000002,4.5426483154296875,
469.69999999999999,4.57586669921875,
469.80000000000001,4.6065216064453125,
469.89999999999998,4.6729507446289062,
470,4.7777099609375,6.5573768615722656
470.10000000000002,4.8262557983398438,
470.19999999999999,4.805816650390625,
470.30000000000001,4.7547149658203125,
470.39999999999998,4.6959457397460938,
470.5,4.639739990234375,
470.60000000000002,4.6269607543945312,
470.69999999999999,4.6422958374023438,
470.80000000000001,4.6346282958984375,
470.89999999999998,4.6193008422851562,
471,4.6090774536132812,
471.10000000000002,4.6167449951171875,
471.19999999999999,4.6295166015625,
471.30000000000001,4.6371841430664062,
471.39999999999998,4.639739990234375,
471.5,4.621856689453125,
471.60000000000002,4.5886383056640625,
471.69999999999999,4.5707550048828125,
471.80000000000001,4.5733108520507812,
471.89999999999998,4.583526611328125,
472,4.5963058471679688,
472.10000000000002,4.6167449951171875,
472.19999999999999,4.6090774536132812,
472.30000000000001,4.5988616943359375,
472.39999999999998,4.5911941528320312,
472.5,4.6039657592773438,
472.60000000000002,4.621856689453125,
472.69999999999999,4.5681991577148438,
472.80000000000001,4.5247650146484375,
472.89999999999998,4.53753662109375,
473,4.547760009765625,
473.10000000000002,4.53753662109375,
473.19999999999999,4.5400924682617188,
473.30000000000001,4.5554275512695312,
473.39999999999998,4.5630874633789062,
473.5,4.5681991577148438,
473.60000000000002,4.5784225463867188,
473.69999999999999,4.583526611328125,
473.80000000000001,4.565643310546875,
473.89999999999998,4.5324325561523438,
474,4.5196533203125,
474.10000000000002,4.547760009765625,
474.19999999999999,4.5733108520507812,
474.30000000000001,4.5733108520507812,
474.39999999999998,4.5886383056640625,
474.5,4.6167449951171875,
474.60000000000002,4.6346282958984375,
474.69999999999999,4.6422958374023438,
474.80000000000001,4.6627349853515625,
474.89999999999998,4.6729507446289062,
475,4.6295166015625,
475.10000000000002,4.5809707641601562,
475.19999999999999,4.565643310546875,
475.30000000000001,4.5605316162109375,
475.39999999999998,4.5554275512695312,
475.5,4.5554275512695312,
475.60000000000002,4.5528717041015625,
475.69999999999999,4.5426483154296875,
475.80000000000001,4.5400924682617188,
475.89999999999998,4.5273208618164062,
476,4.5119857788085938,
476.10000000000002,4.48388671875,
476.19999999999999,4.4353408813476562,
476.30000000000001,4.4149017333984375,
476.39999999999998,4.4302291870117188,
476.5,4.455780029296875,
476.60000000000002,4.473663330078125,
476.69999999999999,4.5119857788085938,
476.80000000000001,4.57586669921875,
476.89999999999998,4.6090774536132812,
477,4.6193008422851562,
477.10000000000002,4.6448516845703125,
477.19999999999999,4.6295166015625,
477.30000000000001,4.5145416259765625,
477.39999999999998,4.4327850341796875,
477.5,4.4481124877929688,
477.60000000000002,4.4685516357421875,
477.69999999999999,4.4864425659179688,
477.80000000000001,4.5094375610351562,
477.89999999999998,4.5273208618164062,
478,4.529876708984375,
478.10000000000002,4.5400924682617188,
478.19999999999999,4.5452041625976562,
478.30000000000001,4.547760009765625,
478.39999999999998,4.529876708984375,
478.5,4.4762191772460938,
478.60000000000002,4.445556640625,
478.69999999999999,4.4532241821289062,
478.80000000000001,4.4532241821289062,
478.89999999999998,4.48388671875,
479,4.547760009765625,
479.10000000000002,4.5860824584960938,
479.19999999999999,4.6039657592773438,
479.30000000000001,4.6090774536132812,
479.39999999999998,4.6090774536132812,
479.5,4.6448516845703125,
479.60000000000002,4.6831741333007812,
479.69999999999999,4.767486572265625,
479.80000000000001,4.9488906860351562,
479.89999999999998,5.173736572265625,
480,5.4036865234375,4.5180721282958984
480.10000000000002,5.6029739379882812,
480.19999999999999,5.7843780517578125,
480.30000000000001,5.9530105590820312,
480.39999999999998,6.0654296875,
480.5,6.2059555053710938,
480.60000000000002,6.5559921264648438,
480.69999999999999,7.0695419311523438,
480.80000000000001,7.5882110595703125,
480.89999999999998,8.060882568359375,
481,8.47479248046875,
481.10000000000002,8.7813949584960938,
481.19999999999999,9.0164566040039062,
481.30000000000001,9.2182998657226562,
481.39999999999998,9.3690414428710938,
481.5,9.43292236328125,
481.60000000000002,9.4022598266601562,
481.69999999999999,9.2515106201171875,
481.80000000000001,8.9500274658203125,
481.89999999999998,8.5872116088867188,
482,8.209075927734375,
482.10000000000002,7.802825927734375,
482.19999999999999,7.4527969360351562,
482.30000000000001,7.1794052124023438,
482.39999999999998,6.9622344970703125,
482.5,6.7859420776367188,
482.60000000000002,6.5202178955078125,
482.69999999999999,6.1701812744140625,
482.80000000000001,5.8405914306640625,
482.89999999999998,5.5927505493164062,
483,5.3883514404296875,
483.10000000000002,5.1788406372070312,
483.19999999999999,5.0178756713867188,
483.30000000000001,4.8543624877929688,
483.39999999999998,4.6908416748046875,
483.5,4.6422958374023438,
483.60000000000002,4.6346282958984375,
483.69999999999999,4.6090774536132812,
483.80000000000001,4.5324325561523438,
483.89999999999998,4.42767333984375,
484,4.3842391967773438,
484.10000000000002,4.3689117431640625,
484.19999999999999,4.3740158081054688,
484.30000000000001,4.3970108032226562,
484.39999999999998,4.42767333984375,
484.5,4.5043258666992188,
484.60000000000002,4.6269607543945312,
484.69999999999999,4.7572708129882812,
484.80000000000001,4.897796630859375,
484.89999999999998,5.08941650390625,
485,5.2912673950195312,
485.10000000000002,5.3781356811523438,
485.19999999999999,5.503326416015625,
485.30000000000001,5.8048171997070312,
485.39999999999998,6.04754638671875,
485.5,5.9990005493164062,
485.60000000000002,5.7102813720703125,
485.69999999999999,5.4087905883789062,
485.80000000000001,5.1762924194335938,
485.89999999999998,5.0025482177734375,
486,4.8773574829101562,
486.10000000000002,4.7470474243164062,
486.19999999999999,4.6014175415039062,
486.30000000000001,4.4889907836914062,
486.39999999999998,4.4481124877929688,
486.5,4.445556640625,
486.60000000000002,4.4430007934570312,
486.69999999999999,4.4302291870117188,
486.80000000000001,4.4353408813476562,
486.89999999999998,4.42767333984375,
487,4.4149017333984375,
487.10000000000002,4.4251174926757812,
487.19999999999999,4.4404525756835938,
487.30000000000001,4.3791275024414062,
487.39999999999998,4.3101425170898438,
487.5,4.2973709106445312,
487.60000000000002,4.2948150634765625,
487.69999999999999,4.31781005859375,
487.80000000000001,4.3203659057617188,
487.89999999999998,4.3229217529296875,
488,4.3663558959960938,
488.10000000000002,4.4200057983398438,
488.19999999999999,4.455780029296875,
488.30000000000001,4.5579757690429688,
488.39999999999998,4.6550674438476562,
488.5,4.72149658203125,
488.60000000000002,4.8313674926757812,
488.69999999999999,4.8364715576171875,
488.80000000000001,4.75982666015625,
488.89999999999998,4.731719970703125,
489,4.7240524291992188,
489.10000000000002,4.7700424194335938,
489.19999999999999,4.86968994140625,
489.30000000000001,4.8748016357421875,
489.39999999999998,4.8364715576171875,
489.5,5.0204315185546875,
489.60000000000002,5.3219223022460938,
489.69999999999999,5.5544281005859375,
489.80000000000001,5.78948974609375,
489.89999999999998,6.1395263671875,
490,6.433349609375,3.7926676273345947
490.10000000000002,6.23150634765625,
490.19999999999999,6.0168838500976562,
490.30000000000001,6.221282958984375,
490.39999999999998,6.5048904418945312,
490.5,6.6658554077148438,
490.60000000000002,6.6147537231445312,
490.69999999999999,6.7603912353515625,
490.80000000000001,7.417022705078125,
490.89999999999998,7.9842300415039062,
491,8.1222000122070312,
491.10000000000002,8.3802566528320312,
491.19999999999999,8.8631515502929688,
491.30000000000001,9.2259674072265625,
491.39999999999998,9.3102798461914062,
491.5,9.110992431640625,
491.60000000000002,8.538665771484375,
491.69999999999999,7.9459075927734375,
491.80000000000001,7.5601043701171875,
491.89999999999998,7.2049560546875,
492,6.8344802856445312,
492.10000000000002,6.3566970825195312,
492.19999999999999,5.8814697265625,
492.30000000000001,5.577423095703125,
492.39999999999998,5.3091506958007812,
492.5,5.0613174438476562,
492.60000000000002,4.86968994140625,
492.69999999999999,4.6985015869140625,
492.80000000000001,4.5733108520507812,
492.89999999999998,4.48388671875,
493,4.4072341918945312,
493.10000000000002,4.3612442016601562,
493.19999999999999,4.363800048828125,
493.30000000000001,4.4046783447265625,
493.39999999999998,4.4506683349609375,
493.5,4.4762191772460938,
493.60000000000002,4.4685516357421875,
493.69999999999999,4.4353408813476562,
493.80000000000001,4.4097900390625,
493.89999999999998,4.4149017333984375,
494,4.4251174926757812,
494.10000000000002,4.42767333984375,
494.19999999999999,4.4430007934570312,
494.30000000000001,4.50177001953125,
494.39999999999998,4.5809707641601562,
494.5,4.6704025268554688,
494.60000000000002,4.7751541137695312,
494.69999999999999,4.8569107055664062,
494.80000000000001,4.961669921875,
494.89999999999998,5.0945281982421875,
495,5.1865081787109375,
495.10000000000002,5.2248306274414062,
495.19999999999999,5.209503173828125,
495.30000000000001,5.1558456420898438,
495.39999999999998,5.099639892578125,
495.5,5.0459823608398438,
495.60000000000002,4.9821090698242188,
495.69999999999999,4.9233474731445312,
495.80000000000001,4.8262557983398438,
495.89999999999998,4.6780624389648438,
496,4.57586669921875,
496.10000000000002,4.53753662109375,
496.19999999999999,4.5068817138671875,
496.30000000000001,4.4634475708007812,
496.39999999999998,4.4302291870117188,
496.5,4.399566650390625,
496.60000000000002,4.3740158081054688,
496.69999999999999,4.3561325073242188,
496.80000000000001,4.35357666015625,
496.89999999999998,4.3203659057617188,
497,4.2513809204101562,
497.10000000000002,4.215606689453125,
497.19999999999999,4.225830078125,
497.30000000000001,4.2513809204101562,
497.39999999999998,4.2769317626953125,
497.5,4.3101425170898438,
497.60000000000002,4.3740158081054688,
497.69999999999999,4.4506683349609375,
497.80000000000001,4.5400924682617188,
497.89999999999998,4.6371841430664062,
498,4.6882858276367188,
498.10000000000002,4.657623291015625,
498.19999999999999,4.6039657592773438,
498.30000000000001,4.5707550048828125,
498.39999999999998,4.5349807739257812,
498.5,4.50177001953125,
498.60000000000002,4.48388671875,
498.69999999999999,4.4608917236328125,
498.80000000000001,4.445556640625,
498.89999999999998,4.4430007934570312,
499,4.4506683349609375,
499.10000000000002,4.4506683349609375,
499.19999999999999,4.4123458862304688,
499.30000000000001,4.3663558959960938,
499.39999999999998,4.3867950439453125,
499.5,4.4430007934570312,
499.60000000000002,4.4532241821289062,
499.69999999999999,4.437896728515625,
499.80000000000001,4.4174575805664062,
499.89999999999998,4.4149017333984375,
500,4.4608917236328125,6.0728745460510254
500.10000000000002,4.5988616943359375,
500.19999999999999,4.8160324096679688,
500.30000000000001,5.0280990600585938,
500.39999999999998,5.2759323120117188,
500.5,5.6106414794921875,
500.60000000000002,6.0245513916015625,
500.69999999999999,6.4691162109375,
500.80000000000001,6.8625869750976562,
500.89999999999998,7.1998519897460938,
501,7.509002685546875,
501.10000000000002,7.784942626953125,
501.19999999999999,7.9765701293945312,
501.30000000000001,8.0966567993164062,
501.39999999999998,8.1375350952148438,
501.5,8.1094284057617188,
501.60000000000002,8.0889892578125,
501.69999999999999,8.078765869140625,
501.80000000000001,7.986785888671875,
501.89999999999998,7.8334884643554688,
502,7.6418609619140625,
502.10000000000002,7.3454818725585938,
502.19999999999999,6.957122802734375,
502.30000000000001,6.543212890625,
502.39999999999998,6.1727371215820312,
502.5,5.8763580322265625,
502.60000000000002,5.60552978515625,
502.69999999999999,5.3270339965820312,
502.80000000000001,5.0919723510742188,
502.89999999999998,4.8952407836914062,
503,4.7266082763671875,
503.10000000000002,4.5911941528320312,
503.19999999999999,4.4532241821289062,
503.30000000000001,4.3305816650390625,
503.39999999999998,4.2692642211914062,
503.5,4.2411575317382812,
503.60000000000002,4.2130508422851562,
503.69999999999999,4.1875076293945312,
503.80000000000001,4.179840087890625,
503.89999999999998,4.1772842407226562,
504,4.1670608520507812,
504.10000000000002,4.1721725463867188,
504.19999999999999,4.1900558471679688,
504.30000000000001,4.1849517822265625,
504.39999999999998,4.1415176391601562,
504.5,4.1108551025390625,
504.60000000000002,4.1082992553710938,
504.69999999999999,4.1210708618164062,
504.80000000000001,4.1364059448242188,
504.89999999999998,4.1517333984375,
505,4.161956787109375,
505.10000000000002,4.1823959350585938,
505.19999999999999,4.2181625366210938,
505.30000000000001,4.2590408325195312,
505.39999999999998,4.3254776000976562,
505.5,4.4302291870117188,
505.60000000000002,4.5324325561523438,
505.69999999999999,4.6550674438476562,
505.80000000000001,4.8466949462890625,
505.89999999999998,5.0562057495117188,
506,5.2759323120117188,
506.10000000000002,5.5237655639648438,
506.19999999999999,5.8048171997070312,
506.30000000000001,6.0730972290039062,
506.39999999999998,6.2826004028320312,
506.5,6.4665603637695312,
506.60000000000002,6.6275253295898438,
506.69999999999999,6.69140625,
506.80000000000001,6.6556320190429688,
506.89999999999998,6.56109619140625,
507,6.4282379150390625,
507.10000000000002,6.2979354858398438,
507.19999999999999,6.19317626953125,
507.30000000000001,6.1088638305664062,
507.39999999999998,6.0168838500976562,
507.5,5.89935302734375,
507.60000000000002,5.7486114501953125,
507.69999999999999,5.5723114013671875,
507.80000000000001,5.3347015380859375,
507.89999999999998,5.0153274536132812,
508,4.7419357299804688,
508.10000000000002,4.5681991577148438,
508.19999999999999,4.4506683349609375,
508.30000000000001,4.363800048828125,
508.39999999999998,4.2948150634765625,
508.5,4.2513809204101562,
508.60000000000002,4.2334976196289062,
508.69999999999999,4.2283859252929688,
508.80000000000001,4.2386016845703125,
508.89999999999998,4.2641525268554688,
509,4.2564926147460938,
509.10000000000002,4.197723388671875,
509.19999999999999,4.1415176391601562,
509.30000000000001,4.1261825561523438,
509.39999999999998,4.1364059448242188,
509.5,4.1491775512695312,
509.60000000000002,4.161956787109375,
509.69999999999999,4.1900558471679688,
509.80000000000001,4.2386016845703125,
509.89999999999998,4.3050308227539062,
510,4.3970108032226562,6.0422959327697754
510.10000000000002,4.5043258666992188,
510.19999999999999,4.565643310546875,
510.30000000000001,4.6193008422851562,
510.39999999999998,4.7444915771484375,
510.5,4.9258956909179688,
510.60000000000002,5.1660690307617188,
510.69999999999999,5.45733642578125,
510.80000000000001,5.7690505981445312,
510.89999999999998,6.0807571411132812,
511,6.4180221557617188,
511.10000000000002,6.7884902954101562,
511.19999999999999,7.1717453002929688,
511.30000000000001,7.5345535278320312,
511.39999999999998,7.8437118530273438,
511.5,8.1324234008789062,
511.60000000000002,8.4645767211914062,
511.69999999999999,8.7277374267578125,
511.80000000000001,8.8095016479492188,
511.89999999999998,8.6664199829101562,
512,8.375152587890625,
512.10000000000002,8.07110595703125,
512.20000000000005,7.7721710205078125,
512.29999999999995,7.42724609375,
512.39999999999998,7.0644302368164062,
512.5,6.7527236938476562,
512.60000000000002,6.4946670532226562,
512.70000000000005,6.28515625,
512.79999999999995,6.0730972290039062,
512.89999999999998,5.7920455932617188,
513,5.4982223510742188,
513.10000000000002,5.2452774047851562,
513.20000000000005,5.0280990600585938,
513.29999999999995,4.8160324096679688,
513.39999999999998,4.5886383056640625,
513.5,4.4021224975585938,
513.60000000000002,4.3126983642578125,
513.70000000000005,4.2845916748046875,
513.79999999999995,4.2641525268554688,
513.89999999999998,4.2386016845703125,
514,4.2232742309570312,
514.10000000000002,4.2232742309570312,
514.20000000000005,4.2386016845703125,
514.29999999999995,4.2590408325195312,
514.39999999999998,4.2871475219726562,
514.5,4.3050308227539062,
514.60000000000002,4.2973709106445312,
514.70000000000005,4.2948150634765625,
514.79999999999995,4.31781005859375,
514.89999999999998,4.35357666015625,
515,4.3791275024414062,
515.10000000000002,4.381683349609375,
515.20000000000005,4.3612442016601562,
515.29999999999995,4.335693359375,
515.39999999999998,4.3203659057617188,
515.5,4.3152542114257812,
515.60000000000002,4.307586669921875,
515.70000000000005,4.2922592163085938,
515.79999999999995,4.2513809204101562,
515.89999999999998,4.2028350830078125,
516,4.16961669921875,
516.10000000000002,4.161956787109375,
516.20000000000005,4.1747283935546875,
516.29999999999995,4.1823959350585938,
516.39999999999998,4.1721725463867188,
516.5,4.1721725463867188,
516.60000000000002,4.1926116943359375,
516.70000000000005,4.2002792358398438,
516.79999999999995,4.2028350830078125,
516.89999999999998,4.2053909301757812,
517,4.1594009399414062,
517.10000000000002,4.1134109497070312,
517.20000000000005,4.1082992553710938,
517.29999999999995,4.1134109497070312,
517.39999999999998,4.1210708618164062,
517.5,4.1364059448242188,
517.60000000000002,4.161956787109375,
517.70000000000005,4.2130508422851562,
517.79999999999995,4.2692642211914062,
517.89999999999998,4.3305816650390625,
518,4.4072341918945312,
518.10000000000002,4.4992141723632812,
518.20000000000005,4.6244125366210938,
518.29999999999995,4.8875732421875,
518.39999999999998,5.3347015380859375,
518.5,5.8482513427734375,
518.60000000000002,6.3030471801757812,
518.70000000000005,6.6709671020507812,
518.79999999999995,6.96734619140625,
518.89999999999998,7.2381744384765625,
519,7.537109375,
519.10000000000002,7.8156051635742188,
519.20000000000005,8.0225601196289062,
519.29999999999995,8.1119842529296875,
519.39999999999998,8.1324234008789062,
519.5,8.1503067016601562,
519.60000000000002,8.1784133911132812,
519.70000000000005,8.2755050659179688,
519.79999999999995,8.4160308837890625,
519.89999999999998,8.6076507568359375,
520,8.8018341064453125,6.2981109619140625
520.10000000000002,8.8938140869140625,
520.20000000000005,8.8657073974609375,
520.29999999999995,8.722625732421875,
520.39999999999998,8.502899169921875,
520.5,8.27294921875,
520.60000000000002,7.9893417358398438,
520.70000000000005,7.7338409423828125,
520.79999999999995,7.4936752319335938,
520.89999999999998,6.957122802734375,
521,6.2468338012695312,
521.10000000000002,5.6438522338867188,
521.20000000000005,5.1890640258789062,
521.29999999999995,4.8748016357421875,
521.39999999999998,4.6652908325195312,
521.5,4.5145416259765625,
521.60000000000002,4.3791275024414062,
521.70000000000005,4.2948150634765625,
521.79999999999995,4.2692642211914062,
521.89999999999998,4.225830078125,
522,4.2053909301757812,
522.10000000000002,4.1875076293945312,
522.20000000000005,4.1108551025390625,
522.29999999999995,4.0571975708007812,
522.39999999999998,4.0265426635742188,
522.5,4.031646728515625,
522.60000000000002,4.0520858764648438,
522.70000000000005,4.0571975708007812,
522.79999999999995,4.0648651123046875,
522.89999999999998,4.07763671875,
523,4.0904159545898438,
523.10000000000002,4.1134109497070312,
523.20000000000005,4.1261825561523438,
523.29999999999995,4.1006317138671875,
523.39999999999998,4.0674209594726562,
523.5,4.0444259643554688,
523.60000000000002,4.031646728515625,
523.70000000000005,4.02398681640625,
523.79999999999995,4.0342025756835938,
523.89999999999998,4.0546417236328125,
524,4.0546417236328125,
524.10000000000002,4.05975341796875,
524.20000000000005,4.07763671875,
524.29999999999995,4.0853042602539062,
524.39999999999998,4.069976806640625,
524.5,4.0418701171875,
524.60000000000002,4.0188751220703125,
524.70000000000005,4.0214309692382812,
524.79999999999995,4.0393142700195312,
524.89999999999998,4.0469818115234375,
525,4.0495376586914062,
525.10000000000002,4.05975341796875,
525.20000000000005,4.0725326538085938,
525.29999999999995,4.0750808715820312,
525.39999999999998,4.0801925659179688,
525.5,4.0801925659179688,
525.60000000000002,4.0571975708007812,
525.70000000000005,4.0214309692382812,
525.79999999999995,4.0009918212890625,
525.89999999999998,4.0112075805664062,
526,4.031646728515625,
526.10000000000002,4.0367584228515625,
526.20000000000005,4.0418701171875,
526.29999999999995,4.0623092651367188,
526.39999999999998,4.0853042602539062,
526.5,4.1031875610351562,
526.60000000000002,4.1389617919921875,
526.70000000000005,4.2002792358398438,
526.79999999999995,4.363800048828125,
526.89999999999998,4.6729507446289062,
527,5.0357666015625,
527.10000000000002,5.3960189819335938,
527.20000000000005,5.7077255249023438,
527.29999999999995,5.9990005493164062,
527.39999999999998,6.3515853881835938,
527.5,6.7169570922851562,
527.60000000000002,6.9826736450195312,
527.70000000000005,7.158966064453125,
527.79999999999995,7.3097152709960938,
527.89999999999998,7.4144668579101562,
528,7.4936752319335938,
528.10000000000002,7.6367568969726562,
528.20000000000005,7.795166015625,
528.29999999999995,7.876922607421875,
528.39999999999998,7.88714599609375,
528.5,7.8667068481445312,
528.60000000000002,7.7721710205078125,
528.70000000000005,7.6060943603515625,
528.79999999999995,7.4476852416992188,
528.89999999999998,7.2943801879882812,
529,7.1461944580078125,
529.10000000000002,7.02099609375,
529.20000000000005,6.8753662109375,
529.29999999999995,6.589202880859375,
529.39999999999998,6.0782012939453125,
529.5,5.5212173461914062,
529.60000000000002,5.1073074340820312,
529.70000000000005,4.8007049560546875,
529.79999999999995,4.565643310546875,
529.89999999999998,4.399566650390625,
530,4.2743759155273438,8.9086856842041016
530.10000000000002,4.1951675415039062,
530.20000000000005,4.1415176391601562,
530.29999999999995,4.1031875610351562,
530.39999999999998,4.0750808715820312,
530.5,4.0623092651367188,
530.60000000000002,4.013763427734375,
530.70000000000005,3.9447784423828125,
530.79999999999995,3.921783447265625,
530.89999999999998,3.9268951416015625,
531,3.9422225952148438,
531.10000000000002,3.9652175903320312,
531.20000000000005,3.9907684326171875,
531.29999999999995,4.0214309692382812,
531.39999999999998,4.05975341796875,
531.5,4.0955276489257812,
531.60000000000002,4.1312942504882812,
531.70000000000005,4.1312942504882812,
531.79999999999995,4.0955276489257812,
531.89999999999998,4.0674209594726562,
532,4.0571975708007812,
532.10000000000002,4.0623092651367188,
532.20000000000005,4.069976806640625,
532.29999999999995,4.0750808715820312,
532.39999999999998,4.07763671875,
532.5,4.0801925659179688,
532.60000000000002,4.0827484130859375,
532.70000000000005,4.0853042602539062,
532.79999999999995,4.0955276489257812,
532.89999999999998,4.0853042602539062,
533,4.0495376586914062,
533.10000000000002,4.0188751220703125,
533.20000000000005,4.0163192749023438,
533.29999999999995,4.0342025756835938,
533.39999999999998,4.0495376586914062,
533.5,4.0674209594726562,
533.60000000000002,4.0827484130859375,
533.70000000000005,4.1006317138671875,
533.79999999999995,4.1185226440429688,
533.89999999999998,4.1261825561523438,
534,4.13385009765625,
534.10000000000002,4.1134109497070312,
534.20000000000005,4.0801925659179688,
534.29999999999995,4.0571975708007812,
534.39999999999998,4.0520858764648438,
534.5,4.0674209594726562,
534.60000000000002,4.0827484130859375,
534.70000000000005,4.069976806640625,
534.79999999999995,4.0367584228515625,
534.89999999999998,4.0290908813476562,
535,4.0342025756835938,
535.10000000000002,4.0265426635742188,
535.20000000000005,4.0188751220703125,
535.29999999999995,3.9754409790039062,
535.39999999999998,3.9115676879882812,
535.5,3.9090118408203125,
535.60000000000002,4.0367584228515625,
535.70000000000005,4.3254776000976562,
535.79999999999995,4.6985015869140625,
535.89999999999998,5.1405181884765625,
536,5.60552978515625,
536.10000000000002,6.0168838500976562,
536.20000000000005,6.3592529296875,
536.29999999999995,6.6709671020507812,
536.39999999999998,6.9264602661132812,
536.5,7.1027603149414062,
536.60000000000002,7.29693603515625,
536.70000000000005,7.526885986328125,
536.79999999999995,7.7696151733398438,
536.89999999999998,7.9637908935546875,
537,8.1043167114257812,
537.10000000000002,8.1733016967773438,
537.20000000000005,8.0838775634765625,
537.29999999999995,7.9407958984375,
537.39999999999998,7.841156005859375,
537.5,7.7466201782226562,
537.60000000000002,7.6725234985351562,
537.70000000000005,7.6214218139648438,
537.79999999999995,7.5524368286132812,
537.89999999999998,7.4425735473632812,
538,7.3480377197265625,
538.10000000000002,7.2483901977539062,
538.20000000000005,7.059326171875,
538.29999999999995,6.81915283203125,
538.39999999999998,6.5917587280273438,
538.5,6.3515853881835938,
538.60000000000002,6.1088638305664062,
538.70000000000005,5.8967971801757812,
538.79999999999995,5.6898422241210938,
538.89999999999998,5.5007705688476562,
539,5.2452774047851562,
539.10000000000002,4.9948806762695312,
539.20000000000005,4.7368316650390625,
539.29999999999995,4.5145416259765625,
539.39999999999998,4.3612442016601562,
539.5,4.2488250732421875,
539.60000000000002,4.179840087890625,
539.70000000000005,4.1415176391601562,
539.79999999999995,4.1082992553710938,
539.89999999999998,4.0725326538085938,
540,4.0393142700195312,7.1146249771118164
540.10000000000002,4.013763427734375,
540.20000000000005,4.0060958862304688,
540.29999999999995,3.977996826171875,
540.39999999999998,3.9422225952148438,
540.5,3.9652175903320312,
540.60000000000002,4.0035476684570312,
540.70000000000005,4.0265426635742188,
540.79999999999995,4.0290908813476562,
540.89999999999998,4.0163192749023438,
541,4.0188751220703125,
541.10000000000002,4.02398681640625,
541.20000000000005,4.0265426635742188,
541.29999999999995,4.0265426635742188,
541.39999999999998,4.0367584228515625,
541.5,4.0367584228515625,
541.60000000000002,4.0342025756835938,
541.70000000000005,4.0469818115234375,
541.79999999999995,4.0750808715820312,
541.89999999999998,4.1082992553710938,
542,4.1312942504882812,
542.10000000000002,4.16961669921875,
542.20000000000005,4.215606689453125,
542.29999999999995,4.2462692260742188,
542.39999999999998,4.2641525268554688,
542.5,4.2743759155273438,
542.60000000000002,4.2513809204101562,
542.70000000000005,4.2028350830078125,
542.79999999999995,4.1594009399414062,
542.89999999999998,4.1389617919921875,
543,4.13385009765625,
543.10000000000002,4.1287384033203125,
543.20000000000005,4.115966796875,
543.29999999999995,4.1082992553710938,
543.39999999999998,4.105743408203125,
543.5,4.1108551025390625,
543.60000000000002,4.1134109497070312,
543.70000000000005,4.1287384033203125,
543.79999999999995,4.1210708618164062,
543.89999999999998,4.087860107421875,
544,4.0750808715820312,
544.10000000000002,4.087860107421875,
544.20000000000005,4.123626708984375,
544.29999999999995,4.161956787109375,
544.39999999999998,4.179840087890625,
544.5,4.1849517822265625,
544.60000000000002,4.197723388671875,
544.70000000000005,4.2207183837890625,
544.79999999999995,4.2641525268554688,
544.89999999999998,4.3152542114257812,
545,4.3944625854492188,
545.10000000000002,4.5324325561523438,
545.20000000000005,4.7266082763671875,
545.29999999999995,5.0229873657226562,
545.39999999999998,5.4062423706054688,
545.5,5.7562713623046875,
545.60000000000002,6.0577621459960938,
545.70000000000005,6.369476318359375,
545.79999999999995,6.6760711669921875,
545.89999999999998,6.9162445068359375,
546,7.0823211669921875,
546.10000000000002,7.2407302856445312,
546.20000000000005,7.4042510986328125,
546.29999999999995,7.5243301391601562,
546.39999999999998,7.5958709716796875,
546.5,7.6904067993164062,
546.60000000000002,7.81304931640625,
546.70000000000005,7.8667068481445312,
546.79999999999995,7.8922500610351562,
546.89999999999998,7.8897018432617188,
547,7.8079376220703125,
547.10000000000002,7.7568359375,
547.20000000000005,7.7185134887695312,
547.29999999999995,7.6393051147460938,
547.39999999999998,7.5677719116210938,
547.5,7.5524368286132812,
547.60000000000002,7.5498809814453125,
547.70000000000005,7.491119384765625,
547.79999999999995,7.4655685424804688,
547.89999999999998,7.4374618530273438,
548,7.4195785522460938,
548.10000000000002,7.3327102661132812,
548.20000000000005,7.3020477294921875,
548.29999999999995,7.5319976806640625,
548.39999999999998,7.795166015625,
548.5,7.9893417358398438,
548.60000000000002,8.117095947265625,
548.70000000000005,8.1860809326171875,
548.79999999999995,8.2473983764648438,
548.89999999999998,8.2780609130859375,
549,8.1886367797851562,
549.10000000000002,8.07110595703125,
549.20000000000005,8.0404434204101562,
549.29999999999995,7.986785888671875,
549.39999999999998,7.9101409912109375,
549.5,7.8207168579101562,
549.60000000000002,7.6137619018554688,
549.70000000000005,7.3097152709960938,
549.79999999999995,7.1002044677734375,
549.89999999999998,7.059326171875,
550,6.9826736450195312,6.2630481719970703
550.10000000000002,6.6147537231445312,
550.20000000000005,6.0143280029296875,
550.29999999999995,5.4547805786132812,
550.39999999999998,5.0357666015625,
550.5,4.7393875122070312,
550.60000000000002,4.5222091674804688,
550.70000000000005,4.3433609008789062,
550.79999999999995,4.197723388671875,
550.89999999999998,4.1031875610351562,
551,4.0725326538085938,
551.10000000000002,4.0853042602539062,
551.20000000000005,4.1210708618164062,
551.29999999999995,4.1542892456054688,
551.39999999999998,4.1772842407226562,
551.5,4.1926116943359375,
551.60000000000002,4.2053909301757812,
551.70000000000005,4.2130508422851562,
551.79999999999995,4.16961669921875,
551.89999999999998,4.1006317138671875,
552,4.0495376586914062,
552.10000000000002,4.0035476684570312,
552.20000000000005,3.9677734375,
552.29999999999995,3.9447784423828125,
552.39999999999998,3.9371109008789062,
552.5,3.9473342895507812,
552.60000000000002,3.939666748046875,
552.70000000000005,3.903900146484375,
552.79999999999995,3.8783493041992188,
552.89999999999998,3.8834609985351562,
553,3.8987884521484375,
553.10000000000002,3.9115676879882812,
553.20000000000005,3.921783447265625,
553.29999999999995,3.9345626831054688,
553.39999999999998,3.9422225952148438,
553.5,3.9550018310546875,
553.60000000000002,3.977996826171875,
553.70000000000005,3.9984359741210938,
553.79999999999995,4.0086517333984375,
553.89999999999998,4.0469818115234375,
554,4.1568450927734375,
554.10000000000002,4.35357666015625,
554.20000000000005,4.6065216064453125,
554.29999999999995,4.8952407836914062,
554.39999999999998,5.1967315673828125,
554.5,5.4624481201171875,
554.60000000000002,5.6898422241210938,
554.70000000000005,5.9351272583007812,
554.79999999999995,6.1804046630859375,
554.89999999999998,6.323486328125,
555,6.4410171508789062,
555.10000000000002,6.6505203247070312,
555.20000000000005,6.89324951171875,
555.29999999999995,7.0848770141601562,
555.39999999999998,7.2202911376953125,
555.5,7.325042724609375,
555.60000000000002,7.399139404296875,
555.70000000000005,7.4425735473632812,
555.79999999999995,7.4604568481445312,
555.89999999999998,7.4579010009765625,
556,7.4604568481445312,
556.10000000000002,7.4246902465820312,
556.20000000000005,7.2994918823242188,
556.29999999999995,7.1615219116210938,
556.39999999999998,7.0746536254882812,
556.5,6.9264602661132812,
556.60000000000002,6.5789871215820312,
556.70000000000005,6.1395263671875,
556.79999999999995,5.7307205200195312,
556.89999999999998,5.3321456909179688,
557,4.989776611328125,
557.10000000000002,4.7291641235351562,
557.20000000000005,4.53753662109375,
557.29999999999995,4.4046783447265625,
557.39999999999998,4.3050308227539062,
557.5,4.2334976196289062,
557.60000000000002,4.1772842407226562,
557.70000000000005,4.1210708618164062,
557.79999999999995,4.0904159545898438,
557.89999999999998,4.0955276489257812,
558,4.1031875610351562,
558.10000000000002,4.0904159545898438,
558.20000000000005,4.0827484130859375,
558.29999999999995,4.0623092651367188,
558.39999999999998,4.0265426635742188,
558.5,3.995880126953125,
558.60000000000002,4.0469818115234375,
558.70000000000005,4.197723388671875,
558.79999999999995,4.3382492065429688,
558.89999999999998,4.4506683349609375,
559,4.5119857788085938,
559.10000000000002,4.5324325561523438,
559.20000000000005,4.5605316162109375,
559.29999999999995,4.6065216064453125,
559.39999999999998,4.7879257202148438,
559.5,4.9872207641601562,
559.60000000000002,5.135406494140625,
559.70000000000005,5.3883514404296875,
559.79999999999995,5.669403076171875,
559.89999999999998,6.0219955444335938,
560,6.6837387084960938,7.8671331405639648
560.10000000000002,7.399139404296875,
560.20000000000005,7.9612350463867188,
560.29999999999995,8.576995849609375,
560.39999999999998,9.164642333984375,
560.5,9.2975006103515625,
560.60000000000002,8.9730224609375,
560.70000000000005,8.9219207763671875,
560.79999999999995,9.202972412109375,
560.89999999999998,9.3051681518554688,
561,9.2515106201171875,
561.10000000000002,9.256622314453125,
561.20000000000005,9.1876373291015625,
561.29999999999995,8.9244766235351562,
561.39999999999998,8.6204299926757812,
561.5,8.3087158203125,
561.60000000000002,8.042999267578125,
561.70000000000005,7.8437118530273438,
561.79999999999995,7.618865966796875,
561.89999999999998,7.3480377197265625,
562,7.059326171875,
562.10000000000002,6.80126953125,
562.20000000000005,6.5789871215820312,
562.29999999999995,6.3004913330078125,
562.39999999999998,5.927459716796875,
562.5,5.5646514892578125,
562.60000000000002,5.265716552734375,
562.70000000000005,5.007659912109375,
562.79999999999995,4.7828216552734375,
562.89999999999998,4.6090774536132812,
563,4.455780029296875,
563.10000000000002,4.307586669921875,
563.20000000000005,4.197723388671875,
563.29999999999995,4.1312942504882812,
563.39999999999998,4.0980758666992188,
563.5,4.0725326538085938,
563.60000000000002,4.0444259643554688,
563.70000000000005,4.0214309692382812,
563.79999999999995,4.0086517333984375,
563.89999999999998,3.9984359741210938,
564,3.9984359741210938,
564.10000000000002,4.0290908813476562,
564.20000000000005,4.0367584228515625,
564.29999999999995,3.9933242797851562,
564.39999999999998,3.9831008911132812,
564.5,4.0060958862304688,
564.60000000000002,4.0367584228515625,
564.70000000000005,4.0520858764648438,
564.79999999999995,4.0571975708007812,
564.89999999999998,4.05975341796875,
565,4.0546417236328125,
565.10000000000002,4.0546417236328125,
565.20000000000005,4.0725326538085938,
565.29999999999995,4.0827484130859375,
565.39999999999998,4.05975341796875,
565.5,4.031646728515625,
565.60000000000002,3.9984359741210938,
565.70000000000005,3.98565673828125,
565.79999999999995,4.0112075805664062,
565.89999999999998,4.0367584228515625,
566,4.0520858764648438,
566.10000000000002,4.0520858764648438,
566.20000000000005,4.0546417236328125,
566.29999999999995,4.069976806640625,
566.39999999999998,4.0904159545898438,
566.5,4.0674209594726562,
566.60000000000002,4.0367584228515625,
566.70000000000005,4.0571975708007812,
566.79999999999995,4.0904159545898438,
566.89999999999998,4.1287384033203125,
567,4.1926116943359375,
567.10000000000002,4.3050308227539062,
567.20000000000005,4.4608917236328125,
567.29999999999995,4.6499557495117188,
567.39999999999998,4.9182357788085938,
567.5,5.2580490112304688,
567.60000000000002,5.4879989624023438,
567.70000000000005,5.6438522338867188,
567.79999999999995,5.95556640625,
567.89999999999998,6.3285903930664062,
568,6.6377487182617188,
568.10000000000002,6.9520111083984375,
568.20000000000005,7.26116943359375,
568.29999999999995,7.5728759765625,
568.39999999999998,7.8462600708007812,
568.5,8.0481109619140625,
568.60000000000002,8.2192916870117188,
568.70000000000005,8.410919189453125,
568.79999999999995,8.6153182983398438,
568.89999999999998,8.8324966430664062,
569,9.1953048706054688,
569.10000000000002,9.5862197875976562,
569.20000000000005,9.8289413452148438,
569.29999999999995,9.83660888671875,
569.39999999999998,9.6500930786132812,
569.5,9.5734405517578125,
569.60000000000002,9.5734405517578125,
569.70000000000005,9.4814605712890625,
569.79999999999995,9.3383865356445312,
569.89999999999998,9.110992431640625,
570,8.8273849487304688,8.8408641815185547
570.10000000000002,8.559112548828125,
570.20000000000005,8.2397308349609375,
570.29999999999995,7.8743667602539062,
570.39999999999998,7.5473251342773438,
570.5,7.2918319702148438,
570.60000000000002,7.1283111572265625,
570.70000000000005,7.0644302368164062,
570.79999999999995,7.02099609375,
570.89999999999998,6.9009170532226562,
571,6.8549270629882812,
571.10000000000002,6.8855819702148438,
571.20000000000005,6.8498153686523438,
571.29999999999995,6.6428604125976562,
571.39999999999998,6.4767837524414062,
571.5,6.5662078857421875,
571.60000000000002,6.6735153198242188,
571.70000000000005,6.6121978759765625,
571.79999999999995,6.4844512939453125,
571.89999999999998,6.4640121459960938,
572,6.4921112060546875,
572.10000000000002,6.45123291015625,
572.20000000000005,6.313262939453125,
572.29999999999995,6.1063079833984375,
572.39999999999998,5.8967971801757812,
572.5,5.6106414794921875,
572.60000000000002,5.2554931640625,
572.70000000000005,4.9361190795898438,
572.79999999999995,4.6780624389648438,
572.89999999999998,4.5043258666992188,
573,4.3893508911132812,
573.10000000000002,4.2999267578125,
573.20000000000005,4.2334976196289062,
573.29999999999995,4.20794677734375,
573.39999999999998,4.2002792358398438,
573.5,4.2973709106445312,
573.60000000000002,4.3203659057617188,
573.70000000000005,4.2105026245117188,
573.79999999999995,4.179840087890625,
573.89999999999998,4.16961669921875,
574,4.1594009399414062,
574.10000000000002,4.13385009765625,
574.20000000000005,4.1134109497070312,
574.29999999999995,4.123626708984375,
574.39999999999998,4.179840087890625,
574.5,4.2207183837890625,
574.60000000000002,4.2386016845703125,
574.70000000000005,4.2462692260742188,
574.79999999999995,4.2283859252929688,
574.89999999999998,4.225830078125,
575,4.2513809204101562,
575.10000000000002,4.2973709106445312,
575.20000000000005,4.3586883544921875,
575.29999999999995,4.4097900390625,
575.39999999999998,4.4481124877929688,
575.5,4.4711074829101562,
575.60000000000002,4.4889907836914062,
575.70000000000005,4.48388671875,
575.79999999999995,4.4608917236328125,
575.89999999999998,4.4097900390625,
576,4.3408050537109375,
576.10000000000002,4.2948150634765625,
576.20000000000005,4.2769317626953125,
576.29999999999995,4.2692642211914062,
576.39999999999998,4.2692642211914062,
576.5,4.2743759155273438,
576.60000000000002,4.2743759155273438,
576.70000000000005,4.2692642211914062,
576.79999999999995,4.2641525268554688,
576.89999999999998,4.2641525268554688,
577,4.2641525268554688,
577.10000000000002,4.2386016845703125,
577.20000000000005,4.2181625366210938,
577.29999999999995,4.2334976196289062,
577.39999999999998,4.2743759155273438,
577.5,4.3765716552734375,
577.60000000000002,4.4992141723632812,
577.70000000000005,4.6678466796875,
577.79999999999995,4.9463424682617188,
577.89999999999998,5.2606048583984375,
578,5.4879989624023438,
578.10000000000002,5.7000656127929688,
578.20000000000005,5.9504547119140625,
578.29999999999995,6.1420822143554688,
578.39999999999998,6.3285903930664062,
578.5,6.5662078857421875,
578.60000000000002,6.80126953125,
578.70000000000005,6.9647903442382812,
578.79999999999995,7.123199462890625,
578.89999999999998,7.2764968872070312,
579,7.4093551635742188,
579.10000000000002,7.6265335083007812,
579.20000000000005,7.8667068481445312,
579.29999999999995,8.0838775634765625,
579.39999999999998,8.3623733520507812,
579.5,8.6204299926757812,
579.60000000000002,8.760955810546875,
579.70000000000005,9.0471115112304688,
579.79999999999995,9.4175872802734375,
579.89999999999998,9.54278564453125,
580,9.6143264770507812,8.0053367614746094
580.10000000000002,9.6117706298828125,
580.20000000000005,9.3715972900390625,
580.29999999999995,9.0292282104492188,
580.39999999999998,8.6817474365234375,
580.5,8.36492919921875,
580.60000000000002,8.0557708740234375,
580.70000000000005,7.7645034790039062,
580.79999999999995,7.4425735473632812,
580.89999999999998,7.0720977783203125,
581,6.7144012451171875,
581.10000000000002,6.3515853881835938,
581.20000000000005,6.019439697265625,
581.29999999999995,5.7511672973632812,
581.39999999999998,5.503326416015625,
581.5,5.2554931640625,
581.60000000000002,5.0051040649414062,
581.70000000000005,4.7751541137695312,
581.79999999999995,4.5886383056640625,
581.89999999999998,4.4481124877929688,
582,4.3433609008789062,
582.10000000000002,4.271820068359375,
582.20000000000005,4.2105026245117188,
582.29999999999995,4.1312942504882812,
582.39999999999998,4.069976806640625,
582.5,4.0342025756835938,
582.60000000000002,4.0188751220703125,
582.70000000000005,4.0418701171875,
582.79999999999995,4.05975341796875,
582.89999999999998,4.087860107421875,
583,4.1517333984375,
583.10000000000002,4.1951675415039062,
583.20000000000005,4.1875076293945312,
583.29999999999995,4.1645126342773438,
583.39999999999998,4.16961669921875,
583.5,4.1926116943359375,
583.60000000000002,4.2283859252929688,
583.70000000000005,4.3433609008789062,
583.79999999999995,4.5196533203125,
583.89999999999998,4.621856689453125,
584,4.7291641235351562,
584.10000000000002,4.8288116455078125,
584.20000000000005,4.8850173950195312,
584.29999999999995,5.0306549072265625,
584.39999999999998,5.191619873046875,
584.5,5.2120590209960938,
584.60000000000002,5.0843124389648438,
584.70000000000005,4.97955322265625,
584.79999999999995,4.9361190795898438,
584.89999999999998,4.8620223999023438,
585,4.7393875122070312,
585.10000000000002,4.6320724487304688,
585.20000000000005,4.583526611328125,
585.29999999999995,4.5809707641601562,
585.39999999999998,4.5733108520507812,
585.5,4.5247650146484375,
585.60000000000002,4.437896728515625,
585.70000000000005,4.363800048828125,
585.79999999999995,4.31781005859375,
585.89999999999998,4.2973709106445312,
586,4.2948150634765625,
586.10000000000002,4.3305816650390625,
586.20000000000005,4.4608917236328125,
586.29999999999995,4.7010574340820312,
586.39999999999998,5.0204315185546875,
586.5,5.3909072875976562,
586.60000000000002,5.7332763671875,
586.70000000000005,6.0424346923828125,
586.79999999999995,6.369476318359375,
586.89999999999998,6.7195053100585938,
587,7.07720947265625,
587.10000000000002,7.4298019409179688,
587.20000000000005,7.7517318725585938,
587.29999999999995,8.0302200317382812,
587.39999999999998,8.2755050659179688,
587.5,8.4901275634765625,
587.60000000000002,8.6766357421875,
587.70000000000005,8.870819091796875,
587.79999999999995,8.9857940673828125,
587.89999999999998,8.8631515502929688,
588,8.7072982788085938,
588.10000000000002,8.5412216186523438,
588.20000000000005,8.2039642333984375,
588.29999999999995,7.8743667602539062,
588.39999999999998,7.5575485229492188,
588.5,7.2432861328125,
588.60000000000002,6.8600311279296875,
588.70000000000005,6.4589004516601562,
588.79999999999995,6.0271072387695312,
588.89999999999998,5.7205047607421875,
589,5.5109939575195312,
589.10000000000002,5.283599853515625,
589.20000000000005,5.0153274536132812,
589.29999999999995,4.8007049560546875,
589.39999999999998,4.7342758178710938,
589.5,4.6474075317382812,
589.60000000000002,4.491546630859375,
589.70000000000005,4.4404525756835938,
589.79999999999995,4.3484725952148438,
589.89999999999998,4.1747283935546875,
590,4.087860107421875,6.5934062004089355
590.10000000000002,4.0827484130859375,
590.20000000000005,4.0750808715820312,
590.29999999999995,4.0495376586914062,
590.39999999999998,4.0648651123046875,
590.5,4.05975341796875,
590.60000000000002,4.0188751220703125,
590.70000000000005,3.9728851318359375,
590.79999999999995,3.9013442993164062,
590.89999999999998,3.7403793334960938,
591,3.5027618408203125,
591.10000000000002,3.4286651611328125,
591.20000000000005,3.5027618408203125,
591.29999999999995,3.5921859741210938,
591.39999999999998,3.6841659545898438,
591.5,3.794036865234375,
591.60000000000002,3.921783447265625,
591.70000000000005,4.013763427734375,
591.79999999999995,4.0725326538085938,
591.89999999999998,4.1312942504882812,
592,4.1772842407226562,
592.10000000000002,4.1670608520507812,
592.20000000000005,4.16961669921875,
592.29999999999995,4.2207183837890625,
592.39999999999998,4.2615966796875,
592.5,4.3024826049804688,
592.60000000000002,4.35357666015625,
592.70000000000005,4.4200057983398438,
592.79999999999995,4.529876708984375,
592.89999999999998,4.6652908325195312,
593,4.7802658081054688,
593.10000000000002,4.86968994140625,
593.20000000000005,4.9361190795898438,
593.29999999999995,5.05364990234375,
593.39999999999998,5.2861557006835938,
593.5,5.587646484375,
593.60000000000002,5.9785614013671875,
593.70000000000005,6.4818954467773438,
593.79999999999995,7.0950927734375,
593.89999999999998,7.675079345703125,
594,7.9714584350585938,
594.10000000000002,8.2806167602539062,
594.20000000000005,8.8682632446289062,
594.29999999999995,9.404815673828125,
594.39999999999998,9.8493804931640625,
594.5,10.35272216796875,
594.60000000000002,10.861160278320312,
594.70000000000005,11.257186889648438,
594.79999999999995,11.515243530273438,
594.89999999999998,11.694091796875,
595,12.041572570800781,
595.10000000000002,12.544906616210938,
595.20000000000005,12.7978515625,
595.29999999999995,12.667549133300781,
595.39999999999998,12.317512512207031,
595.5,11.89593505859375,
595.60000000000002,11.321060180664062,
595.70000000000005,10.728302001953125,
595.79999999999995,10.097221374511719,
595.89999999999998,9.3537139892578125,
596,8.6280975341796875,
596.10000000000002,7.9075851440429688,
596.20000000000005,7.2918319702148438,
596.29999999999995,6.8549270629882812,
596.39999999999998,6.5304412841796875,
596.5,6.2519454956054688,
596.60000000000002,5.9913330078125,
596.70000000000005,5.7664947509765625,
596.79999999999995,5.5467605590820312,
596.89999999999998,5.2069473266601562,
597,4.8364715576171875,
597.10000000000002,4.5579757690429688,
597.20000000000005,4.3740158081054688,
597.29999999999995,4.2973709106445312,
597.39999999999998,4.3203659057617188,
597.5,4.3765716552734375,
597.60000000000002,4.4072341918945312,
597.70000000000005,4.5400924682617188,
597.79999999999995,4.6678466796875,
597.89999999999998,4.5630874633789062,
598,4.4174575805664062,
598.10000000000002,4.3050308227539062,
598.20000000000005,4.2232742309570312,
598.29999999999995,4.2232742309570312,
598.39999999999998,4.2207183837890625,
598.5,4.115966796875,
598.60000000000002,3.9882125854492188,
598.70000000000005,4.0393142700195312,
598.79999999999995,4.2462692260742188,
598.89999999999998,4.3867950439453125,
599,4.3612442016601562,
599.10000000000002,4.289703369140625,
599.20000000000005,4.2692642211914062,
599.29999999999995,4.3510208129882812,
599.39999999999998,4.4327850341796875,
599.5,4.4608917236328125,
599.60000000000002,4.5170974731445312,
599.70000000000005,4.5247650146484375,
599.79999999999995,4.4941024780273438,
599.89999999999998,4.5170974731445312,
600,4.5170974731445312,7.1485304832458496
