"Data Set 1:Time(s)","Data Set 1:Force(N)","Data Set 1:Respiration Rate(bpm)"
0,6.81915283203125,11.424220085144043
0.10000000000000001,6.6684112548828125,
0.20000000000000001,6.4895553588867188,
0.29999999999999999,6.3515853881835938,
0.40000000000000002,6.17529296875,
0.5,6.1267471313476562,
0.59999999999999998,6.2979354858398438,
0.69999999999999996,6.7169570922851562,
0.80000000000000004,7.1257553100585938,
0.90000000000000002,7.289276123046875,
1,7.2253952026367188,
1.1000000000000001,7.141082763671875,
1.2,7.1487503051757812,
1.3,7.15130615234375,
1.3999999999999999,7.1002044677734375,
1.5,7.105316162109375,
1.6000000000000001,7.123199462890625,
1.7,7.00311279296875,
1.8,6.829376220703125,
1.8999999999999999,6.6019821166992188,
2,6.4461212158203125,
2.1000000000000001,6.2366104125976562,
2.2000000000000002,5.8865814208984375,
2.2999999999999998,5.4011306762695312,
2.3999999999999999,4.7930374145507812,
2.5,4.2513809204101562,
2.6000000000000001,3.9550018310546875,
2.7000000000000002,3.811920166015625,
2.7999999999999998,3.6330718994140625,
2.8999999999999999,3.4644393920898438,
3,3.3775711059570312,
3.1000000000000001,3.2651519775390625,
3.2000000000000002,3.093963623046875,
3.2999999999999998,2.9713211059570312,
3.3999999999999999,2.8946762084960938,
3.5,2.84613037109375,
3.6000000000000001,2.8410186767578125,
3.7000000000000002,2.8512420654296875,
3.7999999999999998,2.8691253662109375,
3.8999999999999999,2.8870086669921875,
4,2.8972320556640625,
4.0999999999999996,2.9253311157226562,
4.2000000000000002,2.9687652587890625,
4.2999999999999998,3.0326461791992188,
4.4000000000000004,3.1731719970703125,
4.5,3.4235610961914062,
4.5999999999999996,3.7071609497070312,
4.7000000000000002,3.939666748046875,
4.7999999999999998,4.1082992553710938,
4.9000000000000004,4.1594009399414062,
5,4.0801925659179688,
5.0999999999999996,3.9652175903320312,
5.2000000000000002,3.8425827026367188,
5.2999999999999998,3.702056884765625,
5.4000000000000004,3.61773681640625,
5.5,3.6151809692382812,
5.5999999999999996,3.6841659545898438,
5.7000000000000002,3.7761459350585938,
5.7999999999999998,3.8706817626953125,
5.9000000000000004,3.9243392944335938,
6,3.8809051513671875,
6.0999999999999996,3.7633743286132812,
6.2000000000000002,3.5743026733398438,
6.2999999999999998,3.3673477172851562,
6.4000000000000004,3.2396011352539062,
6.5,3.1910552978515625,
6.5999999999999996,3.1731719970703125,
6.7000000000000002,3.1552810668945312,
6.7999999999999998,3.150177001953125,
6.9000000000000004,3.1450653076171875,
7,3.1169586181640625,
7.0999999999999996,3.1092910766601562,
7.2000000000000002,3.0965194702148438,
7.2999999999999998,3.0556411743164062,
7.4000000000000004,3.0428619384765625,
7.5,3.058197021484375,
7.5999999999999996,3.0684127807617188,
7.7000000000000002,3.0633010864257812,
7.7999999999999998,3.0684127807617188,
7.9000000000000004,3.1067352294921875,
8,3.1833877563476562,
8.0999999999999996,3.3162460327148438,
8.1999999999999993,3.489990234375,
8.3000000000000007,3.6790618896484375,
8.4000000000000004,3.8502426147460938,
8.5,3.9933242797851562,
8.5999999999999996,4.1542892456054688,
8.6999999999999993,4.3305816650390625,
8.8000000000000007,4.5043258666992188,
8.9000000000000004,4.6474075317382812,
9,4.7700424194335938,
9.0999999999999996,4.915679931640625,
9.1999999999999993,5.043426513671875,
9.3000000000000007,5.173736572265625,
9.4000000000000004,5.4164581298828125,
9.5,5.8022613525390625,
9.5999999999999996,6.3158187866210938,
9.6999999999999993,6.8881378173828125,
9.8000000000000007,7.3965835571289062,
9.9000000000000004,7.6393051147460938,
10,7.657196044921875,9.2951202392578125
10.1,7.7977218627929688,
10.199999999999999,8.0455551147460938,
10.300000000000001,8.2882766723632812,
10.4,8.4185867309570312,
10.5,8.3879241943359375,
10.6,8.3904800415039062,
10.699999999999999,8.3981475830078125,
10.800000000000001,8.2652816772460938,
10.9,8.1196517944335938,
11,8.0378875732421875,
11.1,7.81304931640625,
11.199999999999999,7.5013351440429688,
11.300000000000001,7.2483901977539062,
11.4,7.049102783203125,
11.5,6.8779220581054688,
11.6,6.7271728515625,
11.699999999999999,6.6556320190429688,
11.800000000000001,6.5508804321289062,
11.9,6.3209304809570312,
12,5.9811172485351562,
12.1,5.5161056518554688,
12.199999999999999,4.9999923706054688,
12.300000000000001,4.48388671875,
12.4,4.0367584228515625,
12.5,3.8093643188476562,
12.6,3.7429351806640625,
12.699999999999999,3.6535110473632812,
12.800000000000001,3.5743026733398438,
12.9,3.5666427612304688,
13,3.5104293823242188,
13.1,3.4414443969726562,
13.199999999999999,3.4388885498046875,
13.300000000000001,3.4005661010742188,
13.4,3.260040283203125,
13.5,3.1348419189453125,
13.6,3.0862960815429688,
13.699999999999999,3.0505294799804688,
13.800000000000001,3.01220703125,
13.9,2.9943161010742188,
14,2.9968719482421875,
14.1,3.001983642578125,
14.199999999999999,2.9968719482421875,
14.300000000000001,2.9943161010742188,
14.4,2.9892120361328125,
14.5,2.9585494995117188,
14.6,2.9304428100585938,
14.699999999999999,2.9253311157226562,
14.800000000000001,2.945770263671875,
14.9,2.966217041015625,
15,2.984100341796875,
15.1,3.0224227905273438,
15.199999999999999,3.0888519287109375,
15.300000000000001,3.1731719970703125,
15.4,3.2983627319335938,
15.5,3.3928985595703125,
15.6,3.4542160034179688,
15.699999999999999,3.5334243774414062,
15.800000000000001,3.6509552001953125,
15.9,3.8093643188476562,
16,3.9703292846679688,
16.100000000000001,4.069976806640625,
16.199999999999999,4.161956787109375,
16.300000000000001,4.3663558959960938,
16.399999999999999,4.6601791381835938,
16.5,4.8722457885742188,
16.600000000000001,5.0204315185546875,
16.699999999999999,5.2452774047851562,
16.800000000000001,5.595306396484375,
16.899999999999999,6.0066604614257812,
17,6.3848037719726562,
17.100000000000001,6.7016220092773438,
17.199999999999999,6.957122802734375,
17.300000000000001,7.2279510498046875,
17.399999999999999,7.565216064453125,
17.5,7.9280242919921875,
17.600000000000001,8.3342666625976562,
17.699999999999999,8.7583999633789062,
17.800000000000001,9.1237640380859375,
17.899999999999999,9.348602294921875,
18,9.3690414428710938,
18.100000000000001,9.3102798461914062,
18.199999999999999,9.128875732421875,
18.300000000000001,8.6357574462890625,
18.399999999999999,7.9024734497070312,
18.5,7.2867202758789062,
18.600000000000001,6.957122802734375,
18.699999999999999,6.7399520874023438,
18.800000000000001,6.5100021362304688,
18.899999999999999,6.2289505004882812,
19,5.9146804809570312,
19.100000000000001,5.5672073364257812,
19.199999999999999,5.2120590209960938,
19.300000000000001,4.90545654296875,
19.399999999999999,4.6652908325195312,
19.5,4.455780029296875,
19.600000000000001,4.253936767578125,
19.699999999999999,4.0546417236328125,
19.800000000000001,3.8809051513671875,
19.899999999999999,3.748046875,
20,3.6305160522460938,7.8465561866760254
20.100000000000001,3.4874343872070312,
20.199999999999999,3.3392410278320312,
20.300000000000001,3.2523727416992188,
20.399999999999999,3.21405029296875,
20.5,3.1884994506835938,
20.600000000000001,3.1629486083984375,
20.699999999999999,3.1425094604492188,
20.800000000000001,3.1220703125,
20.899999999999999,3.111846923828125,
21,3.1067352294921875,
21.100000000000001,3.0786361694335938,
21.199999999999999,3.0147552490234375,
21.300000000000001,2.973876953125,
21.399999999999999,3.001983642578125,
21.5,3.0479736328125,
21.600000000000001,3.0811920166015625,
21.699999999999999,3.0965194702148438,
21.800000000000001,3.1092910766601562,
21.899999999999999,3.1195144653320312,
22,3.1246261596679688,
22.100000000000001,3.1373977661132812,
22.199999999999999,3.13995361328125,
22.300000000000001,3.111846923828125,
22.399999999999999,3.0888519287109375,
22.5,3.1016311645507812,
22.600000000000001,3.1246261596679688,
22.699999999999999,3.13995361328125,
22.800000000000001,3.1527252197265625,
22.899999999999999,3.1629486083984375,
23,3.1731719970703125,
23.100000000000001,3.1884994506835938,
23.199999999999999,3.2089385986328125,
23.300000000000001,3.2012710571289062,
23.399999999999999,3.168060302734375,
23.5,3.150177001953125,
23.600000000000001,3.1578369140625,
23.699999999999999,3.1808319091796875,
23.800000000000001,3.203826904296875,
23.899999999999999,3.2114944458007812,
24,3.221710205078125,
24.100000000000001,3.23193359375,
24.199999999999999,3.2472610473632812,
24.300000000000001,3.2677001953125,
24.399999999999999,3.24981689453125,
24.5,3.2242660522460938,
24.600000000000001,3.2242660522460938,
24.699999999999999,3.2293777465820312,
24.800000000000001,3.2472610473632812,
24.899999999999999,3.2651519775390625,
25,3.2728118896484375,
25.100000000000001,3.2906951904296875,
25.199999999999999,3.3085861206054688,
25.300000000000001,3.3188018798828125,
25.399999999999999,3.3009185791015625,
25.5,3.2472610473632812,
25.600000000000001,3.2166061401367188,
25.699999999999999,3.2166061401367188,
25.800000000000001,3.2293777465820312,
25.899999999999999,3.2396011352539062,
26,3.2447052001953125,
26.100000000000001,3.24981689453125,
26.199999999999999,3.2574844360351562,
26.300000000000001,3.2677001953125,
26.399999999999999,3.2549285888671875,
26.5,3.2166061401367188,
26.600000000000001,3.203826904296875,
26.699999999999999,3.2191619873046875,
26.800000000000001,3.2370452880859375,
26.899999999999999,3.242156982421875,
27,3.242156982421875,
27.100000000000001,3.2472610473632812,
27.199999999999999,3.2549285888671875,
27.300000000000001,3.2625961303710938,
27.399999999999999,3.242156982421875,
27.5,3.2089385986328125,
27.600000000000001,3.203826904296875,
27.699999999999999,3.2191619873046875,
27.800000000000001,3.2370452880859375,
27.899999999999999,3.242156982421875,
28,3.2447052001953125,
28.100000000000001,3.2549285888671875,
28.199999999999999,3.2625961303710938,
28.300000000000001,3.2728118896484375,
28.399999999999999,3.260040283203125,
28.5,3.2983627319335938,
28.600000000000001,3.5053176879882812,
28.699999999999999,3.8374710083007812,
28.800000000000001,4.1134109497070312,
28.899999999999999,4.455780029296875,
29,4.8083724975585938,
29.100000000000001,5.16351318359375,
29.199999999999999,5.5288772583007812,
29.300000000000001,5.8559188842773438,
29.399999999999999,6.1318588256835938,
29.5,6.4307937622070312,
29.600000000000001,6.755279541015625,
29.699999999999999,7.0797653198242188,
29.800000000000001,7.4425735473632812,
29.899999999999999,7.8794784545898438,
30,8.3444900512695312,6.1983470916748047
30.100000000000001,8.6919708251953125,
30.199999999999999,8.8171615600585938,
30.300000000000001,8.6076507568359375,
30.399999999999999,8.1988525390625,
30.5,7.8360443115234375,
30.600000000000001,7.5626602172851562,
30.699999999999999,7.3301544189453125,
30.800000000000001,7.049102783203125,
30.899999999999999,6.6556320190429688,
31,6.1548538208007812,
31.100000000000001,5.669403076171875,
31.199999999999999,5.2043914794921875,
31.300000000000001,4.7470474243164062,
31.399999999999999,4.3740158081054688,
31.5,4.069976806640625,
31.600000000000001,3.8144760131835938,
31.699999999999999,3.6254043579101562,
31.800000000000001,3.518096923828125,
31.899999999999999,3.4184494018554688,
32,3.2983627319335938,
32.100000000000001,3.2344894409179688,
32.200000000000003,3.2370452880859375,
32.299999999999997,3.2447052001953125,
32.399999999999999,3.2396011352539062,
32.5,3.2344894409179688,
32.600000000000001,3.2523727416992188,
32.700000000000003,3.2702560424804688,
32.799999999999997,3.2574844360351562,
32.899999999999999,3.2344894409179688,
33,3.1782760620117188,
33.100000000000001,3.111846923828125,
33.200000000000003,3.093963623046875,
33.299999999999997,3.0914077758789062,
33.399999999999999,3.093963623046875,
33.5,3.093963623046875,
33.600000000000001,3.093963623046875,
33.700000000000003,3.0990753173828125,
33.799999999999997,3.1067352294921875,
33.899999999999999,3.1195144653320312,
34,3.1220703125,
34.100000000000001,3.0888519287109375,
34.200000000000003,3.0684127807617188,
34.299999999999997,3.0811920166015625,
34.399999999999999,3.1016311645507812,
34.5,3.1195144653320312,
34.600000000000001,3.129730224609375,
34.700000000000003,3.1322860717773438,
34.799999999999997,3.13995361328125,
34.899999999999999,3.1476211547851562,
35,3.1629486083984375,
35.100000000000001,3.1629486083984375,
35.200000000000003,3.129730224609375,
35.299999999999997,3.1144027709960938,
35.399999999999999,3.1169586181640625,
35.5,3.129730224609375,
35.600000000000001,3.13995361328125,
35.700000000000003,3.1450653076171875,
35.799999999999997,3.1552810668945312,
35.899999999999999,3.1655044555664062,
36,3.1731719970703125,
36.100000000000001,3.185943603515625,
36.200000000000003,3.168060302734375,
36.299999999999997,3.129730224609375,
36.399999999999999,3.1195144653320312,
36.5,3.1271820068359375,
36.600000000000001,3.1373977661132812,
36.700000000000003,3.1425094604492188,
36.799999999999997,3.1476211547851562,
36.899999999999999,3.150177001953125,
37,3.1527252197265625,
37.100000000000001,3.168060302734375,
37.200000000000003,3.1578369140625,
37.299999999999997,3.1195144653320312,
37.399999999999999,3.0990753173828125,
37.5,3.1067352294921875,
37.600000000000001,3.1246261596679688,
37.700000000000003,3.1348419189453125,
37.799999999999997,3.13995361328125,
37.899999999999999,3.150177001953125,
38,3.1655044555664062,
38.100000000000001,3.1884994506835938,
38.200000000000003,3.2012710571289062,
38.299999999999997,3.185943603515625,
38.399999999999999,3.17572021484375,
38.5,3.1961669921875,
38.600000000000001,3.2293777465820312,
38.700000000000003,3.260040283203125,
38.799999999999997,3.277923583984375,
38.899999999999999,3.2855911254882812,
39,3.2906951904296875,
39.100000000000001,3.313690185546875,
39.200000000000003,3.3571319580078125,
39.299999999999997,3.4082260131835938,
39.399999999999999,3.571746826171875,
39.5,3.9115676879882812,
39.600000000000001,4.3510208129882812,
39.700000000000003,4.8288116455078125,
39.799999999999997,5.3142623901367188,
39.899999999999999,5.8150405883789062,
40,6.3541412353515625,6.0934329032897949
40.100000000000001,6.9315719604492188,
40.200000000000003,7.4425735473632812,
40.299999999999997,7.7977218627929688,
40.399999999999999,7.9024734497070312,
40.5,7.8437118530273438,
40.600000000000001,7.951019287109375,
40.700000000000003,8.2141799926757812,
40.799999999999997,8.3572616577148438,
40.899999999999999,8.502899169921875,
41,8.7583999633789062,
41.100000000000001,8.9372482299804688,
41.200000000000003,8.9679107666015625,
41.299999999999997,8.8835906982421875,
41.399999999999999,8.814605712890625,
41.5,8.80694580078125,
41.600000000000001,8.8095016479492188,
41.700000000000003,8.814605712890625,
41.799999999999997,8.7890625,
41.899999999999999,8.7021865844726562,
42,8.5514450073242188,
42.100000000000001,8.3214950561523438,
42.200000000000003,7.968902587890625,
42.299999999999997,7.6137619018554688,
42.399999999999999,7.1027603149414062,
42.5,6.5585403442382812,
42.600000000000001,6.0603179931640625,
42.700000000000003,5.6080856323242188,
42.799999999999997,5.1532974243164062,
42.899999999999999,4.7521591186523438,
43,4.4327850341796875,
43.100000000000001,4.1670608520507812,
43.200000000000003,3.9422225952148438,
43.299999999999997,3.7710418701171875,
43.399999999999999,3.6432876586914062,
43.5,3.5283126831054688,
43.600000000000001,3.4235610961914062,
43.700000000000003,3.3469085693359375,
43.799999999999997,3.2472610473632812,
43.899999999999999,3.150177001953125,
44,3.111846923828125,
44.100000000000001,3.0965194702148438,
44.200000000000003,3.0811920166015625,
44.299999999999997,3.0633010864257812,
44.399999999999999,3.0505294799804688,
44.5,3.0403060913085938,
44.600000000000001,3.03009033203125,
44.700000000000003,3.0224227905273438,
44.799999999999997,3.0224227905273438,
44.899999999999999,2.9994277954101562,
45,2.9687652587890625,
45.100000000000001,2.973876953125,
45.200000000000003,2.9994277954101562,
45.299999999999997,3.0275344848632812,
45.399999999999999,3.0479736328125,
45.5,3.0607452392578125,
45.600000000000001,3.0684127807617188,
45.700000000000003,3.0735244750976562,
45.799999999999997,3.0888519287109375,
45.899999999999999,3.0914077758789062,
46,3.0607452392578125,
46.100000000000001,3.0428619384765625,
46.200000000000003,3.0505294799804688,
46.299999999999997,3.0633010864257812,
46.399999999999999,3.076080322265625,
46.5,3.0888519287109375,
46.600000000000001,3.0965194702148438,
46.700000000000003,3.1144027709960938,
46.799999999999997,3.1425094604492188,
46.899999999999999,3.203826904296875,
47,3.2242660522460938,
47.100000000000001,3.2370452880859375,
47.200000000000003,3.3290252685546875,
47.299999999999997,3.426116943359375,
47.399999999999999,3.5232009887695312,
47.5,3.5487518310546875,
47.600000000000001,3.4644393920898438,
47.700000000000003,3.4772109985351562,
47.799999999999997,3.599853515625,
47.899999999999999,3.702056884765625,
48,3.7148284912109375,
48.100000000000001,3.7301559448242188,
48.200000000000003,3.7889251708984375,
48.299999999999997,3.755706787109375,
48.399999999999999,3.6151809692382812,
48.5,3.5027618408203125,
48.600000000000001,3.5410919189453125,
48.700000000000003,3.7301559448242188,
48.799999999999997,4.1261825561523438,
48.899999999999999,4.6346282958984375,
49,5.1303024291992188,
49.100000000000001,5.6898422241210938,
49.200000000000003,6.28515625,
49.299999999999997,6.7884902954101562,
49.399999999999999,7.1998519897460938,
49.5,7.5319976806640625,
49.600000000000001,7.8718109130859375,
49.700000000000003,8.336822509765625,
49.799999999999997,8.7992782592773438,
49.899999999999999,9.1620864868164062,
50,9.3741531372070312,6.0606060028076172
50.100000000000001,9.4840164184570312,
50.200000000000003,9.68841552734375,
50.299999999999997,9.9260330200195312,
50.399999999999999,9.9490280151367188,
50.5,9.716522216796875,
50.600000000000001,9.2898406982421875,
50.700000000000003,8.7813949584960938,
50.799999999999997,8.3828125,
50.899999999999999,8.1503067016601562,
51,8.0966567993164062,
51.100000000000001,8.1375350952148438,
51.200000000000003,8.1017608642578125,
51.299999999999997,7.9561309814453125,
51.399999999999999,7.7082901000976562,
51.5,7.3480377197265625,
51.600000000000001,7.1257553100585938,
51.700000000000003,6.9852294921875,
51.799999999999997,6.6428604125976562,
51.899999999999999,6.2263946533203125,
52,5.8865814208984375,
52.100000000000001,5.6157455444335938,
52.200000000000003,5.32958984375,
52.299999999999997,5.0025482177734375,
52.399999999999999,4.6320724487304688,
52.5,4.2820358276367188,
52.600000000000001,4.0290908813476562,
52.700000000000003,3.8681259155273438,
52.799999999999997,3.7812576293945312,
52.899999999999999,3.737823486328125,
53,3.7250518798828125,
53.100000000000001,3.7250518798828125,
53.200000000000003,3.6969451904296875,
53.299999999999997,3.6228485107421875,
53.399999999999999,3.5410919189453125,
53.5,3.4567718505859375,
53.600000000000001,3.3647918701171875,
53.700000000000003,3.3213577270507812,
53.799999999999997,3.3188018798828125,
53.899999999999999,3.3290252685546875,
54,3.3264694213867188,
54.100000000000001,3.3188018798828125,
54.200000000000003,3.3213577270507812,
54.299999999999997,3.3290252685546875,
54.399999999999999,3.3647918701171875,
54.5,3.43377685546875,
54.600000000000001,3.4695510864257812,
54.700000000000003,3.5002059936523438,
54.799999999999997,3.5896377563476562,
54.899999999999999,3.7071609497070312,
55,3.8272476196289062,
55.100000000000001,3.94989013671875,
55.200000000000003,4.069976806640625,
55.299999999999997,4.1900558471679688,
55.399999999999999,4.345916748046875,
55.5,4.5068817138671875,
55.600000000000001,4.5886383056640625,
55.700000000000003,4.6985015869140625,
55.799999999999997,4.9080123901367188,
55.899999999999999,5.1532974243164062,
56,5.4036865234375,
56.100000000000001,5.6566314697265625,
56.200000000000003,5.8763580322265625,
56.299999999999997,6.1982879638671875,
56.399999999999999,6.5917587280273438,
56.5,7.0056686401367188,
56.600000000000001,7.3020477294921875,
56.700000000000003,7.5166702270507812,
56.799999999999997,7.784942626953125,
56.899999999999999,8.042999267578125,
57,8.2780609130859375,
57.100000000000001,8.244842529296875,
57.200000000000003,7.8564834594726562,
57.299999999999997,7.434906005859375,
57.399999999999999,7.0567703247070312,
57.5,6.6658554077148438,
57.600000000000001,6.3285903930664062,
57.700000000000003,6.0730972290039062,
57.799999999999997,5.9657821655273438,
57.899999999999999,5.945343017578125,
58,5.82525634765625,
58.100000000000001,5.7409439086914062,
58.200000000000003,5.7818222045898438,
58.299999999999997,5.8508071899414062,
58.399999999999999,5.8840255737304688,
58.5,5.7460556030273438,
58.600000000000001,5.4522323608398438,
58.700000000000003,5.12774658203125,
58.799999999999997,4.8211441040039062,
58.899999999999999,4.5426483154296875,
59,4.3024826049804688,
59.100000000000001,4.0827484130859375,
59.200000000000003,3.8553543090820312,
59.299999999999997,3.6688385009765625,
59.399999999999999,3.5564193725585938,
59.5,3.489990234375,
59.600000000000001,3.4516677856445312,
59.700000000000003,3.4210052490234375,
59.799999999999997,3.3826751708984375,
59.899999999999999,3.3469085693359375,
60,3.3188018798828125,6.7114095687866211
60.100000000000001,3.3060302734375,
60.200000000000003,3.2728118896484375,
60.299999999999997,3.2344894409179688,
60.399999999999999,3.242156982421875,
60.5,3.2574844360351562,
60.600000000000001,3.2677001953125,
60.700000000000003,3.2728118896484375,
60.799999999999997,3.2753677368164062,
60.899999999999999,3.2830352783203125,
61,3.2906951904296875,
61.100000000000001,3.295806884765625,
61.200000000000003,3.313690185546875,
61.299999999999997,3.3060302734375,
61.399999999999999,3.28814697265625,
61.5,3.3034744262695312,
61.600000000000001,3.3264694213867188,
61.700000000000003,3.3469085693359375,
61.799999999999997,3.3724594116210938,
61.899999999999999,3.3903427124023438,
62,3.4005661010742188,
62.100000000000001,3.4158935546875,
62.200000000000003,3.4363327026367188,
62.299999999999997,3.4465560913085938,
62.399999999999999,3.4235610961914062,
62.5,3.3954544067382812,
62.600000000000001,3.4082260131835938,
62.700000000000003,3.479766845703125,
62.799999999999997,3.645843505859375,
62.899999999999999,3.8630218505859375,
63,4.0904159545898438,
63.100000000000001,4.3663558959960938,
63.200000000000003,4.7087249755859375,
63.299999999999997,5.0868606567382812,
63.399999999999999,5.4241256713867188,
63.5,5.7230606079101562,
63.600000000000001,6.08331298828125,
63.700000000000003,6.4410171508789062,
63.799999999999997,6.7527236938476562,
63.899999999999999,7.0925369262695312,
64,7.4374618530273438,
64.099999999999994,7.7517318725585938,
64.200000000000003,8.0634384155273438,
64.299999999999997,8.3521499633789062,
64.400000000000006,8.5156707763671875,
64.5,8.5412216186523438,
64.599999999999994,8.4569091796875,
64.700000000000003,8.2192916870117188,
64.799999999999997,7.8667068481445312,
64.900000000000006,7.509002685546875,
65,7.1538619995117188,
65.099999999999994,6.80126953125,
65.200000000000003,6.4282379150390625,
65.299999999999997,6.0219955444335938,
65.400000000000006,5.6617355346679688,
65.5,5.3832473754882812,
65.599999999999994,5.1430740356445312,
65.700000000000003,4.9080123901367188,
65.799999999999997,4.675506591796875,
65.900000000000006,4.4532241821289062,
66,4.2590408325195312,
66.099999999999994,4.0801925659179688,
66.200000000000003,3.8681259155273438,
66.299999999999997,3.6790618896484375,
66.400000000000006,3.58197021484375,
66.5,3.5461959838867188,
66.599999999999994,3.5129852294921875,
66.700000000000003,3.489990234375,
66.799999999999997,3.4772109985351562,
66.900000000000006,3.43377685546875,
67,3.3750152587890625,
67.099999999999994,3.3290252685546875,
67.200000000000003,3.2855911254882812,
67.299999999999997,3.2549285888671875,
67.400000000000006,3.242156982421875,
67.5,3.2268218994140625,
67.599999999999994,3.2293777465820312,
67.700000000000003,3.2370452880859375,
67.799999999999997,3.2549285888671875,
67.900000000000006,3.2753677368164062,
68,3.2728118896484375,
68.099999999999994,3.2702560424804688,
68.200000000000003,3.2830352783203125,
68.299999999999997,3.2677001953125,
68.400000000000006,3.260040283203125,
68.5,3.2855911254882812,
68.599999999999994,3.3060302734375,
68.700000000000003,3.3264694213867188,
68.799999999999997,3.3443527221679688,
68.900000000000006,3.3673477172851562,
69,3.4005661010742188,
69.099999999999994,3.4542160034179688,
69.200000000000003,3.5436477661132812,
69.299999999999997,3.6254043579101562,
69.400000000000006,3.709716796875,
69.5,3.8553543090820312,
69.599999999999994,4.0418701171875,
69.700000000000003,4.2207183837890625,
69.799999999999997,4.4481124877929688,
69.900000000000006,4.8032608032226562,
70,5.227386474609375,7.7386069297790527
70.099999999999994,5.64129638671875,
70.200000000000003,6.0398788452148438,
70.299999999999997,6.323486328125,
70.400000000000006,6.571319580078125,
70.5,6.89324951171875,
70.599999999999994,7.1743011474609375,
70.700000000000003,7.3914718627929688,
70.799999999999997,7.70318603515625,
70.900000000000006,8.0276718139648438,
71,8.226959228515625,
71.099999999999994,8.3061599731445312,
71.200000000000003,8.3572616577148438,
71.299999999999997,8.3981475830078125,
71.400000000000006,8.4185867309570312,
71.5,8.36492919921875,
71.599999999999994,8.1298675537109375,
71.700000000000003,7.7645034790039062,
71.799999999999997,7.4068069458007812,
71.900000000000006,7.07720947265625,
72,6.7987136840820312,
72.099999999999994,6.5176620483398438,
72.200000000000003,6.2238388061523438,
72.299999999999997,5.89935302734375,
72.400000000000006,5.4547805786132812,
72.5,4.9999923706054688,
72.599999999999994,4.6371841430664062,
72.700000000000003,4.3382492065429688,
72.799999999999997,4.0904159545898438,
72.900000000000006,3.9115676879882812,
73,3.794036865234375,
73.099999999999994,3.6790618896484375,
73.200000000000003,3.5615310668945312,
73.299999999999997,3.4746627807617188,
73.400000000000006,3.4414443969726562,
73.5,3.444000244140625,
73.599999999999994,3.4414443969726562,
73.700000000000003,3.39801025390625,
73.799999999999997,3.334136962890625,
73.900000000000006,3.3009185791015625,
74,3.2804794311523438,
74.099999999999994,3.242156982421875,
74.200000000000003,3.1936111450195312,
74.299999999999997,3.1629486083984375,
74.400000000000006,3.168060302734375,
74.5,3.2166061401367188,
74.599999999999994,3.2472610473632812,
74.700000000000003,3.2677001953125,
74.799999999999997,3.3213577270507812,
74.900000000000006,3.3954544067382812,
75,3.461883544921875,
75.099999999999994,3.5308685302734375,
75.200000000000003,3.571746826171875,
75.299999999999997,3.5666427612304688,
75.400000000000006,3.553863525390625,
75.5,3.5487518310546875,
75.599999999999994,3.5487518310546875,
75.700000000000003,3.5513076782226562,
75.799999999999997,3.5461959838867188,
75.900000000000006,3.5410919189453125,
76,3.535980224609375,
76.099999999999994,3.5206527709960938,
76.200000000000003,3.5027618408203125,
76.299999999999997,3.4491119384765625,
76.400000000000006,3.3724594116210938,
76.5,3.334136962890625,
76.599999999999994,3.3290252685546875,
76.700000000000003,3.3443527221679688,
76.799999999999997,3.3545761108398438,
76.900000000000006,3.35968017578125,
77,3.3647918701171875,
77.099999999999994,3.369903564453125,
77.200000000000003,3.3826751708984375,
77.299999999999997,3.3852310180664062,
77.400000000000006,3.3545761108398438,
77.5,3.3264694213867188,
77.599999999999994,3.3290252685546875,
77.700000000000003,3.3469085693359375,
77.799999999999997,3.3673477172851562,
77.900000000000006,3.3903427124023438,
78,3.426116943359375,
78.099999999999994,3.4772109985351562,
78.200000000000003,3.5589752197265625,
78.299999999999997,3.6943893432617188,
78.400000000000006,3.94989013671875,
78.5,4.3050308227539062,
78.599999999999994,4.6346282958984375,
78.700000000000003,4.9923324584960938,
78.799999999999997,5.4292373657226562,
78.900000000000006,5.853363037109375,
79,6.2570571899414062,
79.099999999999994,6.63519287109375,
79.200000000000003,6.92901611328125,
79.299999999999997,7.1359710693359375,
79.400000000000006,7.307159423828125,
79.5,7.4246902465820312,
79.599999999999994,7.417022705078125,
79.700000000000003,7.3148269653320312,
79.799999999999997,7.1283111572265625,
79.900000000000006,6.8958053588867188,
80,6.7527236938476562,8.2361021041870117
80.099999999999994,6.6224212646484375,
80.200000000000003,6.3745803833007812,
80.299999999999997,6.1190872192382812,
80.400000000000006,5.8814697265625,
80.5,5.5697555541992188,
80.599999999999994,5.23760986328125,
80.700000000000003,4.933563232421875,
80.799999999999997,4.6448516845703125,
80.900000000000006,4.381683349609375,
81,4.1031875610351562,
81.099999999999994,3.8374710083007812,
81.200000000000003,3.65606689453125,
81.299999999999997,3.5436477661132812,
81.400000000000006,3.4669952392578125,
81.5,3.4133377075195312,
81.599999999999994,3.369903564453125,
81.700000000000003,3.3290252685546875,
81.799999999999997,3.3085861206054688,
81.900000000000006,3.3009185791015625,
82,3.24981689453125,
82.099999999999994,3.1961669921875,
82.200000000000003,3.1910552978515625,
82.299999999999997,3.203826904296875,
82.400000000000006,3.2191619873046875,
82.5,3.2242660522460938,
82.599999999999994,3.2293777465820312,
82.700000000000003,3.2344894409179688,
82.799999999999997,3.2447052001953125,
82.900000000000006,3.2651519775390625,
83,3.2549285888671875,
83.099999999999994,3.2242660522460938,
83.200000000000003,3.2242660522460938,
83.299999999999997,3.242156982421875,
83.400000000000006,3.2625961303710938,
83.5,3.2804794311523438,
83.599999999999994,3.2983627319335938,
83.700000000000003,3.313690185546875,
83.799999999999997,3.3264694213867188,
83.900000000000006,3.3469085693359375,
84,3.3622360229492188,
84.099999999999994,3.3366851806640625,
84.200000000000003,3.3085861206054688,
84.299999999999997,3.313690185546875,
84.400000000000006,3.3111419677734375,
84.5,3.3264694213867188,
84.599999999999994,3.3111419677734375,
84.700000000000003,3.2089385986328125,
84.799999999999997,3.1731719970703125,
84.900000000000006,3.21405029296875,
85,3.2804794311523438,
85.099999999999994,3.3903427124023438,
85.200000000000003,3.5564193725585938,
85.299999999999997,3.9192276000976562,
85.400000000000006,4.4966583251953125,
85.5,5.071533203125,
85.599999999999994,5.5723114013671875,
85.700000000000003,6.0424346923828125,
85.799999999999997,6.553436279296875,
85.900000000000006,6.9877853393554688,
86,7.2407302856445312,
86.099999999999994,7.4246902465820312,
86.200000000000003,7.4425735473632812,
86.299999999999997,7.289276123046875,
86.400000000000006,7.2713851928710938,
86.5,7.6418609619140625,
86.599999999999994,8.1324234008789062,
86.700000000000003,8.576995849609375,
86.799999999999997,9.1058807373046875,
86.900000000000006,9.4354705810546875,
87,9.5734405517578125,
87.099999999999994,9.7497406005859375,
87.200000000000003,9.9209213256835938,
87.299999999999997,9.9822463989257812,
87.400000000000006,10.069114685058594,
87.5,10.237747192382812,
87.599999999999994,10.301620483398438,
87.700000000000003,10.201972961425781,
87.799999999999997,9.9771347045898438,
87.900000000000006,9.6679763793945312,
88,9.3613815307617188,
88.099999999999994,8.9193649291992188,
88.200000000000003,8.301055908203125,
88.299999999999997,7.7466201782226562,
88.400000000000006,7.2586135864257812,
88.5,6.69140625,
88.599999999999994,6.0858688354492188,
88.700000000000003,5.6642913818359375,
88.799999999999997,5.357696533203125,
88.900000000000006,4.961669921875,
89,4.6065216064453125,
89.099999999999994,4.4123458862304688,
89.200000000000003,4.2053909301757812,
89.299999999999997,4.0086517333984375,
89.400000000000006,3.9064559936523438,
89.5,3.709716796875,
89.599999999999994,3.518096923828125,
89.700000000000003,3.4695510864257812,
89.799999999999997,3.4107818603515625,
89.900000000000006,3.3213577270507812,
90,3.2932510375976562,7.7989597320556641
90.099999999999994,3.3060302734375,
90.200000000000003,3.2932510375976562,
90.299999999999997,3.3188018798828125,
90.400000000000006,3.39801025390625,
90.5,3.4823226928710938,
90.599999999999994,3.5947418212890625,
90.700000000000003,3.748046875,
90.799999999999997,3.7838134765625,
90.900000000000006,3.6841659545898438,
91,3.6943893432617188,
91.099999999999994,3.8732376098632812,
91.200000000000003,3.9703292846679688,
91.299999999999997,3.8170318603515625,
91.400000000000006,3.6432876586914062,
91.5,3.50787353515625,
91.599999999999994,3.3111419677734375,
91.700000000000003,3.221710205078125,
91.799999999999997,3.1961669921875,
91.900000000000006,3.150177001953125,
92,3.1552810668945312,
92.099999999999994,3.1961669921875,
92.200000000000003,3.185943603515625,
92.299999999999997,2.9994277954101562,
92.400000000000006,2.7464828491210938,
92.5,2.5344161987304688,
92.599999999999994,2.3453521728515625,
92.700000000000003,2.3198013305664062,
92.799999999999997,2.3249053955078125,
92.900000000000006,2.266143798828125,
93,2.2865829467773438,
93.099999999999994,2.36834716796875,
93.200000000000003,2.51397705078125,
93.299999999999997,2.7311553955078125,
93.400000000000006,3.0633010864257812,
93.5,3.5308685302734375,
93.599999999999994,3.9754409790039062,
93.700000000000003,4.24371337890625,
93.799999999999997,4.4072341918945312,
93.900000000000006,4.5784225463867188,
94,4.7853775024414062,
94.099999999999994,5.0510940551757812,
94.200000000000003,5.0740890502929688,
94.299999999999997,4.7853775024414062,
94.400000000000006,4.3050308227539062,
94.5,3.9064559936523438,
94.599999999999994,3.8527984619140625,
94.700000000000003,3.7250518798828125,
94.799999999999997,3.4465560913085938,
94.900000000000006,3.3213577270507812,
95,3.3928985595703125,
95.099999999999994,3.4848785400390625,
95.200000000000003,3.4414443969726562,
95.299999999999997,3.2728118896484375,
95.400000000000006,3.0990753173828125,
95.5,3.0607452392578125,
95.599999999999994,3.0173110961914062,
95.700000000000003,2.8589019775390625,
95.799999999999997,2.6877212524414062,
95.900000000000006,2.5446395874023438,
96,2.4245529174804688,
96.099999999999994,2.358123779296875,
96.200000000000003,2.3249053955078125,
96.299999999999997,2.2993621826171875,
96.400000000000006,2.301910400390625,
96.5,2.3095779418945312,
96.599999999999994,2.3070220947265625,
96.700000000000003,2.3172454833984375,
96.799999999999997,2.347900390625,
96.900000000000006,2.3708953857421875,
97,2.3734512329101562,
97.099999999999994,2.3504562377929688,
97.200000000000003,2.3325729370117188,
97.299999999999997,2.3913421630859375,
97.400000000000006,2.414337158203125,
97.5,2.3376846313476562,
97.599999999999994,2.2738113403320312,
97.700000000000003,2.2891387939453125,
97.799999999999997,2.3708953857421875,
97.900000000000006,2.414337158203125,
98,2.414337158203125,
98.099999999999994,2.4373321533203125,
98.200000000000003,2.4884262084960938,
98.299999999999997,2.5395278930664062,
98.400000000000006,2.5855178833007812,
98.5,2.6545028686523438,
98.599999999999994,2.9355545043945312,
98.700000000000003,3.3571319580078125,
98.799999999999997,3.645843505859375,
98.900000000000006,3.7608184814453125,
99,3.8604660034179688,
99.099999999999994,4.0801925659179688,
99.200000000000003,4.2641525268554688,
99.299999999999997,4.4506683349609375,
99.400000000000006,4.7087249755859375,
99.5,4.9463424682617188,
99.599999999999994,5.2887115478515625,
99.700000000000003,5.7486114501953125,
99.799999999999997,6.1011962890625,
99.900000000000006,6.239166259765625,
100,6.2749404907226562,7.4165635108947754
100.09999999999999,6.3107070922851562,
100.2,6.1982879638671875,
100.3,6.037322998046875,
100.40000000000001,6.1063079833984375,
100.5,6.37713623046875,
100.59999999999999,6.5738754272460938,
100.7,6.3950271606445312,
100.8,5.8559188842773438,
100.90000000000001,5.1584014892578125,
101,4.6499557495117188,
101.09999999999999,4.3254776000976562,
101.2,3.84002685546875,
101.3,3.4644393920898438,
101.40000000000001,3.3366851806640625,
101.5,3.1910552978515625,
101.59999999999999,3.1527252197265625,
101.7,3.2447052001953125,
101.8,3.387786865234375,
101.90000000000001,3.4669952392578125,
102,3.3647918701171875,
102.09999999999999,3.1706161499023438,
102.2,3.0249786376953125,
102.3,2.9611053466796875,
102.40000000000001,2.8716812133789062,
102.5,2.7797012329101562,
102.59999999999999,2.6851654052734375,
102.7,2.6545028686523438,
102.8,2.743927001953125,
102.90000000000001,2.835906982421875,
103,2.9023361206054688,
103.09999999999999,3.0249786376953125,
103.2,3.0684127807617188,
103.3,3.242156982421875,
103.40000000000001,3.6943893432617188,
103.5,3.903900146484375,
103.59999999999999,3.9166717529296875,
103.7,4.161956787109375,
103.8,4.5400924682617188,
103.90000000000001,4.8952407836914062,
104,5.3270339965820312,
104.09999999999999,5.5697555541992188,
104.2,5.4982223510742188,
104.3,5.7230606079101562,
104.40000000000001,6.41546630859375,
104.5,7.3173751831054688,
104.59999999999999,8.2039642333984375,
104.7,8.9142532348632812,
104.8,9.6398773193359375,
104.90000000000001,10.49835205078125,
105,11.282737731933594,
105.09999999999999,11.558677673339844,
105.2,11.045120239257812,
105.3,10.201972961425781,
105.40000000000001,9.32049560546875,
105.5,8.014892578125,
105.59999999999999,6.5636520385742188,
105.7,5.6719589233398438,
105.8,5.2529373168945312,
105.90000000000001,5.0153274536132812,
106,4.915679931640625,
106.09999999999999,4.8185882568359375,
106.2,4.6933975219726562,
106.3,4.6090774536132812,
106.40000000000001,4.5554275512695312,
106.5,4.4941024780273438,
106.59999999999999,4.4992141723632812,
106.7,4.6985015869140625,
106.8,4.9386749267578125,
106.90000000000001,5.1200790405273438,
107,5.2861557006835938,
107.09999999999999,5.3168106079101562,
107.2,5.2529373168945312,
107.3,5.2043914794921875,
107.40000000000001,5.12774658203125,
107.5,5.0332107543945312,
107.59999999999999,5.0051040649414062,
107.7,5.0102157592773438,
107.8,5.007659912109375,
107.90000000000001,5.007659912109375,
108,4.9974365234375,
108.09999999999999,4.9948806762695312,
108.2,5.0127716064453125,
108.3,5.0280990600585938,
108.40000000000001,4.989776611328125,
108.5,4.933563232421875,
108.59999999999999,4.9233474731445312,
108.7,4.9233474731445312,
108.8,4.933563232421875,
108.90000000000001,4.9667816162109375,
109,4.9974365234375,
109.09999999999999,4.9565582275390625,
109.2,4.8543624877929688,
109.3,4.70361328125,
109.40000000000001,4.5145416259765625,
109.5,4.3689117431640625,
109.59999999999999,4.2948150634765625,
109.7,4.2615966796875,
109.8,4.2615966796875,
109.90000000000001,4.271820068359375,
110,4.2641525268554688,3.4324941635131836
110.09999999999999,4.2564926147460938,
110.2,4.2794876098632812,
110.3,4.307586669921875,
110.40000000000001,4.2999267578125,
110.5,4.3229217529296875,
110.59999999999999,4.3944625854492188,
110.7,4.4992141723632812,
110.8,4.639739990234375,
110.90000000000001,4.7470474243164062,
111,4.8109207153320312,
111.09999999999999,4.8211441040039062,
111.2,4.8160324096679688,
111.3,4.8032608032226562,
111.40000000000001,4.767486572265625,
111.5,4.8007049560546875,
111.59999999999999,5.0051040649414062,
111.7,5.2989273071289062,
111.8,5.6234130859375,
111.90000000000001,6.037322998046875,
112,6.479339599609375,
112.09999999999999,6.883026123046875,
112.2,7.2586135864257812,
112.3,7.6035385131835938,
112.40000000000001,7.92291259765625,
112.5,8.2806167602539062,
112.59999999999999,8.7124099731445312,
112.7,9.1416473388671875,
112.8,9.376708984375,
112.90000000000001,9.2055206298828125,
113,8.704742431640625,
113.09999999999999,8.2065200805664062,
113.2,7.7185134887695312,
113.3,7.1896286010742188,
113.40000000000001,6.699066162109375,
113.5,6.2596054077148438,
113.59999999999999,5.9657821655273438,
113.7,5.6591873168945312,
113.8,5.3602523803710938,
113.90000000000001,5.071533203125,
114,4.841583251953125,
114.09999999999999,4.7393875122070312,
114.2,4.7470474243164062,
114.3,4.7393875122070312,
114.40000000000001,4.675506591796875,
114.5,4.6167449951171875,
114.59999999999999,4.5681991577148438,
114.7,4.5452041625976562,
114.8,4.4864425659179688,
114.90000000000001,4.3944625854492188,
115,4.3765716552734375,
115.09999999999999,4.3893508911132812,
115.2,4.3944625854492188,
115.3,4.3867950439453125,
115.40000000000001,4.381683349609375,
115.5,4.3867950439453125,
115.59999999999999,4.3842391967773438,
115.7,4.3867950439453125,
115.8,4.3970108032226562,
115.90000000000001,4.39190673828125,
116,4.3382492065429688,
116.09999999999999,4.2871475219726562,
116.2,4.2692642211914062,
116.3,4.2743759155273438,
116.40000000000001,4.2999267578125,
116.5,4.3152542114257812,
116.59999999999999,4.3203659057617188,
116.7,4.3382492065429688,
116.8,4.3484725952148438,
116.90000000000001,4.3510208129882812,
117,4.3663558959960938,
117.09999999999999,4.363800048828125,
117.2,4.31781005859375,
117.3,4.271820068359375,
117.40000000000001,4.2845916748046875,
117.5,4.3152542114257812,
117.59999999999999,4.31781005859375,
117.7,4.2948150634765625,
117.8,4.2794876098632812,
117.90000000000001,4.2845916748046875,
118,4.3050308227539062,
118.09999999999999,4.3305816650390625,
118.2,4.35357666015625,
118.3,4.3433609008789062,
118.40000000000001,4.307586669921875,
118.5,4.289703369140625,
118.59999999999999,4.289703369140625,
118.7,4.3484725952148438,
118.8,4.4302291870117188,
118.90000000000001,4.4327850341796875,
119,4.4149017333984375,
119.09999999999999,4.4327850341796875,
119.2,4.4353408813476562,
119.3,4.4302291870117188,
119.40000000000001,4.399566650390625,
119.5,4.345916748046875,
119.59999999999999,4.3229217529296875,
119.7,4.3203659057617188,
119.8,4.3382492065429688,
119.90000000000001,4.345916748046875,
120,4.3331375122070312,7.7519383430480957
120.09999999999999,4.3382492065429688,
120.2,4.3433609008789062,
120.3,4.31781005859375,
120.40000000000001,4.307586669921875,
120.5,4.2871475219726562,
120.59999999999999,4.2386016845703125,
120.7,4.2130508422851562,
120.8,4.2207183837890625,
120.90000000000001,4.2488250732421875,
121,4.2590408325195312,
121.09999999999999,4.271820068359375,
121.2,4.3484725952148438,
121.3,4.4174575805664062,
121.40000000000001,4.4353408813476562,
121.5,4.4404525756835938,
121.59999999999999,4.4327850341796875,
121.7,4.4225616455078125,
121.8,4.4225616455078125,
121.90000000000001,4.5222091674804688,
122,4.8339157104492188,
122.09999999999999,5.2887115478515625,
122.2,5.7588272094726562,
122.3,6.1497421264648438,
122.40000000000001,6.5457687377929688,
122.5,7.0976486206054688,
122.59999999999999,7.7747268676757812,
122.7,8.40069580078125,
122.8,8.7635116577148438,
122.90000000000001,8.9781265258789062,
123,9.46868896484375,
123.09999999999999,10.0767822265625,
123.2,10.500907897949219,
123.3,10.79217529296875,
123.40000000000001,11.093666076660156,
123.5,10.7742919921875,
123.59999999999999,9.900482177734375,
123.7,9.5657806396484375,
123.8,9.7650680541992188,
123.90000000000001,10.010345458984375,
124,9.8979263305664062,
124.09999999999999,9.6219863891601562,
124.2,9.5836639404296875,
124.3,9.634765625,
124.40000000000001,9.5300064086914062,
124.5,9.3153915405273438,
124.59999999999999,9.1544265747070312,
124.7,8.9832382202148438,
124.8,8.7149658203125,
124.90000000000001,8.3828125,
125,7.9586868286132812,
125.09999999999999,7.4246902465820312,
125.2,6.883026123046875,
125.3,6.3848037719726562,
125.40000000000001,5.8508071899414062,
125.5,5.3628005981445312,
125.59999999999999,5.0919723510742188,
125.7,4.9463424682617188,
125.8,4.767486572265625,
125.90000000000001,4.6295166015625,
126,4.5503158569335938,
126.09999999999999,4.4532241821289062,
126.2,4.3740158081054688,
126.3,4.363800048828125,
126.40000000000001,4.4634475708007812,
126.5,4.657623291015625,
126.59999999999999,4.6959457397460938,
126.7,4.5860824584960938,
126.8,4.5324325561523438,
126.90000000000001,4.4966583251953125,
127,4.4327850341796875,
127.09999999999999,4.3765716552734375,
127.2,4.307586669921875,
127.3,4.2309417724609375,
127.40000000000001,4.1670608520507812,
127.5,4.1185226440429688,
127.59999999999999,4.1108551025390625,
127.7,4.1108551025390625,
127.8,4.1082992553710938,
127.90000000000001,4.1108551025390625,
128,4.1031875610351562,
128.09999999999999,4.0929718017578125,
128.19999999999999,4.07763671875,
128.30000000000001,4.0393142700195312,
128.40000000000001,3.9805526733398438,
128.5,3.9703292846679688,
128.59999999999999,4.0290908813476562,
128.69999999999999,4.087860107421875,
128.80000000000001,4.1006317138671875,
128.90000000000001,4.0827484130859375,
129,4.0750808715820312,
129.09999999999999,4.0801925659179688,
129.19999999999999,4.0801925659179688,
129.30000000000001,4.13385009765625,
129.40000000000001,4.2334976196289062,
129.5,4.2667083740234375,
129.59999999999999,4.1951675415039062,
129.69999999999999,4.1721725463867188,
129.80000000000001,4.2462692260742188,
129.90000000000001,4.3050308227539062,
130,4.253936767578125,6.5502181053161621
130.09999999999999,4.2002792358398438,
130.19999999999999,4.2105026245117188,
130.30000000000001,4.2130508422851562,
130.40000000000001,4.2309417724609375,
130.5,4.2105026245117188,
130.59999999999999,4.179840087890625,
130.69999999999999,4.565643310546875,
130.80000000000001,5.4164581298828125,
130.90000000000001,6.2110671997070312,
131,6.8676986694335938,
131.09999999999999,7.5064468383789062,
131.19999999999999,7.9995651245117188,
131.30000000000001,8.3674850463867188,
131.40000000000001,8.9730224609375,
131.5,9.8596038818359375,
131.59999999999999,10.613327026367188,
131.69999999999999,11.101333618164062,
131.80000000000001,11.402824401855469,
131.90000000000001,11.482025146484375,
132,11.23419189453125,
132.09999999999999,10.718086242675781,
132.19999999999999,10.102325439453125,
132.30000000000001,9.5070114135742188,
132.40000000000001,8.9244766235351562,
132.5,8.3291549682617188,
132.59999999999999,7.7977218627929688,
132.69999999999999,7.3454818725585938,
132.80000000000001,7.00311279296875,
132.90000000000001,6.8217086791992188,
133,6.5585403442382812,
133.09999999999999,6.0577621459960938,
133.19999999999999,5.5212173461914062,
133.30000000000001,5.1609573364257812,
133.40000000000001,4.9744415283203125,
133.5,4.851806640625,
133.59999999999999,4.70361328125,
133.69999999999999,4.5733108520507812,
133.80000000000001,4.4864425659179688,
133.90000000000001,4.4149017333984375,
134,4.31781005859375,
134.09999999999999,4.2105026245117188,
134.19999999999999,4.1721725463867188,
134.30000000000001,4.1951675415039062,
134.40000000000001,4.2181625366210938,
134.5,4.2283859252929688,
134.59999999999999,4.2411575317382812,
134.69999999999999,4.2130508422851562,
134.80000000000001,4.179840087890625,
134.90000000000001,4.2130508422851562,
135,4.2386016845703125,
135.09999999999999,4.1772842407226562,
135.19999999999999,4.115966796875,
135.30000000000001,4.1031875610351562,
135.40000000000001,4.1082992553710938,
135.5,4.1287384033203125,
135.59999999999999,4.1517333984375,
135.69999999999999,4.16961669921875,
135.80000000000001,4.1951675415039062,
135.90000000000001,4.215606689453125,
136,4.2232742309570312,
136.09999999999999,4.20794677734375,
136.19999999999999,4.1645126342773438,
136.30000000000001,4.1312942504882812,
136.40000000000001,4.1210708618164062,
136.5,4.1312942504882812,
136.59999999999999,4.1440658569335938,
136.69999999999999,4.1440658569335938,
136.80000000000001,4.16961669921875,
136.90000000000001,4.215606689453125,
137,4.2513809204101562,
137.09999999999999,4.2692642211914062,
137.19999999999999,4.2641525268554688,
137.30000000000001,4.2411575317382812,
137.40000000000001,4.2207183837890625,
137.5,4.2181625366210938,
137.59999999999999,4.2232742309570312,
137.69999999999999,4.2207183837890625,
137.80000000000001,4.2181625366210938,
137.90000000000001,4.2232742309570312,
138,4.2462692260742188,
138.09999999999999,4.271820068359375,
138.19999999999999,4.2692642211914062,
138.30000000000001,4.2462692260742188,
138.40000000000001,4.2283859252929688,
138.5,4.225830078125,
138.59999999999999,4.225830078125,
138.69999999999999,4.2360458374023438,
138.80000000000001,4.2513809204101562,
138.90000000000001,4.2615966796875,
139,4.2641525268554688,
139.09999999999999,4.2743759155273438,
139.19999999999999,4.2948150634765625,
139.30000000000001,4.271820068359375,
139.40000000000001,4.2232742309570312,
139.5,4.2105026245117188,
139.59999999999999,4.225830078125,
139.69999999999999,4.2411575317382812,
139.80000000000001,4.2462692260742188,
139.90000000000001,4.253936767578125,
140,4.2615966796875,6.3091483116149902
140.09999999999999,4.271820068359375,
140.19999999999999,4.2794876098632812,
140.30000000000001,4.2513809204101562,
140.40000000000001,4.2105026245117188,
140.5,4.2053909301757812,
140.59999999999999,4.2207183837890625,
140.69999999999999,4.2309417724609375,
140.80000000000001,4.2309417724609375,
140.90000000000001,4.2309417724609375,
141,4.2462692260742188,
141.09999999999999,4.2667083740234375,
141.19999999999999,4.271820068359375,
141.30000000000001,4.2462692260742188,
141.40000000000001,4.2232742309570312,
141.5,4.2283859252929688,
141.59999999999999,4.24371337890625,
141.69999999999999,4.2615966796875,
141.80000000000001,4.2667083740234375,
141.90000000000001,4.2667083740234375,
142,4.271820068359375,
142.09999999999999,4.2871475219726562,
142.19999999999999,4.3050308227539062,
142.30000000000001,4.2820358276367188,
142.40000000000001,4.2488250732421875,
142.5,4.24371337890625,
142.59999999999999,4.2462692260742188,
142.69999999999999,4.253936767578125,
142.80000000000001,4.2590408325195312,
142.90000000000001,4.271820068359375,
143,4.3050308227539062,
143.09999999999999,4.3740158081054688,
143.19999999999999,4.767486572265625,
143.30000000000001,5.4471206665039062,
143.40000000000001,6.1420822143554688,
143.5,6.8753662109375,
143.59999999999999,7.6342010498046875,
143.69999999999999,8.354705810546875,
143.80000000000001,9.0803298950195312,
143.90000000000001,9.76251220703125,
144,10.316947937011719,
144.09999999999999,10.797286987304688,
144.19999999999999,11.177986145019531,
144.30000000000001,11.420707702636719,
144.40000000000001,11.691535949707031,
144.5,12.090118408203125,
144.59999999999999,12.542350769042969,
144.69999999999999,12.884719848632812,
144.80000000000001,12.969039916992188,
144.90000000000001,12.667549133300781,
145,12.039016723632812,
145.09999999999999,11.277626037597656,
145.19999999999999,10.5162353515625,
145.30000000000001,9.808502197265625,
145.40000000000001,9.10076904296875,
145.5,8.4977874755859375,
145.59999999999999,7.9484634399414062,
145.69999999999999,7.3965835571289062,
145.80000000000001,6.8753662109375,
145.90000000000001,6.2698287963867188,
146,5.7026214599609375,
146.09999999999999,5.2452774047851562,
146.19999999999999,4.8288116455078125,
146.30000000000001,4.5119857788085938,
146.40000000000001,4.3050308227539062,
146.5,4.1772842407226562,
146.59999999999999,4.1108551025390625,
146.69999999999999,4.069976806640625,
146.80000000000001,4.0188751220703125,
146.90000000000001,3.9320068359375,
147,3.8553543090820312,
147.09999999999999,3.84002685546875,
147.19999999999999,3.8527984619140625,
147.30000000000001,3.8604660034179688,
147.40000000000001,3.8681259155273438,
147.5,3.886016845703125,
147.59999999999999,3.8987884521484375,
147.69999999999999,3.9013442993164062,
147.80000000000001,3.9141159057617188,
147.90000000000001,3.9371109008789062,
148,3.9192276000976562,
148.09999999999999,3.886016845703125,
148.19999999999999,3.8834609985351562,
148.30000000000001,3.8962326049804688,
148.40000000000001,3.9115676879882812,
148.5,3.9243392944335938,
148.59999999999999,3.9345626831054688,
148.69999999999999,3.9447784423828125,
148.80000000000001,3.9575576782226562,
148.90000000000001,3.9728851318359375,
149,3.98565673828125,
149.09999999999999,3.9703292846679688,
149.19999999999999,3.939666748046875,
149.30000000000001,3.9422225952148438,
149.40000000000001,3.9677734375,
149.5,3.9933242797851562,
149.59999999999999,4.0163192749023438,
149.69999999999999,4.0418701171875,
149.80000000000001,4.0674209594726562,
149.90000000000001,4.087860107421875,
150,4.105743408203125,5.6285181045532227
150.09999999999999,4.1364059448242188,
150.19999999999999,4.123626708984375,
150.30000000000001,4.0929718017578125,
150.40000000000001,4.13385009765625,
150.5,4.1823959350585938,
150.59999999999999,4.2283859252929688,
150.69999999999999,4.2692642211914062,
150.80000000000001,4.2488250732421875,
150.90000000000001,4.2309417724609375,
151,4.2360458374023438,
151.09999999999999,4.2386016845703125,
151.19999999999999,4.2283859252929688,
151.30000000000001,4.1721725463867188,
151.40000000000001,4.1134109497070312,
151.5,4.0955276489257812,
151.59999999999999,4.1006317138671875,
151.69999999999999,4.1082992553710938,
151.80000000000001,4.1134109497070312,
151.90000000000001,4.115966796875,
152,4.1261825561523438,
152.09999999999999,4.1415176391601562,
152.19999999999999,4.1491775512695312,
152.30000000000001,4.1185226440429688,
152.40000000000001,4.0801925659179688,
152.5,4.07763671875,
152.59999999999999,4.087860107421875,
152.69999999999999,4.1006317138671875,
152.80000000000001,4.1210708618164062,
152.90000000000001,4.1415176391601562,
153,4.1568450927734375,
153.09999999999999,4.1721725463867188,
153.19999999999999,4.1645126342773438,
153.30000000000001,4.1210708618164062,
153.40000000000001,4.087860107421875,
153.5,4.087860107421875,
153.59999999999999,4.0955276489257812,
153.69999999999999,4.105743408203125,
153.80000000000001,4.1108551025390625,
153.90000000000001,4.1185226440429688,
154,4.1261825561523438,
154.09999999999999,4.1440658569335938,
154.19999999999999,4.1364059448242188,
154.30000000000001,4.0955276489257812,
154.40000000000001,4.07763671875,
154.5,4.0853042602539062,
154.59999999999999,4.0929718017578125,
154.69999999999999,4.1006317138671875,
154.80000000000001,4.105743408203125,
154.90000000000001,4.1082992553710938,
155,4.1185226440429688,
155.09999999999999,4.13385009765625,
155.19999999999999,4.1185226440429688,
155.30000000000001,4.0801925659179688,
155.40000000000001,4.069976806640625,
155.5,4.0801925659179688,
155.59999999999999,4.0929718017578125,
155.69999999999999,4.1006317138671875,
155.80000000000001,4.1082992553710938,
155.90000000000001,4.1185226440429688,
156,4.1364059448242188,
156.09999999999999,4.1491775512695312,
156.19999999999999,4.115966796875,
156.30000000000001,4.0827484130859375,
156.40000000000001,4.0853042602539062,
156.5,4.0955276489257812,
156.59999999999999,4.105743408203125,
156.69999999999999,4.1134109497070312,
156.80000000000001,4.1210708618164062,
156.90000000000001,4.1287384033203125,
157,4.1542892456054688,
157.09999999999999,4.1542892456054688,
157.19999999999999,4.115966796875,
157.30000000000001,4.0904159545898438,
157.40000000000001,4.0929718017578125,
157.5,4.105743408203125,
157.59999999999999,4.1185226440429688,
157.69999999999999,4.1312942504882812,
157.80000000000001,4.16961669921875,
157.90000000000001,4.2334976196289062,
158,4.3152542114257812,
158.09999999999999,4.4097900390625,
158.19999999999999,4.547760009765625,
158.30000000000001,4.7879257202148438,
158.40000000000001,5.099639892578125,
158.5,5.4547805786132812,
158.59999999999999,5.82525634765625,
158.69999999999999,6.2110671997070312,
158.80000000000001,6.6198654174804688,
158.90000000000001,7.0184402465820312,
159,7.4042510986328125,
159.09999999999999,7.7466201782226562,
159.19999999999999,8.0659942626953125,
159.30000000000001,8.4262466430664062,
159.40000000000001,8.80694580078125,
159.5,9.1850814819335938,
159.59999999999999,9.5351181030273438,
159.69999999999999,9.7880630493164062,
159.80000000000001,9.98480224609375,
159.90000000000001,10.161094665527344,
160,10.301620483398438,4.2735042572021484
160.09999999999999,10.472801208496094,
160.19999999999999,10.710418701171875,
160.30000000000001,10.958251953125,
160.40000000000001,11.162651062011719,
160.5,11.2904052734375,
160.59999999999999,11.361946105957031,
160.69999999999999,11.38238525390625,
160.80000000000001,11.341506958007812,
160.90000000000001,11.285293579101562,
161,11.1805419921875,
161.09999999999999,11.042572021484375,
161.19999999999999,11.078338623046875,
161.30000000000001,11.300621032714844,
161.40000000000001,11.45648193359375,
161.5,11.464141845703125,
161.59999999999999,11.364501953125,
161.69999999999999,11.249526977539062,
161.80000000000001,11.170318603515625,
161.90000000000001,11.103889465332031,
162,11.101333618164062,
162.09999999999999,11.08856201171875,
162.19999999999999,11.0323486328125,
162.30000000000001,10.983802795410156,
162.40000000000001,10.912261962890625,
162.5,10.794731140136719,
162.59999999999999,10.659317016601562,
162.69999999999999,10.526458740234375,
162.80000000000001,10.339942932128906,
162.90000000000001,10.173866271972656,
163,10.089553833007812,
163.09999999999999,9.9592514038085938,
163.19999999999999,9.808502197265625,
163.30000000000001,9.734405517578125,
163.40000000000001,9.6756439208984375,
163.5,9.5938873291015625,
163.59999999999999,9.5019073486328125,
163.69999999999999,9.4073715209960938,
163.80000000000001,9.3383865356445312,
163.90000000000001,9.2642898559570312,
164,9.1876373291015625,
164.09999999999999,9.146759033203125,
164.19999999999999,9.0982131958007812,
164.30000000000001,9.0420074462890625,
164.40000000000001,8.9934616088867188,
164.5,8.9423599243164062,
164.59999999999999,8.9576873779296875,
164.69999999999999,8.9832382202148438,
164.80000000000001,8.9321365356445312,
164.90000000000001,8.888702392578125,
165,8.88104248046875,
165.09999999999999,8.8043899536132812,
165.19999999999999,8.7149658203125,
165.30000000000001,8.6919708251953125,
165.40000000000001,8.6434249877929688,
165.5,8.5565567016601562,
165.59999999999999,8.4645767211914062,
165.69999999999999,8.3598175048828125,
165.80000000000001,8.2346267700195312,
165.90000000000001,8.1119842529296875,
166,8.0046768188476562,
166.09999999999999,7.8845901489257812,
166.19999999999999,7.7415084838867188,
166.30000000000001,7.5984268188476562,
166.40000000000001,7.4630126953125,
166.5,7.3122711181640625,
166.59999999999999,7.1487503051757812,
166.69999999999999,6.9775619506835938,
166.80000000000001,6.773162841796875,
166.90000000000001,6.5636520385742188,
167,6.34136962890625,
167.09999999999999,6.0986404418945312,
167.19999999999999,5.86358642578125,
167.30000000000001,5.64129638671875,
167.40000000000001,5.3909072875976562,
167.5,5.0843124389648438,
167.59999999999999,4.7853775024414062,
167.69999999999999,4.5554275512695312,
167.80000000000001,4.3944625854492188,
167.90000000000001,4.271820068359375,
168,4.1721725463867188,
168.09999999999999,4.1006317138671875,
168.19999999999999,4.05975341796875,
168.30000000000001,4.0188751220703125,
168.40000000000001,3.98565673828125,
168.5,3.9754409790039062,
168.59999999999999,3.939666748046875,
168.69999999999999,3.8706817626953125,
168.80000000000001,3.829803466796875,
168.90000000000001,3.8144760131835938,
169,3.8144760131835938,
169.09999999999999,3.8170318603515625,
169.19999999999999,3.8170318603515625,
169.30000000000001,3.8144760131835938,
169.40000000000001,3.8170318603515625,
169.5,3.829803466796875,
169.59999999999999,3.8246917724609375,
169.69999999999999,3.7889251708984375,
169.80000000000001,3.755706787109375,
169.90000000000001,3.7531509399414062,
170,3.7684860229492188,3.6014406681060791
170.09999999999999,3.7838134765625,
170.19999999999999,3.794036865234375,
170.30000000000001,3.811920166015625,
170.40000000000001,3.847686767578125,
170.5,3.9013442993164062,
170.59999999999999,3.9601058959960938,
170.69999999999999,3.9933242797851562,
170.80000000000001,4.0725326538085938,
170.90000000000001,4.3765716552734375,
171,4.8134765625,
171.09999999999999,5.181396484375,
171.19999999999999,5.4777755737304688,
171.30000000000001,5.6361923217773438,
171.40000000000001,5.577423095703125,
171.5,5.357696533203125,
171.59999999999999,5.0740890502929688,
171.69999999999999,4.7521591186523438,
171.80000000000001,4.4711074829101562,
171.90000000000001,4.3203659057617188,
172,4.2692642211914062,
172.09999999999999,4.2615966796875,
172.19999999999999,4.2615966796875,
172.30000000000001,4.2999267578125,
172.40000000000001,4.39190673828125,
172.5,4.4506683349609375,
172.59999999999999,4.4200057983398438,
172.69999999999999,4.363800048828125,
172.80000000000001,4.363800048828125,
172.90000000000001,4.3944625854492188,
173,4.4123458862304688,
173.09999999999999,4.3970108032226562,
173.19999999999999,4.363800048828125,
173.30000000000001,4.335693359375,
173.40000000000001,4.2615966796875,
173.5,4.1568450927734375,
173.59999999999999,4.0929718017578125,
173.69999999999999,4.0674209594726562,
173.80000000000001,4.069976806640625,
173.90000000000001,4.07763671875,
174,4.07763671875,
174.09999999999999,4.0725326538085938,
174.19999999999999,4.0469818115234375,
174.30000000000001,4.0163192749023438,
174.40000000000001,4.0188751220703125,
174.5,4.0393142700195312,
174.59999999999999,4.0725326538085938,
174.69999999999999,4.1875076293945312,
174.80000000000001,4.399566650390625,
174.90000000000001,4.6065216064453125,
175,4.9540023803710938,
175.09999999999999,5.3679122924804688,
175.19999999999999,5.7869338989257812,
175.30000000000001,6.3924713134765625,
175.40000000000001,6.9034652709960938,
175.5,7.1334152221679688,
175.59999999999999,7.4527969360351562,
175.69999999999999,8.0072250366210938,
175.80000000000001,8.3879241943359375,
175.90000000000001,8.5003433227539062,
176,8.743072509765625,
176.09999999999999,9.02667236328125,
176.19999999999999,9.0956573486328125,
176.30000000000001,8.9551315307617188,
176.40000000000001,8.6204299926757812,
176.5,8.2703933715820312,
176.59999999999999,7.9484634399414062,
176.69999999999999,7.7082901000976562,
176.80000000000001,7.5243301391601562,
176.90000000000001,7.3097152709960938,
177,7.059326171875,
177.09999999999999,6.8498153686523438,
177.19999999999999,6.7399520874023438,
177.30000000000001,6.6045303344726562,
177.40000000000001,6.4384613037109375,
177.5,6.2187271118164062,
177.59999999999999,5.9913330078125,
177.69999999999999,5.9325714111328125,
177.80000000000001,5.8942413330078125,
177.90000000000001,5.8099288940429688,
178,5.6642913818359375,
178.09999999999999,5.411346435546875,
178.19999999999999,5.1660690307617188,
178.30000000000001,4.9872207641601562,
178.40000000000001,4.8569107055664062,
178.5,4.7163925170898438,
178.59999999999999,4.5605316162109375,
178.69999999999999,4.4353408813476562,
178.80000000000001,4.3689117431640625,
178.90000000000001,4.363800048828125,
179,4.3791275024414062,
179.09999999999999,4.381683349609375,
179.19999999999999,4.3970108032226562,
179.30000000000001,4.4634475708007812,
179.40000000000001,4.6014175415039062,
179.5,4.70361328125,
179.59999999999999,4.7368316650390625,
179.69999999999999,4.7419357299804688,
179.80000000000001,4.6550674438476562,
179.90000000000001,4.583526611328125,
180,4.6014175415039062,4.0760869979858398
180.09999999999999,4.6422958374023438,
180.19999999999999,4.675506591796875,
180.30000000000001,4.749603271484375,
180.40000000000001,4.8850173950195312,
180.5,5.0306549072265625,
180.59999999999999,5.2248306274414062,
180.69999999999999,5.4701156616210938,
180.80000000000001,5.6923980712890625,
180.90000000000001,5.8303680419921875,
181,5.8789138793945312,
181.09999999999999,5.8584747314453125,
181.19999999999999,5.7818222045898438,
181.30000000000001,5.7026214599609375,
181.40000000000001,5.633636474609375,
181.5,5.54931640625,
181.59999999999999,5.4726715087890625,
181.69999999999999,5.4087905883789062,
181.80000000000001,5.3730239868164062,
181.90000000000001,5.3525848388671875,
182,5.2861557006835938,
182.09999999999999,5.1967315673828125,
182.19999999999999,5.1456298828125,
182.30000000000001,5.1532974243164062,
182.40000000000001,5.181396484375,
182.5,5.1865081787109375,
182.59999999999999,5.1967315673828125,
182.69999999999999,5.1762924194335938,
182.80000000000001,5.117523193359375,
182.90000000000001,5.099639892578125,
183,5.1200790405273438,
183.09999999999999,5.0587615966796875,
183.19999999999999,4.933563232421875,
183.30000000000001,4.8313674926757812,
183.40000000000001,4.731719970703125,
183.5,4.6933975219726562,
183.59999999999999,4.7828216552734375,
183.69999999999999,4.9284515380859375,
183.80000000000001,5.135406494140625,
183.90000000000001,5.4317855834960938,
184,5.7051773071289062,
184.09999999999999,5.9530105590820312,
184.19999999999999,6.2263946533203125,
184.30000000000001,6.5074462890625,
184.40000000000001,6.6939620971679688,
184.5,6.663299560546875,
184.59999999999999,6.4742279052734375,
184.69999999999999,6.277496337890625,
184.80000000000001,6.1625213623046875,
184.90000000000001,6.0526504516601562,
185,5.853363037109375,
185.09999999999999,5.669403076171875,
185.19999999999999,5.4726715087890625,
185.30000000000001,5.2146148681640625,
185.40000000000001,5.1021957397460938,
185.5,5.173736572265625,
185.59999999999999,5.3909072875976562,
185.69999999999999,5.7281723022460938,
185.80000000000001,6.1165313720703125,
185.90000000000001,6.479339599609375,
186,6.7629470825195312,
186.09999999999999,6.9801177978515625,
186.19999999999999,7.0848770141601562,
186.30000000000001,7.049102783203125,
186.40000000000001,6.9162445068359375,
186.5,6.7348403930664062,
186.59999999999999,6.571319580078125,
186.69999999999999,6.4180221557617188,
186.80000000000001,6.2059555053710938,
186.90000000000001,5.963226318359375,
187,5.8380355834960938,
187.09999999999999,5.817596435546875,
187.19999999999999,5.7409439086914062,
187.30000000000001,5.6285247802734375,
187.40000000000001,5.5825347900390625,
187.5,5.5109939575195312,
187.59999999999999,5.3883514404296875,
187.69999999999999,5.2324981689453125,
187.80000000000001,5.099639892578125,
187.90000000000001,4.9923324584960938,
188,4.9284515380859375,
188.09999999999999,4.9131240844726562,
188.19999999999999,4.9310073852539062,
188.30000000000001,4.9131240844726562,
188.40000000000001,4.8466949462890625,
188.5,4.7853775024414062,
188.59999999999999,4.7623825073242188,
188.69999999999999,4.7879257202148438,
188.80000000000001,4.8185882568359375,
188.90000000000001,4.8211441040039062,
189,4.8390274047851562,
189.09999999999999,4.8850173950195312,
189.19999999999999,4.90545654296875,
189.30000000000001,4.9105682373046875,
189.40000000000001,4.897796630859375,
189.5,5.0102157592773438,
189.59999999999999,5.4087905883789062,
189.69999999999999,5.9223480224609375,
189.80000000000001,6.5968704223632812,
189.90000000000001,7.4068069458007812,
190,8.124755859375,4.2105264663696289
190.09999999999999,8.8171615600585938,
190.19999999999999,9.3792648315429688,
190.30000000000001,9.7701797485351562,
190.40000000000001,10.074226379394531,
190.5,10.250518798828125,
190.59999999999999,10.306732177734375,
190.69999999999999,10.288841247558594,
190.80000000000001,10.051231384277344,
190.90000000000001,9.5862197875976562,
191,9.1160964965820312,
191.09999999999999,8.6613082885742188,
191.19999999999999,8.3393783569335938,
191.30000000000001,8.1196517944335938,
191.40000000000001,7.6520843505859375,
191.5,7.0465469360351562,
191.59999999999999,6.5176620483398438,
191.69999999999999,6.0654296875,
191.80000000000001,5.7690505981445312,
191.90000000000001,5.5748672485351562,
192,5.3883514404296875,
192.09999999999999,5.2222824096679688,
192.19999999999999,5.0868606567382812,
192.30000000000001,4.961669921875,
192.40000000000001,4.8645782470703125,
192.5,4.7751541137695312,
192.59999999999999,4.6780624389648438,
192.69999999999999,4.6269607543945312,
192.80000000000001,4.6346282958984375,
192.90000000000001,4.6780624389648438,
193,4.7266082763671875,
193.09999999999999,4.7547149658203125,
193.19999999999999,4.7751541137695312,
193.30000000000001,4.8032608032226562,
193.40000000000001,4.841583251953125,
193.5,4.8773574829101562,
193.59999999999999,4.86968994140625,
193.69999999999999,4.8313674926757812,
193.80000000000001,4.8160324096679688,
193.90000000000001,4.8364715576171875,
194,4.8722457885742188,
194.09999999999999,4.915679931640625,
194.19999999999999,5.0025482177734375,
194.30000000000001,5.0689773559570312,
194.40000000000001,5.1098556518554688,
194.5,5.1890640258789062,
194.59999999999999,5.3500289916992188,
194.69999999999999,5.4368972778320312,
194.80000000000001,5.4522323608398438,
194.90000000000001,5.45733642578125,
195,5.4087905883789062,
195.09999999999999,5.3219223022460938,
195.19999999999999,5.227386474609375,
195.30000000000001,5.209503173828125,
195.40000000000001,5.2146148681640625,
195.5,5.2248306274414062,
195.59999999999999,5.2606048583984375,
195.69999999999999,5.2682723999023438,
195.80000000000001,5.2171707153320312,
195.90000000000001,5.1890640258789062,
196,5.209503173828125,
196.09999999999999,5.2478256225585938,
196.19999999999999,5.2759323120117188,
196.30000000000001,5.3347015380859375,
196.40000000000001,5.4164581298828125,
196.5,5.4139022827148438,
196.59999999999999,5.3909072875976562,
196.69999999999999,5.3781356811523438,
196.80000000000001,5.3219223022460938,
196.90000000000001,5.2631607055664062,
197,5.23760986328125,
197.09999999999999,5.2887115478515625,
197.19999999999999,5.4266815185546875,
197.30000000000001,5.5978622436523438,
197.40000000000001,5.807373046875,
197.5,6.019439697265625,
197.59999999999999,6.1906204223632812,
197.69999999999999,6.313262939453125,
197.80000000000001,6.3975753784179688,
197.90000000000001,6.5125503540039062,
198,6.5636520385742188,
198.09999999999999,6.4665603637695312,
198.19999999999999,6.4129104614257812,
198.30000000000001,6.681182861328125,
198.40000000000001,7.2228469848632812,
198.5,7.7006301879882812,
198.59999999999999,7.9765701293945312,
198.69999999999999,8.0506668090820312,
198.80000000000001,7.894805908203125,
198.90000000000001,7.6904067993164062,
199,7.6265335083007812,
199.09999999999999,7.6265335083007812,
199.19999999999999,7.6035385131835938,
199.30000000000001,7.537109375,
199.40000000000001,7.473236083984375,
199.5,7.5882110595703125,
199.59999999999999,7.9280242919921875,
199.69999999999999,8.4083633422851562,
199.80000000000001,8.9040374755859375,
199.90000000000001,9.294952392578125,
200,9.5759963989257812,7.5693860054016113
200.09999999999999,9.7803955078125,
200.19999999999999,9.754852294921875,
200.30000000000001,9.3741531372070312,
200.40000000000001,8.80694580078125,
200.5,8.209075927734375,
200.59999999999999,7.6801910400390625,
200.69999999999999,7.29693603515625,
200.80000000000001,6.9775619506835938,
200.90000000000001,6.6403045654296875,
201,6.3183746337890625,
201.09999999999999,6.0526504516601562,
201.19999999999999,5.8048171997070312,
201.30000000000001,5.4982223510742188,
201.40000000000001,5.181396484375,
201.5,4.9591140747070312,
201.59999999999999,4.8671340942382812,
201.69999999999999,4.7700424194335938,
201.80000000000001,4.6065216064453125,
201.90000000000001,4.4762191772460938,
202,4.4200057983398438,
202.09999999999999,4.4097900390625,
202.19999999999999,4.3944625854492188,
202.30000000000001,4.3791275024414062,
202.40000000000001,4.3280258178710938,
202.5,4.2615966796875,
202.59999999999999,4.2488250732421875,
202.69999999999999,4.2488250732421875,
202.80000000000001,4.2615966796875,
202.90000000000001,4.345916748046875,
203,4.4097900390625,
203.09999999999999,4.4430007934570312,
203.19999999999999,4.5170974731445312,
203.30000000000001,4.6346282958984375,
203.40000000000001,4.7419357299804688,
203.5,4.805816650390625,
203.59999999999999,4.8901290893554688,
203.69999999999999,4.989776611328125,
203.80000000000001,5.1405181884765625,
203.90000000000001,5.31170654296875,
204,5.4266815185546875,
204.09999999999999,5.449676513671875,
204.19999999999999,5.42156982421875,
204.30000000000001,5.3781356811523438,
204.40000000000001,5.3398056030273438,
204.5,5.2682723999023438,
204.59999999999999,5.1660690307617188,
204.69999999999999,5.1021957397460938,
204.80000000000001,5.099639892578125,
204.90000000000001,5.1430740356445312,
205,5.181396484375,
205.09999999999999,5.16351318359375,
205.19999999999999,5.1149673461914062,
205.30000000000001,5.081756591796875,
205.40000000000001,5.0766448974609375,
205.5,5.0740890502929688,
205.59999999999999,5.0638656616210938,
205.69999999999999,5.0485382080078125,
205.80000000000001,5.0229873657226562,
205.90000000000001,5.0204315185546875,
206,5.0332107543945312,
206.09999999999999,5.0383224487304688,
206.19999999999999,5.0280990600585938,
206.30000000000001,4.9974365234375,
206.40000000000001,4.9693374633789062,
206.5,4.94378662109375,
206.59999999999999,4.8875732421875,
206.69999999999999,4.8313674926757812,
206.80000000000001,4.9565582275390625,
206.90000000000001,5.3857955932617188,
207,6.3566970825195312,
207.09999999999999,7.5422210693359375,
207.19999999999999,8.5156707763671875,
207.30000000000001,9.3894805908203125,
207.40000000000001,10.05633544921875,
207.5,10.454917907714844,
207.59999999999999,10.49835205078125,
207.69999999999999,10.125320434570312,
207.80000000000001,9.8340530395507812,
207.90000000000001,9.9285888671875,
208,10.1483154296875,
208.09999999999999,10.391044616699219,
208.19999999999999,10.595443725585938,
208.30000000000001,10.695091247558594,
208.40000000000001,10.633766174316406,
208.5,10.414039611816406,
208.59999999999999,9.9796905517578125,
208.69999999999999,9.3511581420898438,
208.80000000000001,8.7558441162109375,
208.90000000000001,8.1988525390625,
209,7.6980743408203125,
209.09999999999999,7.3557052612304688,
209.19999999999999,7.0874252319335938,
209.30000000000001,6.8728103637695312,
209.40000000000001,6.5457687377929688,
209.5,5.9708938598632812,
209.59999999999999,5.4982223510742188,
209.69999999999999,5.227386474609375,
209.80000000000001,5.0945281982421875,
209.90000000000001,5.1021957397460938,
210,5.0510940551757812,6.7950167655944824
210.09999999999999,4.9003524780273438,
210.19999999999999,4.6933975219726562,
210.30000000000001,4.5119857788085938,
210.40000000000001,4.4506683349609375,
210.5,4.437896728515625,
210.59999999999999,4.4225616455078125,
210.69999999999999,4.4174575805664062,
210.80000000000001,4.3842391967773438,
210.90000000000001,4.35357666015625,
211,4.39190673828125,
211.09999999999999,4.4174575805664062,
211.19999999999999,4.4123458862304688,
211.30000000000001,4.4200057983398438,
211.40000000000001,4.4302291870117188,
211.5,4.3663558959960938,
211.59999999999999,4.225830078125,
211.69999999999999,4.0929718017578125,
211.80000000000001,3.995880126953125,
211.90000000000001,3.9652175903320312,
212,4.0214309692382812,
212.09999999999999,4.1721725463867188,
212.19999999999999,4.35357666015625,
212.30000000000001,4.5630874633789062,
212.40000000000001,4.8211441040039062,
212.5,5.025543212890625,
212.59999999999999,5.2146148681640625,
212.69999999999999,5.449676513671875,
212.80000000000001,5.6387405395507812,
212.90000000000001,5.7511672973632812,
213,5.7818222045898438,
213.09999999999999,5.7205047607421875,
213.19999999999999,5.6004180908203125,
213.30000000000001,5.4598922729492188,
213.40000000000001,5.3602523803710938,
213.5,5.2963714599609375,
213.59999999999999,5.2580490112304688,
213.69999999999999,5.2171707153320312,
213.80000000000001,5.1584014892578125,
213.90000000000001,5.099639892578125,
214,5.0280990600585938,
214.09999999999999,4.9105682373046875,
214.19999999999999,4.7981491088867188,
214.30000000000001,4.7547149658203125,
214.40000000000001,4.7419357299804688,
214.5,4.7342758178710938,
214.59999999999999,4.7112808227539062,
214.69999999999999,4.6729507446289062,
214.80000000000001,4.6525115966796875,
214.90000000000001,4.6601791381835938,
215,4.6831741333007812,
215.09999999999999,4.6525115966796875,
215.19999999999999,4.6065216064453125,
215.30000000000001,4.6039657592773438,
215.40000000000001,4.5988616943359375,
215.5,4.59375,
215.59999999999999,4.59375,
215.69999999999999,4.5988616943359375,
215.80000000000001,4.6193008422851562,
215.90000000000001,4.657623291015625,
216,4.6780624389648438,
216.09999999999999,4.6550674438476562,
216.19999999999999,4.6090774536132812,
216.30000000000001,4.6295166015625,
216.40000000000001,4.6193008422851562,
216.5,4.4583358764648438,
216.59999999999999,4.2360458374023438,
216.69999999999999,4.0214309692382812,
216.80000000000001,3.8655776977539062,
216.90000000000001,3.7991409301757812,
217,3.7991409301757812,
217.09999999999999,3.8068084716796875,
217.19999999999999,3.794036865234375,
217.30000000000001,3.7889251708984375,
217.40000000000001,3.80169677734375,
217.5,3.8374710083007812,
217.59999999999999,3.8732376098632812,
217.69999999999999,3.9166717529296875,
217.80000000000001,3.9754409790039062,
217.90000000000001,4.013763427734375,
218,4.031646728515625,
218.09999999999999,4.0393142700195312,
218.19999999999999,4.0265426635742188,
218.30000000000001,4.0290908813476562,
218.40000000000001,4.069976806640625,
218.5,4.1031875610351562,
218.59999999999999,4.1006317138671875,
218.69999999999999,4.0955276489257812,
218.80000000000001,4.1006317138671875,
218.90000000000001,4.1108551025390625,
219,4.1082992553710938,
219.09999999999999,4.069976806640625,
219.19999999999999,4.0112075805664062,
219.30000000000001,3.9805526733398438,
219.40000000000001,3.9933242797851562,
219.5,4.0188751220703125,
219.59999999999999,4.0188751220703125,
219.69999999999999,4.013763427734375,
219.80000000000001,4.087860107421875,
219.90000000000001,4.5119857788085938,
220,5.2963714599609375,6.7950167655944824
220.09999999999999,6.147186279296875,
220.19999999999999,6.9111328125,
220.30000000000001,7.5958709716796875,
220.40000000000001,8.2985000610351562,
220.5,8.9730224609375,
220.59999999999999,9.52490234375,
220.69999999999999,10.135543823242188,
220.80000000000001,10.891822814941406,
220.90000000000001,11.331283569335938,
221,10.848388671875,
221.09999999999999,9.7650680541992188,
221.19999999999999,8.47479248046875,
221.30000000000001,7.4042510986328125,
221.40000000000001,6.8906936645507812,
221.5,6.4461212158203125,
221.59999999999999,5.9223480224609375,
221.69999999999999,5.4598922729492188,
221.80000000000001,5.1303024291992188,
221.90000000000001,4.951446533203125,
222,4.8748016357421875,
222.09999999999999,4.7521591186523438,
222.19999999999999,4.6320724487304688,
222.30000000000001,4.6065216064453125,
222.40000000000001,4.5911941528320312,
222.5,4.48388671875,
222.59999999999999,4.3101425170898438,
222.69999999999999,4.16961669921875,
222.80000000000001,4.1108551025390625,
222.90000000000001,4.253936767578125,
223,4.5426483154296875,
223.09999999999999,4.7291641235351562,
223.19999999999999,4.8441390991210938,
223.30000000000001,4.961669921875,
223.40000000000001,5.0051040649414062,
223.5,5.0153274536132812,
223.59999999999999,5.0204315185546875,
223.69999999999999,5.0280990600585938,
223.80000000000001,5.0919723510742188,
223.90000000000001,5.1967315673828125,
224,5.27337646484375,
224.09999999999999,5.265716552734375,
224.19999999999999,5.2248306274414062,
224.30000000000001,5.1762924194335938,
224.40000000000001,5.0970840454101562,
224.5,5.0613174438476562,
224.59999999999999,5.1251907348632812,
224.69999999999999,5.181396484375,
224.80000000000001,5.173736572265625,
224.90000000000001,5.173736572265625,
225,5.1558456420898438,
225.09999999999999,5.1047515869140625,
225.19999999999999,5.0383224487304688,
225.30000000000001,4.97955322265625,
225.40000000000001,4.9310073852539062,
225.5,4.8901290893554688,
225.59999999999999,4.8569107055664062,
225.69999999999999,4.8185882568359375,
225.80000000000001,4.731719970703125,
225.90000000000001,4.6193008422851562,
226,4.5605316162109375,
226.09999999999999,4.5426483154296875,
226.19999999999999,4.529876708984375,
226.30000000000001,4.4762191772460938,
226.40000000000001,4.4174575805664062,
226.5,4.4200057983398438,
226.59999999999999,4.437896728515625,
226.69999999999999,4.4302291870117188,
226.80000000000001,4.4251174926757812,
226.90000000000001,4.4327850341796875,
227,4.4787750244140625,
227.09999999999999,4.6039657592773438,
227.19999999999999,4.8262557983398438,
227.30000000000001,5.0843124389648438,
227.40000000000001,5.3653564453125,
227.5,5.7562713623046875,
227.59999999999999,6.2366104125976562,
227.69999999999999,6.7654953002929688,
227.80000000000001,7.3327102661132812,
227.90000000000001,7.8897018432617188,
228,8.467132568359375,
228.09999999999999,9.1058807373046875,
228.19999999999999,9.72674560546875,
228.30000000000001,10.483024597167969,
228.40000000000001,11.313400268554688,
228.5,11.8780517578125,
228.59999999999999,12.317512512207031,
228.69999999999999,12.253639221191406,
228.80000000000001,11.27252197265625,
228.90000000000001,10.023124694824219,
229,8.9295806884765625,
229.09999999999999,8.0200042724609375,
229.19999999999999,7.2994918823242188,
229.30000000000001,6.6735153198242188,
229.40000000000001,6.1267471313476562,
229.5,5.7026214599609375,
229.59999999999999,5.3985748291015625,
229.69999999999999,5.1507415771484375,
229.80000000000001,4.90545654296875,
229.90000000000001,4.6652908325195312,
230,4.491546630859375,6.3246660232543945
230.09999999999999,4.3944625854492188,
230.19999999999999,4.335693359375,
230.30000000000001,4.2871475219726562,
230.40000000000001,4.2692642211914062,
230.5,4.2641525268554688,
230.59999999999999,4.2360458374023438,
230.69999999999999,4.1951675415039062,
230.80000000000001,4.1364059448242188,
230.90000000000001,4.0853042602539062,
231,4.0648651123046875,
231.09999999999999,4.0674209594726562,
231.19999999999999,4.0801925659179688,
231.30000000000001,4.1006317138671875,
231.40000000000001,4.1210708618164062,
231.5,4.1261825561523438,
231.59999999999999,4.1287384033203125,
231.69999999999999,4.16961669921875,
231.80000000000001,4.179840087890625,
231.90000000000001,4.1364059448242188,
232,4.115966796875,
232.09999999999999,4.123626708984375,
232.19999999999999,4.1875076293945312,
232.30000000000001,4.2411575317382812,
232.40000000000001,4.2283859252929688,
232.5,4.2130508422851562,
232.59999999999999,4.2181625366210938,
232.69999999999999,4.2334976196289062,
232.80000000000001,4.2692642211914062,
232.90000000000001,4.4149017333984375,
233,4.713836669921875,
233.09999999999999,5.0562057495117188,
233.19999999999999,5.3628005981445312,
233.30000000000001,5.6770706176757812,
233.40000000000001,6.0271072387695312,
233.5,6.3541412353515625,
233.59999999999999,6.6121978759765625,
233.69999999999999,6.8114852905273438,
233.80000000000001,7.0056686401367188,
233.90000000000001,7.2049560546875,
234,7.5728759765625,
234.09999999999999,8.1324234008789062,
234.19999999999999,8.6817474365234375,
234.30000000000001,9.0982131958007812,
234.40000000000001,9.2898406982421875,
234.5,9.1493148803710938,
234.59999999999999,8.778839111328125,
234.69999999999999,8.336822509765625,
234.80000000000001,7.8897018432617188,
234.90000000000001,7.491119384765625,
235,7.1385269165039062,
235.09999999999999,6.8217086791992188,
235.19999999999999,6.5329971313476562,
235.30000000000001,6.2468338012695312,
235.40000000000001,5.945343017578125,
235.5,5.6464080810546875,
235.59999999999999,5.3551406860351562,
235.69999999999999,5.0587615966796875,
235.80000000000001,4.8262557983398438,
235.90000000000001,4.70361328125,
236,4.59375,
236.09999999999999,4.4992141723632812,
236.19999999999999,4.4174575805664062,
236.30000000000001,4.3612442016601562,
236.40000000000001,4.3050308227539062,
236.5,4.2488250732421875,
236.59999999999999,4.215606689453125,
236.69999999999999,4.1926116943359375,
236.80000000000001,4.1210708618164062,
236.90000000000001,4.0086517333984375,
237,3.9601058959960938,
237.09999999999999,4.0035476684570312,
237.19999999999999,4.0188751220703125,
237.30000000000001,3.9805526733398438,
237.40000000000001,3.9831008911132812,
237.5,4.0290908813476562,
237.59999999999999,4.0571975708007812,
237.69999999999999,4.115966796875,
237.80000000000001,4.2871475219726562,
237.90000000000001,4.4174575805664062,
238,4.4864425659179688,
238.09999999999999,4.5349807739257812,
238.19999999999999,4.4762191772460938,
238.30000000000001,4.4251174926757812,
238.40000000000001,4.4200057983398438,
238.5,4.42767333984375,
238.59999999999999,4.4762191772460938,
238.69999999999999,4.5324325561523438,
238.80000000000001,4.5554275512695312,
238.90000000000001,4.5324325561523438,
239,4.4813308715820312,
239.09999999999999,4.4506683349609375,
239.19999999999999,4.437896728515625,
239.30000000000001,4.4430007934570312,
239.40000000000001,4.4685516357421875,
239.5,4.4992141723632812,
239.59999999999999,4.5170974731445312,
239.69999999999999,4.5273208618164062,
239.80000000000001,4.5273208618164062,
239.90000000000001,4.5324325561523438,
240,4.5043258666992188,8.8888893127441406
240.09999999999999,4.42767333984375,
240.19999999999999,4.3714675903320312,
240.30000000000001,4.3586883544921875,
240.40000000000001,4.3663558959960938,
240.5,4.3689117431640625,
240.59999999999999,4.3714675903320312,
240.69999999999999,4.3689117431640625,
240.80000000000001,4.363800048828125,
240.90000000000001,4.3689117431640625,
241,4.3791275024414062,
241.09999999999999,4.3484725952148438,
241.19999999999999,4.3101425170898438,
241.30000000000001,4.335693359375,
241.40000000000001,4.4225616455078125,
241.5,4.583526611328125,
241.59999999999999,4.8339157104492188,
241.69999999999999,5.1686248779296875,
241.80000000000001,5.5748672485351562,
241.90000000000001,6.0884246826171875,
242,6.6837387084960938,
242.09999999999999,7.2458419799804688,
242.19999999999999,7.7696151733398438,
242.30000000000001,8.2933883666992188,
242.40000000000001,8.7660675048828125,
242.5,9.146759033203125,
242.59999999999999,9.3690414428710938,
242.69999999999999,9.496795654296875,
242.80000000000001,9.7471847534179688,
242.90000000000001,9.9694671630859375,
243,10.061447143554688,
243.09999999999999,10.089553833007812,
243.19999999999999,9.9899063110351562,
243.30000000000001,9.8544921875,
243.40000000000001,9.72674560546875,
243.5,9.4763565063476562,
243.59999999999999,9.2055206298828125,
243.69999999999999,8.980682373046875,
243.80000000000001,8.7405166625976562,
243.90000000000001,8.51312255859375,
244,8.301055908203125,
244.09999999999999,8.1043167114257812,
244.19999999999999,7.8667068481445312,
244.30000000000001,7.5243301391601562,
244.40000000000001,7.1921844482421875,
244.5,6.8498153686523438,
244.59999999999999,6.37713623046875,
244.69999999999999,5.8584747314453125,
244.80000000000001,5.4266815185546875,
244.90000000000001,5.099639892578125,
245,4.8364715576171875,
245.09999999999999,4.6678466796875,
245.19999999999999,4.5681991577148438,
245.30000000000001,4.473663330078125,
245.40000000000001,4.39190673828125,
245.5,4.3382492065429688,
245.59999999999999,4.2769317626953125,
245.69999999999999,4.197723388671875,
245.80000000000001,4.1415176391601562,
245.90000000000001,4.1312942504882812,
246,4.1389617919921875,
246.09999999999999,4.1466217041015625,
246.19999999999999,4.1491775512695312,
246.30000000000001,4.1491775512695312,
246.40000000000001,4.1542892456054688,
246.5,4.1542892456054688,
246.59999999999999,4.1491775512695312,
246.69999999999999,4.161956787109375,
246.80000000000001,4.1389617919921875,
246.90000000000001,4.0955276489257812,
247,4.0853042602539062,
247.09999999999999,4.1006317138671875,
247.19999999999999,4.1185226440429688,
247.30000000000001,4.1261825561523438,
247.40000000000001,4.1261825561523438,
247.5,4.1364059448242188,
247.59999999999999,4.1466217041015625,
247.69999999999999,4.1542892456054688,
247.80000000000001,4.1721725463867188,
247.90000000000001,4.1542892456054688,
248,4.105743408203125,
248.09999999999999,4.0929718017578125,
248.19999999999999,4.0980758666992188,
248.30000000000001,4.1108551025390625,
248.40000000000001,4.123626708984375,
248.5,4.123626708984375,
248.59999999999999,4.1287384033203125,
248.69999999999999,4.1415176391601562,
248.80000000000001,4.1568450927734375,
248.90000000000001,4.1772842407226562,
249,4.1542892456054688,
249.09999999999999,4.105743408203125,
249.19999999999999,4.0929718017578125,
249.30000000000001,4.0980758666992188,
249.40000000000001,4.1108551025390625,
249.5,4.123626708984375,
249.59999999999999,4.1364059448242188,
249.69999999999999,4.1517333984375,
249.80000000000001,4.1721725463867188,
249.90000000000001,4.2002792358398438,
250,4.2334976196289062,8.1227436065673828
250.09999999999999,4.2488250732421875,
250.19999999999999,4.3765716552734375,
250.30000000000001,4.7777099609375,
250.40000000000001,5.3423614501953125,
250.5,5.9351272583007812,
250.59999999999999,6.5559921264648438,
250.69999999999999,7.2202911376953125,
250.80000000000001,7.9305801391601562,
250.90000000000001,8.668975830078125,
251,9.366485595703125,
251.09999999999999,9.9618072509765625,
251.19999999999999,10.485580444335938,
251.30000000000001,10.75640869140625,
251.40000000000001,10.322059631347656,
251.5,9.4712448120117188,
251.59999999999999,8.9295806884765625,
251.69999999999999,8.630645751953125,
251.80000000000001,8.2882766723632812,
251.90000000000001,7.767059326171875,
252,7.2381744384765625,
252.09999999999999,6.6837387084960938,
252.19999999999999,6.2647171020507812,
252.30000000000001,5.8865814208984375,
252.40000000000001,5.5391006469726562,
252.5,5.265716552734375,
252.59999999999999,5.1073074340820312,
252.69999999999999,5.0485382080078125,
252.80000000000001,4.9565582275390625,
252.90000000000001,4.6882858276367188,
253,4.3714675903320312,
253.09999999999999,4.2309417724609375,
253.19999999999999,4.3101425170898438,
253.30000000000001,4.5324325561523438,
253.40000000000001,4.7419357299804688,
253.5,4.823699951171875,
253.59999999999999,4.8543624877929688,
253.69999999999999,4.8671340942382812,
253.80000000000001,4.8850173950195312,
253.90000000000001,4.8569107055664062,
254,4.7777099609375,
254.09999999999999,4.713836669921875,
254.19999999999999,4.6678466796875,
254.30000000000001,4.6627349853515625,
254.40000000000001,4.7010574340820312,
254.5,4.7010574340820312,
254.59999999999999,4.6525115966796875,
254.69999999999999,4.6244125366210938,
254.80000000000001,4.6525115966796875,
254.90000000000001,4.7010574340820312,
255,4.7342758178710938,
255.09999999999999,4.70361328125,
255.19999999999999,4.6448516845703125,
255.30000000000001,4.6141891479492188,
255.40000000000001,4.5605316162109375,
255.5,4.5681991577148438,
255.59999999999999,4.6601791381835938,
255.69999999999999,4.7547149658203125,
255.80000000000001,4.961669921875,
255.90000000000001,5.3270339965820312,
256,5.6566314697265625,
256.10000000000002,5.8814697265625,
256.19999999999999,6.0960922241210938,
256.30000000000001,6.3490371704101562,
256.39999999999998,6.5023345947265625,
256.5,6.4461212158203125,
256.60000000000002,6.2545013427734375,
256.69999999999999,6.0654296875,
256.80000000000001,5.917236328125,
256.89999999999998,5.7920455932617188,
257,5.7460556030273438,
257.10000000000002,5.697509765625,
257.19999999999999,5.6361923217773438,
257.30000000000001,5.5339889526367188,
257.39999999999998,5.34747314453125,
257.5,5.191619873046875,
257.60000000000002,5.081756591796875,
257.69999999999999,5.0051040649414062,
257.80000000000001,4.9591140747070312,
257.89999999999998,4.9386749267578125,
258,4.9540023803710938,
258.10000000000002,4.9974365234375,
258.19999999999999,5.0613174438476562,
258.30000000000001,5.0357666015625,
258.39999999999998,4.9361190795898438,
258.5,4.9029006958007812,
258.60000000000002,4.90545654296875,
258.69999999999999,4.9029006958007812,
258.80000000000001,4.9105682373046875,
258.89999999999998,4.9182357788085938,
259,4.9207916259765625,
259.10000000000002,4.9284515380859375,
259.19999999999999,4.933563232421875,
259.30000000000001,4.9258956909179688,
259.39999999999998,4.8926849365234375,
259.5,4.86968994140625,
259.60000000000002,4.8773574829101562,
259.69999999999999,4.8952407836914062,
259.80000000000001,4.9105682373046875,
259.89999999999998,4.9233474731445312,
260,4.9386749267578125,7.1090049743652344
260.10000000000002,4.9488906860351562,
260.19999999999999,4.9642257690429688,
260.30000000000001,5.007659912109375,
260.39999999999998,4.9974365234375,
260.5,4.9080123901367188,
260.60000000000002,4.8364715576171875,
260.69999999999999,4.8134765625,
260.80000000000001,4.8466949462890625,
260.89999999999998,4.8875732421875,
261,4.9080123901367188,
261.10000000000002,5.0025482177734375,
261.19999999999999,5.2452774047851562,
261.30000000000001,5.4650039672851562,
261.39999999999998,5.5467605590820312,
261.5,5.7332763671875,
261.60000000000002,6.0322113037109375,
261.69999999999999,6.5227737426757812,
261.80000000000001,7.1998519897460938,
261.89999999999998,7.9714584350585938,
262,8.8503799438476562,
262.10000000000002,9.6781997680664062,
262.19999999999999,10.42425537109375,
262.30000000000001,11.037460327148438,
262.39999999999998,11.336395263671875,
262.5,10.97613525390625,
262.60000000000002,10.1483154296875,
262.69999999999999,9.3230514526367188,
262.80000000000001,8.6383132934570312,
262.89999999999998,8.042999267578125,
263,7.5524368286132812,
263.10000000000002,7.2100677490234375,
263.19999999999999,6.9647903442382812,
263.30000000000001,6.8319320678710938,
263.39999999999998,6.7399520874023438,
263.5,6.69140625,
263.60000000000002,6.699066162109375,
263.69999999999999,6.6786270141601562,
263.80000000000001,6.59942626953125,
263.89999999999998,6.553436279296875,
264,6.5559921264648438,
264.10000000000002,6.5840911865234375,
264.19999999999999,6.6224212646484375,
264.30000000000001,6.5840911865234375,
264.39999999999998,6.5202178955078125,
264.5,6.571319580078125,
264.60000000000002,6.6786270141601562,
264.69999999999999,6.7016220092773438,
264.80000000000001,6.6377487182617188,
264.89999999999998,6.5789871215820312,
265,6.5789871215820312,
265.10000000000002,6.663299560546875,
265.19999999999999,6.7118453979492188,
265.30000000000001,6.6862945556640625,
265.39999999999998,6.6045303344726562,
265.5,6.4997787475585938,
265.60000000000002,6.4818954467773438,
265.69999999999999,6.5023345947265625,
265.80000000000001,6.5023345947265625,
265.89999999999998,6.5048904418945312,
266,6.5125503540039062,
266.10000000000002,6.5074462890625,
266.19999999999999,6.5074462890625,
266.30000000000001,6.5202178955078125,
266.39999999999998,6.4895553588867188,
266.5,6.4256820678710938,
266.60000000000002,6.4001312255859375,
266.69999999999999,6.387359619140625,
266.80000000000001,6.3899154663085938,
266.89999999999998,6.4205703735351562,
267,6.4461212158203125,
267.10000000000002,6.433349609375,
267.19999999999999,6.4103546142578125,
267.30000000000001,6.405242919921875,
267.39999999999998,6.41546630859375,
267.5,6.4103546142578125,
267.60000000000002,6.5508804321289062,
267.69999999999999,6.8038253784179688,
267.80000000000001,6.8574752807617188,
267.89999999999998,7.1385269165039062,
268,7.7772750854492188,
268.10000000000002,8.318939208984375,
268.19999999999999,8.8452682495117188,
268.30000000000001,9.4073715209960938,
268.39999999999998,9.7829513549804688,
268.5,10.066558837890625,
268.60000000000002,10.467697143554688,
268.69999999999999,11.405380249023438,
268.80000000000001,12.330291748046875,
268.89999999999998,12.708427429199219,
269,12.527023315429688,
269.10000000000002,11.93426513671875,
269.19999999999999,11.172874450683594,
269.30000000000001,10.342498779296875,
269.39999999999998,9.6041030883789062,
269.5,9.0062332153320312,
269.60000000000002,8.4569091796875,
269.69999999999999,8.0021209716796875,
269.80000000000001,7.5345535278320312,
269.89999999999998,6.9724502563476562,
270,6.461456298828125,6.9767441749572754
270.10000000000002,5.9606704711914062,
270.19999999999999,5.4598922729492188,
270.30000000000001,5.0792007446289062,
270.39999999999998,4.8211441040039062,
270.5,4.6499557495117188,
270.60000000000002,4.5324325561523438,
270.69999999999999,4.445556640625,
270.80000000000001,4.3970108032226562,
270.89999999999998,4.3612442016601562,
271,4.3152542114257812,
271.10000000000002,4.2820358276367188,
271.19999999999999,4.2462692260742188,
271.30000000000001,4.1747283935546875,
271.39999999999998,4.1261825561523438,
271.5,4.105743408203125,
271.60000000000002,4.087860107421875,
271.69999999999999,4.0853042602539062,
271.80000000000001,4.0929718017578125,
271.89999999999998,4.0955276489257812,
272,4.1031875610351562,
272.10000000000002,4.105743408203125,
272.19999999999999,4.0904159545898438,
272.30000000000001,4.0648651123046875,
272.39999999999998,4.0367584228515625,
272.5,3.995880126953125,
272.60000000000002,3.9524459838867188,
272.69999999999999,3.9754409790039062,
272.80000000000001,4.031646728515625,
272.89999999999998,4.0546417236328125,
273,4.0571975708007812,
273.10000000000002,4.0648651123046875,
273.19999999999999,4.07763671875,
273.30000000000001,4.0801925659179688,
273.39999999999998,4.0674209594726562,
273.5,4.0342025756835938,
273.60000000000002,4.0112075805664062,
273.69999999999999,4.013763427734375,
273.80000000000001,4.0495376586914062,
273.89999999999998,4.0980758666992188,
274,4.1594009399414062,
274.10000000000002,4.2360458374023438,
274.19999999999999,4.2769317626953125,
274.30000000000001,4.2769317626953125,
274.39999999999998,4.271820068359375,
274.5,4.24371337890625,
274.60000000000002,4.1772842407226562,
274.69999999999999,4.123626708984375,
274.80000000000001,4.123626708984375,
274.89999999999998,4.1261825561523438,
275,4.123626708984375,
275.10000000000002,4.123626708984375,
275.19999999999999,4.1210708618164062,
275.30000000000001,4.123626708984375,
275.39999999999998,4.1287384033203125,
275.5,4.1389617919921875,
275.60000000000002,4.1389617919921875,
275.69999999999999,4.1082992553710938,
275.80000000000001,4.0853042602539062,
275.89999999999998,4.0674209594726562,
276,4.0571975708007812,
276.10000000000002,4.0571975708007812,
276.19999999999999,4.0469818115234375,
276.30000000000001,3.9703292846679688,
276.39999999999998,3.8527984619140625,
276.5,3.8246917724609375,
276.60000000000002,3.886016845703125,
276.69999999999999,3.9473342895507812,
276.80000000000001,3.9550018310546875,
276.89999999999998,3.939666748046875,
277,3.9575576782226562,
277.10000000000002,4.02398681640625,
277.19999999999999,4.1261825561523438,
277.30000000000001,4.2667083740234375,
277.39999999999998,4.4430007934570312,
277.5,4.621856689453125,
277.60000000000002,4.8007049560546875,
277.69999999999999,5.0025482177734375,
277.80000000000001,5.1839523315429688,
277.89999999999998,5.375579833984375,
278,5.6668472290039062,
278.10000000000002,6.04754638671875,
278.19999999999999,6.4665603637695312,
278.30000000000001,6.7297286987304688,
278.39999999999998,6.7578353881835938,
278.5,6.96734619140625,
278.60000000000002,7.3505935668945312,
278.69999999999999,7.6239776611328125,
278.80000000000001,7.7977218627929688,
278.89999999999998,8.1094284057617188,
279,8.630645751953125,
279.10000000000002,9.0496673583984375,
279.19999999999999,9.4099273681640625,
279.30000000000001,9.918365478515625,
279.39999999999998,10.523902893066406,
279.5,10.99658203125,
279.60000000000002,11.303176879882812,
279.69999999999999,11.599555969238281,
279.80000000000001,12.064567565917969,
279.89999999999998,12.731422424316406,
280,13.359954833984375,6.2805304527282715
280.10000000000002,13.643562316894531,
280.19999999999999,13.464706420898438,
280.30000000000001,12.92816162109375,
280.39999999999998,12.210205078125,
280.5,11.581672668457031,
280.60000000000002,10.945480346679688,
280.69999999999999,10.194305419921875,
280.80000000000001,9.4942398071289062,
280.89999999999998,8.8835906982421875,
281,8.2985000610351562,
281.10000000000002,7.73895263671875,
281.19999999999999,7.2279510498046875,
281.30000000000001,6.6965103149414062,
281.39999999999998,6.1804046630859375,
281.5,5.78948974609375,
281.60000000000002,5.4905548095703125,
281.69999999999999,5.1839523315429688,
281.80000000000001,4.9105682373046875,
281.89999999999998,4.7163925170898438,
282,4.583526611328125,
282.10000000000002,4.4762191772460938,
282.19999999999999,4.3689117431640625,
282.30000000000001,4.2820358276367188,
282.39999999999998,4.2309417724609375,
282.5,4.1772842407226562,
282.60000000000002,4.1312942504882812,
282.69999999999999,4.1466217041015625,
282.80000000000001,4.2053909301757812,
282.89999999999998,4.2590408325195312,
283,4.3152542114257812,
283.10000000000002,4.6627349853515625,
283.19999999999999,5.1481857299804688,
283.30000000000001,5.4011306762695312,
283.39999999999998,5.5467605590820312,
283.5,5.6029739379882812,
283.60000000000002,5.5084381103515625,
283.69999999999999,5.4343414306640625,
283.80000000000001,5.4445648193359375,
283.89999999999998,5.4445648193359375,
284,5.4547805786132812,
284.10000000000002,5.4777755737304688,
284.19999999999999,5.485443115234375,
284.30000000000001,5.4777755737304688,
284.39999999999998,5.4701156616210938,
284.5,5.4598922729492188,
284.60000000000002,5.4598922729492188,
284.69999999999999,5.4420089721679688,
284.80000000000001,5.3730239868164062,
284.89999999999998,5.3219223022460938,
285,5.2708206176757812,
285.10000000000002,5.2171707153320312,
285.19999999999999,5.2631607055664062,
285.30000000000001,5.3628005981445312,
285.39999999999998,5.4624481201171875,
285.5,5.4139022827148438,
285.60000000000002,5.2631607055664062,
285.69999999999999,5.2146148681640625,
285.80000000000001,5.2120590209960938,
285.89999999999998,5.1609573364257812,
286,4.9642257690429688,
286.10000000000002,4.7240524291992188,
286.19999999999999,4.6193008422851562,
286.30000000000001,4.6269607543945312,
286.39999999999998,4.6806182861328125,
286.5,4.7725982666015625,
286.60000000000002,4.7291641235351562,
286.69999999999999,4.491546630859375,
286.80000000000001,4.3152542114257812,
286.89999999999998,4.3561325073242188,
287,4.5043258666992188,
287.10000000000002,4.7163925170898438,
287.19999999999999,4.9310073852539062,
287.30000000000001,5.2350540161132812,
287.39999999999998,5.7716064453125,
287.5,6.3183746337890625,
287.60000000000002,6.7399520874023438,
287.69999999999999,7.0950927734375,
287.80000000000001,7.4246902465820312,
287.89999999999998,7.6699676513671875,
288,7.8615951538085938,
288.10000000000002,8.375152587890625,
288.19999999999999,9.1620864868164062,
288.30000000000001,9.6756439208984375,
288.39999999999998,9.6909713745117188,
288.5,9.2157440185546875,
288.60000000000002,8.4441375732421875,
288.69999999999999,7.749176025390625,
288.80000000000001,7.289276123046875,
288.89999999999998,6.975006103515625,
289,6.7144012451171875,
289.10000000000002,6.4691162109375,
289.19999999999999,6.2468338012695312,
289.30000000000001,6.0807571411132812,
289.39999999999998,5.9325714111328125,
289.5,5.7639389038085938,
289.60000000000002,5.6617355346679688,
289.69999999999999,5.6387405395507812,
289.80000000000001,5.633636474609375,
289.89999999999998,5.6131973266601562,
290,5.5902023315429688,6.9444441795349121
290.10000000000002,5.5902023315429688,
290.19999999999999,5.5978622436523438,
290.30000000000001,5.5697555541992188,
290.39999999999998,5.4905548095703125,
290.5,5.4292373657226562,
290.60000000000002,5.4292373657226562,
290.69999999999999,5.4547805786132812,
290.80000000000001,5.4650039672851562,
290.89999999999998,5.4624481201171875,
291,5.5084381103515625,
291.10000000000002,5.5697555541992188,
291.19999999999999,5.6029739379882812,
291.30000000000001,5.6668472290039062,
291.39999999999998,5.6642913818359375,
291.5,5.5902023315429688,
291.60000000000002,5.5467605590820312,
291.69999999999999,5.49566650390625,
291.80000000000001,5.4471206665039062,
291.89999999999998,5.4343414306640625,
292,5.49566650390625,
292.10000000000002,5.5697555541992188,
292.19999999999999,5.5927505493164062,
292.30000000000001,5.6029739379882812,
292.39999999999998,5.6029739379882812,
292.5,5.559539794921875,
292.60000000000002,5.4828872680664062,
292.69999999999999,5.4420089721679688,
292.80000000000001,5.4471206665039062,
292.89999999999998,5.467559814453125,
293,5.4726715087890625,
293.10000000000002,5.4879989624023438,
293.19999999999999,5.4879989624023438,
293.30000000000001,5.4547805786132812,
293.39999999999998,5.4420089721679688,
293.5,5.45733642578125,
293.60000000000002,5.4420089721679688,
293.69999999999999,5.375579833984375,
293.80000000000001,5.3372573852539062,
293.89999999999998,5.3602523803710938,
294,5.3960189819335938,
294.10000000000002,5.4164581298828125,
294.19999999999999,5.4139022827148438,
294.30000000000001,5.4139022827148438,
294.39999999999998,5.4292373657226562,
294.5,5.4420089721679688,
294.60000000000002,5.4445648193359375,
294.69999999999999,5.3857955932617188,
294.80000000000001,5.301483154296875,
294.89999999999998,5.2810440063476562,
295,5.3142623901367188,
295.10000000000002,5.3500289916992188,
295.19999999999999,5.3679122924804688,
295.30000000000001,5.3909072875976562,
295.39999999999998,5.4011306762695312,
295.5,5.4011306762695312,
295.60000000000002,5.4292373657226562,
295.69999999999999,5.4266815185546875,
295.80000000000001,5.3704681396484375,
295.89999999999998,5.357696533203125,
296,5.3806915283203125,
296.10000000000002,5.4624481201171875,
296.19999999999999,5.6770706176757812,
296.30000000000001,5.909576416015625,
296.39999999999998,6.0705413818359375,
296.5,6.2621612548828125,
296.60000000000002,6.45123291015625,
296.69999999999999,6.5304412841796875,
296.80000000000001,6.4410171508789062,
296.89999999999998,6.1420822143554688,
297,5.8150405883789062,
297.10000000000002,5.5212173461914062,
297.19999999999999,5.1762924194335938,
297.30000000000001,4.9029006958007812,
297.39999999999998,4.7061691284179688,
297.5,4.529876708984375,
297.60000000000002,4.3663558959960938,
297.69999999999999,4.2564926147460938,
297.80000000000001,4.1772842407226562,
297.89999999999998,4.1006317138671875,
298,4.0725326538085938,
298.10000000000002,4.069976806640625,
298.19999999999999,4.0648651123046875,
298.30000000000001,4.0623092651367188,
298.39999999999998,4.0674209594726562,
298.5,4.0725326538085938,
298.60000000000002,4.0827484130859375,
298.69999999999999,4.0955276489257812,
298.80000000000001,4.1466217041015625,
298.89999999999998,4.2564926147460938,
299,4.3842391967773438,
299.10000000000002,4.5273208618164062,
299.19999999999999,4.75982666015625,
299.30000000000001,5.135406494140625,
299.39999999999998,5.5442123413085938,
299.5,5.95556640625,
299.60000000000002,6.4282379150390625,
299.69999999999999,6.8958053588867188,
299.80000000000001,7.2560577392578125,
299.89999999999998,7.537109375,
300,7.7057418823242188,7.2992701530456543
300.10000000000002,7.7542800903320312,
300.19999999999999,7.9203567504882812,
300.30000000000001,8.152862548828125,
300.39999999999998,8.2295150756835938,
300.5,8.1860809326171875,
300.60000000000002,8.0378875732421875,
300.69999999999999,7.749176025390625,
300.80000000000001,7.417022705078125,
300.89999999999998,7.1104202270507812,
301,6.847259521484375,
301.10000000000002,6.6198654174804688,
301.19999999999999,6.433349609375,
301.30000000000001,6.2493896484375,
301.39999999999998,6.0705413818359375,
301.5,5.95556640625,
301.60000000000002,5.835479736328125,
301.69999999999999,5.7281723022460938,
301.80000000000001,5.6080856323242188,
301.89999999999998,5.5058822631835938,
302,5.45733642578125,
302.10000000000002,5.449676513671875,
302.19999999999999,5.4368972778320312,
302.30000000000001,5.4164581298828125,
302.39999999999998,5.411346435546875,
302.5,5.3960189819335938,
302.60000000000002,5.319366455078125,
302.69999999999999,5.23760986328125,
302.80000000000001,5.2248306274414062,
302.89999999999998,5.2478256225585938,
303,5.2554931640625,
303.10000000000002,5.2580490112304688,
303.19999999999999,5.2708206176757812,
303.30000000000001,5.27337646484375,
303.39999999999998,5.27337646484375,
303.5,5.2887115478515625,
303.60000000000002,5.301483154296875,
303.69999999999999,5.3091506958007812,
303.80000000000001,5.2989273071289062,
303.89999999999998,5.2682723999023438,
304,5.2478256225585938,
304.10000000000002,5.2452774047851562,
304.19999999999999,5.2554931640625,
304.30000000000001,5.2478256225585938,
304.39999999999998,5.23760986328125,
304.5,5.2427215576171875,
304.60000000000002,5.2452774047851562,
304.69999999999999,5.2427215576171875,
304.80000000000001,5.2401657104492188,
304.89999999999998,5.2427215576171875,
305,5.2120590209960938,
305.10000000000002,5.1532974243164062,
305.19999999999999,5.1328506469726562,
305.30000000000001,5.1532974243164062,
305.39999999999998,5.1762924194335938,
305.5,5.191619873046875,
305.60000000000002,5.2018356323242188,
305.69999999999999,5.209503173828125,
305.80000000000001,5.3244781494140625,
305.89999999999998,5.687286376953125,
306,5.9121322631835938,
306.10000000000002,5.6847305297851562,
306.19999999999999,5.2631607055664062,
306.30000000000001,4.8952407836914062,
306.39999999999998,4.6678466796875,
306.5,4.5273208618164062,
306.60000000000002,4.437896728515625,
306.69999999999999,4.3867950439453125,
306.80000000000001,4.31781005859375,
306.89999999999998,4.2513809204101562,
307,4.2130508422851562,
307.10000000000002,4.1823959350585938,
307.19999999999999,4.1542892456054688,
307.30000000000001,4.1134109497070312,
307.39999999999998,4.0801925659179688,
307.5,4.1006317138671875,
307.60000000000002,4.179840087890625,
307.69999999999999,4.289703369140625,
307.80000000000001,4.3944625854492188,
307.89999999999998,4.50177001953125,
308,4.6141891479492188,
308.10000000000002,4.7087249755859375,
308.19999999999999,4.8109207153320312,
308.30000000000001,4.9233474731445312,
308.39999999999998,4.9667816162109375,
308.5,4.9540023803710938,
308.60000000000002,4.9872207641601562,
308.69999999999999,5.1021957397460938,
308.80000000000001,5.181396484375,
308.89999999999998,5.12774658203125,
309,5.0280990600585938,
309.10000000000002,4.9386749267578125,
309.19999999999999,4.8313674926757812,
309.30000000000001,4.7112808227539062,
309.39999999999998,4.5988616943359375,
309.5,4.4506683349609375,
309.60000000000002,4.3024826049804688,
309.69999999999999,4.2667083740234375,
309.80000000000001,4.271820068359375,
309.89999999999998,4.2488250732421875,
310,4.2590408325195312,7.2992701530456543
310.10000000000002,4.2590408325195312,
310.19999999999999,4.24371337890625,
310.30000000000001,4.2462692260742188,
310.39999999999998,4.2692642211914062,
310.5,4.2641525268554688,
310.60000000000002,4.2360458374023438,
310.69999999999999,4.2615966796875,
310.80000000000001,4.4302291870117188,
310.89999999999998,4.7444915771484375,
311,5.135406494140625,
311.10000000000002,5.5672073364257812,
311.19999999999999,6.0730972290039062,
311.30000000000001,6.663299560546875,
311.39999999999998,7.2483901977539062,
311.5,7.7236251831054688,
311.60000000000002,8.1324234008789062,
311.69999999999999,8.54888916015625,
311.80000000000001,8.9755706787109375,
311.89999999999998,9.5913314819335938,
312,10.378265380859375,
312.10000000000002,11.022125244140625,
312.19999999999999,11.627662658691406,
312.30000000000001,12.230644226074219,
312.39999999999998,12.573013305664062,
312.5,12.514251708984375,
312.60000000000002,11.622550964355469,
312.69999999999999,9.9515838623046875,
312.80000000000001,8.428802490234375,
312.89999999999998,7.565216064453125,
313,6.9315719604492188,
313.10000000000002,6.2749404907226562,
313.19999999999999,5.7716064453125,
313.30000000000001,5.393463134765625,
313.39999999999998,5.1047515869140625,
313.5,4.897796630859375,
313.60000000000002,4.7419357299804688,
313.69999999999999,4.6014175415039062,
313.80000000000001,4.4813308715820312,
313.89999999999998,4.4097900390625,
314,4.3867950439453125,
314.10000000000002,4.3203659057617188,
314.19999999999999,4.2181625366210938,
314.30000000000001,4.2028350830078125,
314.39999999999998,4.2462692260742188,
314.5,4.2973709106445312,
314.60000000000002,4.3254776000976562,
314.69999999999999,4.3612442016601562,
314.80000000000001,4.42767333984375,
314.89999999999998,4.5094375610351562,
315,4.6320724487304688,
315.10000000000002,4.7572708129882812,
315.19999999999999,4.8313674926757812,
315.30000000000001,4.9182357788085938,
315.39999999999998,5.043426513671875,
315.5,5.135406494140625,
315.60000000000002,5.1481857299804688,
315.69999999999999,5.0868606567382812,
315.80000000000001,4.9846649169921875,
315.89999999999998,4.8799057006835938,
316,4.8007049560546875,
316.10000000000002,4.749603271484375,
316.19999999999999,4.7010574340820312,
316.30000000000001,4.6193008422851562,
316.39999999999998,4.5528717041015625,
316.5,4.5452041625976562,
316.60000000000002,4.5400924682617188,
316.69999999999999,4.5324325561523438,
316.80000000000001,4.5324325561523438,
316.89999999999998,4.5247650146484375,
317,4.5119857788085938,
317.10000000000002,4.50177001953125,
317.19999999999999,4.4889907836914062,
317.30000000000001,4.4813308715820312,
317.39999999999998,4.4634475708007812,
317.5,4.4046783447265625,
317.60000000000002,4.345916748046875,
317.69999999999999,4.3152542114257812,
317.80000000000001,4.3101425170898438,
317.89999999999998,4.3331375122070312,
318,4.381683349609375,
318.10000000000002,4.4353408813476562,
318.19999999999999,4.50177001953125,
318.30000000000001,4.6065216064453125,
318.39999999999998,4.7725982666015625,
318.5,4.9718856811523438,
318.60000000000002,5.1098556518554688,
318.69999999999999,5.2197265625,
318.80000000000001,5.3065948486328125,
318.89999999999998,5.319366455078125,
319,5.2682723999023438,
319.10000000000002,5.1660690307617188,
319.19999999999999,5.0613174438476562,
319.30000000000001,4.9744415283203125,
319.39999999999998,4.9080123901367188,
319.5,4.86968994140625,
319.60000000000002,4.8288116455078125,
319.69999999999999,4.7368316650390625,
319.80000000000001,4.6320724487304688,
319.89999999999998,4.5733108520507812,
320,4.5452041625976562,0
320.10000000000002,4.5400924682617188,
320.19999999999999,4.5528717041015625,
320.30000000000001,4.5554275512695312,
320.39999999999998,4.5452041625976562,
320.5,4.53753662109375,
320.60000000000002,4.5400924682617188,
320.69999999999999,4.5400924682617188,
320.80000000000001,4.4941024780273438,
320.89999999999998,4.42767333984375,
321,4.3970108032226562,
321.10000000000002,4.4021224975585938,
321.19999999999999,4.4251174926757812,
321.30000000000001,4.4941024780273438,
321.39999999999998,4.7266082763671875,
321.5,5.0970840454101562,
321.60000000000002,5.4420089721679688,
321.69999999999999,5.82525634765625,
321.80000000000001,6.3439254760742188,
321.89999999999998,6.8728103637695312,
322,7.44512939453125,
322.10000000000002,8.170745849609375,
322.19999999999999,8.91680908203125,
322.30000000000001,9.6015472412109375,
322.39999999999998,10.2607421875,
322.5,10.973587036132812,
322.60000000000002,11.637886047363281,
322.69999999999999,12.013465881347656,
322.80000000000001,12.056900024414062,
322.89999999999998,11.9521484375,
323,11.6199951171875,
323.10000000000002,10.807510375976562,
323.19999999999999,10.209640502929688,
323.30000000000001,10.184089660644531,
323.39999999999998,10.092109680175781,
323.5,9.6960830688476562,
323.60000000000002,9.06500244140625,
323.69999999999999,8.4543533325195312,
323.80000000000001,7.9535751342773438,
323.89999999999998,7.4476852416992188,
324,6.8779220581054688,
324.10000000000002,6.2979354858398438,
324.19999999999999,5.8201522827148438,
324.30000000000001,5.4828872680664062,
324.39999999999998,5.2963714599609375,
324.5,5.2759323120117188,
324.60000000000002,5.3525848388671875,
324.69999999999999,5.393463134765625,
324.80000000000001,5.3244781494140625,
324.89999999999998,5.1558456420898438,
325,5.0332107543945312,
325.10000000000002,4.951446533203125,
325.19999999999999,4.8824615478515625,
325.30000000000001,4.7930374145507812,
325.39999999999998,4.621856689453125,
325.5,4.473663330078125,
325.60000000000002,4.4251174926757812,
325.69999999999999,4.4302291870117188,
325.80000000000001,4.455780029296875,
325.89999999999998,4.4200057983398438,
326,4.2948150634765625,
326.10000000000002,4.2615966796875,
326.19999999999999,4.3152542114257812,
326.30000000000001,4.35357666015625,
326.39999999999998,4.31781005859375,
326.5,4.2028350830078125,
326.60000000000002,4.087860107421875,
326.69999999999999,3.9831008911132812,
326.80000000000001,4.0009918212890625,
326.89999999999998,4.2283859252929688,
327,4.4149017333984375,
327.10000000000002,4.381683349609375,
327.19999999999999,4.3586883544921875,
327.30000000000001,4.4097900390625,
327.39999999999998,4.3689117431640625,
327.5,4.2615966796875,
327.60000000000002,4.2309417724609375,
327.69999999999999,4.253936767578125,
327.80000000000001,4.2462692260742188,
327.89999999999998,4.2564926147460938,
328,4.289703369140625,
328.10000000000002,4.3586883544921875,
328.19999999999999,4.5170974731445312,
328.30000000000001,4.6320724487304688,
328.39999999999998,4.6780624389648438,
328.5,4.7802658081054688,
328.60000000000002,4.961669921875,
328.69999999999999,5.1992874145507812,
328.80000000000001,5.4420089721679688,
328.89999999999998,5.5850906372070312,
329,5.5697555541992188,
329.10000000000002,5.4777755737304688,
329.19999999999999,5.3806915283203125,
329.30000000000001,5.2069473266601562,
329.39999999999998,4.961669921875,
329.5,4.7470474243164062,
329.60000000000002,4.61163330078125,
329.69999999999999,4.5349807739257812,
329.80000000000001,4.4787750244140625,
329.89999999999998,4.4225616455078125,
330,4.39190673828125,5.8252425193786621
330.10000000000002,4.42767333984375,
330.19999999999999,4.3612442016601562,
330.30000000000001,4.2028350830078125,
330.39999999999998,4.1440658569335938,
330.5,4.1031875610351562,
330.60000000000002,4.0418701171875,
330.69999999999999,4.0469818115234375,
330.80000000000001,4.07763671875,
330.89999999999998,4.0725326538085938,
331,4.05975341796875,
331.10000000000002,4.069976806640625,
331.19999999999999,4.0674209594726562,
331.30000000000001,4.087860107421875,
331.39999999999998,4.1517333984375,
331.5,4.2769317626953125,
331.60000000000002,4.767486572265625,
331.69999999999999,5.5237655639648438,
331.80000000000001,6.0782012939453125,
331.89999999999998,6.4818954467773438,
332,6.8165969848632812,
332.10000000000002,7.1180877685546875,
332.19999999999999,7.6546401977539062,
332.30000000000001,8.3317108154296875,
332.39999999999998,8.9423599243164062,
332.5,9.5734405517578125,
332.60000000000002,10.207084655761719,
332.69999999999999,10.508575439453125,
332.80000000000001,10.283737182617188,
332.89999999999998,9.9796905517578125,
333,9.8314971923828125,
333.10000000000002,9.5811080932617188,
333.19999999999999,9.2234115600585938,
333.30000000000001,8.7890625,
333.39999999999998,8.301055908203125,
333.5,7.8104934692382812,
333.60000000000002,7.2458419799804688,
333.69999999999999,6.6198654174804688,
333.80000000000001,6.00921630859375,
333.89999999999998,5.42156982421875,
334,4.94378662109375,
334.10000000000002,4.657623291015625,
334.19999999999999,4.5043258666992188,
334.30000000000001,4.4072341918945312,
334.39999999999998,4.35357666015625,
334.5,4.3408050537109375,
334.60000000000002,4.3510208129882812,
334.69999999999999,4.3867950439453125,
334.80000000000001,4.4021224975585938,
334.89999999999998,4.3842391967773438,
335,4.3663558959960938,
335.10000000000002,4.4021224975585938,
335.19999999999999,4.4200057983398438,
335.30000000000001,4.35357666015625,
335.39999999999998,4.3024826049804688,
335.5,4.2922592163085938,
335.60000000000002,4.2794876098632812,
335.69999999999999,4.1491775512695312,
335.80000000000001,3.8451309204101562,
335.89999999999998,3.599853515625,
336,3.3928985595703125,
336.10000000000002,3.2114944458007812,
336.19999999999999,3.21405029296875,
336.30000000000001,3.2906951904296875,
336.39999999999998,3.3290252685546875,
336.5,3.3494644165039062,
336.60000000000002,3.3392410278320312,
336.69999999999999,3.2293777465820312,
336.80000000000001,3.1092910766601562,
336.89999999999998,3.0862960815429688,
337,3.0862960815429688,
337.10000000000002,3.0965194702148438,
337.19999999999999,3.1092910766601562,
337.30000000000001,3.0735244750976562,
337.39999999999998,3.0428619384765625,
337.5,2.9994277954101562,
337.60000000000002,2.9355545043945312,
337.69999999999999,2.8946762084960938,
337.80000000000001,2.9381103515625,
337.89999999999998,3.1092910766601562,
338,3.295806884765625,
338.10000000000002,3.5027618408203125,
338.19999999999999,3.8783493041992188,
338.30000000000001,4.4072341918945312,
338.39999999999998,4.8926849365234375,
338.5,5.3398056030273438,
338.60000000000002,5.8303680419921875,
338.69999999999999,6.2826004028320312,
338.80000000000001,6.6198654174804688,
338.89999999999998,6.7016220092773438,
339,6.5202178955078125,
339.10000000000002,6.2238388061523438,
339.19999999999999,5.697509765625,
339.30000000000001,5.135406494140625,
339.39999999999998,4.933563232421875,
339.5,4.9821090698242188,
339.60000000000002,5.0229873657226562,
339.69999999999999,5.0587615966796875,
339.80000000000001,5.0945281982421875,
339.89999999999998,5.0229873657226562,
340,4.859466552734375,5.9288539886474609
340.10000000000002,4.8032608032226562,
340.19999999999999,4.7010574340820312,
340.30000000000001,4.5426483154296875,
340.39999999999998,4.5094375610351562,
340.5,4.5247650146484375,
340.60000000000002,4.5630874633789062,
340.69999999999999,4.621856689453125,
340.80000000000001,4.6652908325195312,
340.89999999999998,4.6627349853515625,
341,4.6806182861328125,
341.10000000000002,4.6959457397460938,
341.19999999999999,4.657623291015625,
341.30000000000001,4.6244125366210938,
341.39999999999998,4.657623291015625,
341.5,4.7802658081054688,
341.60000000000002,4.9667816162109375,
341.69999999999999,5.1558456420898438,
341.80000000000001,5.3525848388671875,
341.89999999999998,5.6591873168945312,
342,6.2493896484375,
342.10000000000002,6.9366836547851562,
342.19999999999999,7.3940277099609375,
342.30000000000001,7.6597518920898438,
342.39999999999998,7.8539276123046875,
342.5,8.0583267211914062,
342.60000000000002,8.4339141845703125,
342.69999999999999,8.9704666137695312,
342.80000000000001,9.2975006103515625,
342.89999999999998,9.2975006103515625,
343,9.0854415893554688,
343.10000000000002,8.6996307373046875,
343.19999999999999,8.1835250854492188,
343.30000000000001,7.7006301879882812,
343.39999999999998,7.4425735473632812,
343.5,7.250946044921875,
343.60000000000002,6.9903411865234375,
343.69999999999999,6.7859420776367188,
343.80000000000001,6.6224212646484375,
343.89999999999998,6.3515853881835938,
344,6.0066604614257812,
344.10000000000002,5.7179489135742188,
344.19999999999999,5.4777755737304688,
344.30000000000001,5.2478256225585938,
344.39999999999998,5.05364990234375,
344.5,4.8875732421875,
344.60000000000002,4.7444915771484375,
344.69999999999999,4.6550674438476562,
344.80000000000001,4.5707550048828125,
344.89999999999998,4.4659957885742188,
345,4.381683349609375,
345.10000000000002,4.3331375122070312,
345.19999999999999,4.3101425170898438,
345.30000000000001,4.289703369140625,
345.39999999999998,4.2794876098632812,
345.5,4.2845916748046875,
345.60000000000002,4.2922592163085938,
345.69999999999999,4.307586669921875,
345.80000000000001,4.3229217529296875,
345.89999999999998,4.2973709106445312,
346,4.253936767578125,
346.10000000000002,4.2462692260742188,
346.19999999999999,4.2513809204101562,
346.30000000000001,4.2564926147460938,
346.39999999999998,4.2743759155273438,
346.5,4.2973709106445312,
346.60000000000002,4.2922592163085938,
346.69999999999999,4.271820068359375,
346.80000000000001,4.2513809204101562,
346.89999999999998,4.2462692260742188,
347,4.2232742309570312,
347.10000000000002,4.1389617919921875,
347.19999999999999,4.0674209594726562,
347.30000000000001,4.0801925659179688,
347.39999999999998,4.1108551025390625,
347.5,4.1287384033203125,
347.60000000000002,4.1721725463867188,
347.69999999999999,4.2207183837890625,
347.80000000000001,4.2922592163085938,
347.89999999999998,4.3893508911132812,
348,4.437896728515625,
348.10000000000002,4.491546630859375,
348.19999999999999,4.6346282958984375,
348.30000000000001,4.851806640625,
348.39999999999998,5.117523193359375,
348.5,5.3449172973632812,
348.60000000000002,5.5927505493164062,
348.69999999999999,5.9223480224609375,
348.80000000000001,6.3362579345703125,
348.89999999999998,6.865142822265625,
349,7.066986083984375,
349.10000000000002,6.8063812255859375,
349.19999999999999,6.3362579345703125,
349.30000000000001,5.7716064453125,
349.39999999999998,5.375579833984375,
349.5,5.2452774047851562,
349.60000000000002,5.1456298828125,
349.69999999999999,4.9872207641601562,
349.80000000000001,4.8364715576171875,
349.89999999999998,4.7291641235351562,
350,4.6882858276367188,5.9820537567138672
350.10000000000002,4.6908416748046875,
350.19999999999999,4.6499557495117188,
350.30000000000001,4.4864425659179688,
350.39999999999998,4.35357666015625,
350.5,4.2973709106445312,
350.60000000000002,4.2360458374023438,
350.69999999999999,4.2105026245117188,
350.80000000000001,4.253936767578125,
350.89999999999998,4.2845916748046875,
351,4.455780029296875,
351.10000000000002,4.9974365234375,
351.19999999999999,5.6131973266601562,
351.30000000000001,6.0501022338867188,
351.39999999999998,6.3592529296875,
351.5,6.5687637329101562,
351.60000000000002,6.645416259765625,
351.69999999999999,6.607086181640625,
351.80000000000001,6.5483245849609375,
351.89999999999998,6.5227737426757812,
352,6.4307937622070312,
352.10000000000002,6.2263946533203125,
352.19999999999999,6.00921630859375,
352.30000000000001,5.8048171997070312,
352.39999999999998,5.6566314697265625,
352.5,5.6157455444335938,
352.60000000000002,5.64129638671875,
352.69999999999999,5.6668472290039062,
352.80000000000001,5.669403076171875,
352.89999999999998,5.6770706176757812,
353,5.6949539184570312,
353.10000000000002,5.697509765625,
353.19999999999999,5.6847305297851562,
353.30000000000001,5.6259689331054688,
353.39999999999998,5.5748672485351562,
353.5,5.5799789428710938,
353.60000000000002,5.60552978515625,
353.69999999999999,5.6310806274414062,
353.80000000000001,5.6438522338867188,
353.89999999999998,5.6617355346679688,
354,5.6668472290039062,
354.10000000000002,5.669403076171875,
354.19999999999999,5.687286376953125,
354.30000000000001,5.6642913818359375,
354.39999999999998,5.5978622436523438,
354.5,5.5723114013671875,
354.60000000000002,5.587646484375,
354.69999999999999,5.6183013916015625,
354.80000000000001,5.6361923217773438,
354.89999999999998,5.651519775390625,
355,5.6745147705078125,
355.10000000000002,5.7971572875976562,
355.19999999999999,5.9760055541992188,
355.30000000000001,6.0398788452148438,
355.39999999999998,6.0066604614257812,
355.5,5.9530105590820312,
355.60000000000002,6.00921630859375,
355.69999999999999,6.1957321166992188,
355.80000000000001,6.3337020874023438,
355.89999999999998,6.3439254760742188,
356,6.2647171020507812,
356.10000000000002,6.1037521362304688,
356.19999999999999,5.909576416015625,
356.30000000000001,5.7230606079101562,
356.39999999999998,5.541656494140625,
356.5,5.3602523803710938,
356.60000000000002,5.1609573364257812,
356.69999999999999,5.007659912109375,
356.80000000000001,4.9131240844726562,
356.89999999999998,4.7904815673828125,
357,4.675506591796875,
357.10000000000002,4.61163330078125,
357.19999999999999,4.59375,
357.30000000000001,4.5911941528320312,
357.39999999999998,4.5605316162109375,
357.5,4.4762191772460938,
357.60000000000002,4.39190673828125,
357.69999999999999,4.3867950439453125,
357.80000000000001,4.4481124877929688,
357.89999999999998,4.57586669921875,
358,4.7572708129882812,
358.10000000000002,4.94378662109375,
358.19999999999999,5.1481857299804688,
358.30000000000001,5.3806915283203125,
358.39999999999998,5.5825347900390625,
358.5,5.6923980712890625,
358.60000000000002,5.8099288940429688,
358.69999999999999,6.0245513916015625,
358.80000000000001,6.2289505004882812,
358.89999999999998,6.3566970825195312,
359,6.4026870727539062,
359.10000000000002,6.4129104614257812,
359.19999999999999,6.3822479248046875,
359.30000000000001,6.295379638671875,
359.39999999999998,6.1778488159179688,
359.5,5.9913330078125,
359.60000000000002,5.7741622924804688,
359.69999999999999,5.6106414794921875,
359.80000000000001,5.503326416015625,
359.89999999999998,5.4343414306640625,
360,5.357696533203125,11.070110321044922
360.10000000000002,5.2861557006835938,
360.19999999999999,5.2146148681640625,
360.30000000000001,5.1073074340820312,
360.39999999999998,5.0332107543945312,
360.5,4.9565582275390625,
360.60000000000002,4.8007049560546875,
360.69999999999999,4.68572998046875,
360.80000000000001,4.657623291015625,
360.89999999999998,4.59375,
361,4.4889907836914062,
361.10000000000002,4.4404525756835938,
361.19999999999999,4.3689117431640625,
361.30000000000001,4.2181625366210938,
361.39999999999998,4.13385009765625,
361.5,4.1594009399414062,
361.60000000000002,4.2794876098632812,
361.69999999999999,4.5145416259765625,
361.80000000000001,4.7266082763671875,
361.89999999999998,4.9233474731445312,
362,5.1992874145507812,
362.10000000000002,5.45733642578125,
362.19999999999999,5.743499755859375,
362.30000000000001,6.1139755249023438,
362.39999999999998,6.4359054565429688,
362.5,6.5329971313476562,
362.60000000000002,6.3848037719726562,
362.69999999999999,6.185516357421875,
362.80000000000001,6.0501022338867188,
362.89999999999998,5.8763580322265625,
363,5.5672073364257812,
363.10000000000002,5.3091506958007812,
363.19999999999999,5.2120590209960938,
363.30000000000001,5.1251907348632812,
363.39999999999998,4.9923324584960938,
363.5,4.8364715576171875,
363.60000000000002,4.6678466796875,
363.69999999999999,4.5528717041015625,
363.80000000000001,4.4992141723632812,
363.89999999999998,4.4659957885742188,
364,4.4481124877929688,
364.10000000000002,4.4353408813476562,
364.19999999999999,4.4225616455078125,
364.30000000000001,4.42767333984375,
364.39999999999998,4.4532241821289062,
364.5,4.4608917236328125,
364.60000000000002,4.4404525756835938,
364.69999999999999,4.3970108032226562,
364.80000000000001,4.3408050537109375,
364.89999999999998,4.3024826049804688,
365,4.2999267578125,
365.10000000000002,4.3229217529296875,
365.19999999999999,4.3382492065429688,
365.30000000000001,4.3510208129882812,
365.39999999999998,4.345916748046875,
365.5,4.3382492065429688,
365.60000000000002,4.3408050537109375,
365.69999999999999,4.3382492065429688,
365.80000000000001,4.2922592163085938,
365.89999999999998,4.2411575317382812,
366,4.2488250732421875,
366.10000000000002,4.3126983642578125,
366.19999999999999,4.4302291870117188,
366.30000000000001,4.5911941528320312,
366.39999999999998,4.8109207153320312,
366.5,5.0613174438476562,
366.60000000000002,5.319366455078125,
366.69999999999999,5.6029739379882812,
366.80000000000001,5.8891372680664062,
366.89999999999998,6.15740966796875,
367,6.4384613037109375,
367.10000000000002,6.6939620971679688,
367.19999999999999,6.8242645263671875,
367.30000000000001,6.7782745361328125,
367.39999999999998,6.6173095703125,
367.5,6.4716720581054688,
367.60000000000002,6.3541412353515625,
367.69999999999999,6.2289505004882812,
367.80000000000001,6.0398788452148438,
367.89999999999998,5.7639389038085938,
368,5.5058822631835938,
368.10000000000002,5.3347015380859375,
368.19999999999999,5.1967315673828125,
368.30000000000001,5.0204315185546875,
368.39999999999998,4.8441390991210938,
368.5,4.7266082763671875,
368.60000000000002,4.6448516845703125,
368.69999999999999,4.529876708984375,
368.80000000000001,4.3791275024414062,
368.89999999999998,4.2922592163085938,
369,4.3663558959960938,
369.10000000000002,4.3944625854492188,
369.19999999999999,4.4097900390625,
369.30000000000001,4.5068817138671875,
369.39999999999998,4.529876708984375,
369.5,4.5579757690429688,
369.60000000000002,4.5605316162109375,
369.69999999999999,4.4864425659179688,
369.80000000000001,4.3970108032226562,
369.89999999999998,4.2922592163085938,
370,4.2386016845703125,4.9261083602905273
370.10000000000002,4.24371337890625,
370.19999999999999,4.2692642211914062,
370.30000000000001,4.2922592163085938,
370.39999999999998,4.3510208129882812,
370.5,4.2845916748046875,
370.60000000000002,4.2794876098632812,
370.69999999999999,4.8083724975585938,
370.80000000000001,5.6234130859375,
370.89999999999998,6.5738754272460938,
371,7.62908935546875,
371.10000000000002,8.3981475830078125,
371.19999999999999,8.8503799438476562,
371.30000000000001,9.1978607177734375,
371.39999999999998,9.312835693359375,
371.5,9.1033248901367188,
371.60000000000002,8.9398040771484375,
371.69999999999999,9.0062332153320312,
371.80000000000001,9.1901931762695312,
371.89999999999998,9.3256072998046875,
372,9.2770614624023438,
372.10000000000002,9.036895751953125,
372.19999999999999,8.7175216674804688,
372.30000000000001,8.3828125,
372.39999999999998,8.0174484252929688,
372.5,7.5933151245117188,
372.60000000000002,7.1078720092773438,
372.69999999999999,6.5585403442382812,
372.80000000000001,6.0066604614257812,
372.89999999999998,5.5467605590820312,
373,5.173736572265625,
373.10000000000002,4.8645782470703125,
373.19999999999999,4.6346282958984375,
373.30000000000001,4.491546630859375,
373.39999999999998,4.4123458862304688,
373.5,4.3433609008789062,
373.60000000000002,4.2615966796875,
373.69999999999999,4.2002792358398438,
373.80000000000001,4.1542892456054688,
373.89999999999998,4.115966796875,
374,4.0904159545898438,
374.10000000000002,4.0418701171875,
374.19999999999999,3.9575576782226562,
374.30000000000001,3.8962326049804688,
374.39999999999998,3.886016845703125,
374.5,3.8962326049804688,
374.60000000000002,3.9013442993164062,
374.69999999999999,3.9013442993164062,
374.80000000000001,3.9141159057617188,
374.89999999999998,3.9294509887695312,
375,3.9371109008789062,
375.10000000000002,3.94989013671875,
375.19999999999999,3.9371109008789062,
375.30000000000001,3.9013442993164062,
375.39999999999998,3.87579345703125,
375.5,3.8630218505859375,
375.60000000000002,3.8272476196289062,
375.69999999999999,3.8195877075195312,
375.80000000000001,3.8630218505859375,
375.89999999999998,3.9115676879882812,
376,3.9677734375,
376.10000000000002,4.0188751220703125,
376.19999999999999,4.0367584228515625,
376.30000000000001,3.9524459838867188,
376.39999999999998,3.8374710083007812,
376.5,3.8706817626953125,
376.60000000000002,3.9933242797851562,
376.69999999999999,4.0648651123046875,
376.80000000000001,4.0725326538085938,
376.89999999999998,4.0955276489257812,
377,4.1210708618164062,
377.10000000000002,4.1287384033203125,
377.19999999999999,4.1415176391601562,
377.30000000000001,4.1900558471679688,
377.39999999999998,4.0342025756835938,
377.5,3.7250518798828125,
377.60000000000002,3.7582626342773438,
377.69999999999999,4.2641525268554688,
377.80000000000001,5.025543212890625,
377.89999999999998,5.7767105102539062,
378,6.6556320190429688,
378.10000000000002,7.802825927734375,
378.19999999999999,8.9372482299804688,
378.30000000000001,9.8187255859375,
378.39999999999998,10.503463745117188,
378.5,11.175430297851562,
378.60000000000002,11.834617614746094,
378.69999999999999,12.455482482910156,
378.80000000000001,12.956260681152344,
378.89999999999998,12.99969482421875,
379,12.818290710449219,
379.10000000000002,13.135116577148438,
379.19999999999999,13.824966430664062,
379.30000000000001,14.328300476074219,
379.39999999999998,14.379402160644531,
379.5,13.858177185058594,
379.60000000000002,13.411056518554688,
379.69999999999999,13.198989868164062,
379.80000000000001,12.805519104003906,
379.89999999999998,12.2843017578125,
380,11.719642639160156,8.0645160675048828
380.10000000000002,11.075782775878906,
380.19999999999999,10.273513793945312,
380.30000000000001,9.4661331176757812,
380.39999999999998,8.7302932739257812,
380.5,7.9995651245117188,
380.60000000000002,7.2662811279296875,
380.69999999999999,6.645416259765625,
380.80000000000001,6.1267471313476562,
380.89999999999998,5.5748672485351562,
381,5.0919723510742188,
381.10000000000002,4.7904815673828125,
381.19999999999999,4.5579757690429688,
381.30000000000001,4.3152542114257812,
381.39999999999998,4.1185226440429688,
381.5,3.9805526733398438,
381.60000000000002,3.8809051513671875,
381.69999999999999,3.7608184814453125,
381.80000000000001,3.6509552001953125,
381.89999999999998,3.627960205078125,
382,3.6356277465820312,
382.10000000000002,3.65606689453125,
382.19999999999999,3.663726806640625,
382.30000000000001,3.6509552001953125,
382.39999999999998,3.6381759643554688,
382.5,3.6202926635742188,
382.60000000000002,3.6049652099609375,
382.69999999999999,3.5947418212890625,
382.80000000000001,3.5513076782226562,
382.89999999999998,3.5104293823242188,
383,3.5027618408203125,
383.10000000000002,3.5155410766601562,
383.19999999999999,3.5334243774414062,
383.30000000000001,3.5461959838867188,
383.39999999999998,3.5564193725585938,
383.5,3.5666427612304688,
383.60000000000002,3.5768585205078125,
383.69999999999999,3.5972976684570312,
383.80000000000001,3.599853515625,
383.89999999999998,3.5640869140625,
384,3.535980224609375,
384.10000000000002,3.535980224609375,
384.19999999999999,3.553863525390625,
384.30000000000001,3.5768585205078125,
384.39999999999998,3.5896377563476562,
384.5,3.5972976684570312,
384.60000000000002,3.6024093627929688,
384.69999999999999,3.610076904296875,
384.80000000000001,3.6151809692382812,
384.89999999999998,3.61773681640625,
385,3.5921859741210938,
385.10000000000002,3.571746826171875,
385.19999999999999,3.5947418212890625,
385.30000000000001,3.6407318115234375,
385.39999999999998,3.6943893432617188,
385.5,3.7710418701171875,
385.60000000000002,3.87579345703125,
385.69999999999999,3.9831008911132812,
385.80000000000001,4.0929718017578125,
385.89999999999998,4.24371337890625,
386,4.3765716552734375,
386.10000000000002,4.3867950439453125,
386.19999999999999,4.3050308227539062,
386.30000000000001,4.225830078125,
386.39999999999998,4.1542892456054688,
386.5,4.1108551025390625,
386.60000000000002,4.0929718017578125,
386.69999999999999,4.0750808715820312,
386.80000000000001,4.0571975708007812,
386.89999999999998,4.031646728515625,
387,4.0086517333984375,
387.10000000000002,3.9652175903320312,
387.19999999999999,3.8732376098632812,
387.30000000000001,3.80169677734375,
387.39999999999998,3.7812576293945312,
387.5,3.7735977172851562,
387.60000000000002,3.7633743286132812,
387.69999999999999,3.7531509399414062,
387.80000000000001,3.7506027221679688,
387.89999999999998,3.755706787109375,
388,3.7531509399414062,
388.10000000000002,3.7582626342773438,
388.19999999999999,3.748046875,
388.30000000000001,3.6841659545898438,
388.39999999999998,3.6305160522460938,
388.5,3.627960205078125,
388.60000000000002,3.6483993530273438,
388.69999999999999,3.6586227416992188,
388.80000000000001,3.6381759643554688,
388.89999999999998,3.50787353515625,
389,3.35968017578125,
389.10000000000002,3.35968017578125,
389.19999999999999,3.461883544921875,
389.30000000000001,3.5640869140625,
389.39999999999998,3.6765060424804688,
389.5,3.8655776977539062,
389.60000000000002,4.1031875610351562,
389.69999999999999,4.3484725952148438,
389.80000000000001,4.57586669921875,
389.89999999999998,4.8007049560546875,
390,4.97955322265625,8.0645160675048828
390.10000000000002,4.9999923706054688,
390.19999999999999,4.8952407836914062,
390.30000000000001,4.7342758178710938,
390.39999999999998,4.5324325561523438,
390.5,4.3663558959960938,
390.60000000000002,4.2820358276367188,
390.69999999999999,4.2667083740234375,
390.80000000000001,4.2053909301757812,
390.89999999999998,4.0955276489257812,
391,4.1772842407226562,
391.10000000000002,4.3842391967773438,
391.19999999999999,4.5733108520507812,
391.30000000000001,4.6499557495117188,
391.39999999999998,4.6320724487304688,
391.5,4.7240524291992188,
391.60000000000002,4.8007049560546875,
391.69999999999999,4.6933975219726562,
391.80000000000001,4.5094375610351562,
391.89999999999998,4.399566650390625,
392,4.473663330078125,
392.10000000000002,4.5605316162109375,
392.19999999999999,4.4430007934570312,
392.30000000000001,4.271820068359375,
392.39999999999998,4.13385009765625,
392.5,4.0444259643554688,
392.60000000000002,3.9984359741210938,
392.69999999999999,3.939666748046875,
392.80000000000001,3.8809051513671875,
392.89999999999998,3.829803466796875,
393,3.7965927124023438,
393.10000000000002,3.7761459350585938,
393.19999999999999,3.7889251708984375,
393.30000000000001,3.8144760131835938,
393.39999999999998,3.8144760131835938,
393.5,3.8221359252929688,
393.60000000000002,3.8706817626953125,
393.69999999999999,3.94989013671875,
393.80000000000001,4.0520858764648438,
393.89999999999998,4.1951675415039062,
394,4.3842391967773438,
394.10000000000002,4.5911941528320312,
394.19999999999999,4.8160324096679688,
394.30000000000001,5.0587615966796875,
394.39999999999998,5.2350540161132812,
394.5,5.4036865234375,
394.60000000000002,5.651519775390625,
394.69999999999999,5.9249038696289062,
394.80000000000001,6.2366104125976562,
394.89999999999998,6.56109619140625,
395,6.8395919799804688,
395.10000000000002,7.0848770141601562,
395.19999999999999,7.3148269653320312,
395.30000000000001,7.4783401489257812,
395.39999999999998,7.5166702270507812,
395.5,7.4195785522460938,
395.60000000000002,7.1819610595703125,
395.69999999999999,6.8344802856445312,
395.80000000000001,6.4282379150390625,
395.89999999999998,6.08331298828125,
396,5.7307205200195312,
396.10000000000002,5.2299423217773438,
396.19999999999999,4.7470474243164062,
396.30000000000001,4.4097900390625,
396.39999999999998,4.225830078125,
396.5,4.0853042602539062,
396.60000000000002,3.9064559936523438,
396.69999999999999,3.7889251708984375,
396.80000000000001,3.755706787109375,
396.89999999999998,3.7301559448242188,
397,3.6841659545898438,
397.10000000000002,3.702056884765625,
397.19999999999999,3.7633743286132812,
397.30000000000001,3.7582626342773438,
397.39999999999998,3.6688385009765625,
397.5,3.5666427612304688,
397.60000000000002,3.5640869140625,
397.69999999999999,3.6816177368164062,
397.80000000000001,3.85791015625,
397.89999999999998,4.0393142700195312,
398,4.1951675415039062,
398.10000000000002,4.3203659057617188,
398.19999999999999,4.5043258666992188,
398.30000000000001,4.7087249755859375,
398.39999999999998,4.8032608032226562,
398.5,4.8109207153320312,
398.60000000000002,4.7163925170898438,
398.69999999999999,4.583526611328125,
398.80000000000001,4.437896728515625,
398.89999999999998,4.289703369140625,
399,4.1747283935546875,
399.10000000000002,4.123626708984375,
399.19999999999999,4.1926116943359375,
399.30000000000001,4.3126983642578125,
399.39999999999998,4.2845916748046875,
399.5,4.197723388671875,
399.60000000000002,4.2411575317382812,
399.69999999999999,4.4251174926757812,
399.80000000000001,4.8671340942382812,
399.89999999999998,5.4471206665039062,
400,6.093536376953125,8.0645160675048828
400.10000000000002,6.829376220703125,
400.19999999999999,7.51922607421875,
400.30000000000001,8.1886367797851562,
400.39999999999998,8.7635116577148438,
400.5,8.998565673828125,
400.60000000000002,8.7302932739257812,
400.69999999999999,8.1937408447265625,
400.80000000000001,7.7057418823242188,
400.89999999999998,7.289276123046875,
401,6.9826736450195312,
401.10000000000002,6.8600311279296875,
401.19999999999999,6.78338623046875,
401.30000000000001,6.4180221557617188,
401.39999999999998,5.8227005004882812,
401.5,5.3985748291015625,
401.60000000000002,5.1890640258789062,
401.69999999999999,5.0306549072265625,
401.80000000000001,4.9182357788085938,
401.89999999999998,4.8288116455078125,
402,4.7521591186523438,
402.10000000000002,4.7163925170898438,
402.19999999999999,4.6627349853515625,
402.30000000000001,4.5605316162109375,
402.39999999999998,4.4506683349609375,
402.5,4.3586883544921875,
402.60000000000002,4.3050308227539062,
402.69999999999999,4.2999267578125,
402.80000000000001,4.3101425170898438,
402.89999999999998,4.2948150634765625,
403,4.289703369140625,
403.10000000000002,4.2948150634765625,
403.19999999999999,4.289703369140625,
403.30000000000001,4.3050308227539062,
403.39999999999998,4.35357666015625,
403.5,4.3433609008789062,
403.60000000000002,4.2871475219726562,
403.69999999999999,4.2615966796875,
403.80000000000001,4.2794876098632812,
403.89999999999998,4.2513809204101562,
404,4.0495376586914062,
404.10000000000002,3.8732376098632812,
404.19999999999999,3.8732376098632812,
404.30000000000001,3.9166717529296875,
404.39999999999998,3.94989013671875,
404.5,4.0342025756835938,
404.60000000000002,4.1440658569335938,
404.69999999999999,4.197723388671875,
404.80000000000001,4.1312942504882812,
404.89999999999998,4.0188751220703125,
405,3.9524459838867188,
405.10000000000002,3.9575576782226562,
405.19999999999999,4.02398681640625,
405.30000000000001,4.2053909301757812,
405.39999999999998,4.48388671875,
405.5,4.7623825073242188,
405.60000000000002,5.0766448974609375,
405.69999999999999,5.3398056030273438,
405.80000000000001,5.4828872680664062,
405.89999999999998,5.6821823120117188,
406,5.9964447021484375,
406.10000000000002,6.2519454956054688,
406.19999999999999,6.4180221557617188,
406.30000000000001,6.56109619140625,
406.39999999999998,6.5687637329101562,
406.5,6.4205703735351562,
406.60000000000002,6.26727294921875,
406.69999999999999,6.111419677734375,
406.80000000000001,5.8967971801757812,
406.89999999999998,5.6949539184570312,
407,5.6106414794921875,
407.10000000000002,5.6540756225585938,
407.19999999999999,5.7026214599609375,
407.30000000000001,5.7000656127929688,
407.39999999999998,5.7179489135742188,
407.5,5.7460556030273438,
407.60000000000002,5.6949539184570312,
407.69999999999999,5.5697555541992188,
407.80000000000001,5.4471206665039062,
407.89999999999998,5.34747314453125,
408,5.2682723999023438,
408.10000000000002,5.209503173828125,
408.19999999999999,5.0945281982421875,
408.30000000000001,4.9258956909179688,
408.39999999999998,4.7879257202148438,
408.5,4.6959457397460938,
408.60000000000002,4.6371841430664062,
408.69999999999999,4.5324325561523438,
408.80000000000001,4.3510208129882812,
408.89999999999998,4.1951675415039062,
409,4.115966796875,
409.10000000000002,4.087860107421875,
409.19999999999999,4.0469818115234375,
409.30000000000001,4.0035476684570312,
409.39999999999998,3.9703292846679688,
409.5,3.9601058959960938,
409.60000000000002,3.9882125854492188,
409.69999999999999,4.0444259643554688,
409.80000000000001,4.0418701171875,
409.89999999999998,4.0112075805664062,
410,4.0393142700195312,2.9268293380737305
410.10000000000002,4.0853042602539062,
410.19999999999999,4.16961669921875,
410.30000000000001,4.3791275024414062,
410.39999999999998,4.6806182861328125,
410.5,4.9693374633789062,
410.60000000000002,5.1865081787109375,
410.69999999999999,5.2963714599609375,
410.80000000000001,5.23760986328125,
410.89999999999998,5.007659912109375,
411,4.7700424194335938,
411.10000000000002,4.6167449951171875,
411.19999999999999,4.5273208618164062,
411.30000000000001,4.4532241821289062,
411.39999999999998,4.3765716552734375,
411.5,4.2973709106445312,
411.60000000000002,4.2564926147460938,
411.69999999999999,4.253936767578125,
411.80000000000001,4.2564926147460938,
411.89999999999998,4.2002792358398438,
412,4.13385009765625,
412.10000000000002,4.1134109497070312,
412.19999999999999,4.1108551025390625,
412.30000000000001,4.115966796875,
412.39999999999998,4.1108551025390625,
412.5,4.1031875610351562,
412.60000000000002,4.1312942504882812,
412.69999999999999,4.1645126342773438,
412.80000000000001,4.1594009399414062,
412.89999999999998,4.1466217041015625,
413,4.123626708984375,
413.10000000000002,4.069976806640625,
413.19999999999999,4.0418701171875,
413.30000000000001,4.0546417236328125,
413.39999999999998,4.0623092651367188,
413.5,4.0623092651367188,
413.60000000000002,4.0750808715820312,
413.69999999999999,4.1364059448242188,
413.80000000000001,4.2615966796875,
413.89999999999998,4.39190673828125,
414,4.5324325561523438,
414.10000000000002,4.6652908325195312,
414.19999999999999,4.7777099609375,
414.30000000000001,5.1073074340820312,
414.39999999999998,5.4828872680664062,
414.5,5.7690505981445312,
414.60000000000002,6.0909805297851562,
414.69999999999999,6.313262939453125,
414.80000000000001,6.4180221557617188,
414.89999999999998,6.423126220703125,
415,6.3030471801757812,
415.10000000000002,6.0449905395507812,
415.19999999999999,5.7307205200195312,
415.30000000000001,5.485443115234375,
415.39999999999998,5.3321456909179688,
415.5,5.2248306274414062,
415.60000000000002,5.0766448974609375,
415.69999999999999,4.8901290893554688,
415.80000000000001,4.7777099609375,
415.89999999999998,4.7623825073242188,
416,4.7853775024414062,
416.10000000000002,4.7163925170898438,
416.19999999999999,4.5247650146484375,
416.30000000000001,4.3663558959960938,
416.39999999999998,4.2769317626953125,
416.5,4.2232742309570312,
416.60000000000002,4.1926116943359375,
416.69999999999999,4.1747283935546875,
416.80000000000001,4.2028350830078125,
416.89999999999998,4.2667083740234375,
417,4.307586669921875,
417.10000000000002,4.289703369140625,
417.19999999999999,4.215606689453125,
417.30000000000001,4.1542892456054688,
417.39999999999998,4.1312942504882812,
417.5,4.13385009765625,
417.60000000000002,4.1312942504882812,
417.69999999999999,4.1312942504882812,
417.80000000000001,4.1466217041015625,
417.89999999999998,4.1747283935546875,
418,4.2462692260742188,
418.10000000000002,4.3305816650390625,
418.19999999999999,4.4149017333984375,
418.30000000000001,4.5681991577148438,
418.39999999999998,4.8160324096679688,
418.5,5.0868606567382812,
418.60000000000002,5.3347015380859375,
418.69999999999999,5.6259689331054688,
418.80000000000001,5.9351272583007812,
418.89999999999998,6.1650772094726562,
419,6.3745803833007812,
419.10000000000002,6.5585403442382812,
419.19999999999999,6.6300811767578125,
419.30000000000001,6.5815353393554688,
419.39999999999998,6.4640121459960938,
419.5,6.3720321655273438,
419.60000000000002,6.3081512451171875,
419.69999999999999,6.2263946533203125,
419.80000000000001,6.1420822143554688,
419.89999999999998,5.9581222534179688,
420,5.669403076171875,10.084033012390137
420.10000000000002,5.4650039672851562,
420.19999999999999,5.3500289916992188,
420.30000000000001,5.2631607055664062,
420.39999999999998,5.1839523315429688,
420.5,5.0945281982421875,
420.60000000000002,5.043426513671875,
420.69999999999999,5.081756591796875,
420.80000000000001,5.1456298828125,
420.89999999999998,5.1047515869140625,
421,4.9872207641601562,
421.10000000000002,4.8926849365234375,
421.19999999999999,4.8466949462890625,
421.30000000000001,4.8288116455078125,
421.39999999999998,4.767486572265625,
421.5,4.6371841430664062,
421.60000000000002,4.4992141723632812,
421.69999999999999,4.3740158081054688,
421.80000000000001,4.2641525268554688,
421.89999999999998,4.1517333984375,
422,4.05975341796875,
422.10000000000002,4.0290908813476562,
422.19999999999999,4.02398681640625,
422.30000000000001,4.02398681640625,
422.39999999999998,4.0367584228515625,
422.5,4.0648651123046875,
422.60000000000002,4.1287384033203125,
422.69999999999999,4.2309417724609375,
422.80000000000001,4.31781005859375,
422.89999999999998,4.345916748046875,
423,4.3254776000976562,
423.10000000000002,4.2871475219726562,
423.19999999999999,4.2641525268554688,
423.30000000000001,4.2513809204101562,
423.39999999999998,4.2488250732421875,
423.5,4.2488250732421875,
423.60000000000002,4.2462692260742188,
423.69999999999999,4.2360458374023438,
423.80000000000001,4.2564926147460938,
423.89999999999998,4.2845916748046875,
424,4.2360458374023438,
424.10000000000002,4.1747283935546875,
424.19999999999999,4.1568450927734375,
424.30000000000001,4.1287384033203125,
424.39999999999998,4.1134109497070312,
424.5,4.1134109497070312,
424.60000000000002,4.105743408203125,
424.69999999999999,4.105743408203125,
424.80000000000001,4.1185226440429688,
424.89999999999998,4.1670608520507812,
425,4.2181625366210938,
425.10000000000002,4.2590408325195312,
425.19999999999999,4.3689117431640625,
425.30000000000001,4.5579757690429688,
425.39999999999998,4.823699951171875,
425.5,5.2171707153320312,
425.60000000000002,5.6719589233398438,
425.69999999999999,6.0322113037109375,
425.80000000000001,6.2902679443359375,
425.89999999999998,6.3975753784179688,
426,6.185516357421875,
426.10000000000002,5.71539306640625,
426.19999999999999,5.32958984375,
426.30000000000001,5.1073074340820312,
426.39999999999998,4.9080123901367188,
426.5,4.6933975219726562,
426.60000000000002,4.5119857788085938,
426.69999999999999,4.42767333984375,
426.80000000000001,4.3944625854492188,
426.89999999999998,4.3561325073242188,
427,4.307586669921875,
427.10000000000002,4.2360458374023438,
427.19999999999999,4.1721725463867188,
427.30000000000001,4.1415176391601562,
427.39999999999998,4.1364059448242188,
427.5,4.1645126342773438,
427.60000000000002,4.2105026245117188,
427.69999999999999,4.2207183837890625,
427.80000000000001,4.2105026245117188,
427.89999999999998,4.2181625366210938,
428,4.2002792358398438,
428.10000000000002,4.1466217041015625,
428.19999999999999,4.1082992553710938,
428.30000000000001,4.1082992553710938,
428.39999999999998,4.115966796875,
428.5,4.13385009765625,
428.60000000000002,4.179840087890625,
428.69999999999999,4.2667083740234375,
428.80000000000001,4.3944625854492188,
428.89999999999998,4.5630874633789062,
429,4.70361328125,
429.10000000000002,4.8288116455078125,
429.19999999999999,4.9974365234375,
429.30000000000001,5.1788406372070312,
429.39999999999998,5.31170654296875,
429.5,5.3628005981445312,
429.60000000000002,5.3525848388671875,
429.69999999999999,5.2708206176757812,
429.80000000000001,5.0843124389648438,
429.89999999999998,4.8850173950195312,
430,4.7087249755859375,9.6359748840332031
430.10000000000002,4.5426483154296875,
430.19999999999999,4.4353408813476562,
430.30000000000001,4.4072341918945312,
430.39999999999998,4.3740158081054688,
430.5,4.3101425170898438,
430.60000000000002,4.2845916748046875,
430.69999999999999,4.2820358276367188,
430.80000000000001,4.2794876098632812,
430.89999999999998,4.2513809204101562,
431,4.1875076293945312,
431.10000000000002,4.1466217041015625,
431.19999999999999,4.1568450927734375,
431.30000000000001,4.2283859252929688,
431.39999999999998,4.3765716552734375,
431.5,4.5809707641601562,
431.60000000000002,4.7904815673828125,
431.69999999999999,4.9718856811523438,
431.80000000000001,5.1686248779296875,
431.89999999999998,5.3602523803710938,
432,5.4471206665039062,
432.10000000000002,5.4190139770507812,
432.19999999999999,5.2963714599609375,
432.30000000000001,5.1507415771484375,
432.39999999999998,5.0127716064453125,
432.5,4.8773574829101562,
432.60000000000002,4.767486572265625,
432.69999999999999,4.68572998046875,
432.80000000000001,4.6244125366210938,
432.89999999999998,4.5119857788085938,
433,4.3586883544921875,
433.10000000000002,4.2820358276367188,
433.19999999999999,4.2667083740234375,
433.30000000000001,4.2462692260742188,
433.39999999999998,4.2309417724609375,
433.5,4.2334976196289062,
433.60000000000002,4.225830078125,
433.69999999999999,4.225830078125,
433.80000000000001,4.2411575317382812,
433.89999999999998,4.2105026245117188,
434,4.1517333984375,
434.10000000000002,4.1210708618164062,
434.19999999999999,4.1287384033203125,
434.30000000000001,4.1823959350585938,
434.39999999999998,4.2641525268554688,
434.5,4.3740158081054688,
434.60000000000002,4.5349807739257812,
434.69999999999999,4.7700424194335938,
434.80000000000001,5.05364990234375,
434.89999999999998,5.3602523803710938,
435,5.6847305297851562,
435.10000000000002,5.9581222534179688,
435.19999999999999,6.1190872192382812,
435.30000000000001,6.239166259765625,
435.39999999999998,6.3285903930664062,
435.5,6.277496337890625,
435.60000000000002,6.1139755249023438,
435.69999999999999,5.9351272583007812,
435.80000000000001,5.7077255249023438,
435.89999999999998,5.4266815185546875,
436,5.2043914794921875,
436.10000000000002,5.08941650390625,
436.19999999999999,5.0229873657226562,
436.30000000000001,4.9488906860351562,
436.39999999999998,4.8620223999023438,
436.5,4.7828216552734375,
436.60000000000002,4.72149658203125,
436.69999999999999,4.6652908325195312,
436.80000000000001,4.6039657592773438,
436.89999999999998,4.4992141723632812,
437,4.3663558959960938,
437.10000000000002,4.2922592163085938,
437.19999999999999,4.2564926147460938,
437.30000000000001,4.1823959350585938,
437.39999999999998,4.105743408203125,
437.5,4.0929718017578125,
437.60000000000002,4.1031875610351562,
437.69999999999999,4.1210708618164062,
437.80000000000001,4.1849517822265625,
437.89999999999998,4.2769317626953125,
438,4.4149017333984375,
438.10000000000002,4.6499557495117188,
438.19999999999999,4.8645782470703125,
438.30000000000001,4.9999923706054688,
438.39999999999998,5.1303024291992188,
438.5,5.2606048583984375,
438.60000000000002,5.449676513671875,
438.69999999999999,5.8278121948242188,
438.80000000000001,6.3337020874023438,
438.89999999999998,6.7169570922851562,
439,6.939239501953125,
439.10000000000002,7.0848770141601562,
439.19999999999999,7.1666336059570312,
439.30000000000001,7.1027603149414062,
439.39999999999998,6.7757186889648438,
439.5,6.3924713134765625,
439.60000000000002,6.1139755249023438,
439.69999999999999,5.82525634765625,
439.80000000000001,5.4803314208984375,
439.89999999999998,5.2248306274414062,
440,5.1328506469726562,9.8522167205810547
440.10000000000002,5.0280990600585938,
440.19999999999999,4.8339157104492188,
440.30000000000001,4.6831741333007812,
440.39999999999998,4.61163330078125,
440.5,4.5503158569335938,
440.60000000000002,4.4021224975585938,
440.69999999999999,4.3561325073242188,
440.80000000000001,4.3510208129882812,
440.89999999999998,4.2820358276367188,
441,4.2207183837890625,
441.10000000000002,4.2053909301757812,
441.19999999999999,4.2053909301757812,
441.30000000000001,4.20794677734375,
441.39999999999998,4.2105026245117188,
441.5,4.2181625366210938,
441.60000000000002,4.225830078125,
441.69999999999999,4.2360458374023438,
441.80000000000001,4.2309417724609375,
441.89999999999998,4.1849517822265625,
442,4.13385009765625,
442.10000000000002,4.1645126342773438,
442.19999999999999,4.2283859252929688,
442.30000000000001,4.2615966796875,
442.39999999999998,4.3229217529296875,
442.5,4.4787750244140625,
442.60000000000002,4.7163925170898438,
442.69999999999999,4.97955322265625,
442.80000000000001,5.2554931640625,
442.89999999999998,5.4905548095703125,
443,5.6080856323242188,
443.10000000000002,5.687286376953125,
443.19999999999999,5.7869338989257812,
443.30000000000001,5.8584747314453125,
443.39999999999998,5.8891372680664062,
443.5,5.8508071899414062,
443.60000000000002,5.7537155151367188,
443.69999999999999,5.6642913818359375,
443.80000000000001,5.5799789428710938,
443.89999999999998,5.393463134765625,
444,5.1328506469726562,
444.10000000000002,4.9258956909179688,
444.19999999999999,4.8032608032226562,
444.30000000000001,4.7087249755859375,
444.39999999999998,4.5911941528320312,
444.5,4.4762191772460938,
444.60000000000002,4.4149017333984375,
444.69999999999999,4.3663558959960938,
444.80000000000001,4.2564926147460938,
444.89999999999998,4.1261825561523438,
445,4.02398681640625,
445.10000000000002,3.9601058959960938,
445.19999999999999,3.9473342895507812,
445.30000000000001,3.98565673828125,
445.39999999999998,4.0648651123046875,
445.5,4.1900558471679688,
445.60000000000002,4.3944625854492188,
445.69999999999999,4.6550674438476562,
445.80000000000001,4.9207916259765625,
445.89999999999998,5.1609573364257812,
446,5.3602523803710938,
446.10000000000002,5.7383880615234375,
446.19999999999999,6.37713623046875,
446.30000000000001,6.9903411865234375,
446.39999999999998,7.3148269653320312,
446.5,8.0634384155273438,
446.60000000000002,9.2821731567382812,
446.69999999999999,10.276069641113281,
446.80000000000001,11.08856201171875,
446.89999999999998,11.576560974121094,
447,11.798851013183594,
447.10000000000002,11.980255126953125,
447.19999999999999,12.166770935058594,
447.30000000000001,12.307296752929688,
447.39999999999998,12.067123413085938,
447.5,11.022125244140625,
447.60000000000002,9.6756439208984375,
447.69999999999999,8.6357574462890625,
447.80000000000001,7.6980743408203125,
447.89999999999998,6.8498153686523438,
448,6.2136154174804688,
448.10000000000002,5.71539306640625,
448.19999999999999,5.3244781494140625,
448.30000000000001,5.081756591796875,
448.39999999999998,4.8850173950195312,
448.5,4.5579757690429688,
448.60000000000002,4.2948150634765625,
448.69999999999999,4.2334976196289062,
448.80000000000001,4.2002792358398438,
448.89999999999998,4.1312942504882812,
449,4.0725326538085938,
449.10000000000002,4.0469818115234375,
449.19999999999999,4.0648651123046875,
449.30000000000001,4.0853042602539062,
449.39999999999998,4.07763671875,
449.5,3.9754409790039062,
449.60000000000002,3.7761459350585938,
449.69999999999999,3.6509552001953125,
449.80000000000001,3.6841659545898438,
449.89999999999998,3.7403793334960938,
450,4.031646728515625,0
450.10000000000002,4.6371841430664062,
450.19999999999999,5.0178756713867188,
450.30000000000001,5.1251907348632812,
450.39999999999998,4.8748016357421875,
450.5,4.4021224975585938,
450.60000000000002,4.3305816650390625,
450.69999999999999,4.4251174926757812,
450.80000000000001,4.3510208129882812,
450.89999999999998,4.2769317626953125,
451,4.3050308227539062,
451.10000000000002,4.345916748046875,
451.19999999999999,4.35357666015625,
451.30000000000001,4.381683349609375,
451.39999999999998,4.4021224975585938,
451.5,4.3893508911132812,
451.60000000000002,4.3586883544921875,
451.69999999999999,4.3203659057617188,
451.80000000000001,4.2871475219726562,
451.89999999999998,4.2948150634765625,
452,4.3867950439453125,
452.10000000000002,4.5170974731445312,
452.19999999999999,4.6320724487304688,
452.30000000000001,4.7751541137695312,
452.39999999999998,4.9693374633789062,
452.5,5.2043914794921875,
452.60000000000002,5.4087905883789062,
452.69999999999999,5.5544281005859375,
452.80000000000001,5.6566314697265625,
452.89999999999998,5.7051773071289062,
453,5.6898422241210938,
453.10000000000002,5.5161056518554688,
453.19999999999999,5.2452774047851562,
453.30000000000001,5.0485382080078125,
453.39999999999998,4.9565582275390625,
453.5,4.9233474731445312,
453.60000000000002,4.897796630859375,
453.69999999999999,4.8620223999023438,
453.80000000000001,4.7853775024414062,
453.89999999999998,4.72149658203125,
454,4.68572998046875,
454.10000000000002,4.6039657592773438,
454.19999999999999,4.5196533203125,
454.30000000000001,4.5196533203125,
454.39999999999998,4.4992141723632812,
454.5,4.4123458862304688,
454.60000000000002,4.3765716552734375,
454.69999999999999,4.4123458862304688,
454.80000000000001,4.4634475708007812,
454.89999999999998,4.53753662109375,
455,4.6014175415039062,
455.10000000000002,4.6729507446289062,
455.19999999999999,4.8339157104492188,
455.30000000000001,5.0664215087890625,
455.39999999999998,5.27337646484375,
455.5,5.4292373657226562,
455.60000000000002,5.5799789428710938,
455.69999999999999,5.7639389038085938,
455.80000000000001,5.9836654663085938,
455.89999999999998,6.2263946533203125,
456,6.3950271606445312,
456.10000000000002,6.433349609375,
456.19999999999999,6.4537887573242188,
456.30000000000001,6.4589004516601562,
456.39999999999998,6.3566970825195312,
456.5,6.2008438110351562,
456.60000000000002,6.0807571411132812,
456.69999999999999,5.9581222534179688,
456.80000000000001,5.8099288940429688,
456.89999999999998,5.6285247802734375,
457,5.411346435546875,
457.10000000000002,5.2069473266601562,
457.19999999999999,5.0562057495117188,
457.30000000000001,4.933563232421875,
457.39999999999998,4.79559326171875,
457.5,4.6652908325195312,
457.60000000000002,4.565643310546875,
457.69999999999999,4.4941024780273438,
457.80000000000001,4.4481124877929688,
457.89999999999998,4.3791275024414062,
458,4.3126983642578125,
458.10000000000002,4.2948150634765625,
458.19999999999999,4.2845916748046875,
458.30000000000001,4.2794876098632812,
458.39999999999998,4.2743759155273438,
458.5,4.2692642211914062,
458.60000000000002,4.2692642211914062,
458.69999999999999,4.3101425170898438,
458.80000000000001,4.4072341918945312,
458.89999999999998,4.529876708984375,
459,4.6780624389648438,
459.10000000000002,4.9029006958007812,
459.19999999999999,5.1660690307617188,
459.30000000000001,5.42156982421875,
459.39999999999998,5.6745147705078125,
459.5,5.8942413330078125,
459.60000000000002,6.0219955444335938,
459.69999999999999,6.0041122436523438,
459.80000000000001,5.8942413330078125,
459.89999999999998,5.7639389038085938,
460,5.587646484375,0
460.10000000000002,5.4139022827148438,
460.19999999999999,5.2759323120117188,
460.30000000000001,5.16351318359375,
460.39999999999998,5.05364990234375,
460.5,4.8875732421875,
460.60000000000002,4.7240524291992188,
460.69999999999999,4.6269607543945312,
460.80000000000001,4.5784225463867188,
460.89999999999998,4.5452041625976562,
461,4.48388671875,
461.10000000000002,4.381683349609375,
461.19999999999999,4.3101425170898438,
461.30000000000001,4.289703369140625,
461.39999999999998,4.2845916748046875,
461.5,4.289703369140625,
461.60000000000002,4.2973709106445312,
461.69999999999999,4.3024826049804688,
461.80000000000001,4.3305816650390625,
461.89999999999998,4.4174575805664062,
462,4.5733108520507812,
462.10000000000002,4.7802658081054688,
462.19999999999999,4.9642257690429688,
462.30000000000001,5.1430740356445312,
462.39999999999998,5.3500289916992188,
462.5,5.5467605590820312,
462.60000000000002,5.6847305297851562,
462.69999999999999,5.71539306640625,
462.80000000000001,5.6438522338867188,
462.89999999999998,5.4982223510742188,
463,5.3270339965820312,
463.10000000000002,5.1839523315429688,
463.19999999999999,5.0664215087890625,
463.30000000000001,4.8952407836914062,
463.39999999999998,4.6882858276367188,
463.5,4.5400924682617188,
463.60000000000002,4.4634475708007812,
463.69999999999999,4.4481124877929688,
463.80000000000001,4.4966583251953125,
463.89999999999998,4.5528717041015625,
464,4.5119857788085938,
464.10000000000002,4.455780029296875,
464.19999999999999,4.4353408813476562,
464.30000000000001,4.4200057983398438,
464.39999999999998,4.3970108032226562,
464.5,4.3433609008789062,
464.60000000000002,4.35357666015625,
464.69999999999999,4.4941024780273438,
464.80000000000001,4.7163925170898438,
464.89999999999998,4.961669921875,
465,5.2248306274414062,
465.10000000000002,5.5109939575195312,
465.19999999999999,5.8278121948242188,
465.30000000000001,6.1829605102539062,
465.39999999999998,6.5176620483398438,
465.5,6.7399520874023438,
465.60000000000002,6.8958053588867188,
465.69999999999999,7.0158920288085938,
465.80000000000001,7.066986083984375,
465.89999999999998,7.07720947265625,
466,7.0439910888671875,
466.10000000000002,6.9469070434570312,
466.19999999999999,6.8319320678710938,
466.30000000000001,6.7118453979492188,
466.39999999999998,6.4589004516601562,
466.5,6.0730972290039062,
466.60000000000002,5.761383056640625,
466.69999999999999,5.5672073364257812,
466.80000000000001,5.4241256713867188,
466.89999999999998,5.2861557006835938,
467,5.1456298828125,
467.10000000000002,5.0051040649414062,
467.19999999999999,4.8492507934570312,
467.30000000000001,4.7240524291992188,
467.39999999999998,4.6831741333007812,
467.5,4.6474075317382812,
467.60000000000002,4.5579757690429688,
467.69999999999999,4.4762191772460938,
467.80000000000001,4.4659957885742188,
467.89999999999998,4.5094375610351562,
468,4.5400924682617188,
468.10000000000002,4.6039657592773438,
468.19999999999999,4.6627349853515625,
468.30000000000001,4.6320724487304688,
468.39999999999998,4.6090774536132812,
468.5,4.6422958374023438,
468.60000000000002,4.6525115966796875,
468.69999999999999,4.7368316650390625,
468.80000000000001,4.9718856811523438,
468.89999999999998,5.2171707153320312,
469,5.3857955932617188,
469.10000000000002,5.5365447998046875,
469.19999999999999,5.7128372192382812,
469.30000000000001,5.8738021850585938,
469.39999999999998,6.1063079833984375,
469.5,6.3464813232421875,
469.60000000000002,6.3566970825195312,
469.69999999999999,6.1548538208007812,
469.80000000000001,5.9146804809570312,
469.89999999999998,5.7205047607421875,
470,5.577423095703125,0
470.10000000000002,5.5058822631835938,
470.19999999999999,5.5084381103515625,
470.30000000000001,5.5339889526367188,
470.39999999999998,5.5161056518554688,
470.5,5.4701156616210938,
470.60000000000002,5.3832473754882812,
470.69999999999999,5.2146148681640625,
470.80000000000001,5.043426513671875,
470.89999999999998,4.86968994140625,
471,4.6908416748046875,
471.10000000000002,4.5400924682617188,
471.19999999999999,4.399566650390625,
471.30000000000001,4.3152542114257812,
471.39999999999998,4.2794876098632812,
471.5,4.2615966796875,
471.60000000000002,4.2641525268554688,
471.69999999999999,4.271820068359375,
471.80000000000001,4.2590408325195312,
471.89999999999998,4.2948150634765625,
472,4.4762191772460938,
472.10000000000002,4.8620223999023438,
472.19999999999999,5.3628005981445312,
472.30000000000001,5.9070205688476562,
472.39999999999998,6.5176620483398438,
472.5,7.0746536254882812,
472.60000000000002,7.5473251342773438,
472.69999999999999,7.9918975830078125,
472.80000000000001,8.410919189453125,
472.89999999999998,8.722625732421875,
473,8.7251815795898438,
473.10000000000002,8.6664199829101562,
473.19999999999999,8.84271240234375,
473.30000000000001,8.860595703125,
473.39999999999998,8.5693283081054688,
473.5,8.2295150756835938,
473.60000000000002,7.9484634399414062,
473.69999999999999,7.64697265625,
473.80000000000001,7.3122711181640625,
473.89999999999998,7.0516586303710938,
474,6.8983612060546875,
474.10000000000002,6.773162841796875,
474.19999999999999,6.6300811767578125,
474.30000000000001,6.4716720581054688,
474.39999999999998,6.28515625,
474.5,6.0066604614257812,
474.60000000000002,5.6361923217773438,
474.69999999999999,5.283599853515625,
474.80000000000001,5.0204315185546875,
474.89999999999998,4.8799057006835938,
475,4.7853775024414062,
475.10000000000002,4.6422958374023438,
475.19999999999999,4.50177001953125,
475.30000000000001,4.4174575805664062,
475.39999999999998,4.3842391967773438,
475.5,4.3970108032226562,
475.60000000000002,4.3586883544921875,
475.69999999999999,4.253936767578125,
475.80000000000001,4.161956787109375,
475.89999999999998,4.1210708618164062,
476,4.1006317138671875,
476.10000000000002,4.0955276489257812,
476.19999999999999,4.1082992553710938,
476.30000000000001,4.1568450927734375,
476.39999999999998,4.2283859252929688,
476.5,4.3382492065429688,
476.60000000000002,4.4992141723632812,
476.69999999999999,4.6525115966796875,
476.80000000000001,4.7419357299804688,
476.89999999999998,4.8160324096679688,
477,4.9182357788085938,
477.10000000000002,5.0280990600585938,
477.19999999999999,5.1251907348632812,
477.30000000000001,5.1430740356445312,
477.39999999999998,5.071533203125,
477.5,4.9667816162109375,
477.60000000000002,4.8824615478515625,
477.69999999999999,4.8339157104492188,
477.80000000000001,4.7930374145507812,
477.89999999999998,4.6908416748046875,
478,4.5400924682617188,
478.10000000000002,4.4225616455078125,
478.19999999999999,4.3586883544921875,
478.30000000000001,4.35357666015625,
478.39999999999998,4.381683349609375,
478.5,4.399566650390625,
478.60000000000002,4.4123458862304688,
478.69999999999999,4.4532241821289062,
478.80000000000001,4.5170974731445312,
478.89999999999998,4.5324325561523438,
479,4.4506683349609375,
479.10000000000002,4.3561325073242188,
479.19999999999999,4.35357666015625,
479.30000000000001,4.4404525756835938,
479.39999999999998,4.6090774536132812,
479.5,4.841583251953125,
479.60000000000002,5.1021957397460938,
479.69999999999999,5.3857955932617188,
479.80000000000001,5.6770706176757812,
479.89999999999998,6.0041122436523438,
480,6.323486328125,7.0671381950378418
480.10000000000002,6.5559921264648438,
480.19999999999999,6.7884902954101562,
480.30000000000001,7.0516586303710938,
480.39999999999998,7.2713851928710938,
480.5,7.473236083984375,
480.60000000000002,7.6546401977539062,
480.69999999999999,7.8079376220703125,
480.80000000000001,8.0941009521484375,
480.89999999999998,8.6638641357421875,
481,9.3102798461914062,
481.10000000000002,9.7957305908203125,
481.19999999999999,10.107437133789062,
481.30000000000001,10.378265380859375,
481.39999999999998,10.580116271972656,
481.5,10.631210327148438,
481.60000000000002,10.393600463867188,
481.69999999999999,9.5734405517578125,
481.80000000000001,8.4594650268554688,
481.89999999999998,7.4476852416992188,
482,6.6505203247070312,
482.10000000000002,6.0705413818359375,
482.19999999999999,5.587646484375,
482.30000000000001,5.181396484375,
482.39999999999998,4.8722457885742188,
482.5,4.639739990234375,
482.60000000000002,4.445556640625,
482.69999999999999,4.2590408325195312,
482.80000000000001,4.1261825561523438,
482.89999999999998,4.0853042602539062,
483,4.1031875610351562,
483.10000000000002,4.1364059448242188,
483.19999999999999,4.1364059448242188,
483.30000000000001,4.16961669921875,
483.39999999999998,4.2181625366210938,
483.5,4.1082992553710938,
483.60000000000002,4.0188751220703125,
483.69999999999999,4.0725326538085938,
483.80000000000001,4.07763671875,
483.89999999999998,4.05975341796875,
484,4.1006317138671875,
484.10000000000002,4.115966796875,
484.19999999999999,4.1185226440429688,
484.30000000000001,4.1645126342773438,
484.39999999999998,4.2334976196289062,
484.5,4.4021224975585938,
484.60000000000002,4.8390274047851562,
484.69999999999999,5.3500289916992188,
484.80000000000001,5.6617355346679688,
484.89999999999998,5.8865814208984375,
485,6.0679855346679688,
485.10000000000002,6.1497421264648438,
485.19999999999999,6.111419677734375,
485.30000000000001,5.9606704711914062,
485.39999999999998,5.817596435546875,
485.5,5.687286376953125,
485.60000000000002,5.4828872680664062,
485.69999999999999,5.2427215576171875,
485.80000000000001,4.9642257690429688,
485.89999999999998,4.7189407348632812,
486,4.57586669921875,
486.10000000000002,4.445556640625,
486.19999999999999,4.307586669921875,
486.30000000000001,4.2232742309570312,
486.39999999999998,4.197723388671875,
486.5,4.1594009399414062,
486.60000000000002,4.115966796875,
486.69999999999999,4.115966796875,
486.80000000000001,4.0955276489257812,
486.89999999999998,4.0546417236328125,
487,4.16961669921875,
487.10000000000002,4.4583358764648438,
487.19999999999999,4.7189407348632812,
487.30000000000001,4.9463424682617188,
487.39999999999998,5.2197265625,
487.5,5.54931640625,
487.60000000000002,5.917236328125,
487.69999999999999,6.3260421752929688,
487.80000000000001,6.70928955078125,
487.89999999999998,7.0107803344726562,
488,7.3608169555664062,
488.10000000000002,7.7363967895507812,
488.19999999999999,7.986785888671875,
488.30000000000001,8.1400909423828125,
488.39999999999998,8.1605300903320312,
488.5,7.9254684448242188,
488.60000000000002,7.6955184936523438,
488.69999999999999,7.6137619018554688,
488.80000000000001,7.381256103515625,
488.89999999999998,6.9060211181640625,
489,6.387359619140625,
489.10000000000002,5.97344970703125,
489.19999999999999,5.6361923217773438,
489.30000000000001,5.3244781494140625,
489.39999999999998,5.025543212890625,
489.5,4.7547149658203125,
489.60000000000002,4.5554275512695312,
489.69999999999999,4.42767333984375,
489.80000000000001,4.2999267578125,
489.89999999999998,4.1645126342773438,
490,4.0801925659179688,7.9575600624084473
490.10000000000002,4.0495376586914062,
490.19999999999999,4.0367584228515625,
490.30000000000001,4.031646728515625,
490.39999999999998,4.0290908813476562,
490.5,4.0290908813476562,
490.60000000000002,4.031646728515625,
490.69999999999999,4.0393142700195312,
490.80000000000001,4.0444259643554688,
490.89999999999998,4.02398681640625,
491,3.977996826171875,
491.10000000000002,3.9550018310546875,
491.19999999999999,3.9601058959960938,
491.30000000000001,3.9907684326171875,
491.39999999999998,4.0393142700195312,
491.5,4.1108551025390625,
491.60000000000002,4.2207183837890625,
491.69999999999999,4.3791275024414062,
491.80000000000001,4.583526611328125,
491.89999999999998,4.79559326171875,
492,4.9718856811523438,
492.10000000000002,5.1660690307617188,
492.19999999999999,5.4726715087890625,
492.30000000000001,5.8789138793945312,
492.39999999999998,6.313262939453125,
492.5,6.7859420776367188,
492.60000000000002,7.3787002563476562,
492.69999999999999,8.0557708740234375,
492.80000000000001,8.722625732421875,
492.89999999999998,9.3511581420898438,
493,9.790618896484375,
493.10000000000002,9.8314971923828125,
493.19999999999999,9.8187255859375,
493.30000000000001,9.6143264770507812,
493.39999999999998,8.9219207763671875,
493.5,8.0889892578125,
493.60000000000002,7.26116943359375,
493.69999999999999,6.571319580078125,
493.80000000000001,6.0526504516601562,
493.89999999999998,5.5646514892578125,
494,5.1303024291992188,
494.10000000000002,4.8364715576171875,
494.19999999999999,4.6295166015625,
494.30000000000001,4.4864425659179688,
494.39999999999998,4.3612442016601562,
494.5,4.3408050537109375,
494.60000000000002,4.3561325073242188,
494.69999999999999,4.2948150634765625,
494.80000000000001,4.197723388671875,
494.89999999999998,4.105743408203125,
495,4.0035476684570312,
495.10000000000002,3.9192276000976562,
495.19999999999999,3.87579345703125,
495.30000000000001,3.8809051513671875,
495.39999999999998,3.8936767578125,
495.5,3.8809051513671875,
495.60000000000002,3.8834609985351562,
495.69999999999999,3.886016845703125,
495.80000000000001,3.9064559936523438,
495.89999999999998,3.9115676879882812,
496,3.8706817626953125,
496.10000000000002,3.9192276000976562,
496.19999999999999,3.9805526733398438,
496.30000000000001,3.7454910278320312,
496.39999999999998,3.5053176879882812,
496.5,3.4925460815429688,
496.60000000000002,3.5206527709960938,
496.69999999999999,3.5794143676757812,
496.80000000000001,3.6483993530273438,
496.89999999999998,3.7684860229492188,
497,3.9166717529296875,
497.10000000000002,4.1082992553710938,
497.19999999999999,4.5068817138671875,
497.30000000000001,5.0868606567382812,
497.39999999999998,5.7588272094726562,
497.5,6.553436279296875,
497.60000000000002,7.434906005859375,
497.69999999999999,8.3291549682617188,
497.80000000000001,9.072662353515625,
497.89999999999998,9.68841552734375,
498,10.268402099609375,
498.10000000000002,10.79217529296875,
498.19999999999999,11.390045166015625,
498.30000000000001,12.07989501953125,
498.39999999999998,12.805519104003906,
498.5,13.464706420898438,
498.60000000000002,14.014030456542969,
498.69999999999999,14.394729614257812,
498.80000000000001,14.381950378417969,
498.89999999999998,14.024253845214844,
499,13.656333923339844,
499.10000000000002,13.201545715332031,
499.19999999999999,12.575569152832031,
499.30000000000001,11.97003173828125,
499.39999999999998,11.405380249023438,
499.5,10.876495361328125,
499.60000000000002,10.447250366210938,
499.69999999999999,10.135543823242188,
499.80000000000001,9.8493804931640625,
499.89999999999998,9.5632247924804688,
500,9.2234115600585938,6.9605565071105957
500.10000000000002,8.835052490234375,
500.19999999999999,8.4339141845703125,
500.30000000000001,7.9918975830078125,
500.39999999999998,7.5319976806640625,
500.5,7.0363311767578125,
500.60000000000002,6.4716720581054688,
500.69999999999999,5.8916854858398438,
500.80000000000001,5.3653564453125,
500.89999999999998,4.9846649169921875,
501,4.731719970703125,
501.10000000000002,4.5094375610351562,
501.19999999999999,4.3331375122070312,
501.30000000000001,4.24371337890625,
501.39999999999998,4.1491775512695312,
501.5,4.0265426635742188,
501.60000000000002,3.9473342895507812,
501.69999999999999,3.9166717529296875,
501.80000000000001,3.9115676879882812,
501.89999999999998,3.9166717529296875,
502,3.9192276000976562,
502.10000000000002,3.9243392944335938,
502.19999999999999,3.9320068359375,
502.30000000000001,3.9371109008789062,
502.39999999999998,3.939666748046875,
502.5,3.9064559936523438,
502.60000000000002,3.8323593139648438,
502.69999999999999,3.8042526245117188,
502.80000000000001,3.8604660034179688,
502.89999999999998,3.9320068359375,
503,3.9652175903320312,
503.10000000000002,4.0648651123046875,
503.19999999999999,4.2309417724609375,
503.30000000000001,4.3791275024414062,
503.39999999999998,4.5068817138671875,
503.5,4.5605316162109375,
503.60000000000002,4.4941024780273438,
503.69999999999999,4.3714675903320312,
503.80000000000001,4.345916748046875,
503.89999999999998,4.3893508911132812,
504,4.3970108032226562,
504.10000000000002,4.39190673828125,
504.19999999999999,4.3842391967773438,
504.30000000000001,4.4046783447265625,
504.39999999999998,4.4302291870117188,
504.5,4.4097900390625,
504.60000000000002,4.363800048828125,
504.69999999999999,4.3152542114257812,
504.80000000000001,4.271820068359375,
504.89999999999998,4.2564926147460938,
505,4.2641525268554688,
505.10000000000002,4.2513809204101562,
505.19999999999999,4.2283859252929688,
505.30000000000001,4.197723388671875,
505.39999999999998,4.1645126342773438,
505.5,4.1517333984375,
505.60000000000002,4.1210708618164062,
505.69999999999999,4.0520858764648438,
505.80000000000001,4.0035476684570312,
505.89999999999998,3.9933242797851562,
506,3.9933242797851562,
506.10000000000002,3.9831008911132812,
506.19999999999999,3.9754409790039062,
506.30000000000001,3.9677734375,
506.39999999999998,3.9626617431640625,
506.5,3.9601058959960938,
506.60000000000002,3.8987884521484375,
506.69999999999999,3.8170318603515625,
506.80000000000001,3.8451309204101562,
506.89999999999998,3.98565673828125,
507,4.1670608520507812,
507.10000000000002,4.3561325073242188,
507.19999999999999,4.5733108520507812,
507.30000000000001,4.8313674926757812,
507.39999999999998,5.135406494140625,
507.5,5.4828872680664062,
507.60000000000002,5.807373046875,
507.69999999999999,6.1522979736328125,
507.80000000000001,6.5355453491210938,
507.89999999999998,6.8165969848632812,
508,6.9009170532226562,
508.10000000000002,6.7322845458984375,
508.19999999999999,6.4077987670898438,
508.30000000000001,6.0960922241210938,
508.39999999999998,5.8559188842773438,
508.5,5.6183013916015625,
508.60000000000002,5.3628005981445312,
508.69999999999999,5.1584014892578125,
508.80000000000001,5.0229873657226562,
508.89999999999998,4.933563232421875,
509,4.8262557983398438,
509.10000000000002,4.713836669921875,
509.19999999999999,4.6371841430664062,
509.30000000000001,4.5605316162109375,
509.39999999999998,4.4225616455078125,
509.5,4.2232742309570312,
509.60000000000002,4.0750808715820312,
509.69999999999999,4.0163192749023438,
509.80000000000001,4.0086517333984375,
509.89999999999998,4.02398681640625,
510,4.0265426635742188,6.9605565071105957
510.10000000000002,4.0188751220703125,
510.19999999999999,4.0086517333984375,
510.30000000000001,4.0060958862304688,
510.39999999999998,4.0163192749023438,
510.5,3.9805526733398438,
510.60000000000002,3.9192276000976562,
510.69999999999999,3.903900146484375,
510.80000000000001,3.921783447265625,
510.89999999999998,3.9422225952148438,
511,3.9550018310546875,
511.10000000000002,3.9601058959960938,
511.19999999999999,3.9677734375,
511.30000000000001,4.0060958862304688,
511.39999999999998,4.0750808715820312,
511.5,4.1440658569335938,
511.60000000000002,4.2411575317382812,
511.69999999999999,4.4532241821289062,
511.80000000000001,4.7725982666015625,
511.89999999999998,5.1430740356445312,
512,5.5518722534179688,
512.10000000000002,6.0219955444335938,
512.20000000000005,6.56109619140625,
512.29999999999995,7.15130615234375,
512.39999999999998,7.7798309326171875,
512.5,8.36492919921875,
512.60000000000002,8.7762832641601562,
512.70000000000005,9.2642898559570312,
512.79999999999995,9.6654205322265625,
512.89999999999998,9.9030380249023438,
513,9.83660888671875,
513.10000000000002,9.4533615112304688,
513.20000000000005,8.99090576171875,
513.29999999999995,8.5412216186523438,
513.39999999999998,7.9944534301757812,
513.5,7.3684768676757812,
513.60000000000002,6.81915283203125,
513.70000000000005,6.3796920776367188,
513.79999999999995,6.00921630859375,
513.89999999999998,5.6770706176757812,
514,5.375579833984375,
514.10000000000002,5.117523193359375,
514.20000000000005,4.8799057006835938,
514.29999999999995,4.6320724487304688,
514.39999999999998,4.3663558959960938,
514.5,4.1594009399414062,
514.60000000000002,4.0520858764648438,
514.70000000000005,3.9984359741210938,
514.79999999999995,3.9677734375,
514.89999999999998,3.9524459838867188,
515,3.9422225952148438,
515.10000000000002,3.9371109008789062,
515.20000000000005,3.939666748046875,
515.29999999999995,3.9524459838867188,
515.39999999999998,3.9268951416015625,
515.5,3.8655776977539062,
515.60000000000002,3.8451309204101562,
515.70000000000005,3.8630218505859375,
515.79999999999995,3.8885726928710938,
515.89999999999998,3.903900146484375,
516,3.9141159057617188,
516.10000000000002,3.9294509887695312,
516.20000000000005,3.9447784423828125,
516.29999999999995,3.9652175903320312,
516.39999999999998,4.0009918212890625,
516.5,4.0086517333984375,
516.60000000000002,4.0060958862304688,
516.70000000000005,4.0367584228515625,
516.79999999999995,4.0827484130859375,
516.89999999999998,4.1210708618164062,
517,4.1312942504882812,
517.10000000000002,4.1185226440429688,
517.20000000000005,4.105743408203125,
517.29999999999995,4.0980758666992188,
517.39999999999998,4.0904159545898438,
517.5,4.0853042602539062,
517.60000000000002,4.0444259643554688,
517.70000000000005,3.9805526733398438,
517.79999999999995,3.9575576782226562,
517.89999999999998,3.9677734375,
518,3.98565673828125,
518.10000000000002,3.9984359741210938,
518.20000000000005,4.0035476684570312,
518.29999999999995,4.0086517333984375,
518.39999999999998,4.0112075805664062,
518.5,4.0188751220703125,
518.60000000000002,4.031646728515625,
518.70000000000005,4.0060958862304688,
518.79999999999995,3.9575576782226562,
518.89999999999998,3.9422225952148438,
519,3.94989013671875,
519.10000000000002,3.9728851318359375,
519.20000000000005,3.9907684326171875,
519.29999999999995,3.995880126953125,
519.39999999999998,4.0035476684570312,
519.5,4.0112075805664062,
519.60000000000002,4.0265426635742188,
519.70000000000005,4.0393142700195312,
519.79999999999995,4.0086517333984375,
519.89999999999998,3.9601058959960938,
520,3.9473342895507812,6.0483870506286621
520.10000000000002,3.9601058959960938,
520.20000000000005,3.9882125854492188,
520.29999999999995,4.0112075805664062,
520.39999999999998,4.0290908813476562,
520.5,4.0571975708007812,
520.60000000000002,4.087860107421875,
520.70000000000005,4.1466217041015625,
520.79999999999995,4.2181625366210938,
520.89999999999998,4.2513809204101562,
521,4.2999267578125,
521.10000000000002,4.3970108032226562,
521.20000000000005,4.6831741333007812,
521.29999999999995,5.2554931640625,
521.39999999999998,5.9402313232421875,
521.5,6.6862945556640625,
521.60000000000002,7.5575485229492188,
521.70000000000005,8.5795516967773438,
521.79999999999995,9.514678955078125,
521.89999999999998,10.163650512695312,
522,10.692535400390625,
522.10000000000002,11.218864440917969,
522.20000000000005,11.699203491210938,
522.29999999999995,12.056900024414062,
522.39999999999998,12.274078369140625,
522.5,12.036460876464844,
522.60000000000002,10.973587036132812,
522.70000000000005,9.3383865356445312,
522.79999999999995,7.9612350463867188,
522.89999999999998,7.0899810791015625,
523,6.369476318359375,
523.10000000000002,5.78948974609375,
523.20000000000005,5.3679122924804688,
523.29999999999995,5.025543212890625,
523.39999999999998,4.7879257202148438,
523.5,4.70361328125,
523.60000000000002,4.6550674438476562,
523.70000000000005,4.5681991577148438,
523.79999999999995,4.529876708984375,
523.89999999999998,4.5503158569335938,
524,4.5784225463867188,
524.10000000000002,4.5911941528320312,
524.20000000000005,4.6039657592773438,
524.29999999999995,4.61163330078125,
524.39999999999998,4.6014175415039062,
524.5,4.6039657592773438,
524.60000000000002,4.5911941528320312,
524.70000000000005,4.529876708984375,
524.79999999999995,4.473663330078125,
524.89999999999998,4.4941024780273438,
525,4.675506591796875,
525.10000000000002,4.8620223999023438,
525.20000000000005,4.9310073852539062,
525.29999999999995,5.0178756713867188,
525.39999999999998,5.1021957397460938,
525.5,4.961669921875,
525.60000000000002,4.6985015869140625,
525.70000000000005,4.5247650146484375,
525.79999999999995,4.335693359375,
525.89999999999998,4.0955276489257812,
526,3.9728851318359375,
526.10000000000002,4.0265426635742188,
526.20000000000005,4.1082992553710938,
526.29999999999995,4.1415176391601562,
526.39999999999998,4.1926116943359375,
526.5,4.3229217529296875,
526.60000000000002,4.4404525756835938,
526.70000000000005,4.4787750244140625,
526.79999999999995,4.5963058471679688,
526.89999999999998,4.8313674926757812,
527,5.0280990600585938,
527.10000000000002,5.1481857299804688,
527.20000000000005,5.2631607055664062,
527.29999999999995,5.3423614501953125,
527.39999999999998,5.319366455078125,
527.5,5.2784881591796875,
527.60000000000002,5.2478256225585938,
527.70000000000005,5.2069473266601562,
527.79999999999995,5.1660690307617188,
527.89999999999998,5.1124114990234375,
528,5.0638656616210938,
528.10000000000002,5.0280990600585938,
528.20000000000005,4.9923324584960938,
528.29999999999995,4.9591140747070312,
528.39999999999998,4.915679931640625,
528.5,4.805816650390625,
528.60000000000002,4.5886383056640625,
528.70000000000005,4.3152542114257812,
528.79999999999995,4.1082992553710938,
528.89999999999998,4.031646728515625,
529,4.0086517333984375,
529.10000000000002,3.9882125854492188,
529.20000000000005,3.9677734375,
529.29999999999995,3.9524459838867188,
529.39999999999998,3.9371109008789062,
529.5,3.9166717529296875,
529.60000000000002,3.8885726928710938,
529.70000000000005,3.8630218505859375,
529.79999999999995,3.80169677734375,
529.89999999999998,3.7352676391601562,
530,3.7148284912109375,5.3571429252624512
530.10000000000002,3.7352676391601562,
530.20000000000005,3.7684860229492188,
530.29999999999995,3.8170318603515625,
530.39999999999998,3.9166717529296875,
530.5,4.0674209594726562,
530.60000000000002,4.215606689453125,
530.70000000000005,4.4251174926757812,
530.79999999999995,4.6525115966796875,
530.89999999999998,4.851806640625,
531,5.0970840454101562,
531.10000000000002,5.4982223510742188,
531.20000000000005,6.0322113037109375,
531.29999999999995,6.5917587280273438,
531.39999999999998,7.1461944580078125,
531.5,7.7159576416015625,
531.60000000000002,8.2703933715820312,
531.70000000000005,8.8273849487304688,
531.79999999999995,9.3920364379882812,
531.89999999999998,9.8902664184570312,
532,10.150871276855469,
532.10000000000002,10.227523803710938,
532.20000000000005,10.299064636230469,
532.29999999999995,10.145767211914062,
532.39999999999998,9.6679763793945312,
532.5,9.0522232055664062,
532.60000000000002,8.3291549682617188,
532.70000000000005,7.5958709716796875,
532.79999999999995,6.96734619140625,
532.89999999999998,6.4256820678710938,
533,5.97344970703125,
533.10000000000002,5.64129638671875,
533.20000000000005,5.357696533203125,
533.29999999999995,5.071533203125,
533.39999999999998,4.8211441040039062,
533.5,4.6244125366210938,
533.60000000000002,4.4659957885742188,
533.70000000000005,4.2845916748046875,
533.79999999999995,4.0980758666992188,
533.89999999999998,3.9831008911132812,
534,3.9294509887695312,
534.10000000000002,3.9090118408203125,
534.20000000000005,3.8962326049804688,
534.29999999999995,3.8834609985351562,
534.39999999999998,3.87579345703125,
534.5,3.8706817626953125,
534.60000000000002,3.8732376098632812,
534.70000000000005,3.8706817626953125,
534.79999999999995,3.8246917724609375,
534.89999999999998,3.76593017578125,
535,3.7582626342773438,
535.10000000000002,3.7787017822265625,
535.20000000000005,3.8042526245117188,
535.29999999999995,3.8170318603515625,
535.39999999999998,3.8246917724609375,
535.5,3.8349151611328125,
535.60000000000002,3.8451309204101562,
535.70000000000005,3.8681259155273438,
535.79999999999995,3.8681259155273438,
535.89999999999998,3.829803466796875,
536,3.794036865234375,
536.10000000000002,3.794036865234375,
536.20000000000005,3.8144760131835938,
536.29999999999995,3.8374710083007812,
536.39999999999998,3.8604660034179688,
536.5,3.8936767578125,
536.60000000000002,3.9192276000976562,
536.70000000000005,3.9447784423828125,
536.79999999999995,3.9703292846679688,
536.89999999999998,3.9626617431640625,
537,3.9166717529296875,
537.10000000000002,3.8809051513671875,
537.20000000000005,3.8834609985351562,
537.29999999999995,3.903900146484375,
537.39999999999998,3.921783447265625,
537.5,3.9294509887695312,
537.60000000000002,3.9345626831054688,
537.70000000000005,3.9422225952148438,
537.79999999999995,3.9345626831054688,
537.89999999999998,3.9831008911132812,
538,4.0674209594726562,
538.10000000000002,4.0980758666992188,
538.20000000000005,4.1415176391601562,
538.29999999999995,4.2564926147460938,
538.39999999999998,4.4046783447265625,
538.5,4.4481124877929688,
538.60000000000002,4.39190673828125,
538.70000000000005,4.381683349609375,
538.79999999999995,4.3944625854492188,
538.89999999999998,4.3586883544921875,
539,4.2973709106445312,
539.10000000000002,4.2513809204101562,
539.20000000000005,4.2564926147460938,
539.29999999999995,4.3484725952148438,
539.39999999999998,4.4659957885742188,
539.5,4.5681991577148438,
539.60000000000002,4.7470474243164062,
539.70000000000005,5.0383224487304688,
539.79999999999995,5.3857955932617188,
539.89999999999998,5.7511672973632812,
540,6.0986404418945312,6.2370061874389648
540.10000000000002,6.4205703735351562,
540.20000000000005,6.7706069946289062,
540.29999999999995,7.1768569946289062,
540.39999999999998,7.5703201293945312,
540.5,7.9203567504882812,
540.60000000000002,8.1937408447265625,
540.70000000000005,8.3802566528320312,
540.79999999999995,8.5437774658203125,
540.89999999999998,8.6076507568359375,
541,8.3802566528320312,
541.10000000000002,8.1375350952148438,
541.20000000000005,8.2371749877929688,
541.29999999999995,8.4569091796875,
541.39999999999998,8.6459808349609375,
541.5,8.9219207763671875,
541.60000000000002,9.386932373046875,
541.70000000000005,9.9337005615234375,
541.79999999999995,10.291397094726562,
541.89999999999998,10.580116271972656,
542,10.932701110839844,
542.10000000000002,11.063011169433594,
542.20000000000005,11.131996154785156,
542.29999999999995,11.331283569335938,
542.39999999999998,11.397712707519531,
542.5,11.2520751953125,
542.60000000000002,11.183090209960938,
542.70000000000005,11.213752746582031,
542.79999999999995,10.925041198730469,
542.89999999999998,10.255630493164062,
543,9.6756439208984375,
543.10000000000002,9.3000564575195312,
543.20000000000005,8.7890625,
543.29999999999995,8.1400909423828125,
543.39999999999998,7.4860076904296875,
543.5,6.8165969848632812,
543.60000000000002,6.1625213623046875,
543.70000000000005,5.5825347900390625,
543.79999999999995,5.1379623413085938,
543.89999999999998,4.841583251953125,
544,4.6193008422851562,
544.10000000000002,4.445556640625,
544.20000000000005,4.3024826049804688,
544.29999999999995,4.1517333984375,
544.39999999999998,4.0393142700195312,
544.5,3.9933242797851562,
544.60000000000002,3.9345626831054688,
544.70000000000005,3.85791015625,
544.79999999999995,3.8425827026367188,
544.89999999999998,3.8630218505859375,
545,3.8809051513671875,
545.10000000000002,3.8834609985351562,
545.20000000000005,3.8936767578125,
545.29999999999995,3.9064559936523438,
545.39999999999998,3.9166717529296875,
545.5,3.9320068359375,
545.60000000000002,3.9524459838867188,
545.70000000000005,3.9371109008789062,
545.79999999999995,3.9013442993164062,
545.89999999999998,3.8885726928710938,
546,3.9013442993164062,
546.10000000000002,3.921783447265625,
546.20000000000005,3.939666748046875,
546.29999999999995,3.9703292846679688,
546.39999999999998,4.0418701171875,
546.5,4.105743408203125,
546.60000000000002,4.1594009399414062,
546.70000000000005,4.2411575317382812,
546.79999999999995,4.3101425170898438,
546.89999999999998,4.3510208129882812,
547,4.4353408813476562,
547.10000000000002,4.5860824584960938,
547.20000000000005,4.749603271484375,
547.29999999999995,4.8543624877929688,
547.39999999999998,4.8569107055664062,
547.5,4.7930374145507812,
547.60000000000002,4.7240524291992188,
547.70000000000005,4.657623291015625,
547.79999999999995,4.6039657592773438,
547.89999999999998,4.547760009765625,
548,4.445556640625,
548.10000000000002,4.3510208129882812,
548.20000000000005,4.307586669921875,
548.29999999999995,4.2871475219726562,
548.39999999999998,4.271820068359375,
548.5,4.2615966796875,
548.60000000000002,4.2488250732421875,
548.70000000000005,4.2283859252929688,
548.79999999999995,4.2130508422851562,
548.89999999999998,4.20794677734375,
549,4.2053909301757812,
549.10000000000002,4.1491775512695312,
549.20000000000005,4.0801925659179688,
549.29999999999995,4.0648651123046875,
549.39999999999998,4.0750808715820312,
549.5,4.0904159545898438,
549.60000000000002,4.0980758666992188,
549.70000000000005,4.0980758666992188,
549.79999999999995,4.1031875610351562,
549.89999999999998,4.1082992553710938,
550,4.115966796875,6.0180544853210449
550.10000000000002,4.1185226440429688,
550.20000000000005,4.0853042602539062,
550.29999999999995,4.0469818115234375,
550.39999999999998,4.0418701171875,
550.5,4.0546417236328125,
550.60000000000002,4.069976806640625,
550.70000000000005,4.07763671875,
550.79999999999995,4.0827484130859375,
550.89999999999998,4.087860107421875,
551,4.0955276489257812,
551.10000000000002,4.105743408203125,
551.20000000000005,4.087860107421875,
551.29999999999995,4.0444259643554688,
551.39999999999998,4.02398681640625,
551.5,4.0367584228515625,
551.60000000000002,4.0623092651367188,
551.70000000000005,4.0853042602539062,
551.79999999999995,4.123626708984375,
551.89999999999998,4.2028350830078125,
552,4.3612442016601562,
552.10000000000002,4.621856689453125,
552.20000000000005,4.897796630859375,
552.29999999999995,5.1328506469726562,
552.39999999999998,5.4139022827148438,
552.5,5.7460556030273438,
552.60000000000002,6.111419677734375,
552.70000000000005,6.5789871215820312,
552.79999999999995,7.1359710693359375,
552.89999999999998,7.8437118530273438,
553,8.6485366821289062,
553.10000000000002,9.3843765258789062,
553.20000000000005,10.05633544921875,
553.29999999999995,10.684867858886719,
553.39999999999998,11.257186889648438,
553.5,11.663436889648438,
553.60000000000002,11.793739318847656,
553.70000000000005,11.471809387207031,
553.79999999999995,10.848388671875,
553.89999999999998,10.276069641113281,
554,9.7369613647460938,
554.10000000000002,9.1927490234375,
554.20000000000005,8.651092529296875,
554.29999999999995,8.060882568359375,
554.39999999999998,7.4093551635742188,
554.5,6.7782745361328125,
554.60000000000002,6.2493896484375,
554.70000000000005,5.8048171997070312,
554.79999999999995,5.3551406860351562,
554.89999999999998,4.9386749267578125,
555,4.6295166015625,
555.10000000000002,4.4097900390625,
555.20000000000005,4.253936767578125,
555.29999999999995,4.1389617919921875,
555.39999999999998,4.0520858764648438,
555.5,4.0035476684570312,
555.60000000000002,3.9703292846679688,
555.70000000000005,3.9550018310546875,
555.79999999999995,3.9090118408203125,
555.89999999999998,3.8451309204101562,
556,3.8272476196289062,
556.10000000000002,3.8451309204101562,
556.20000000000005,3.8681259155273438,
556.29999999999995,3.8834609985351562,
556.39999999999998,3.8911209106445312,
556.5,3.903900146484375,
556.60000000000002,3.9192276000976562,
556.70000000000005,3.9345626831054688,
556.79999999999995,3.9550018310546875,
556.89999999999998,3.9422225952148438,
557,3.903900146484375,
557.10000000000002,3.8962326049804688,
557.20000000000005,3.9115676879882812,
557.29999999999995,3.9345626831054688,
557.39999999999998,3.9550018310546875,
557.5,3.9677734375,
557.60000000000002,3.9805526733398438,
557.70000000000005,3.9907684326171875,
557.79999999999995,4.0035476684570312,
557.89999999999998,4.0188751220703125,
558,4.0265426635742188,
558.10000000000002,3.9907684326171875,
558.20000000000005,3.9575576782226562,
558.29999999999995,3.9575576782226562,
558.39999999999998,3.9754409790039062,
558.5,3.9933242797851562,
558.60000000000002,4.0060958862304688,
558.70000000000005,4.0188751220703125,
558.79999999999995,4.0214309692382812,
558.89999999999998,4.031646728515625,
559,4.0469818115234375,
559.10000000000002,4.0495376586914062,
559.20000000000005,4.0188751220703125,
559.29999999999995,3.977996826171875,
559.39999999999998,3.9728851318359375,
559.5,3.9805526733398438,
559.60000000000002,4.0060958862304688,
559.70000000000005,4.0290908813476562,
559.79999999999995,4.0393142700195312,
559.89999999999998,4.0571975708007812,
560,4.087860107421875,5.6179776191711426
560.10000000000002,4.1594009399414062,
560.20000000000005,4.2692642211914062,
560.29999999999995,4.2999267578125,
560.39999999999998,4.2513809204101562,
560.5,4.2002792358398438,
560.60000000000002,4.1466217041015625,
560.70000000000005,4.1185226440429688,
560.79999999999995,4.115966796875,
560.89999999999998,4.1185226440429688,
561,4.1185226440429688,
561.10000000000002,4.1210708618164062,
561.20000000000005,4.1261825561523438,
561.29999999999995,4.1210708618164062,
561.39999999999998,4.0827484130859375,
561.5,4.0418701171875,
561.60000000000002,4.0367584228515625,
561.70000000000005,4.0546417236328125,
561.79999999999995,4.0725326538085938,
561.89999999999998,4.0827484130859375,
562,4.0929718017578125,
562.10000000000002,4.105743408203125,
562.20000000000005,4.2028350830078125,
562.29999999999995,4.4123458862304688,
562.39999999999998,4.6908416748046875,
562.5,5.0485382080078125,
562.60000000000002,5.5058822631835938,
562.70000000000005,6.0219955444335938,
562.79999999999995,6.5483245849609375,
562.89999999999998,7.0695419311523438,
563,7.6239776611328125,
563.10000000000002,8.1579742431640625,
563.20000000000005,8.6817474365234375,
563.29999999999995,9.2796173095703125,
563.39999999999998,9.826385498046875,
563.5,10.153427124023438,
563.60000000000002,10.31439208984375,
563.70000000000005,10.378265380859375,
563.79999999999995,10.281181335449219,
563.89999999999998,9.87237548828125,
564,9.3613815307617188,
564.10000000000002,8.9730224609375,
564.20000000000005,8.5974349975585938,
564.29999999999995,8.1988525390625,
564.39999999999998,7.7874984741210938,
564.5,7.4400177001953125,
564.60000000000002,7.1717453002929688,
564.70000000000005,6.9341278076171875,
564.79999999999995,6.6786270141601562,
564.89999999999998,6.4077987670898438,
565,6.147186279296875,
565.10000000000002,5.8686904907226562,
565.20000000000005,5.503326416015625,
565.29999999999995,5.1047515869140625,
565.39999999999998,4.7853775024414062,
565.5,4.5605316162109375,
565.60000000000002,4.381683349609375,
565.70000000000005,4.2232742309570312,
565.79999999999995,4.1082992553710938,
565.89999999999998,4.0367584228515625,
566,3.98565673828125,
566.10000000000002,3.94989013671875,
566.20000000000005,3.8834609985351562,
566.29999999999995,3.8195877075195312,
566.39999999999998,3.8042526245117188,
566.5,3.8195877075195312,
566.60000000000002,3.8425827026367188,
566.70000000000005,3.8553543090820312,
566.79999999999995,3.8681259155273438,
566.89999999999998,3.8834609985351562,
567,3.8936767578125,
567.10000000000002,3.9141159057617188,
567.20000000000005,3.9268951416015625,
567.29999999999995,3.9141159057617188,
567.39999999999998,3.9013442993164062,
567.5,3.9320068359375,
567.60000000000002,3.995880126953125,
567.70000000000005,4.0750808715820312,
567.79999999999995,4.161956787109375,
567.89999999999998,4.2513809204101562,
568,4.3408050537109375,
568.10000000000002,4.4251174926757812,
568.20000000000005,4.4762191772460938,
568.29999999999995,4.4608917236328125,
568.39999999999998,4.3663558959960938,
568.5,4.2641525268554688,
568.60000000000002,4.2207183837890625,
568.70000000000005,4.20794677734375,
568.79999999999995,4.2002792358398438,
568.89999999999998,4.1900558471679688,
569,4.179840087890625,
569.10000000000002,4.1747283935546875,
569.20000000000005,4.1900558471679688,
569.29999999999995,4.2181625366210938,
569.39999999999998,4.2309417724609375,
569.5,4.1747283935546875,
569.60000000000002,4.0980758666992188,
569.70000000000005,4.0725326538085938,
569.79999999999995,4.0750808715820312,
569.89999999999998,4.0955276489257812,
570,4.105743408203125,5.6285181045532227
570.10000000000002,4.1108551025390625,
570.20000000000005,4.1134109497070312,
570.29999999999995,4.1108551025390625,
570.39999999999998,4.1108551025390625,
570.5,4.1185226440429688,
570.60000000000002,4.105743408203125,
570.70000000000005,4.069976806640625,
570.79999999999995,4.0469818115234375,
570.89999999999998,4.0469818115234375,
571,4.05975341796875,
571.10000000000002,4.0674209594726562,
571.20000000000005,4.0725326538085938,
571.29999999999995,4.0725326538085938,
571.39999999999998,4.0750808715820312,
571.5,4.07763671875,
571.60000000000002,4.087860107421875,
571.70000000000005,4.0750808715820312,
571.79999999999995,4.0520858764648438,
571.89999999999998,4.0520858764648438,
572,4.07763671875,
572.10000000000002,4.1108551025390625,
572.20000000000005,4.1287384033203125,
572.29999999999995,4.13385009765625,
572.39999999999998,4.1364059448242188,
572.5,4.1364059448242188,
572.60000000000002,4.1440658569335938,
572.70000000000005,4.1542892456054688,
572.79999999999995,4.1312942504882812,
572.89999999999998,4.07763671875,
573,4.0546417236328125,
573.10000000000002,4.05975341796875,
573.20000000000005,4.0750808715820312,
573.29999999999995,4.0827484130859375,
573.39999999999998,4.0853042602539062,
573.5,4.087860107421875,
573.60000000000002,4.0904159545898438,
573.70000000000005,4.0904159545898438,
573.79999999999995,4.0904159545898438,
573.89999999999998,4.0520858764648438,
574,3.9882125854492188,
574.10000000000002,3.9728851318359375,
574.20000000000005,4.0112075805664062,
574.29999999999995,4.0648651123046875,
574.39999999999998,4.1031875610351562,
574.5,4.1517333984375,
574.60000000000002,4.2232742309570312,
574.70000000000005,4.3152542114257812,
574.79999999999995,4.4200057983398438,
574.89999999999998,4.5119857788085938,
575,4.5860824584960938,
575.10000000000002,4.7087249755859375,
575.20000000000005,4.951446533203125,
575.29999999999995,5.2784881591796875,
575.39999999999998,5.6540756225585938,
575.5,6.093536376953125,
575.60000000000002,6.5636520385742188,
575.70000000000005,7.02099609375,
575.79999999999995,7.4783401489257812,
575.89999999999998,7.8845901489257812,
576,8.226959228515625,
576.10000000000002,8.5744400024414062,
576.20000000000005,8.906585693359375,
576.29999999999995,9.1953048706054688,
576.39999999999998,9.5606689453125,
576.5,10.002685546875,
576.60000000000002,10.350166320800781,
576.70000000000005,10.562225341796875,
576.79999999999995,10.587776184082031,
576.89999999999998,10.495796203613281,
577,10.304176330566406,
577.10000000000002,9.96435546875,
577.20000000000005,9.550445556640625,
577.29999999999995,9.2157440185546875,
577.39999999999998,8.9730224609375,
577.5,8.7072982788085938,
577.60000000000002,8.3674850463867188,
577.70000000000005,7.9126968383789062,
577.79999999999995,7.3761444091796875,
577.89999999999998,6.9034652709960938,
578,6.553436279296875,
578.10000000000002,6.2340621948242188,
578.20000000000005,5.9019088745117188,
578.29999999999995,5.5902023315429688,
578.39999999999998,5.2784881591796875,
578.5,4.97955322265625,
578.60000000000002,4.6959457397460938,
578.70000000000005,4.4225616455078125,
578.79999999999995,4.24371337890625,
578.89999999999998,4.1721725463867188,
579,4.115966796875,
579.10000000000002,4.0214309692382812,
579.20000000000005,3.9371109008789062,
579.29999999999995,3.886016845703125,
579.39999999999998,3.8451309204101562,
579.5,3.811920166015625,
579.60000000000002,3.794036865234375,
579.70000000000005,3.7889251708984375,
579.79999999999995,3.7429351806640625,
579.89999999999998,3.6816177368164062,
580,3.6611709594726562,5.1813468933105469
580.10000000000002,3.6841659545898438,
580.20000000000005,3.7301559448242188,
580.29999999999995,3.7761459350585938,
580.39999999999998,3.8323593139648438,
580.5,3.9013442993164062,
580.60000000000002,3.9677734375,
580.70000000000005,4.05975341796875,
580.79999999999995,4.1772842407226562,
580.89999999999998,4.2769317626953125,
581,4.3510208129882812,
581.10000000000002,4.4481124877929688,
581.20000000000005,4.5963058471679688,
581.29999999999995,4.7547149658203125,
581.39999999999998,4.841583251953125,
581.5,4.8211441040039062,
581.60000000000002,4.75982666015625,
581.70000000000005,4.70361328125,
581.79999999999995,4.6499557495117188,
581.89999999999998,4.61163330078125,
582,4.583526611328125,
582.10000000000002,4.5452041625976562,
582.20000000000005,4.4711074829101562,
582.29999999999995,4.3893508911132812,
582.39999999999998,4.3484725952148438,
582.5,4.3510208129882812,
582.60000000000002,4.3689117431640625,
582.70000000000005,4.3740158081054688,
582.79999999999995,4.3714675903320312,
582.89999999999998,4.3689117431640625,
583,4.3689117431640625,
583.10000000000002,4.3714675903320312,
583.20000000000005,4.3765716552734375,
583.29999999999995,4.3663558959960938,
583.39999999999998,4.307586669921875,
583.5,4.2334976196289062,
583.60000000000002,4.197723388671875,
583.70000000000005,4.2028350830078125,
583.79999999999995,4.2334976196289062,
583.89999999999998,4.2590408325195312,
584,4.2769317626953125,
584.10000000000002,4.3101425170898438,
584.20000000000005,4.3714675903320312,
584.29999999999995,4.4634475708007812,
584.39999999999998,4.5911941528320312,
584.5,4.7061691284179688,
584.60000000000002,4.7853775024414062,
584.70000000000005,4.8773574829101562,
584.79999999999995,4.9999923706054688,
584.89999999999998,5.117523193359375,
585,5.1532974243164062,
585.10000000000002,5.1098556518554688,
585.20000000000005,5.0357666015625,
585.29999999999995,4.9488906860351562,
585.39999999999998,4.8671340942382812,
585.5,4.7828216552734375,
585.60000000000002,4.6550674438476562,
585.70000000000005,4.5349807739257812,
585.79999999999995,4.4787750244140625,
585.89999999999998,4.4608917236328125,
586,4.4659957885742188,
586.10000000000002,4.4634475708007812,
586.20000000000005,4.4583358764648438,
586.29999999999995,4.4608917236328125,
586.39999999999998,4.4634475708007812,
586.5,4.473663330078125,
586.60000000000002,4.4889907836914062,
586.70000000000005,4.4481124877929688,
586.79999999999995,4.3586883544921875,
586.89999999999998,4.2973709106445312,
587,4.2794876098632812,
587.10000000000002,4.2769317626953125,
587.20000000000005,4.2743759155273438,
587.29999999999995,4.2692642211914062,
587.39999999999998,4.2692642211914062,
587.5,4.271820068359375,
587.60000000000002,4.289703369140625,
587.70000000000005,4.3433609008789062,
587.79999999999995,4.3765716552734375,
587.89999999999998,4.4021224975585938,
588,4.4711074829101562,
588.10000000000002,4.5707550048828125,
588.20000000000005,4.6959457397460938,
588.29999999999995,4.8339157104492188,
588.39999999999998,4.97955322265625,
588.5,5.1226348876953125,
588.60000000000002,5.2452774047851562,
588.70000000000005,5.2989273071289062,
588.79999999999995,5.2120590209960938,
588.89999999999998,5.0408706665039062,
589,4.8901290893554688,
589.10000000000002,4.7904815673828125,
589.20000000000005,4.7163925170898438,
589.29999999999995,4.6371841430664062,
589.39999999999998,4.5554275512695312,
589.5,4.4711074829101562,
589.60000000000002,4.3867950439453125,
589.70000000000005,4.3101425170898438,
589.79999999999995,4.2641525268554688,
589.89999999999998,4.2105026245117188,
590,4.1312942504882812,4.6082949638366699
590.10000000000002,4.0929718017578125,
590.20000000000005,4.0980758666992188,
590.29999999999995,4.1134109497070312,
590.39999999999998,4.1210708618164062,
590.5,4.1287384033203125,
590.60000000000002,4.1287384033203125,
590.70000000000005,4.13385009765625,
590.79999999999995,4.1594009399414062,
590.89999999999998,4.1594009399414062,
591,4.1082992553710938,
591.10000000000002,4.0623092651367188,
591.20000000000005,4.069976806640625,
591.29999999999995,4.1261825561523438,
591.39999999999998,4.197723388671875,
591.5,4.2692642211914062,
591.60000000000002,4.3586883544921875,
591.70000000000005,4.4762191772460938,
591.79999999999995,4.6167449951171875,
591.89999999999998,4.7777099609375,
592,4.8926849365234375,
592.10000000000002,4.9923324584960938,
592.20000000000005,5.1532974243164062,
592.29999999999995,5.3168106079101562,
592.39999999999998,5.4368972778320312,
592.5,5.5620956420898438,
592.60000000000002,5.7332763671875,
592.70000000000005,5.9887771606445312,
592.79999999999995,6.3975753784179688,
592.89999999999998,6.9111328125,
593,7.491119384765625,
593.10000000000002,8.1222000122070312,
593.20000000000005,8.7737274169921875,
593.29999999999995,9.3997039794921875,
593.39999999999998,9.9311447143554688,
593.5,10.373161315917969,
593.60000000000002,10.764076232910156,
593.70000000000005,10.930145263671875,
593.79999999999995,10.679756164550781,
593.89999999999998,10.127876281738281,
594,9.4533615112304688,
594.10000000000002,8.69708251953125,
594.20000000000005,7.9203567504882812,
594.29999999999995,7.2458419799804688,
594.39999999999998,6.6479721069335938,
594.5,6.1241912841796875,
594.60000000000002,5.7281723022460938,
594.70000000000005,5.3806915283203125,
594.79999999999995,4.9923324584960938,
594.89999999999998,4.657623291015625,
595,4.42767333984375,
595.10000000000002,4.2667083740234375,
595.20000000000005,4.1440658569335938,
595.29999999999995,4.0495376586914062,
595.39999999999998,3.9805526733398438,
595.5,3.9294509887695312,
595.60000000000002,3.8885726928710938,
595.70000000000005,3.8502426147460938,
595.79999999999995,3.7633743286132812,
595.89999999999998,3.6662826538085938,
596,3.6228485107421875,
596.10000000000002,3.6049652099609375,
596.20000000000005,3.6024093627929688,
596.29999999999995,3.599853515625,
596.39999999999998,3.5972976684570312,
596.5,3.599853515625,
596.60000000000002,3.6049652099609375,
596.70000000000005,3.6202926635742188,
596.79999999999995,3.6381759643554688,
596.89999999999998,3.6790618896484375,
597,3.8068084716796875,
597.10000000000002,4.0367584228515625,
597.20000000000005,4.2615966796875,
597.29999999999995,4.5170974731445312,
597.39999999999998,4.8339157104492188,
597.5,5.12774658203125,
597.60000000000002,5.3960189819335938,
597.70000000000005,5.6489639282226562,
597.79999999999995,5.9402313232421875,
597.89999999999998,6.2008438110351562,
598,6.3643646240234375,
598.10000000000002,6.3975753784179688,
598.20000000000005,6.1676254272460938,
598.29999999999995,5.7997055053710938,
598.39999999999998,5.4726715087890625,
598.5,5.1532974243164062,
598.60000000000002,4.7930374145507812,
598.70000000000005,4.4506683349609375,
598.79999999999995,4.2028350830078125,
598.89999999999998,4.0546417236328125,
599,3.8783493041992188,
599.10000000000002,3.6432876586914062,
599.20000000000005,3.4976577758789062,
599.29999999999995,3.426116943359375,
599.39999999999998,3.380126953125,
599.5,3.3545761108398438,
599.60000000000002,3.3290252685546875,
599.70000000000005,3.2932510375976562,
599.79999999999995,3.2472610473632812,
599.89999999999998,3.2191619873046875,
600,3.2447052001953125,3.5460991859436035
