"Data Set 1:Time(s)","Data Set 1:Force(N)","Data Set 1:Respiration Rate(bpm)"
0,1.1112823486328125,13.986014366149902
0.10000000000000001,0.94010162353515625,
0.20000000000000001,0.7305908203125,
0.29999999999999999,0.6692657470703125,
0.40000000000000002,0.610504150390625,
0.5,0.5517425537109375,
0.59999999999999998,0.5134124755859375,
0.69999999999999996,0.47509002685546875,
0.80000000000000004,0.42910003662109375,
0.90000000000000002,0.41887664794921875,
1,0.42398834228515625,
1.1000000000000001,0.40099334716796875,
1.2,0.36011505126953125,
1.3,0.31923675537109375,
1.3999999999999999,0.3013458251953125,
1.5,0.298797607421875,
1.6000000000000001,0.3013458251953125,
1.7,0.37288665771484375,
1.8,0.546630859375,
1.8999999999999999,0.74591827392578125,
2,0.9554290771484375,
2.1000000000000001,1.1956024169921875,
2.2000000000000002,1.420440673828125,
2.2999999999999998,1.6146163940429688,
2.3999999999999999,1.770477294921875,
2.5,1.8905563354492188,
2.6000000000000001,2.0336380004882812,
2.7000000000000002,2.238037109375,
2.7999999999999998,2.4526596069335938,
2.8999999999999999,2.6289520263671875,
3,2.7643661499023438,
3.1000000000000001,2.8691253662109375,
3.2000000000000002,2.945770263671875,
3.2999999999999998,2.9381103515625,
3.3999999999999999,2.7745895385742188,
3.5,2.55230712890625,
3.6000000000000001,2.38623046875,
3.7000000000000002,2.2457046508789062,
3.7999999999999998,2.0745162963867188,
3.8999999999999999,1.8573455810546875,
4,1.6478347778320312,
4.0999999999999996,1.4434356689453125,
4.2000000000000002,1.2211456298828125,
4.2999999999999998,1.00653076171875,
4.4000000000000004,0.84812164306640625,
4.5,0.74591827392578125,
4.5999999999999996,0.67693328857421875,
4.7000000000000002,0.6232757568359375,
4.7999999999999998,0.57218170166015625,
4.9000000000000004,0.55684661865234375,
5,0.5696258544921875,
5.0999999999999996,0.5517425537109375,
5.2000000000000002,0.5312957763671875,
5.2999999999999998,0.53896331787109375,
5.4000000000000004,0.554290771484375,
5.5,0.56451416015625,
5.5999999999999996,0.55684661865234375,
5.7000000000000002,0.5517425537109375,
5.7999999999999998,0.554290771484375,
5.9000000000000004,0.55684661865234375,
6,0.5517425537109375,
6.0999999999999996,0.546630859375,
6.2000000000000002,0.54407501220703125,
6.2999999999999998,0.53385162353515625,
6.4000000000000004,0.51596832275390625,
6.5,0.500640869140625,
6.5999999999999996,0.49041748046875,
6.7000000000000002,0.4674224853515625,
6.7999999999999998,0.4316558837890625,
6.9000000000000004,0.40610504150390625,
7,0.41121673583984375,
7.0999999999999996,0.444427490234375,
7.2000000000000002,0.5236358642578125,
7.2999999999999998,0.6922607421875,
7.4000000000000004,0.9273223876953125,
7.5,1.1496124267578125,
7.5999999999999996,1.3412322998046875,
7.7000000000000002,1.4689865112304688,
7.7999999999999998,1.5251922607421875,
7.9000000000000004,1.5711822509765625,
8,1.6248397827148438,
8.0999999999999996,1.640167236328125,
8.1999999999999993,1.5992889404296875,
8.3000000000000007,1.54052734375,
8.4000000000000004,1.4868698120117188,
8.5,1.4408798217773438,
8.5999999999999996,1.3488998413085938,
8.6999999999999993,1.172607421875,
8.8000000000000007,0.978424072265625,
8.9000000000000004,0.82001495361328125,
9,0.71270751953125,
9.0999999999999996,0.63861083984375,
9.1999999999999993,0.574737548828125,
9.3000000000000007,0.5236358642578125,
9.4000000000000004,0.47509002685546875,
9.5,0.4214324951171875,
9.5999999999999996,0.4035491943359375,
9.6999999999999993,0.41121673583984375,
9.8000000000000007,0.4393157958984375,
9.9000000000000004,0.482757568359375,
10,0.546630859375,9.0566034317016602
10.1,0.63605499267578125,
10.199999999999999,0.7433624267578125,
10.300000000000001,0.812347412109375,
10.4,0.7995758056640625,
10.5,0.71781158447265625,
10.6,0.6692657470703125,
10.699999999999999,0.766357421875,
10.800000000000001,0.96820068359375,
10.9,1.172607421875,
11,1.3795623779296875,
11.1,1.6273956298828125,
11.199999999999999,1.8292388916015625,
11.300000000000001,1.9288864135742188,
11.4,2.0131988525390625,
11.5,2.1588363647460938,
11.6,2.3632354736328125,
11.699999999999999,2.5446395874023438,
11.800000000000001,2.577850341796875,
11.9,2.4347763061523438,
12,2.2738113403320312,
12.1,2.1256179809570312,
12.199999999999999,1.97998046875,
12.300000000000001,1.9033355712890625,
12.4,1.8317947387695312,
12.5,1.732147216796875,
12.6,1.6376113891601562,
12.699999999999999,1.5175323486328125,
12.800000000000001,1.3974456787109375,
12.9,1.30035400390625,
13,1.2109298706054688,
13.1,1.172607421875,
13.199999999999999,1.1419448852539062,
13.300000000000001,1.1010665893554688,
13.4,1.052520751953125,
13.5,0.9094390869140625,
13.6,0.7433624267578125,
13.699999999999999,0.63094329833984375,
13.800000000000001,0.5517425537109375,
13.9,0.52619171142578125,
14,0.57218170166015625,
14.1,0.63861083984375,
14.199999999999999,0.6794891357421875,
14.300000000000001,0.72803497314453125,
14.4,0.8072357177734375,
14.5,0.868560791015625,
14.6,0.8736724853515625,
14.699999999999999,0.85833740234375,
14.800000000000001,0.9452056884765625,
14.9,1.1649398803710938,
15,1.4689865112304688,
15.1,1.85223388671875,
15.199999999999999,2.3146896362304688,
15.300000000000001,2.754150390625,
15.4,3.0045394897460938,
15.5,3.0352020263671875,
15.6,2.9176712036132812,
15.699999999999999,2.6826095581054688,
15.800000000000001,2.4015579223632812,
15.9,2.1946029663085938,
16,2.0872955322265625,
16.100000000000001,2.0157546997070312,
16.199999999999999,1.9595413208007812,
16.300000000000001,1.933990478515625,
16.399999999999999,1.9595413208007812,
16.5,1.954437255859375,
16.600000000000001,1.8369064331054688,
16.699999999999999,1.6759414672851562,
16.800000000000001,1.5430755615234375,
16.899999999999999,1.41021728515625,
17,1.2926864624023438,
17.100000000000001,1.2569198608398438,
17.199999999999999,1.2671356201171875,
17.300000000000001,1.26458740234375,
17.399999999999999,1.2492523193359375,
17.5,1.2569198608398438,
17.600000000000001,1.2748031616210938,
17.699999999999999,1.2466964721679688,
17.800000000000001,1.1674957275390625,
17.899999999999999,1.088287353515625,
18,1.0269699096679688,
18.100000000000001,0.9656524658203125,
18.199999999999999,0.8992156982421875,
18.300000000000001,0.8455657958984375,
18.399999999999999,0.776580810546875,
18.5,0.702484130859375,
18.600000000000001,0.67693328857421875,
18.699999999999999,0.68204498291015625,
18.800000000000001,0.6897125244140625,
18.899999999999999,0.6897125244140625,
19,0.68204498291015625,
19.100000000000001,0.68204498291015625,
19.199999999999999,0.666717529296875,
19.300000000000001,0.63605499267578125,
19.399999999999999,0.62583160400390625,
19.5,0.68204498291015625,
19.600000000000001,0.766357421875,
19.699999999999999,0.8072357177734375,
19.800000000000001,0.81490325927734375,
19.899999999999999,0.8046875,
20,0.7535858154296875,7.3230271339416504
20.100000000000001,0.68715667724609375,
20.199999999999999,0.656494140625,
20.300000000000001,0.65904998779296875,
20.399999999999999,0.6513824462890625,
20.5,0.628387451171875,
20.600000000000001,0.628387451171875,
20.699999999999999,0.6616058349609375,
20.800000000000001,0.720367431640625,
20.899999999999999,0.8072357177734375,
21,0.89411163330078125,
21.100000000000001,0.98097991943359375,
21.199999999999999,1.088287353515625,
21.300000000000001,1.162384033203125,
21.399999999999999,1.1751556396484375,
21.5,1.15216064453125,
21.600000000000001,1.08062744140625,
21.699999999999999,0.978424072265625,
21.800000000000001,0.89666748046875,
21.899999999999999,0.85833740234375,
22,0.83789825439453125,
22.100000000000001,0.8276824951171875,
22.199999999999999,0.9273223876953125,
22.300000000000001,1.22625732421875,
22.399999999999999,1.6836013793945312,
22.5,2.2227096557617188,
22.600000000000001,2.7311553955078125,
22.699999999999999,3.1220703125,
22.800000000000001,3.4363327026367188,
22.899999999999999,3.6765060424804688,
23,3.7863693237304688,
23.100000000000001,3.6483993530273438,
23.199999999999999,3.2166061401367188,
23.300000000000001,2.6800537109375,
23.399999999999999,2.2916946411132812,
23.5,2.1435012817382812,
23.600000000000001,2.1256179809570312,
23.699999999999999,2.1051788330078125,
23.800000000000001,2.0872955322265625,
23.899999999999999,2.046417236328125,
24,1.908447265625,
24.100000000000001,1.7525863647460938,
24.199999999999999,1.6299514770507812,
24.300000000000001,1.5047531127929688,
24.399999999999999,1.3488998413085938,
24.5,1.2134857177734375,
24.600000000000001,1.1470565795898438,
24.699999999999999,1.0831756591796875,
24.800000000000001,1.0193023681640625,
24.899999999999999,0.9656524658203125,
25,0.9273223876953125,
25.100000000000001,0.876220703125,
25.199999999999999,0.8174591064453125,
25.300000000000001,0.794464111328125,
25.399999999999999,0.79190826416015625,
25.5,0.776580810546875,
25.600000000000001,0.7612457275390625,
25.699999999999999,0.758697509765625,
25.800000000000001,0.758697509765625,
25.899999999999999,0.7357025146484375,
26,0.71015167236328125,
26.100000000000001,0.702484130859375,
26.199999999999999,0.71781158447265625,
26.300000000000001,0.738250732421875,
26.399999999999999,0.74080657958984375,
26.5,0.7535858154296875,
26.600000000000001,0.7893524169921875,
26.699999999999999,0.830230712890625,
26.800000000000001,0.8532257080078125,
26.899999999999999,0.876220703125,
27,0.89666748046875,
27.100000000000001,0.92476654052734375,
27.199999999999999,0.9733123779296875,
27.300000000000001,1.0269699096679688,
27.399999999999999,1.0652923583984375,
27.5,1.0627365112304688,
27.600000000000001,1.0193023681640625,
27.699999999999999,0.96820068359375,
27.800000000000001,0.9503173828125,
27.899999999999999,0.9554290771484375,
28,0.960540771484375,
28.100000000000001,0.9656524658203125,
28.199999999999999,0.97075653076171875,
28.300000000000001,0.96820068359375,
28.399999999999999,0.94776153564453125,
28.5,0.9196624755859375,
28.600000000000001,0.91710662841796875,
28.699999999999999,1.0167465209960938,
28.800000000000001,1.290130615234375,
28.899999999999999,1.66827392578125,
29,2.0234222412109375,
29.100000000000001,2.2968063354492188,
29.199999999999999,2.4909820556640625,
29.300000000000001,2.6391754150390625,
29.399999999999999,2.77203369140625,
29.5,2.8870086669921875,
29.600000000000001,2.9432220458984375,
29.699999999999999,2.8870086669921875,
29.800000000000001,2.7234878540039062,
29.899999999999999,2.4552154541015625,
30,2.100067138671875,9.1185407638549805
30.100000000000001,1.8139114379882812,
30.199999999999999,1.6376113891601562,
30.300000000000001,1.4689865112304688,
30.399999999999999,1.2850265502929688,
30.5,1.1419448852539062,
30.600000000000001,1.0933990478515625,
30.699999999999999,1.106170654296875,
30.800000000000001,1.0499649047851562,
30.899999999999999,0.9196624755859375,
31,0.85833740234375,
31.100000000000001,0.85833740234375,
31.199999999999999,0.84812164306640625,
31.300000000000001,0.80213165283203125,
31.399999999999999,0.7714691162109375,
31.5,0.77402496337890625,
31.600000000000001,0.77913665771484375,
31.699999999999999,0.75102996826171875,
31.800000000000001,0.72292327880859375,
31.899999999999999,0.7305908203125,
32,0.74080657958984375,
32.100000000000001,0.74591827392578125,
32.200000000000003,0.74847412109375,
32.299999999999997,0.75102996826171875,
32.399999999999999,0.74080657958984375,
32.5,0.720367431640625,
32.600000000000001,0.7075958251953125,
32.700000000000003,0.6794891357421875,
32.799999999999997,0.6513824462890625,
32.899999999999999,0.64882659912109375,
33,0.666717529296875,
33.100000000000001,0.702484130859375,
33.200000000000003,0.75102996826171875,
33.299999999999997,0.82001495361328125,
33.399999999999999,0.904327392578125,
33.5,1.0244140625,
33.600000000000001,1.1879348754882812,
33.700000000000003,1.3693389892578125,
33.799999999999997,1.55841064453125,
33.899999999999999,1.7449264526367188,
34,1.8956680297851562,
34.100000000000001,2.018310546875,
34.200000000000003,2.156280517578125,
34.299999999999997,2.3146896362304688,
34.399999999999999,2.5267562866210938,
34.5,2.8129119873046875,
34.600000000000001,3.0914077758789062,
34.700000000000003,3.334136962890625,
34.799999999999997,3.5308685302734375,
34.899999999999999,3.6790618896484375,
35,3.7250518798828125,
35.100000000000001,3.5768585205078125,
35.200000000000003,3.295806884765625,
35.299999999999997,3.0070953369140625,
35.399999999999999,2.6826095581054688,
35.5,2.3606796264648438,
35.600000000000001,2.1026229858398438,
35.700000000000003,1.8650054931640625,
35.799999999999997,1.640167236328125,
35.899999999999999,1.44854736328125,
36,1.30035400390625,
36.100000000000001,1.198150634765625,
36.200000000000003,1.1215057373046875,
36.299999999999997,1.0320816040039062,
36.399999999999999,0.93498992919921875,
36.5,0.8915557861328125,
36.600000000000001,0.89411163330078125,
36.700000000000003,0.8992156982421875,
36.799999999999997,0.876220703125,
36.899999999999999,0.84812164306640625,
37,0.8276824951171875,
37.100000000000001,0.812347412109375,
37.200000000000003,0.80979156494140625,
37.299999999999997,0.80979156494140625,
37.399999999999999,0.8353424072265625,
37.5,0.84300994873046875,
37.600000000000001,0.82512664794921875,
37.700000000000003,0.85578155517578125,
37.799999999999997,0.88899993896484375,
37.899999999999999,0.8915557861328125,
38,0.8915557861328125,
38.100000000000001,0.92476654052734375,
38.200000000000003,0.98609161376953125,
38.299999999999997,1.1087265014648438,
38.399999999999999,1.2850265502929688,
38.5,1.4357681274414062,
38.600000000000001,1.6452789306640625,
38.700000000000003,1.88800048828125,
38.799999999999997,2.1358413696289062,
38.899999999999999,2.3708953857421875,
39,2.5753021240234375,
39.100000000000001,2.6723861694335938,
39.200000000000003,2.5625228881835938,
39.299999999999997,2.3964462280273438,
39.399999999999999,2.33001708984375,
39.5,2.3198013305664062,
39.600000000000001,2.322357177734375,
39.700000000000003,2.3044662475585938,
39.799999999999997,2.2763671875,
39.899999999999999,2.2457046508789062,
40,2.1690521240234375,10.989010810852051
40.100000000000001,2.064300537109375,
40.200000000000003,2.0336380004882812,
40.299999999999997,2.0872955322265625,
40.399999999999999,2.1154022216796875,
40.5,2.0872955322265625,
40.600000000000001,2.0489654541015625,
40.700000000000003,1.9850921630859375,
40.799999999999997,1.8445663452148438,
40.899999999999999,1.6938247680664062,
41,1.6273956298828125,
41.100000000000001,1.6350555419921875,
41.200000000000003,1.7065963745117188,
41.299999999999997,1.7679214477539062,
41.399999999999999,1.7832489013671875,
41.5,1.7806930541992188,
41.600000000000001,1.6836013793945312,
41.700000000000003,1.5073089599609375,
41.799999999999997,1.3693389892578125,
41.899999999999999,1.3514556884765625,
42,1.4510955810546875,
42.100000000000001,1.566070556640625,
42.200000000000003,1.6146163940429688,
42.299999999999997,1.604400634765625,
42.399999999999999,1.5992889404296875,
42.5,1.6887130737304688,
42.600000000000001,1.7091522216796875,
42.700000000000003,1.5098648071289062,
42.799999999999997,1.254364013671875,
42.899999999999999,1.1036224365234375,
43,0.99375152587890625,
43.100000000000001,0.830230712890625,
43.200000000000003,0.73314666748046875,
43.299999999999997,0.830230712890625,
43.399999999999999,1.034637451171875,
43.5,1.2339248657226562,
43.600000000000001,1.392333984375,
43.700000000000003,1.5532989501953125,
43.799999999999997,1.7474822998046875,
43.899999999999999,2.0285263061523438,
44,2.3657913208007812,
44.100000000000001,2.669830322265625,
44.200000000000003,2.9329986572265625,
44.299999999999997,3.1910552978515625,
44.399999999999999,3.3673477172851562,
44.5,3.3571319580078125,
44.600000000000001,3.260040283203125,
44.700000000000003,3.203826904296875,
44.799999999999997,3.1603927612304688,
44.899999999999999,3.0709686279296875,
45,2.9253311157226562,
45.100000000000001,2.6800537109375,
45.200000000000003,2.3836746215820312,
45.299999999999997,2.1486129760742188,
45.399999999999999,1.92633056640625,
45.5,1.770477294921875,
45.600000000000001,1.6452789306640625,
45.700000000000003,1.4766464233398438,
45.799999999999997,1.3386764526367188,
45.899999999999999,1.1777114868164062,
46,1.0320816040039062,
46.100000000000001,0.96309661865234375,
46.200000000000003,0.9094390869140625,
46.299999999999997,0.8634490966796875,
46.399999999999999,0.83789825439453125,
46.5,0.80979156494140625,
46.600000000000001,0.77913665771484375,
46.700000000000003,0.76891326904296875,
46.799999999999997,0.78679656982421875,
46.899999999999999,0.81490325927734375,
47,0.82512664794921875,
47.100000000000001,0.8072357177734375,
47.200000000000003,0.776580810546875,
47.299999999999997,0.77402496337890625,
47.399999999999999,0.7995758056640625,
47.5,0.80979156494140625,
47.600000000000001,0.8072357177734375,
47.700000000000003,0.7893524169921875,
47.799999999999997,0.76891326904296875,
47.899999999999999,0.74847412109375,
48,0.75614166259765625,
48.100000000000001,0.83789825439453125,
48.200000000000003,0.89666748046875,
48.299999999999997,0.89411163330078125,
48.399999999999999,0.9375457763671875,
48.5,0.95798492431640625,
48.600000000000001,0.8634490966796875,
48.700000000000003,0.830230712890625,
48.799999999999997,0.9886474609375,
48.899999999999999,1.218597412109375,
49,1.4076614379882812,
49.100000000000001,1.6529464721679688,
49.200000000000003,1.8726730346679688,
49.299999999999997,2.1128463745117188,
49.399999999999999,2.4219970703125,
49.5,2.5906295776367188,
49.600000000000001,2.7056045532226562,
49.700000000000003,2.7950286865234375,
49.799999999999997,2.8512420654296875,
49.899999999999999,2.9713211059570312,
50,3.1322860717773438,11.127595901489258
50.100000000000001,3.3009185791015625,
50.200000000000003,3.4951019287109375,
50.299999999999997,3.61773681640625,
50.399999999999999,3.6330718994140625,
50.5,3.627960205078125,
50.600000000000001,3.6381759643554688,
50.700000000000003,3.6586227416992188,
50.799999999999997,3.7633743286132812,
50.899999999999999,3.9371109008789062,
51,4.0904159545898438,
51.100000000000001,4.1542892456054688,
51.200000000000003,4.0469818115234375,
51.299999999999997,3.7991409301757812,
51.399999999999999,3.242156982421875,
51.5,2.6110687255859375,
51.600000000000001,2.284027099609375,
51.700000000000003,2.1051788330078125,
51.799999999999997,1.9314422607421875,
51.899999999999999,1.7065963745117188,
52,1.548187255859375,
52.100000000000001,1.5047531127929688,
52.200000000000003,1.4689865112304688,
52.299999999999997,1.4178848266601562,
52.399999999999999,1.3795623779296875,
52.5,1.2007064819335938,
52.600000000000001,1.052520751953125,
52.700000000000003,1.144500732421875,
52.799999999999997,1.2518081665039062,
52.899999999999999,1.2211456298828125,
53,1.1496124267578125,
53.100000000000001,1.1547164916992188,
53.200000000000003,1.198150634765625,
53.299999999999997,1.2415924072265625,
53.399999999999999,1.3412322998046875,
53.5,1.4332122802734375,
53.600000000000001,1.4434356689453125,
53.700000000000003,1.4229965209960938,
53.799999999999997,1.4076614379882812,
53.899999999999999,1.4051055908203125,
54,1.3437881469726562,
54.100000000000001,1.2007064819335938,
54.200000000000003,1.1291656494140625,
54.299999999999997,1.0780715942382812,
54.399999999999999,0.978424072265625,
54.5,0.90688323974609375,
54.600000000000001,0.850677490234375,
54.700000000000003,0.80213165283203125,
54.799999999999997,0.7714691162109375,
54.899999999999999,0.758697509765625,
55,0.7305908203125,
55.100000000000001,0.684600830078125,
55.200000000000003,0.67182159423828125,
55.299999999999997,0.738250732421875,
55.399999999999999,0.85578155517578125,
55.5,1.070404052734375,
55.600000000000001,1.3846664428710938,
55.700000000000003,1.7091522216796875,
55.799999999999997,1.9876480102539062,
55.899999999999999,2.2405929565429688,
56,2.4935379028320312,
56.100000000000001,2.7388153076171875,
56.200000000000003,2.9636611938476562,
56.299999999999997,3.1782760620117188,
56.399999999999999,3.32391357421875,
56.5,3.3826751708984375,
56.600000000000001,3.4184494018554688,
56.700000000000003,3.5206527709960938,
56.799999999999997,3.6688385009765625,
56.899999999999999,3.6432876586914062,
57,3.518096923828125,
57.100000000000001,3.43377685546875,
57.200000000000003,3.2293777465820312,
57.299999999999997,2.8205795288085938,
57.399999999999999,2.2712554931640625,
57.5,1.7474822998046875,
57.600000000000001,1.382110595703125,
57.700000000000003,1.1470565795898438,
57.799999999999997,0.9911956787109375,
57.899999999999999,0.8915557861328125,
58,0.850677490234375,
58.100000000000001,0.81490325927734375,
58.200000000000003,0.76891326904296875,
58.299999999999997,0.76380157470703125,
58.399999999999999,0.7816925048828125,
58.5,0.7893524169921875,
58.600000000000001,0.7816925048828125,
58.700000000000003,0.7612457275390625,
58.799999999999997,0.75614166259765625,
58.899999999999999,0.74591827392578125,
59,0.71270751953125,
59.100000000000001,0.71015167236328125,
59.200000000000003,0.7305908203125,
59.299999999999997,0.75102996826171875,
59.399999999999999,0.76380157470703125,
59.5,0.766357421875,
59.600000000000001,0.76380157470703125,
59.700000000000003,0.74847412109375,
59.799999999999997,0.7254791259765625,
59.899999999999999,0.72803497314453125,
60,0.74591827392578125,10.999083518981934
60.100000000000001,0.738250732421875,
60.200000000000003,0.702484130859375,
60.299999999999997,0.67182159423828125,
60.399999999999999,0.64116668701171875,
60.5,0.6053924560546875,
60.600000000000001,0.7433624267578125,
60.700000000000003,1.1956024169921875,
60.799999999999997,1.586517333984375,
60.899999999999999,1.6938247680664062,
61,1.7730255126953125,
61.100000000000001,1.916107177734375,
61.200000000000003,2.0540771484375,
61.299999999999997,2.11029052734375,
61.399999999999999,1.9850921630859375,
61.5,1.7168197631835938,
61.600000000000001,1.4434356689453125,
61.700000000000003,1.3054656982421875,
61.799999999999997,1.3207931518554688,
61.899999999999999,1.290130615234375,
62,1.218597412109375,
62.100000000000001,1.2160415649414062,
62.200000000000003,1.272247314453125,
62.299999999999997,1.2773590087890625,
62.399999999999999,1.2620315551757812,
62.5,1.2875823974609375,
62.600000000000001,1.2875823974609375,
62.700000000000003,1.2466964721679688,
62.799999999999997,1.1956024169921875,
62.899999999999999,1.1751556396484375,
63,1.1470565795898438,
63.100000000000001,1.1393890380859375,
63.200000000000003,1.198150634765625,
63.299999999999997,1.2032623291015625,
63.399999999999999,1.1393890380859375,
63.5,1.1419448852539062,
63.600000000000001,1.1368331909179688,
63.700000000000003,1.070404052734375,
63.799999999999997,1.08062744140625,
63.899999999999999,1.1087265014648438,
64,1.0780715942382812,
64.099999999999994,1.0576324462890625,
64.200000000000003,1.0627365112304688,
64.299999999999997,1.0627365112304688,
64.400000000000006,1.0499649047851562,
64.5,1.0474090576171875,
64.599999999999994,1.014190673828125,
64.700000000000003,0.9656524658203125,
64.799999999999997,0.95798492431640625,
64.900000000000006,0.96309661865234375,
65,0.9503173828125,
65.099999999999994,0.9452056884765625,
65.200000000000003,0.9554290771484375,
65.299999999999997,0.95798492431640625,
65.400000000000006,0.9452056884765625,
65.5,0.9196624755859375,
65.599999999999994,0.89666748046875,
65.700000000000003,0.8992156982421875,
65.799999999999997,0.9094390869140625,
65.900000000000006,0.91710662841796875,
66,0.91199493408203125,
66.099999999999994,0.92476654052734375,
66.200000000000003,0.9656524658203125,
66.299999999999997,1.0116424560546875,
66.400000000000006,1.0116424560546875,
66.5,0.98097991943359375,
66.599999999999994,0.9656524658203125,
66.700000000000003,0.9656524658203125,
66.799999999999997,0.9452056884765625,
66.900000000000006,0.886444091796875,
67,0.83278656005859375,
67.099999999999994,0.77913665771484375,
67.200000000000003,0.738250732421875,
67.299999999999997,0.7075958251953125,
67.400000000000006,0.70503997802734375,
67.5,0.7152557373046875,
67.599999999999994,0.7254791259765625,
67.700000000000003,0.7357025146484375,
67.799999999999997,0.74591827392578125,
67.900000000000006,0.794464111328125,
68,0.8455657958984375,
68.099999999999994,0.83789825439453125,
68.200000000000003,0.830230712890625,
68.299999999999997,0.8915557861328125,
68.400000000000006,0.93498992919921875,
68.5,0.94010162353515625,
68.599999999999994,0.942657470703125,
68.700000000000003,0.93498992919921875,
68.799999999999997,0.94010162353515625,
68.900000000000006,0.94776153564453125,
69,0.91710662841796875,
69.099999999999994,0.85833740234375,
69.200000000000003,0.812347412109375,
69.299999999999997,0.77913665771484375,
69.400000000000006,0.74591827392578125,
69.5,0.71781158447265625,
69.599999999999994,0.67693328857421875,
69.700000000000003,0.64882659912109375,
69.799999999999997,0.63094329833984375,
69.900000000000006,0.592620849609375,
70,0.5696258544921875,9.6930532455444336
70.099999999999994,0.67182159423828125,
70.200000000000003,0.91710662841796875,
70.299999999999997,1.1700515747070312,
70.400000000000006,1.392333984375,
70.5,1.5916213989257812,
70.599999999999994,1.7653656005859375,
70.700000000000003,1.9212188720703125,
70.799999999999997,2.0668563842773438,
70.900000000000006,2.2150421142578125,
71,2.3453521728515625,
71.099999999999994,2.485870361328125,
71.200000000000003,2.6596145629882812,
71.299999999999997,2.800140380859375,
71.400000000000006,2.88189697265625,
71.5,2.8946762084960938,
71.599999999999994,2.8716812133789062,
71.700000000000003,2.8589019775390625,
71.799999999999997,2.7950286865234375,
71.900000000000006,2.644287109375,
72,2.4475479125976562,
72.099999999999994,2.2431488037109375,
72.200000000000003,2.0208663940429688,
72.299999999999997,1.8011322021484375,
72.400000000000006,1.6146163940429688,
72.5,1.4510955810546875,
72.599999999999994,1.2926864624023438,
72.700000000000003,1.1317214965820312,
72.799999999999997,1.0014190673828125,
72.900000000000006,0.90177154541015625,
73,0.80979156494140625,
73.099999999999994,0.7305908203125,
73.200000000000003,0.68715667724609375,
73.299999999999997,0.67182159423828125,
73.400000000000006,0.666717529296875,
73.5,0.6616058349609375,
73.599999999999994,0.6616058349609375,
73.700000000000003,0.66416168212890625,
73.799999999999997,0.6692657470703125,
73.900000000000006,0.67693328857421875,
74,0.65393829345703125,
74.099999999999994,0.61817169189453125,
74.200000000000003,0.60794830322265625,
74.299999999999997,0.6207275390625,
74.400000000000006,0.628387451171875,
74.5,0.63094329833984375,
74.599999999999994,0.63605499267578125,
74.700000000000003,0.63605499267578125,
74.799999999999997,0.63861083984375,
74.900000000000006,0.646270751953125,
75,0.64116668701171875,
75.099999999999994,0.6156158447265625,
75.200000000000003,0.5977325439453125,
75.299999999999997,0.60283660888671875,
75.400000000000006,0.6156158447265625,
75.5,0.6207275390625,
75.599999999999994,0.6232757568359375,
75.700000000000003,0.62583160400390625,
75.799999999999997,0.63094329833984375,
75.900000000000006,0.6334991455078125,
76,0.63861083984375,
76.099999999999994,0.6232757568359375,
76.200000000000003,0.58495330810546875,
76.299999999999997,0.5696258544921875,
76.400000000000006,0.58495330810546875,
76.5,0.5977325439453125,
76.599999999999994,0.60028076171875,
76.700000000000003,0.5977325439453125,
76.799999999999997,0.592620849609375,
76.900000000000006,0.5875091552734375,
77,0.5772857666015625,
77.099999999999994,0.5594024658203125,
77.200000000000003,0.5415191650390625,
77.299999999999997,0.554290771484375,
77.400000000000006,0.63861083984375,
77.5,0.794464111328125,
77.599999999999994,0.9835357666015625,
77.700000000000003,1.2007064819335938,
77.799999999999997,1.4306564331054688,
77.900000000000006,1.6171722412109375,
78,1.7628097534179688,
78.099999999999994,1.9109954833984375,
78.200000000000003,2.0540771484375,
78.299999999999997,2.18438720703125,
78.400000000000006,2.340240478515625,
78.5,2.506317138671875,
78.599999999999994,2.651947021484375,
78.700000000000003,2.7848052978515625,
78.799999999999997,2.9585494995117188,
78.900000000000006,3.168060302734375,
79,3.3494644165039062,
79.099999999999994,3.4107818603515625,
79.200000000000003,3.3494644165039062,
79.299999999999997,3.1833877563476562,
79.400000000000006,2.9329986572265625,
79.5,2.669830322265625,
79.599999999999994,2.3351287841796875,
79.700000000000003,1.9109954833984375,
79.799999999999997,1.55841064453125,
79.900000000000006,1.3156814575195312,
80,1.1317214965820312,6.43316650390625
80.099999999999994,1.014190673828125,
80.200000000000003,0.9503173828125,
80.299999999999997,0.9375457763671875,
80.400000000000006,0.96309661865234375,
80.5,0.96820068359375,
80.599999999999994,0.95287322998046875,
80.700000000000003,0.95798492431640625,
80.799999999999997,0.978424072265625,
80.900000000000006,0.9886474609375,
81,0.9911956787109375,
81.099999999999994,0.99375152587890625,
81.200000000000003,0.996307373046875,
81.299999999999997,1.0014190673828125,
81.400000000000006,0.9911956787109375,
81.5,0.96309661865234375,
81.599999999999994,0.9503173828125,
81.700000000000003,0.9656524658203125,
81.799999999999997,0.9835357666015625,
81.900000000000006,0.99375152587890625,
82,0.996307373046875,
82.099999999999994,1.0039749145507812,
82.200000000000003,1.0116424560546875,
82.299999999999997,1.0167465209960938,
82.400000000000006,1.00653076171875,
82.5,0.978424072265625,
82.599999999999994,0.9733123779296875,
82.700000000000003,0.9911956787109375,
82.799999999999997,1.0014190673828125,
82.900000000000006,1.00653076171875,
83,1.014190673828125,
83.099999999999994,1.0193023681640625,
83.200000000000003,1.0244140625,
83.299999999999997,1.0269699096679688,
83.400000000000006,1.0090866088867188,
83.5,0.99375152587890625,
83.599999999999994,0.996307373046875,
83.700000000000003,1.0090866088867188,
83.799999999999997,1.0167465209960938,
83.900000000000006,1.0193023681640625,
84,1.0269699096679688,
84.099999999999994,1.0397415161132812,
84.200000000000003,1.04229736328125,
84.299999999999997,1.034637451171875,
84.400000000000006,1.014190673828125,
84.5,1.00653076171875,
84.599999999999994,1.0193023681640625,
84.700000000000003,1.0320816040039062,
84.799999999999997,1.0371856689453125,
84.900000000000006,1.04229736328125,
85,1.04229736328125,
85.099999999999994,1.0474090576171875,
85.200000000000003,1.0397415161132812,
85.299999999999997,1.0116424560546875,
85.400000000000006,1.0090866088867188,
85.5,1.0218582153320312,
85.599999999999994,1.00653076171875,
85.700000000000003,1.0090866088867188,
85.799999999999997,1.0652923583984375,
85.900000000000006,1.0652923583984375,
86,1.0269699096679688,
86.099999999999994,1.11639404296875,
86.200000000000003,1.3693389892578125,
86.299999999999997,1.66827392578125,
86.400000000000006,1.9416580200195312,
86.5,2.1486129760742188,
86.599999999999994,2.2635879516601562,
86.700000000000003,2.4168853759765625,
86.799999999999997,2.6289520263671875,
86.900000000000006,2.8103561401367188,
87,2.9687652587890625,
87.099999999999994,3.0965194702148438,
87.200000000000003,3.1603927612304688,
87.299999999999997,3.1578369140625,
87.400000000000006,3.0965194702148438,
87.5,2.9253311157226562,
87.599999999999994,2.726043701171875,
87.700000000000003,2.6008453369140625,
87.799999999999997,2.5012054443359375,
87.900000000000006,2.3734512329101562,
88,2.2635879516601562,
88.099999999999994,2.192047119140625,
88.200000000000003,2.1154022216796875,
88.299999999999997,2.0157546997070312,
88.400000000000006,1.954437255859375,
88.5,1.9288864135742188,
88.599999999999994,1.908447265625,
88.700000000000003,1.8394622802734375,
88.799999999999997,1.7193756103515625,
88.900000000000006,1.7525863647460938,
89,1.9288864135742188,
89.099999999999994,1.9876480102539062,
89.200000000000003,1.916107177734375,
89.299999999999997,1.8573455810546875,
89.400000000000006,1.8496780395507812,
89.5,1.8599014282226562,
89.599999999999994,1.8496780395507812,
89.700000000000003,1.8113555908203125,
89.799999999999997,1.7295913696289062,
89.900000000000006,1.6273956298828125,
90,1.5430755615234375,6.9498066902160645
90.099999999999994,1.4536514282226562,
90.200000000000003,1.3540115356445312,
90.299999999999997,1.2748031616210938,
90.400000000000006,1.1930465698242188,
90.5,1.0780715942382812,
90.599999999999994,0.98097991943359375,
90.700000000000003,0.904327392578125,
90.799999999999997,0.82512664794921875,
90.900000000000006,0.7816925048828125,
91,0.75614166259765625,
91.099999999999994,0.7152557373046875,
91.200000000000003,0.6794891357421875,
91.299999999999997,0.67182159423828125,
91.400000000000006,0.67437744140625,
91.5,0.6794891357421875,
91.599999999999994,0.69992828369140625,
91.700000000000003,0.7152557373046875,
91.799999999999997,0.720367431640625,
91.900000000000006,0.74591827392578125,
92,0.78424072265625,
92.099999999999994,0.776580810546875,
92.200000000000003,0.7612457275390625,
92.299999999999997,0.76891326904296875,
92.400000000000006,0.7816925048828125,
92.5,0.7893524169921875,
92.599999999999994,0.7816925048828125,
92.700000000000003,0.776580810546875,
92.799999999999997,0.8634490966796875,
92.900000000000006,1.1112823486328125,
93,1.3718948364257812,
93.099999999999994,1.5686264038085938,
93.200000000000003,1.77813720703125,
93.299999999999997,2.008087158203125,
93.400000000000006,2.2252655029296875,
93.5,2.3887863159179688,
93.599999999999994,2.485870361328125,
93.700000000000003,2.5548553466796875,
93.799999999999997,2.5804061889648438,
93.900000000000006,2.5318603515625,
94,2.414337158203125,
94.099999999999994,2.266143798828125,
94.200000000000003,2.1511688232421875,
94.299999999999997,2.0975112915039062,
94.400000000000006,2.0872955322265625,
94.5,2.1230621337890625,
94.599999999999994,2.1894912719726562,
94.700000000000003,2.2252655029296875,
94.799999999999997,2.209930419921875,
94.900000000000006,2.1537246704101562,
95,2.0975112915039062,
95.099999999999994,2.0770721435546875,
95.200000000000003,2.0796279907226562,
95.299999999999997,2.1077346801757812,
95.400000000000006,2.07196044921875,
95.5,1.96209716796875,
95.599999999999994,1.9518814086914062,
95.700000000000003,1.9748764038085938,
95.799999999999997,1.9007797241210938,
95.900000000000006,1.7679214477539062,
96,1.612060546875,
96.099999999999994,1.4510955810546875,
96.200000000000003,1.2799148559570312,
96.299999999999997,1.1291656494140625,
96.400000000000006,1.0039749145507812,
96.5,0.89411163330078125,
96.599999999999994,0.81490325927734375,
96.700000000000003,0.7816925048828125,
96.799999999999997,0.7995758056640625,
96.900000000000006,0.8276824951171875,
97,0.83789825439453125,
97.099999999999994,0.83789825439453125,
97.200000000000003,0.80979156494140625,
97.299999999999997,0.77913665771484375,
97.400000000000006,0.75614166259765625,
97.5,0.720367431640625,
97.599999999999994,0.666717529296875,
97.700000000000003,0.63094329833984375,
97.799999999999997,0.62583160400390625,
97.900000000000006,0.628387451171875,
98,0.628387451171875,
98.099999999999994,0.6207275390625,
98.200000000000003,0.610504150390625,
98.299999999999997,0.59006500244140625,
98.400000000000006,0.56451416015625,
98.5,0.5312957763671875,
98.599999999999994,0.50830078125,
98.700000000000003,0.51596832275390625,
98.799999999999997,0.554290771484375,
98.900000000000006,0.610504150390625,
99,0.656494140625,
99.099999999999994,0.69992828369140625,
99.200000000000003,0.74847412109375,
99.299999999999997,0.77913665771484375,
99.400000000000006,0.8046875,
99.5,0.86089324951171875,
99.599999999999994,0.9273223876953125,
99.700000000000003,0.97586822509765625,
99.799999999999997,1.0193023681640625,
99.900000000000006,1.0908432006835938,
100,1.22625732421875,8.0645160675048828
100.09999999999999,1.48431396484375,
100.2,1.8036880493164062,
100.3,2.07196044921875,
100.40000000000001,2.2814712524414062,
100.5,2.3504562377929688,
100.59999999999999,2.2252655029296875,
100.7,2.0540771484375,
100.8,1.9442138671875,
100.90000000000001,1.8828964233398438,
101,1.8317947387695312,
101.09999999999999,1.770477294921875,
101.2,1.7193756103515625,
101.3,1.696380615234375,
101.40000000000001,1.6912689208984375,
101.5,1.6018447875976562,
101.59999999999999,1.438323974609375,
101.7,1.364227294921875,
101.8,1.3872222900390625,
101.90000000000001,1.4306564331054688,
102,1.4587631225585938,
102.09999999999999,1.474090576171875,
102.2,1.4587631225585938,
102.3,1.3591156005859375,
102.40000000000001,1.2696914672851562,
102.5,1.2748031616210938,
102.59999999999999,1.2952423095703125,
102.7,1.2926864624023438,
102.8,1.282470703125,
102.90000000000001,1.2926864624023438,
103,1.310577392578125,
103.09999999999999,1.3029098510742188,
103.2,1.2696914672851562,
103.3,1.2313690185546875,
103.40000000000001,1.2288131713867188,
103.5,1.2466964721679688,
103.59999999999999,1.2518081665039062,
103.7,1.2518081665039062,
103.8,1.2696914672851562,
103.90000000000001,1.33612060546875,
104,1.382110595703125,
104.09999999999999,1.3207931518554688,
104.2,1.1674957275390625,
104.3,1.0039749145507812,
104.40000000000001,0.88899993896484375,
104.5,0.82001495361328125,
104.59999999999999,0.76891326904296875,
104.7,0.73314666748046875,
104.8,0.70503997802734375,
104.90000000000001,0.6794891357421875,
105,0.65904998779296875,
105.09999999999999,0.63094329833984375,
105.2,0.60028076171875,
105.3,0.5823974609375,
105.40000000000001,0.5772857666015625,
105.5,0.57218170166015625,
105.59999999999999,0.57218170166015625,
105.7,0.57218170166015625,
105.8,0.5696258544921875,
105.90000000000001,0.56707000732421875,
106,0.554290771484375,
106.09999999999999,0.5312957763671875,
106.2,0.52619171142578125,
106.3,0.53385162353515625,
106.40000000000001,0.5415191650390625,
106.5,0.5415191650390625,
106.59999999999999,0.5415191650390625,
106.7,0.546630859375,
106.8,0.56707000732421875,
106.90000000000001,0.5977325439453125,
107,0.68204498291015625,
107.09999999999999,0.8532257080078125,
107.2,1.0755157470703125,
107.3,1.3156814575195312,
107.40000000000001,1.5379714965820312,
107.5,1.7372589111328125,
107.59999999999999,1.9186630249023438,
107.7,2.07196044921875,
107.8,2.1997146606445312,
107.90000000000001,2.3198013305664062,
108,2.4168853759765625,
108.09999999999999,2.4935379028320312,
108.2,2.5753021240234375,
108.3,2.6391754150390625,
108.40000000000001,2.6672821044921875,
108.5,2.6672821044921875,
108.59999999999999,2.6085128784179688,
108.7,2.49609375,
108.8,2.3530120849609375,
108.90000000000001,2.2073822021484375,
109,2.0949554443359375,
109.09999999999999,2.0029754638671875,
109.2,1.9288864135742188,
109.3,1.8701171875,
109.40000000000001,1.8292388916015625,
109.5,1.8190155029296875,
109.59999999999999,1.8190155029296875,
109.7,1.8113555908203125,
109.8,1.8011322021484375,
109.90000000000001,1.7909164428710938,
110,1.788360595703125,8.4825639724731445
110.09999999999999,1.7653656005859375,
110.2,1.7168197631835938,
110.3,1.6836013793945312,
110.40000000000001,1.678497314453125,
110.5,1.6810455322265625,
110.59999999999999,1.6861572265625,
110.7,1.6938247680664062,
110.8,1.696380615234375,
110.90000000000001,1.6887130737304688,
111,1.6810455322265625,
111.09999999999999,1.6606063842773438,
111.2,1.6171722412109375,
111.3,1.5916213989257812,
111.40000000000001,1.5967330932617188,
111.5,1.6069564819335938,
111.59999999999999,1.6095123291015625,
111.7,1.612060546875,
111.8,1.6197280883789062,
111.90000000000001,1.6197280883789062,
112,1.622283935546875,
112.09999999999999,1.6299514770507812,
112.2,1.6171722412109375,
112.3,1.5916213989257812,
112.40000000000001,1.5916213989257812,
112.5,1.6018447875976562,
112.59999999999999,1.604400634765625,
112.7,1.6069564819335938,
112.8,1.612060546875,
112.90000000000001,1.6248397827148438,
113,1.6376113891601562,
113.09999999999999,1.6452789306640625,
113.2,1.6529464721679688,
113.3,1.640167236328125,
113.40000000000001,1.6095123291015625,
113.5,1.604400634765625,
113.59999999999999,1.6273956298828125,
113.7,1.6555023193359375,
113.8,1.6861572265625,
113.90000000000001,1.732147216796875,
114,1.7909164428710938,
114.09999999999999,1.81646728515625,
114.2,1.70404052734375,
114.3,1.456207275390625,
114.40000000000001,1.19049072265625,
114.5,1.0014190673828125,
114.59999999999999,0.92987823486328125,
114.7,0.89411163330078125,
114.8,0.82512664794921875,
114.90000000000001,0.7714691162109375,
115,0.758697509765625,
115.09999999999999,0.74847412109375,
115.2,0.71781158447265625,
115.3,0.69992828369140625,
115.40000000000001,0.68204498291015625,
115.5,0.63861083984375,
115.59999999999999,0.60028076171875,
115.7,0.59006500244140625,
115.8,0.5977325439453125,
115.90000000000001,0.610504150390625,
116,0.63861083984375,
116.09999999999999,0.6973724365234375,
116.2,0.79190826416015625,
116.3,0.8915557861328125,
116.40000000000001,0.96820068359375,
116.5,1.04229736328125,
116.59999999999999,1.1189498901367188,
116.7,1.1700515747070312,
116.8,1.1828231811523438,
116.90000000000001,1.1572723388671875,
117,1.1215057373046875,
117.09999999999999,1.1010665893554688,
117.2,1.0729598999023438,
117.3,1.0295257568359375,
117.40000000000001,1.014190673828125,
117.5,1.0218582153320312,
117.59999999999999,1.0167465209960938,
117.7,1.014190673828125,
117.8,1.0039749145507812,
117.90000000000001,0.99886322021484375,
118,1.0014190673828125,
118.09999999999999,0.98097991943359375,
118.2,0.95287322998046875,
118.3,0.942657470703125,
118.40000000000001,0.95798492431640625,
118.5,0.9886474609375,
118.59999999999999,1.0167465209960938,
118.7,1.0397415161132812,
118.8,1.0474090576171875,
118.90000000000001,1.052520751953125,
119,1.088287353515625,
119.09999999999999,1.1751556396484375,
119.2,1.3029098510742188,
119.3,1.420440673828125,
119.40000000000001,1.5277481079101562,
119.5,1.6810455322265625,
119.59999999999999,1.8139114379882812,
119.7,1.8905563354492188,
119.8,1.908447265625,
119.90000000000001,1.9033355712890625,
120,1.9646530151367188,6.8754773139953613
120.09999999999999,2.018310546875,
120.2,2.1358413696289062,
120.3,2.1818313598632812,
120.40000000000001,2.0208663940429688,
120.5,1.8573455810546875,
120.59999999999999,1.7449264526367188,
120.7,1.604400634765625,
120.8,1.4000015258789062,
120.90000000000001,1.2926864624023438,
121,1.364227294921875,
121.09999999999999,1.4255523681640625,
121.2,1.3974456787109375,
121.3,1.3897781372070312,
121.40000000000001,1.392333984375,
121.5,1.364227294921875,
121.59999999999999,1.3029098510742188,
121.7,1.2518081665039062,
121.8,1.22625732421875,
121.90000000000001,1.2109298706054688,
122,1.180267333984375,
122.09999999999999,1.1547164916992188,
122.2,1.1956024169921875,
122.3,1.2850265502929688,
122.40000000000001,1.382110595703125,
122.5,1.3565673828125,
122.59999999999999,1.30035400390625,
122.7,1.438323974609375,
122.8,1.7168197631835938,
122.90000000000001,2.0310821533203125,
123,2.47821044921875,
123.09999999999999,3.1169586181640625,
123.2,3.7122726440429688,
123.3,4.115966796875,
123.40000000000001,4.3867950439453125,
123.5,4.4583358764648438,
123.59999999999999,4.1082992553710938,
123.7,3.6202926635742188,
123.8,3.32391357421875,
123.90000000000001,3.111846923828125,
124,3.0326461791992188,
124.09999999999999,3.0352020263671875,
124.2,2.973876953125,
124.3,2.7592620849609375,
124.40000000000001,2.4833221435546875,
124.5,2.3504562377929688,
124.59999999999999,2.347900390625,
124.7,2.3606796264648438,
124.8,2.3504562377929688,
124.90000000000001,2.3249053955078125,
125,2.2278213500976562,
125.09999999999999,2.138397216796875,
125.2,2.2252655029296875,
125.3,2.3172454833984375,
125.40000000000001,2.2968063354492188,
125.5,2.2635879516601562,
125.59999999999999,2.25592041015625,
125.7,2.4015579223632812,
125.8,2.6110687255859375,
125.90000000000001,2.6417312622070312,
126,2.6034011840820312,
126.09999999999999,2.55230712890625,
126.2,2.4449920654296875,
126.3,2.3504562377929688,
126.40000000000001,2.2635879516601562,
126.5,2.1869354248046875,
126.59999999999999,2.082183837890625,
126.7,1.9314422607421875,
126.8,1.824127197265625,
126.90000000000001,1.7985763549804688,
127,1.7806930541992188,
127.09999999999999,1.7347030639648438,
127.2,1.678497314453125,
127.3,1.6606063842773438,
127.40000000000001,1.6529464721679688,
127.5,1.6069564819335938,
127.59999999999999,1.54052734375,
127.7,1.4459915161132812,
127.8,1.3872222900390625,
127.90000000000001,1.392333984375,
128,1.4229965209960938,
128.09999999999999,1.4332122802734375,
128.19999999999999,1.4178848266601562,
128.30000000000001,1.4357681274414062,
128.40000000000001,1.4613189697265625,
128.5,1.4408798217773438,
128.59999999999999,1.4000015258789062,
128.69999999999999,1.4076614379882812,
128.80000000000001,1.456207275390625,
128.90000000000001,1.4613189697265625,
129,1.438323974609375,
129.09999999999999,1.44854736328125,
129.19999999999999,1.4587631225585938,
129.30000000000001,1.41021728515625,
129.40000000000001,1.3514556884765625,
129.5,1.346343994140625,
129.59999999999999,1.3795623779296875,
129.69999999999999,1.3948898315429688,
129.80000000000001,1.3948898315429688,
129.90000000000001,1.3846664428710938,
130,1.3565673828125,4
130.09999999999999,1.33612060546875,
130.19999999999999,1.2977981567382812,
130.30000000000001,1.2518081665039062,
130.40000000000001,1.282470703125,
130.5,1.3386764526367188,
130.59999999999999,1.3207931518554688,
130.69999999999999,1.2926864624023438,
130.80000000000001,1.2696914672851562,
130.90000000000001,1.244140625,
131,1.2058181762695312,
131.09999999999999,1.0908432006835938,
131.19999999999999,0.99886322021484375,
131.30000000000001,0.97586822509765625,
131.40000000000001,0.95287322998046875,
131.5,0.9375457763671875,
131.59999999999999,0.90688323974609375,
131.69999999999999,0.91199493408203125,
131.80000000000001,0.996307373046875,
131.90000000000001,1.0397415161132812,
132,1.0448532104492188,
132.09999999999999,1.1087265014648438,
132.19999999999999,1.1828231811523438,
132.30000000000001,1.2007064819335938,
132.40000000000001,1.1317214965820312,
132.5,1.088287353515625,
132.59999999999999,1.144500732421875,
132.69999999999999,1.1751556396484375,
132.80000000000001,1.1138381958007812,
132.90000000000001,1.0652923583984375,
133,1.0933990478515625,
133.09999999999999,1.0959548950195312,
133.19999999999999,1.0244140625,
133.30000000000001,0.98609161376953125,
133.40000000000001,1.0014190673828125,
133.5,0.9835357666015625,
133.59999999999999,1.034637451171875,
133.69999999999999,1.3156814575195312,
133.80000000000001,1.862457275390625,
133.90000000000001,2.6008453369140625,
134,3.2472610473632812,
134.09999999999999,3.7046127319335938,
134.19999999999999,4.013763427734375,
134.30000000000001,4.0418701171875,
134.40000000000001,3.7863693237304688,
134.5,3.3724594116210938,
134.59999999999999,2.9227752685546875,
134.69999999999999,2.6366195678710938,
134.80000000000001,2.5165328979492188,
134.90000000000001,2.4194412231445312,
135,2.2712554931640625,
135.09999999999999,2.0924072265625,
135.19999999999999,2.00042724609375,
135.30000000000001,1.8956680297851562,
135.40000000000001,1.6810455322265625,
135.5,1.3233489990234375,
135.59999999999999,0.9733123779296875,
135.69999999999999,0.87877655029296875,
135.80000000000001,0.86089324951171875,
135.90000000000001,0.76380157470703125,
136,0.64882659912109375,
136.09999999999999,0.57984161376953125,
136.19999999999999,0.554290771484375,
136.30000000000001,0.53896331787109375,
136.40000000000001,0.51596832275390625,
136.5,0.518524169921875,
136.59999999999999,0.52874755859375,
136.69999999999999,0.52874755859375,
136.80000000000001,0.52874755859375,
136.90000000000001,0.6334991455078125,
137,0.88899993896484375,
137.09999999999999,1.2109298706054688,
137.19999999999999,1.622283935546875,
137.30000000000001,2.1307296752929688,
137.40000000000001,2.644287109375,
137.5,3.1016311645507812,
137.59999999999999,3.4082260131835938,
137.69999999999999,3.5666427612304688,
137.80000000000001,3.7046127319335938,
137.90000000000001,3.8068084716796875,
138,3.8144760131835938,
138.09999999999999,3.7454910278320312,
138.19999999999999,3.702056884765625,
138.30000000000001,3.7071609497070312,
138.40000000000001,3.61773681640625,
138.5,3.4031219482421875,
138.59999999999999,3.0684127807617188,
138.69999999999999,2.5855178833007812,
138.80000000000001,2.1537246704101562,
138.90000000000001,1.8394622802734375,
139,1.586517333984375,
139.09999999999999,1.3795623779296875,
139.19999999999999,1.1853790283203125,
139.30000000000001,1.00653076171875,
139.40000000000001,0.86600494384765625,
139.5,0.76891326904296875,
139.59999999999999,0.70503997802734375,
139.69999999999999,0.66416168212890625,
139.80000000000001,0.63861083984375,
139.90000000000001,0.6053924560546875,
140,0.56451416015625,8.3102493286132812
140.09999999999999,0.54918670654296875,
140.19999999999999,0.554290771484375,
140.30000000000001,0.5517425537109375,
140.40000000000001,0.5415191650390625,
140.5,0.53896331787109375,
140.59999999999999,0.5415191650390625,
140.69999999999999,0.5415191650390625,
140.80000000000001,0.5415191650390625,
140.90000000000001,0.546630859375,
141,0.5415191650390625,
141.09999999999999,0.51596832275390625,
141.19999999999999,0.482757568359375,
141.30000000000001,0.46997833251953125,
141.40000000000001,0.46997833251953125,
141.5,0.4674224853515625,
141.59999999999999,0.4674224853515625,
141.69999999999999,0.4674224853515625,
141.80000000000001,0.462310791015625,
141.90000000000001,0.462310791015625,
142,0.4674224853515625,
142.09999999999999,0.4597625732421875,
142.19999999999999,0.44187164306640625,
142.30000000000001,0.4316558837890625,
142.40000000000001,0.4393157958984375,
142.5,0.45209503173828125,
142.59999999999999,0.462310791015625,
142.69999999999999,0.46486663818359375,
142.80000000000001,0.4725341796875,
142.90000000000001,0.48786163330078125,
143,0.482757568359375,
143.09999999999999,0.48020172119140625,
143.19999999999999,0.46997833251953125,
143.30000000000001,0.44698333740234375,
143.40000000000001,0.4853057861328125,
143.5,0.62583160400390625,
143.59999999999999,0.8353424072265625,
143.69999999999999,1.0985107421875,
143.80000000000001,1.3770065307617188,
143.90000000000001,1.622283935546875,
144,1.8394622802734375,
144.09999999999999,2.0285263061523438,
144.19999999999999,2.1971588134765625,
144.30000000000001,2.376007080078125,
144.40000000000001,2.5548553466796875,
144.5,2.7107162475585938,
144.59999999999999,2.8026962280273438,
144.69999999999999,2.8384628295898438,
144.80000000000001,2.8410186767578125,
144.90000000000001,2.7745895385742188,
145,2.6417312622070312,
145.09999999999999,2.4909820556640625,
145.19999999999999,2.3325729370117188,
145.30000000000001,2.1690521240234375,
145.40000000000001,2.008087158203125,
145.5,1.8496780395507812,
145.59999999999999,1.7091522216796875,
145.69999999999999,1.5073089599609375,
145.80000000000001,1.3029098510742188,
145.90000000000001,1.1317214965820312,
146,0.98609161376953125,
146.09999999999999,0.8634490966796875,
146.19999999999999,0.7714691162109375,
146.30000000000001,0.71270751953125,
146.40000000000001,0.6794891357421875,
146.5,0.6437225341796875,
146.59999999999999,0.592620849609375,
146.69999999999999,0.554290771484375,
146.80000000000001,0.546630859375,
146.90000000000001,0.554290771484375,
147,0.5594024658203125,
147.09999999999999,0.5594024658203125,
147.19999999999999,0.554290771484375,
147.30000000000001,0.53385162353515625,
147.40000000000001,0.52108001708984375,
147.5,0.49297332763671875,
147.59999999999999,0.45465087890625,
147.69999999999999,0.45209503173828125,
147.80000000000001,0.4776458740234375,
147.90000000000001,0.4955291748046875,
148,0.50319671630859375,
148.09999999999999,0.518524169921875,
148.19999999999999,0.5594024658203125,
148.30000000000001,0.62583160400390625,
148.40000000000001,0.71015167236328125,
148.5,0.8072357177734375,
148.59999999999999,0.8992156982421875,
148.69999999999999,0.94776153564453125,
148.80000000000001,0.97075653076171875,
148.90000000000001,0.98609161376953125,
149,1.0090866088867188,
149.09999999999999,1.0933990478515625,
149.19999999999999,1.2696914672851562,
149.30000000000001,1.4868698120117188,
149.40000000000001,1.7270355224609375,
149.5,2.0055313110351562,
149.59999999999999,2.3095779418945312,
149.69999999999999,2.6136245727539062,
149.80000000000001,2.8895645141601562,
149.90000000000001,3.129730224609375,
150,3.3469085693359375,9.0634441375732422
150.09999999999999,3.6049652099609375,
150.19999999999999,3.8604660034179688,
150.30000000000001,4.0188751220703125,
150.40000000000001,4.0980758666992188,
150.5,4.0060958862304688,
150.59999999999999,3.5896377563476562,
150.69999999999999,3.0684127807617188,
150.80000000000001,2.6647262573242188,
150.90000000000001,2.3044662475585938,
151,1.97998046875,
151.09999999999999,1.770477294921875,
151.19999999999999,1.6938247680664062,
151.30000000000001,1.678497314453125,
151.40000000000001,1.658050537109375,
151.5,1.6018447875976562,
151.59999999999999,1.5456314086914062,
151.69999999999999,1.5328598022460938,
151.80000000000001,1.5098648071289062,
151.90000000000001,1.44854736328125,
152,1.3948898315429688,
152.09999999999999,1.3540115356445312,
152.19999999999999,1.2850265502929688,
152.30000000000001,1.198150634765625,
152.40000000000001,1.126617431640625,
152.5,1.0576324462890625,
152.59999999999999,0.978424072265625,
152.69999999999999,0.91199493408203125,
152.80000000000001,0.8455657958984375,
152.90000000000001,0.776580810546875,
153,0.7254791259765625,
153.09999999999999,0.69481658935546875,
153.19999999999999,0.67693328857421875,
153.30000000000001,0.656494140625,
153.40000000000001,0.6334991455078125,
153.5,0.61817169189453125,
153.59999999999999,0.60794830322265625,
153.69999999999999,0.5823974609375,
153.80000000000001,0.54918670654296875,
153.90000000000001,0.53385162353515625,
154,0.53896331787109375,
154.09999999999999,0.54407501220703125,
154.19999999999999,0.54407501220703125,
154.30000000000001,0.5415191650390625,
154.40000000000001,0.536407470703125,
154.5,0.52619171142578125,
154.59999999999999,0.51085662841796875,
154.69999999999999,0.51085662841796875,
154.80000000000001,0.536407470703125,
154.90000000000001,0.54918670654296875,
155,0.53896331787109375,
155.09999999999999,0.5312957763671875,
155.19999999999999,0.52619171142578125,
155.30000000000001,0.5134124755859375,
155.40000000000001,0.49297332763671875,
155.5,0.48786163330078125,
155.59999999999999,0.500640869140625,
155.69999999999999,0.52619171142578125,
155.80000000000001,0.60283660888671875,
155.90000000000001,0.7714691162109375,
156,0.99375152587890625,
156.09999999999999,1.1879348754882812,
156.19999999999999,1.3540115356445312,
156.30000000000001,1.5149765014648438,
156.40000000000001,1.6657180786132812,
156.5,1.8139114379882812,
156.59999999999999,1.9518814086914062,
156.69999999999999,2.0591888427734375,
156.80000000000001,2.1230621337890625,
156.90000000000001,2.1511688232421875,
157,2.1664962768554688,
157.09999999999999,2.14605712890625,
157.19999999999999,2.0898513793945312,
157.30000000000001,2.0234222412109375,
157.40000000000001,1.9672088623046875,
157.5,1.9135513305664062,
157.59999999999999,1.7909164428710938,
157.69999999999999,1.63250732421875,
157.80000000000001,1.512420654296875,
157.90000000000001,1.3770065307617188,
158,1.1879348754882812,
158.09999999999999,0.9835357666015625,
158.19999999999999,0.83278656005859375,
158.30000000000001,0.7433624267578125,
158.40000000000001,0.67437744140625,
158.5,0.60794830322265625,
158.59999999999999,0.57218170166015625,
158.69999999999999,0.55684661865234375,
158.80000000000001,0.5517425537109375,
158.90000000000001,0.554290771484375,
159,0.55684661865234375,
159.09999999999999,0.55684661865234375,
159.19999999999999,0.56451416015625,
159.30000000000001,0.56195831298828125,
159.40000000000001,0.536407470703125,
159.5,0.5236358642578125,
159.59999999999999,0.52874755859375,
159.69999999999999,0.5415191650390625,
159.80000000000001,0.54918670654296875,
159.90000000000001,0.554290771484375,
160,0.5594024658203125,11.166254043579102
160.09999999999999,0.56451416015625,
160.19999999999999,0.57218170166015625,
160.30000000000001,0.55684661865234375,
160.40000000000001,0.5312957763671875,
160.5,0.52874755859375,
160.59999999999999,0.5415191650390625,
160.69999999999999,0.5517425537109375,
160.80000000000001,0.55684661865234375,
160.90000000000001,0.5594024658203125,
161,0.5696258544921875,
161.09999999999999,0.57984161376953125,
161.19999999999999,0.574737548828125,
161.30000000000001,0.554290771484375,
161.40000000000001,0.53896331787109375,
161.5,0.54407501220703125,
161.59999999999999,0.55684661865234375,
161.69999999999999,0.56451416015625,
161.80000000000001,0.57218170166015625,
161.90000000000001,0.5772857666015625,
162,0.5823974609375,
162.09999999999999,0.5875091552734375,
162.19999999999999,0.5772857666015625,
162.30000000000001,0.5594024658203125,
162.40000000000001,0.55684661865234375,
162.5,0.57218170166015625,
162.59999999999999,0.57984161376953125,
162.69999999999999,0.5823974609375,
162.80000000000001,0.58495330810546875,
162.90000000000001,0.5977325439453125,
163,0.60794830322265625,
163.09999999999999,0.60028076171875,
163.19999999999999,0.5772857666015625,
163.30000000000001,0.56195831298828125,
163.40000000000001,0.56451416015625,
163.5,0.5772857666015625,
163.59999999999999,0.60028076171875,
163.69999999999999,0.69481658935546875,
163.80000000000001,0.922210693359375,
163.90000000000001,1.1700515747070312,
164,1.3718948364257812,
164.09999999999999,1.5558547973632812,
164.19999999999999,1.750030517578125,
164.30000000000001,1.97998046875,
164.40000000000001,2.2227096557617188,
164.5,2.4603271484375,
164.59999999999999,2.6877212524414062,
164.69999999999999,2.8972320556640625,
164.80000000000001,3.0786361694335938,
164.90000000000001,3.2242660522460938,
165,3.341796875,
165.09999999999999,3.4210052490234375,
165.19999999999999,3.4158935546875,
165.30000000000001,3.3750152587890625,
165.40000000000001,3.3085861206054688,
165.5,3.1961669921875,
165.59999999999999,3.0530853271484375,
165.69999999999999,2.92022705078125,
165.80000000000001,2.7771453857421875,
165.90000000000001,2.6263961791992188,
166,2.5012054443359375,
166.09999999999999,2.3964462280273438,
166.19999999999999,2.3070220947265625,
166.30000000000001,2.2278213500976562,
166.40000000000001,2.1435012817382812,
166.5,2.0566329956054688,
166.59999999999999,2.00042724609375,
166.69999999999999,1.9595413208007812,
166.80000000000001,1.9212188720703125,
166.90000000000001,1.880340576171875,
167,1.8266830444335938,
167.09999999999999,1.7730255126953125,
167.19999999999999,1.7193756103515625,
167.30000000000001,1.640167236328125,
167.40000000000001,1.5379714965820312,
167.5,1.4638748168945312,
167.59999999999999,1.4127731323242188,
167.69999999999999,1.3693389892578125,
167.80000000000001,1.3335723876953125,
167.90000000000001,1.3054656982421875,
168,1.272247314453125,
168.09999999999999,1.22625732421875,
168.19999999999999,1.1879348754882812,
168.30000000000001,1.1419448852539062,
168.40000000000001,1.0729598999023438,
168.5,1.00653076171875,
168.59999999999999,0.96820068359375,
168.69999999999999,0.94776153564453125,
168.80000000000001,0.93243408203125,
168.90000000000001,0.904327392578125,
169,0.86089324951171875,
169.09999999999999,0.80979156494140625,
169.19999999999999,0.7535858154296875,
169.30000000000001,0.70503997802734375,
169.40000000000001,0.64882659912109375,
169.5,0.592620849609375,
169.59999999999999,0.56195831298828125,
169.69999999999999,0.5594024658203125,
169.80000000000001,0.56451416015625,
169.90000000000001,0.56451416015625,
170,0.5594024658203125,5.8939099311828613
170.09999999999999,0.56451416015625,
170.19999999999999,0.57218170166015625,
170.30000000000001,0.57218170166015625,
170.40000000000001,0.574737548828125,
170.5,0.55684661865234375,
170.59999999999999,0.53385162353515625,
170.69999999999999,0.536407470703125,
170.80000000000001,0.54407501220703125,
170.90000000000001,0.54918670654296875,
171,0.5517425537109375,
171.09999999999999,0.55684661865234375,
171.19999999999999,0.55684661865234375,
171.30000000000001,0.56195831298828125,
171.40000000000001,0.5594024658203125,
171.5,0.54407501220703125,
171.59999999999999,0.53385162353515625,
171.69999999999999,0.54407501220703125,
171.80000000000001,0.5594024658203125,
171.90000000000001,0.56451416015625,
172,0.56451416015625,
172.09999999999999,0.56451416015625,
172.19999999999999,0.5696258544921875,
172.30000000000001,0.57218170166015625,
172.40000000000001,0.56195831298828125,
172.5,0.5415191650390625,
172.59999999999999,0.53896331787109375,
172.69999999999999,0.55684661865234375,
172.80000000000001,0.56707000732421875,
172.90000000000001,0.5696258544921875,
173,0.57218170166015625,
173.09999999999999,0.574737548828125,
173.19999999999999,0.5772857666015625,
173.30000000000001,0.574737548828125,
173.40000000000001,0.56195831298828125,
173.5,0.54407501220703125,
173.59999999999999,0.54918670654296875,
173.69999999999999,0.56451416015625,
173.80000000000001,0.57984161376953125,
173.90000000000001,0.58495330810546875,
174,0.5823974609375,
174.09999999999999,0.58495330810546875,
174.19999999999999,0.5875091552734375,
174.30000000000001,0.5772857666015625,
174.40000000000001,0.56195831298828125,
174.5,0.55684661865234375,
174.59999999999999,0.56451416015625,
174.69999999999999,0.574737548828125,
174.80000000000001,0.5772857666015625,
174.90000000000001,0.5823974609375,
175,0.5875091552734375,
175.09999999999999,0.59517669677734375,
175.19999999999999,0.5875091552734375,
175.30000000000001,0.56707000732421875,
175.40000000000001,0.5517425537109375,
175.5,0.55684661865234375,
175.59999999999999,0.5696258544921875,
175.69999999999999,0.574737548828125,
175.80000000000001,0.57984161376953125,
175.90000000000001,0.5823974609375,
176,0.5875091552734375,
176.09999999999999,0.592620849609375,
176.19999999999999,0.5772857666015625,
176.30000000000001,0.554290771484375,
176.40000000000001,0.5517425537109375,
176.5,0.56195831298828125,
176.59999999999999,0.574737548828125,
176.69999999999999,0.5772857666015625,
176.80000000000001,0.57984161376953125,
176.90000000000001,0.5977325439453125,
177,0.67437744140625,
177.09999999999999,0.79190826416015625,
177.19999999999999,0.9196624755859375,
177.30000000000001,1.0755157470703125,
177.40000000000001,1.2466964721679688,
177.5,1.402557373046875,
177.59999999999999,1.548187255859375,
177.69999999999999,1.6989364624023438,
177.80000000000001,1.8599014282226562,
177.90000000000001,1.9978713989257812,
178,2.1077346801757812,
178.09999999999999,2.2227096557617188,
178.19999999999999,2.3504562377929688,
178.30000000000001,2.4756546020507812,
178.40000000000001,2.6008453369140625,
178.5,2.7209320068359375,
178.59999999999999,2.8307952880859375,
178.69999999999999,2.9304428100585938,
178.80000000000001,3.0403060913085938,
178.90000000000001,3.168060302734375,
179,3.3009185791015625,
179.09999999999999,3.4133377075195312,
179.19999999999999,3.47210693359375,
179.30000000000001,3.5232009887695312,
179.40000000000001,3.5921859741210938,
179.5,3.6483993530273438,
179.59999999999999,3.6816177368164062,
179.69999999999999,3.6662826538085938,
179.80000000000001,3.5947418212890625,
179.90000000000001,3.4567718505859375,
180,3.3494644165039062,4.1152262687683105
180.09999999999999,3.2855911254882812,
180.19999999999999,3.23193359375,
180.30000000000001,3.1833877563476562,
180.40000000000001,3.1322860717773438,
180.5,3.093963623046875,
180.59999999999999,3.0633010864257812,
180.69999999999999,3.037750244140625,
180.80000000000001,3.019866943359375,
180.90000000000001,3.001983642578125,
181,2.9789886474609375,
181.09999999999999,2.945770263671875,
181.19999999999999,2.927886962890625,
181.30000000000001,2.9227752685546875,
181.40000000000001,2.8972320556640625,
181.5,2.8486862182617188,
181.59999999999999,2.8154678344726562,
181.69999999999999,2.7950286865234375,
181.80000000000001,2.7745895385742188,
181.90000000000001,2.761810302734375,
182,2.7107162475585938,
182.09999999999999,2.6289520263671875,
182.19999999999999,2.6110687255859375,
182.30000000000001,2.6672821044921875,
182.40000000000001,2.73626708984375,
182.5,2.7515945434570312,
182.59999999999999,2.7490386962890625,
182.69999999999999,2.7515945434570312,
182.80000000000001,2.7311553955078125,
182.90000000000001,2.708160400390625,
183,2.7004928588867188,
183.09999999999999,2.6928253173828125,
183.19999999999999,2.6826095581054688,
183.30000000000001,2.6647262573242188,
183.40000000000001,2.644287109375,
183.5,2.6187362670898438,
183.59999999999999,2.6008453369140625,
183.69999999999999,2.559967041015625,
183.80000000000001,2.5037612915039062,
183.90000000000001,2.467987060546875,
184,2.4577713012695312,
184.09999999999999,2.450103759765625,
184.19999999999999,2.4347763061523438,
184.30000000000001,2.4271087646484375,
184.40000000000001,2.4194412231445312,
184.5,2.4117813110351562,
184.59999999999999,2.4117813110351562,
184.69999999999999,2.40411376953125,
184.80000000000001,2.36834716796875,
184.90000000000001,2.3198013305664062,
185,2.3044662475585938,
185.09999999999999,2.3146896362304688,
185.19999999999999,2.3146896362304688,
185.30000000000001,2.3121337890625,
185.40000000000001,2.3095779418945312,
185.5,2.3121337890625,
185.59999999999999,2.3121337890625,
185.69999999999999,2.3172454833984375,
185.80000000000001,2.301910400390625,
185.90000000000001,2.266143798828125,
186,2.2431488037109375,
186.09999999999999,2.2457046508789062,
186.19999999999999,2.2508163452148438,
186.30000000000001,2.2508163452148438,
186.40000000000001,2.2508163452148438,
186.5,2.2584762573242188,
186.59999999999999,2.266143798828125,
186.69999999999999,2.2738113403320312,
186.80000000000001,2.2789154052734375,
186.90000000000001,2.2584762573242188,
187,2.2329254150390625,
187.09999999999999,2.230377197265625,
187.19999999999999,2.248260498046875,
187.30000000000001,2.25592041015625,
187.40000000000001,2.2533721923828125,
187.5,2.2533721923828125,
187.59999999999999,2.2635879516601562,
187.69999999999999,2.284027099609375,
187.80000000000001,2.3146896362304688,
187.90000000000001,2.33001708984375,
188,2.3453521728515625,
188.09999999999999,2.376007080078125,
188.19999999999999,2.40411376953125,
188.30000000000001,2.4347763061523438,
188.40000000000001,2.4577713012695312,
188.5,2.4628753662109375,
188.59999999999999,2.4705429077148438,
188.69999999999999,2.4628753662109375,
188.80000000000001,2.4117813110351562,
188.90000000000001,2.2968063354492188,
189,2.117950439453125,
189.09999999999999,1.9595413208007812,
189.19999999999999,1.842010498046875,
189.30000000000001,1.7372589111328125,
189.40000000000001,1.6248397827148438,
189.5,1.512420654296875,
189.59999999999999,1.3948898315429688,
189.69999999999999,1.2594757080078125,
189.80000000000001,1.126617431640625,
189.90000000000001,0.9886474609375,
190,0.84812164306640625,4.1551246643066406
190.09999999999999,0.7535858154296875,
190.19999999999999,0.71781158447265625,
190.30000000000001,0.70503997802734375,
190.40000000000001,0.6922607421875,
190.5,0.67693328857421875,
190.59999999999999,0.66416168212890625,
190.69999999999999,0.65393829345703125,
190.80000000000001,0.64116668701171875,
190.90000000000001,0.6156158447265625,
191,0.5823974609375,
191.09999999999999,0.57218170166015625,
191.19999999999999,0.58495330810546875,
191.30000000000001,0.60028076171875,
191.40000000000001,0.60794830322265625,
191.5,0.61305999755859375,
191.59999999999999,0.61817169189453125,
191.69999999999999,0.6207275390625,
191.80000000000001,0.5977325439453125,
191.90000000000001,0.5696258544921875,
192,0.56707000732421875,
192.09999999999999,0.57984161376953125,
192.19999999999999,0.60028076171875,
192.30000000000001,0.6156158447265625,
192.40000000000001,0.628387451171875,
192.5,0.67693328857421875,
192.59999999999999,0.7995758056640625,
192.69999999999999,0.94776153564453125,
192.80000000000001,1.1010665893554688,
192.90000000000001,1.2594757080078125,
193,1.4051055908203125,
193.09999999999999,1.5430755615234375,
193.19999999999999,1.6836013793945312,
193.30000000000001,1.8011322021484375,
193.40000000000001,1.8752288818359375,
193.5,1.9595413208007812,
193.59999999999999,2.07196044921875,
193.69999999999999,2.1946029663085938,
193.80000000000001,2.3095779418945312,
193.90000000000001,2.4117813110351562,
194,2.485870361328125,
194.09999999999999,2.5369720458984375,
194.19999999999999,2.5727462768554688,
194.30000000000001,2.6034011840820312,
194.40000000000001,2.6417312622070312,
194.5,2.6851654052734375,
194.59999999999999,2.7515945434570312,
194.69999999999999,2.8384628295898438,
194.80000000000001,2.9176712036132812,
194.90000000000001,2.9892120361328125,
195,3.093963623046875,
195.09999999999999,3.2549285888671875,
195.19999999999999,3.4363327026367188,
195.30000000000001,3.6356277465820312,
195.40000000000001,3.8655776977539062,
195.5,4.0674209594726562,
195.59999999999999,4.1900558471679688,
195.69999999999999,4.2769317626953125,
195.80000000000001,4.3331375122070312,
195.90000000000001,4.3280258178710938,
196,4.2130508422851562,
196.09999999999999,4.0546417236328125,
196.19999999999999,3.9575576782226562,
196.30000000000001,3.8502426147460938,
196.40000000000001,3.737823486328125,
196.5,3.6330718994140625,
196.59999999999999,3.5104293823242188,
196.69999999999999,3.3954544067382812,
196.80000000000001,3.3085861206054688,
196.90000000000001,3.2166061401367188,
197,3.1348419189453125,
197.09999999999999,3.083740234375,
197.19999999999999,3.0249786376953125,
197.30000000000001,2.9713211059570312,
197.40000000000001,2.9227752685546875,
197.5,2.8767852783203125,
197.59999999999999,2.84613037109375,
197.69999999999999,2.8205795288085938,
197.80000000000001,2.8026962280273438,
197.90000000000001,2.7873611450195312,
198,2.7745895385742188,
198.09999999999999,2.7592620849609375,
198.19999999999999,2.743927001953125,
198.30000000000001,2.7209320068359375,
198.40000000000001,2.7004928588867188,
198.5,2.6672821044921875,
198.59999999999999,2.6212921142578125,
198.69999999999999,2.577850341796875,
198.80000000000001,2.5344161987304688,
198.90000000000001,2.49609375,
199,2.485870361328125,
199.09999999999999,2.485870361328125,
199.19999999999999,2.4807662963867188,
199.30000000000001,2.467987060546875,
199.40000000000001,2.4526596069335938,
199.5,2.432220458984375,
199.59999999999999,2.393890380859375,
199.69999999999999,2.3504562377929688,
199.80000000000001,2.3172454833984375,
199.90000000000001,2.2891387939453125,
200,2.2686996459960938,3.6991369724273682
200.09999999999999,2.2584762573242188,
200.19999999999999,2.2508163452148438,
200.30000000000001,2.2431488037109375,
200.40000000000001,2.2329254150390625,
200.5,2.2252655029296875,
200.59999999999999,2.1997146606445312,
200.69999999999999,2.1664962768554688,
200.80000000000001,2.1537246704101562,
200.90000000000001,2.156280517578125,
201,2.156280517578125,
201.09999999999999,2.156280517578125,
201.19999999999999,2.1639404296875,
201.30000000000001,2.1767196655273438,
201.40000000000001,2.1792755126953125,
201.5,2.1946029663085938,
201.59999999999999,2.209930419921875,
201.69999999999999,2.1997146606445312,
201.80000000000001,2.1818313598632812,
201.90000000000001,2.1588363647460938,
202,2.14605712890625,
202.09999999999999,2.1409454345703125,
202.19999999999999,2.1332855224609375,
202.30000000000001,2.1230621337890625,
202.40000000000001,2.1154022216796875,
202.5,2.1205062866210938,
202.59999999999999,2.117950439453125,
202.69999999999999,2.0898513793945312,
202.80000000000001,2.0591888427734375,
202.90000000000001,2.0438613891601562,
203,2.0438613891601562,
203.09999999999999,2.0489654541015625,
203.19999999999999,2.0489654541015625,
203.30000000000001,2.0591888427734375,
203.40000000000001,2.0975112915039062,
203.5,2.1435012817382812,
203.59999999999999,2.1613922119140625,
203.69999999999999,2.1358413696289062,
203.80000000000001,2.0847396850585938,
203.90000000000001,2.0515213012695312,
204,2.0413055419921875,
204.09999999999999,2.0336380004882812,
204.19999999999999,2.025970458984375,
204.30000000000001,2.0208663940429688,
204.40000000000001,2.0106430053710938,
204.5,2.0106430053710938,
204.59999999999999,2.018310546875,
204.69999999999999,1.9927597045898438,
204.80000000000001,1.9391021728515625,
204.90000000000001,1.8931121826171875,
205,1.8854522705078125,
205.09999999999999,1.8931121826171875,
205.19999999999999,1.8956680297851562,
205.30000000000001,1.8905563354492188,
205.40000000000001,1.8931121826171875,
205.5,1.898223876953125,
205.59999999999999,1.898223876953125,
205.69999999999999,1.9007797241210938,
205.80000000000001,1.880340576171875,
205.90000000000001,1.8317947387695312,
206,1.8190155029296875,
206.09999999999999,1.8445663452148438,
206.19999999999999,1.8752288818359375,
206.30000000000001,1.9109954833984375,
206.40000000000001,1.9953155517578125,
206.5,2.1128463745117188,
206.59999999999999,2.1792755126953125,
206.69999999999999,2.1869354248046875,
206.80000000000001,2.1716079711914062,
206.90000000000001,2.1358413696289062,
207,2.100067138671875,
207.09999999999999,2.0872955322265625,
207.19999999999999,2.082183837890625,
207.30000000000001,2.0770721435546875,
207.40000000000001,2.0694122314453125,
207.5,2.0591888427734375,
207.59999999999999,2.0540771484375,
207.69999999999999,2.0515213012695312,
207.80000000000001,2.0540771484375,
207.90000000000001,2.0336380004882812,
208,1.9442138671875,
208.09999999999999,1.8369064331054688,
208.19999999999999,1.70404052734375,
208.30000000000001,1.5839614868164062,
208.40000000000001,1.4664306640625,
208.5,1.346343994140625,
208.59999999999999,1.218597412109375,
208.69999999999999,1.0933990478515625,
208.80000000000001,0.98097991943359375,
208.90000000000001,0.8915557861328125,
209,0.830230712890625,
209.09999999999999,0.7714691162109375,
209.19999999999999,0.72292327880859375,
209.30000000000001,0.702484130859375,
209.40000000000001,0.702484130859375,
209.5,0.702484130859375,
209.59999999999999,0.69992828369140625,
209.69999999999999,0.69992828369140625,
209.80000000000001,0.69481658935546875,
209.90000000000001,0.6897125244140625,
210,0.684600830078125,3.7878787517547607
210.09999999999999,0.6692657470703125,
210.19999999999999,0.64116668701171875,
210.30000000000001,0.6156158447265625,
210.40000000000001,0.628387451171875,
210.5,0.6794891357421875,
210.59999999999999,0.720367431640625,
210.69999999999999,0.83789825439453125,
210.80000000000001,1.0831756591796875,
210.90000000000001,1.3667831420898438,
211,1.66827392578125,
211.09999999999999,2.008087158203125,
211.19999999999999,2.358123779296875,
211.30000000000001,2.6723861694335938,
211.40000000000001,2.9381103515625,
211.5,3.1348419189453125,
211.59999999999999,3.2549285888671875,
211.69999999999999,3.3571319580078125,
211.80000000000001,3.4848785400390625,
211.90000000000001,3.5870819091796875,
212,3.599853515625,
212.09999999999999,3.5768585205078125,
212.19999999999999,3.610076904296875,
212.30000000000001,3.6790618896484375,
212.40000000000001,3.737823486328125,
212.5,3.7761459350585938,
212.59999999999999,3.8323593139648438,
212.69999999999999,3.9575576782226562,
212.80000000000001,4.0955276489257812,
212.90000000000001,4.1849517822265625,
213,4.1210708618164062,
213.09999999999999,3.921783447265625,
213.19999999999999,3.7761459350585938,
213.30000000000001,3.5870819091796875,
213.40000000000001,3.1961669921875,
213.5,2.7873611450195312,
213.59999999999999,2.450103759765625,
213.69999999999999,2.1588363647460938,
213.80000000000001,1.9493255615234375,
213.90000000000001,1.7755813598632812,
214,1.6095123291015625,
214.09999999999999,1.4638748168945312,
214.19999999999999,1.4051055908203125,
214.30000000000001,1.3846664428710938,
214.40000000000001,1.2773590087890625,
214.5,1.0908432006835938,
214.59999999999999,0.95287322998046875,
214.69999999999999,0.95798492431640625,
214.80000000000001,1.0244140625,
214.90000000000001,1.08062744140625,
215,1.0959548950195312,
215.09999999999999,1.0499649047851562,
215.19999999999999,0.9911956787109375,
215.30000000000001,0.9503173828125,
215.40000000000001,0.90688323974609375,
215.5,0.850677490234375,
215.59999999999999,0.81490325927734375,
215.69999999999999,0.7995758056640625,
215.80000000000001,0.78424072265625,
215.90000000000001,0.77402496337890625,
216,0.79190826416015625,
216.09999999999999,0.80213165283203125,
216.19999999999999,0.776580810546875,
216.30000000000001,0.776580810546875,
216.40000000000001,0.794464111328125,
216.5,0.7357025146484375,
216.59999999999999,0.69481658935546875,
216.69999999999999,0.7433624267578125,
216.80000000000001,0.74080657958984375,
216.90000000000001,0.69992828369140625,
217,0.71015167236328125,
217.09999999999999,0.7433624267578125,
217.19999999999999,0.74847412109375,
217.30000000000001,0.74591827392578125,
217.40000000000001,0.72292327880859375,
217.5,0.6897125244140625,
217.59999999999999,0.68715667724609375,
217.69999999999999,0.71270751953125,
217.80000000000001,0.72292327880859375,
217.90000000000001,0.7075958251953125,
218,0.71015167236328125,
218.09999999999999,0.70503997802734375,
218.19999999999999,0.6794891357421875,
218.30000000000001,0.7075958251953125,
218.40000000000001,0.81490325927734375,
218.5,0.97075653076171875,
218.59999999999999,1.1317214965820312,
218.69999999999999,1.290130615234375,
218.80000000000001,1.4766464233398438,
218.90000000000001,1.6555023193359375,
219,1.7909164428710938,
219.09999999999999,1.9416580200195312,
219.19999999999999,2.1026229858398438,
219.30000000000001,2.2712554931640625,
219.40000000000001,2.4807662963867188,
219.5,2.6851654052734375,
219.59999999999999,2.8410186767578125,
219.69999999999999,2.9406661987304688,
219.80000000000001,3.0249786376953125,
219.90000000000001,3.1450653076171875,
220,3.2702560424804688,4.9710025787353516
220.09999999999999,3.3264694213867188,
220.19999999999999,3.380126953125,
220.30000000000001,3.479766845703125,
220.40000000000001,3.5896377563476562,
220.5,3.7352676391601562,
220.59999999999999,3.85791015625,
220.69999999999999,3.85791015625,
220.80000000000001,3.6943893432617188,
220.90000000000001,3.4567718505859375,
221,3.2702560424804688,
221.09999999999999,3.1425094604492188,
221.19999999999999,3.0428619384765625,
221.30000000000001,2.9355545043945312,
221.40000000000001,2.8256912231445312,
221.5,2.7158203125,
221.59999999999999,2.60595703125,
221.69999999999999,2.4909820556640625,
221.80000000000001,2.347900390625,
221.90000000000001,2.1997146606445312,
222,2.0387496948242188,
222.09999999999999,1.862457275390625,
222.19999999999999,1.7372589111328125,
222.30000000000001,1.6912689208984375,
222.40000000000001,1.6938247680664062,
222.5,1.6989364624023438,
222.59999999999999,1.6912689208984375,
222.69999999999999,1.678497314453125,
222.80000000000001,1.6555023193359375,
222.90000000000001,1.622283935546875,
223,1.5609664916992188,
223.09999999999999,1.4510955810546875,
223.19999999999999,1.3259048461914062,
223.30000000000001,1.2083740234375,
223.40000000000001,1.1010665893554688,
223.5,1.0039749145507812,
223.59999999999999,0.91710662841796875,
223.69999999999999,0.84300994873046875,
223.80000000000001,0.79190826416015625,
223.90000000000001,0.7612457275390625,
224,0.74080657958984375,
224.09999999999999,0.7305908203125,
224.19999999999999,0.71270751953125,
224.30000000000001,0.67437744140625,
224.40000000000001,0.64882659912109375,
224.5,0.6437225341796875,
224.59999999999999,0.64882659912109375,
224.69999999999999,0.65393829345703125,
224.80000000000001,0.65904998779296875,
224.90000000000001,0.6616058349609375,
225,0.66416168212890625,
225.09999999999999,0.666717529296875,
225.19999999999999,0.666717529296875,
225.30000000000001,0.6616058349609375,
225.40000000000001,0.6437225341796875,
225.5,0.628387451171875,
225.59999999999999,0.63094329833984375,
225.69999999999999,0.64882659912109375,
225.80000000000001,0.67182159423828125,
225.90000000000001,0.70503997802734375,
226,0.7612457275390625,
226.09999999999999,0.8455657958984375,
226.19999999999999,0.9452056884765625,
226.30000000000001,1.0601806640625,
226.40000000000001,1.1751556396484375,
226.5,1.2696914672851562,
226.59999999999999,1.3846664428710938,
226.69999999999999,1.5609664916992188,
226.80000000000001,1.76025390625,
226.90000000000001,1.9416580200195312,
227,2.1026229858398438,
227.09999999999999,2.2329254150390625,
227.19999999999999,2.3453521728515625,
227.30000000000001,2.4603271484375,
227.40000000000001,2.5676345825195312,
227.5,2.6826095581054688,
227.59999999999999,2.8154678344726562,
227.69999999999999,2.9176712036132812,
227.80000000000001,2.9892120361328125,
227.90000000000001,3.0530853271484375,
228,3.0965194702148438,
228.09999999999999,3.1220703125,
228.19999999999999,3.10418701171875,
228.30000000000001,3.037750244140625,
228.40000000000001,2.966217041015625,
228.5,2.9125595092773438,
228.59999999999999,2.8563461303710938,
228.69999999999999,2.7950286865234375,
228.80000000000001,2.7413711547851562,
228.90000000000001,2.6774978637695312,
229,2.6008453369140625,
229.09999999999999,2.524200439453125,
229.19999999999999,2.4168853759765625,
229.30000000000001,2.25592041015625,
229.40000000000001,2.0924072265625,
229.5,1.9493255615234375,
229.59999999999999,1.8266830444335938,
229.69999999999999,1.7193756103515625,
229.80000000000001,1.6248397827148438,
229.90000000000001,1.5456314086914062,
230,1.4689865112304688,7.9155678749084473
230.09999999999999,1.3948898315429688,
230.19999999999999,1.328460693359375,
230.30000000000001,1.2415924072265625,
230.40000000000001,1.1317214965820312,
230.5,1.0448532104492188,
230.59999999999999,0.98097991943359375,
230.69999999999999,0.9273223876953125,
230.80000000000001,0.87877655029296875,
230.90000000000001,0.8353424072265625,
231,0.7995758056640625,
231.09999999999999,0.776580810546875,
231.19999999999999,0.76380157470703125,
231.30000000000001,0.74847412109375,
231.40000000000001,0.7152557373046875,
231.5,0.6897125244140625,
231.59999999999999,0.6897125244140625,
231.69999999999999,0.702484130859375,
231.80000000000001,0.71015167236328125,
231.90000000000001,0.71015167236328125,
232,0.71015167236328125,
232.09999999999999,0.71270751953125,
232.19999999999999,0.7152557373046875,
232.30000000000001,0.72292327880859375,
232.40000000000001,0.7152557373046875,
232.5,0.6922607421875,
232.59999999999999,0.684600830078125,
232.69999999999999,0.69481658935546875,
232.80000000000001,0.71270751953125,
232.90000000000001,0.72292327880859375,
233,0.7433624267578125,
233.09999999999999,0.77402496337890625,
233.19999999999999,0.81490325927734375,
233.30000000000001,0.88899993896484375,
233.40000000000001,0.9911956787109375,
233.5,1.1036224365234375,
233.59999999999999,1.2466964721679688,
233.69999999999999,1.4332122802734375,
233.80000000000001,1.6273956298828125,
233.90000000000001,1.8139114379882812,
234,2.0029754638671875,
234.09999999999999,2.1894912719726562,
234.19999999999999,2.3632354736328125,
234.30000000000001,2.5318603515625,
234.40000000000001,2.6774978637695312,
234.5,2.8231353759765625,
234.59999999999999,2.9585494995117188,
234.69999999999999,3.058197021484375,
234.80000000000001,3.1373977661132812,
234.90000000000001,3.2012710571289062,
235,3.2702560424804688,
235.09999999999999,3.3315811157226562,
235.19999999999999,3.3852310180664062,
235.30000000000001,3.4491119384765625,
235.40000000000001,3.4874343872070312,
235.5,3.4874343872070312,
235.59999999999999,3.4644393920898438,
235.69999999999999,3.4005661010742188,
235.80000000000001,3.334136962890625,
235.90000000000001,3.2983627319335938,
236,3.2753677368164062,
236.09999999999999,3.24981689453125,
236.19999999999999,3.2191619873046875,
236.30000000000001,3.185943603515625,
236.40000000000001,3.1450653076171875,
236.5,3.1092910766601562,
236.59999999999999,3.0607452392578125,
236.69999999999999,3.0045394897460938,
236.80000000000001,2.95599365234375,
236.90000000000001,2.8972320556640625,
237,2.8205795288085938,
237.09999999999999,2.7567062377929688,
237.19999999999999,2.690277099609375,
237.30000000000001,2.6136245727539062,
237.40000000000001,2.5471954345703125,
237.5,2.4628753662109375,
237.59999999999999,2.340240478515625,
237.69999999999999,2.2022705078125,
237.80000000000001,2.064300537109375,
237.90000000000001,1.9314422607421875,
238,1.7832489013671875,
238.09999999999999,1.6197280883789062,
238.19999999999999,1.4766464233398438,
238.30000000000001,1.3514556884765625,
238.40000000000001,1.2313690185546875,
238.5,1.1087265014648438,
238.59999999999999,0.99886322021484375,
238.69999999999999,0.90688323974609375,
238.80000000000001,0.8353424072265625,
238.90000000000001,0.79190826416015625,
239,0.74847412109375,
239.09999999999999,0.69481658935546875,
239.19999999999999,0.65904998779296875,
239.30000000000001,0.64882659912109375,
239.40000000000001,0.656494140625,
239.5,0.65904998779296875,
239.59999999999999,0.656494140625,
239.69999999999999,0.656494140625,
239.80000000000001,0.6616058349609375,
239.90000000000001,0.666717529296875,
240,0.6616058349609375,8
240.09999999999999,0.64882659912109375,
240.19999999999999,0.6437225341796875,
240.30000000000001,0.66416168212890625,
240.40000000000001,0.702484130859375,
240.5,0.73314666748046875,
240.59999999999999,0.758697509765625,
240.69999999999999,0.78424072265625,
240.80000000000001,0.7995758056640625,
240.90000000000001,0.8046875,
241,0.79190826416015625,
241.09999999999999,0.76891326904296875,
241.19999999999999,0.738250732421875,
241.30000000000001,0.72803497314453125,
241.40000000000001,0.73314666748046875,
241.5,0.7357025146484375,
241.59999999999999,0.738250732421875,
241.69999999999999,0.7357025146484375,
241.80000000000001,0.738250732421875,
241.90000000000001,0.74591827392578125,
242,0.738250732421875,
242.09999999999999,0.71781158447265625,
242.19999999999999,0.7075958251953125,
242.30000000000001,0.71015167236328125,
242.40000000000001,0.71781158447265625,
242.5,0.7254791259765625,
242.59999999999999,0.72292327880859375,
242.69999999999999,0.72292327880859375,
242.80000000000001,0.72803497314453125,
242.90000000000001,0.7254791259765625,
243,0.702484130859375,
243.09999999999999,0.6794891357421875,
243.19999999999999,0.684600830078125,
243.30000000000001,0.69481658935546875,
243.40000000000001,0.6973724365234375,
243.5,0.71015167236328125,
243.59999999999999,0.73314666748046875,
243.69999999999999,0.77402496337890625,
243.80000000000001,0.830230712890625,
243.90000000000001,0.87877655029296875,
244,0.9503173828125,
244.09999999999999,1.0831756591796875,
244.19999999999999,1.2671356201171875,
244.30000000000001,1.4638748168945312,
244.40000000000001,1.650390625,
244.5,1.8317947387695312,
244.59999999999999,2.0029754638671875,
244.69999999999999,2.1486129760742188,
244.80000000000001,2.2814712524414062,
244.90000000000001,2.4424362182617188,
245,2.6187362670898438,
245.09999999999999,2.7950286865234375,
245.19999999999999,2.9892120361328125,
245.30000000000001,3.17572021484375,
245.40000000000001,3.313690185546875,
245.5,3.4286651611328125,
245.59999999999999,3.5564193725585938,
245.69999999999999,3.6892776489257812,
245.80000000000001,3.794036865234375,
245.90000000000001,3.8936767578125,
246,3.9141159057617188,
246.09999999999999,3.7838134765625,
246.19999999999999,3.5743026733398438,
246.30000000000001,3.387786865234375,
246.40000000000001,3.23193359375,
246.5,3.0862960815429688,
246.59999999999999,3.0045394897460938,
246.69999999999999,2.9636611938476562,
246.80000000000001,2.9329986572265625,
246.90000000000001,2.9151153564453125,
247,2.9048919677734375,
247.09999999999999,2.88189697265625,
247.19999999999999,2.8205795288085938,
247.30000000000001,2.7694778442382812,
247.40000000000001,2.7669219970703125,
247.5,2.7643661499023438,
247.59999999999999,2.7515945434570312,
247.69999999999999,2.7567062377929688,
247.80000000000001,2.7643661499023438,
247.90000000000001,2.7515945434570312,
248,2.7311553955078125,
248.09999999999999,2.726043701171875,
248.19999999999999,2.7337112426757812,
248.30000000000001,2.7490386962890625,
248.40000000000001,2.77203369140625,
248.5,2.80780029296875,
248.59999999999999,2.8231353759765625,
248.69999999999999,2.835906982421875,
248.80000000000001,2.8231353759765625,
248.90000000000001,2.6545028686523438,
249,2.3734512329101562,
249.09999999999999,2.1613922119140625,
249.19999999999999,2.0770721435546875,
249.30000000000001,2.0131988525390625,
249.40000000000001,1.8701171875,
249.5,1.6759414672851562,
249.59999999999999,1.4638748168945312,
249.69999999999999,1.3488998413085938,
249.80000000000001,1.2952423095703125,
249.90000000000001,1.1930465698242188,
250,1.1112823486328125,7.1202530860900879
250.09999999999999,1.088287353515625,
250.19999999999999,1.0678482055664062,
250.30000000000001,1.0116424560546875,
250.40000000000001,0.9656524658203125,
250.5,0.96309661865234375,
250.59999999999999,0.9835357666015625,
250.69999999999999,0.9503173828125,
250.80000000000001,0.87111663818359375,
250.90000000000001,0.80979156494140625,
251,0.75102996826171875,
251.09999999999999,0.7254791259765625,
251.19999999999999,0.74847412109375,
251.30000000000001,0.79190826416015625,
251.40000000000001,0.80213165283203125,
251.5,0.76891326904296875,
251.59999999999999,0.7612457275390625,
251.69999999999999,0.8046875,
251.80000000000001,0.8046875,
251.90000000000001,0.7714691162109375,
252,0.74591827392578125,
252.09999999999999,0.7254791259765625,
252.19999999999999,0.7305908203125,
252.30000000000001,0.758697509765625,
252.40000000000001,0.7995758056640625,
252.5,0.82512664794921875,
252.59999999999999,0.8915557861328125,
252.69999999999999,1.0831756591796875,
252.80000000000001,1.3412322998046875,
252.90000000000001,1.5814056396484375,
253,1.8650054931640625,
253.09999999999999,2.2175979614257812,
253.19999999999999,2.5114212036132812,
253.30000000000001,2.7004928588867188,
253.40000000000001,2.9074478149414062,
253.5,3.2370452880859375,
253.59999999999999,3.6075210571289062,
253.69999999999999,3.8809051513671875,
253.80000000000001,4.0725326538085938,
253.90000000000001,4.2283859252929688,
254,4.335693359375,
254.09999999999999,4.3382492065429688,
254.19999999999999,4.1875076293945312,
254.30000000000001,3.94989013671875,
254.40000000000001,3.6790618896484375,
254.5,3.4312210083007812,
254.59999999999999,3.2268218994140625,
254.69999999999999,2.966217041015625,
254.80000000000001,2.6596145629882812,
254.90000000000001,2.3606796264648438,
255,2.11029052734375,
255.09999999999999,1.908447265625,
255.19999999999999,1.7193756103515625,
255.30000000000001,1.530303955078125,
255.40000000000001,1.346343994140625,
255.5,1.2109298706054688,
255.59999999999999,1.1291656494140625,
255.69999999999999,1.0933990478515625,
255.80000000000001,1.08062744140625,
255.90000000000001,1.0474090576171875,
256,1.0244140625,
256.10000000000002,1.0193023681640625,
256.19999999999999,1.0014190673828125,
256.30000000000001,0.9656524658203125,
256.39999999999998,0.9375457763671875,
256.5,0.9196624755859375,
256.60000000000002,0.90688323974609375,
256.69999999999999,0.91199493408203125,
256.80000000000001,0.9196624755859375,
256.89999999999998,0.8992156982421875,
257,0.8813323974609375,
257.10000000000002,0.886444091796875,
257.19999999999999,0.87111663818359375,
257.30000000000001,0.8353424072265625,
257.39999999999998,0.83789825439453125,
257.5,0.95287322998046875,
257.60000000000002,1.2083740234375,
257.69999999999999,1.5379714965820312,
257.80000000000001,1.8752288818359375,
257.89999999999998,2.1307296752929688,
258,2.4117813110351562,
258.10000000000002,2.634063720703125,
258.19999999999999,2.8589019775390625,
258.30000000000001,3.0607452392578125,
258.39999999999998,3.2114944458007812,
258.5,3.32391357421875,
258.60000000000002,3.3545761108398438,
258.69999999999999,3.3545761108398438,
258.80000000000001,3.4312210083007812,
258.89999999999998,3.5232009887695312,
259,3.5947418212890625,
259.10000000000002,3.6049652099609375,
259.19999999999999,3.5104293823242188,
259.30000000000001,3.3903427124023438,
259.39999999999998,3.2523727416992188,
259.5,3.0633010864257812,
259.60000000000002,2.8129119873046875,
259.69999999999999,2.524200439453125,
259.80000000000001,2.2533721923828125,
259.89999999999998,2.018310546875,
260,1.8036880493164062,7.6335878372192383
260.10000000000002,1.6069564819335938,
260.19999999999999,1.4051055908203125,
260.30000000000001,1.22625732421875,
260.39999999999998,1.106170654296875,
260.5,1.0039749145507812,
260.60000000000002,0.91455078125,
260.69999999999999,0.85833740234375,
260.80000000000001,0.8276824951171875,
260.89999999999998,0.794464111328125,
261,0.7714691162109375,
261.10000000000002,0.7714691162109375,
261.19999999999999,0.78424072265625,
261.30000000000001,0.80213165283203125,
261.39999999999998,0.8046875,
261.5,0.79190826416015625,
261.60000000000002,0.78424072265625,
261.69999999999999,0.79190826416015625,
261.80000000000001,0.8072357177734375,
261.89999999999998,0.81490325927734375,
262,0.812347412109375,
262.10000000000002,0.8046875,
262.19999999999999,0.8046875,
262.30000000000001,0.81490325927734375,
262.39999999999998,0.82257080078125,
262.5,0.83278656005859375,
262.60000000000002,0.87111663818359375,
262.69999999999999,0.93243408203125,
262.80000000000001,0.99886322021484375,
262.89999999999998,1.070404052734375,
263,1.1700515747070312,
263.10000000000002,1.2977981567382812,
263.19999999999999,1.4459915161132812,
263.30000000000001,1.6018447875976562,
263.39999999999998,1.7653656005859375,
263.5,1.933990478515625,
263.60000000000002,2.100067138671875,
263.69999999999999,2.284027099609375,
263.80000000000001,2.4654312133789062,
263.89999999999998,2.6110687255859375,
264,2.7592620849609375,
264.10000000000002,2.8946762084960938,
264.19999999999999,2.9866561889648438,
264.30000000000001,3.0479736328125,
264.39999999999998,3.076080322265625,
264.5,3.0709686279296875,
264.60000000000002,3.0556411743164062,
264.69999999999999,3.0403060913085938,
264.80000000000001,3.0249786376953125,
264.89999999999998,2.9943161010742188,
265,2.9355545043945312,
265.10000000000002,2.853790283203125,
265.19999999999999,2.7643661499023438,
265.30000000000001,2.6877212524414062,
265.39999999999998,2.62384033203125,
265.5,2.559967041015625,
265.60000000000002,2.485870361328125,
265.69999999999999,2.4092254638671875,
265.80000000000001,2.3198013305664062,
265.89999999999998,2.230377197265625,
266,2.1128463745117188,
266.10000000000002,1.9416580200195312,
266.19999999999999,1.76025390625,
266.30000000000001,1.6018447875976562,
266.39999999999998,1.4715423583984375,
266.5,1.3540115356445312,
266.60000000000002,1.2339248657226562,
266.69999999999999,1.1087265014648438,
266.80000000000001,1.014190673828125,
266.89999999999998,0.960540771484375,
267,0.92476654052734375,
267.10000000000002,0.8736724853515625,
267.19999999999999,0.82257080078125,
267.30000000000001,0.79701995849609375,
267.39999999999998,0.79190826416015625,
267.5,0.794464111328125,
267.60000000000002,0.79190826416015625,
267.69999999999999,0.79190826416015625,
267.80000000000001,0.79190826416015625,
267.89999999999998,0.79190826416015625,
268,0.794464111328125,
268.10000000000002,0.7995758056640625,
268.19999999999999,0.78679656982421875,
268.30000000000001,0.76380157470703125,
268.39999999999998,0.76380157470703125,
268.5,0.77913665771484375,
268.60000000000002,0.79701995849609375,
268.69999999999999,0.8072357177734375,
268.80000000000001,0.81490325927734375,
268.89999999999998,0.812347412109375,
269,0.81490325927734375,
269.10000000000002,0.82001495361328125,
269.19999999999999,0.80979156494140625,
269.30000000000001,0.79190826416015625,
269.39999999999998,0.78679656982421875,
269.5,0.78679656982421875,
269.60000000000002,0.79701995849609375,
269.69999999999999,0.80213165283203125,
269.80000000000001,0.8046875,
269.89999999999998,0.8072357177734375,
270,0.82001495361328125,9.7613887786865234
270.10000000000002,0.8353424072265625,
270.19999999999999,0.8736724853515625,
270.30000000000001,0.98097991943359375,
270.39999999999998,1.2160415649414062,
270.5,1.54052734375,
270.60000000000002,1.8496780395507812,
270.69999999999999,2.0924072265625,
270.80000000000001,2.2814712524414062,
270.89999999999998,2.4475479125976562,
271,2.5855178833007812,
271.10000000000002,2.708160400390625,
271.19999999999999,2.8384628295898438,
271.30000000000001,2.9329986572265625,
271.39999999999998,2.9508819580078125,
271.5,2.892120361328125,
271.60000000000002,2.8103561401367188,
271.69999999999999,2.7337112426757812,
271.80000000000001,2.6212921142578125,
271.89999999999998,2.4833221435546875,
272,2.3325729370117188,
272.10000000000002,2.1818313598632812,
272.19999999999999,2.0438613891601562,
272.30000000000001,1.8828964233398438,
272.39999999999998,1.6733856201171875,
272.5,1.4689865112304688,
272.60000000000002,1.3616714477539062,
272.69999999999999,1.328460693359375,
272.80000000000001,1.2594757080078125,
272.89999999999998,1.1240615844726562,
273,1.0116424560546875,
273.10000000000002,0.95798492431640625,
273.19999999999999,0.9452056884765625,
273.30000000000001,0.9196624755859375,
273.39999999999998,0.8915557861328125,
273.5,0.886444091796875,
273.60000000000002,0.88388824462890625,
273.69999999999999,0.868560791015625,
273.80000000000001,0.84300994873046875,
273.89999999999998,0.82257080078125,
274,0.8276824951171875,
274.10000000000002,0.8455657958984375,
274.19999999999999,0.850677490234375,
274.30000000000001,0.85833740234375,
274.39999999999998,0.868560791015625,
274.5,0.87877655029296875,
274.60000000000002,0.886444091796875,
274.69999999999999,0.8813323974609375,
274.80000000000001,0.8634490966796875,
274.89999999999998,0.850677490234375,
275,0.85578155517578125,
275.10000000000002,0.87877655029296875,
275.19999999999999,0.9196624755859375,
275.30000000000001,0.9911956787109375,
275.39999999999998,1.0550765991210938,
275.5,1.11639404296875,
275.60000000000002,1.236480712890625,
275.69999999999999,1.4255523681640625,
275.80000000000001,1.640167236328125,
275.89999999999998,1.8573455810546875,
276,2.0413055419921875,
276.10000000000002,2.22015380859375,
276.19999999999999,2.38623046875,
276.30000000000001,2.49609375,
276.39999999999998,2.5804061889648438,
276.5,2.6672821044921875,
276.60000000000002,2.7285995483398438,
276.69999999999999,2.7464828491210938,
276.80000000000001,2.754150390625,
276.89999999999998,2.7669219970703125,
277,2.800140380859375,
277.10000000000002,2.8512420654296875,
277.19999999999999,2.8895645141601562,
277.30000000000001,2.8946762084960938,
277.39999999999998,2.874237060546875,
277.5,2.84613037109375,
277.60000000000002,2.8231353759765625,
277.69999999999999,2.8154678344726562,
277.80000000000001,2.8103561401367188,
277.89999999999998,2.8129119873046875,
278,2.8052520751953125,
278.10000000000002,2.7848052978515625,
278.19999999999999,2.754150390625,
278.30000000000001,2.7183761596679688,
278.39999999999998,2.6723861694335938,
278.5,2.616180419921875,
278.60000000000002,2.5804061889648438,
278.69999999999999,2.5318603515625,
278.80000000000001,2.4577713012695312,
278.89999999999998,2.3734512329101562,
279,2.2686996459960938,
279.10000000000002,2.1486129760742188,
279.19999999999999,2.025970458984375,
279.30000000000001,1.8854522705078125,
279.39999999999998,1.7474822998046875,
279.5,1.640167236328125,
279.60000000000002,1.55841064453125,
279.69999999999999,1.4766464233398438,
279.80000000000001,1.3770065307617188,
279.89999999999998,1.2748031616210938,
280,1.180267333984375,10.371650695800781
280.10000000000002,1.0985107421875,
280.19999999999999,1.0295257568359375,
280.30000000000001,0.98097991943359375,
280.39999999999998,0.92476654052734375,
280.5,0.8736724853515625,
280.60000000000002,0.850677490234375,
280.69999999999999,0.8455657958984375,
280.80000000000001,0.84300994873046875,
280.89999999999998,0.83278656005859375,
281,0.84300994873046875,
281.10000000000002,0.84812164306640625,
281.19999999999999,0.8353424072265625,
281.30000000000001,0.83789825439453125,
281.39999999999998,0.8404541015625,
281.5,0.830230712890625,
281.60000000000002,0.830230712890625,
281.69999999999999,0.8532257080078125,
281.80000000000001,0.8736724853515625,
281.89999999999998,0.89666748046875,
282,0.9452056884765625,
282.10000000000002,1.0014190673828125,
282.19999999999999,1.0627365112304688,
282.30000000000001,1.1393890380859375,
282.39999999999998,1.2237014770507812,
282.5,1.2773590087890625,
282.60000000000002,1.3131256103515625,
282.69999999999999,1.3540115356445312,
282.80000000000001,1.3872222900390625,
282.89999999999998,1.402557373046875,
283,1.3974456787109375,
283.10000000000002,1.3846664428710938,
283.19999999999999,1.3718948364257812,
283.30000000000001,1.3616714477539062,
283.39999999999998,1.3616714477539062,
283.5,1.3386764526367188,
283.60000000000002,1.3131256103515625,
283.69999999999999,1.3386764526367188,
283.80000000000001,1.4306564331054688,
283.89999999999998,1.5532989501953125,
284,1.6657180786132812,
284.10000000000002,1.7730255126953125,
284.19999999999999,1.8854522705078125,
284.30000000000001,2.0055313110351562,
284.39999999999998,2.11029052734375,
284.5,2.1792755126953125,
284.60000000000002,2.2329254150390625,
284.69999999999999,2.2763671875,
284.80000000000001,2.340240478515625,
284.89999999999998,2.4219970703125,
285,2.506317138671875,
285.10000000000002,2.6085128784179688,
285.19999999999999,2.7158203125,
285.30000000000001,2.7797012329101562,
285.39999999999998,2.8256912231445312,
285.5,2.8563461303710938,
285.60000000000002,2.84613037109375,
285.69999999999999,2.8154678344726562,
285.80000000000001,2.7669219970703125,
285.89999999999998,2.6877212524414062,
286,2.5650787353515625,
286.10000000000002,2.3990020751953125,
286.19999999999999,2.2022705078125,
286.30000000000001,1.9697647094726562,
286.39999999999998,1.696380615234375,
286.5,1.4536514282226562,
286.60000000000002,1.2799148559570312,
286.69999999999999,1.1496124267578125,
286.80000000000001,1.0576324462890625,
286.89999999999998,0.99375152587890625,
287,0.942657470703125,
287.10000000000002,0.9094390869140625,
287.19999999999999,0.86600494384765625,
287.30000000000001,0.8174591064453125,
287.39999999999998,0.7995758056640625,
287.5,0.8046875,
287.60000000000002,0.8072357177734375,
287.69999999999999,0.8046875,
287.80000000000001,0.80979156494140625,
287.89999999999998,0.812347412109375,
288,0.82001495361328125,
288.10000000000002,0.8276824951171875,
288.19999999999999,0.8174591064453125,
288.30000000000001,0.79701995849609375,
288.39999999999998,0.7893524169921875,
288.5,0.79701995849609375,
288.60000000000002,0.8072357177734375,
288.69999999999999,0.81490325927734375,
288.80000000000001,0.8174591064453125,
288.89999999999998,0.81490325927734375,
289,0.82001495361328125,
289.10000000000002,0.82257080078125,
289.19999999999999,0.82512664794921875,
289.30000000000001,0.81490325927734375,
289.39999999999998,0.794464111328125,
289.5,0.79190826416015625,
289.60000000000002,0.80979156494140625,
289.69999999999999,0.83789825439453125,
289.80000000000001,0.8634490966796875,
289.89999999999998,0.88899993896484375,
290,0.9375457763671875,8.5308055877685547
290.10000000000002,1.0167465209960938,
290.19999999999999,1.1393890380859375,
290.30000000000001,1.2977981567382812,
290.39999999999998,1.4664306640625,
290.5,1.6631622314453125,
290.60000000000002,1.8573455810546875,
290.69999999999999,2.0131988525390625,
290.80000000000001,2.1409454345703125,
290.89999999999998,2.2252655029296875,
291,2.22015380859375,
291.10000000000002,2.2150421142578125,
291.19999999999999,2.2533721923828125,
291.30000000000001,2.2584762573242188,
291.39999999999998,2.2508163452148438,
291.5,2.2610321044921875,
291.60000000000002,2.2814712524414062,
291.69999999999999,2.3198013305664062,
291.80000000000001,2.4194412231445312,
291.89999999999998,2.5165328979492188,
292,2.5906295776367188,
292.10000000000002,2.6672821044921875,
292.19999999999999,2.7056045532226562,
292.30000000000001,2.7285995483398438,
292.39999999999998,2.7643661499023438,
292.5,2.7592620849609375,
292.60000000000002,2.7183761596679688,
292.69999999999999,2.6749420166015625,
292.80000000000001,2.6136245727539062,
292.89999999999998,2.524200439453125,
293,2.414337158203125,
293.10000000000002,2.2763671875,
293.19999999999999,2.128173828125,
293.30000000000001,1.990203857421875,
293.39999999999998,1.842010498046875,
293.5,1.66827392578125,
293.60000000000002,1.494537353515625,
293.69999999999999,1.3437881469726562,
293.80000000000001,1.2134857177734375,
293.89999999999998,1.1036224365234375,
294,1.0014190673828125,
294.10000000000002,0.922210693359375,
294.19999999999999,0.87877655029296875,
294.30000000000001,0.86089324951171875,
294.39999999999998,0.8532257080078125,
294.5,0.84812164306640625,
294.60000000000002,0.8455657958984375,
294.69999999999999,0.850677490234375,
294.80000000000001,0.8736724853515625,
294.89999999999998,0.88899993896484375,
295,0.87877655029296875,
295.10000000000002,0.868560791015625,
295.19999999999999,0.886444091796875,
295.30000000000001,0.922210693359375,
295.39999999999998,0.9452056884765625,
295.5,0.95287322998046875,
295.60000000000002,0.95798492431640625,
295.69999999999999,0.95798492431640625,
295.80000000000001,0.9554290771484375,
295.89999999999998,0.95798492431640625,
296,0.94010162353515625,
296.10000000000002,0.90688323974609375,
296.19999999999999,0.88899993896484375,
296.30000000000001,0.88388824462890625,
296.39999999999998,0.88899993896484375,
296.5,0.8915557861328125,
296.60000000000002,0.89411163330078125,
296.69999999999999,0.89666748046875,
296.80000000000001,0.8992156982421875,
296.89999999999998,0.90177154541015625,
297,0.88899993896484375,
297.10000000000002,0.86600494384765625,
297.19999999999999,0.85578155517578125,
297.30000000000001,0.86089324951171875,
297.39999999999998,0.868560791015625,
297.5,0.8736724853515625,
297.60000000000002,0.8813323974609375,
297.69999999999999,0.8915557861328125,
297.80000000000001,0.91455078125,
297.89999999999998,0.96309661865234375,
298,1.0167465209960938,
298.10000000000002,1.0831756591796875,
298.19999999999999,1.19049072265625,
298.30000000000001,1.3259048461914062,
298.39999999999998,1.4689865112304688,
298.5,1.6248397827148438,
298.60000000000002,1.7755813598632812,
298.69999999999999,1.8931121826171875,
298.80000000000001,1.9850921630859375,
298.89999999999998,2.0515213012695312,
299,2.0694122314453125,
299.10000000000002,2.0489654541015625,
299.19999999999999,2.018310546875,
299.30000000000001,1.9978713989257812,
299.39999999999998,1.9748764038085938,
299.5,1.9442138671875,
299.60000000000002,1.9058914184570312,
299.69999999999999,1.8701171875,
299.80000000000001,1.8317947387695312,
299.89999999999998,1.7679214477539062,
300,1.6861572265625,8.7019577026367188
300.10000000000002,1.6299514770507812,
300.19999999999999,1.604400634765625,
300.30000000000001,1.586517333984375,
300.39999999999998,1.5686264038085938,
300.5,1.548187255859375,
300.60000000000002,1.5328598022460938,
300.69999999999999,1.5226364135742188,
300.80000000000001,1.4970855712890625,
300.89999999999998,1.4459915161132812,
301,1.41021728515625,
301.10000000000002,1.4127731323242188,
301.19999999999999,1.420440673828125,
301.30000000000001,1.4178848266601562,
301.39999999999998,1.420440673828125,
301.5,1.4229965209960938,
301.60000000000002,1.420440673828125,
301.69999999999999,1.420440673828125,
301.80000000000001,1.402557373046875,
301.89999999999998,1.3795623779296875,
302,1.3795623779296875,
302.10000000000002,1.3897781372070312,
302.19999999999999,1.3897781372070312,
302.30000000000001,1.3948898315429688,
302.39999999999998,1.4000015258789062,
302.5,1.4051055908203125,
302.60000000000002,1.4178848266601562,
302.69999999999999,1.4229965209960938,
302.80000000000001,1.4076614379882812,
302.89999999999998,1.4000015258789062,
303,1.4255523681640625,
303.10000000000002,1.4817581176757812,
303.19999999999999,1.5890655517578125,
303.30000000000001,1.8369064331054688,
303.39999999999998,2.1664962768554688,
303.5,2.4628753662109375,
303.60000000000002,2.7209320068359375,
303.69999999999999,2.8563461303710938,
303.80000000000001,2.8026962280273438,
303.89999999999998,2.651947021484375,
304,2.5216445922851562,
304.10000000000002,2.414337158203125,
304.19999999999999,2.2968063354492188,
304.30000000000001,2.1307296752929688,
304.39999999999998,1.9774322509765625,
304.5,1.842010498046875,
304.60000000000002,1.6529464721679688,
304.69999999999999,1.48431396484375,
304.80000000000001,1.3872222900390625,
304.89999999999998,1.2952423095703125,
305,1.1930465698242188,
305.10000000000002,1.1036224365234375,
305.19999999999999,1.0320816040039062,
305.30000000000001,0.9886474609375,
305.39999999999998,0.9656524658203125,
305.5,0.96309661865234375,
305.60000000000002,0.9452056884765625,
305.69999999999999,0.91455078125,
305.80000000000001,0.91199493408203125,
305.89999999999998,0.9554290771484375,
306,1.00653076171875,
306.10000000000002,1.0167465209960938,
306.19999999999999,1.0269699096679688,
306.30000000000001,1.0550765991210938,
306.39999999999998,1.0755157470703125,
306.5,1.106170654296875,
306.60000000000002,1.1598281860351562,
306.69999999999999,1.2313690185546875,
306.80000000000001,1.3540115356445312,
306.89999999999998,1.5226364135742188,
307,1.696380615234375,
307.10000000000002,1.8726730346679688,
307.19999999999999,2.0796279907226562,
307.30000000000001,2.4168853759765625,
307.39999999999998,2.8231353759765625,
307.5,3.0275344848632812,
307.60000000000002,3.0070953369140625,
307.69999999999999,2.945770263671875,
307.80000000000001,2.8589019775390625,
307.89999999999998,2.6877212524414062,
308,2.467987060546875,
308.10000000000002,2.2431488037109375,
308.19999999999999,2.0438613891601562,
308.30000000000001,1.8650054931640625,
308.39999999999998,1.6912689208984375,
308.5,1.5175323486328125,
308.60000000000002,1.3718948364257812,
308.69999999999999,1.2696914672851562,
308.80000000000001,1.2083740234375,
308.89999999999998,1.1368331909179688,
309,1.0576324462890625,
309.10000000000002,0.996307373046875,
309.19999999999999,0.95798492431640625,
309.30000000000001,0.942657470703125,
309.39999999999998,0.90688323974609375,
309.5,0.85578155517578125,
309.60000000000002,0.8404541015625,
309.69999999999999,0.8353424072265625,
309.80000000000001,0.83278656005859375,
309.89999999999998,0.83789825439453125,
310,0.83278656005859375,10.928961753845215
310.10000000000002,0.83789825439453125,
310.19999999999999,0.86600494384765625,
310.30000000000001,0.92476654052734375,
310.39999999999998,1.0090866088867188,
310.5,1.1317214965820312,
310.60000000000002,1.2977981567382812,
310.69999999999999,1.5507431030273438,
310.80000000000001,1.8854522705078125,
310.89999999999998,2.230377197265625,
311,2.5650787353515625,
311.10000000000002,2.8716812133789062,
311.19999999999999,3.1067352294921875,
311.30000000000001,3.295806884765625,
311.39999999999998,3.4286651611328125,
311.5,3.5027618408203125,
311.60000000000002,3.5743026733398438,
311.69999999999999,3.5666427612304688,
311.80000000000001,3.4516677856445312,
311.89999999999998,3.3009185791015625,
312,3.1271820068359375,
312.10000000000002,2.945770263671875,
312.19999999999999,2.7924728393554688,
312.30000000000001,2.6570587158203125,
312.39999999999998,2.4296646118164062,
312.5,2.1128463745117188,
312.60000000000002,1.8547897338867188,
312.69999999999999,1.6606063842773438,
312.80000000000001,1.52008056640625,
312.89999999999998,1.4178848266601562,
313,1.30035400390625,
313.10000000000002,1.2032623291015625,
313.19999999999999,1.1572723388671875,
313.30000000000001,1.1291656494140625,
313.39999999999998,1.106170654296875,
313.5,1.088287353515625,
313.60000000000002,1.0780715942382812,
313.69999999999999,1.0729598999023438,
313.80000000000001,1.070404052734375,
313.89999999999998,1.0601806640625,
314,1.0550765991210938,
314.10000000000002,1.070404052734375,
314.19999999999999,1.0908432006835938,
314.30000000000001,1.1036224365234375,
314.39999999999998,1.1215057373046875,
314.5,1.1291656494140625,
314.60000000000002,1.1317214965820312,
314.69999999999999,1.126617431640625,
314.80000000000001,1.106170654296875,
314.89999999999998,1.0959548950195312,
315,1.1138381958007812,
315.10000000000002,1.1240615844726562,
315.19999999999999,1.0831756591796875,
315.30000000000001,1.034637451171875,
315.39999999999998,1.0218582153320312,
315.5,1.0448532104492188,
315.60000000000002,1.1240615844726562,
315.69999999999999,1.22625732421875,
315.80000000000001,1.3233489990234375,
315.89999999999998,1.4510955810546875,
316,1.622283935546875,
316.10000000000002,1.8190155029296875,
316.19999999999999,2.0489654541015625,
316.30000000000001,2.238037109375,
316.39999999999998,2.3121337890625,
316.5,2.3274612426757812,
316.60000000000002,2.2789154052734375,
316.69999999999999,2.1690521240234375,
316.80000000000001,2.0796279907226562,
316.89999999999998,2.018310546875,
317,1.9595413208007812,
317.10000000000002,1.908447265625,
317.19999999999999,1.8752288818359375,
317.30000000000001,1.8496780395507812,
317.39999999999998,1.8343505859375,
317.5,1.7985763549804688,
317.60000000000002,1.7551422119140625,
317.69999999999999,1.74237060546875,
317.80000000000001,1.7525863647460938,
317.89999999999998,1.7628097534179688,
318,1.7628097534179688,
318.10000000000002,1.7679214477539062,
318.19999999999999,1.7730255126953125,
318.30000000000001,1.76025390625,
318.39999999999998,1.7295913696289062,
318.5,1.696380615234375,
318.60000000000002,1.6836013793945312,
318.69999999999999,1.6938247680664062,
318.80000000000001,1.7117080688476562,
318.89999999999998,1.7065963745117188,
319,1.7014923095703125,
319.10000000000002,1.714263916015625,
319.19999999999999,1.7091522216796875,
319.30000000000001,1.678497314453125,
319.39999999999998,1.622283935546875,
319.5,1.5686264038085938,
319.60000000000002,1.5558547973632812,
319.69999999999999,1.5711822509765625,
319.80000000000001,1.586517333984375,
319.89999999999998,1.5814056396484375,
320,1.5762939453125,9.9833612442016602
320.10000000000002,1.5788497924804688,
320.19999999999999,1.55841064453125,
320.30000000000001,1.54052734375,
320.39999999999998,1.548187255859375,
320.5,1.55841064453125,
320.60000000000002,1.5609664916992188,
320.69999999999999,1.5609664916992188,
320.80000000000001,1.5609664916992188,
320.89999999999998,1.566070556640625,
321,1.5711822509765625,
321.10000000000002,1.5609664916992188,
321.19999999999999,1.5354156494140625,
321.30000000000001,1.5328598022460938,
321.39999999999998,1.5456314086914062,
321.5,1.5507431030273438,
321.60000000000002,1.5558547973632812,
321.69999999999999,1.5635223388671875,
321.80000000000001,1.5711822509765625,
321.89999999999998,1.5762939453125,
322,1.5788497924804688,
322.10000000000002,1.5686264038085938,
322.19999999999999,1.566070556640625,
322.30000000000001,1.5839614868164062,
322.39999999999998,1.622283935546875,
322.5,1.7806930541992188,
322.60000000000002,2.2022705078125,
322.69999999999999,2.7234878540039062,
322.80000000000001,3.2549285888671875,
322.89999999999998,3.829803466796875,
323,4.335693359375,
323.10000000000002,4.749603271484375,
323.19999999999999,5.043426513671875,
323.30000000000001,5.2197265625,
323.39999999999998,5.3551406860351562,
323.5,5.4982223510742188,
323.60000000000002,5.541656494140625,
323.69999999999999,5.3091506958007812,
323.80000000000001,4.8288116455078125,
323.89999999999998,4.3305816650390625,
324,3.7224960327148438,
324.10000000000002,3.058197021484375,
324.19999999999999,2.6596145629882812,
324.30000000000001,2.4117813110351562,
324.39999999999998,2.1767196655273438,
324.5,1.97998046875,
324.60000000000002,1.7985763549804688,
324.69999999999999,1.5967330932617188,
324.80000000000001,1.4178848266601562,
324.89999999999998,1.2926864624023438,
325,1.2160415649414062,
325.10000000000002,1.15216064453125,
325.19999999999999,1.0831756591796875,
325.30000000000001,1.0295257568359375,
325.39999999999998,0.996307373046875,
325.5,0.95798492431640625,
325.60000000000002,0.90688323974609375,
325.69999999999999,0.86089324951171875,
325.80000000000001,0.83789825439453125,
325.89999999999998,0.8353424072265625,
326,0.8353424072265625,
326.10000000000002,0.83278656005859375,
326.19999999999999,0.83278656005859375,
326.30000000000001,0.83789825439453125,
326.39999999999998,0.8404541015625,
326.5,0.83789825439453125,
326.60000000000002,0.82512664794921875,
326.69999999999999,0.81490325927734375,
326.80000000000001,0.84300994873046875,
326.89999999999998,0.8813323974609375,
327,0.89411163330078125,
327.10000000000002,0.90688323974609375,
327.19999999999999,0.942657470703125,
327.30000000000001,0.9911956787109375,
327.39999999999998,1.0499649047851562,
327.5,1.106170654296875,
327.60000000000002,1.1291656494140625,
327.69999999999999,1.1317214965820312,
327.80000000000001,1.1317214965820312,
327.89999999999998,1.1240615844726562,
328,1.1036224365234375,
328.10000000000002,1.0780715942382812,
328.19999999999999,1.0627365112304688,
328.30000000000001,1.0550765991210938,
328.39999999999998,1.0499649047851562,
328.5,1.0320816040039062,
328.60000000000002,1.0090866088867188,
328.69999999999999,1.00653076171875,
328.80000000000001,1.0627365112304688,
328.89999999999998,1.2237014770507812,
329,1.4894256591796875,
329.10000000000002,1.8087997436523438,
329.19999999999999,2.1537246704101562,
329.30000000000001,2.5037612915039062,
329.39999999999998,2.8307952880859375,
329.5,3.0454177856445312,
329.60000000000002,3.1271820068359375,
329.69999999999999,3.083740234375,
329.80000000000001,2.8844528198242188,
329.89999999999998,2.6263961791992188,
330,2.3913421630859375,5.0335569381713867
330.10000000000002,2.1818313598632812,
330.19999999999999,1.9927597045898438,
330.30000000000001,1.8215713500976562,
330.39999999999998,1.66827392578125,
330.5,1.5430755615234375,
330.60000000000002,1.48431396484375,
330.69999999999999,1.4281005859375,
330.80000000000001,1.3310165405273438,
330.89999999999998,1.22625732421875,
331,1.1393890380859375,
331.10000000000002,1.0729598999023438,
331.19999999999999,1.0397415161132812,
331.30000000000001,1.0090866088867188,
331.39999999999998,0.9503173828125,
331.5,0.90688323974609375,
331.60000000000002,0.90177154541015625,
331.69999999999999,0.9094390869140625,
331.80000000000001,0.9094390869140625,
331.89999999999998,0.9196624755859375,
332,0.9554290771484375,
332.10000000000002,1.0167465209960938,
332.19999999999999,1.08062744140625,
332.30000000000001,1.1496124267578125,
332.39999999999998,1.2518081665039062,
332.5,1.3872222900390625,
332.60000000000002,1.5226364135742188,
332.69999999999999,1.6350555419921875,
332.80000000000001,1.7193756103515625,
332.89999999999998,1.7730255126953125,
333,1.7934722900390625,
333.10000000000002,1.77813720703125,
333.19999999999999,1.7117080688476562,
333.30000000000001,1.6171722412109375,
333.39999999999998,1.5354156494140625,
333.5,1.474090576171875,
333.60000000000002,1.4408798217773438,
333.69999999999999,1.420440673828125,
333.80000000000001,1.41021728515625,
333.89999999999998,1.4051055908203125,
334,1.3872222900390625,
334.10000000000002,1.3591156005859375,
334.19999999999999,1.2977981567382812,
334.30000000000001,1.2211456298828125,
334.39999999999998,1.1777114868164062,
334.5,1.1572723388671875,
334.60000000000002,1.1368331909179688,
334.69999999999999,1.1087265014648438,
334.80000000000001,1.08062744140625,
334.89999999999998,1.0550765991210938,
335,1.04229736328125,
335.10000000000002,1.0371856689453125,
335.19999999999999,1.0167465209960938,
335.30000000000001,0.97586822509765625,
335.39999999999998,0.942657470703125,
335.5,0.93498992919921875,
335.60000000000002,0.942657470703125,
335.69999999999999,0.94776153564453125,
335.80000000000001,0.95287322998046875,
335.89999999999998,0.9503173828125,
336,0.9503173828125,
336.10000000000002,0.96309661865234375,
336.19999999999999,0.996307373046875,
336.30000000000001,1.0371856689453125,
336.39999999999998,1.1138381958007812,
336.5,1.2850265502929688,
336.60000000000002,1.5354156494140625,
336.69999999999999,1.81646728515625,
336.80000000000001,2.0975112915039062,
336.89999999999998,2.3632354736328125,
337,2.616180419921875,
337.10000000000002,2.8691253662109375,
337.19999999999999,3.0888519287109375,
337.30000000000001,3.2344894409179688,
337.39999999999998,3.2932510375976562,
337.5,3.2574844360351562,
337.60000000000002,3.1373977661132812,
337.69999999999999,2.9764328002929688,
337.80000000000001,2.8052520751953125,
337.89999999999998,2.644287109375,
338,2.4807662963867188,
338.10000000000002,2.2865829467773438,
338.19999999999999,2.0770721435546875,
338.30000000000001,1.8726730346679688,
338.39999999999998,1.7091522216796875,
338.5,1.566070556640625,
338.60000000000002,1.4229965209960938,
338.69999999999999,1.2977981567382812,
338.80000000000001,1.2032623291015625,
338.89999999999998,1.1215057373046875,
339,1.0550765991210938,
339.10000000000002,0.98609161376953125,
339.19999999999999,0.92476654052734375,
339.30000000000001,0.904327392578125,
339.39999999999998,0.904327392578125,
339.5,0.904327392578125,
339.60000000000002,0.90177154541015625,
339.69999999999999,0.8992156982421875,
339.80000000000001,0.89666748046875,
339.89999999999998,0.904327392578125,
340,0.91710662841796875,4.6620049476623535
340.10000000000002,0.9375457763671875,
340.19999999999999,1.0090866088867188,
340.30000000000001,1.1674957275390625,
340.39999999999998,1.3872222900390625,
340.5,1.63250732421875,
340.60000000000002,1.9467697143554688,
340.69999999999999,2.2916946411132812,
340.80000000000001,2.5829620361328125,
340.89999999999998,2.77203369140625,
341,2.8512420654296875,
341.10000000000002,2.8231353759765625,
341.19999999999999,2.7209320068359375,
341.30000000000001,2.6110687255859375,
341.39999999999998,2.506317138671875,
341.5,2.4117813110351562,
341.60000000000002,2.340240478515625,
341.69999999999999,2.2916946411132812,
341.80000000000001,2.2431488037109375,
341.89999999999998,2.174163818359375,
342,2.082183837890625,
342.10000000000002,1.9953155517578125,
342.19999999999999,1.92633056640625,
342.30000000000001,1.8113555908203125,
342.39999999999998,1.6606063842773438,
342.5,1.4434356689453125,
342.60000000000002,1.2569198608398438,
342.69999999999999,1.1291656494140625,
342.80000000000001,1.0244140625,
342.89999999999998,0.9375457763671875,
343,0.88388824462890625,
343.10000000000002,0.8634490966796875,
343.19999999999999,0.85578155517578125,
343.30000000000001,0.8532257080078125,
343.39999999999998,0.8532257080078125,
343.5,0.85578155517578125,
343.60000000000002,0.86089324951171875,
343.69999999999999,0.87877655029296875,
343.80000000000001,0.89666748046875,
343.89999999999998,0.91710662841796875,
344,0.98609161376953125,
344.10000000000002,1.1010665893554688,
344.19999999999999,1.2313690185546875,
344.30000000000001,1.3565673828125,
344.39999999999998,1.4792022705078125,
344.5,1.5890655517578125,
344.60000000000002,1.6606063842773438,
344.69999999999999,1.6989364624023438,
344.80000000000001,1.7117080688476562,
344.89999999999998,1.6912689208984375,
345,1.6606063842773438,
345.10000000000002,1.6427230834960938,
345.19999999999999,1.6299514770507812,
345.30000000000001,1.6095123291015625,
345.39999999999998,1.5814056396484375,
345.5,1.5609664916992188,
345.60000000000002,1.5532989501953125,
345.69999999999999,1.5711822509765625,
345.80000000000001,1.612060546875,
345.89999999999998,1.678497314453125,
346,1.8394622802734375,
346.10000000000002,2.07196044921875,
346.19999999999999,2.2993621826171875,
346.30000000000001,2.58807373046875,
346.39999999999998,2.9406661987304688,
346.5,3.2574844360351562,
346.60000000000002,3.5436477661132812,
346.69999999999999,3.8170318603515625,
346.80000000000001,4.0495376586914062,
346.89999999999998,4.24371337890625,
347,4.3663558959960938,
347.10000000000002,4.345916748046875,
347.19999999999999,4.2283859252929688,
347.30000000000001,4.0929718017578125,
347.39999999999998,3.9550018310546875,
347.5,3.8246917724609375,
347.60000000000002,3.7173843383789062,
347.69999999999999,3.610076904296875,
347.80000000000001,3.5104293823242188,
347.89999999999998,3.4184494018554688,
348,3.28814697265625,
348.10000000000002,3.1322860717773438,
348.19999999999999,2.9968719482421875,
348.30000000000001,2.8614578247070312,
348.39999999999998,2.7158203125,
348.5,2.5829620361328125,
348.60000000000002,2.4475479125976562,
348.69999999999999,2.3070220947265625,
348.80000000000001,2.1690521240234375,
348.89999999999998,2.0131988525390625,
349,1.8471221923828125,
349.10000000000002,1.6938247680664062,
349.19999999999999,1.5456314086914062,
349.30000000000001,1.4051055908203125,
349.39999999999998,1.2594757080078125,
349.5,1.1368331909179688,
349.60000000000002,1.0576324462890625,
349.69999999999999,1.0090866088867188,
349.80000000000001,0.9733123779296875,
349.89999999999998,0.94010162353515625,
350,0.91199493408203125,5.1194539070129395
350.10000000000002,0.87111663818359375,
350.19999999999999,0.83789825439453125,
350.30000000000001,0.8404541015625,
350.39999999999998,0.8634490966796875,
350.5,0.88388824462890625,
350.60000000000002,0.89411163330078125,
350.69999999999999,0.8992156982421875,
350.80000000000001,0.9094390869140625,
350.89999999999998,0.91710662841796875,
351,0.91710662841796875,
351.10000000000002,0.8992156982421875,
351.19999999999999,0.87111663818359375,
351.30000000000001,0.8634490966796875,
351.39999999999998,0.8736724853515625,
351.5,0.8813323974609375,
351.60000000000002,0.8915557861328125,
351.69999999999999,0.91199493408203125,
351.80000000000001,0.92476654052734375,
351.89999999999998,0.93243408203125,
352,0.960540771484375,
352.10000000000002,0.96820068359375,
352.19999999999999,0.95798492431640625,
352.30000000000001,0.9503173828125,
352.39999999999998,1.0550765991210938,
352.5,1.2671356201171875,
352.60000000000002,1.5175323486328125,
352.69999999999999,1.8701171875,
352.80000000000001,2.2916946411132812,
352.89999999999998,2.6723861694335938,
353,2.9508819580078125,
353.10000000000002,3.1450653076171875,
353.19999999999999,3.2293777465820312,
353.30000000000001,3.35968017578125,
353.39999999999998,3.5691909790039062,
353.5,3.6586227416992188,
353.60000000000002,3.7403793334960938,
353.69999999999999,3.85791015625,
353.80000000000001,3.847686767578125,
353.89999999999998,3.7352676391601562,
354,3.6356277465820312,
354.10000000000002,3.6049652099609375,
354.19999999999999,3.645843505859375,
354.30000000000001,3.6790618896484375,
354.39999999999998,3.702056884765625,
354.5,3.6305160522460938,
354.60000000000002,3.35968017578125,
354.69999999999999,3.0684127807617188,
354.80000000000001,2.818023681640625,
354.89999999999998,2.5957412719726562,
355,2.38623046875,
355.10000000000002,2.0106430053710938,
355.19999999999999,1.6631622314453125,
355.30000000000001,1.4817581176757812,
355.39999999999998,1.3310165405273438,
355.5,1.198150634765625,
355.60000000000002,1.1189498901367188,
355.69999999999999,1.0933990478515625,
355.80000000000001,1.0831756591796875,
355.89999999999998,1.0780715942382812,
356,1.0729598999023438,
356.10000000000002,1.0652923583984375,
356.19999999999999,1.052520751953125,
356.30000000000001,1.0218582153320312,
356.39999999999998,0.97586822509765625,
356.5,0.93243408203125,
356.60000000000002,0.90688323974609375,
356.69999999999999,0.9094390869140625,
356.80000000000001,0.91710662841796875,
356.89999999999998,0.91455078125,
357,0.91455078125,
357.10000000000002,0.92476654052734375,
357.19999999999999,0.9273223876953125,
357.30000000000001,0.92476654052734375,
357.39999999999998,0.9094390869140625,
357.5,0.886444091796875,
357.60000000000002,0.876220703125,
357.69999999999999,0.8813323974609375,
357.80000000000001,0.88899993896484375,
357.89999999999998,0.89411163330078125,
358,0.8992156982421875,
358.10000000000002,0.904327392578125,
358.19999999999999,0.904327392578125,
358.30000000000001,0.91455078125,
358.39999999999998,0.9196624755859375,
358.5,0.90177154541015625,
358.60000000000002,0.87877655029296875,
358.69999999999999,0.8736724853515625,
358.80000000000001,0.88388824462890625,
358.89999999999998,0.89411163330078125,
359,0.89666748046875,
359.10000000000002,0.89666748046875,
359.19999999999999,0.8992156982421875,
359.30000000000001,0.90177154541015625,
359.39999999999998,0.904327392578125,
359.5,0.8915557861328125,
359.60000000000002,0.868560791015625,
359.69999999999999,0.86600494384765625,
359.80000000000001,0.8736724853515625,
359.89999999999998,0.88388824462890625,
360,0.89411163330078125,11.029411315917969
360.10000000000002,0.92987823486328125,
360.19999999999999,0.98609161376953125,
360.30000000000001,1.04229736328125,
360.39999999999998,1.1138381958007812,
360.5,1.180267333984375,
360.60000000000002,1.244140625,
360.69999999999999,1.3335723876953125,
360.80000000000001,1.4281005859375,
360.89999999999998,1.4894256591796875,
361,1.4996414184570312,
361.10000000000002,1.474090576171875,
361.19999999999999,1.4332122802734375,
361.30000000000001,1.4000015258789062,
361.39999999999998,1.364227294921875,
361.5,1.3182373046875,
361.60000000000002,1.2799148559570312,
361.69999999999999,1.2671356201171875,
361.80000000000001,1.26458740234375,
361.89999999999998,1.2594757080078125,
362,1.2466964721679688,
362.10000000000002,1.2339248657226562,
362.19999999999999,1.2313690185546875,
362.30000000000001,1.2466964721679688,
362.39999999999998,1.2390365600585938,
362.5,1.2109298706054688,
362.60000000000002,1.1956024169921875,
362.69999999999999,1.2032623291015625,
362.80000000000001,1.2109298706054688,
362.89999999999998,1.2032623291015625,
363,1.198150634765625,
363.10000000000002,1.2032623291015625,
363.19999999999999,1.2109298706054688,
363.30000000000001,1.2109298706054688,
363.39999999999998,1.1930465698242188,
363.5,1.1879348754882812,
363.60000000000002,1.1930465698242188,
363.69999999999999,1.198150634765625,
363.80000000000001,1.1956024169921875,
363.89999999999998,1.1956024169921875,
364,1.2032623291015625,
364.10000000000002,1.2083740234375,
364.19999999999999,1.2058181762695312,
364.30000000000001,1.1853790283203125,
364.39999999999998,1.1674957275390625,
364.5,1.172607421875,
364.60000000000002,1.1751556396484375,
364.69999999999999,1.1777114868164062,
364.80000000000001,1.1700515747070312,
364.89999999999998,1.1317214965820312,
365,1.0857315063476562,
365.10000000000002,1.04229736328125,
365.19999999999999,0.9886474609375,
365.30000000000001,0.94776153564453125,
365.39999999999998,0.92987823486328125,
365.5,0.9196624755859375,
365.60000000000002,0.9196624755859375,
365.69999999999999,0.93243408203125,
365.80000000000001,0.96820068359375,
365.89999999999998,1.0039749145507812,
366,1.0550765991210938,
366.10000000000002,1.1674957275390625,
366.19999999999999,1.364227294921875,
366.30000000000001,1.63250732421875,
366.39999999999998,1.9109954833984375,
366.5,2.1613922119140625,
366.60000000000002,2.4577713012695312,
366.69999999999999,2.7337112426757812,
366.80000000000001,2.9329986572265625,
366.89999999999998,3.0914077758789062,
367,3.17572021484375,
367.10000000000002,3.168060302734375,
367.19999999999999,3.1629486083984375,
367.30000000000001,3.1425094604492188,
367.39999999999998,3.001983642578125,
367.5,2.835906982421875,
367.60000000000002,2.77203369140625,
367.69999999999999,2.7899169921875,
367.80000000000001,2.7745895385742188,
367.89999999999998,2.7234878540039062,
368,2.6723861694335938,
368.10000000000002,2.6315078735351562,
368.19999999999999,2.6263961791992188,
368.30000000000001,2.6085128784179688,
368.39999999999998,2.5701904296875,
368.5,2.5318603515625,
368.60000000000002,2.5293121337890625,
368.69999999999999,2.524200439453125,
368.80000000000001,2.4015579223632812,
368.89999999999998,2.22015380859375,
369,2.1332855224609375,
369.10000000000002,2.1639404296875,
369.19999999999999,2.2584762573242188,
369.30000000000001,2.4015579223632812,
369.39999999999998,2.5165328979492188,
369.5,2.5037612915039062,
369.60000000000002,2.38623046875,
369.69999999999999,2.2814712524414062,
369.80000000000001,2.156280517578125,
369.89999999999998,1.9518814086914062,
370,1.8113555908203125,6.9337444305419922
370.10000000000002,1.74237060546875,
370.19999999999999,1.6146163940429688,
370.30000000000001,1.4689865112304688,
370.39999999999998,1.37445068359375,
370.5,1.3207931518554688,
370.60000000000002,1.2620315551757812,
370.69999999999999,1.2007064819335938,
370.80000000000001,1.1777114868164062,
370.89999999999998,1.1496124267578125,
371,1.0959548950195312,
371.10000000000002,1.0576324462890625,
371.19999999999999,1.0652923583984375,
371.30000000000001,1.106170654296875,
371.39999999999998,1.1317214965820312,
371.5,1.1215057373046875,
371.60000000000002,1.1087265014648438,
371.69999999999999,1.0959548950195312,
371.80000000000001,1.1419448852539062,
371.89999999999998,1.0601806640625,
372,0.7254791259765625,
372.10000000000002,0.57984161376953125,
372.19999999999999,0.766357421875,
372.30000000000001,0.96309661865234375,
372.39999999999998,1.0550765991210938,
372.5,1.1393890380859375,
372.60000000000002,1.272247314453125,
372.69999999999999,1.4357681274414062,
372.80000000000001,1.622283935546875,
372.89999999999998,1.824127197265625,
373,2.0515213012695312,
373.10000000000002,2.36834716796875,
373.19999999999999,2.73626708984375,
373.30000000000001,3.0607452392578125,
373.39999999999998,3.2447052001953125,
373.5,3.185943603515625,
373.60000000000002,2.92022705078125,
373.69999999999999,2.6723861694335938,
373.80000000000001,2.5906295776367188,
373.89999999999998,2.5676345825195312,
374,2.5114212036132812,
374.10000000000002,2.43988037109375,
374.19999999999999,2.3913421630859375,
374.30000000000001,2.3785629272460938,
374.39999999999998,2.3836746215820312,
374.5,2.3811187744140625,
374.60000000000002,2.358123779296875,
374.69999999999999,2.3351287841796875,
374.80000000000001,2.2763671875,
374.89999999999998,2.174163818359375,
375,2.1409454345703125,
375.10000000000002,2.174163818359375,
375.19999999999999,2.2048263549804688,
375.30000000000001,2.2431488037109375,
375.39999999999998,2.2252655029296875,
375.5,2.1664962768554688,
375.60000000000002,2.2073822021484375,
375.69999999999999,2.2124862670898438,
375.80000000000001,2.064300537109375,
375.89999999999998,1.7730255126953125,
376,1.4587631225585938,
376.10000000000002,1.2671356201171875,
376.19999999999999,1.1674957275390625,
376.30000000000001,1.1138381958007812,
376.39999999999998,1.0831756591796875,
376.5,1.0652923583984375,
376.60000000000002,1.0576324462890625,
376.69999999999999,1.04229736328125,
376.80000000000001,1.014190673828125,
376.89999999999998,0.96309661865234375,
377,0.9273223876953125,
377.10000000000002,0.90177154541015625,
377.19999999999999,0.88388824462890625,
377.30000000000001,0.88899993896484375,
377.39999999999998,0.90688323974609375,
377.5,0.91455078125,
377.60000000000002,0.89666748046875,
377.69999999999999,0.88899993896484375,
377.80000000000001,0.8992156982421875,
377.89999999999998,0.92476654052734375,
378,0.9656524658203125,
378.10000000000002,1.034637451171875,
378.19999999999999,1.1291656494140625,
378.30000000000001,1.236480712890625,
378.39999999999998,1.33612060546875,
378.5,1.4000015258789062,
378.60000000000002,1.4434356689453125,
378.69999999999999,1.4613189697265625,
378.80000000000001,1.4510955810546875,
378.89999999999998,1.4510955810546875,
379,1.4255523681640625,
379.10000000000002,1.3770065307617188,
379.19999999999999,1.3412322998046875,
379.30000000000001,1.3259048461914062,
379.39999999999998,1.2850265502929688,
379.5,1.236480712890625,
379.60000000000002,1.218597412109375,
379.69999999999999,1.2109298706054688,
379.80000000000001,1.218597412109375,
379.89999999999998,1.2211456298828125,
380,1.22625732421875,6.1037640571594238
380.10000000000002,1.2390365600585938,
380.19999999999999,1.2390365600585938,
380.30000000000001,1.19049072265625,
380.39999999999998,1.1087265014648438,
380.5,1.0678482055664062,
380.60000000000002,1.0295257568359375,
380.69999999999999,0.9554290771484375,
380.80000000000001,0.8915557861328125,
380.89999999999998,0.8404541015625,
381,0.81490325927734375,
381.10000000000002,0.8404541015625,
381.19999999999999,0.8634490966796875,
381.30000000000001,0.886444091796875,
381.39999999999998,0.94010162353515625,
381.5,0.9911956787109375,
381.60000000000002,1.034637451171875,
381.69999999999999,1.1777114868164062,
381.80000000000001,1.4153289794921875,
381.89999999999998,1.6478347778320312,
382,1.8650054931640625,
382.10000000000002,2.0336380004882812,
382.19999999999999,2.1026229858398438,
382.30000000000001,2.1026229858398438,
382.39999999999998,2.0694122314453125,
382.5,1.9953155517578125,
382.60000000000002,1.88800048828125,
382.69999999999999,1.7909164428710938,
382.80000000000001,1.7270355224609375,
382.89999999999998,1.6861572265625,
383,1.6350555419921875,
383.10000000000002,1.5890655517578125,
383.19999999999999,1.5711822509765625,
383.30000000000001,1.5737380981445312,
383.39999999999998,1.5635223388671875,
383.5,1.54052734375,
383.60000000000002,1.5277481079101562,
383.69999999999999,1.5251922607421875,
383.80000000000001,1.5251922607421875,
383.89999999999998,1.5073089599609375,
384,1.4689865112304688,
384.10000000000002,1.4434356689453125,
384.19999999999999,1.4434356689453125,
384.30000000000001,1.4613189697265625,
384.39999999999998,1.4817581176757812,
384.5,1.4894256591796875,
384.60000000000002,1.5047531127929688,
384.69999999999999,1.5226364135742188,
384.80000000000001,1.530303955078125,
384.89999999999998,1.5277481079101562,
385,1.502197265625,
385.10000000000002,1.4868698120117188,
385.19999999999999,1.4970855712890625,
385.30000000000001,1.5098648071289062,
385.39999999999998,1.5073089599609375,
385.5,1.5073089599609375,
385.60000000000002,1.5098648071289062,
385.69999999999999,1.5098648071289062,
385.80000000000001,1.5149765014648438,
385.89999999999998,1.5175323486328125,
386,1.4996414184570312,
386.10000000000002,1.48431396484375,
386.19999999999999,1.4894256591796875,
386.30000000000001,1.5149765014648438,
386.39999999999998,1.5277481079101562,
386.5,1.5354156494140625,
386.60000000000002,1.622283935546875,
386.69999999999999,1.8394622802734375,
386.80000000000001,2.0540771484375,
386.89999999999998,2.209930419921875,
387,2.393890380859375,
387.10000000000002,2.6417312622070312,
387.19999999999999,2.9636611938476562,
387.30000000000001,3.2702560424804688,
387.39999999999998,3.4772109985351562,
387.5,3.6202926635742188,
387.60000000000002,3.7327117919921875,
387.69999999999999,3.8093643188476562,
387.80000000000001,3.811920166015625,
387.89999999999998,3.6151809692382812,
388,3.2906951904296875,
388.10000000000002,2.9687652587890625,
388.19999999999999,2.7004928588867188,
388.30000000000001,2.559967041015625,
388.39999999999998,2.3887863159179688,
388.5,2.1486129760742188,
388.60000000000002,1.9442138671875,
388.69999999999999,1.732147216796875,
388.80000000000001,1.5098648071289062,
388.89999999999998,1.3182373046875,
389,1.180267333984375,
389.10000000000002,1.0857315063476562,
389.19999999999999,1.0218582153320312,
389.30000000000001,0.97075653076171875,
389.39999999999998,0.94010162353515625,
389.5,0.92476654052734375,
389.60000000000002,0.9196624755859375,
389.69999999999999,0.89666748046875,
389.80000000000001,0.85833740234375,
389.89999999999998,0.84300994873046875,
390,0.84812164306640625,5.7915058135986328
390.10000000000002,0.85833740234375,
390.19999999999999,0.8634490966796875,
390.30000000000001,0.868560791015625,
390.39999999999998,0.8736724853515625,
390.5,0.8813323974609375,
390.60000000000002,0.89411163330078125,
390.69999999999999,0.904327392578125,
390.80000000000001,0.8992156982421875,
390.89999999999998,0.8915557861328125,
391,0.8992156982421875,
391.10000000000002,0.90688323974609375,
391.19999999999999,0.9094390869140625,
391.30000000000001,0.9094390869140625,
391.39999999999998,0.9094390869140625,
391.5,0.90688323974609375,
391.60000000000002,0.904327392578125,
391.69999999999999,0.90688323974609375,
391.80000000000001,0.90688323974609375,
391.89999999999998,0.8915557861328125,
392,0.87877655029296875,
392.10000000000002,0.8813323974609375,
392.19999999999999,0.88899993896484375,
392.30000000000001,0.89411163330078125,
392.39999999999998,0.89666748046875,
392.5,0.8992156982421875,
392.60000000000002,0.89666748046875,
392.69999999999999,0.9273223876953125,
392.80000000000001,0.996307373046875,
392.89999999999998,1.0857315063476562,
393,1.218597412109375,
393.10000000000002,1.41021728515625,
393.19999999999999,1.6350555419921875,
393.30000000000001,1.8599014282226562,
393.39999999999998,2.0770721435546875,
393.5,2.2865829467773438,
393.60000000000002,2.5216445922851562,
393.69999999999999,2.7388153076171875,
393.80000000000001,2.892120361328125,
393.89999999999998,3.0428619384765625,
394,3.2012710571289062,
394.10000000000002,3.3545761108398438,
394.19999999999999,3.4848785400390625,
394.30000000000001,3.5870819091796875,
394.39999999999998,3.6816177368164062,
394.5,3.7684860229492188,
394.60000000000002,3.8221359252929688,
394.69999999999999,3.8221359252929688,
394.80000000000001,3.7812576293945312,
394.89999999999998,3.7327117919921875,
395,3.6586227416992188,
395.10000000000002,3.5206527709960938,
395.19999999999999,3.3264694213867188,
395.30000000000001,3.1169586181640625,
395.39999999999998,2.8282470703125,
395.5,2.5701904296875,
395.60000000000002,2.3376846313476562,
395.69999999999999,2.1358413696289062,
395.80000000000001,1.9518814086914062,
395.89999999999998,1.7576980590820312,
396,1.5609664916992188,
396.10000000000002,1.3974456787109375,
396.19999999999999,1.272247314453125,
396.30000000000001,1.1828231811523438,
396.39999999999998,1.1087265014648438,
396.5,1.0269699096679688,
396.60000000000002,0.9656524658203125,
396.69999999999999,0.9375457763671875,
396.80000000000001,0.92476654052734375,
396.89999999999998,0.9196624755859375,
397,0.91199493408203125,
397.10000000000002,0.9094390869140625,
397.19999999999999,0.90177154541015625,
397.30000000000001,0.8992156982421875,
397.39999999999998,0.90177154541015625,
397.5,0.89666748046875,
397.60000000000002,0.876220703125,
397.69999999999999,0.86089324951171875,
397.80000000000001,0.8634490966796875,
397.89999999999998,0.868560791015625,
398,0.8736724853515625,
398.10000000000002,0.87877655029296875,
398.19999999999999,0.88388824462890625,
398.30000000000001,0.89411163330078125,
398.39999999999998,0.9094390869140625,
398.5,0.94010162353515625,
398.60000000000002,0.9733123779296875,
398.69999999999999,1.0167465209960938,
398.80000000000001,1.0985107421875,
398.89999999999998,1.2211456298828125,
399,1.37445068359375,
399.10000000000002,1.54052734375,
399.19999999999999,1.7014923095703125,
399.30000000000001,1.8496780395507812,
399.39999999999998,1.9876480102539062,
399.5,2.1205062866210938,
399.60000000000002,2.2405929565429688,
399.69999999999999,2.3427963256835938,
399.80000000000001,2.4449920654296875,
399.89999999999998,2.5471954345703125,
400,2.6493911743164062,6.7822155952453613
400.10000000000002,2.743927001953125,
400.19999999999999,2.8205795288085938,
400.30000000000001,2.8895645141601562,
400.39999999999998,2.92022705078125,
400.5,2.9048919677734375,
400.60000000000002,2.835906982421875,
400.69999999999999,2.7209320068359375,
400.80000000000001,2.5957412719726562,
400.89999999999998,2.4833221435546875,
401,2.376007080078125,
401.10000000000002,2.25592041015625,
401.19999999999999,2.1077346801757812,
401.30000000000001,1.9186630249023438,
401.39999999999998,1.714263916015625,
401.5,1.5354156494140625,
401.60000000000002,1.3846664428710938,
401.69999999999999,1.2390365600585938,
401.80000000000001,1.1138381958007812,
401.89999999999998,1.0397415161132812,
402,1.0014190673828125,
402.10000000000002,0.978424072265625,
402.19999999999999,0.95287322998046875,
402.30000000000001,0.9375457763671875,
402.39999999999998,0.9273223876953125,
402.5,0.91710662841796875,
402.60000000000002,0.9196624755859375,
402.69999999999999,0.9196624755859375,
402.80000000000001,0.8992156982421875,
402.89999999999998,0.87111663818359375,
403,0.8634490966796875,
403.10000000000002,0.8736724853515625,
403.19999999999999,0.8813323974609375,
403.30000000000001,0.88899993896484375,
403.39999999999998,0.89666748046875,
403.5,0.8992156982421875,
403.60000000000002,0.90688323974609375,
403.69999999999999,0.91710662841796875,
403.80000000000001,0.91455078125,
403.89999999999998,0.89666748046875,
404,0.88388824462890625,
404.10000000000002,0.88388824462890625,
404.19999999999999,0.89411163330078125,
404.30000000000001,0.90688323974609375,
404.39999999999998,0.9196624755859375,
404.5,0.9094390869140625,
404.60000000000002,0.8813323974609375,
404.69999999999999,0.876220703125,
404.80000000000001,0.8915557861328125,
404.89999999999998,0.90177154541015625,
405,0.88899993896484375,
405.10000000000002,0.87111663818359375,
405.19999999999999,0.868560791015625,
405.30000000000001,0.88388824462890625,
405.39999999999998,0.90177154541015625,
405.5,0.9196624755859375,
405.60000000000002,0.94010162353515625,
405.69999999999999,0.9886474609375,
405.80000000000001,1.1010665893554688,
405.89999999999998,1.2594757080078125,
406,1.4306564331054688,
406.10000000000002,1.6146163940429688,
406.19999999999999,1.8139114379882812,
406.30000000000001,2.0106430053710938,
406.39999999999998,2.174163818359375,
406.5,2.3044662475585938,
406.60000000000002,2.393890380859375,
406.69999999999999,2.4526596069335938,
406.80000000000001,2.5114212036132812,
406.89999999999998,2.559967041015625,
407,2.5957412719726562,
407.10000000000002,2.6493911743164062,
407.19999999999999,2.7004928588867188,
407.30000000000001,2.754150390625,
407.39999999999998,2.8205795288085938,
407.5,2.8997802734375,
407.60000000000002,2.9866561889648438,
407.69999999999999,3.0530853271484375,
407.80000000000001,3.076080322265625,
407.89999999999998,3.0735244750976562,
408,3.06585693359375,
408.10000000000002,3.0428619384765625,
408.19999999999999,3.0096511840820312,
408.30000000000001,2.9892120361328125,
408.39999999999998,2.9636611938476562,
408.5,2.9355545043945312,
408.60000000000002,2.8972320556640625,
408.69999999999999,2.8384628295898438,
408.80000000000001,2.7797012329101562,
408.89999999999998,2.7209320068359375,
409,2.6596145629882812,
409.10000000000002,2.5548553466796875,
409.19999999999999,2.3530120849609375,
409.30000000000001,2.117950439453125,
409.39999999999998,1.9109954833984375,
409.5,1.7014923095703125,
409.60000000000002,1.4894256591796875,
409.69999999999999,1.2875823974609375,
409.80000000000001,1.126617431640625,
409.89999999999998,1.034637451171875,
410,0.9886474609375,8.9910097122192383
410.10000000000002,0.96309661865234375,
410.19999999999999,0.9375457763671875,
410.30000000000001,0.9196624755859375,
410.39999999999998,0.91199493408203125,
410.5,0.90688323974609375,
410.60000000000002,0.89411163330078125,
410.69999999999999,0.8634490966796875,
410.80000000000001,0.830230712890625,
410.89999999999998,0.82257080078125,
411,0.83278656005859375,
411.10000000000002,0.8455657958984375,
411.19999999999999,0.850677490234375,
411.30000000000001,0.85578155517578125,
411.39999999999998,0.8634490966796875,
411.5,0.86600494384765625,
411.60000000000002,0.8736724853515625,
411.69999999999999,0.8736724853515625,
411.80000000000001,0.8634490966796875,
411.89999999999998,0.86089324951171875,
412,0.86600494384765625,
412.10000000000002,0.8736724853515625,
412.19999999999999,0.8736724853515625,
412.30000000000001,0.876220703125,
412.39999999999998,0.876220703125,
412.5,0.8736724853515625,
412.60000000000002,0.87877655029296875,
412.69999999999999,0.87877655029296875,
412.80000000000001,0.86089324951171875,
412.89999999999998,0.84300994873046875,
413,0.84300994873046875,
413.10000000000002,0.84812164306640625,
413.19999999999999,0.8532257080078125,
413.30000000000001,0.850677490234375,
413.39999999999998,0.850677490234375,
413.5,0.8634490966796875,
413.60000000000002,0.87111663818359375,
413.69999999999999,0.876220703125,
413.80000000000001,0.86600494384765625,
413.89999999999998,0.84812164306640625,
414,0.84812164306640625,
414.10000000000002,0.85578155517578125,
414.19999999999999,0.86089324951171875,
414.30000000000001,0.8634490966796875,
414.39999999999998,0.868560791015625,
414.5,0.87877655029296875,
414.60000000000002,0.90177154541015625,
414.69999999999999,0.92476654052734375,
414.80000000000001,0.9452056884765625,
414.89999999999998,0.9835357666015625,
415,1.0601806640625,
415.10000000000002,1.2109298706054688,
415.19999999999999,1.420440673828125,
415.30000000000001,1.640167236328125,
415.39999999999998,1.862457275390625,
415.5,2.07196044921875,
415.60000000000002,2.2584762573242188,
415.69999999999999,2.4271087646484375,
415.80000000000001,2.5804061889648438,
415.89999999999998,2.7132720947265625,
416,2.818023681640625,
416.10000000000002,2.9227752685546875,
416.19999999999999,3.0633010864257812,
416.30000000000001,3.185943603515625,
416.39999999999998,3.23193359375,
416.5,3.2268218994140625,
416.60000000000002,3.17572021484375,
416.69999999999999,3.1092910766601562,
416.80000000000001,3.076080322265625,
416.89999999999998,3.0607452392578125,
417,3.0428619384765625,
417.10000000000002,3.0147552490234375,
417.19999999999999,2.9789886474609375,
417.30000000000001,2.9304428100585938,
417.39999999999998,2.8793411254882812,
417.5,2.8410186767578125,
417.60000000000002,2.7975845336914062,
417.69999999999999,2.7464828491210938,
417.80000000000001,2.708160400390625,
417.89999999999998,2.6672821044921875,
418,2.6085128784179688,
418.10000000000002,2.5369720458984375,
418.19999999999999,2.4807662963867188,
418.30000000000001,2.4194412231445312,
418.39999999999998,2.347900390625,
418.5,2.29425048828125,
418.60000000000002,2.2610321044921875,
418.69999999999999,2.2457046508789062,
418.80000000000001,2.2278213500976562,
418.89999999999998,2.2227096557617188,
419,2.2227096557617188,
419.10000000000002,2.2227096557617188,
419.19999999999999,2.2227096557617188,
419.30000000000001,2.1946029663085938,
419.39999999999998,2.138397216796875,
419.5,2.0566329956054688,
419.60000000000002,1.9595413208007812,
419.69999999999999,1.8394622802734375,
419.80000000000001,1.6912689208984375,
419.89999999999998,1.5379714965820312,
420,1.3872222900390625,8.2720584869384766
420.10000000000002,1.2518081665039062,
420.19999999999999,1.144500732421875,
420.30000000000001,1.070404052734375,
420.39999999999998,1.0090866088867188,
420.5,0.95287322998046875,
420.60000000000002,0.90688323974609375,
420.69999999999999,0.886444091796875,
420.80000000000001,0.87877655029296875,
420.89999999999998,0.876220703125,
421,0.8736724853515625,
421.10000000000002,0.868560791015625,
421.19999999999999,0.87111663818359375,
421.30000000000001,0.87877655029296875,
421.39999999999998,0.886444091796875,
421.5,0.89411163330078125,
421.60000000000002,0.89666748046875,
421.69999999999999,0.8992156982421875,
421.80000000000001,0.90688323974609375,
421.89999999999998,0.9273223876953125,
422,0.960540771484375,
422.10000000000002,1.0193023681640625,
422.19999999999999,1.1138381958007812,
422.30000000000001,1.2339248657226562,
422.39999999999998,1.3565673828125,
422.5,1.5379714965820312,
422.60000000000002,1.7730255126953125,
422.69999999999999,1.9774322509765625,
422.80000000000001,2.192047119140625,
422.89999999999998,2.4730987548828125,
423,2.669830322265625,
423.10000000000002,2.7004928588867188,
423.19999999999999,2.6570587158203125,
423.30000000000001,2.6723861694335938,
423.39999999999998,2.7797012329101562,
423.5,2.9023361206054688,
423.60000000000002,3.0811920166015625,
423.69999999999999,3.260040283203125,
423.80000000000001,3.3750152587890625,
423.89999999999998,3.5257568359375,
424,3.8042526245117188,
424.10000000000002,4.0853042602539062,
424.19999999999999,4.3663558959960938,
424.30000000000001,4.6882858276367188,
424.39999999999998,5.0689773559570312,
424.5,5.4931106567382812,
424.60000000000002,5.779266357421875,
424.69999999999999,5.871246337890625,
424.80000000000001,5.7077255249023438,
424.89999999999998,5.3909072875976562,
425,5.1456298828125,
425.10000000000002,4.8748016357421875,
425.19999999999999,4.4404525756835938,
425.30000000000001,4.0444259643554688,
425.39999999999998,3.7327117919921875,
425.5,3.380126953125,
425.60000000000002,3.0326461791992188,
425.69999999999999,2.7285995483398438,
425.80000000000001,2.5318603515625,
425.89999999999998,2.3990020751953125,
426,2.209930419921875,
426.10000000000002,1.954437255859375,
426.19999999999999,1.7295913696289062,
426.30000000000001,1.6273956298828125,
426.39999999999998,1.6146163940429688,
426.5,1.5814056396484375,
426.60000000000002,1.530303955078125,
426.69999999999999,1.4919815063476562,
426.80000000000001,1.4357681274414062,
426.89999999999998,1.3514556884765625,
427,1.2620315551757812,
427.10000000000002,1.162384033203125,
427.19999999999999,1.0755157470703125,
427.30000000000001,1.0269699096679688,
427.39999999999998,1.0039749145507812,
427.5,0.9886474609375,
427.60000000000002,0.978424072265625,
427.69999999999999,0.97075653076171875,
427.80000000000001,0.9733123779296875,
427.89999999999998,0.9835357666015625,
428,0.98097991943359375,
428.10000000000002,0.96309661865234375,
428.19999999999999,0.93498992919921875,
428.30000000000001,0.93243408203125,
428.39999999999998,0.94010162353515625,
428.5,0.93498992919921875,
428.60000000000002,0.9273223876953125,
428.69999999999999,0.9273223876953125,
428.80000000000001,0.9273223876953125,
428.89999999999998,0.93243408203125,
429,0.942657470703125,
429.10000000000002,0.94010162353515625,
429.19999999999999,0.9554290771484375,
429.30000000000001,1.1087265014648438,
429.39999999999998,1.4664306640625,
429.5,1.9314422607421875,
429.60000000000002,2.4168853759765625,
429.69999999999999,2.892120361328125,
429.80000000000001,3.2932510375976562,
429.89999999999998,3.5564193725585938,
430,3.5513076782226562,11.406844139099121
430.10000000000002,3.380126953125,
430.19999999999999,3.2242660522460938,
430.30000000000001,3.0735244750976562,
430.39999999999998,2.9534378051757812,
430.5,2.84613037109375,
430.60000000000002,2.726043701171875,
430.69999999999999,2.6493911743164062,
430.80000000000001,2.6263961791992188,
430.89999999999998,2.6008453369140625,
431,2.577850341796875,
431.10000000000002,2.5906295776367188,
431.19999999999999,2.6263961791992188,
431.30000000000001,2.6391754150390625,
431.39999999999998,2.6493911743164062,
431.5,2.651947021484375,
431.60000000000002,2.598297119140625,
431.69999999999999,2.524200439453125,
431.80000000000001,2.47821044921875,
431.89999999999998,2.4603271484375,
432,2.467987060546875,
432.10000000000002,2.4909820556640625,
432.19999999999999,2.467987060546875,
432.30000000000001,2.4015579223632812,
432.39999999999998,2.358123779296875,
432.5,2.3504562377929688,
432.60000000000002,2.347900390625,
432.69999999999999,2.3172454833984375,
432.80000000000001,2.2916946411132812,
432.89999999999998,2.2916946411132812,
433,2.2968063354492188,
433.10000000000002,2.2916946411132812,
433.19999999999999,2.2891387939453125,
433.30000000000001,2.301910400390625,
433.39999999999998,2.322357177734375,
433.5,2.3734512329101562,
433.60000000000002,2.49609375,
433.69999999999999,2.6085128784179688,
433.80000000000001,2.6723861694335938,
433.89999999999998,2.726043701171875,
434,2.7464828491210938,
434.10000000000002,2.7183761596679688,
434.19999999999999,2.669830322265625,
434.30000000000001,2.616180419921875,
434.39999999999998,2.559967041015625,
434.5,2.5012054443359375,
434.60000000000002,2.4628753662109375,
434.69999999999999,2.4373321533203125,
434.80000000000001,2.4117813110351562,
434.89999999999998,2.3990020751953125,
435,2.393890380859375,
435.10000000000002,2.3913421630859375,
435.19999999999999,2.3836746215820312,
435.30000000000001,2.3785629272460938,
435.39999999999998,2.3785629272460938,
435.5,2.3555679321289062,
435.60000000000002,2.3504562377929688,
435.69999999999999,2.376007080078125,
435.80000000000001,2.4168853759765625,
435.89999999999998,2.485870361328125,
436,2.5369720458984375,
436.10000000000002,2.5395278930664062,
436.19999999999999,2.5446395874023438,
436.30000000000001,2.5931854248046875,
436.39999999999998,2.6545028686523438,
436.5,2.6545028686523438,
436.60000000000002,2.6187362670898438,
436.69999999999999,2.577850341796875,
436.80000000000001,2.5727462768554688,
436.89999999999998,2.7388153076171875,
437,3.019866943359375,
437.10000000000002,3.2166061401367188,
437.19999999999999,3.295806884765625,
437.30000000000001,3.2932510375976562,
437.39999999999998,3.1578369140625,
437.5,2.8691253662109375,
437.60000000000002,2.5165328979492188,
437.69999999999999,2.2252655029296875,
437.80000000000001,1.9927597045898438,
437.89999999999998,1.750030517578125,
438,1.5379714965820312,
438.10000000000002,1.3693389892578125,
438.19999999999999,1.2313690185546875,
438.30000000000001,1.1240615844726562,
438.39999999999998,1.0474090576171875,
438.5,0.99886322021484375,
438.60000000000002,0.978424072265625,
438.69999999999999,0.95798492431640625,
438.80000000000001,0.92987823486328125,
438.89999999999998,0.90688323974609375,
439,0.89411163330078125,
439.10000000000002,0.8813323974609375,
439.19999999999999,0.90177154541015625,
439.30000000000001,0.99375152587890625,
439.39999999999998,1.1598281860351562,
439.5,1.3897781372070312,
439.60000000000002,1.658050537109375,
439.69999999999999,1.9365463256835938,
439.80000000000001,2.1818313598632812,
439.89999999999998,2.4271087646484375,
440,2.7132720947265625,11.406844139099121
440.10000000000002,3.0786361694335938,
440.19999999999999,3.4874343872070312,
440.30000000000001,3.8425827026367188,
440.39999999999998,4.123626708984375,
440.5,4.4174575805664062,
440.60000000000002,4.7393875122070312,
440.69999999999999,4.9361190795898438,
440.80000000000001,4.8288116455078125,
440.89999999999998,4.50177001953125,
441,4.1364059448242188,
441.10000000000002,3.7914810180664062,
441.19999999999999,3.5053176879882812,
441.30000000000001,3.2574844360351562,
441.39999999999998,3.0224227905273438,
441.5,2.8052520751953125,
441.60000000000002,2.6008453369140625,
441.69999999999999,2.4066696166992188,
441.80000000000001,2.2457046508789062,
441.89999999999998,2.100067138671875,
442,1.9595413208007812,
442.10000000000002,1.8317947387695312,
442.19999999999999,1.70404052734375,
442.30000000000001,1.5814056396484375,
442.39999999999998,1.4664306640625,
442.5,1.3667831420898438,
442.60000000000002,1.2594757080078125,
442.69999999999999,1.1598281860351562,
442.80000000000001,1.1036224365234375,
442.89999999999998,1.0755157470703125,
443,1.0576324462890625,
443.10000000000002,1.0448532104492188,
443.19999999999999,1.034637451171875,
443.30000000000001,1.0218582153320312,
443.39999999999998,1.0116424560546875,
443.5,1.0014190673828125,
443.60000000000002,0.99375152587890625,
443.69999999999999,0.9911956787109375,
443.80000000000001,0.98609161376953125,
443.89999999999998,0.96309661865234375,
444,0.93243408203125,
444.10000000000002,0.922210693359375,
444.19999999999999,0.9273223876953125,
444.30000000000001,0.93243408203125,
444.39999999999998,0.9375457763671875,
444.5,0.94010162353515625,
444.60000000000002,0.9452056884765625,
444.69999999999999,0.9503173828125,
444.80000000000001,0.9503173828125,
444.89999999999998,0.9503173828125,
445,0.9503173828125,
445.10000000000002,0.9452056884765625,
445.19999999999999,0.92987823486328125,
445.30000000000001,0.91455078125,
445.39999999999998,0.91455078125,
445.5,0.92476654052734375,
445.60000000000002,0.92987823486328125,
445.69999999999999,0.93498992919921875,
445.80000000000001,0.9375457763671875,
445.89999999999998,0.94010162353515625,
446,0.942657470703125,
446.10000000000002,0.94776153564453125,
446.19999999999999,0.9503173828125,
446.30000000000001,0.942657470703125,
446.39999999999998,0.922210693359375,
446.5,0.91710662841796875,
446.60000000000002,0.9273223876953125,
446.69999999999999,0.9273223876953125,
446.80000000000001,0.94776153564453125,
446.89999999999998,1.052520751953125,
447,1.2109298706054688,
447.10000000000002,1.4255523681640625,
447.19999999999999,1.696380615234375,
447.30000000000001,1.9416580200195312,
447.39999999999998,2.07196044921875,
447.5,2.248260498046875,
447.60000000000002,2.577850341796875,
447.69999999999999,2.9611053466796875,
447.80000000000001,3.3290252685546875,
447.89999999999998,3.5921859741210938,
448,3.8195877075195312,
448.10000000000002,4.0418701171875,
448.19999999999999,4.1210708618164062,
448.30000000000001,4.1108551025390625,
448.39999999999998,4.0674209594726562,
448.5,3.9550018310546875,
448.60000000000002,3.8195877075195312,
448.69999999999999,3.6662826538085938,
448.80000000000001,3.4695510864257812,
448.89999999999998,3.3673477172851562,
449,3.3264694213867188,
449.10000000000002,3.2191619873046875,
449.19999999999999,3.1425094604492188,
449.30000000000001,3.1987152099609375,
449.39999999999998,3.28814697265625,
449.5,3.352020263671875,
449.60000000000002,3.3852310180664062,
449.69999999999999,3.2651519775390625,
449.80000000000001,3.0224227905273438,
449.89999999999998,2.800140380859375,
450,2.6008453369140625,7.659574031829834
450.10000000000002,2.3734512329101562,
450.19999999999999,2.1358413696289062,
450.30000000000001,1.9416580200195312,
450.39999999999998,1.7755813598632812,
450.5,1.6197280883789062,
450.60000000000002,1.494537353515625,
450.69999999999999,1.37445068359375,
450.80000000000001,1.2569198608398438,
450.89999999999998,1.172607421875,
451,1.1291656494140625,
451.10000000000002,1.0933990478515625,
451.19999999999999,1.0576324462890625,
451.30000000000001,1.0320816040039062,
451.39999999999998,1.014190673828125,
451.5,0.99886322021484375,
451.60000000000002,0.9835357666015625,
451.69999999999999,0.95287322998046875,
451.80000000000001,0.9196624755859375,
451.89999999999998,0.91199493408203125,
452,0.91710662841796875,
452.10000000000002,0.922210693359375,
452.19999999999999,0.922210693359375,
452.30000000000001,0.92476654052734375,
452.39999999999998,0.92476654052734375,
452.5,0.92476654052734375,
452.60000000000002,0.93243408203125,
452.69999999999999,0.92476654052734375,
452.80000000000001,0.8992156982421875,
452.89999999999998,0.88388824462890625,
453,0.88899993896484375,
453.10000000000002,0.8992156982421875,
453.19999999999999,0.90688323974609375,
453.30000000000001,0.9094390869140625,
453.39999999999998,0.91710662841796875,
453.5,0.9196624755859375,
453.60000000000002,0.92476654052734375,
453.69999999999999,0.9273223876953125,
453.80000000000001,0.91199493408203125,
453.89999999999998,0.89411163330078125,
454,0.8915557861328125,
454.10000000000002,0.89666748046875,
454.19999999999999,0.90688323974609375,
454.30000000000001,0.91455078125,
454.39999999999998,0.9196624755859375,
454.5,0.9196624755859375,
454.60000000000002,0.92476654052734375,
454.69999999999999,0.93498992919921875,
454.80000000000001,0.9375457763671875,
454.89999999999998,0.978424072265625,
455,1.1700515747070312,
455.10000000000002,1.4536514282226562,
455.19999999999999,1.7244873046875,
455.30000000000001,1.990203857421875,
455.39999999999998,2.2252655029296875,
455.5,2.3990020751953125,
455.60000000000002,2.542083740234375,
455.69999999999999,2.6570587158203125,
455.80000000000001,2.7567062377929688,
455.89999999999998,2.864013671875,
456,2.973876953125,
456.10000000000002,3.0862960815429688,
456.19999999999999,3.1655044555664062,
456.30000000000001,3.17572021484375,
456.39999999999998,3.1425094604492188,
456.5,3.083740234375,
456.60000000000002,3.0530853271484375,
456.69999999999999,3.06585693359375,
456.80000000000001,3.0914077758789062,
456.89999999999998,3.0965194702148438,
457,3.06585693359375,
457.10000000000002,3.0326461791992188,
457.19999999999999,3.0147552490234375,
457.30000000000001,2.9943161010742188,
457.39999999999998,2.9483261108398438,
457.5,2.8844528198242188,
457.60000000000002,2.800140380859375,
457.69999999999999,2.7056045532226562,
457.80000000000001,2.6289520263671875,
457.89999999999998,2.5625228881835938,
458,2.4884262084960938,
458.10000000000002,2.40411376953125,
458.19999999999999,2.2789154052734375,
458.30000000000001,2.1332855224609375,
458.39999999999998,1.9978713989257812,
458.5,1.8726730346679688,
458.60000000000002,1.76025390625,
458.69999999999999,1.640167236328125,
458.80000000000001,1.5175323486328125,
458.89999999999998,1.4076614379882812,
459,1.3029098510742188,
459.10000000000002,1.2160415649414062,
459.19999999999999,1.1470565795898438,
459.30000000000001,1.0678482055664062,
459.39999999999998,1.0014190673828125,
459.5,0.9656524658203125,
459.60000000000002,0.9452056884765625,
459.69999999999999,0.93498992919921875,
459.80000000000001,0.92476654052734375,
459.89999999999998,0.9196624755859375,
460,0.91455078125,9.1463413238525391
460.10000000000002,0.91199493408203125,
460.19999999999999,0.91455078125,
460.30000000000001,0.8992156982421875,
460.39999999999998,0.8736724853515625,
460.5,0.8634490966796875,
460.60000000000002,0.868560791015625,
460.69999999999999,0.87111663818359375,
460.80000000000001,0.8736724853515625,
460.89999999999998,0.87877655029296875,
461,0.8813323974609375,
461.10000000000002,0.8813323974609375,
461.19999999999999,0.886444091796875,
461.30000000000001,0.87877655029296875,
461.39999999999998,0.86089324951171875,
461.5,0.850677490234375,
461.60000000000002,0.8532257080078125,
461.69999999999999,0.8634490966796875,
461.80000000000001,0.868560791015625,
461.89999999999998,0.868560791015625,
462,0.87111663818359375,
462.10000000000002,0.8736724853515625,
462.19999999999999,0.87877655029296875,
462.30000000000001,0.87877655029296875,
462.39999999999998,0.8634490966796875,
462.5,0.85833740234375,
462.60000000000002,0.8634490966796875,
462.69999999999999,0.8736724853515625,
462.80000000000001,0.8813323974609375,
462.89999999999998,0.886444091796875,
463,0.8915557861328125,
463.10000000000002,0.91710662841796875,
463.19999999999999,0.97075653076171875,
463.30000000000001,1.052520751953125,
463.39999999999998,1.19049072265625,
463.5,1.3948898315429688,
463.60000000000002,1.604400634765625,
463.69999999999999,1.7909164428710938,
463.80000000000001,1.9595413208007812,
463.89999999999998,2.1307296752929688,
464,2.2993621826171875,
464.10000000000002,2.43988037109375,
464.19999999999999,2.5548553466796875,
464.30000000000001,2.6570587158203125,
464.39999999999998,2.7464828491210938,
464.5,2.8205795288085938,
464.60000000000002,2.8997802734375,
464.69999999999999,2.9636611938476562,
464.80000000000001,3.03009033203125,
464.89999999999998,3.1348419189453125,
465,3.277923583984375,
465.10000000000002,3.3673477172851562,
465.19999999999999,3.3954544067382812,
465.30000000000001,3.380126953125,
465.39999999999998,3.3060302734375,
465.5,3.23193359375,
465.60000000000002,3.1578369140625,
465.69999999999999,3.0556411743164062,
465.80000000000001,2.9253311157226562,
465.89999999999998,2.77203369140625,
466,2.616180419921875,
466.10000000000002,2.4654312133789062,
466.19999999999999,2.340240478515625,
466.30000000000001,2.2278213500976562,
466.39999999999998,2.1026229858398438,
466.5,1.9850921630859375,
466.60000000000002,1.8726730346679688,
466.69999999999999,1.7730255126953125,
466.80000000000001,1.6376113891601562,
466.89999999999998,1.512420654296875,
467,1.4178848266601562,
467.10000000000002,1.3335723876953125,
467.19999999999999,1.2492523193359375,
467.30000000000001,1.1777114868164062,
467.39999999999998,1.11639404296875,
467.5,1.0627365112304688,
467.60000000000002,1.0269699096679688,
467.69999999999999,0.9911956787109375,
467.80000000000001,0.942657470703125,
467.89999999999998,0.9094390869140625,
468,0.8992156982421875,
468.10000000000002,0.90177154541015625,
468.19999999999999,0.90177154541015625,
468.30000000000001,0.90688323974609375,
468.39999999999998,0.9094390869140625,
468.5,0.9094390869140625,
468.60000000000002,0.91199493408203125,
468.69999999999999,0.91710662841796875,
468.80000000000001,0.91710662841796875,
468.89999999999998,0.904327392578125,
469,0.89666748046875,
469.10000000000002,0.90177154541015625,
469.19999999999999,0.91199493408203125,
469.30000000000001,0.9196624755859375,
469.39999999999998,0.92476654052734375,
469.5,0.92987823486328125,
469.60000000000002,0.93498992919921875,
469.69999999999999,0.9375457763671875,
469.80000000000001,0.942657470703125,
469.89999999999998,0.9375457763671875,
470,0.91710662841796875,7.3529415130615234
470.10000000000002,0.904327392578125,
470.19999999999999,0.90688323974609375,
470.30000000000001,0.91199493408203125,
470.39999999999998,0.91455078125,
470.5,0.91710662841796875,
470.60000000000002,0.922210693359375,
470.69999999999999,0.922210693359375,
470.80000000000001,0.922210693359375,
470.89999999999998,0.92476654052734375,
471,0.91710662841796875,
471.10000000000002,0.89666748046875,
471.19999999999999,0.89411163330078125,
471.30000000000001,0.90177154541015625,
471.39999999999998,0.9094390869140625,
471.5,0.91710662841796875,
471.60000000000002,0.922210693359375,
471.69999999999999,0.93243408203125,
471.80000000000001,0.942657470703125,
471.89999999999998,0.960540771484375,
472,1.0039749145507812,
472.10000000000002,1.1649398803710938,
472.19999999999999,1.4792022705078125,
472.30000000000001,1.842010498046875,
472.39999999999998,2.209930419921875,
472.5,2.616180419921875,
472.60000000000002,3.093963623046875,
472.69999999999999,3.5640869140625,
472.80000000000001,3.9064559936523438,
472.89999999999998,4.2053909301757812,
473,4.4966583251953125,
473.10000000000002,4.6882858276367188,
473.19999999999999,4.7419357299804688,
473.30000000000001,4.6014175415039062,
473.39999999999998,4.363800048828125,
473.5,4.1721725463867188,
473.60000000000002,4.0112075805664062,
473.69999999999999,3.829803466796875,
473.80000000000001,3.6305160522460938,
473.89999999999998,3.43377685546875,
474,3.2370452880859375,
474.10000000000002,3.0454177856445312,
474.19999999999999,2.8410186767578125,
474.30000000000001,2.634063720703125,
474.39999999999998,2.4296646118164062,
474.5,2.2150421142578125,
474.60000000000002,2.0234222412109375,
474.69999999999999,1.85223388671875,
474.80000000000001,1.6733856201171875,
474.89999999999998,1.5175323486328125,
475,1.4051055908203125,
475.10000000000002,1.3131256103515625,
475.19999999999999,1.2313690185546875,
475.30000000000001,1.172607421875,
475.39999999999998,1.1240615844726562,
475.5,1.0678482055664062,
475.60000000000002,1.0090866088867188,
475.69999999999999,0.96820068359375,
475.80000000000001,0.95798492431640625,
475.89999999999998,0.96309661865234375,
476,0.95798492431640625,
476.10000000000002,0.9554290771484375,
476.19999999999999,0.9554290771484375,
476.30000000000001,0.95798492431640625,
476.39999999999998,0.96309661865234375,
476.5,0.94776153564453125,
476.60000000000002,0.922210693359375,
476.69999999999999,0.91710662841796875,
476.80000000000001,0.922210693359375,
476.89999999999998,0.93243408203125,
477,0.9375457763671875,
477.10000000000002,0.94010162353515625,
477.19999999999999,0.942657470703125,
477.30000000000001,0.94776153564453125,
477.39999999999998,0.95287322998046875,
477.5,0.94010162353515625,
477.60000000000002,0.92476654052734375,
477.69999999999999,0.92987823486328125,
477.80000000000001,0.9375457763671875,
477.89999999999998,0.94010162353515625,
478,0.94010162353515625,
478.10000000000002,0.94010162353515625,
478.19999999999999,0.9375457763671875,
478.30000000000001,0.94010162353515625,
478.39999999999998,0.9503173828125,
478.5,0.942657470703125,
478.60000000000002,0.922210693359375,
478.69999999999999,0.91710662841796875,
478.80000000000001,0.9273223876953125,
478.89999999999998,0.93498992919921875,
479,0.9375457763671875,
479.10000000000002,0.94010162353515625,
479.19999999999999,0.942657470703125,
479.30000000000001,0.94776153564453125,
479.39999999999998,0.94776153564453125,
479.5,0.92987823486328125,
479.60000000000002,0.91710662841796875,
479.69999999999999,0.942657470703125,
479.80000000000001,0.9911956787109375,
479.89999999999998,1.070404052734375,
480,1.236480712890625,7.1005916595458984
480.10000000000002,1.4970855712890625,
480.19999999999999,1.8292388916015625,
480.30000000000001,2.2405929565429688,
480.39999999999998,2.669830322265625,
480.5,3.0249786376953125,
480.60000000000002,3.3290252685546875,
480.69999999999999,3.5845260620117188,
480.80000000000001,3.7633743286132812,
480.89999999999998,3.829803466796875,
481,3.8144760131835938,
481.10000000000002,3.7531509399414062,
481.19999999999999,3.6509552001953125,
481.30000000000001,3.5564193725585938,
481.39999999999998,3.4925460815429688,
481.5,3.4491119384765625,
481.60000000000002,3.4107818603515625,
481.69999999999999,3.3852310180664062,
481.80000000000001,3.3647918701171875,
481.89999999999998,3.3392410278320312,
482,3.2855911254882812,
482.10000000000002,3.2114944458007812,
482.19999999999999,3.129730224609375,
482.30000000000001,3.0352020263671875,
482.39999999999998,2.910003662109375,
482.5,2.7004928588867188,
482.60000000000002,2.4526596069335938,
482.69999999999999,2.2508163452148438,
482.80000000000001,2.0872955322265625,
482.89999999999998,1.8828964233398438,
483,1.6427230834960938,
483.10000000000002,1.4459915161132812,
483.19999999999999,1.3233489990234375,
483.30000000000001,1.2466964721679688,
483.39999999999998,1.19049072265625,
483.5,1.144500732421875,
483.60000000000002,1.1087265014648438,
483.69999999999999,1.0780715942382812,
483.80000000000001,1.0576324462890625,
483.89999999999998,1.0295257568359375,
484,0.9835357666015625,
484.10000000000002,0.94776153564453125,
484.19999999999999,0.9503173828125,
484.30000000000001,0.95798492431640625,
484.39999999999998,0.95287322998046875,
484.5,0.95287322998046875,
484.60000000000002,0.9656524658203125,
484.69999999999999,0.96309661865234375,
484.80000000000001,0.9503173828125,
484.89999999999998,0.94776153564453125,
485,0.93243408203125,
485.10000000000002,0.90688323974609375,
485.19999999999999,0.8915557861328125,
485.30000000000001,0.89411163330078125,
485.39999999999998,0.90177154541015625,
485.5,0.904327392578125,
485.60000000000002,0.90688323974609375,
485.69999999999999,0.90688323974609375,
485.80000000000001,0.904327392578125,
485.89999999999998,0.8992156982421875,
486,0.89411163330078125,
486.10000000000002,0.87877655029296875,
486.19999999999999,0.87111663818359375,
486.30000000000001,0.876220703125,
486.39999999999998,0.8736724853515625,
486.5,0.876220703125,
486.60000000000002,0.876220703125,
486.69999999999999,0.8813323974609375,
486.80000000000001,0.88388824462890625,
486.89999999999998,0.88388824462890625,
487,0.8915557861328125,
487.10000000000002,0.886444091796875,
487.19999999999999,0.8813323974609375,
487.30000000000001,0.9554290771484375,
487.39999999999998,1.1470565795898438,
487.5,1.4051055908203125,
487.60000000000002,1.6657180786132812,
487.69999999999999,1.908447265625,
487.80000000000001,2.1332855224609375,
487.89999999999998,2.3325729370117188,
488,2.5190887451171875,
488.10000000000002,2.7004928588867188,
488.19999999999999,2.8767852783203125,
488.30000000000001,3.058197021484375,
488.39999999999998,3.24981689453125,
488.5,3.4542160034179688,
488.60000000000002,3.6075210571289062,
488.69999999999999,3.6790618896484375,
488.80000000000001,3.7633743286132812,
488.89999999999998,3.8783493041992188,
489,3.8987884521484375,
489.10000000000002,3.7633743286132812,
489.19999999999999,3.5845260620117188,
489.30000000000001,3.43377685546875,
489.39999999999998,3.35968017578125,
489.5,3.3494644165039062,
489.60000000000002,3.3188018798828125,
489.69999999999999,3.2242660522460938,
489.80000000000001,3.093963623046875,
489.89999999999998,2.9406661987304688,
490,2.7592620849609375,7.5949363708496094
490.10000000000002,2.598297119140625,
490.19999999999999,2.467987060546875,
490.30000000000001,2.3070220947265625,
490.39999999999998,2.1154022216796875,
490.5,1.9058914184570312,
490.60000000000002,1.6938247680664062,
490.69999999999999,1.4970855712890625,
490.80000000000001,1.3207931518554688,
490.89999999999998,1.198150634765625,
491,1.1215057373046875,
491.10000000000002,1.0627365112304688,
491.19999999999999,1.014190673828125,
491.30000000000001,0.978424072265625,
491.39999999999998,0.94776153564453125,
491.5,0.92987823486328125,
491.60000000000002,0.9196624755859375,
491.69999999999999,0.90177154541015625,
491.80000000000001,0.87111663818359375,
491.89999999999998,0.84812164306640625,
492,0.84812164306640625,
492.10000000000002,0.85833740234375,
492.19999999999999,0.86600494384765625,
492.30000000000001,0.86600494384765625,
492.39999999999998,0.86600494384765625,
492.5,0.868560791015625,
492.60000000000002,0.87111663818359375,
492.69999999999999,0.87877655029296875,
492.80000000000001,0.876220703125,
492.89999999999998,0.86089324951171875,
493,0.8455657958984375,
493.10000000000002,0.8455657958984375,
493.19999999999999,0.8532257080078125,
493.30000000000001,0.85578155517578125,
493.39999999999998,0.8634490966796875,
493.5,0.86600494384765625,
493.60000000000002,0.868560791015625,
493.69999999999999,0.87111663818359375,
493.80000000000001,0.876220703125,
493.89999999999998,0.8736724853515625,
494,0.85578155517578125,
494.10000000000002,0.84300994873046875,
494.19999999999999,0.8455657958984375,
494.30000000000001,0.86089324951171875,
494.39999999999998,0.87877655029296875,
494.5,0.8915557861328125,
494.60000000000002,0.92987823486328125,
494.69999999999999,0.99886322021484375,
494.80000000000001,1.0576324462890625,
494.89999999999998,1.144500732421875,
495,1.3514556884765625,
495.10000000000002,1.6248397827148438,
495.19999999999999,1.8650054931640625,
495.30000000000001,2.128173828125,
495.39999999999998,2.414337158203125,
495.5,2.7209320068359375,
495.60000000000002,3.076080322265625,
495.69999999999999,3.35968017578125,
495.80000000000001,3.61773681640625,
495.89999999999998,3.8936767578125,
496,4.0827484130859375,
496.10000000000002,4.2028350830078125,
496.19999999999999,4.2743759155273438,
496.30000000000001,4.2232742309570312,
496.39999999999998,3.995880126953125,
496.5,3.7735977172851562,
496.60000000000002,3.5845260620117188,
496.69999999999999,3.387786865234375,
496.80000000000001,3.35968017578125,
496.89999999999998,3.1808319091796875,
497,2.7899169921875,
497.10000000000002,2.559967041015625,
497.19999999999999,2.3785629272460938,
497.30000000000001,2.1256179809570312,
497.39999999999998,1.88800048828125,
497.5,1.6861572265625,
497.60000000000002,1.512420654296875,
497.69999999999999,1.392333984375,
497.80000000000001,1.3182373046875,
497.89999999999998,1.2518081665039062,
498,1.180267333984375,
498.10000000000002,1.1215057373046875,
498.19999999999999,1.08062744140625,
498.30000000000001,1.0474090576171875,
498.39999999999998,0.99886322021484375,
498.5,0.92987823486328125,
498.60000000000002,0.88899993896484375,
498.69999999999999,0.8736724853515625,
498.80000000000001,0.86089324951171875,
498.89999999999998,0.84812164306640625,
499,0.8455657958984375,
499.10000000000002,0.84812164306640625,
499.19999999999999,0.8455657958984375,
499.30000000000001,0.84812164306640625,
499.39999999999998,0.83278656005859375,
499.5,0.7995758056640625,
499.60000000000002,0.7893524169921875,
499.69999999999999,0.7995758056640625,
499.80000000000001,0.8072357177734375,
499.89999999999998,0.812347412109375,
500,0.81490325927734375,7.8192877769470215
500.10000000000002,0.81490325927734375,
500.19999999999999,0.82001495361328125,
500.30000000000001,0.830230712890625,
500.39999999999998,0.82257080078125,
500.5,0.80213165283203125,
500.60000000000002,0.794464111328125,
500.69999999999999,0.7995758056640625,
500.80000000000001,0.8072357177734375,
500.89999999999998,0.812347412109375,
501,0.812347412109375,
501.10000000000002,0.81490325927734375,
501.19999999999999,0.82257080078125,
501.30000000000001,0.8276824951171875,
501.39999999999998,0.80979156494140625,
501.5,0.794464111328125,
501.60000000000002,0.794464111328125,
501.69999999999999,0.7995758056640625,
501.80000000000001,0.80979156494140625,
501.89999999999998,0.81490325927734375,
502,0.82257080078125,
502.10000000000002,0.830230712890625,
502.19999999999999,0.84300994873046875,
502.30000000000001,0.84812164306640625,
502.39999999999998,0.8404541015625,
502.5,0.8276824951171875,
502.60000000000002,0.830230712890625,
502.69999999999999,0.83789825439453125,
502.80000000000001,0.8455657958984375,
502.89999999999998,0.8404541015625,
503,0.794464111328125,
503.10000000000002,0.738250732421875,
503.19999999999999,0.73314666748046875,
503.30000000000001,0.74591827392578125,
503.39999999999998,0.7433624267578125,
503.5,0.7433624267578125,
503.60000000000002,0.766357421875,
503.69999999999999,0.78679656982421875,
503.80000000000001,0.8046875,
503.89999999999998,0.8174591064453125,
504,0.82001495361328125,
504.10000000000002,0.82257080078125,
504.19999999999999,0.8353424072265625,
504.30000000000001,0.83278656005859375,
504.39999999999998,0.8072357177734375,
504.5,0.80213165283203125,
504.60000000000002,0.80979156494140625,
504.69999999999999,0.82001495361328125,
504.80000000000001,0.82512664794921875,
504.89999999999998,0.82512664794921875,
505,0.8276824951171875,
505.10000000000002,0.83278656005859375,
505.19999999999999,0.8353424072265625,
505.30000000000001,0.82257080078125,
505.39999999999998,0.80213165283203125,
505.5,0.79701995849609375,
505.60000000000002,0.812347412109375,
505.69999999999999,0.8174591064453125,
505.80000000000001,0.81490325927734375,
505.89999999999998,0.81490325927734375,
506,0.82001495361328125,
506.10000000000002,0.830230712890625,
506.19999999999999,0.8174591064453125,
506.30000000000001,0.794464111328125,
506.39999999999998,0.78679656982421875,
506.5,0.7893524169921875,
506.60000000000002,0.80213165283203125,
506.69999999999999,0.812347412109375,
506.80000000000001,0.83789825439453125,
506.89999999999998,0.95287322998046875,
507,1.1598281860351562,
507.10000000000002,1.3616714477539062,
507.19999999999999,1.5354156494140625,
507.30000000000001,1.714263916015625,
507.39999999999998,1.8726730346679688,
507.5,2.008087158203125,
507.60000000000002,2.138397216796875,
507.69999999999999,2.2814712524414062,
507.80000000000001,2.4194412231445312,
507.89999999999998,2.5114212036132812,
508,2.5676345825195312,
508.10000000000002,2.6212921142578125,
508.19999999999999,2.6723861694335938,
508.30000000000001,2.7413711547851562,
508.39999999999998,2.8154678344726562,
508.5,2.8410186767578125,
508.60000000000002,2.8256912231445312,
508.69999999999999,2.7745895385742188,
508.80000000000001,2.690277099609375,
508.89999999999998,2.5804061889648438,
509,2.4449920654296875,
509.10000000000002,2.2865829467773438,
509.19999999999999,2.1230621337890625,
509.30000000000001,1.96209716796875,
509.39999999999998,1.8011322021484375,
509.5,1.6478347778320312,
509.60000000000002,1.4894256591796875,
509.69999999999999,1.328460693359375,
509.80000000000001,1.19049072265625,
509.89999999999998,1.0933990478515625,
510,1.0295257568359375,6.5406980514526367
510.10000000000002,0.98097991943359375,
510.19999999999999,0.942657470703125,
510.30000000000001,0.91199493408203125,
510.39999999999998,0.886444091796875,
510.5,0.876220703125,
510.60000000000002,0.86089324951171875,
510.69999999999999,0.82512664794921875,
510.80000000000001,0.794464111328125,
510.89999999999998,0.78679656982421875,
511,0.7893524169921875,
511.10000000000002,0.7816925048828125,
511.19999999999999,0.7535858154296875,
511.30000000000001,0.72292327880859375,
511.39999999999998,0.7075958251953125,
511.5,0.71270751953125,
511.60000000000002,0.7305908203125,
511.69999999999999,0.7535858154296875,
511.80000000000001,0.7612457275390625,
511.89999999999998,0.7433624267578125,
512,0.738250732421875,
512.10000000000002,0.74847412109375,
512.20000000000005,0.75614166259765625,
512.29999999999995,0.75614166259765625,
512.39999999999998,0.766357421875,
512.5,0.76891326904296875,
512.60000000000002,0.7714691162109375,
512.70000000000005,0.7995758056640625,
512.79999999999995,0.88388824462890625,
512.89999999999998,1.0550765991210938,
513,1.2773590087890625,
513.10000000000002,1.5149765014648438,
513.20000000000005,1.7679214477539062,
513.29999999999995,2.0208663940429688,
513.39999999999998,2.2533721923828125,
513.5,2.467987060546875,
513.60000000000002,2.669830322265625,
513.70000000000005,2.84613037109375,
513.79999999999995,2.9764328002929688,
513.89999999999998,3.0684127807617188,
514,3.1450653076171875,
514.10000000000002,3.2344894409179688,
514.20000000000005,3.3188018798828125,
514.29999999999995,3.369903564453125,
514.39999999999998,3.4133377075195312,
514.5,3.4312210083007812,
514.60000000000002,3.39801025390625,
514.70000000000005,3.3290252685546875,
514.79999999999995,3.2089385986328125,
514.89999999999998,3.0607452392578125,
515,2.9253311157226562,
515.10000000000002,2.7924728393554688,
515.20000000000005,2.6366195678710938,
515.29999999999995,2.4603271484375,
515.39999999999998,2.2610321044921875,
515.5,2.03619384765625,
515.60000000000002,1.8139114379882812,
515.70000000000005,1.6197280883789062,
515.79999999999995,1.4536514282226562,
515.89999999999998,1.3156814575195312,
516,1.1879348754882812,
516.10000000000002,1.088287353515625,
516.20000000000005,1.0244140625,
516.29999999999995,0.978424072265625,
516.39999999999998,0.9375457763671875,
516.5,0.88388824462890625,
516.60000000000002,0.83278656005859375,
516.70000000000005,0.812347412109375,
516.79999999999995,0.81490325927734375,
516.89999999999998,0.81490325927734375,
517,0.812347412109375,
517.10000000000002,0.812347412109375,
517.20000000000005,0.81490325927734375,
517.29999999999995,0.82001495361328125,
517.39999999999998,0.82512664794921875,
517.5,0.81490325927734375,
517.60000000000002,0.794464111328125,
517.70000000000005,0.7816925048828125,
517.79999999999995,0.78679656982421875,
517.89999999999998,0.79701995849609375,
518,0.80213165283203125,
518.10000000000002,0.8072357177734375,
518.20000000000005,0.8072357177734375,
518.29999999999995,0.812347412109375,
518.39999999999998,0.8174591064453125,
518.5,0.8174591064453125,
518.60000000000002,0.850677490234375,
518.70000000000005,0.98609161376953125,
518.79999999999995,1.198150634765625,
518.89999999999998,1.4281005859375,
519,1.6555023193359375,
519.10000000000002,1.8701171875,
519.20000000000005,2.064300537109375,
519.29999999999995,2.2405929565429688,
519.39999999999998,2.3708953857421875,
519.5,2.4552154541015625,
519.60000000000002,2.5267562866210938,
519.70000000000005,2.598297119140625,
519.79999999999995,2.6545028686523438,
519.89999999999998,2.6749420166015625,
520,2.6570587158203125,8.0321283340454102
520.10000000000002,2.60595703125,
520.20000000000005,2.5344161987304688,
520.29999999999995,2.4373321533203125,
520.39999999999998,2.2916946411132812,
520.5,2.1332855224609375,
520.60000000000002,1.990203857421875,
520.70000000000005,1.8471221923828125,
520.79999999999995,1.6759414672851562,
520.89999999999998,1.494537353515625,
521,1.3412322998046875,
521.10000000000002,1.1930465698242188,
521.20000000000005,1.0601806640625,
521.29999999999995,0.97075653076171875,
521.39999999999998,0.922210693359375,
521.5,0.89666748046875,
521.60000000000002,0.8736724853515625,
521.70000000000005,0.86089324951171875,
521.79999999999995,0.850677490234375,
521.89999999999998,0.84812164306640625,
522,0.83789825439453125,
522.10000000000002,0.80979156494140625,
522.20000000000005,0.79190826416015625,
522.29999999999995,0.7995758056640625,
522.39999999999998,0.8072357177734375,
522.5,0.80979156494140625,
522.60000000000002,0.81490325927734375,
522.70000000000005,0.82001495361328125,
522.79999999999995,0.82512664794921875,
522.89999999999998,0.82257080078125,
523,0.80213165283203125,
523.10000000000002,0.77402496337890625,
523.20000000000005,0.7714691162109375,
523.29999999999995,0.78679656982421875,
523.39999999999998,0.80213165283203125,
523.5,0.8046875,
523.60000000000002,0.8046875,
523.70000000000005,0.8072357177734375,
523.79999999999995,0.82001495361328125,
523.89999999999998,0.82001495361328125,
524,0.79701995849609375,
524.10000000000002,0.7816925048828125,
524.20000000000005,0.7893524169921875,
524.29999999999995,0.80213165283203125,
524.39999999999998,0.8072357177734375,
524.5,0.80979156494140625,
524.60000000000002,0.812347412109375,
524.70000000000005,0.82257080078125,
524.79999999999995,0.8634490966796875,
524.89999999999998,0.96309661865234375,
525,1.1368331909179688,
525.10000000000002,1.3693389892578125,
525.20000000000005,1.6376113891601562,
525.29999999999995,1.9467697143554688,
525.39999999999998,2.29425048828125,
525.5,2.644287109375,
525.60000000000002,2.9687652587890625,
525.70000000000005,3.2370452880859375,
525.79999999999995,3.426116943359375,
525.89999999999998,3.5743026733398438,
526,3.6381759643554688,
526.10000000000002,3.5640869140625,
526.20000000000005,3.4133377075195312,
526.29999999999995,3.2370452880859375,
526.39999999999998,3.0709686279296875,
526.5,2.9227752685546875,
526.60000000000002,2.7694778442382812,
526.70000000000005,2.598297119140625,
526.79999999999995,2.4117813110351562,
526.89999999999998,2.2635879516601562,
527,2.1664962768554688,
527.10000000000002,2.0872955322265625,
527.20000000000005,2.0208663940429688,
527.29999999999995,1.954437255859375,
527.39999999999998,1.8854522705078125,
527.5,1.8087997436523438,
527.60000000000002,1.7219314575195312,
527.70000000000005,1.6529464721679688,
527.79999999999995,1.6171722412109375,
527.89999999999998,1.6018447875976562,
528,1.586517333984375,
528.10000000000002,1.5737380981445312,
528.20000000000005,1.5711822509765625,
528.29999999999995,1.566070556640625,
528.39999999999998,1.5507431030273438,
528.5,1.5098648071289062,
528.60000000000002,1.44854736328125,
528.70000000000005,1.4051055908203125,
528.79999999999995,1.420440673828125,
528.89999999999998,1.48431396484375,
529,1.5328598022460938,
529.10000000000002,1.5507431030273438,
529.20000000000005,1.566070556640625,
529.29999999999995,1.586517333984375,
529.39999999999998,1.5992889404296875,
529.5,1.5788497924804688,
529.60000000000002,1.5430755615234375,
529.70000000000005,1.530303955078125,
529.79999999999995,1.530303955078125,
529.89999999999998,1.530303955078125,
530,1.5251922607421875,10.285715103149414
530.10000000000002,1.5175323486328125,
530.20000000000005,1.5098648071289062,
530.29999999999995,1.502197265625,
530.39999999999998,1.4970855712890625,
530.5,1.4638748168945312,
530.60000000000002,1.3872222900390625,
530.70000000000005,1.272247314453125,
530.79999999999995,1.144500732421875,
530.89999999999998,1.04229736328125,
531,0.98097991943359375,
531.10000000000002,0.9452056884765625,
531.20000000000005,0.91710662841796875,
531.29999999999995,0.89411163330078125,
531.39999999999998,0.876220703125,
531.5,0.85578155517578125,
531.60000000000002,0.8276824951171875,
531.70000000000005,0.7995758056640625,
531.79999999999995,0.79190826416015625,
531.89999999999998,0.7995758056640625,
532,0.81490325927734375,
532.10000000000002,0.8276824951171875,
532.20000000000005,0.830230712890625,
532.29999999999995,0.8276824951171875,
532.39999999999998,0.83278656005859375,
532.5,0.82257080078125,
532.60000000000002,0.80213165283203125,
532.70000000000005,0.7995758056640625,
532.79999999999995,0.8046875,
532.89999999999998,0.812347412109375,
533,0.8174591064453125,
533.10000000000002,0.82001495361328125,
533.20000000000005,0.82257080078125,
533.29999999999995,0.830230712890625,
533.39999999999998,0.8353424072265625,
533.5,0.82512664794921875,
533.60000000000002,0.8046875,
533.70000000000005,0.81490325927734375,
533.79999999999995,0.8992156982421875,
533.89999999999998,1.0780715942382812,
534,1.3207931518554688,
534.10000000000002,1.5762939453125,
534.20000000000005,1.8292388916015625,
534.29999999999995,2.0975112915039062,
534.39999999999998,2.358123779296875,
534.5,2.60595703125,
534.60000000000002,2.8435745239257812,
534.70000000000005,3.0249786376953125,
534.79999999999995,3.1731719970703125,
534.89999999999998,3.2906951904296875,
535,3.3366851806640625,
535.10000000000002,3.3392410278320312,
535.20000000000005,3.3034744262695312,
535.29999999999995,3.2268218994140625,
535.39999999999998,3.1067352294921875,
535.5,2.9789886474609375,
535.60000000000002,2.874237060546875,
535.70000000000005,2.7694778442382812,
535.79999999999995,2.6315078735351562,
535.89999999999998,2.4475479125976562,
536,2.230377197265625,
536.10000000000002,1.9927597045898438,
536.20000000000005,1.7755813598632812,
536.29999999999995,1.612060546875,
536.39999999999998,1.4792022705078125,
536.5,1.3591156005859375,
536.60000000000002,1.254364013671875,
536.70000000000005,1.1777114868164062,
536.79999999999995,1.1138381958007812,
536.89999999999998,1.0576324462890625,
537,1.0167465209960938,
537.10000000000002,0.9733123779296875,
537.20000000000005,0.93498992919921875,
537.29999999999995,0.93498992919921875,
537.39999999999998,0.95287322998046875,
537.5,0.960540771484375,
537.60000000000002,0.96820068359375,
537.70000000000005,0.97586822509765625,
537.79999999999995,0.98097991943359375,
537.89999999999998,0.98097991943359375,
538,0.9886474609375,
538.10000000000002,0.98097991943359375,
538.20000000000005,0.9554290771484375,
538.29999999999995,0.94776153564453125,
538.39999999999998,0.95798492431640625,
538.5,0.96820068359375,
538.60000000000002,0.9733123779296875,
538.70000000000005,0.978424072265625,
538.79999999999995,0.98097991943359375,
538.89999999999998,0.98609161376953125,
539,0.99375152587890625,
539.10000000000002,0.98609161376953125,
539.20000000000005,0.960540771484375,
539.29999999999995,0.94010162353515625,
539.39999999999998,0.9452056884765625,
539.5,0.9554290771484375,
539.60000000000002,0.960540771484375,
539.70000000000005,0.96309661865234375,
539.79999999999995,0.9656524658203125,
539.89999999999998,0.97586822509765625,
540,0.98609161376953125,8.7633886337280273
540.10000000000002,0.9911956787109375,
540.20000000000005,0.98097991943359375,
540.29999999999995,0.960540771484375,
540.39999999999998,0.960540771484375,
540.5,0.98097991943359375,
540.60000000000002,1.0090866088867188,
540.70000000000005,1.070404052734375,
540.79999999999995,1.198150634765625,
540.89999999999998,1.3948898315429688,
541,1.6299514770507812,
541.10000000000002,1.8599014282226562,
541.20000000000005,2.0566329956054688,
541.29999999999995,2.2278213500976562,
541.39999999999998,2.4066696166992188,
541.5,2.60595703125,
541.60000000000002,2.7694778442382812,
541.70000000000005,2.9611053466796875,
541.79999999999995,3.1373977661132812,
541.89999999999998,3.2753677368164062,
542,3.369903564453125,
542.10000000000002,3.4414443969726562,
542.20000000000005,3.5155410766601562,
542.29999999999995,3.5589752197265625,
542.39999999999998,3.5640869140625,
542.5,3.5487518310546875,
542.60000000000002,3.5002059936523438,
542.70000000000005,3.4312210083007812,
542.79999999999995,3.3494644165039062,
542.89999999999998,3.2344894409179688,
543,3.1067352294921875,
543.10000000000002,2.99176025390625,
543.20000000000005,2.88189697265625,
543.29999999999995,2.7771453857421875,
543.39999999999998,2.6749420166015625,
543.5,2.559967041015625,
543.60000000000002,2.4219970703125,
543.70000000000005,2.2686996459960938,
543.79999999999995,2.1077346801757812,
543.89999999999998,1.9467697143554688,
544,1.7934722900390625,
544.10000000000002,1.6529464721679688,
544.20000000000005,1.5277481079101562,
544.29999999999995,1.402557373046875,
544.39999999999998,1.2799148559570312,
544.5,1.1700515747070312,
544.60000000000002,1.08062744140625,
544.70000000000005,1.0193023681640625,
544.79999999999995,0.97586822509765625,
544.89999999999998,0.9196624755859375,
545,0.86089324951171875,
545.10000000000002,0.8276824951171875,
545.20000000000005,0.82001495361328125,
545.29999999999995,0.830230712890625,
545.39999999999998,0.83278656005859375,
545.5,0.82512664794921875,
545.60000000000002,0.8276824951171875,
545.70000000000005,0.830230712890625,
545.79999999999995,0.830230712890625,
545.89999999999998,0.8404541015625,
546,0.8174591064453125,
546.10000000000002,0.77402496337890625,
546.20000000000005,0.75614166259765625,
546.29999999999995,0.74080657958984375,
546.39999999999998,0.7357025146484375,
546.5,0.7535858154296875,
546.60000000000002,0.7612457275390625,
546.70000000000005,0.76891326904296875,
546.79999999999995,0.8276824951171875,
546.89999999999998,0.93498992919921875,
547,1.08062744140625,
547.10000000000002,1.244140625,
547.20000000000005,1.456207275390625,
547.29999999999995,1.7091522216796875,
547.39999999999998,1.9518814086914062,
547.5,2.1690521240234375,
547.60000000000002,2.3708953857421875,
547.70000000000005,2.5471954345703125,
547.79999999999995,2.6315078735351562,
547.89999999999998,2.7183761596679688,
548,2.8793411254882812,
548.10000000000002,3.0454177856445312,
548.20000000000005,3.2242660522460938,
548.29999999999995,3.405670166015625,
548.39999999999998,3.5513076782226562,
548.5,3.6765060424804688,
548.60000000000002,3.7914810180664062,
548.70000000000005,3.8885726928710938,
548.79999999999995,3.9243392944335938,
548.89999999999998,3.8987884521484375,
549,3.8527984619140625,
549.10000000000002,3.7812576293945312,
549.20000000000005,3.6739501953125,
549.29999999999995,3.5513076782226562,
549.39999999999998,3.4823226928710938,
549.5,3.4363327026367188,
549.60000000000002,3.3750152587890625,
549.70000000000005,3.2855911254882812,
549.79999999999995,3.1425094604492188,
549.89999999999998,2.9713211059570312,
550,2.7950286865234375,8.3449230194091797
550.10000000000002,2.6085128784179688,
550.20000000000005,2.4296646118164062,
550.29999999999995,2.2354812622070312,
550.39999999999998,2.0310821533203125,
550.5,1.8369064331054688,
550.60000000000002,1.6555023193359375,
550.70000000000005,1.474090576171875,
550.79999999999995,1.2875823974609375,
550.89999999999998,1.1215057373046875,
551,1.014190673828125,
551.10000000000002,0.9503173828125,
551.20000000000005,0.904327392578125,
551.29999999999995,0.868560791015625,
551.39999999999998,0.8455657958984375,
551.5,0.830230712890625,
551.60000000000002,0.81490325927734375,
551.70000000000005,0.8072357177734375,
551.79999999999995,0.79190826416015625,
551.89999999999998,0.758697509765625,
552,0.74080657958984375,
552.10000000000002,0.7433624267578125,
552.20000000000005,0.7535858154296875,
552.29999999999995,0.76380157470703125,
552.39999999999998,0.76891326904296875,
552.5,0.7714691162109375,
552.60000000000002,0.76891326904296875,
552.70000000000005,0.7714691162109375,
552.79999999999995,0.78679656982421875,
552.89999999999998,0.776580810546875,
553,0.7535858154296875,
553.10000000000002,0.75102996826171875,
553.20000000000005,0.758697509765625,
553.29999999999995,0.766357421875,
553.39999999999998,0.7816925048828125,
553.5,0.8046875,
553.60000000000002,0.84812164306640625,
553.70000000000005,0.876220703125,
553.79999999999995,0.85833740234375,
553.89999999999998,0.83789825439453125,
554,0.83789825439453125,
554.10000000000002,0.99886322021484375,
554.20000000000005,1.2492523193359375,
554.29999999999995,1.4817581176757812,
554.39999999999998,1.7295913696289062,
554.5,1.9595413208007812,
554.60000000000002,2.156280517578125,
554.70000000000005,2.3453521728515625,
554.79999999999995,2.598297119140625,
554.89999999999998,2.8691253662109375,
555,3.0633010864257812,
555.10000000000002,3.1706161499023438,
555.20000000000005,3.260040283203125,
555.29999999999995,3.3954544067382812,
555.39999999999998,3.6075210571289062,
555.5,3.8681259155273438,
555.60000000000002,4.115966796875,
555.70000000000005,4.3484725952148438,
555.79999999999995,4.529876708984375,
555.89999999999998,4.5528717041015625,
556,4.4123458862304688,
556.10000000000002,4.2411575317382812,
556.20000000000005,4.0469818115234375,
556.29999999999995,3.7812576293945312,
556.39999999999998,3.5129852294921875,
556.5,3.24981689453125,
556.60000000000002,3.0045394897460938,
556.70000000000005,2.800140380859375,
556.79999999999995,2.60595703125,
556.89999999999998,2.4245529174804688,
557,2.2763671875,
557.10000000000002,2.1639404296875,
557.20000000000005,2.0668563842773438,
557.29999999999995,1.92633056640625,
557.39999999999998,1.7551422119140625,
557.5,1.640167236328125,
557.60000000000002,1.5839614868164062,
557.70000000000005,1.5609664916992188,
557.79999999999995,1.5890655517578125,
557.89999999999998,1.5992889404296875,
558,1.5558547973632812,
558.10000000000002,1.55841064453125,
558.20000000000005,1.7347030639648438,
558.29999999999995,1.9569854736328125,
558.39999999999998,2.1205062866210938,
558.5,2.2865829467773438,
558.60000000000002,2.3376846313476562,
558.70000000000005,2.1588363647460938,
558.79999999999995,1.8828964233398438,
558.89999999999998,1.70404052734375,
559,1.6095123291015625,
559.10000000000002,1.5354156494140625,
559.20000000000005,1.4510955810546875,
559.29999999999995,1.2875823974609375,
559.39999999999998,1.126617431640625,
559.5,1.0627365112304688,
559.60000000000002,1.0167465209960938,
559.70000000000005,0.9656524658203125,
559.79999999999995,0.9503173828125,
559.89999999999998,0.9503173828125,
560,0.92987823486328125,8.6538457870483398
560.10000000000002,0.9196624755859375,
560.20000000000005,0.9094390869140625,
560.29999999999995,0.8634490966796875,
560.39999999999998,0.84300994873046875,
560.5,0.85833740234375,
560.60000000000002,0.93498992919921875,
560.70000000000005,1.0729598999023438,
560.79999999999995,1.2160415649414062,
560.89999999999998,1.37445068359375,
561,1.5788497924804688,
561.10000000000002,1.8036880493164062,
561.20000000000005,2.0106430053710938,
561.29999999999995,2.1869354248046875,
561.39999999999998,2.3351287841796875,
561.5,2.47821044921875,
561.60000000000002,2.6391754150390625,
561.70000000000005,2.7924728393554688,
561.79999999999995,2.9304428100585938,
561.89999999999998,3.0530853271484375,
562,3.1271820068359375,
562.10000000000002,3.1782760620117188,
562.20000000000005,3.2523727416992188,
562.29999999999995,3.334136962890625,
562.39999999999998,3.4005661010742188,
562.5,3.4363327026367188,
562.60000000000002,3.4312210083007812,
562.70000000000005,3.3852310180664062,
562.79999999999995,3.3162460327148438,
562.89999999999998,3.24981689453125,
563,3.1782760620117188,
563.10000000000002,3.1016311645507812,
563.20000000000005,3.0147552490234375,
563.29999999999995,2.8767852783203125,
563.39999999999998,2.7030487060546875,
563.5,2.5165328979492188,
563.60000000000002,2.3274612426757812,
563.70000000000005,2.1664962768554688,
563.79999999999995,1.8854522705078125,
563.89999999999998,1.586517333984375,
564,1.4689865112304688,
564.10000000000002,1.364227294921875,
564.20000000000005,1.2313690185546875,
564.29999999999995,1.1215057373046875,
564.39999999999998,1.0090866088867188,
564.5,0.9196624755859375,
564.60000000000002,0.8736724853515625,
564.70000000000005,0.83789825439453125,
564.79999999999995,0.80213165283203125,
564.89999999999998,0.776580810546875,
565,0.75102996826171875,
565.10000000000002,0.7254791259765625,
565.20000000000005,0.7152557373046875,
565.29999999999995,0.68715667724609375,
565.39999999999998,0.6437225341796875,
565.5,0.63605499267578125,
565.60000000000002,0.65393829345703125,
565.70000000000005,0.6692657470703125,
565.79999999999995,0.67693328857421875,
565.89999999999998,0.69481658935546875,
566,0.71781158447265625,
566.10000000000002,0.7357025146484375,
566.20000000000005,0.7152557373046875,
566.29999999999995,0.64116668701171875,
566.39999999999998,0.56707000732421875,
566.5,0.5415191650390625,
566.60000000000002,0.5236358642578125,
566.70000000000005,0.4955291748046875,
566.79999999999995,0.4725341796875,
566.89999999999998,0.45720672607421875,
567,0.45209503173828125,
567.10000000000002,0.45720672607421875,
567.20000000000005,0.444427490234375,
567.29999999999995,0.42398834228515625,
567.39999999999998,0.4214324951171875,
567.5,0.4316558837890625,
567.60000000000002,0.436767578125,
567.70000000000005,0.43421173095703125,
567.79999999999995,0.44187164306640625,
567.89999999999998,0.4214324951171875,
568,0.4035491943359375,
568.10000000000002,0.49297332763671875,
568.20000000000005,0.656494140625,
568.29999999999995,0.830230712890625,
568.39999999999998,1.0244140625,
568.5,1.2466964721679688,
568.60000000000002,1.4664306640625,
568.70000000000005,1.650390625,
568.79999999999995,1.8139114379882812,
568.89999999999998,1.9569854736328125,
569,2.0796279907226562,
569.10000000000002,2.209930419921875,
569.20000000000005,2.340240478515625,
569.29999999999995,2.4552154541015625,
569.39999999999998,2.6034011840820312,
569.5,2.8307952880859375,
569.60000000000002,3.0684127807617188,
569.70000000000005,3.2268218994140625,
569.79999999999995,3.28814697265625,
569.89999999999998,3.3392410278320312,
570,3.3928985595703125,8.6830682754516602
570.10000000000002,3.3750152587890625,
570.20000000000005,3.3060302734375,
570.29999999999995,3.1961669921875,
570.39999999999998,3.0786361694335938,
570.5,2.9968719482421875,
570.60000000000002,2.92022705078125,
570.70000000000005,2.8026962280273438,
570.79999999999995,2.6493911743164062,
570.89999999999998,2.4807662963867188,
571,2.2993621826171875,
571.10000000000002,2.1051788330078125,
571.20000000000005,1.9288864135742188,
571.29999999999995,1.7628097534179688,
571.39999999999998,1.6095123291015625,
571.5,1.4613189697265625,
571.60000000000002,1.2926864624023438,
571.70000000000005,1.1240615844726562,
571.79999999999995,0.97075653076171875,
571.89999999999998,0.84812164306640625,
572,0.77913665771484375,
572.10000000000002,0.7433624267578125,
572.20000000000005,0.7305908203125,
572.29999999999995,0.720367431640625,
572.39999999999998,0.69481658935546875,
572.5,0.65904998779296875,
572.60000000000002,0.63861083984375,
572.70000000000005,0.6334991455078125,
572.79999999999995,0.63605499267578125,
572.89999999999998,0.63094329833984375,
573,0.61817169189453125,
573.10000000000002,0.61305999755859375,
573.20000000000005,0.60794830322265625,
573.29999999999995,0.610504150390625,
573.39999999999998,0.6053924560546875,
573.5,0.58495330810546875,
573.60000000000002,0.56707000732421875,
573.70000000000005,0.56195831298828125,
573.79999999999995,0.56707000732421875,
573.89999999999998,0.574737548828125,
574,0.58495330810546875,
574.10000000000002,0.5875091552734375,
574.20000000000005,0.5875091552734375,
574.29999999999995,0.59517669677734375,
574.39999999999998,0.5977325439453125,
574.5,0.57984161376953125,
574.60000000000002,0.56451416015625,
574.70000000000005,0.56707000732421875,
574.79999999999995,0.56451416015625,
574.89999999999998,0.5696258544921875,
575,0.57218170166015625,
575.10000000000002,0.5696258544921875,
575.20000000000005,0.57218170166015625,
575.29999999999995,0.5772857666015625,
575.39999999999998,0.57218170166015625,
575.5,0.5594024658203125,
575.60000000000002,0.5517425537109375,
575.70000000000005,0.55684661865234375,
575.79999999999995,0.56451416015625,
575.89999999999998,0.57218170166015625,
576,0.5772857666015625,
576.10000000000002,0.5823974609375,
576.20000000000005,0.59006500244140625,
576.29999999999995,0.60028076171875,
576.39999999999998,0.5875091552734375,
576.5,0.57218170166015625,
576.60000000000002,0.5772857666015625,
576.70000000000005,0.5875091552734375,
576.79999999999995,0.5977325439453125,
576.89999999999998,0.6053924560546875,
577,0.64116668701171875,
577.10000000000002,0.7433624267578125,
577.20000000000005,0.91455078125,
577.29999999999995,1.11639404296875,
577.39999999999998,1.33612060546875,
577.5,1.5711822509765625,
577.60000000000002,1.8113555908203125,
577.70000000000005,2.0413055419921875,
577.79999999999995,2.2508163452148438,
577.89999999999998,2.4424362182617188,
578,2.6187362670898438,
578.10000000000002,2.7848052978515625,
578.20000000000005,2.95599365234375,
578.29999999999995,3.111846923828125,
578.39999999999998,3.2677001953125,
578.5,3.4363327026367188,
578.60000000000002,3.58197021484375,
578.70000000000005,3.6995010375976562,
578.79999999999995,3.76593017578125,
578.89999999999998,3.6509552001953125,
579,3.4031219482421875,
579.10000000000002,3.1936111450195312,
579.20000000000005,2.92022705078125,
579.29999999999995,2.5471954345703125,
579.39999999999998,2.33001708984375,
579.5,2.2686996459960938,
579.60000000000002,2.301910400390625,
579.70000000000005,2.3121337890625,
579.79999999999995,2.2865829467773438,
579.89999999999998,2.3070220947265625,
580,2.36834716796875,8.3333339691162109
580.10000000000002,2.4015579223632812,
580.20000000000005,2.450103759765625,
580.29999999999995,2.5114212036132812,
580.39999999999998,2.5012054443359375,
580.5,2.4833221435546875,
580.60000000000002,2.3708953857421875,
580.70000000000005,2.0872955322265625,
580.79999999999995,1.7755813598632812,
580.89999999999998,1.5073089599609375,
581,1.3259048461914062,
581.10000000000002,1.2211456298828125,
581.20000000000005,1.15216064453125,
581.29999999999995,1.0985107421875,
581.39999999999998,1.0448532104492188,
581.5,0.99375152587890625,
581.60000000000002,0.92987823486328125,
581.70000000000005,0.86600494384765625,
581.79999999999995,0.82512664794921875,
581.89999999999998,0.80213165283203125,
582,0.776580810546875,
582.10000000000002,0.758697509765625,
582.20000000000005,0.7535858154296875,
582.29999999999995,0.75102996826171875,
582.39999999999998,0.74591827392578125,
582.5,0.74847412109375,
582.60000000000002,0.7357025146484375,
582.70000000000005,0.7152557373046875,
582.79999999999995,0.7152557373046875,
582.89999999999998,0.72803497314453125,
583,0.738250732421875,
583.10000000000002,0.7433624267578125,
583.20000000000005,0.74847412109375,
583.29999999999995,0.7535858154296875,
583.39999999999998,0.7612457275390625,
583.5,0.766357421875,
583.60000000000002,0.75102996826171875,
583.70000000000005,0.73314666748046875,
583.79999999999995,0.73314666748046875,
583.89999999999998,0.74080657958984375,
584,0.74591827392578125,
584.10000000000002,0.7535858154296875,
584.20000000000005,0.75614166259765625,
584.29999999999995,0.758697509765625,
584.39999999999998,0.76380157470703125,
584.5,0.766357421875,
584.60000000000002,0.74847412109375,
584.70000000000005,0.7357025146484375,
584.79999999999995,0.7433624267578125,
584.89999999999998,0.75102996826171875,
585,0.758697509765625,
585.10000000000002,0.758697509765625,
585.20000000000005,0.76380157470703125,
585.29999999999995,0.76891326904296875,
585.39999999999998,0.7714691162109375,
585.5,0.77402496337890625,
585.60000000000002,0.758697509765625,
585.70000000000005,0.74080657958984375,
585.79999999999995,0.74591827392578125,
585.89999999999998,0.75614166259765625,
586,0.758697509765625,
586.10000000000002,0.76380157470703125,
586.20000000000005,0.766357421875,
586.29999999999995,0.76891326904296875,
586.39999999999998,0.776580810546875,
586.5,0.7714691162109375,
586.60000000000002,0.75102996826171875,
586.70000000000005,0.74591827392578125,
586.79999999999995,0.7535858154296875,
586.89999999999998,0.758697509765625,
587,0.7612457275390625,
587.10000000000002,0.766357421875,
587.20000000000005,0.76891326904296875,
587.29999999999995,0.77402496337890625,
587.39999999999998,0.776580810546875,
587.5,0.77913665771484375,
587.60000000000002,0.8532257080078125,
587.70000000000005,1.04229736328125,
587.79999999999995,1.290130615234375,
587.89999999999998,1.5430755615234375,
588,1.770477294921875,
588.10000000000002,1.9697647094726562,
588.20000000000005,2.1588363647460938,
588.29999999999995,2.3325729370117188,
588.39999999999998,2.485870361328125,
588.5,2.62384033203125,
588.60000000000002,2.7413711547851562,
588.70000000000005,2.8997802734375,
588.79999999999995,3.1144027709960938,
588.89999999999998,3.32391357421875,
589,3.4363327026367188,
589.10000000000002,3.387786865234375,
589.20000000000005,3.3162460327148438,
589.29999999999995,3.2472610473632812,
589.39999999999998,3.093963623046875,
589.5,2.9048919677734375,
589.60000000000002,2.7183761596679688,
589.70000000000005,2.577850341796875,
589.79999999999995,2.4807662963867188,
589.89999999999998,2.3504562377929688,
590,2.1894912719726562,6.7975831031799316
590.10000000000002,2.0566329956054688,
590.20000000000005,1.9493255615234375,
590.29999999999995,1.8394622802734375,
590.39999999999998,1.7193756103515625,
590.5,1.5967330932617188,
590.60000000000002,1.48431396484375,
590.70000000000005,1.3667831420898438,
590.79999999999995,1.2237014770507812,
590.89999999999998,1.070404052734375,
591,0.9503173828125,
591.10000000000002,0.88899993896484375,
591.20000000000005,0.86089324951171875,
591.29999999999995,0.84300994873046875,
591.39999999999998,0.82512664794921875,
591.5,0.8072357177734375,
591.60000000000002,0.79190826416015625,
591.70000000000005,0.78424072265625,
591.79999999999995,0.7816925048828125,
591.89999999999998,0.77402496337890625,
592,0.74591827392578125,
592.10000000000002,0.72292327880859375,
592.20000000000005,0.7254791259765625,
592.29999999999995,0.73314666748046875,
592.39999999999998,0.74080657958984375,
592.5,0.7433624267578125,
592.60000000000002,0.74591827392578125,
592.70000000000005,0.74591827392578125,
592.79999999999995,0.75102996826171875,
592.89999999999998,0.75614166259765625,
593,0.75614166259765625,
593.10000000000002,0.74847412109375,
593.20000000000005,0.73314666748046875,
593.29999999999995,0.738250732421875,
593.39999999999998,0.75102996826171875,
593.5,0.75614166259765625,
593.60000000000002,0.758697509765625,
593.70000000000005,0.758697509765625,
593.79999999999995,0.758697509765625,
593.89999999999998,0.7612457275390625,
594,0.766357421875,
594.10000000000002,0.766357421875,
594.20000000000005,0.75102996826171875,
594.29999999999995,0.7357025146484375,
594.39999999999998,0.7357025146484375,
594.5,0.7433624267578125,
594.60000000000002,0.75102996826171875,
594.70000000000005,0.75614166259765625,
594.79999999999995,0.758697509765625,
594.89999999999998,0.7612457275390625,
595,0.76380157470703125,
595.10000000000002,0.766357421875,
595.20000000000005,0.76891326904296875,
595.29999999999995,0.758697509765625,
595.39999999999998,0.74591827392578125,
595.5,0.75102996826171875,
595.60000000000002,0.7612457275390625,
595.70000000000005,0.766357421875,
595.79999999999995,0.76891326904296875,
595.89999999999998,0.776580810546875,
596,0.82001495361328125,
596.10000000000002,0.93243408203125,
596.20000000000005,1.1189498901367188,
596.29999999999995,1.3335723876953125,
596.39999999999998,1.5175323486328125,
596.5,1.696380615234375,
596.60000000000002,1.880340576171875,
596.70000000000005,2.0515213012695312,
596.79999999999995,2.22015380859375,
596.89999999999998,2.3836746215820312,
597,2.5446395874023438,
597.10000000000002,2.690277099609375,
597.20000000000005,2.8129119873046875,
597.29999999999995,2.9253311157226562,
597.39999999999998,3.037750244140625,
597.5,3.1450653076171875,
597.60000000000002,3.2447052001953125,
597.70000000000005,3.341796875,
597.79999999999995,3.426116943359375,
597.89999999999998,3.489990234375,
598,3.5232009887695312,
598.10000000000002,3.5334243774414062,
598.20000000000005,3.5308685302734375,
598.29999999999995,3.5232009887695312,
598.39999999999998,3.4951019287109375,
598.5,3.4465560913085938,
598.60000000000002,3.3903427124023438,
598.70000000000005,3.3188018798828125,
598.79999999999995,3.2268218994140625,
598.89999999999998,3.1169586181640625,
599,2.9713211059570312,
599.10000000000002,2.8205795288085938,
599.20000000000005,2.7004928588867188,
599.29999999999995,2.5829620361328125,
599.39999999999998,2.43988037109375,
599.5,2.3044662475585938,
599.60000000000002,2.1690521240234375,
599.70000000000005,2.0387496948242188,
599.79999999999995,1.8931121826171875,
599.89999999999998,1.7449264526367188,
600,1.604400634765625,6.419400691986084
