"Data Set 1:Time(s)","Data Set 1:Force(N)","Data Set 1:Respiration Rate(bpm)"
0,0.554290771484375,7.7319588661193848
0.10000000000000001,0.56195831298828125,
0.20000000000000001,0.5823974609375,
0.29999999999999999,0.60794830322265625,
0.40000000000000002,0.6207275390625,
0.5,0.62583160400390625,
0.59999999999999998,0.62583160400390625,
0.69999999999999996,0.62583160400390625,
0.80000000000000004,0.628387451171875,
0.90000000000000002,0.63094329833984375,
1,0.628387451171875,
1.1000000000000001,0.60283660888671875,
1.2,0.56451416015625,
1.3,0.5594024658203125,
1.3999999999999999,0.5772857666015625,
1.5,0.60283660888671875,
1.6000000000000001,0.61305999755859375,
1.7,0.6207275390625,
1.8,0.628387451171875,
1.8999999999999999,0.65393829345703125,
2,0.7254791259765625,
2.1000000000000001,0.868560791015625,
2.2000000000000002,1.11639404296875,
2.2999999999999998,1.4408798217773438,
2.3999999999999999,1.7525863647460938,
2.5,2.0131988525390625,
2.6000000000000001,2.2610321044921875,
2.7000000000000002,2.5293121337890625,
2.7999999999999998,2.7158203125,
2.8999999999999999,2.8946762084960938,
3,3.0530853271484375,
3.1000000000000001,3.1961669921875,
3.2000000000000002,3.3213577270507812,
3.2999999999999998,3.4286651611328125,
3.3999999999999999,3.5027618408203125,
3.5,3.5436477661132812,
3.6000000000000001,3.5436477661132812,
3.7000000000000002,3.5155410766601562,
3.7999999999999998,3.5232009887695312,
3.8999999999999999,3.5640869140625,
4,3.5487518310546875,
4.0999999999999996,3.4848785400390625,
4.2000000000000002,3.4388885498046875,
4.2999999999999998,3.3775711059570312,
4.4000000000000004,3.3009185791015625,
4.5,3.2447052001953125,
4.5999999999999996,3.2089385986328125,
4.7000000000000002,3.1833877563476562,
4.7999999999999998,3.1220703125,
4.9000000000000004,3.0352020263671875,
5,2.973876953125,
5.0999999999999996,2.9304428100585938,
5.2000000000000002,2.8767852783203125,
5.2999999999999998,2.8307952880859375,
5.4000000000000004,2.8103561401367188,
5.5,2.8052520751953125,
5.5999999999999996,2.80780029296875,
5.7000000000000002,2.818023681640625,
5.7999999999999998,2.84613037109375,
5.9000000000000004,2.853790283203125,
6,2.7975845336914062,
6.0999999999999996,2.7056045532226562,
6.2000000000000002,2.6366195678710938,
6.2999999999999998,2.5957412719726562,
6.4000000000000004,2.5650787353515625,
6.5,2.5931854248046875,
6.5999999999999996,2.6596145629882812,
6.7000000000000002,2.6826095581054688,
6.7999999999999998,2.6800537109375,
6.9000000000000004,2.6723861694335938,
7,2.669830322265625,
7.0999999999999996,2.6723861694335938,
7.2000000000000002,2.6366195678710938,
7.2999999999999998,2.5625228881835938,
7.4000000000000004,2.4986495971679688,
7.5,2.4577713012695312,
7.5999999999999996,2.414337158203125,
7.7000000000000002,2.376007080078125,
7.7999999999999998,2.3708953857421875,
7.9000000000000004,2.3785629272460938,
8,2.3913421630859375,
8.0999999999999996,2.3964462280273438,
8.1999999999999993,2.3887863159179688,
8.3000000000000007,2.3606796264648438,
8.4000000000000004,2.2814712524414062,
8.5,2.117950439453125,
8.5999999999999996,1.9212188720703125,
8.6999999999999993,1.7372589111328125,
8.8000000000000007,1.5558547973632812,
8.9000000000000004,1.3948898315429688,
9,1.282470703125,
9.0999999999999996,1.19049072265625,
9.1999999999999993,1.0857315063476562,
9.3000000000000007,0.9835357666015625,
9.4000000000000004,0.89411163330078125,
9.5,0.8072357177734375,
9.5999999999999996,0.7433624267578125,
9.6999999999999993,0.68715667724609375,
9.8000000000000007,0.62583160400390625,
9.9000000000000004,0.56195831298828125,
10,0.52874755859375,7.9928951263427734
10.1,0.51596832275390625,
10.199999999999999,0.50830078125,
10.300000000000001,0.5057525634765625,
10.4,0.5057525634765625,
10.5,0.50830078125,
10.6,0.50830078125,
10.699999999999999,0.51085662841796875,
10.800000000000001,0.5134124755859375,
10.9,0.5134124755859375,
11,0.50319671630859375,
11.1,0.4853057861328125,
11.199999999999999,0.47509002685546875,
11.300000000000001,0.48020172119140625,
11.4,0.49297332763671875,
11.5,0.50319671630859375,
11.6,0.5057525634765625,
11.699999999999999,0.5057525634765625,
11.800000000000001,0.5057525634765625,
11.9,0.5057525634765625,
12,0.51085662841796875,
12.1,0.5134124755859375,
12.199999999999999,0.51596832275390625,
12.300000000000001,0.5057525634765625,
12.4,0.4853057861328125,
12.5,0.48020172119140625,
12.6,0.4955291748046875,
12.699999999999999,0.52108001708984375,
12.800000000000001,0.5594024658203125,
12.9,0.592620849609375,
13,0.60794830322265625,
13.1,0.61305999755859375,
13.199999999999999,0.60794830322265625,
13.300000000000001,0.60028076171875,
13.4,0.59006500244140625,
13.5,0.57984161376953125,
13.6,0.56451416015625,
13.699999999999999,0.53896331787109375,
13.800000000000001,0.52619171142578125,
13.9,0.536407470703125,
14,0.546630859375,
14.1,0.54918670654296875,
14.199999999999999,0.554290771484375,
14.300000000000001,0.56195831298828125,
14.4,0.5696258544921875,
14.5,0.57218170166015625,
14.6,0.57218170166015625,
14.699999999999999,0.5696258544921875,
14.800000000000001,0.56451416015625,
14.9,0.54918670654296875,
15,0.53385162353515625,
15.1,0.53896331787109375,
15.199999999999999,0.55684661865234375,
15.300000000000001,0.574737548828125,
15.4,0.5823974609375,
15.5,0.5875091552734375,
15.6,0.5875091552734375,
15.699999999999999,0.5823974609375,
15.800000000000001,0.58495330810546875,
15.9,0.5875091552734375,
16,0.58495330810546875,
16.100000000000001,0.5696258544921875,
16.199999999999999,0.54918670654296875,
16.300000000000001,0.54918670654296875,
16.399999999999999,0.56451416015625,
16.5,0.574737548828125,
16.600000000000001,0.5772857666015625,
16.699999999999999,0.5823974609375,
16.800000000000001,0.5875091552734375,
16.899999999999999,0.58495330810546875,
17,0.5875091552734375,
17.100000000000001,0.59006500244140625,
17.199999999999999,0.59006500244140625,
17.300000000000001,0.5772857666015625,
17.399999999999999,0.5594024658203125,
17.5,0.546630859375,
17.600000000000001,0.5517425537109375,
17.699999999999999,0.5594024658203125,
17.800000000000001,0.56451416015625,
17.899999999999999,0.574737548828125,
18,0.57984161376953125,
18.100000000000001,0.58495330810546875,
18.199999999999999,0.59006500244140625,
18.300000000000001,0.592620849609375,
18.399999999999999,0.592620849609375,
18.5,0.58495330810546875,
18.600000000000001,0.56707000732421875,
18.699999999999999,0.54918670654296875,
18.800000000000001,0.5517425537109375,
18.899999999999999,0.56195831298828125,
19,0.56451416015625,
19.100000000000001,0.5696258544921875,
19.199999999999999,0.5772857666015625,
19.300000000000001,0.58495330810546875,
19.399999999999999,0.59006500244140625,
19.5,0.592620849609375,
19.600000000000001,0.59517669677734375,
19.699999999999999,0.5875091552734375,
19.800000000000001,0.56451416015625,
19.899999999999999,0.546630859375,
20,0.5517425537109375,8.5714282989501953
20.100000000000001,0.56451416015625,
20.199999999999999,0.57218170166015625,
20.300000000000001,0.574737548828125,
20.399999999999999,0.57984161376953125,
20.5,0.58495330810546875,
20.600000000000001,0.59006500244140625,
20.699999999999999,0.59006500244140625,
20.800000000000001,0.592620849609375,
20.899999999999999,0.592620849609375,
21,0.57984161376953125,
21.100000000000001,0.554290771484375,
21.199999999999999,0.5517425537109375,
21.300000000000001,0.56707000732421875,
21.399999999999999,0.57218170166015625,
21.5,0.574737548828125,
21.600000000000001,0.57984161376953125,
21.699999999999999,0.5823974609375,
21.800000000000001,0.58495330810546875,
21.899999999999999,0.59006500244140625,
22,0.59517669677734375,
22.100000000000001,0.592620849609375,
22.199999999999999,0.5875091552734375,
22.300000000000001,0.574737548828125,
22.399999999999999,0.5594024658203125,
22.5,0.5772857666015625,
22.600000000000001,0.628387451171875,
22.699999999999999,0.738250732421875,
22.800000000000001,0.89666748046875,
22.899999999999999,1.0780715942382812,
23,1.2594757080078125,
23.100000000000001,1.4255523681640625,
23.199999999999999,1.5532989501953125,
23.300000000000001,1.6529464721679688,
23.399999999999999,1.7244873046875,
23.5,1.7653656005859375,
23.600000000000001,1.8011322021484375,
23.699999999999999,1.85223388671875,
23.800000000000001,1.8931121826171875,
23.899999999999999,1.85223388671875,
24,1.788360595703125,
24.100000000000001,1.7832489013671875,
24.199999999999999,1.7985763549804688,
24.300000000000001,1.7909164428710938,
24.399999999999999,1.77813720703125,
24.5,1.7832489013671875,
24.600000000000001,1.7985763549804688,
24.699999999999999,1.7960205078125,
24.800000000000001,1.788360595703125,
24.899999999999999,1.8036880493164062,
25,1.8369064331054688,
25.100000000000001,1.862457275390625,
25.199999999999999,1.8752288818359375,
25.300000000000001,1.88800048828125,
25.399999999999999,1.9135513305664062,
25.5,1.9391021728515625,
25.600000000000001,1.96209716796875,
25.699999999999999,1.97998046875,
25.800000000000001,1.9646530151367188,
25.899999999999999,1.8650054931640625,
26,1.70404052734375,
26.100000000000001,1.55841064453125,
26.199999999999999,1.4332122802734375,
26.300000000000001,1.2875823974609375,
26.399999999999999,1.1368331909179688,
26.5,1.0193023681640625,
26.600000000000001,0.93243408203125,
26.699999999999999,0.86600494384765625,
26.800000000000001,0.81490325927734375,
26.899999999999999,0.776580810546875,
27,0.74847412109375,
27.100000000000001,0.71781158447265625,
27.199999999999999,0.67182159423828125,
27.300000000000001,0.6156158447265625,
27.399999999999999,0.54407501220703125,
27.5,0.48020172119140625,
27.600000000000001,0.4597625732421875,
27.699999999999999,0.4495391845703125,
27.800000000000001,0.44187164306640625,
27.899999999999999,0.436767578125,
28,0.4393157958984375,
28.100000000000001,0.45209503173828125,
28.199999999999999,0.482757568359375,
28.300000000000001,0.52874755859375,
28.399999999999999,0.554290771484375,
28.5,0.5415191650390625,
28.600000000000001,0.52108001708984375,
28.699999999999999,0.52619171142578125,
28.800000000000001,0.5415191650390625,
28.899999999999999,0.5594024658203125,
29,0.58495330810546875,
29.100000000000001,0.60283660888671875,
29.199999999999999,0.61305999755859375,
29.300000000000001,0.628387451171875,
29.399999999999999,0.63094329833984375,
29.5,0.63094329833984375,
29.600000000000001,0.63094329833984375,
29.699999999999999,0.61817169189453125,
29.800000000000001,0.59517669677734375,
29.899999999999999,0.59006500244140625,
30,0.5977325439453125,0
30.100000000000001,0.60283660888671875,
30.199999999999999,0.60794830322265625,
30.300000000000001,0.6156158447265625,
30.399999999999999,0.6207275390625,
30.5,0.6232757568359375,
30.600000000000001,0.628387451171875,
30.699999999999999,0.64116668701171875,
30.800000000000001,0.64882659912109375,
30.899999999999999,0.6334991455078125,
31,0.62583160400390625,
31.100000000000001,0.6437225341796875,
31.199999999999999,0.67182159423828125,
31.300000000000001,0.69481658935546875,
31.399999999999999,0.72803497314453125,
31.5,0.75614166259765625,
31.600000000000001,0.766357421875,
31.699999999999999,0.776580810546875,
31.800000000000001,0.7714691162109375,
31.899999999999999,0.76891326904296875,
32,0.7816925048828125,
32.100000000000001,0.80979156494140625,
32.200000000000003,0.830230712890625,
32.299999999999997,0.81490325927734375,
32.399999999999999,0.78679656982421875,
32.5,0.766357421875,
32.600000000000001,0.75102996826171875,
32.700000000000003,0.738250732421875,
32.799999999999997,0.7357025146484375,
32.899999999999999,0.73314666748046875,
33,0.72803497314453125,
33.100000000000001,0.72803497314453125,
33.200000000000003,0.72803497314453125,
33.299999999999997,0.72292327880859375,
33.399999999999999,0.7075958251953125,
33.5,0.68715667724609375,
33.600000000000001,0.6794891357421875,
33.700000000000003,0.6897125244140625,
33.799999999999997,0.69992828369140625,
33.899999999999999,0.69992828369140625,
34,0.702484130859375,
34.100000000000001,0.70503997802734375,
34.200000000000003,0.7075958251953125,
34.299999999999997,0.766357421875,
34.399999999999999,0.960540771484375,
34.5,1.1956024169921875,
34.600000000000001,1.3897781372070312,
34.700000000000003,1.5762939453125,
34.799999999999997,1.74237060546875,
34.899999999999999,1.916107177734375,
35,2.117950439453125,
35.100000000000001,2.3427963256835938,
35.200000000000003,2.6008453369140625,
35.299999999999997,2.8844528198242188,
35.399999999999999,3.1910552978515625,
35.5,3.535980224609375,
35.600000000000001,3.8987884521484375,
35.700000000000003,4.2130508422851562,
35.799999999999997,4.4430007934570312,
35.899999999999999,4.6193008422851562,
36,4.7240524291992188,
36.100000000000001,4.713836669921875,
36.200000000000003,4.6474075317382812,
36.299999999999997,4.565643310546875,
36.399999999999999,4.4659957885742188,
36.5,4.3663558959960938,
36.600000000000001,4.2564926147460938,
36.700000000000003,4.0469818115234375,
36.799999999999997,3.7454910278320312,
36.899999999999999,3.4567718505859375,
37,3.1910552978515625,
37.100000000000001,2.8767852783203125,
37.200000000000003,2.5165328979492188,
37.299999999999997,2.2048263549804688,
37.399999999999999,1.954437255859375,
37.5,1.7193756103515625,
37.600000000000001,1.5098648071289062,
37.700000000000003,1.3259048461914062,
37.799999999999997,1.1828231811523438,
37.899999999999999,1.0729598999023438,
38,0.9835357666015625,
38.100000000000001,0.91455078125,
38.200000000000003,0.868560791015625,
38.299999999999997,0.83789825439453125,
38.399999999999999,0.80979156494140625,
38.5,0.78424072265625,
38.600000000000001,0.7612457275390625,
38.700000000000003,0.74591827392578125,
38.799999999999997,0.738250732421875,
38.899999999999999,0.7305908203125,
39,0.71270751953125,
39.100000000000001,0.6973724365234375,
39.200000000000003,0.67693328857421875,
39.299999999999997,0.64882659912109375,
39.399999999999999,0.63605499267578125,
39.5,0.64116668701171875,
39.600000000000001,0.656494140625,
39.700000000000003,0.666717529296875,
39.799999999999997,0.67182159423828125,
39.899999999999999,0.67437744140625,
40,0.6794891357421875,0
40.100000000000001,0.68204498291015625,
40.200000000000003,0.68204498291015625,
40.299999999999997,0.684600830078125,
40.399999999999999,0.68204498291015625,
40.5,0.666717529296875,
40.600000000000001,0.64882659912109375,
40.700000000000003,0.6437225341796875,
40.799999999999997,0.6513824462890625,
40.899999999999999,0.6616058349609375,
41,0.666717529296875,
41.100000000000001,0.67437744140625,
41.200000000000003,0.68204498291015625,
41.299999999999997,0.684600830078125,
41.399999999999999,0.68715667724609375,
41.5,0.6922607421875,
41.600000000000001,0.69992828369140625,
41.700000000000003,0.6973724365234375,
41.799999999999997,0.67693328857421875,
41.899999999999999,0.64882659912109375,
42,0.6437225341796875,
42.100000000000001,0.65393829345703125,
42.200000000000003,0.6616058349609375,
42.299999999999997,0.666717529296875,
42.399999999999999,0.67437744140625,
42.5,0.684600830078125,
42.600000000000001,0.68715667724609375,
42.700000000000003,0.68715667724609375,
42.799999999999997,0.6922607421875,
42.899999999999999,0.69481658935546875,
43,0.68204498291015625,
43.100000000000001,0.65393829345703125,
43.200000000000003,0.6437225341796875,
43.299999999999997,0.65393829345703125,
43.399999999999999,0.666717529296875,
43.5,0.67182159423828125,
43.600000000000001,0.6794891357421875,
43.700000000000003,0.68715667724609375,
43.799999999999997,0.6897125244140625,
43.899999999999999,0.6973724365234375,
44,0.702484130859375,
44.100000000000001,0.7075958251953125,
44.200000000000003,0.70503997802734375,
44.299999999999997,0.68204498291015625,
44.399999999999999,0.666717529296875,
44.5,0.67693328857421875,
44.600000000000001,0.6973724365234375,
44.700000000000003,0.7075958251953125,
44.799999999999997,0.7075958251953125,
44.899999999999999,0.7152557373046875,
45,0.72803497314453125,
45.100000000000001,0.7357025146484375,
45.200000000000003,0.7357025146484375,
45.299999999999997,0.74591827392578125,
45.399999999999999,0.74847412109375,
45.5,0.7254791259765625,
45.600000000000001,0.70503997802734375,
45.700000000000003,0.71270751953125,
45.799999999999997,0.72292327880859375,
45.899999999999999,0.7254791259765625,
46,0.72292327880859375,
46.100000000000001,0.7254791259765625,
46.200000000000003,0.7254791259765625,
46.299999999999997,0.7254791259765625,
46.399999999999999,0.7357025146484375,
46.5,0.7433624267578125,
46.600000000000001,0.72803497314453125,
46.700000000000003,0.6973724365234375,
46.799999999999997,0.68204498291015625,
46.899999999999999,0.68715667724609375,
47,0.6973724365234375,
47.100000000000001,0.70503997802734375,
47.200000000000003,0.7075958251953125,
47.299999999999997,0.71270751953125,
47.399999999999999,0.71270751953125,
47.5,0.71781158447265625,
47.600000000000001,0.7305908203125,
47.700000000000003,0.74080657958984375,
47.799999999999997,0.7254791259765625,
47.899999999999999,0.702484130859375,
48,0.6897125244140625,
48.100000000000001,0.69481658935546875,
48.200000000000003,0.69992828369140625,
48.299999999999997,0.702484130859375,
48.399999999999999,0.702484130859375,
48.5,0.7075958251953125,
48.600000000000001,0.7152557373046875,
48.700000000000003,0.71781158447265625,
48.799999999999997,0.720367431640625,
48.899999999999999,0.71781158447265625,
49,0.7075958251953125,
49.100000000000001,0.684600830078125,
49.200000000000003,0.666717529296875,
49.299999999999997,0.67182159423828125,
49.399999999999999,0.68204498291015625,
49.5,0.68715667724609375,
49.600000000000001,0.684600830078125,
49.700000000000003,0.6922607421875,
49.799999999999997,0.71015167236328125,
49.899999999999999,0.71781158447265625,
50,0.72292327880859375,0
50.100000000000001,0.7305908203125,
50.200000000000003,0.738250732421875,
50.299999999999997,0.7433624267578125,
50.399999999999999,0.74847412109375,
50.5,0.766357421875,
50.600000000000001,0.82257080078125,
50.700000000000003,0.93243408203125,
50.799999999999997,1.0295257568359375,
50.899999999999999,1.0627365112304688,
51,1.106170654296875,
51.100000000000001,1.2109298706054688,
51.200000000000003,1.3667831420898438,
51.299999999999997,1.5609664916992188,
51.399999999999999,1.7219314575195312,
51.5,1.8011322021484375,
51.600000000000001,1.8905563354492188,
51.700000000000003,2.0898513793945312,
51.799999999999997,2.3376846313476562,
51.899999999999999,2.5471954345703125,
52,2.7643661499023438,
52.100000000000001,2.9636611938476562,
52.200000000000003,3.0786361694335938,
52.299999999999997,3.1731719970703125,
52.399999999999999,3.3034744262695312,
52.5,3.489990234375,
52.600000000000001,3.6228485107421875,
52.700000000000003,3.599853515625,
52.799999999999997,3.5206527709960938,
52.899999999999999,3.4516677856445312,
53,3.3545761108398438,
53.100000000000001,3.242156982421875,
53.200000000000003,3.1655044555664062,
53.299999999999997,3.1016311645507812,
53.399999999999999,3.0633010864257812,
53.5,2.8844528198242188,
53.600000000000001,2.4909820556640625,
53.700000000000003,2.1230621337890625,
53.799999999999997,1.9109954833984375,
53.899999999999999,1.77813720703125,
54,1.6095123291015625,
54.100000000000001,1.4459915161132812,
54.200000000000003,1.2850265502929688,
54.299999999999997,1.106170654296875,
54.399999999999999,1.0039749145507812,
54.5,0.978424072265625,
54.600000000000001,0.94776153564453125,
54.700000000000003,0.8915557861328125,
54.799999999999997,0.82001495361328125,
54.899999999999999,0.7893524169921875,
55,0.80979156494140625,
55.100000000000001,0.830230712890625,
55.200000000000003,0.84812164306640625,
55.299999999999997,0.8634490966796875,
55.399999999999999,0.876220703125,
55.5,0.886444091796875,
55.600000000000001,0.8813323974609375,
55.700000000000003,0.85578155517578125,
55.799999999999997,0.830230712890625,
55.899999999999999,0.80213165283203125,
56,0.75614166259765625,
56.100000000000001,0.70503997802734375,
56.200000000000003,0.6794891357421875,
56.299999999999997,0.67693328857421875,
56.399999999999999,0.6692657470703125,
56.5,0.6616058349609375,
56.600000000000001,0.65904998779296875,
56.700000000000003,0.6692657470703125,
56.799999999999997,0.684600830078125,
56.899999999999999,0.68204498291015625,
57,0.66416168212890625,
57.100000000000001,0.64116668701171875,
57.200000000000003,0.6156158447265625,
57.299999999999997,0.60794830322265625,
57.399999999999999,0.6156158447265625,
57.5,0.62583160400390625,
57.600000000000001,0.6334991455078125,
57.700000000000003,0.6437225341796875,
57.799999999999997,0.656494140625,
57.899999999999999,0.67437744140625,
58,0.6897125244140625,
58.100000000000001,0.6973724365234375,
58.200000000000003,0.69992828369140625,
58.299999999999997,0.68715667724609375,
58.399999999999999,0.66416168212890625,
58.5,0.656494140625,
58.600000000000001,0.65904998779296875,
58.700000000000003,0.65393829345703125,
58.799999999999997,0.65393829345703125,
58.899999999999999,0.666717529296875,
59,0.6794891357421875,
59.100000000000001,0.6897125244140625,
59.200000000000003,0.70503997802734375,
59.299999999999997,0.7075958251953125,
59.399999999999999,0.6922607421875,
59.5,0.67182159423828125,
59.600000000000001,0.67437744140625,
59.700000000000003,0.7254791259765625,
59.799999999999997,0.88899993896484375,
59.899999999999999,1.1547164916992188,
60,1.3872222900390625,3.6231884956359863
60.100000000000001,1.6836013793945312,
60.200000000000003,1.97998046875,
60.299999999999997,2.2738113403320312,
60.399999999999999,2.5574111938476562,
60.5,2.8410186767578125,
60.600000000000001,2.9866561889648438,
60.700000000000003,3.1706161499023438,
60.799999999999997,3.3954544067382812,
60.899999999999999,3.5896377563476562,
61,3.6611709594726562,
61.100000000000001,3.6356277465820312,
61.200000000000003,3.6202926635742188,
61.299999999999997,3.5972976684570312,
61.399999999999999,3.5385360717773438,
61.5,3.4848785400390625,
61.600000000000001,3.444000244140625,
61.700000000000003,3.4184494018554688,
61.799999999999997,3.3852310180664062,
61.899999999999999,3.2625961303710938,
62,3.0505294799804688,
62.100000000000001,2.8410186767578125,
62.200000000000003,2.6468353271484375,
62.299999999999997,2.47821044921875,
62.399999999999999,2.2789154052734375,
62.5,2.046417236328125,
62.600000000000001,1.8675613403320312,
62.700000000000003,1.622283935546875,
62.799999999999997,1.2109298706054688,
62.899999999999999,0.9554290771484375,
63,0.942657470703125,
63.100000000000001,0.886444091796875,
63.200000000000003,0.79190826416015625,
63.299999999999997,0.7714691162109375,
63.399999999999999,0.82512664794921875,
63.5,0.91455078125,
63.600000000000001,1.0014190673828125,
63.700000000000003,1.0627365112304688,
63.799999999999997,1.0499649047851562,
63.899999999999999,0.95798492431640625,
64,0.89411163330078125,
64.099999999999994,0.8813323974609375,
64.200000000000003,0.8736724853515625,
64.299999999999997,0.8455657958984375,
64.400000000000006,0.82257080078125,
64.5,0.8353424072265625,
64.599999999999994,0.8532257080078125,
64.700000000000003,0.8532257080078125,
64.799999999999997,0.83278656005859375,
64.900000000000006,0.8046875,
65,0.776580810546875,
65.099999999999994,0.75614166259765625,
65.200000000000003,0.74847412109375,
65.299999999999997,0.7612457275390625,
65.400000000000006,0.7893524169921875,
65.5,0.82257080078125,
65.599999999999994,0.86089324951171875,
65.700000000000003,0.9273223876953125,
65.799999999999997,1.0269699096679688,
65.900000000000006,1.1291656494140625,
66,1.2466964721679688,
66.099999999999994,1.3795623779296875,
66.200000000000003,1.474090576171875,
66.299999999999997,1.5379714965820312,
66.400000000000006,1.63250732421875,
66.5,1.7628097534179688,
66.599999999999994,1.9058914184570312,
66.700000000000003,2.0924072265625,
66.799999999999997,2.2789154052734375,
66.900000000000006,2.43988037109375,
67,2.577850341796875,
67.099999999999994,2.6417312622070312,
67.200000000000003,2.6596145629882812,
67.299999999999997,2.6391754150390625,
67.400000000000006,2.6008453369140625,
67.5,2.5753021240234375,
67.599999999999994,2.5216445922851562,
67.700000000000003,2.4449920654296875,
67.799999999999997,2.3887863159179688,
67.900000000000006,2.3530120849609375,
68,2.3172454833984375,
68.099999999999994,2.2789154052734375,
68.200000000000003,2.209930419921875,
68.299999999999997,2.117950439453125,
68.400000000000006,2.0285263061523438,
68.5,1.9646530151367188,
68.599999999999994,1.9493255615234375,
68.700000000000003,1.92633056640625,
68.799999999999997,1.8726730346679688,
68.900000000000006,1.8496780395507812,
69,1.916107177734375,
69.099999999999994,2.0131988525390625,
69.200000000000003,2.0796279907226562,
69.299999999999997,2.1128463745117188,
69.400000000000006,2.0924072265625,
69.5,2.07196044921875,
69.599999999999994,2.0413055419921875,
69.700000000000003,1.9850921630859375,
69.799999999999997,1.933990478515625,
69.900000000000006,1.8905563354492188,
70,1.8266830444335938,8.2530946731567383
70.099999999999994,1.7372589111328125,
70.200000000000003,1.6478347778320312,
70.299999999999997,1.54052734375,
70.400000000000006,1.41021728515625,
70.5,1.2773590087890625,
70.599999999999994,1.15216064453125,
70.700000000000003,1.0448532104492188,
70.799999999999997,0.98097991943359375,
70.900000000000006,0.9375457763671875,
71,0.89411163330078125,
71.099999999999994,0.8634490966796875,
71.200000000000003,0.84812164306640625,
71.299999999999997,0.82512664794921875,
71.400000000000006,0.7995758056640625,
71.5,0.7893524169921875,
71.599999999999994,0.78424072265625,
71.700000000000003,0.7816925048828125,
71.799999999999997,0.76891326904296875,
71.900000000000006,0.74847412109375,
72,0.74080657958984375,
72.099999999999994,0.73314666748046875,
72.200000000000003,0.7305908203125,
72.299999999999997,0.72803497314453125,
72.400000000000006,0.72292327880859375,
72.5,0.73314666748046875,
72.599999999999994,0.7433624267578125,
72.700000000000003,0.74591827392578125,
72.799999999999997,0.7433624267578125,
72.900000000000006,0.7433624267578125,
73,0.7433624267578125,
73.099999999999994,0.72803497314453125,
73.200000000000003,0.70503997802734375,
73.299999999999997,0.69481658935546875,
73.400000000000006,0.69481658935546875,
73.5,0.70503997802734375,
73.599999999999994,0.72803497314453125,
73.700000000000003,0.77913665771484375,
73.799999999999997,0.886444091796875,
73.900000000000006,1.0550765991210938,
74,1.2696914672851562,
74.099999999999994,1.5328598022460938,
74.200000000000003,1.7960205078125,
74.299999999999997,2.018310546875,
74.400000000000006,2.2227096557617188,
74.5,2.4628753662109375,
74.599999999999994,2.7515945434570312,
74.700000000000003,3.0454177856445312,
74.799999999999997,3.3315811157226562,
74.900000000000006,3.6024093627929688,
75,3.8349151611328125,
75.099999999999994,3.9984359741210938,
75.200000000000003,4.1082992553710938,
75.299999999999997,4.2130508422851562,
75.400000000000006,4.1568450927734375,
75.5,3.8936767578125,
75.599999999999994,3.7071609497070312,
75.700000000000003,3.5768585205078125,
75.799999999999997,3.4005661010742188,
75.900000000000006,3.221710205078125,
76,3.0070953369140625,
76.099999999999994,2.7337112426757812,
76.200000000000003,2.4271087646484375,
76.299999999999997,2.1332855224609375,
76.400000000000006,1.8343505859375,
76.5,1.5635223388671875,
76.599999999999994,1.41021728515625,
76.700000000000003,1.3565673828125,
76.799999999999997,1.272247314453125,
76.900000000000006,1.11639404296875,
77,0.97586822509765625,
77.099999999999994,0.9094390869140625,
77.200000000000003,0.83789825439453125,
77.299999999999997,0.766357421875,
77.400000000000006,0.72803497314453125,
77.5,0.68715667724609375,
77.599999999999994,0.62583160400390625,
77.700000000000003,0.56707000732421875,
77.799999999999997,0.53896331787109375,
77.900000000000006,0.57218170166015625,
78,0.63861083984375,
78.099999999999994,0.6692657470703125,
78.200000000000003,0.66416168212890625,
78.299999999999997,0.65904998779296875,
78.400000000000006,0.67182159423828125,
78.5,0.69992828369140625,
78.599999999999994,0.7254791259765625,
78.700000000000003,0.738250732421875,
78.799999999999997,0.7305908203125,
78.900000000000006,0.73314666748046875,
79,0.78424072265625,
79.099999999999994,0.86600494384765625,
79.200000000000003,0.9733123779296875,
79.299999999999997,1.1240615844726562,
79.400000000000006,1.3182373046875,
79.5,1.5328598022460938,
79.599999999999994,1.7244873046875,
79.700000000000003,1.8956680297851562,
79.799999999999997,2.0975112915039062,
79.900000000000006,2.3453521728515625,
80,2.5753021240234375,8.7719297409057617
80.099999999999994,2.7515945434570312,
80.200000000000003,2.9125595092773438,
80.299999999999997,3.083740234375,
80.400000000000006,3.2063827514648438,
80.5,3.2983627319335938,
80.599999999999994,3.3647918701171875,
80.700000000000003,3.3903427124023438,
80.799999999999997,3.3647918701171875,
80.900000000000006,3.334136962890625,
81,3.2728118896484375,
81.099999999999994,3.1884994506835938,
81.200000000000003,3.1476211547851562,
81.299999999999997,3.1655044555664062,
81.400000000000006,3.21405029296875,
81.5,3.2191619873046875,
81.599999999999994,3.1629486083984375,
81.700000000000003,3.0914077758789062,
81.799999999999997,3.001983642578125,
81.900000000000006,2.8972320556640625,
82,2.7950286865234375,
82.099999999999994,2.6672821044921875,
82.200000000000003,2.4730987548828125,
82.299999999999997,2.2405929565429688,
82.400000000000006,2.0285263061523438,
82.5,1.8650054931640625,
82.599999999999994,1.7193756103515625,
82.700000000000003,1.55841064453125,
82.799999999999997,1.402557373046875,
82.900000000000006,1.2748031616210938,
83,1.180267333984375,
83.099999999999994,1.0933990478515625,
83.200000000000003,1.0039749145507812,
83.299999999999997,0.93243408203125,
83.400000000000006,0.8813323974609375,
83.5,0.80979156494140625,
83.599999999999994,0.7254791259765625,
83.700000000000003,0.66416168212890625,
83.799999999999997,0.62583160400390625,
83.900000000000006,0.610504150390625,
84,0.6156158447265625,
84.099999999999994,0.61817169189453125,
84.200000000000003,0.61817169189453125,
84.299999999999997,0.6232757568359375,
84.400000000000006,0.6232757568359375,
84.5,0.6232757568359375,
84.599999999999994,0.628387451171875,
84.700000000000003,0.63605499267578125,
84.799999999999997,0.6437225341796875,
84.900000000000006,0.67693328857421875,
85,0.74847412109375,
85.099999999999994,0.8634490966796875,
85.200000000000003,0.99886322021484375,
85.299999999999997,1.1368331909179688,
85.400000000000006,1.2926864624023438,
85.5,1.4715423583984375,
85.599999999999994,1.658050537109375,
85.700000000000003,1.8726730346679688,
85.799999999999997,2.100067138671875,
85.900000000000006,2.3172454833984375,
86,2.524200439453125,
86.099999999999994,2.726043701171875,
86.200000000000003,2.9355545043945312,
86.299999999999997,3.1373977661132812,
86.400000000000006,3.3162460327148438,
86.5,3.444000244140625,
86.599999999999994,3.5308685302734375,
86.700000000000003,3.6509552001953125,
86.799999999999997,3.7352676391601562,
86.900000000000006,3.7506027221679688,
87,3.7352676391601562,
87.099999999999994,3.6305160522460938,
87.200000000000003,3.4388885498046875,
87.299999999999997,3.24981689453125,
87.400000000000006,3.0454177856445312,
87.5,2.8026962280273438,
87.599999999999994,2.6085128784179688,
87.700000000000003,2.4986495971679688,
87.799999999999997,2.4526596069335938,
87.900000000000006,2.4168853759765625,
88,2.376007080078125,
88.099999999999994,2.33001708984375,
88.200000000000003,2.25592041015625,
88.299999999999997,2.1409454345703125,
88.400000000000006,2.025970458984375,
88.5,1.9493255615234375,
88.599999999999994,1.9007797241210938,
88.700000000000003,1.85223388671875,
88.799999999999997,1.7985763549804688,
88.900000000000006,1.750030517578125,
89,1.7091522216796875,
89.099999999999994,1.6631622314453125,
89.200000000000003,1.5992889404296875,
89.299999999999997,1.5047531127929688,
89.400000000000006,1.382110595703125,
89.5,1.2288131713867188,
89.599999999999994,1.0652923583984375,
89.700000000000003,0.9196624755859375,
89.799999999999997,0.812347412109375,
89.900000000000006,0.74080657958984375,
90,0.684600830078125,9.2879257202148438
90.099999999999994,0.63861083984375,
90.200000000000003,0.60794830322265625,
90.299999999999997,0.58495330810546875,
90.400000000000006,0.574737548828125,
90.5,0.56195831298828125,
90.599999999999994,0.546630859375,
90.700000000000003,0.5415191650390625,
90.799999999999997,0.5312957763671875,
90.900000000000006,0.500640869140625,
91,0.47509002685546875,
91.099999999999994,0.4776458740234375,
91.200000000000003,0.49808502197265625,
91.299999999999997,0.5236358642578125,
91.400000000000006,0.53385162353515625,
91.5,0.546630859375,
91.599999999999994,0.5594024658203125,
91.700000000000003,0.57218170166015625,
91.799999999999997,0.5875091552734375,
91.900000000000006,0.610504150390625,
92,0.63605499267578125,
92.099999999999994,0.6437225341796875,
92.200000000000003,0.63094329833984375,
92.299999999999997,0.6207275390625,
92.400000000000006,0.6207275390625,
92.5,0.62583160400390625,
92.599999999999994,0.6207275390625,
92.700000000000003,0.61305999755859375,
92.799999999999997,0.610504150390625,
92.900000000000006,0.610504150390625,
93,0.6053924560546875,
93.099999999999994,0.60283660888671875,
93.200000000000003,0.60028076171875,
93.299999999999997,0.59517669677734375,
93.400000000000006,0.5772857666015625,
93.5,0.5517425537109375,
93.599999999999994,0.5415191650390625,
93.700000000000003,0.54918670654296875,
93.799999999999997,0.56707000732421875,
93.900000000000006,0.5772857666015625,
94,0.57218170166015625,
94.099999999999994,0.57218170166015625,
94.200000000000003,0.57984161376953125,
94.299999999999997,0.58495330810546875,
94.400000000000006,0.5823974609375,
94.5,0.57984161376953125,
94.599999999999994,0.574737548828125,
94.700000000000003,0.55684661865234375,
94.799999999999997,0.53385162353515625,
94.900000000000006,0.52619171142578125,
95,0.518524169921875,
95.099999999999994,0.50319671630859375,
95.200000000000003,0.50319671630859375,
95.299999999999997,0.5236358642578125,
95.400000000000006,0.52619171142578125,
95.5,0.5057525634765625,
95.599999999999994,0.49297332763671875,
95.700000000000003,0.482757568359375,
95.799999999999997,0.45720672607421875,
95.900000000000006,0.42910003662109375,
96,0.41121673583984375,
96.099999999999994,0.40610504150390625,
96.200000000000003,0.41632080078125,
96.299999999999997,0.436767578125,
96.400000000000006,0.46486663818359375,
96.5,0.5236358642578125,
96.599999999999994,0.6053924560546875,
96.700000000000003,0.6973724365234375,
96.799999999999997,0.7714691162109375,
96.900000000000006,0.812347412109375,
97,0.88899993896484375,
97.099999999999994,1.106170654296875,
97.200000000000003,1.3795623779296875,
97.299999999999997,1.6146163940429688,
97.400000000000006,1.8496780395507812,
97.5,2.0566329956054688,
97.599999999999994,2.2150421142578125,
97.700000000000003,2.3453521728515625,
97.799999999999997,2.4475479125976562,
97.900000000000006,2.4449920654296875,
98,2.3274612426757812,
98.099999999999994,2.1971588134765625,
98.200000000000003,2.1205062866210938,
98.299999999999997,2.064300537109375,
98.400000000000006,1.990203857421875,
98.5,1.9212188720703125,
98.599999999999994,1.88800048828125,
98.700000000000003,1.8547897338867188,
98.799999999999997,1.8087997436523438,
98.900000000000006,1.74237060546875,
99,1.6529464721679688,
99.099999999999994,1.5686264038085938,
99.200000000000003,1.5098648071289062,
99.299999999999997,1.48431396484375,
99.400000000000006,1.4510955810546875,
99.5,1.41021728515625,
99.599999999999994,1.392333984375,
99.700000000000003,1.3974456787109375,
99.799999999999997,1.392333984375,
99.900000000000006,1.3795623779296875,
100,1.3591156005859375,8.0071172714233398
100.09999999999999,1.3029098510742188,
100.2,1.2211456298828125,
100.3,1.180267333984375,
100.40000000000001,1.1700515747070312,
100.5,1.1470565795898438,
100.59999999999999,1.13427734375,
100.7,1.1368331909179688,
100.8,1.1470565795898438,
100.90000000000001,1.1598281860351562,
101,1.1777114868164062,
101.09999999999999,1.1956024169921875,
101.2,1.1853790283203125,
101.3,1.15216064453125,
101.40000000000001,1.13427734375,
101.5,1.1368331909179688,
101.59999999999999,1.1368331909179688,
101.7,1.1419448852539062,
101.8,1.1496124267578125,
101.90000000000001,1.15216064453125,
102,1.15216064453125,
102.09999999999999,1.162384033203125,
102.2,1.1777114868164062,
102.3,1.180267333984375,
102.40000000000001,1.162384033203125,
102.5,1.126617431640625,
102.59999999999999,1.1138381958007812,
102.7,1.1368331909179688,
102.8,1.1649398803710938,
102.90000000000001,1.172607421875,
103,1.1598281860351562,
103.09999999999999,1.1547164916992188,
103.2,1.1547164916992188,
103.3,1.1674957275390625,
103.40000000000001,1.1828231811523438,
103.5,1.2007064819335938,
103.59999999999999,1.2160415649414062,
103.7,1.2032623291015625,
103.8,1.1751556396484375,
103.90000000000001,1.172607421875,
104,1.1879348754882812,
104.09999999999999,1.1956024169921875,
104.2,1.1956024169921875,
104.3,1.198150634765625,
104.40000000000001,1.2007064819335938,
104.5,1.2058181762695312,
104.59999999999999,1.2134857177734375,
104.7,1.2211456298828125,
104.8,1.22625732421875,
104.90000000000001,1.2211456298828125,
105,1.254364013671875,
105.09999999999999,1.3080215454101562,
105.2,1.2415924072265625,
105.3,0.99886322021484375,
105.40000000000001,0.80213165283203125,
105.5,0.75614166259765625,
105.59999999999999,0.73314666748046875,
105.7,0.6922607421875,
105.8,0.63094329833984375,
105.90000000000001,0.55684661865234375,
106,0.482757568359375,
106.09999999999999,0.41632080078125,
106.2,0.34478759765625,
106.3,0.26813507080078125,
106.40000000000001,0.2093658447265625,
106.5,0.186370849609375,
106.59999999999999,0.19403839111328125,
106.7,0.20426177978515625,
106.8,0.2298126220703125,
106.90000000000001,0.316680908203125,
107,0.44698333740234375,
107.09999999999999,0.56451416015625,
107.2,0.656494140625,
107.3,0.7357025146484375,
107.40000000000001,0.794464111328125,
107.5,0.82257080078125,
107.59999999999999,0.850677490234375,
107.7,0.8992156982421875,
107.8,0.95798492431640625,
107.90000000000001,1.0193023681640625,
108,1.0959548950195312,
108.09999999999999,1.2032623291015625,
108.2,1.3335723876953125,
108.3,1.4792022705078125,
108.40000000000001,1.63250732421875,
108.5,1.7985763549804688,
108.59999999999999,1.9825363159179688,
108.7,2.156280517578125,
108.8,2.3198013305664062,
108.90000000000001,2.485870361328125,
109,2.651947021484375,
109.09999999999999,2.77203369140625,
109.2,2.8844528198242188,
109.3,3.0352020263671875,
109.40000000000001,3.168060302734375,
109.5,3.203826904296875,
109.59999999999999,3.129730224609375,
109.7,2.984100341796875,
109.8,2.8026962280273438,
109.90000000000001,2.5855178833007812,
110,2.3427963256835938,6.2630481719970703
110.09999999999999,2.100067138671875,
110.2,1.8573455810546875,
110.3,1.6350555419921875,
110.40000000000001,1.4689865112304688,
110.5,1.3310165405273438,
110.59999999999999,1.2058181762695312,
110.7,1.08062744140625,
110.8,0.9554290771484375,
110.90000000000001,0.8353424072265625,
111,0.7357025146484375,
111.09999999999999,0.646270751953125,
111.2,0.56451416015625,
111.3,0.5057525634765625,
111.40000000000001,0.4776458740234375,
111.5,0.46486663818359375,
111.59999999999999,0.4597625732421875,
111.7,0.45720672607421875,
111.8,0.45465087890625,
111.90000000000001,0.44698333740234375,
112,0.4495391845703125,
112.09999999999999,0.4597625732421875,
112.2,0.45720672607421875,
112.3,0.44187164306640625,
112.40000000000001,0.426544189453125,
112.5,0.3984375,
112.59999999999999,0.37288665771484375,
112.7,0.3677825927734375,
112.8,0.38311004638671875,
112.90000000000001,0.390777587890625,
113,0.38822174072265625,
113.09999999999999,0.38311004638671875,
113.2,0.38311004638671875,
113.3,0.38822174072265625,
113.40000000000001,0.3933258056640625,
113.5,0.40099334716796875,
113.59999999999999,0.4137725830078125,
113.7,0.4137725830078125,
113.8,0.40610504150390625,
113.90000000000001,0.3984375,
114,0.390777587890625,
114.09999999999999,0.39588165283203125,
114.2,0.408660888671875,
114.3,0.408660888671875,
114.40000000000001,0.4137725830078125,
114.5,0.41887664794921875,
114.59999999999999,0.4214324951171875,
114.7,0.42398834228515625,
114.8,0.41887664794921875,
114.90000000000001,0.41632080078125,
115,0.4137725830078125,
115.09999999999999,0.41632080078125,
115.2,0.41121673583984375,
115.3,0.390777587890625,
115.40000000000001,0.38055419921875,
115.5,0.3933258056640625,
115.59999999999999,0.408660888671875,
115.7,0.426544189453125,
115.8,0.444427490234375,
115.90000000000001,0.47509002685546875,
116,0.52108001708984375,
116.09999999999999,0.57218170166015625,
116.2,0.6334991455078125,
116.3,0.72292327880859375,
116.40000000000001,0.82257080078125,
116.5,0.91199493408203125,
116.59999999999999,0.96309661865234375,
116.7,0.98097991943359375,
116.8,0.9835357666015625,
116.90000000000001,0.9733123779296875,
117,0.9452056884765625,
117.09999999999999,0.8992156982421875,
117.2,0.868560791015625,
117.3,0.8736724853515625,
117.40000000000001,0.92987823486328125,
117.5,1.0014190673828125,
117.59999999999999,1.0295257568359375,
117.7,0.99886322021484375,
117.8,0.942657470703125,
117.90000000000001,0.85833740234375,
118,0.75102996826171875,
118.09999999999999,0.666717529296875,
118.2,0.6156158447265625,
118.3,0.61305999755859375,
118.40000000000001,0.61817169189453125,
118.5,0.6513824462890625,
118.59999999999999,0.66416168212890625,
118.7,0.63605499267578125,
118.8,0.6207275390625,
118.90000000000001,0.60794830322265625,
119,0.60283660888671875,
119.09999999999999,0.646270751953125,
119.2,0.73314666748046875,
119.3,0.84300994873046875,
119.40000000000001,1.0295257568359375,
119.5,1.2799148559570312,
119.59999999999999,1.548187255859375,
119.7,1.8369064331054688,
119.8,2.14605712890625,
119.90000000000001,2.4577713012695312,
120,2.754150390625,5.4249544143676758
120.09999999999999,3.0428619384765625,
120.2,3.2753677368164062,
120.3,3.5129852294921875,
120.40000000000001,3.8195877075195312,
120.5,4.1031875610351562,
120.59999999999999,4.3050308227539062,
120.7,4.4072341918945312,
120.8,4.3970108032226562,
120.90000000000001,4.2948150634765625,
121,4.1364059448242188,
121.09999999999999,3.9907684326171875,
121.2,3.8962326049804688,
121.3,3.8349151611328125,
121.40000000000001,3.8093643188476562,
121.5,3.8885726928710938,
121.59999999999999,3.9473342895507812,
121.7,3.8681259155273438,
121.8,3.69183349609375,
121.90000000000001,3.4414443969726562,
122,3.1884994506835938,
122.09999999999999,2.892120361328125,
122.2,2.5216445922851562,
122.3,2.1588363647460938,
122.40000000000001,1.8675613403320312,
122.5,1.6273956298828125,
122.59999999999999,1.402557373046875,
122.7,1.1853790283203125,
122.8,1.034637451171875,
122.90000000000001,0.97075653076171875,
123,0.97075653076171875,
123.09999999999999,0.93498992919921875,
123.2,0.868560791015625,
123.3,0.8532257080078125,
123.40000000000001,0.80213165283203125,
123.5,0.74847412109375,
123.59999999999999,0.76380157470703125,
123.7,0.776580810546875,
123.8,0.7254791259765625,
123.90000000000001,0.666717529296875,
124,0.646270751953125,
124.09999999999999,0.6437225341796875,
124.2,0.6794891357421875,
124.3,0.7152557373046875,
124.40000000000001,0.7075958251953125,
124.5,0.67693328857421875,
124.59999999999999,0.61305999755859375,
124.7,0.546630859375,
124.8,0.518524169921875,
124.90000000000001,0.5134124755859375,
125,0.5134124755859375,
125.09999999999999,0.518524169921875,
125.2,0.58495330810546875,
125.3,0.66416168212890625,
125.40000000000001,0.6897125244140625,
125.5,0.68715667724609375,
125.59999999999999,0.6794891357421875,
125.7,0.6897125244140625,
125.8,0.6922607421875,
125.90000000000001,0.65393829345703125,
126,0.6156158447265625,
126.09999999999999,0.6053924560546875,
126.2,0.61305999755859375,
126.3,0.6207275390625,
126.40000000000001,0.646270751953125,
126.5,0.72292327880859375,
126.59999999999999,0.8276824951171875,
126.7,0.91710662841796875,
126.8,1.014190673828125,
126.90000000000001,1.1879348754882812,
127,1.420440673828125,
127.09999999999999,1.6529464721679688,
127.2,1.8599014282226562,
127.3,2.0157546997070312,
127.40000000000001,2.1307296752929688,
127.5,2.1997146606445312,
127.59999999999999,2.22015380859375,
127.7,2.2457046508789062,
127.8,2.2738113403320312,
127.90000000000001,2.2968063354492188,
128,2.3606796264648438,
128.09999999999999,2.4654312133789062,
128.19999999999999,2.5829620361328125,
128.30000000000001,2.6391754150390625,
128.40000000000001,2.5906295776367188,
128.5,2.5165328979492188,
128.59999999999999,2.4807662963867188,
128.69999999999999,2.467987060546875,
128.80000000000001,2.3836746215820312,
128.90000000000001,2.1409454345703125,
129,1.770477294921875,
129.09999999999999,1.3948898315429688,
129.19999999999999,1.13427734375,
129.30000000000001,0.9835357666015625,
129.40000000000001,0.87111663818359375,
129.5,0.77913665771484375,
129.59999999999999,0.71270751953125,
129.69999999999999,0.67437744140625,
129.80000000000001,0.63861083984375,
129.90000000000001,0.60794830322265625,
130,0.58495330810546875,6.3761954307556152
130.09999999999999,0.56195831298828125,
130.19999999999999,0.53896331787109375,
130.30000000000001,0.5517425537109375,
130.40000000000001,0.59517669677734375,
130.5,0.6156158447265625,
130.59999999999999,0.60794830322265625,
130.69999999999999,0.58495330810546875,
130.80000000000001,0.56195831298828125,
130.90000000000001,0.55684661865234375,
131,0.546630859375,
131.09999999999999,0.52108001708984375,
131.19999999999999,0.50830078125,
131.30000000000001,0.50319671630859375,
131.40000000000001,0.482757568359375,
131.5,0.4597625732421875,
131.59999999999999,0.45209503173828125,
131.69999999999999,0.4674224853515625,
131.80000000000001,0.48786163330078125,
131.90000000000001,0.518524169921875,
132,0.592620849609375,
132.09999999999999,0.69481658935546875,
132.19999999999999,0.79701995849609375,
132.30000000000001,0.9094390869140625,
132.40000000000001,1.0499649047851562,
132.5,1.1956024169921875,
132.59999999999999,1.3029098510742188,
132.69999999999999,1.3948898315429688,
132.80000000000001,1.512420654296875,
132.90000000000001,1.6606063842773438,
133,1.806243896484375,
133.09999999999999,1.8956680297851562,
133.19999999999999,1.9109954833984375,
133.30000000000001,1.8496780395507812,
133.40000000000001,1.7347030639648438,
133.5,1.5967330932617188,
133.59999999999999,1.4638748168945312,
133.69999999999999,1.3488998413085938,
133.80000000000001,1.244140625,
133.90000000000001,1.11639404296875,
134,0.98097991943359375,
134.09999999999999,0.89411163330078125,
134.19999999999999,0.84300994873046875,
134.30000000000001,0.7995758056640625,
134.40000000000001,0.758697509765625,
134.5,0.7254791259765625,
134.59999999999999,0.69992828369140625,
134.69999999999999,0.67693328857421875,
134.80000000000001,0.6513824462890625,
134.90000000000001,0.63094329833984375,
135,0.61817169189453125,
135.09999999999999,0.59517669677734375,
135.19999999999999,0.5696258544921875,
135.30000000000001,0.55684661865234375,
135.40000000000001,0.57218170166015625,
135.5,0.61817169189453125,
135.59999999999999,0.7305908203125,
135.69999999999999,0.88388824462890625,
135.80000000000001,1.034637451171875,
135.90000000000001,1.2415924072265625,
136,1.48431396484375,
136.09999999999999,1.7755813598632812,
136.19999999999999,2.192047119140625,
136.30000000000001,2.6672821044921875,
136.40000000000001,3.0326461791992188,
136.5,3.2677001953125,
136.59999999999999,3.50787353515625,
136.69999999999999,3.8144760131835938,
136.80000000000001,4.0623092651367188,
136.90000000000001,4.1542892456054688,
137,4.0393142700195312,
137.09999999999999,3.7633743286132812,
137.19999999999999,3.5155410766601562,
137.30000000000001,3.3162460327148438,
137.40000000000001,3.1578369140625,
137.5,2.9713211059570312,
137.59999999999999,2.7669219970703125,
137.69999999999999,2.5114212036132812,
137.80000000000001,2.2431488037109375,
137.90000000000001,2.0055313110351562,
138,1.7909164428710938,
138.09999999999999,1.5814056396484375,
138.19999999999999,1.392333984375,
138.30000000000001,1.2518081665039062,
138.40000000000001,1.1419448852539062,
138.5,1.052520751953125,
138.59999999999999,0.97586822509765625,
138.69999999999999,0.904327392578125,
138.80000000000001,0.83789825439453125,
138.90000000000001,0.7612457275390625,
139,0.684600830078125,
139.09999999999999,0.63605499267578125,
139.19999999999999,0.61305999755859375,
139.30000000000001,0.60283660888671875,
139.40000000000001,0.5977325439453125,
139.5,0.59517669677734375,
139.59999999999999,0.592620849609375,
139.69999999999999,0.59517669677734375,
139.80000000000001,0.5977325439453125,
139.90000000000001,0.60028076171875,
140,0.60283660888671875,6.6914501190185547
140.09999999999999,0.6053924560546875,
140.19999999999999,0.60283660888671875,
140.30000000000001,0.592620849609375,
140.40000000000001,0.5823974609375,
140.5,0.5875091552734375,
140.59999999999999,0.60283660888671875,
140.69999999999999,0.60794830322265625,
140.80000000000001,0.61817169189453125,
140.90000000000001,0.628387451171875,
141,0.63861083984375,
141.09999999999999,0.64882659912109375,
141.19999999999999,0.65393829345703125,
141.30000000000001,0.656494140625,
141.40000000000001,0.6616058349609375,
141.5,0.6692657470703125,
141.59999999999999,0.67437744140625,
141.69999999999999,0.68715667724609375,
141.80000000000001,0.7305908203125,
141.90000000000001,0.81490325927734375,
142,0.91710662841796875,
142.09999999999999,1.0167465209960938,
142.19999999999999,1.1215057373046875,
142.30000000000001,1.2415924072265625,
142.40000000000001,1.3693389892578125,
142.5,1.4996414184570312,
142.59999999999999,1.6171722412109375,
142.69999999999999,1.7525863647460938,
142.80000000000001,1.9288864135742188,
142.90000000000001,2.0898513793945312,
143,2.25592041015625,
143.09999999999999,2.4705429077148438,
143.19999999999999,2.6800537109375,
143.30000000000001,2.8870086669921875,
143.40000000000001,3.093963623046875,
143.5,3.3060302734375,
143.59999999999999,3.5308685302734375,
143.69999999999999,3.7301559448242188,
143.80000000000001,3.8809051513671875,
143.90000000000001,3.9984359741210938,
144,3.9320068359375,
144.09999999999999,3.627960205078125,
144.19999999999999,3.2293777465820312,
144.30000000000001,2.782257080078125,
144.40000000000001,2.3325729370117188,
144.5,1.9569854736328125,
144.59999999999999,1.6631622314453125,
144.69999999999999,1.4332122802734375,
144.80000000000001,1.2569198608398438,
144.90000000000001,1.1240615844726562,
145,1.0320816040039062,
145.09999999999999,0.94776153564453125,
145.19999999999999,0.868560791015625,
145.30000000000001,0.82001495361328125,
145.40000000000001,0.7714691162109375,
145.5,0.71781158447265625,
145.59999999999999,0.67182159423828125,
145.69999999999999,0.65393829345703125,
145.80000000000001,0.65904998779296875,
145.90000000000001,0.66416168212890625,
146,0.67182159423828125,
146.09999999999999,0.6794891357421875,
146.19999999999999,0.6692657470703125,
146.30000000000001,0.6513824462890625,
146.40000000000001,0.6437225341796875,
146.5,0.63605499267578125,
146.59999999999999,0.63094329833984375,
146.69999999999999,0.6207275390625,
146.80000000000001,0.60028076171875,
146.90000000000001,0.57218170166015625,
147,0.56195831298828125,
147.09999999999999,0.57218170166015625,
147.19999999999999,0.5772857666015625,
147.30000000000001,0.57984161376953125,
147.40000000000001,0.5823974609375,
147.5,0.58495330810546875,
147.59999999999999,0.592620849609375,
147.69999999999999,0.59517669677734375,
147.80000000000001,0.59517669677734375,
147.90000000000001,0.59006500244140625,
148,0.59517669677734375,
148.09999999999999,0.5875091552734375,
148.19999999999999,0.56451416015625,
148.30000000000001,0.5517425537109375,
148.40000000000001,0.554290771484375,
148.5,0.55684661865234375,
148.59999999999999,0.56707000732421875,
148.69999999999999,0.5823974609375,
148.80000000000001,0.60028076171875,
148.90000000000001,0.62583160400390625,
149,0.6616058349609375,
149.09999999999999,0.702484130859375,
149.19999999999999,0.7612457275390625,
149.30000000000001,0.8455657958984375,
149.40000000000001,0.93498992919921875,
149.5,1.0039749145507812,
149.59999999999999,1.088287353515625,
149.69999999999999,1.2339248657226562,
149.80000000000001,1.4510955810546875,
149.90000000000001,1.6810455322265625,
150,1.908447265625,7.7720203399658203
150.09999999999999,2.14605712890625,
150.19999999999999,2.3990020751953125,
150.30000000000001,2.6493911743164062,
150.40000000000001,2.8716812133789062,
150.5,3.0684127807617188,
150.59999999999999,3.1884994506835938,
150.69999999999999,3.1884994506835938,
150.80000000000001,3.0735244750976562,
150.90000000000001,2.8665695190429688,
151,2.6366195678710938,
151.09999999999999,2.3785629272460938,
151.19999999999999,2.0872955322265625,
151.30000000000001,1.81646728515625,
151.40000000000001,1.5762939453125,
151.5,1.3770065307617188,
151.59999999999999,1.2160415649414062,
151.69999999999999,1.070404052734375,
151.80000000000001,0.94776153564453125,
151.90000000000001,0.8455657958984375,
152,0.74847412109375,
152.09999999999999,0.666717529296875,
152.19999999999999,0.610504150390625,
152.30000000000001,0.57218170166015625,
152.40000000000001,0.5415191650390625,
152.5,0.52108001708984375,
152.59999999999999,0.500640869140625,
152.69999999999999,0.4853057861328125,
152.80000000000001,0.4776458740234375,
152.90000000000001,0.482757568359375,
153,0.4853057861328125,
153.09999999999999,0.4853057861328125,
153.19999999999999,0.482757568359375,
153.30000000000001,0.4674224853515625,
153.40000000000001,0.4495391845703125,
153.5,0.4316558837890625,
153.59999999999999,0.42910003662109375,
153.69999999999999,0.43421173095703125,
153.80000000000001,0.43421173095703125,
153.90000000000001,0.44187164306640625,
154,0.47509002685546875,
154.09999999999999,0.5312957763671875,
154.19999999999999,0.58495330810546875,
154.30000000000001,0.6437225341796875,
154.40000000000001,0.7433624267578125,
154.5,0.8915557861328125,
154.59999999999999,1.0550765991210938,
154.69999999999999,1.2492523193359375,
154.80000000000001,1.48431396484375,
154.90000000000001,1.7295913696289062,
155,1.9697647094726562,
155.09999999999999,2.1792755126953125,
155.19999999999999,2.376007080078125,
155.30000000000001,2.5804061889648438,
155.40000000000001,2.782257080078125,
155.5,2.973876953125,
155.59999999999999,3.1578369140625,
155.69999999999999,3.295806884765625,
155.80000000000001,3.3673477172851562,
155.90000000000001,3.3571319580078125,
156,3.2651519775390625,
156.09999999999999,3.1348419189453125,
156.19999999999999,2.9815444946289062,
156.30000000000001,2.8231353759765625,
156.40000000000001,2.6800537109375,
156.5,2.5395278930664062,
156.59999999999999,2.3887863159179688,
156.69999999999999,2.2073822021484375,
156.80000000000001,2.008087158203125,
156.90000000000001,1.8036880493164062,
157,1.586517333984375,
157.09999999999999,1.364227294921875,
157.19999999999999,1.172607421875,
157.30000000000001,1.0550765991210938,
157.40000000000001,0.94776153564453125,
157.5,0.85833740234375,
157.59999999999999,0.776580810546875,
157.69999999999999,0.71781158447265625,
157.80000000000001,0.67693328857421875,
157.90000000000001,0.63605499267578125,
158,0.6053924560546875,
158.09999999999999,0.5823974609375,
158.19999999999999,0.56451416015625,
158.30000000000001,0.53896331787109375,
158.40000000000001,0.500640869140625,
158.5,0.46997833251953125,
158.59999999999999,0.462310791015625,
158.69999999999999,0.4725341796875,
158.80000000000001,0.48020172119140625,
158.90000000000001,0.482757568359375,
159,0.4776458740234375,
159.09999999999999,0.4674224853515625,
159.19999999999999,0.4495391845703125,
159.30000000000001,0.44698333740234375,
159.40000000000001,0.45465087890625,
159.5,0.462310791015625,
159.59999999999999,0.48786163330078125,
159.69999999999999,0.5134124755859375,
159.80000000000001,0.51596832275390625,
159.90000000000001,0.50319671630859375,
160,0.49297332763671875,9.5137424468994141
160.09999999999999,0.49297332763671875,
160.19999999999999,0.49808502197265625,
160.30000000000001,0.49808502197265625,
160.40000000000001,0.5057525634765625,
160.5,0.52874755859375,
160.59999999999999,0.57218170166015625,
160.69999999999999,0.64882659912109375,
160.80000000000001,0.758697509765625,
160.90000000000001,0.87877655029296875,
161,1.0014190673828125,
161.09999999999999,1.1496124267578125,
161.19999999999999,1.33612060546875,
161.30000000000001,1.5149765014648438,
161.40000000000001,1.6631622314453125,
161.5,1.7832489013671875,
161.59999999999999,1.8752288818359375,
161.69999999999999,1.9442138671875,
161.80000000000001,1.972320556640625,
161.90000000000001,1.96209716796875,
162,1.9365463256835938,
162.09999999999999,1.8905563354492188,
162.19999999999999,1.7909164428710938,
162.30000000000001,1.6631622314453125,
162.40000000000001,1.5635223388671875,
162.5,1.4894256591796875,
162.59999999999999,1.3872222900390625,
162.69999999999999,1.218597412109375,
162.80000000000001,1.0320816040039062,
162.90000000000001,0.8992156982421875,
163,0.8046875,
163.09999999999999,0.72803497314453125,
163.19999999999999,0.67182159423828125,
163.30000000000001,0.63094329833984375,
163.40000000000001,0.592620849609375,
163.5,0.546630859375,
163.59999999999999,0.50319671630859375,
163.69999999999999,0.48020172119140625,
163.80000000000001,0.4776458740234375,
163.90000000000001,0.48020172119140625,
164,0.49297332763671875,
164.09999999999999,0.51596832275390625,
164.19999999999999,0.53896331787109375,
164.30000000000001,0.56195831298828125,
164.40000000000001,0.60794830322265625,
164.5,0.68204498291015625,
164.59999999999999,0.7893524169921875,
164.69999999999999,0.91710662841796875,
164.80000000000001,1.0474090576171875,
164.90000000000001,1.1674957275390625,
165,1.2977981567382812,
165.09999999999999,1.4613189697265625,
165.19999999999999,1.6197280883789062,
165.30000000000001,1.7347030639648438,
165.40000000000001,1.8190155029296875,
165.5,1.85223388671875,
165.59999999999999,1.8266830444335938,
165.69999999999999,1.898223876953125,
165.80000000000001,2.0949554443359375,
165.90000000000001,2.3351287841796875,
166,2.598297119140625,
166.09999999999999,2.818023681640625,
166.19999999999999,2.973876953125,
166.30000000000001,3.1271820068359375,
166.40000000000001,3.2804794311523438,
166.5,3.387786865234375,
166.59999999999999,3.3775711059570312,
166.69999999999999,3.2472610473632812,
166.80000000000001,3.076080322265625,
166.90000000000001,2.8972320556640625,
167,2.7183761596679688,
167.09999999999999,2.4552154541015625,
167.19999999999999,2.11029052734375,
167.30000000000001,1.7730255126953125,
167.40000000000001,1.48431396484375,
167.5,1.2620315551757812,
167.59999999999999,1.0908432006835938,
167.69999999999999,0.9503173828125,
167.80000000000001,0.83789825439453125,
167.90000000000001,0.74847412109375,
168,0.6897125244140625,
168.09999999999999,0.6437225341796875,
168.19999999999999,0.60283660888671875,
168.30000000000001,0.57984161376953125,
168.40000000000001,0.56451416015625,
168.5,0.5415191650390625,
168.59999999999999,0.5057525634765625,
168.69999999999999,0.47509002685546875,
168.80000000000001,0.4674224853515625,
168.90000000000001,0.4776458740234375,
169,0.48786163330078125,
169.09999999999999,0.48786163330078125,
169.19999999999999,0.482757568359375,
169.30000000000001,0.4853057861328125,
169.40000000000001,0.49041748046875,
169.5,0.49041748046875,
169.59999999999999,0.48786163330078125,
169.69999999999999,0.49041748046875,
169.80000000000001,0.4955291748046875,
169.90000000000001,0.4853057861328125,
170,0.4674224853515625,7.964601993560791
170.09999999999999,0.4674224853515625,
170.19999999999999,0.49297332763671875,
170.30000000000001,0.536407470703125,
170.40000000000001,0.6053924560546875,
170.5,0.71015167236328125,
170.59999999999999,0.85578155517578125,
170.69999999999999,1.0550765991210938,
170.80000000000001,1.2952423095703125,
170.90000000000001,1.548187255859375,
171,1.8036880493164062,
171.09999999999999,2.046417236328125,
171.19999999999999,2.2610321044921875,
171.30000000000001,2.467987060546875,
171.40000000000001,2.6774978637695312,
171.5,2.8946762084960938,
171.59999999999999,3.1092910766601562,
171.69999999999999,3.3009185791015625,
171.80000000000001,3.4158935546875,
171.90000000000001,3.4312210083007812,
172,3.4465560913085938,
172.09999999999999,3.4388885498046875,
172.19999999999999,3.3162460327148438,
172.30000000000001,3.1348419189453125,
172.40000000000001,2.9508819580078125,
172.5,2.7873611450195312,
172.59999999999999,2.6417312622070312,
172.69999999999999,2.4884262084960938,
172.80000000000001,2.2891387939453125,
172.90000000000001,2.0208663940429688,
173,1.7576980590820312,
173.09999999999999,1.530303955078125,
173.19999999999999,1.3156814575195312,
173.30000000000001,1.126617431640625,
173.40000000000001,0.9656524658203125,
173.5,0.81490325927734375,
173.59999999999999,0.6692657470703125,
173.69999999999999,0.554290771484375,
173.80000000000001,0.47509002685546875,
173.90000000000001,0.4214324951171875,
174,0.3933258056640625,
174.09999999999999,0.38311004638671875,
174.19999999999999,0.37799835205078125,
174.30000000000001,0.37799835205078125,
174.40000000000001,0.38055419921875,
174.5,0.38311004638671875,
174.59999999999999,0.3856658935546875,
174.69999999999999,0.3856658935546875,
174.80000000000001,0.38055419921875,
174.90000000000001,0.370330810546875,
175,0.36011505126953125,
175.09999999999999,0.3677825927734375,
175.19999999999999,0.38055419921875,
175.30000000000001,0.38822174072265625,
175.40000000000001,0.39588165283203125,
175.5,0.408660888671875,
175.59999999999999,0.42398834228515625,
175.69999999999999,0.436767578125,
175.80000000000001,0.44698333740234375,
175.90000000000001,0.49041748046875,
176,0.58495330810546875,
176.09999999999999,0.68204498291015625,
176.19999999999999,0.7254791259765625,
176.30000000000001,0.7152557373046875,
176.40000000000001,0.69481658935546875,
176.5,0.684600830078125,
176.59999999999999,0.68715667724609375,
176.69999999999999,0.6794891357421875,
176.80000000000001,0.666717529296875,
176.90000000000001,0.656494140625,
177,0.6513824462890625,
177.09999999999999,0.6513824462890625,
177.19999999999999,0.64882659912109375,
177.30000000000001,0.63605499267578125,
177.40000000000001,0.5977325439453125,
177.5,0.56195831298828125,
177.59999999999999,0.5517425537109375,
177.69999999999999,0.536407470703125,
177.80000000000001,0.52874755859375,
177.90000000000001,0.60028076171875,
178,0.794464111328125,
178.09999999999999,1.0627365112304688,
178.19999999999999,1.3259048461914062,
178.30000000000001,1.5711822509765625,
178.40000000000001,1.806243896484375,
178.5,2.0208663940429688,
178.59999999999999,2.2354812622070312,
178.69999999999999,2.4603271484375,
178.80000000000001,2.6877212524414062,
178.90000000000001,2.9074478149414062,
179,3.0888519287109375,
179.09999999999999,3.2344894409179688,
179.19999999999999,3.4005661010742188,
179.30000000000001,3.5845260620117188,
179.40000000000001,3.7122726440429688,
179.5,3.7710418701171875,
179.59999999999999,3.7787017822265625,
179.69999999999999,3.6867218017578125,
179.80000000000001,3.479766845703125,
179.90000000000001,3.2242660522460938,
180,2.966217041015625,8.3102493286132812
180.09999999999999,2.7464828491210938,
180.19999999999999,2.5727462768554688,
180.30000000000001,2.4194412231445312,
180.40000000000001,2.2814712524414062,
180.5,2.14605712890625,
180.59999999999999,2.0131988525390625,
180.69999999999999,1.8675613403320312,
180.80000000000001,1.66827392578125,
180.90000000000001,1.4510955810546875,
181,1.2594757080078125,
181.09999999999999,1.088287353515625,
181.19999999999999,0.9452056884765625,
181.30000000000001,0.830230712890625,
181.40000000000001,0.72292327880859375,
181.5,0.628387451171875,
181.59999999999999,0.56195831298828125,
181.69999999999999,0.52108001708984375,
181.80000000000001,0.4955291748046875,
181.90000000000001,0.48020172119140625,
182,0.46997833251953125,
182.09999999999999,0.4597625732421875,
182.19999999999999,0.45465087890625,
182.30000000000001,0.4495391845703125,
182.40000000000001,0.444427490234375,
182.5,0.444427490234375,
182.59999999999999,0.44698333740234375,
182.69999999999999,0.444427490234375,
182.80000000000001,0.42910003662109375,
182.90000000000001,0.408660888671875,
183,0.408660888671875,
183.09999999999999,0.43421173095703125,
183.19999999999999,0.45720672607421875,
183.30000000000001,0.4725341796875,
183.40000000000001,0.4853057861328125,
183.5,0.500640869140625,
183.59999999999999,0.518524169921875,
183.69999999999999,0.5312957763671875,
183.80000000000001,0.536407470703125,
183.90000000000001,0.53385162353515625,
184,0.53385162353515625,
184.09999999999999,0.52108001708984375,
184.19999999999999,0.49297332763671875,
184.30000000000001,0.47509002685546875,
184.40000000000001,0.4725341796875,
184.5,0.482757568359375,
184.59999999999999,0.4853057861328125,
184.69999999999999,0.482757568359375,
184.80000000000001,0.48020172119140625,
184.90000000000001,0.47509002685546875,
185,0.47509002685546875,
185.09999999999999,0.48020172119140625,
185.19999999999999,0.4776458740234375,
185.30000000000001,0.4776458740234375,
185.40000000000001,0.4674224853515625,
185.5,0.42910003662109375,
185.59999999999999,0.3984375,
185.69999999999999,0.38055419921875,
185.80000000000001,0.370330810546875,
185.90000000000001,0.37288665771484375,
186,0.37799835205078125,
186.09999999999999,0.38311004638671875,
186.19999999999999,0.38822174072265625,
186.30000000000001,0.40099334716796875,
186.40000000000001,0.4137725830078125,
186.5,0.436767578125,
186.59999999999999,0.482757568359375,
186.69999999999999,0.52108001708984375,
186.80000000000001,0.54407501220703125,
186.90000000000001,0.592620849609375,
187,0.68715667724609375,
187.09999999999999,0.812347412109375,
187.19999999999999,0.92476654052734375,
187.30000000000001,1.0116424560546875,
187.40000000000001,1.106170654296875,
187.5,1.254364013671875,
187.59999999999999,1.4510955810546875,
187.69999999999999,1.6606063842773438,
187.80000000000001,1.8828964233398438,
187.90000000000001,2.1051788330078125,
188,2.3044662475585938,
188.09999999999999,2.4807662963867188,
188.19999999999999,2.6391754150390625,
188.30000000000001,2.7745895385742188,
188.40000000000001,2.8946762084960938,
188.5,3.0045394897460938,
188.59999999999999,3.0811920166015625,
188.69999999999999,3.06585693359375,
188.80000000000001,2.9789886474609375,
188.90000000000001,2.8870086669921875,
189,2.8026962280273438,
189.09999999999999,2.7030487060546875,
189.19999999999999,2.5676345825195312,
189.30000000000001,2.4092254638671875,
189.40000000000001,2.2789154052734375,
189.5,2.1971588134765625,
189.59999999999999,2.11029052734375,
189.69999999999999,1.9748764038085938,
189.80000000000001,1.81646728515625,
189.90000000000001,1.658050537109375,
190,1.4894256591796875,8.1595649719238281
190.09999999999999,1.3131256103515625,
190.19999999999999,1.1674957275390625,
190.30000000000001,1.0499649047851562,
190.40000000000001,0.93498992919921875,
190.5,0.80979156494140625,
190.59999999999999,0.702484130859375,
190.69999999999999,0.6437225341796875,
190.80000000000001,0.61817169189453125,
190.90000000000001,0.57984161376953125,
191,0.5312957763671875,
191.09999999999999,0.4674224853515625,
191.19999999999999,0.4776458740234375,
191.30000000000001,0.592620849609375,
191.40000000000001,0.68204498291015625,
191.5,0.69481658935546875,
191.59999999999999,0.666717529296875,
191.69999999999999,0.656494140625,
191.80000000000001,0.6922607421875,
191.90000000000001,0.74080657958984375,
192,0.81490325927734375,
192.09999999999999,0.9196624755859375,
192.19999999999999,1.0397415161132812,
192.30000000000001,1.1649398803710938,
192.40000000000001,1.2748031616210938,
192.5,1.3233489990234375,
192.59999999999999,1.3131256103515625,
192.69999999999999,1.2748031616210938,
192.80000000000001,1.2390365600585938,
192.90000000000001,1.2032623291015625,
193,1.15216064453125,
193.09999999999999,1.070404052734375,
193.19999999999999,0.98609161376953125,
193.30000000000001,0.94776153564453125,
193.40000000000001,0.942657470703125,
193.5,0.94010162353515625,
193.59999999999999,0.942657470703125,
193.69999999999999,0.95798492431640625,
193.80000000000001,0.9554290771484375,
193.90000000000001,0.94010162353515625,
194,0.9375457763671875,
194.09999999999999,0.9554290771484375,
194.19999999999999,0.98609161376953125,
194.30000000000001,1.0678482055664062,
194.40000000000001,1.2339248657226562,
194.5,1.494537353515625,
194.59999999999999,1.8139114379882812,
194.69999999999999,2.1690521240234375,
194.80000000000001,2.5114212036132812,
194.90000000000001,2.8282470703125,
195,3.1578369140625,
195.09999999999999,3.4669952392578125,
195.19999999999999,3.719940185546875,
195.30000000000001,3.9294509887695312,
195.40000000000001,4.0827484130859375,
195.5,4.1594009399414062,
195.59999999999999,4.2105026245117188,
195.69999999999999,4.20794677734375,
195.80000000000001,4.0495376586914062,
195.90000000000001,3.886016845703125,
196,3.8425827026367188,
196.09999999999999,3.8093643188476562,
196.19999999999999,3.7506027221679688,
196.30000000000001,3.6407318115234375,
196.40000000000001,3.4516677856445312,
196.5,3.24981689453125,
196.59999999999999,3.1016311645507812,
196.69999999999999,3.0173110961914062,
196.80000000000001,2.966217041015625,
196.90000000000001,2.927886962890625,
197,2.864013671875,
197.09999999999999,2.782257080078125,
197.19999999999999,2.7030487060546875,
197.30000000000001,2.66217041015625,
197.40000000000001,2.644287109375,
197.5,2.6085128784179688,
197.59999999999999,2.47821044921875,
197.69999999999999,2.2635879516601562,
197.80000000000001,2.064300537109375,
197.90000000000001,1.916107177734375,
198,1.7806930541992188,
198.09999999999999,1.5916213989257812,
198.19999999999999,1.3897781372070312,
198.30000000000001,1.2237014770507812,
198.40000000000001,1.0831756591796875,
198.5,0.97586822509765625,
198.59999999999999,0.91199493408203125,
198.69999999999999,0.85833740234375,
198.80000000000001,0.7995758056640625,
198.90000000000001,0.71781158447265625,
199,0.6156158447265625,
199.09999999999999,0.53385162353515625,
199.19999999999999,0.49297332763671875,
199.30000000000001,0.482757568359375,
199.40000000000001,0.48020172119140625,
199.5,0.4776458740234375,
199.59999999999999,0.4725341796875,
199.69999999999999,0.4674224853515625,
199.80000000000001,0.4597625732421875,
199.90000000000001,0.444427490234375,
200,0.436767578125,7.6335878372192383
200.09999999999999,0.44187164306640625,
200.19999999999999,0.436767578125,
200.30000000000001,0.41887664794921875,
200.40000000000001,0.3933258056640625,
200.5,0.38822174072265625,
200.59999999999999,0.408660888671875,
200.69999999999999,0.43421173095703125,
200.80000000000001,0.4674224853515625,
200.90000000000001,0.518524169921875,
201,0.5875091552734375,
201.09999999999999,0.66416168212890625,
201.19999999999999,0.74847412109375,
201.30000000000001,0.83278656005859375,
201.40000000000001,0.90177154541015625,
201.5,0.9452056884765625,
201.59999999999999,0.97075653076171875,
201.69999999999999,1.0014190673828125,
201.80000000000001,1.052520751953125,
201.90000000000001,1.0908432006835938,
202,1.070404052734375,
202.09999999999999,1.0244140625,
202.19999999999999,0.98097991943359375,
202.30000000000001,0.9375457763671875,
202.40000000000001,0.89411163330078125,
202.5,0.85578155517578125,
202.59999999999999,0.8174591064453125,
202.69999999999999,0.7816925048828125,
202.80000000000001,0.72803497314453125,
202.90000000000001,0.65393829345703125,
203,0.60283660888671875,
203.09999999999999,0.5772857666015625,
203.19999999999999,0.56707000732421875,
203.30000000000001,0.56707000732421875,
203.40000000000001,0.5696258544921875,
203.5,0.56451416015625,
203.59999999999999,0.56195831298828125,
203.69999999999999,0.56451416015625,
203.80000000000001,0.56195831298828125,
203.90000000000001,0.55684661865234375,
204,0.554290771484375,
204.09999999999999,0.536407470703125,
204.19999999999999,0.500640869140625,
204.30000000000001,0.48020172119140625,
204.40000000000001,0.49041748046875,
204.5,0.51085662841796875,
204.59999999999999,0.536407470703125,
204.69999999999999,0.5696258544921875,
204.80000000000001,0.610504150390625,
204.90000000000001,0.656494140625,
205,0.702484130859375,
205.09999999999999,0.74080657958984375,
205.19999999999999,0.77402496337890625,
205.30000000000001,0.78679656982421875,
205.40000000000001,0.75614166259765625,
205.5,0.702484130859375,
205.59999999999999,0.66416168212890625,
205.69999999999999,0.6437225341796875,
205.80000000000001,0.63605499267578125,
205.90000000000001,0.62583160400390625,
206,0.6156158447265625,
206.09999999999999,0.61305999755859375,
206.19999999999999,0.62583160400390625,
206.30000000000001,0.63861083984375,
206.40000000000001,0.64116668701171875,
206.5,0.6437225341796875,
206.59999999999999,0.6513824462890625,
206.69999999999999,0.64882659912109375,
206.80000000000001,0.64116668701171875,
206.90000000000001,0.656494140625,
207,0.71015167236328125,
207.09999999999999,0.8046875,
207.19999999999999,0.92987823486328125,
207.30000000000001,1.0780715942382812,
207.40000000000001,1.26458740234375,
207.5,1.4792022705078125,
207.59999999999999,1.70404052734375,
207.69999999999999,1.9416580200195312,
207.80000000000001,2.1792755126953125,
207.90000000000001,2.3530120849609375,
208,2.3811187744140625,
208.09999999999999,2.2227096557617188,
208.19999999999999,2.0055313110351562,
208.30000000000001,1.7985763549804688,
208.40000000000001,1.5737380981445312,
208.5,1.364227294921875,
208.59999999999999,1.1879348754882812,
208.69999999999999,1.0397415161132812,
208.80000000000001,0.91710662841796875,
208.90000000000001,0.8174591064453125,
209,0.738250732421875,
209.09999999999999,0.67437744140625,
209.19999999999999,0.61305999755859375,
209.30000000000001,0.546630859375,
209.40000000000001,0.4853057861328125,
209.5,0.44698333740234375,
209.59999999999999,0.44187164306640625,
209.69999999999999,0.4597625732421875,
209.80000000000001,0.46997833251953125,
209.90000000000001,0.4674224853515625,
210,0.4674224853515625,6.4423761367797852
210.09999999999999,0.47509002685546875,
210.19999999999999,0.482757568359375,
210.30000000000001,0.48020172119140625,
210.40000000000001,0.4776458740234375,
210.5,0.46997833251953125,
210.59999999999999,0.4495391845703125,
210.69999999999999,0.4214324951171875,
210.80000000000001,0.40610504150390625,
210.90000000000001,0.4137725830078125,
211,0.4316558837890625,
211.09999999999999,0.44698333740234375,
211.19999999999999,0.47509002685546875,
211.30000000000001,0.518524169921875,
211.40000000000001,0.57218170166015625,
211.5,0.63094329833984375,
211.59999999999999,0.69481658935546875,
211.69999999999999,0.76380157470703125,
211.80000000000001,0.8276824951171875,
211.90000000000001,0.85833740234375,
212,0.8532257080078125,
212.09999999999999,0.82257080078125,
212.19999999999999,0.794464111328125,
212.30000000000001,0.76380157470703125,
212.40000000000001,0.73314666748046875,
212.5,0.69992828369140625,
212.59999999999999,0.67182159423828125,
212.69999999999999,0.6513824462890625,
212.80000000000001,0.63094329833984375,
212.90000000000001,0.610504150390625,
213,0.59517669677734375,
213.09999999999999,0.574737548828125,
213.19999999999999,0.53385162353515625,
213.30000000000001,0.48786163330078125,
213.40000000000001,0.46997833251953125,
213.5,0.4725341796875,
213.59999999999999,0.47509002685546875,
213.69999999999999,0.46997833251953125,
213.80000000000001,0.46997833251953125,
213.90000000000001,0.4776458740234375,
214,0.48020172119140625,
214.09999999999999,0.48020172119140625,
214.19999999999999,0.48786163330078125,
214.30000000000001,0.49808502197265625,
214.40000000000001,0.5057525634765625,
214.5,0.51085662841796875,
214.59999999999999,0.54407501220703125,
214.69999999999999,0.6207275390625,
214.80000000000001,0.75102996826171875,
214.90000000000001,0.904327392578125,
215,1.070404052734375,
215.09999999999999,1.2875823974609375,
215.19999999999999,1.5379714965820312,
215.30000000000001,1.8011322021484375,
215.40000000000001,2.0694122314453125,
215.5,2.3427963256835938,
215.59999999999999,2.60595703125,
215.69999999999999,2.8384628295898438,
215.80000000000001,3.0428619384765625,
215.90000000000001,3.23193359375,
216,3.4082260131835938,
216.09999999999999,3.5743026733398438,
216.19999999999999,3.7224960327148438,
216.30000000000001,3.829803466796875,
216.40000000000001,3.8732376098632812,
216.5,3.8093643188476562,
216.59999999999999,3.5564193725585938,
216.69999999999999,3.1655044555664062,
216.80000000000001,2.77203369140625,
216.90000000000001,2.4245529174804688,
217,2.1435012817382812,
217.09999999999999,1.8956680297851562,
217.19999999999999,1.6427230834960938,
217.30000000000001,1.4076614379882812,
217.40000000000001,1.2083740234375,
217.5,1.0474090576171875,
217.59999999999999,0.9094390869140625,
217.69999999999999,0.794464111328125,
217.80000000000001,0.702484130859375,
217.90000000000001,0.61305999755859375,
218,0.52874755859375,
218.09999999999999,0.47509002685546875,
218.19999999999999,0.45209503173828125,
218.30000000000001,0.45209503173828125,
218.40000000000001,0.46486663818359375,
218.5,0.4776458740234375,
218.59999999999999,0.49297332763671875,
218.69999999999999,0.5057525634765625,
218.80000000000001,0.5057525634765625,
218.90000000000001,0.5057525634765625,
219,0.4955291748046875,
219.09999999999999,0.48020172119140625,
219.19999999999999,0.46997833251953125,
219.30000000000001,0.45720672607421875,
219.40000000000001,0.44698333740234375,
219.5,0.45209503173828125,
219.59999999999999,0.4674224853515625,
219.69999999999999,0.49297332763671875,
219.80000000000001,0.52108001708984375,
219.90000000000001,0.546630859375,
220,0.59006500244140625,5.7915058135986328
220.09999999999999,0.67437744140625,
220.19999999999999,0.8072357177734375,
220.30000000000001,0.98609161376953125,
220.40000000000001,1.2007064819335938,
220.5,1.4127731323242188,
220.59999999999999,1.5916213989257812,
220.69999999999999,1.7730255126953125,
220.80000000000001,1.9876480102539062,
220.90000000000001,2.2073822021484375,
221,2.40411376953125,
221.09999999999999,2.5855178833007812,
221.19999999999999,2.7694778442382812,
221.30000000000001,2.9585494995117188,
221.40000000000001,3.1476211547851562,
221.5,3.3060302734375,
221.59999999999999,3.4210052490234375,
221.69999999999999,3.4414443969726562,
221.80000000000001,3.3111419677734375,
221.90000000000001,3.1092910766601562,
222,2.9508819580078125,
222.09999999999999,2.8307952880859375,
222.19999999999999,2.7388153076171875,
222.30000000000001,2.6774978637695312,
222.40000000000001,2.6315078735351562,
222.5,2.58807373046875,
222.59999999999999,2.55230712890625,
222.69999999999999,2.51397705078125,
222.80000000000001,2.4705429077148438,
222.90000000000001,2.3990020751953125,
223,2.2763671875,
223.09999999999999,2.1332855224609375,
223.19999999999999,2.0029754638671875,
223.30000000000001,1.8956680297851562,
223.40000000000001,1.7806930541992188,
223.5,1.6529464721679688,
223.59999999999999,1.5251922607421875,
223.69999999999999,1.3872222900390625,
223.80000000000001,1.236480712890625,
223.90000000000001,1.1189498901367188,
224,1.0320816040039062,
224.09999999999999,0.92987823486328125,
224.19999999999999,0.8072357177734375,
224.30000000000001,0.6922607421875,
224.40000000000001,0.59006500244140625,
224.5,0.51085662841796875,
224.59999999999999,0.4674224853515625,
224.69999999999999,0.45465087890625,
224.80000000000001,0.444427490234375,
224.90000000000001,0.4393157958984375,
225,0.44187164306640625,
225.09999999999999,0.444427490234375,
225.19999999999999,0.4495391845703125,
225.30000000000001,0.45465087890625,
225.40000000000001,0.45465087890625,
225.5,0.45209503173828125,
225.59999999999999,0.45209503173828125,
225.69999999999999,0.44698333740234375,
225.80000000000001,0.4316558837890625,
225.90000000000001,0.426544189453125,
226,0.436767578125,
226.09999999999999,0.462310791015625,
226.19999999999999,0.49808502197265625,
226.30000000000001,0.536407470703125,
226.40000000000001,0.574737548828125,
226.5,0.62583160400390625,
226.59999999999999,0.68715667724609375,
226.69999999999999,0.7433624267578125,
226.80000000000001,0.79701995849609375,
226.90000000000001,0.8276824951171875,
227,0.830230712890625,
227.09999999999999,0.79701995849609375,
227.19999999999999,0.74847412109375,
227.30000000000001,0.7152557373046875,
227.40000000000001,0.70503997802734375,
227.5,0.69992828369140625,
227.59999999999999,0.6922607421875,
227.69999999999999,0.68204498291015625,
227.80000000000001,0.67182159423828125,
227.90000000000001,0.6616058349609375,
228,0.656494140625,
228.09999999999999,0.656494140625,
228.19999999999999,0.6616058349609375,
228.30000000000001,0.656494140625,
228.40000000000001,0.63094329833984375,
228.5,0.592620849609375,
228.59999999999999,0.56195831298828125,
228.69999999999999,0.5594024658203125,
228.80000000000001,0.57218170166015625,
228.90000000000001,0.5772857666015625,
229,0.574737548828125,
229.09999999999999,0.5823974609375,
229.19999999999999,0.59006500244140625,
229.30000000000001,0.60283660888671875,
229.40000000000001,0.628387451171875,
229.5,0.666717529296875,
229.59999999999999,0.72292327880859375,
229.69999999999999,0.7816925048828125,
229.80000000000001,0.84812164306640625,
229.90000000000001,0.9554290771484375,
230,1.1240615844726562,8.7719297409057617
230.09999999999999,1.3565673828125,
230.19999999999999,1.5814056396484375,
230.30000000000001,1.7193756103515625,
230.40000000000001,1.7985763549804688,
230.5,1.96209716796875,
230.59999999999999,2.238037109375,
230.69999999999999,2.5318603515625,
230.80000000000001,2.8256912231445312,
230.90000000000001,3.0862960815429688,
231,3.2804794311523438,
231.09999999999999,3.5283126831054688,
231.19999999999999,3.8170318603515625,
231.30000000000001,3.9677734375,
231.40000000000001,4.0342025756835938,
231.5,4.1134109497070312,
231.59999999999999,4.0904159545898438,
231.69999999999999,3.8987884521484375,
231.80000000000001,3.6126327514648438,
231.90000000000001,3.4082260131835938,
232,3.2574844360351562,
232.09999999999999,3.0275344848632812,
232.19999999999999,2.8231353759765625,
232.30000000000001,2.7694778442382812,
232.40000000000001,2.8103561401367188,
232.5,2.8333511352539062,
232.59999999999999,2.818023681640625,
232.69999999999999,2.7975845336914062,
232.80000000000001,2.73626708984375,
232.90000000000001,2.644287109375,
233,2.5855178833007812,
233.09999999999999,2.5318603515625,
233.19999999999999,2.4296646118164062,
233.30000000000001,2.2763671875,
233.40000000000001,2.1128463745117188,
233.5,1.954437255859375,
233.59999999999999,1.770477294921875,
233.69999999999999,1.5839614868164062,
233.80000000000001,1.420440673828125,
233.90000000000001,1.272247314453125,
234,1.13427734375,
234.09999999999999,1.0116424560546875,
234.19999999999999,0.8992156982421875,
234.30000000000001,0.7995758056640625,
234.40000000000001,0.720367431640625,
234.5,0.63861083984375,
234.59999999999999,0.54918670654296875,
234.69999999999999,0.4853057861328125,
234.80000000000001,0.4597625732421875,
234.90000000000001,0.4495391845703125,
235,0.44698333740234375,
235.09999999999999,0.45465087890625,
235.19999999999999,0.4776458740234375,
235.30000000000001,0.51085662841796875,
235.40000000000001,0.536407470703125,
235.5,0.5594024658203125,
235.59999999999999,0.60283660888671875,
235.69999999999999,0.646270751953125,
235.80000000000001,0.656494140625,
235.90000000000001,0.646270751953125,
236,0.64882659912109375,
236.09999999999999,0.69481658935546875,
236.19999999999999,0.78424072265625,
236.30000000000001,0.8915557861328125,
236.40000000000001,0.9911956787109375,
236.5,1.0576324462890625,
236.59999999999999,1.0933990478515625,
236.69999999999999,1.0908432006835938,
236.80000000000001,1.0576324462890625,
236.90000000000001,1.0269699096679688,
237,1.00653076171875,
237.09999999999999,0.98097991943359375,
237.19999999999999,0.9273223876953125,
237.30000000000001,0.85833740234375,
237.40000000000001,0.8072357177734375,
237.5,0.77402496337890625,
237.59999999999999,0.758697509765625,
237.69999999999999,0.75102996826171875,
237.80000000000001,0.738250732421875,
237.90000000000001,0.7433624267578125,
238,0.77913665771484375,
238.09999999999999,0.8404541015625,
238.19999999999999,0.93243408203125,
238.30000000000001,1.0499649047851562,
238.40000000000001,1.1777114868164062,
238.5,1.3029098510742188,
238.59999999999999,1.4664306640625,
238.69999999999999,1.7193756103515625,
238.80000000000001,2.07196044921875,
238.90000000000001,2.4526596069335938,
239,2.7950286865234375,
239.09999999999999,3.1016311645507812,
239.19999999999999,3.3545761108398438,
239.30000000000001,3.6024093627929688,
239.40000000000001,3.8604660034179688,
239.5,4.0546417236328125,
239.59999999999999,4.1926116943359375,
239.69999999999999,4.2769317626953125,
239.80000000000001,4.335693359375,
239.90000000000001,4.3867950439453125,
240,4.3689117431640625,7.659574031829834
240.09999999999999,4.2999267578125,
240.19999999999999,4.1491775512695312,
240.30000000000001,3.8655776977539062,
240.40000000000001,3.5640869140625,
240.5,3.277923583984375,
240.59999999999999,2.9789886474609375,
240.69999999999999,2.6851654052734375,
240.80000000000001,2.3657913208007812,
240.90000000000001,2.025970458984375,
241,1.7398147583007812,
241.09999999999999,1.5916213989257812,
241.19999999999999,1.4970855712890625,
241.30000000000001,1.3540115356445312,
241.40000000000001,1.2211456298828125,
241.5,1.1215057373046875,
241.59999999999999,1.0474090576171875,
241.69999999999999,0.9835357666015625,
241.80000000000001,0.91710662841796875,
241.90000000000001,0.8532257080078125,
242,0.7995758056640625,
242.09999999999999,0.72292327880859375,
242.19999999999999,0.6232757568359375,
242.30000000000001,0.53896331787109375,
242.40000000000001,0.49297332763671875,
242.5,0.4776458740234375,
242.59999999999999,0.47509002685546875,
242.69999999999999,0.47509002685546875,
242.80000000000001,0.47509002685546875,
242.90000000000001,0.48020172119140625,
243,0.48786163330078125,
243.09999999999999,0.49297332763671875,
243.19999999999999,0.4955291748046875,
243.30000000000001,0.49808502197265625,
243.40000000000001,0.4955291748046875,
243.5,0.49041748046875,
243.59999999999999,0.48020172119140625,
243.69999999999999,0.4776458740234375,
243.80000000000001,0.49808502197265625,
243.90000000000001,0.52874755859375,
244,0.56195831298828125,
244.09999999999999,0.5823974609375,
244.19999999999999,0.5823974609375,
244.30000000000001,0.5772857666015625,
244.40000000000001,0.57218170166015625,
244.5,0.56707000732421875,
244.59999999999999,0.56707000732421875,
244.69999999999999,0.5696258544921875,
244.80000000000001,0.58495330810546875,
244.90000000000001,0.63094329833984375,
245,0.65904998779296875,
245.09999999999999,0.64882659912109375,
245.19999999999999,0.64882659912109375,
245.30000000000001,0.656494140625,
245.40000000000001,0.666717529296875,
245.5,0.71781158447265625,
245.59999999999999,0.8072357177734375,
245.69999999999999,0.942657470703125,
245.80000000000001,1.1700515747070312,
245.90000000000001,1.494537353515625,
246,1.8547897338867188,
246.09999999999999,2.1767196655273438,
246.19999999999999,2.432220458984375,
246.30000000000001,2.6417312622070312,
246.40000000000001,2.88189697265625,
246.5,3.3264694213867188,
246.59999999999999,4.123626708984375,
246.69999999999999,4.9974365234375,
246.80000000000001,5.5799789428710938,
246.90000000000001,5.8303680419921875,
247,5.8150405883789062,
247.09999999999999,5.6208572387695312,
247.19999999999999,5.3270339965820312,
247.30000000000001,5.0843124389648438,
247.40000000000001,4.9744415283203125,
247.5,4.8492507934570312,
247.59999999999999,4.61163330078125,
247.69999999999999,4.42767333984375,
247.80000000000001,4.4430007934570312,
247.90000000000001,4.5119857788085938,
248,4.4353408813476562,
248.09999999999999,4.2334976196289062,
248.19999999999999,4.0469818115234375,
248.30000000000001,3.8783493041992188,
248.40000000000001,3.6816177368164062,
248.5,3.4567718505859375,
248.59999999999999,3.1731719970703125,
248.69999999999999,2.8614578247070312,
248.80000000000001,2.55230712890625,
248.90000000000001,2.248260498046875,
249,1.990203857421875,
249.09999999999999,1.7679214477539062,
249.19999999999999,1.5507431030273438,
249.30000000000001,1.3488998413085938,
249.40000000000001,1.1853790283203125,
249.5,1.0448532104492188,
249.59999999999999,0.91199493408203125,
249.69999999999999,0.7995758056640625,
249.80000000000001,0.6973724365234375,
249.90000000000001,0.61305999755859375,
250,0.5517425537109375,7.1258907318115234
250.09999999999999,0.4955291748046875,
250.19999999999999,0.45209503173828125,
250.30000000000001,0.426544189453125,
250.40000000000001,0.41632080078125,
250.5,0.41632080078125,
250.59999999999999,0.41887664794921875,
250.69999999999999,0.42398834228515625,
250.80000000000001,0.4316558837890625,
250.90000000000001,0.4393157958984375,
251,0.45720672607421875,
251.09999999999999,0.4725341796875,
251.19999999999999,0.47509002685546875,
251.30000000000001,0.48786163330078125,
251.40000000000001,0.51085662841796875,
251.5,0.54407501220703125,
251.59999999999999,0.574737548828125,
251.69999999999999,0.6053924560546875,
251.80000000000001,0.646270751953125,
251.90000000000001,0.684600830078125,
252,0.68715667724609375,
252.09999999999999,0.67437744140625,
252.19999999999999,0.6616058349609375,
252.30000000000001,0.6513824462890625,
252.40000000000001,0.62583160400390625,
252.5,0.5823974609375,
252.59999999999999,0.54407501220703125,
252.69999999999999,0.5312957763671875,
252.80000000000001,0.53896331787109375,
252.90000000000001,0.55684661865234375,
253,0.610504150390625,
253.09999999999999,0.67693328857421875,
253.19999999999999,0.758697509765625,
253.30000000000001,0.90688323974609375,
253.40000000000001,1.11639404296875,
253.5,1.3412322998046875,
253.59999999999999,1.5762939453125,
253.69999999999999,1.8036880493164062,
253.80000000000001,1.9978713989257812,
253.90000000000001,2.1537246704101562,
254,2.2610321044921875,
254.09999999999999,2.2814712524414062,
254.19999999999999,2.1997146606445312,
254.30000000000001,2.0668563842773438,
254.40000000000001,1.9391021728515625,
254.5,1.8215713500976562,
254.59999999999999,1.7014923095703125,
254.69999999999999,1.5788497924804688,
254.80000000000001,1.4510955810546875,
254.90000000000001,1.3156814575195312,
255,1.1777114868164062,
255.09999999999999,1.0627365112304688,
255.19999999999999,0.98097991943359375,
255.30000000000001,0.922210693359375,
255.40000000000001,0.87111663818359375,
255.5,0.830230712890625,
255.59999999999999,0.80979156494140625,
255.69999999999999,0.79701995849609375,
255.80000000000001,0.7816925048828125,
255.90000000000001,0.7612457275390625,
256,0.7433624267578125,
256.10000000000002,0.72803497314453125,
256.19999999999999,0.6922607421875,
256.30000000000001,0.65393829345703125,
256.39999999999998,0.6232757568359375,
256.5,0.6207275390625,
256.60000000000002,0.63861083984375,
256.69999999999999,0.66416168212890625,
256.80000000000001,0.684600830078125,
256.89999999999998,0.720367431640625,
257,0.7612457275390625,
257.10000000000002,0.7995758056640625,
257.19999999999999,0.8276824951171875,
257.30000000000001,0.8455657958984375,
257.39999999999998,0.86089324951171875,
257.5,0.8404541015625,
257.60000000000002,0.794464111328125,
257.69999999999999,0.7612457275390625,
257.80000000000001,0.7535858154296875,
257.89999999999998,0.758697509765625,
258,0.7535858154296875,
258.10000000000002,0.74591827392578125,
258.19999999999999,0.74591827392578125,
258.30000000000001,0.75102996826171875,
258.39999999999998,0.7535858154296875,
258.5,0.75102996826171875,
258.60000000000002,0.74080657958984375,
258.69999999999999,0.73314666748046875,
258.80000000000001,0.7152557373046875,
258.89999999999998,0.68204498291015625,
259,0.6513824462890625,
259.10000000000002,0.64882659912109375,
259.19999999999999,0.65904998779296875,
259.30000000000001,0.66416168212890625,
259.39999999999998,0.6692657470703125,
259.5,0.67437744140625,
259.60000000000002,0.68204498291015625,
259.69999999999999,0.69481658935546875,
259.80000000000001,0.71270751953125,
259.89999999999998,0.76380157470703125,
260,0.8992156982421875,7.8023409843444824
260.10000000000002,1.052520751953125,
260.19999999999999,1.172607421875,
260.30000000000001,1.3182373046875,
260.39999999999998,1.5047531127929688,
260.5,1.6938247680664062,
260.60000000000002,1.8650054931640625,
260.69999999999999,2.0131988525390625,
260.80000000000001,2.1205062866210938,
260.89999999999998,2.1639404296875,
261,2.1256179809570312,
261.10000000000002,2.018310546875,
261.19999999999999,1.8701171875,
261.30000000000001,1.6810455322265625,
261.39999999999998,1.4766464233398438,
261.5,1.3156814575195312,
261.60000000000002,1.1956024169921875,
261.69999999999999,1.0985107421875,
261.80000000000001,1.0167465209960938,
261.89999999999998,0.942657470703125,
262,0.886444091796875,
262.10000000000002,0.8455657958984375,
262.19999999999999,0.8072357177734375,
262.30000000000001,0.77913665771484375,
262.39999999999998,0.75614166259765625,
262.5,0.73314666748046875,
262.60000000000002,0.6973724365234375,
262.69999999999999,0.6616058349609375,
262.80000000000001,0.6513824462890625,
262.89999999999998,0.66416168212890625,
263,0.67693328857421875,
263.10000000000002,0.69992828369140625,
263.19999999999999,0.776580810546875,
263.30000000000001,0.86600494384765625,
263.39999999999998,0.88899993896484375,
263.5,0.85833740234375,
263.60000000000002,0.830230712890625,
263.69999999999999,0.83278656005859375,
263.80000000000001,0.84300994873046875,
263.89999999999998,0.8353424072265625,
264,0.82257080078125,
264.10000000000002,0.8276824951171875,
264.19999999999999,0.830230712890625,
264.30000000000001,0.8276824951171875,
264.39999999999998,0.8174591064453125,
264.5,0.80979156494140625,
264.60000000000002,0.8072357177734375,
264.69999999999999,0.80213165283203125,
264.80000000000001,0.79701995849609375,
264.89999999999998,0.79190826416015625,
265,0.7893524169921875,
265.10000000000002,0.7816925048828125,
265.19999999999999,0.7612457275390625,
265.30000000000001,0.7254791259765625,
265.39999999999998,0.6922607421875,
265.5,0.68204498291015625,
265.60000000000002,0.6922607421875,
265.69999999999999,0.70503997802734375,
265.80000000000001,0.720367431640625,
265.89999999999998,0.73314666748046875,
266,0.74080657958984375,
266.10000000000002,0.7535858154296875,
266.19999999999999,0.7714691162109375,
266.30000000000001,0.80213165283203125,
266.39999999999998,0.88899993896484375,
266.5,1.0371856689453125,
266.60000000000002,1.2032623291015625,
266.69999999999999,1.382110595703125,
266.80000000000001,1.604400634765625,
266.89999999999998,1.85223388671875,
267,2.0872955322265625,
267.10000000000002,2.3044662475585938,
267.19999999999999,2.5165328979492188,
267.30000000000001,2.708160400390625,
267.39999999999998,2.8691253662109375,
267.5,3.037750244140625,
267.60000000000002,3.2472610473632812,
267.69999999999999,3.444000244140625,
267.80000000000001,3.5794143676757812,
267.89999999999998,3.6867218017578125,
268,3.7735977172851562,
268.10000000000002,3.6816177368164062,
268.19999999999999,3.3852310180664062,
268.30000000000001,2.9432220458984375,
268.39999999999998,2.4552154541015625,
268.5,2.0745162963867188,
268.60000000000002,1.770477294921875,
268.69999999999999,1.5047531127929688,
268.80000000000001,1.2952423095703125,
268.89999999999998,1.1112823486328125,
269,0.9452056884765625,
269.10000000000002,0.80979156494140625,
269.19999999999999,0.7152557373046875,
269.30000000000001,0.65393829345703125,
269.39999999999998,0.6053924560546875,
269.5,0.56707000732421875,
269.60000000000002,0.53896331787109375,
269.69999999999999,0.52619171142578125,
269.80000000000001,0.51596832275390625,
269.89999999999998,0.518524169921875,
270,0.52108001708984375,4.2887778282165527
270.10000000000002,0.5236358642578125,
270.19999999999999,0.52619171142578125,
270.30000000000001,0.5312957763671875,
270.39999999999998,0.5696258544921875,
270.5,0.6437225341796875,
270.60000000000002,0.738250732421875,
270.69999999999999,0.8404541015625,
270.80000000000001,0.92476654052734375,
270.89999999999998,1.0014190673828125,
271,1.0908432006835938,
271.10000000000002,1.172607421875,
271.19999999999999,1.218597412109375,
271.30000000000001,1.2211456298828125,
271.39999999999998,1.1879348754882812,
271.5,1.1291656494140625,
271.60000000000002,1.0576324462890625,
271.69999999999999,0.996307373046875,
271.80000000000001,0.95287322998046875,
271.89999999999998,0.942657470703125,
272,0.94010162353515625,
272.10000000000002,0.92987823486328125,
272.19999999999999,0.91710662841796875,
272.30000000000001,0.9094390869140625,
272.39999999999998,0.904327392578125,
272.5,0.89411163330078125,
272.60000000000002,0.88899993896484375,
272.69999999999999,0.88388824462890625,
272.80000000000001,0.8736724853515625,
272.89999999999998,0.8455657958984375,
273,0.80213165283203125,
273.10000000000002,0.76891326904296875,
273.19999999999999,0.7535858154296875,
273.30000000000001,0.75614166259765625,
273.39999999999998,0.75614166259765625,
273.5,0.758697509765625,
273.60000000000002,0.76380157470703125,
273.69999999999999,0.76891326904296875,
273.80000000000001,0.76891326904296875,
273.89999999999998,0.76380157470703125,
274,0.75614166259765625,
274.10000000000002,0.7433624267578125,
274.19999999999999,0.72803497314453125,
274.30000000000001,0.6922607421875,
274.39999999999998,0.6437225341796875,
274.5,0.6232757568359375,
274.60000000000002,0.64116668701171875,
274.69999999999999,0.67437744140625,
274.80000000000001,0.7075958251953125,
274.89999999999998,0.7433624267578125,
275,0.7893524169921875,
275.10000000000002,0.84812164306640625,
275.19999999999999,0.9196624755859375,
275.30000000000001,1.0090866088867188,
275.39999999999998,1.1189498901367188,
275.5,1.2594757080078125,
275.60000000000002,1.4229965209960938,
275.69999999999999,1.5992889404296875,
275.80000000000001,1.8036880493164062,
275.89999999999998,2.0131988525390625,
276,2.1613922119140625,
276.10000000000002,2.3172454833984375,
276.19999999999999,2.4577713012695312,
276.30000000000001,2.6085128784179688,
276.39999999999998,2.761810302734375,
276.5,2.9074478149414062,
276.60000000000002,3.0352020263671875,
276.69999999999999,3.1322860717773438,
276.80000000000001,3.17572021484375,
276.89999999999998,3.168060302734375,
277,3.1552810668945312,
277.10000000000002,3.1450653076171875,
277.19999999999999,3.1067352294921875,
277.30000000000001,3.019866943359375,
277.39999999999998,2.9151153564453125,
277.5,2.8205795288085938,
277.60000000000002,2.7234878540039062,
277.69999999999999,2.6110687255859375,
277.80000000000001,2.47821044921875,
277.89999999999998,2.3172454833984375,
278,2.0898513793945312,
278.10000000000002,1.8087997436523438,
278.19999999999999,1.5609664916992188,
278.30000000000001,1.3770065307617188,
278.39999999999998,1.2237014770507812,
278.5,1.08062744140625,
278.60000000000002,0.96309661865234375,
278.69999999999999,0.8813323974609375,
278.80000000000001,0.8072357177734375,
278.89999999999998,0.738250732421875,
279,0.6922607421875,
279.10000000000002,0.66416168212890625,
279.19999999999999,0.646270751953125,
279.30000000000001,0.61817169189453125,
279.39999999999998,0.57218170166015625,
279.5,0.546630859375,
279.60000000000002,0.5594024658203125,
279.69999999999999,0.59006500244140625,
279.80000000000001,0.61305999755859375,
279.89999999999998,0.6207275390625,
280,0.646270751953125,7.9295153617858887
280.10000000000002,0.6897125244140625,
280.19999999999999,0.7305908203125,
280.30000000000001,0.758697509765625,
280.39999999999998,0.78679656982421875,
280.5,0.812347412109375,
280.60000000000002,0.8046875,
280.69999999999999,0.77913665771484375,
280.80000000000001,0.75102996826171875,
280.89999999999998,0.7357025146484375,
281,0.74080657958984375,
281.10000000000002,0.74080657958984375,
281.19999999999999,0.7254791259765625,
281.30000000000001,0.720367431640625,
281.39999999999998,0.71015167236328125,
281.5,0.68204498291015625,
281.60000000000002,0.64882659912109375,
281.69999999999999,0.62583160400390625,
281.80000000000001,0.6053924560546875,
281.89999999999998,0.592620849609375,
282,0.5823974609375,
282.10000000000002,0.5696258544921875,
282.19999999999999,0.574737548828125,
282.30000000000001,0.61305999755859375,
282.39999999999998,0.6692657470703125,
282.5,0.7433624267578125,
282.60000000000002,0.830230712890625,
282.69999999999999,0.9554290771484375,
282.80000000000001,1.1010665893554688,
282.89999999999998,1.2492523193359375,
283,1.456207275390625,
283.10000000000002,1.7014923095703125,
283.19999999999999,1.954437255859375,
283.30000000000001,2.1946029663085938,
283.39999999999998,2.3990020751953125,
283.5,2.598297119140625,
283.60000000000002,2.8435745239257812,
283.69999999999999,3.083740234375,
283.80000000000001,3.1936111450195312,
283.89999999999998,3.3162460327148438,
284,3.6662826538085938,
284.10000000000002,4.0495376586914062,
284.19999999999999,4.2948150634765625,
284.30000000000001,4.4608917236328125,
284.39999999999998,4.6090774536132812,
284.5,4.7879257202148438,
284.60000000000002,4.9693374633789062,
284.69999999999999,5.12774658203125,
284.80000000000001,5.1890640258789062,
284.89999999999998,5.0332107543945312,
285,4.72149658203125,
285.10000000000002,4.3791275024414062,
285.19999999999999,4.0827484130859375,
285.30000000000001,3.8553543090820312,
285.39999999999998,3.6535110473632812,
285.5,3.4746627807617188,
285.60000000000002,3.3111419677734375,
285.69999999999999,3.1220703125,
285.80000000000001,2.9304428100585938,
285.89999999999998,2.7209320068359375,
286,2.4935379028320312,
286.10000000000002,2.3274612426757812,
286.19999999999999,2.1946029663085938,
286.30000000000001,2.0208663940429688,
286.39999999999998,1.81646728515625,
286.5,1.5839614868164062,
286.60000000000002,1.3795623779296875,
286.69999999999999,1.2288131713867188,
286.80000000000001,1.1087265014648438,
286.89999999999998,0.996307373046875,
287,0.89666748046875,
287.10000000000002,0.83278656005859375,
287.19999999999999,0.8174591064453125,
287.30000000000001,0.82001495361328125,
287.39999999999998,0.80213165283203125,
287.5,0.77913665771484375,
287.60000000000002,0.76891326904296875,
287.69999999999999,0.76380157470703125,
287.80000000000001,0.766357421875,
287.89999999999998,0.76891326904296875,
288,0.7714691162109375,
288.10000000000002,0.78679656982421875,
288.19999999999999,0.812347412109375,
288.30000000000001,0.87877655029296875,
288.39999999999998,0.9733123779296875,
288.5,1.014190673828125,
288.60000000000002,0.99886322021484375,
288.69999999999999,0.996307373046875,
288.80000000000001,1.0167465209960938,
288.89999999999998,1.014190673828125,
289,0.9886474609375,
289.10000000000002,0.9656524658203125,
289.19999999999999,0.9452056884765625,
289.30000000000001,0.91710662841796875,
289.39999999999998,0.8813323974609375,
289.5,0.8532257080078125,
289.60000000000002,0.8404541015625,
289.69999999999999,0.850677490234375,
289.80000000000001,0.85833740234375,
289.89999999999998,0.84812164306640625,
290,0.8455657958984375,7.159904956817627
290.10000000000002,0.830230712890625,
290.19999999999999,0.81490325927734375,
290.30000000000001,0.8046875,
290.39999999999998,0.794464111328125,
290.5,0.77913665771484375,
290.60000000000002,0.7612457275390625,
290.69999999999999,0.7714691162109375,
290.80000000000001,0.82512664794921875,
290.89999999999998,0.922210693359375,
291,1.0652923583984375,
291.10000000000002,1.2313690185546875,
291.19999999999999,1.3974456787109375,
291.30000000000001,1.5635223388671875,
291.39999999999998,1.732147216796875,
291.5,1.9033355712890625,
291.60000000000002,2.0515213012695312,
291.69999999999999,2.1511688232421875,
291.80000000000001,2.1971588134765625,
291.89999999999998,2.2175979614257812,
292,2.2431488037109375,
292.10000000000002,2.284027099609375,
292.19999999999999,2.3121337890625,
292.30000000000001,2.3274612426757812,
292.39999999999998,2.33001708984375,
292.5,2.3095779418945312,
292.60000000000002,2.2738113403320312,
292.69999999999999,2.2354812622070312,
292.80000000000001,2.1946029663085938,
292.89999999999998,2.11029052734375,
293,1.97998046875,
293.10000000000002,1.8675613403320312,
293.19999999999999,1.7934722900390625,
293.30000000000001,1.7347030639648438,
293.39999999999998,1.678497314453125,
293.5,1.6197280883789062,
293.60000000000002,1.566070556640625,
293.69999999999999,1.5507431030273438,
293.80000000000001,1.6733856201171875,
293.89999999999998,1.8266830444335938,
294,1.8471221923828125,
294.10000000000002,1.77813720703125,
294.19999999999999,1.6555023193359375,
294.30000000000001,1.5251922607421875,
294.39999999999998,1.4281005859375,
294.5,1.3591156005859375,
294.60000000000002,1.282470703125,
294.69999999999999,1.1828231811523438,
294.80000000000001,1.0985107421875,
294.89999999999998,1.0320816040039062,
295,0.97075653076171875,
295.10000000000002,0.91455078125,
295.19999999999999,0.868560791015625,
295.30000000000001,0.830230712890625,
295.39999999999998,0.80213165283203125,
295.5,0.766357421875,
295.60000000000002,0.720367431640625,
295.69999999999999,0.68715667724609375,
295.80000000000001,0.67693328857421875,
295.89999999999998,0.6794891357421875,
296,0.68715667724609375,
296.10000000000002,0.69481658935546875,
296.19999999999999,0.7152557373046875,
296.30000000000001,0.766357421875,
296.39999999999998,0.8404541015625,
296.5,0.904327392578125,
296.60000000000002,0.960540771484375,
296.69999999999999,1.0218582153320312,
296.80000000000001,1.0857315063476562,
296.89999999999998,1.1930465698242188,
297,1.3693389892578125,
297.10000000000002,1.59417724609375,
297.19999999999999,1.8394622802734375,
297.30000000000001,2.0872955322265625,
297.39999999999998,2.3325729370117188,
297.5,2.524200439453125,
297.60000000000002,2.7464828491210938,
297.69999999999999,2.9636611938476562,
297.80000000000001,3.1629486083984375,
297.89999999999998,3.341796875,
298,3.461883544921875,
298.10000000000002,3.4823226928710938,
298.19999999999999,3.3954544067382812,
298.30000000000001,3.203826904296875,
298.39999999999998,2.9508819580078125,
298.5,2.6672821044921875,
298.60000000000002,2.38623046875,
298.69999999999999,2.1537246704101562,
298.80000000000001,1.9493255615234375,
298.89999999999998,1.7474822998046875,
299,1.55841064453125,
299.10000000000002,1.37445068359375,
299.19999999999999,1.1853790283203125,
299.30000000000001,1.0269699096679688,
299.39999999999998,0.91710662841796875,
299.5,0.8404541015625,
299.60000000000002,0.7893524169921875,
299.69999999999999,0.7433624267578125,
299.80000000000001,0.7075958251953125,
299.89999999999998,0.68204498291015625,
300,0.6616058349609375,5.6497173309326172
300.10000000000002,0.6513824462890625,
300.19999999999999,0.65904998779296875,
300.30000000000001,0.6794891357421875,
300.39999999999998,0.69992828369140625,
300.5,0.71781158447265625,
300.60000000000002,0.75614166259765625,
300.69999999999999,0.82257080078125,
300.80000000000001,0.89666748046875,
300.89999999999998,0.9554290771484375,
301,0.9911956787109375,
301.10000000000002,1.0014190673828125,
301.19999999999999,0.996307373046875,
301.30000000000001,0.9886474609375,
301.39999999999998,0.98097991943359375,
301.5,0.96309661865234375,
301.60000000000002,0.95287322998046875,
301.69999999999999,0.93498992919921875,
301.80000000000001,0.8992156982421875,
301.89999999999998,0.86600494384765625,
302,0.85578155517578125,
302.10000000000002,0.85578155517578125,
302.19999999999999,0.85833740234375,
302.30000000000001,0.8532257080078125,
302.39999999999998,0.84300994873046875,
302.5,0.8404541015625,
302.60000000000002,0.850677490234375,
302.69999999999999,0.85833740234375,
302.80000000000001,0.86089324951171875,
302.89999999999998,0.86600494384765625,
303,0.8736724853515625,
303.10000000000002,0.876220703125,
303.19999999999999,0.87111663818359375,
303.30000000000001,0.88388824462890625,
303.39999999999998,0.92476654052734375,
303.5,0.9911956787109375,
303.60000000000002,1.0729598999023438,
303.69999999999999,1.1777114868164062,
303.80000000000001,1.3182373046875,
303.89999999999998,1.4996414184570312,
304,1.714263916015625,
304.10000000000002,1.9314422607421875,
304.19999999999999,2.1409454345703125,
304.30000000000001,2.3555679321289062,
304.39999999999998,2.5574111938476562,
304.5,2.7311553955078125,
304.60000000000002,2.8972320556640625,
304.69999999999999,3.083740234375,
304.80000000000001,3.2651519775390625,
304.89999999999998,3.4082260131835938,
305,3.5487518310546875,
305.10000000000002,3.69183349609375,
305.19999999999999,3.6816177368164062,
305.30000000000001,3.4567718505859375,
305.39999999999998,3.1425094604492188,
305.5,2.7848052978515625,
305.60000000000002,2.4219970703125,
305.69999999999999,2.0924072265625,
305.80000000000001,1.7653656005859375,
305.89999999999998,1.4689865112304688,
306,1.244140625,
306.10000000000002,1.0780715942382812,
306.19999999999999,0.960540771484375,
306.30000000000001,0.87877655029296875,
306.39999999999998,0.8174591064453125,
306.5,0.77402496337890625,
306.60000000000002,0.72292327880859375,
306.69999999999999,0.6794891357421875,
306.80000000000001,0.6616058349609375,
306.89999999999998,0.6437225341796875,
307,0.610504150390625,
307.10000000000002,0.57218170166015625,
307.19999999999999,0.554290771484375,
307.30000000000001,0.5696258544921875,
307.39999999999998,0.63605499267578125,
307.5,0.7254791259765625,
307.60000000000002,0.7714691162109375,
307.69999999999999,0.74847412109375,
307.80000000000001,0.71781158447265625,
307.89999999999998,0.72803497314453125,
308,0.78679656982421875,
308.10000000000002,0.876220703125,
308.19999999999999,0.9375457763671875,
308.30000000000001,0.94010162353515625,
308.39999999999998,0.92476654052734375,
308.5,0.95798492431640625,
308.60000000000002,1.0218582153320312,
308.69999999999999,1.08062744140625,
308.80000000000001,1.1291656494140625,
308.89999999999998,1.1879348754882812,
309,1.30035400390625,
309.10000000000002,1.4638748168945312,
309.19999999999999,1.6350555419921875,
309.30000000000001,1.8190155029296875,
309.39999999999998,2.0106430053710938,
309.5,2.1639404296875,
309.60000000000002,2.2738113403320312,
309.69999999999999,2.376007080078125,
309.80000000000001,2.5037612915039062,
309.89999999999998,2.669830322265625,
310,2.8563461303710938,5.8997054100036621
310.10000000000002,3.0275344848632812,
310.19999999999999,3.1603927612304688,
310.30000000000001,3.28814697265625,
310.39999999999998,3.43377685546875,
310.5,3.571746826171875,
310.60000000000002,3.6790618896484375,
310.69999999999999,3.7173843383789062,
310.80000000000001,3.6305160522460938,
310.89999999999998,3.4133377075195312,
311,3.1629486083984375,
311.10000000000002,2.9764328002929688,
311.19999999999999,2.8231353759765625,
311.30000000000001,2.6774978637695312,
311.39999999999998,2.5625228881835938,
311.5,2.47821044921875,
311.60000000000002,2.3811187744140625,
311.69999999999999,2.2533721923828125,
311.80000000000001,2.082183837890625,
311.89999999999998,1.8394622802734375,
312,1.5814056396484375,
312.10000000000002,1.3616714477539062,
312.19999999999999,1.1649398803710938,
312.30000000000001,1.00653076171875,
312.39999999999998,0.876220703125,
312.5,0.77402496337890625,
312.60000000000002,0.7075958251953125,
312.69999999999999,0.6616058349609375,
312.80000000000001,0.628387451171875,
312.89999999999998,0.60283660888671875,
313,0.5823974609375,
313.10000000000002,0.56707000732421875,
313.19999999999999,0.5517425537109375,
313.30000000000001,0.54407501220703125,
313.39999999999998,0.546630859375,
313.5,0.5517425537109375,
313.60000000000002,0.5415191650390625,
313.69999999999999,0.518524169921875,
313.80000000000001,0.5134124755859375,
313.89999999999998,0.52619171142578125,
314,0.54407501220703125,
314.10000000000002,0.55684661865234375,
314.19999999999999,0.5772857666015625,
314.30000000000001,0.5977325439453125,
314.39999999999998,0.61305999755859375,
314.5,0.63094329833984375,
314.60000000000002,0.6794891357421875,
314.69999999999999,0.758697509765625,
314.80000000000001,0.83789825439453125,
314.89999999999998,0.91199493408203125,
315,0.9886474609375,
315.10000000000002,1.0908432006835938,
315.19999999999999,1.244140625,
315.30000000000001,1.4255523681640625,
315.39999999999998,1.6018447875976562,
315.5,1.77813720703125,
315.60000000000002,1.954437255859375,
315.69999999999999,2.128173828125,
315.80000000000001,2.301910400390625,
315.89999999999998,2.4730987548828125,
316,2.6315078735351562,
316.10000000000002,2.754150390625,
316.19999999999999,2.8256912231445312,
316.30000000000001,2.874237060546875,
316.39999999999998,2.9329986572265625,
316.5,2.9866561889648438,
316.60000000000002,3.001983642578125,
316.69999999999999,3.01220703125,
316.80000000000001,3.0096511840820312,
316.89999999999998,2.966217041015625,
317,2.874237060546875,
317.10000000000002,2.6953811645507812,
317.19999999999999,2.40411376953125,
317.30000000000001,2.0489654541015625,
317.39999999999998,1.7117080688476562,
317.5,1.4792022705078125,
317.60000000000002,1.2594757080078125,
317.69999999999999,1.1036224365234375,
317.80000000000001,0.98609161376953125,
317.89999999999998,0.88899993896484375,
318,0.8046875,
318.10000000000002,0.738250732421875,
318.19999999999999,0.6897125244140625,
318.30000000000001,0.65904998779296875,
318.39999999999998,0.63605499267578125,
318.5,0.61817169189453125,
318.60000000000002,0.5977325439453125,
318.69999999999999,0.56451416015625,
318.80000000000001,0.52874755859375,
318.89999999999998,0.51596832275390625,
319,0.51596832275390625,
319.10000000000002,0.52874755859375,
319.19999999999999,0.53896331787109375,
319.30000000000001,0.54407501220703125,
319.39999999999998,0.56451416015625,
319.5,0.610504150390625,
319.60000000000002,0.65904998779296875,
319.69999999999999,0.72803497314453125,
319.80000000000001,0.8046875,
319.89999999999998,0.8276824951171875,
320,0.8072357177734375,9.8441343307495117
320.10000000000002,0.7714691162109375,
320.19999999999999,0.7433624267578125,
320.30000000000001,0.72803497314453125,
320.39999999999998,0.72803497314453125,
320.5,0.7357025146484375,
320.60000000000002,0.74080657958984375,
320.69999999999999,0.75102996826171875,
320.80000000000001,0.766357421875,
320.89999999999998,0.7893524169921875,
321,0.812347412109375,
321.10000000000002,0.84300994873046875,
321.19999999999999,0.9503173828125,
321.30000000000001,1.1649398803710938,
321.39999999999998,1.41021728515625,
321.5,1.6452789306640625,
321.60000000000002,1.8675613403320312,
321.69999999999999,2.0668563842773438,
321.80000000000001,2.2457046508789062,
321.89999999999998,2.4347763061523438,
322,2.6391754150390625,
322.10000000000002,2.8716812133789062,
322.19999999999999,3.1144027709960938,
322.30000000000001,3.3443527221679688,
322.39999999999998,3.5129852294921875,
322.5,3.5896377563476562,
322.60000000000002,3.6305160522460938,
322.69999999999999,3.6892776489257812,
322.80000000000001,3.7991409301757812,
322.89999999999998,3.9115676879882812,
323,3.9115676879882812,
323.10000000000002,3.7506027221679688,
323.19999999999999,3.5436477661132812,
323.30000000000001,3.3494644165039062,
323.39999999999998,3.1220703125,
323.5,2.892120361328125,
323.60000000000002,2.6826095581054688,
323.69999999999999,2.49609375,
323.80000000000001,2.2635879516601562,
323.89999999999998,2.00042724609375,
324,1.7858047485351562,
324.10000000000002,1.5686264038085938,
324.19999999999999,1.346343994140625,
324.30000000000001,1.1777114868164062,
324.39999999999998,1.0576324462890625,
324.5,0.95287322998046875,
324.60000000000002,0.85833740234375,
324.69999999999999,0.78679656982421875,
324.80000000000001,0.71781158447265625,
324.89999999999998,0.646270751953125,
325,0.5977325439453125,
325.10000000000002,0.5772857666015625,
325.19999999999999,0.5772857666015625,
325.30000000000001,0.592620849609375,
325.39999999999998,0.5977325439453125,
325.5,0.5823974609375,
325.60000000000002,0.56195831298828125,
325.69999999999999,0.5517425537109375,
325.80000000000001,0.5415191650390625,
325.89999999999998,0.52874755859375,
326,0.5236358642578125,
326.10000000000002,0.51596832275390625,
326.19999999999999,0.48020172119140625,
326.30000000000001,0.44698333740234375,
326.39999999999998,0.45209503173828125,
326.5,0.4853057861328125,
326.60000000000002,0.51085662841796875,
326.69999999999999,0.518524169921875,
326.80000000000001,0.5236358642578125,
326.89999999999998,0.53385162353515625,
327,0.53385162353515625,
327.10000000000002,0.52619171142578125,
327.19999999999999,0.52108001708984375,
327.30000000000001,0.51085662841796875,
327.39999999999998,0.500640869140625,
327.5,0.47509002685546875,
327.60000000000002,0.444427490234375,
327.69999999999999,0.43421173095703125,
327.80000000000001,0.44187164306640625,
327.89999999999998,0.45720672607421875,
328,0.46486663818359375,
328.10000000000002,0.46997833251953125,
328.19999999999999,0.48020172119140625,
328.30000000000001,0.49808502197265625,
328.39999999999998,0.5312957763671875,
328.5,0.5823974609375,
328.60000000000002,0.64882659912109375,
328.69999999999999,0.7357025146484375,
328.80000000000001,0.84300994873046875,
328.89999999999998,0.97075653076171875,
329,1.1393890380859375,
329.10000000000002,1.3437881469726562,
329.19999999999999,1.5532989501953125,
329.30000000000001,1.7551422119140625,
329.39999999999998,1.9748764038085938,
329.5,2.209930419921875,
329.60000000000002,2.4424362182617188,
329.69999999999999,2.6545028686523438,
329.80000000000001,2.88189697265625,
329.89999999999998,3.1246261596679688,
330,3.2728118896484375,9.6618356704711914
330.10000000000002,3.3826751708984375,
330.19999999999999,3.5589752197265625,
330.30000000000001,3.6841659545898438,
330.39999999999998,3.6407318115234375,
330.5,3.5513076782226562,
330.60000000000002,3.5308685302734375,
330.69999999999999,3.5743026733398438,
330.80000000000001,3.8221359252929688,
330.89999999999998,4.1108551025390625,
331,4.13385009765625,
331.10000000000002,4.0290908813476562,
331.19999999999999,3.9524459838867188,
331.30000000000001,3.8144760131835938,
331.39999999999998,3.599853515625,
331.5,3.3724594116210938,
331.60000000000002,3.1322860717773438,
331.69999999999999,2.8997802734375,
331.80000000000001,2.7056045532226562,
331.89999999999998,2.5190887451171875,
332,2.2508163452148438,
332.10000000000002,1.92633056640625,
332.19999999999999,1.658050537109375,
332.30000000000001,1.5277481079101562,
332.39999999999998,1.41021728515625,
332.5,1.2211456298828125,
332.60000000000002,1.070404052734375,
332.69999999999999,0.98609161376953125,
332.80000000000001,0.9196624755859375,
332.89999999999998,0.8404541015625,
333,0.76891326904296875,
333.10000000000002,0.720367431640625,
333.19999999999999,0.6897125244140625,
333.30000000000001,0.68715667724609375,
333.39999999999998,0.6897125244140625,
333.5,0.6897125244140625,
333.60000000000002,0.68204498291015625,
333.69999999999999,0.6616058349609375,
333.80000000000001,0.63094329833984375,
333.89999999999998,0.6232757568359375,
334,0.6513824462890625,
334.10000000000002,0.6897125244140625,
334.19999999999999,0.71781158447265625,
334.30000000000001,0.7433624267578125,
334.39999999999998,0.78424072265625,
334.5,0.84300994873046875,
334.60000000000002,0.89666748046875,
334.69999999999999,0.9273223876953125,
334.80000000000001,0.942657470703125,
334.89999999999998,0.942657470703125,
335,0.922210693359375,
335.10000000000002,0.87877655029296875,
335.19999999999999,0.8404541015625,
335.30000000000001,0.82257080078125,
335.39999999999998,0.8174591064453125,
335.5,0.812347412109375,
335.60000000000002,0.80979156494140625,
335.69999999999999,0.8072357177734375,
335.80000000000001,0.80979156494140625,
335.89999999999998,0.812347412109375,
336,0.81490325927734375,
336.10000000000002,0.830230712890625,
336.19999999999999,0.8634490966796875,
336.30000000000001,0.9375457763671875,
336.39999999999998,1.088287353515625,
336.5,1.2952423095703125,
336.60000000000002,1.5226364135742188,
336.69999999999999,1.7679214477539062,
336.80000000000001,1.9953155517578125,
336.89999999999998,2.1997146606445312,
337,2.3811187744140625,
337.10000000000002,2.5216445922851562,
337.19999999999999,2.6008453369140625,
337.30000000000001,2.62384033203125,
337.39999999999998,2.6263961791992188,
337.5,2.6034011840820312,
337.60000000000002,2.5446395874023438,
337.69999999999999,2.4603271484375,
337.80000000000001,2.3657913208007812,
337.89999999999998,2.29425048828125,
338,2.2610321044921875,
338.10000000000002,2.2584762573242188,
338.19999999999999,2.2073822021484375,
338.30000000000001,2.0387496948242188,
338.39999999999998,1.7832489013671875,
338.5,1.5507431030273438,
338.60000000000002,1.3846664428710938,
338.69999999999999,1.218597412109375,
338.80000000000001,1.014190673828125,
338.89999999999998,0.82512664794921875,
339,0.67437744140625,
339.10000000000002,0.54918670654296875,
339.19999999999999,0.50319671630859375,
339.30000000000001,0.54407501220703125,
339.39999999999998,0.60794830322265625,
339.5,0.6437225341796875,
339.60000000000002,0.65904998779296875,
339.69999999999999,0.6794891357421875,
339.80000000000001,0.6897125244140625,
339.89999999999998,0.6897125244140625,
340,0.69481658935546875,9.015777587890625
340.10000000000002,0.684600830078125,
340.19999999999999,0.65904998779296875,
340.30000000000001,0.6513824462890625,
340.39999999999998,0.66416168212890625,
340.5,0.63861083984375,
340.60000000000002,0.56195831298828125,
340.69999999999999,0.52874755859375,
340.80000000000001,0.5594024658203125,
340.89999999999998,0.6156158447265625,
341,0.71015167236328125,
341.10000000000002,0.8455657958984375,
341.19999999999999,0.98609161376953125,
341.30000000000001,1.126617431640625,
341.39999999999998,1.236480712890625,
341.5,1.30035400390625,
341.60000000000002,1.382110595703125,
341.69999999999999,1.4894256591796875,
341.80000000000001,1.5814056396484375,
341.89999999999998,1.6887130737304688,
342,1.8215713500976562,
342.10000000000002,1.9391021728515625,
342.19999999999999,2.0770721435546875,
342.30000000000001,2.2584762573242188,
342.39999999999998,2.450103759765625,
342.5,2.634063720703125,
342.60000000000002,2.7950286865234375,
342.69999999999999,2.9304428100585938,
342.80000000000001,3.0684127807617188,
342.89999999999998,3.2242660522460938,
343,3.3928985595703125,
343.10000000000002,3.5691909790039062,
343.19999999999999,3.7506027221679688,
343.30000000000001,3.9550018310546875,
343.39999999999998,4.1645126342773438,
343.5,4.3765716552734375,
343.60000000000002,4.583526611328125,
343.69999999999999,4.7393875122070312,
343.80000000000001,4.7623825073242188,
343.89999999999998,4.529876708984375,
344,4.1491775512695312,
344.10000000000002,3.7863693237304688,
344.19999999999999,3.3750152587890625,
344.30000000000001,2.9406661987304688,
344.39999999999998,2.5957412719726562,
344.5,2.3249053955078125,
344.60000000000002,2.0745162963867188,
344.69999999999999,1.824127197265625,
344.80000000000001,1.586517333984375,
344.89999999999998,1.41021728515625,
345,1.2952423095703125,
345.10000000000002,1.2466964721679688,
345.19999999999999,1.2160415649414062,
345.30000000000001,1.1700515747070312,
345.39999999999998,1.1470565795898438,
345.5,1.1419448852539062,
345.60000000000002,1.11639404296875,
345.69999999999999,1.0652923583984375,
345.80000000000001,1.0244140625,
345.89999999999998,0.98097991943359375,
346,0.9094390869140625,
346.10000000000002,0.84812164306640625,
346.19999999999999,0.830230712890625,
346.30000000000001,0.8276824951171875,
346.39999999999998,0.83278656005859375,
346.5,0.84812164306640625,
346.60000000000002,0.85578155517578125,
346.69999999999999,0.86089324951171875,
346.80000000000001,0.8736724853515625,
346.89999999999998,0.8813323974609375,
347,0.8915557861328125,
347.10000000000002,0.92476654052734375,
347.19999999999999,0.9656524658203125,
347.30000000000001,1.0090866088867188,
347.39999999999998,1.106170654296875,
347.5,1.2773590087890625,
347.60000000000002,1.494537353515625,
347.69999999999999,1.7244873046875,
347.80000000000001,1.954437255859375,
347.89999999999998,2.1664962768554688,
348,2.3070220947265625,
348.10000000000002,2.4117813110351562,
348.19999999999999,2.5650787353515625,
348.30000000000001,2.7388153076171875,
348.39999999999998,2.8767852783203125,
348.5,2.9687652587890625,
348.60000000000002,3.03009033203125,
348.69999999999999,3.10418701171875,
348.80000000000001,3.1936111450195312,
348.89999999999998,3.2523727416992188,
349,3.2753677368164062,
349.10000000000002,3.1706161499023438,
349.19999999999999,2.9483261108398438,
349.30000000000001,2.6928253173828125,
349.39999999999998,2.3657913208007812,
349.5,1.9850921630859375,
349.60000000000002,1.6299514770507812,
349.69999999999999,1.328460693359375,
349.80000000000001,1.0857315063476562,
349.89999999999998,0.91199493408203125,
350,0.76891326904296875,9.2236738204956055
350.10000000000002,0.55684661865234375,
350.19999999999999,0.33200836181640625,
350.30000000000001,0.2195892333984375,
350.39999999999998,0.18126678466796875,
350.5,0.186370849609375,
350.60000000000002,0.2093658447265625,
350.69999999999999,0.22214508056640625,
350.80000000000001,0.2298126220703125,
350.89999999999998,0.1787109375,
351,0.0713958740234375,
351.10000000000002,0.01519012451171875,
351.19999999999999,0.0254058837890625,
351.30000000000001,0.05095672607421875,
351.39999999999998,0.076507568359375,
351.5,0.1097259521484375,
351.60000000000002,0.132720947265625,
351.69999999999999,0.16082763671875,
351.80000000000001,0.23236083984375,
351.89999999999998,0.31923675537109375,
352,0.3984375,
352.10000000000002,0.48786163330078125,
352.19999999999999,0.60283660888671875,
352.30000000000001,0.71781158447265625,
352.39999999999998,0.79701995849609375,
352.5,0.83789825439453125,
352.60000000000002,0.84812164306640625,
352.69999999999999,0.83789825439453125,
352.80000000000001,0.82257080078125,
352.89999999999998,0.81490325927734375,
353,0.8072357177734375,
353.10000000000002,0.78679656982421875,
353.19999999999999,0.7612457275390625,
353.30000000000001,0.7535858154296875,
353.39999999999998,0.75614166259765625,
353.5,0.74847412109375,
353.60000000000002,0.79701995849609375,
353.69999999999999,1.014190673828125,
353.80000000000001,1.3156814575195312,
353.89999999999998,1.6273956298828125,
354,1.9493255615234375,
354.10000000000002,2.2457046508789062,
354.19999999999999,2.5293121337890625,
354.30000000000001,2.77203369140625,
354.39999999999998,2.9687652587890625,
354.5,3.13995361328125,
354.60000000000002,3.3085861206054688,
354.69999999999999,3.4746627807617188,
354.80000000000001,3.6305160522460938,
354.89999999999998,3.7429351806640625,
355,3.7812576293945312,
355.10000000000002,3.8195877075195312,
355.19999999999999,3.8706817626953125,
355.30000000000001,3.921783447265625,
355.39999999999998,4.0035476684570312,
355.5,4.0367584228515625,
355.60000000000002,3.9882125854492188,
355.69999999999999,3.85791015625,
355.80000000000001,3.6867218017578125,
355.89999999999998,3.535980224609375,
356,3.405670166015625,
356.10000000000002,3.3213577270507812,
356.19999999999999,3.2447052001953125,
356.30000000000001,3.1476211547851562,
356.39999999999998,3.0479736328125,
356.5,2.9585494995117188,
356.60000000000002,2.8307952880859375,
356.69999999999999,2.651947021484375,
356.80000000000001,2.4909820556640625,
356.89999999999998,2.3811187744140625,
357,2.2508163452148438,
357.10000000000002,2.1154022216796875,
357.19999999999999,2.018310546875,
357.30000000000001,1.9442138671875,
357.39999999999998,1.842010498046875,
357.5,1.7449264526367188,
357.60000000000002,1.6478347778320312,
357.69999999999999,1.5226364135742188,
357.80000000000001,1.402557373046875,
357.89999999999998,1.2799148559570312,
358,1.13427734375,
358.10000000000002,1.014190673828125,
358.19999999999999,0.92987823486328125,
358.30000000000001,0.8634490966796875,
358.39999999999998,0.8072357177734375,
358.5,0.7612457275390625,
358.60000000000002,0.72292327880859375,
358.69999999999999,0.6897125244140625,
358.80000000000001,0.65393829345703125,
358.89999999999998,0.62583160400390625,
359,0.60283660888671875,
359.10000000000002,0.57984161376953125,
359.19999999999999,0.57218170166015625,
359.30000000000001,0.63094329833984375,
359.39999999999998,0.69992828369140625,
359.5,0.702484130859375,
359.60000000000002,0.666717529296875,
359.69999999999999,0.62583160400390625,
359.80000000000001,0.59517669677734375,
359.89999999999998,0.5823974609375,
360,0.574737548828125,9.7959184646606445
360.10000000000002,0.5772857666015625,
360.19999999999999,0.5875091552734375,
360.30000000000001,0.59517669677734375,
360.39999999999998,0.59517669677734375,
360.5,0.592620849609375,
360.60000000000002,0.5772857666015625,
360.69999999999999,0.54407501220703125,
360.80000000000001,0.51596832275390625,
360.89999999999998,0.518524169921875,
361,0.5312957763671875,
361.10000000000002,0.53896331787109375,
361.19999999999999,0.546630859375,
361.30000000000001,0.55684661865234375,
361.39999999999998,0.5594024658203125,
361.5,0.56451416015625,
361.60000000000002,0.5696258544921875,
361.69999999999999,0.57218170166015625,
361.80000000000001,0.5823974609375,
361.89999999999998,0.6053924560546875,
362,0.63094329833984375,
362.10000000000002,0.6513824462890625,
362.19999999999999,0.70503997802734375,
362.30000000000001,0.82512664794921875,
362.39999999999998,0.996307373046875,
362.5,1.1751556396484375,
362.60000000000002,1.33612060546875,
362.69999999999999,1.5098648071289062,
362.80000000000001,1.7117080688476562,
362.89999999999998,1.9391021728515625,
363,2.1639404296875,
363.10000000000002,2.3836746215820312,
363.19999999999999,2.5804061889648438,
363.30000000000001,2.77203369140625,
363.39999999999998,2.9968719482421875,
363.5,3.2396011352539062,
363.60000000000002,3.4823226928710938,
363.69999999999999,3.6816177368164062,
363.80000000000001,3.80169677734375,
363.89999999999998,3.8246917724609375,
364,3.76593017578125,
364.10000000000002,3.69183349609375,
364.19999999999999,3.5385360717773438,
364.30000000000001,3.2293777465820312,
364.39999999999998,2.8512420654296875,
364.5,2.4628753662109375,
364.60000000000002,2.1128463745117188,
364.69999999999999,1.8394622802734375,
364.80000000000001,1.5890655517578125,
364.89999999999998,1.3718948364257812,
365,1.2032623291015625,
365.10000000000002,1.0780715942382812,
365.19999999999999,0.9835357666015625,
365.30000000000001,0.90177154541015625,
365.39999999999998,0.830230712890625,
365.5,0.77402496337890625,
365.60000000000002,0.7152557373046875,
365.69999999999999,0.6794891357421875,
365.80000000000001,0.67693328857421875,
365.89999999999998,0.6922607421875,
366,0.70503997802734375,
366.10000000000002,0.71270751953125,
366.19999999999999,0.7152557373046875,
366.30000000000001,0.7075958251953125,
366.39999999999998,0.72292327880859375,
366.5,0.7535858154296875,
366.60000000000002,0.7612457275390625,
366.69999999999999,0.75102996826171875,
366.80000000000001,0.7305908203125,
366.89999999999998,0.73314666748046875,
367,0.74591827392578125,
367.10000000000002,0.738250732421875,
367.19999999999999,0.72292327880859375,
367.30000000000001,0.71015167236328125,
367.39999999999998,0.71015167236328125,
367.5,0.7152557373046875,
367.60000000000002,0.72292327880859375,
367.69999999999999,0.7254791259765625,
367.80000000000001,0.7305908203125,
367.89999999999998,0.7357025146484375,
368,0.7305908203125,
368.10000000000002,0.702484130859375,
368.19999999999999,0.67437744140625,
368.30000000000001,0.6794891357421875,
368.39999999999998,0.69481658935546875,
368.5,0.7075958251953125,
368.60000000000002,0.72292327880859375,
368.69999999999999,0.74080657958984375,
368.80000000000001,0.76380157470703125,
368.89999999999998,0.78679656982421875,
369,0.7893524169921875,
369.10000000000002,0.7893524169921875,
369.19999999999999,0.81490325927734375,
369.30000000000001,0.89411163330078125,
369.39999999999998,1.04229736328125,
369.5,1.22625732421875,
369.60000000000002,1.4613189697265625,
369.69999999999999,1.7372589111328125,
369.80000000000001,2.0029754638671875,
369.89999999999998,2.2686996459960938,
370,2.524200439453125,9.1533184051513672
370.10000000000002,2.8052520751953125,
370.19999999999999,3.1067352294921875,
370.30000000000001,3.3903427124023438,
370.39999999999998,3.6432876586914062,
370.5,3.8323593139648438,
370.60000000000002,3.9805526733398438,
370.69999999999999,4.087860107421875,
370.80000000000001,4.1772842407226562,
370.89999999999998,4.2692642211914062,
371,4.289703369140625,
371.10000000000002,4.289703369140625,
371.19999999999999,4.3024826049804688,
371.30000000000001,4.2743759155273438,
371.39999999999998,4.1875076293945312,
371.5,4.0009918212890625,
371.60000000000002,3.7352676391601562,
371.69999999999999,3.479766845703125,
371.80000000000001,3.2855911254882812,
371.89999999999998,3.1527252197265625,
372,3.0428619384765625,
372.10000000000002,2.9636611938476562,
372.19999999999999,2.9176712036132812,
372.30000000000001,2.8410186767578125,
372.39999999999998,2.7234878540039062,
372.5,2.6212921142578125,
372.60000000000002,2.467987060546875,
372.69999999999999,2.209930419921875,
372.80000000000001,1.9314422607421875,
372.89999999999998,1.6861572265625,
373,1.4894256591796875,
373.10000000000002,1.346343994140625,
373.19999999999999,1.2288131713867188,
373.30000000000001,1.1496124267578125,
373.39999999999998,1.1010665893554688,
373.5,1.0652923583984375,
373.60000000000002,1.0474090576171875,
373.69999999999999,1.0397415161132812,
373.80000000000001,1.0244140625,
373.89999999999998,1.0116424560546875,
374,0.99375152587890625,
374.10000000000002,0.95798492431640625,
374.19999999999999,0.92476654052734375,
374.30000000000001,0.91455078125,
374.39999999999998,0.91710662841796875,
374.5,0.92476654052734375,
374.60000000000002,0.92476654052734375,
374.69999999999999,0.92476654052734375,
374.80000000000001,0.922210693359375,
374.89999999999998,0.922210693359375,
375,0.9273223876953125,
375.10000000000002,0.9273223876953125,
375.19999999999999,0.922210693359375,
375.30000000000001,0.91455078125,
375.39999999999998,0.89411163330078125,
375.5,0.86600494384765625,
375.60000000000002,0.84812164306640625,
375.69999999999999,0.84300994873046875,
375.80000000000001,0.8404541015625,
375.89999999999998,0.8353424072265625,
376,0.8353424072265625,
376.10000000000002,0.83789825439453125,
376.19999999999999,0.8455657958984375,
376.30000000000001,0.85578155517578125,
376.39999999999998,0.86089324951171875,
376.5,0.86089324951171875,
376.60000000000002,0.85833740234375,
376.69999999999999,0.8532257080078125,
376.80000000000001,0.83789825439453125,
376.89999999999998,0.830230712890625,
377,0.8404541015625,
377.10000000000002,0.876220703125,
377.19999999999999,0.942657470703125,
377.30000000000001,1.0474090576171875,
377.39999999999998,1.2007064819335938,
377.5,1.4306564331054688,
377.60000000000002,1.7985763549804688,
377.69999999999999,2.192047119140625,
377.80000000000001,2.506317138671875,
377.89999999999998,2.800140380859375,
378,3.0607452392578125,
378.10000000000002,3.2651519775390625,
378.19999999999999,3.4210052490234375,
378.30000000000001,3.5640869140625,
378.39999999999998,3.7071609497070312,
378.5,3.7914810180664062,
378.60000000000002,3.7429351806640625,
378.69999999999999,3.645843505859375,
378.80000000000001,3.5921859741210938,
378.89999999999998,3.553863525390625,
379,3.5104293823242188,
379.10000000000002,3.3928985595703125,
379.19999999999999,3.1782760620117188,
379.30000000000001,2.9125595092773438,
379.39999999999998,2.6008453369140625,
379.5,2.2789154052734375,
379.60000000000002,2.0131988525390625,
379.69999999999999,1.7985763549804688,
379.80000000000001,1.6095123291015625,
379.89999999999998,1.4536514282226562,
380,1.3259048461914062,7.8328986167907715
380.10000000000002,1.2109298706054688,
380.19999999999999,1.126617431640625,
380.30000000000001,1.0652923583984375,
380.39999999999998,0.9886474609375,
380.5,0.904327392578125,
380.60000000000002,0.8532257080078125,
380.69999999999999,0.83789825439453125,
380.80000000000001,0.830230712890625,
380.89999999999998,0.8276824951171875,
381,0.8276824951171875,
381.10000000000002,0.8276824951171875,
381.19999999999999,0.83278656005859375,
381.30000000000001,0.83278656005859375,
381.39999999999998,0.83789825439453125,
381.5,0.84300994873046875,
381.60000000000002,0.84300994873046875,
381.69999999999999,0.8404541015625,
381.80000000000001,0.82257080078125,
381.89999999999998,0.812347412109375,
382,0.82001495361328125,
382.10000000000002,0.8404541015625,
382.19999999999999,0.85833740234375,
382.30000000000001,0.87877655029296875,
382.39999999999998,0.9094390869140625,
382.5,0.95287322998046875,
382.60000000000002,1.0116424560546875,
382.69999999999999,1.0959548950195312,
382.80000000000001,1.1291656494140625,
382.89999999999998,1.1087265014648438,
383,1.106170654296875,
383.10000000000002,1.13427734375,
383.19999999999999,1.162384033203125,
383.30000000000001,1.1751556396484375,
383.39999999999998,1.1956024169921875,
383.5,1.2083740234375,
383.60000000000002,1.2390365600585938,
383.69999999999999,1.3386764526367188,
383.80000000000001,1.474090576171875,
383.89999999999998,1.63250732421875,
384,1.8471221923828125,
384.10000000000002,2.1051788330078125,
384.19999999999999,2.3632354736328125,
384.30000000000001,2.60595703125,
384.39999999999998,2.8665695190429688,
384.5,3.168060302734375,
384.60000000000002,3.6202926635742188,
384.69999999999999,4.0955276489257812,
384.80000000000001,4.3944625854492188,
384.89999999999998,4.6090774536132812,
385,4.8007049560546875,
385.10000000000002,4.8722457885742188,
385.19999999999999,4.8364715576171875,
385.30000000000001,4.7828216552734375,
385.39999999999998,4.6678466796875,
385.5,4.445556640625,
385.60000000000002,4.1823959350585938,
385.69999999999999,3.9320068359375,
385.80000000000001,3.6432876586914062,
385.89999999999998,3.32391357421875,
386,3.083740234375,
386.10000000000002,2.9048919677734375,
386.19999999999999,2.6953811645507812,
386.30000000000001,2.4705429077148438,
386.39999999999998,2.2610321044921875,
386.5,2.0898513793945312,
386.60000000000002,1.9365463256835938,
386.69999999999999,1.7755813598632812,
386.80000000000001,1.586517333984375,
386.89999999999998,1.402557373046875,
387,1.2620315551757812,
387.10000000000002,1.1674957275390625,
387.19999999999999,1.1036224365234375,
387.30000000000001,1.0550765991210938,
387.39999999999998,1.0218582153320312,
387.5,1.0014190673828125,
387.60000000000002,0.9911956787109375,
387.69999999999999,0.98097991943359375,
387.80000000000001,0.96820068359375,
387.89999999999998,0.9503173828125,
388,0.93498992919921875,
388.10000000000002,0.90688323974609375,
388.19999999999999,0.8634490966796875,
388.30000000000001,0.830230712890625,
388.39999999999998,0.82001495361328125,
388.5,0.82257080078125,
388.60000000000002,0.8353424072265625,
388.69999999999999,0.8532257080078125,
388.80000000000001,0.86089324951171875,
388.89999999999998,0.86089324951171875,
389,0.8634490966796875,
389.10000000000002,0.868560791015625,
389.19999999999999,0.87111663818359375,
389.30000000000001,0.8736724853515625,
389.39999999999998,0.876220703125,
389.5,0.8634490966796875,
389.60000000000002,0.8455657958984375,
389.69999999999999,0.8404541015625,
389.80000000000001,0.850677490234375,
389.89999999999998,0.868560791015625,
390,0.886444091796875,8.4825639724731445
390.10000000000002,0.89411163330078125,
390.19999999999999,0.89411163330078125,
390.30000000000001,0.89666748046875,
390.39999999999998,0.8992156982421875,
390.5,0.90177154541015625,
390.60000000000002,0.8992156982421875,
390.69999999999999,0.89666748046875,
390.80000000000001,0.88388824462890625,
390.89999999999998,0.85833740234375,
391,0.83789825439453125,
391.10000000000002,0.8404541015625,
391.19999999999999,0.86600494384765625,
391.30000000000001,0.904327392578125,
391.39999999999998,0.942657470703125,
391.5,0.96820068359375,
391.60000000000002,0.99375152587890625,
391.69999999999999,1.00653076171875,
391.80000000000001,1.0039749145507812,
391.89999999999998,1.0039749145507812,
392,1.0193023681640625,
392.10000000000002,1.0218582153320312,
392.19999999999999,0.99886322021484375,
392.30000000000001,0.96309661865234375,
392.39999999999998,0.942657470703125,
392.5,0.94010162353515625,
392.60000000000002,0.9375457763671875,
392.69999999999999,0.92987823486328125,
392.80000000000001,0.922210693359375,
392.89999999999998,0.91710662841796875,
393,0.922210693359375,
393.10000000000002,0.960540771484375,
393.19999999999999,1.0269699096679688,
393.30000000000001,1.1112823486328125,
393.39999999999998,1.172607421875,
393.5,1.2211456298828125,
393.60000000000002,1.3259048461914062,
393.69999999999999,1.48431396484375,
393.80000000000001,1.6452789306640625,
393.89999999999998,1.7934722900390625,
394,1.9467697143554688,
394.10000000000002,2.1051788330078125,
394.19999999999999,2.2508163452148438,
394.30000000000001,2.3887863159179688,
394.39999999999998,2.5165328979492188,
394.5,2.6417312622070312,
394.60000000000002,2.7183761596679688,
394.69999999999999,2.6545028686523438,
394.80000000000001,2.4807662963867188,
394.89999999999998,2.3172454833984375,
395,2.1818313598632812,
395.10000000000002,2.0106430053710938,
395.19999999999999,1.8113555908203125,
395.30000000000001,1.6350555419921875,
395.39999999999998,1.494537353515625,
395.5,1.3795623779296875,
395.60000000000002,1.272247314453125,
395.69999999999999,1.1853790283203125,
395.80000000000001,1.1291656494140625,
395.89999999999998,1.0755157470703125,
396,1.0039749145507812,
396.10000000000002,0.9273223876953125,
396.19999999999999,0.85833740234375,
396.30000000000001,0.7995758056640625,
396.39999999999998,0.766357421875,
396.5,0.738250732421875,
396.60000000000002,0.720367431640625,
396.69999999999999,0.7152557373046875,
396.80000000000001,0.7152557373046875,
396.89999999999998,0.720367431640625,
397,0.7305908203125,
397.10000000000002,0.74080657958984375,
397.19999999999999,0.74591827392578125,
397.30000000000001,0.7535858154296875,
397.39999999999998,0.74080657958984375,
397.5,0.71781158447265625,
397.60000000000002,0.71015167236328125,
397.69999999999999,0.71015167236328125,
397.80000000000001,0.71270751953125,
397.89999999999998,0.72292327880859375,
398,0.74080657958984375,
398.10000000000002,0.7612457275390625,
398.19999999999999,0.78679656982421875,
398.30000000000001,0.812347412109375,
398.39999999999998,0.83789825439453125,
398.5,0.868560791015625,
398.60000000000002,0.886444091796875,
398.69999999999999,0.88388824462890625,
398.80000000000001,0.85578155517578125,
398.89999999999998,0.8174591064453125,
399,0.78424072265625,
399.10000000000002,0.77913665771484375,
399.19999999999999,0.7893524169921875,
399.30000000000001,0.7893524169921875,
399.39999999999998,0.78679656982421875,
399.5,0.78679656982421875,
399.60000000000002,0.78679656982421875,
399.69999999999999,0.7893524169921875,
399.80000000000001,0.79701995849609375,
399.89999999999998,0.7995758056640625,
400,0.794464111328125,8.6330938339233398
400.10000000000002,0.7816925048828125,
400.19999999999999,0.7612457275390625,
400.30000000000001,0.74847412109375,
400.39999999999998,0.75102996826171875,
400.5,0.758697509765625,
400.60000000000002,0.7612457275390625,
400.69999999999999,0.76380157470703125,
400.80000000000001,0.7714691162109375,
400.89999999999998,0.78424072265625,
401,0.7893524169921875,
401.10000000000002,0.79190826416015625,
401.19999999999999,0.78679656982421875,
401.30000000000001,0.7816925048828125,
401.39999999999998,0.77913665771484375,
401.5,0.7612457275390625,
401.60000000000002,0.73314666748046875,
401.69999999999999,0.7433624267578125,
401.80000000000001,0.79190826416015625,
401.89999999999998,0.868560791015625,
402,0.9656524658203125,
402.10000000000002,1.070404052734375,
402.19999999999999,1.172607421875,
402.30000000000001,1.3054656982421875,
402.39999999999998,1.4919815063476562,
402.5,1.6989364624023438,
402.60000000000002,1.9212188720703125,
402.69999999999999,2.1435012817382812,
402.80000000000001,2.3325729370117188,
402.89999999999998,2.4884262084960938,
403,2.6315078735351562,
403.10000000000002,2.7950286865234375,
403.19999999999999,2.945770263671875,
403.30000000000001,3.0479736328125,
403.39999999999998,3.1169586181640625,
403.5,3.1527252197265625,
403.60000000000002,3.150177001953125,
403.69999999999999,3.0862960815429688,
403.80000000000001,2.9304428100585938,
403.89999999999998,2.7592620849609375,
404,2.669830322265625,
404.10000000000002,2.62384033203125,
404.19999999999999,2.598297119140625,
404.30000000000001,2.598297119140625,
404.39999999999998,2.6289520263671875,
404.5,2.6647262573242188,
404.60000000000002,2.6723861694335938,
404.69999999999999,2.6723861694335938,
404.80000000000001,2.6672821044921875,
404.89999999999998,2.6391754150390625,
405,2.6110687255859375,
405.10000000000002,2.5804061889648438,
405.19999999999999,2.5114212036132812,
405.30000000000001,2.4015579223632812,
405.39999999999998,2.3095779418945312,
405.5,2.2533721923828125,
405.60000000000002,2.2278213500976562,
405.69999999999999,2.238037109375,
405.80000000000001,2.2891387939453125,
405.89999999999998,2.3427963256835938,
406,2.40411376953125,
406.10000000000002,2.4654312133789062,
406.19999999999999,2.5037612915039062,
406.30000000000001,2.524200439453125,
406.39999999999998,2.51397705078125,
406.5,2.4168853759765625,
406.60000000000002,2.2584762573242188,
406.69999999999999,2.0898513793945312,
406.80000000000001,1.9288864135742188,
406.89999999999998,1.7755813598632812,
407,1.6171722412109375,
407.10000000000002,1.456207275390625,
407.19999999999999,1.3207931518554688,
407.30000000000001,1.198150634765625,
407.39999999999998,1.0933990478515625,
407.5,1.0218582153320312,
407.60000000000002,0.9733123779296875,
407.69999999999999,0.9273223876953125,
407.80000000000001,0.87111663818359375,
407.89999999999998,0.80213165283203125,
408,0.7612457275390625,
408.10000000000002,0.74591827392578125,
408.19999999999999,0.7433624267578125,
408.30000000000001,0.7535858154296875,
408.39999999999998,0.766357421875,
408.5,0.77402496337890625,
408.60000000000002,0.7816925048828125,
408.69999999999999,0.78679656982421875,
408.80000000000001,0.794464111328125,
408.89999999999998,0.8072357177734375,
409,0.830230712890625,
409.10000000000002,0.850677490234375,
409.19999999999999,0.86089324951171875,
409.30000000000001,0.8634490966796875,
409.39999999999998,0.87877655029296875,
409.5,0.904327392578125,
409.60000000000002,0.9273223876953125,
409.69999999999999,0.92987823486328125,
409.80000000000001,0.92476654052734375,
409.89999999999998,0.922210693359375,
410,0.9196624755859375,3.257328987121582
410.10000000000002,0.91710662841796875,
410.19999999999999,0.91455078125,
410.30000000000001,0.91199493408203125,
410.39999999999998,0.9094390869140625,
410.5,0.8915557861328125,
410.60000000000002,0.86089324951171875,
410.69999999999999,0.83789825439453125,
410.80000000000001,0.8353424072265625,
410.89999999999998,0.8404541015625,
411,0.84300994873046875,
411.10000000000002,0.8455657958984375,
411.19999999999999,0.8455657958984375,
411.30000000000001,0.87877655029296875,
411.39999999999998,1.00653076171875,
411.5,1.126617431640625,
411.60000000000002,1.1010665893554688,
411.69999999999999,1.04229736328125,
411.80000000000001,1.0320816040039062,
411.89999999999998,1.0193023681640625,
412,1.0167465209960938,
412.10000000000002,1.0448532104492188,
412.19999999999999,1.0959548950195312,
412.30000000000001,1.1956024169921875,
412.39999999999998,1.364227294921875,
412.5,1.5686264038085938,
412.60000000000002,1.7934722900390625,
412.69999999999999,2.0336380004882812,
412.80000000000001,2.2712554931640625,
412.89999999999998,2.5369720458984375,
413,2.8026962280273438,
413.10000000000002,3.037750244140625,
413.19999999999999,3.2472610473632812,
413.30000000000001,3.405670166015625,
413.39999999999998,3.535980224609375,
413.5,3.6662826538085938,
413.60000000000002,3.7761459350585938,
413.69999999999999,3.8655776977539062,
413.80000000000001,3.9320068359375,
413.89999999999998,3.9294509887695312,
414,3.8144760131835938,
414.10000000000002,3.6024093627929688,
414.19999999999999,3.3494644165039062,
414.30000000000001,3.093963623046875,
414.39999999999998,2.864013671875,
414.5,2.62384033203125,
414.60000000000002,2.3734512329101562,
414.69999999999999,2.1537246704101562,
414.80000000000001,1.9493255615234375,
414.89999999999998,1.7551422119140625,
415,1.5890655517578125,
415.10000000000002,1.4996414184570312,
415.19999999999999,1.4817581176757812,
415.30000000000001,1.3974456787109375,
415.39999999999998,1.2696914672851562,
415.5,1.1879348754882812,
415.60000000000002,1.13427734375,
415.69999999999999,1.1036224365234375,
415.80000000000001,1.0857315063476562,
415.89999999999998,1.0933990478515625,
416,1.1112823486328125,
416.10000000000002,1.1112823486328125,
416.19999999999999,1.1010665893554688,
416.30000000000001,1.0959548950195312,
416.39999999999998,1.0908432006835938,
416.5,1.0908432006835938,
416.60000000000002,1.0831756591796875,
416.69999999999999,1.0601806640625,
416.80000000000001,1.04229736328125,
416.89999999999998,1.0397415161132812,
417,1.0499649047851562,
417.10000000000002,1.0627365112304688,
417.19999999999999,1.0857315063476562,
417.30000000000001,1.1010665893554688,
417.39999999999998,1.1036224365234375,
417.5,1.1036224365234375,
417.60000000000002,1.1087265014648438,
417.69999999999999,1.1112823486328125,
417.80000000000001,1.1112823486328125,
417.89999999999998,1.106170654296875,
418,1.0780715942382812,
418.10000000000002,1.0474090576171875,
418.19999999999999,1.0397415161132812,
418.30000000000001,1.0448532104492188,
418.39999999999998,1.052520751953125,
418.5,1.0627365112304688,
418.60000000000002,1.0729598999023438,
418.69999999999999,1.0780715942382812,
418.80000000000001,1.0831756591796875,
418.89999999999998,1.0831756591796875,
419,1.0831756591796875,
419.10000000000002,1.0831756591796875,
419.19999999999999,1.0831756591796875,
419.30000000000001,1.0601806640625,
419.39999999999998,1.0320816040039062,
419.5,1.0269699096679688,
419.60000000000002,1.0371856689453125,
419.69999999999999,1.0474090576171875,
419.80000000000001,1.0576324462890625,
419.89999999999998,1.070404052734375,
420,1.0755157470703125,6.2434964179992676
420.10000000000002,1.08062744140625,
420.19999999999999,1.0831756591796875,
420.30000000000001,1.0857315063476562,
420.39999999999998,1.0908432006835938,
420.5,1.0985107421875,
420.60000000000002,1.1138381958007812,
420.69999999999999,1.1700515747070312,
420.80000000000001,1.2569198608398438,
420.89999999999998,1.3514556884765625,
421,1.4868698120117188,
421.10000000000002,1.650390625,
421.19999999999999,1.824127197265625,
421.30000000000001,2.0157546997070312,
421.39999999999998,2.2252655029296875,
421.5,2.4271087646484375,
421.60000000000002,2.62384033203125,
421.69999999999999,2.8205795288085938,
421.80000000000001,2.9713211059570312,
421.89999999999998,3.0607452392578125,
422,3.1220703125,
422.10000000000002,3.1706161499023438,
422.19999999999999,3.2114944458007812,
422.30000000000001,3.24981689453125,
422.39999999999998,3.2702560424804688,
422.5,3.2574844360351562,
422.60000000000002,3.21405029296875,
422.69999999999999,3.1425094604492188,
422.80000000000001,3.0479736328125,
422.89999999999998,2.9381103515625,
423,2.7924728393554688,
423.10000000000002,2.6110687255859375,
423.19999999999999,2.4066696166992188,
423.30000000000001,2.1894912719726562,
423.39999999999998,1.9876480102539062,
423.5,1.8215713500976562,
423.60000000000002,1.678497314453125,
423.69999999999999,1.548187255859375,
423.80000000000001,1.438323974609375,
423.89999999999998,1.3514556884765625,
424,1.282470703125,
424.10000000000002,1.2313690185546875,
424.19999999999999,1.1853790283203125,
424.30000000000001,1.1240615844726562,
424.39999999999998,1.0627365112304688,
424.5,1.0269699096679688,
424.60000000000002,1.0193023681640625,
424.69999999999999,1.0218582153320312,
424.80000000000001,1.0269699096679688,
424.89999999999998,1.1087265014648438,
425,1.2211456298828125,
425.10000000000002,1.2466964721679688,
425.19999999999999,1.236480712890625,
425.30000000000001,1.2415924072265625,
425.39999999999998,1.2492523193359375,
425.5,1.254364013671875,
425.60000000000002,1.254364013671875,
425.69999999999999,1.2492523193359375,
425.80000000000001,1.2466964721679688,
425.89999999999998,1.2594757080078125,
426,1.2773590087890625,
426.10000000000002,1.3233489990234375,
426.19999999999999,1.4281005859375,
426.30000000000001,1.5047531127929688,
426.39999999999998,1.5098648071289062,
426.5,1.4792022705078125,
426.60000000000002,1.456207275390625,
426.69999999999999,1.44854736328125,
426.80000000000001,1.4408798217773438,
426.89999999999998,1.4536514282226562,
427,1.4970855712890625,
427.10000000000002,1.5839614868164062,
427.19999999999999,1.7117080688476562,
427.30000000000001,1.8599014282226562,
427.39999999999998,2.0387496948242188,
427.5,2.2457046508789062,
427.60000000000002,2.4424362182617188,
427.69999999999999,2.6212921142578125,
427.80000000000001,2.7873611450195312,
427.89999999999998,2.9176712036132812,
428,3.001983642578125,
428.10000000000002,3.0811920166015625,
428.19999999999999,3.1987152099609375,
428.30000000000001,3.3366851806640625,
428.39999999999998,3.4491119384765625,
428.5,3.47210693359375,
428.60000000000002,3.5104293823242188,
428.69999999999999,3.6662826538085938,
428.80000000000001,3.84002685546875,
428.89999999999998,4.02398681640625,
429,4.2564926147460938,
429.10000000000002,4.5119857788085938,
429.19999999999999,4.7240524291992188,
429.30000000000001,4.8645782470703125,
429.39999999999998,5.0178756713867188,
429.5,5.1507415771484375,
429.60000000000002,5.1865081787109375,
429.69999999999999,5.1711807250976562,
429.80000000000001,5.05364990234375,
429.89999999999998,4.9029006958007812,
430,4.7649307250976562,6.907137393951416
430.10000000000002,4.5707550048828125,
430.19999999999999,4.3944625854492188,
430.30000000000001,4.2283859252929688,
430.39999999999998,4.1108551025390625,
430.5,4.0725326538085938,
430.60000000000002,3.9601058959960938,
430.69999999999999,3.7965927124023438,
430.80000000000001,3.7046127319335938,
430.89999999999998,3.663726806640625,
431,3.5461959838867188,
431.10000000000002,3.2906951904296875,
431.19999999999999,2.9943161010742188,
431.30000000000001,2.690277099609375,
431.39999999999998,2.376007080078125,
431.5,2.1588363647460938,
431.60000000000002,2.025970458984375,
431.69999999999999,1.8905563354492188,
431.80000000000001,1.7909164428710938,
431.89999999999998,1.7551422119140625,
432,1.7270355224609375,
432.10000000000002,1.6452789306640625,
432.19999999999999,1.530303955078125,
432.30000000000001,1.3974456787109375,
432.39999999999998,1.3182373046875,
432.5,1.2952423095703125,
432.60000000000002,1.2569198608398438,
432.69999999999999,1.2237014770507812,
432.80000000000001,1.22625732421875,
432.89999999999998,1.236480712890625,
433,1.2237014770507812,
433.10000000000002,1.2160415649414062,
433.19999999999999,1.22625732421875,
433.30000000000001,1.2390365600585938,
433.39999999999998,1.2466964721679688,
433.5,1.2569198608398438,
433.60000000000002,1.2773590087890625,
433.69999999999999,1.290130615234375,
433.80000000000001,1.2850265502929688,
433.89999999999998,1.282470703125,
434,1.282470703125,
434.10000000000002,1.282470703125,
434.19999999999999,1.2850265502929688,
434.30000000000001,1.2748031616210938,
434.39999999999998,1.2594757080078125,
434.5,1.26458740234375,
434.60000000000002,1.282470703125,
434.69999999999999,1.2875823974609375,
434.80000000000001,1.282470703125,
434.89999999999998,1.2696914672851562,
435,1.2518081665039062,
435.10000000000002,1.254364013671875,
435.19999999999999,1.2569198608398438,
435.30000000000001,1.2492523193359375,
435.39999999999998,1.2466964721679688,
435.5,1.2415924072265625,
435.60000000000002,1.2390365600585938,
435.69999999999999,1.236480712890625,
435.80000000000001,1.2339248657226562,
435.89999999999998,1.236480712890625,
436,1.2415924072265625,
436.10000000000002,1.2415924072265625,
436.19999999999999,1.244140625,
436.30000000000001,1.2339248657226562,
436.39999999999998,1.2058181762695312,
436.5,1.1828231811523438,
436.60000000000002,1.1853790283203125,
436.69999999999999,1.2109298706054688,
436.80000000000001,1.2339248657226562,
436.89999999999998,1.254364013671875,
437,1.30035400390625,
437.10000000000002,1.3948898315429688,
437.19999999999999,1.5379714965820312,
437.30000000000001,1.7449264526367188,
437.39999999999998,1.9876480102539062,
437.5,2.2405929565429688,
437.60000000000002,2.5037612915039062,
437.69999999999999,2.73626708984375,
437.80000000000001,2.8895645141601562,
437.89999999999998,3.0428619384765625,
438,3.1552810668945312,
438.10000000000002,3.2549285888671875,
438.19999999999999,3.35968017578125,
438.30000000000001,3.4312210083007812,
438.39999999999998,3.4976577758789062,
438.5,3.571746826171875,
438.60000000000002,3.5666427612304688,
438.69999999999999,3.4772109985351562,
438.80000000000001,3.352020263671875,
438.89999999999998,3.2191619873046875,
439,3.0914077758789062,
439.10000000000002,2.9687652587890625,
439.19999999999999,2.864013671875,
439.30000000000001,2.7771453857421875,
439.39999999999998,2.690277099609375,
439.5,2.60595703125,
439.60000000000002,2.5369720458984375,
439.69999999999999,2.4475479125976562,
439.80000000000001,2.3146896362304688,
439.89999999999998,2.1639404296875,
440,2.0336380004882812,7.2992696762084961
440.10000000000002,1.9288864135742188,
440.19999999999999,1.8113555908203125,
440.30000000000001,1.6810455322265625,
440.39999999999998,1.5788497924804688,
440.5,1.5047531127929688,
440.60000000000002,1.4281005859375,
440.69999999999999,1.3616714477539062,
440.80000000000001,1.3131256103515625,
440.89999999999998,1.2773590087890625,
441,1.244140625,
441.10000000000002,1.198150634765625,
441.19999999999999,1.15216064453125,
441.30000000000001,1.126617431640625,
441.39999999999998,1.1317214965820312,
441.5,1.1470565795898438,
441.60000000000002,1.1572723388671875,
441.69999999999999,1.162384033203125,
441.80000000000001,1.1751556396484375,
441.89999999999998,1.2058181762695312,
442,1.2313690185546875,
442.10000000000002,1.244140625,
442.19999999999999,1.2569198608398438,
442.30000000000001,1.2620315551757812,
442.39999999999998,1.244140625,
442.5,1.2058181762695312,
442.60000000000002,1.19049072265625,
442.69999999999999,1.198150634765625,
442.80000000000001,1.2083740234375,
442.89999999999998,1.2134857177734375,
443,1.218597412109375,
443.10000000000002,1.2237014770507812,
443.19999999999999,1.22625732421875,
443.30000000000001,1.2288131713867188,
443.39999999999998,1.2288131713867188,
443.5,1.22625732421875,
443.60000000000002,1.22625732421875,
443.69999999999999,1.2160415649414062,
443.80000000000001,1.1649398803710938,
443.89999999999998,1.0857315063476562,
444,1.0269699096679688,
444.10000000000002,1.0116424560546875,
444.19999999999999,1.0269699096679688,
444.30000000000001,1.0627365112304688,
444.39999999999998,1.1189498901367188,
444.5,1.2211456298828125,
444.60000000000002,1.3770065307617188,
444.69999999999999,1.586517333984375,
444.80000000000001,1.8036880493164062,
444.89999999999998,1.9825363159179688,
445,2.1894912719726562,
445.10000000000002,2.4015579223632812,
445.19999999999999,2.58807373046875,
445.30000000000001,2.7873611450195312,
445.39999999999998,2.95599365234375,
445.5,3.1016311645507812,
445.60000000000002,3.2574844360351562,
445.69999999999999,3.3724594116210938,
445.80000000000001,3.444000244140625,
445.89999999999998,3.5283126831054688,
446,3.58197021484375,
446.10000000000002,3.5308685302734375,
446.19999999999999,3.387786865234375,
446.30000000000001,3.2166061401367188,
446.39999999999998,3.0786361694335938,
446.5,2.9585494995117188,
446.60000000000002,2.8333511352539062,
446.69999999999999,2.7107162475585938,
446.80000000000001,2.5931854248046875,
446.89999999999998,2.4884262084960938,
447,2.414337158203125,
447.10000000000002,2.3632354736328125,
447.19999999999999,2.301910400390625,
447.30000000000001,2.2431488037109375,
447.39999999999998,2.209930419921875,
447.5,2.192047119140625,
447.60000000000002,2.2022705078125,
447.69999999999999,2.2175979614257812,
447.80000000000001,2.2175979614257812,
447.89999999999998,2.209930419921875,
448,2.209930419921875,
448.10000000000002,2.2252655029296875,
448.19999999999999,2.2712554931640625,
448.30000000000001,2.3427963256835938,
448.39999999999998,2.3913421630859375,
448.5,2.3657913208007812,
448.60000000000002,2.3198013305664062,
448.69999999999999,2.3070220947265625,
448.80000000000001,2.322357177734375,
448.89999999999998,2.266143798828125,
449,2.0949554443359375,
449.10000000000002,1.9135513305664062,
449.19999999999999,1.7628097534179688,
449.30000000000001,1.6350555419921875,
449.39999999999998,1.5226364135742188,
449.5,1.4153289794921875,
449.60000000000002,1.346343994140625,
449.69999999999999,1.3310165405273438,
449.80000000000001,1.3054656982421875,
449.89999999999998,1.2518081665039062,
450,1.2134857177734375,7.6335878372192383
450.10000000000002,1.2007064819335938,
450.19999999999999,1.2032623291015625,
450.30000000000001,1.2032623291015625,
450.39999999999998,1.2083740234375,
450.5,1.218597412109375,
450.60000000000002,1.2390365600585938,
450.69999999999999,1.26458740234375,
450.80000000000001,1.282470703125,
450.89999999999998,1.26458740234375,
451,1.26458740234375,
451.10000000000002,1.3310165405273438,
451.19999999999999,1.4000015258789062,
451.30000000000001,1.4434356689453125,
451.39999999999998,1.494537353515625,
451.5,1.5328598022460938,
451.60000000000002,1.5098648071289062,
451.69999999999999,1.41021728515625,
451.80000000000001,1.3310165405273438,
451.89999999999998,1.3386764526367188,
452,1.3667831420898438,
452.10000000000002,1.3718948364257812,
452.19999999999999,1.3616714477539062,
452.30000000000001,1.3693389892578125,
452.39999999999998,1.4408798217773438,
452.5,1.5609664916992188,
452.60000000000002,1.6989364624023438,
452.69999999999999,1.8675613403320312,
452.80000000000001,2.0285263061523438,
452.89999999999998,2.1818313598632812,
453,2.3887863159179688,
453.10000000000002,2.6136245727539062,
453.19999999999999,2.818023681640625,
453.30000000000001,3.111846923828125,
453.39999999999998,3.5206527709960938,
453.5,3.9141159057617188,
453.60000000000002,4.2105026245117188,
453.69999999999999,4.4353408813476562,
453.80000000000001,4.6525115966796875,
453.89999999999998,4.8390274047851562,
454,4.8901290893554688,
454.10000000000002,4.6422958374023438,
454.19999999999999,4.1082992553710938,
454.30000000000001,3.6049652099609375,
454.39999999999998,3.277923583984375,
454.5,3.0428619384765625,
454.60000000000002,2.8946762084960938,
454.69999999999999,2.7311553955078125,
454.80000000000001,2.4756546020507812,
454.89999999999998,2.209930419921875,
455,1.9442138671875,
455.10000000000002,1.7244873046875,
455.19999999999999,1.5762939453125,
455.30000000000001,1.4536514282226562,
455.39999999999998,1.3233489990234375,
455.5,1.2109298706054688,
455.60000000000002,1.1368331909179688,
455.69999999999999,1.0933990478515625,
455.80000000000001,1.0576324462890625,
455.89999999999998,1.034637451171875,
456,1.0244140625,
456.10000000000002,0.9911956787109375,
456.19999999999999,0.93498992919921875,
456.30000000000001,0.91199493408203125,
456.39999999999998,0.92476654052734375,
456.5,0.9375457763671875,
456.60000000000002,0.94010162353515625,
456.69999999999999,0.97586822509765625,
456.80000000000001,1.0908432006835938,
456.89999999999998,1.1853790283203125,
457,1.2007064819335938,
457.10000000000002,1.1751556396484375,
457.19999999999999,1.13427734375,
457.30000000000001,1.1189498901367188,
457.39999999999998,1.144500732421875,
457.5,1.2058181762695312,
457.60000000000002,1.2926864624023438,
457.69999999999999,1.392333984375,
457.80000000000001,1.52008056640625,
457.89999999999998,1.678497314453125,
458,1.8445663452148438,
458.10000000000002,1.9953155517578125,
458.19999999999999,2.1716079711914062,
458.30000000000001,2.3990020751953125,
458.39999999999998,2.644287109375,
458.5,2.927886962890625,
458.60000000000002,3.2396011352539062,
458.69999999999999,3.5845260620117188,
458.80000000000001,3.9575576782226562,
458.89999999999998,4.289703369140625,
459,4.5273208618164062,
459.10000000000002,4.6780624389648438,
459.19999999999999,4.7521591186523438,
459.30000000000001,4.8773574829101562,
459.39999999999998,5.2069473266601562,
459.5,5.595306396484375,
459.60000000000002,5.817596435546875,
459.69999999999999,5.9990005493164062,
459.80000000000001,6.2008438110351562,
459.89999999999998,6.313262939453125,
460,6.17529296875,4.0160641670227051
460.10000000000002,5.6387405395507812,
460.19999999999999,4.8313674926757812,
460.30000000000001,4.0904159545898438,
460.39999999999998,3.5768585205078125,
460.5,3.242156982421875,
460.60000000000002,2.9713211059570312,
460.69999999999999,2.7004928588867188,
460.80000000000001,2.4347763061523438,
460.89999999999998,2.1818313598632812,
461,1.9186630249023438,
461.10000000000002,1.678497314453125,
461.19999999999999,1.4638748168945312,
461.30000000000001,1.2977981567382812,
461.39999999999998,1.1751556396484375,
461.5,1.0550765991210938,
461.60000000000002,0.9503173828125,
461.69999999999999,0.868560791015625,
461.80000000000001,0.8046875,
461.89999999999998,0.7535858154296875,
462,0.720367431640625,
462.10000000000002,0.69992828369140625,
462.19999999999999,0.68204498291015625,
462.30000000000001,0.65393829345703125,
462.39999999999998,0.610504150390625,
462.5,0.5696258544921875,
462.60000000000002,0.56451416015625,
462.69999999999999,0.57984161376953125,
462.80000000000001,0.59006500244140625,
462.89999999999998,0.60028076171875,
463,0.60794830322265625,
463.10000000000002,0.6156158447265625,
463.19999999999999,0.62583160400390625,
463.30000000000001,0.646270751953125,
463.39999999999998,0.67182159423828125,
463.5,0.6794891357421875,
463.60000000000002,0.6692657470703125,
463.69999999999999,0.6616058349609375,
463.80000000000001,0.666717529296875,
463.89999999999998,0.68204498291015625,
464,0.70503997802734375,
464.10000000000002,0.74080657958984375,
464.19999999999999,0.7714691162109375,
464.30000000000001,0.7816925048828125,
464.39999999999998,0.79701995849609375,
464.5,0.82001495361328125,
464.60000000000002,0.82257080078125,
464.69999999999999,0.794464111328125,
464.80000000000001,0.766357421875,
464.89999999999998,0.766357421875,
465,0.776580810546875,
465.10000000000002,0.79190826416015625,
465.19999999999999,0.80213165283203125,
465.30000000000001,0.80213165283203125,
465.39999999999998,0.80979156494140625,
465.5,0.81490325927734375,
465.60000000000002,0.8046875,
465.69999999999999,0.776580810546875,
465.80000000000001,0.75614166259765625,
465.89999999999998,0.74847412109375,
466,0.74080657958984375,
466.10000000000002,0.7433624267578125,
466.19999999999999,0.758697509765625,
466.30000000000001,0.7612457275390625,
466.39999999999998,0.738250732421875,
466.5,0.75102996826171875,
466.60000000000002,0.82001495361328125,
466.69999999999999,0.876220703125,
466.80000000000001,0.89666748046875,
466.89999999999998,0.8915557861328125,
467,0.876220703125,
467.10000000000002,0.8736724853515625,
467.19999999999999,0.88899993896484375,
467.30000000000001,0.90177154541015625,
467.39999999999998,0.9094390869140625,
467.5,0.91710662841796875,
467.60000000000002,0.9196624755859375,
467.69999999999999,0.922210693359375,
467.80000000000001,0.92476654052734375,
467.89999999999998,0.92987823486328125,
468,0.92987823486328125,
468.10000000000002,0.93243408203125,
468.19999999999999,0.91710662841796875,
468.30000000000001,0.88899993896484375,
468.39999999999998,0.8736724853515625,
468.5,0.8736724853515625,
468.60000000000002,0.886444091796875,
468.69999999999999,0.96309661865234375,
468.80000000000001,1.172607421875,
468.89999999999998,1.456207275390625,
469,1.7347030639648438,
469.10000000000002,1.9953155517578125,
469.19999999999999,2.2431488037109375,
469.30000000000001,2.467987060546875,
469.39999999999998,2.5957412719726562,
469.5,2.66217041015625,
469.60000000000002,2.7158203125,
469.69999999999999,2.7388153076171875,
469.80000000000001,2.7056045532226562,
469.89999999999998,2.6391754150390625,
470,2.5829620361328125,8.645533561706543
470.10000000000002,2.559967041015625,
470.19999999999999,2.6212921142578125,
470.30000000000001,2.7285995483398438,
470.39999999999998,2.7950286865234375,
470.5,2.864013671875,
470.60000000000002,2.9355545043945312,
470.69999999999999,2.966217041015625,
470.80000000000001,3.03009033203125,
470.89999999999998,3.1884994506835938,
471,3.341796875,
471.10000000000002,3.4005661010742188,
471.19999999999999,3.39801025390625,
471.30000000000001,3.4107818603515625,
471.39999999999998,3.4210052490234375,
471.5,3.4031219482421875,
471.60000000000002,3.3750152587890625,
471.69999999999999,3.2472610473632812,
471.80000000000001,3.1067352294921875,
471.89999999999998,3.0275344848632812,
472,2.9355545043945312,
472.10000000000002,2.7950286865234375,
472.19999999999999,2.5395278930664062,
472.30000000000001,2.2738113403320312,
472.39999999999998,2.0694122314453125,
472.5,1.8752288818359375,
472.60000000000002,1.6733856201171875,
472.69999999999999,1.4919815063476562,
472.80000000000001,1.3412322998046875,
472.89999999999998,1.236480712890625,
473,1.1598281860351562,
473.10000000000002,1.0857315063476562,
473.19999999999999,1.014190673828125,
473.30000000000001,0.9656524658203125,
473.39999999999998,0.92987823486328125,
473.5,0.9094390869140625,
473.60000000000002,0.91199493408203125,
473.69999999999999,0.9094390869140625,
473.80000000000001,0.8915557861328125,
473.89999999999998,0.85578155517578125,
474,0.8353424072265625,
474.10000000000002,0.8634490966796875,
474.19999999999999,0.876220703125,
474.30000000000001,0.85833740234375,
474.39999999999998,0.8404541015625,
474.5,0.83278656005859375,
474.60000000000002,0.8404541015625,
474.69999999999999,0.8455657958984375,
474.80000000000001,0.850677490234375,
474.89999999999998,0.8634490966796875,
475,0.8455657958984375,
475.10000000000002,0.7893524169921875,
475.19999999999999,0.74847412109375,
475.30000000000001,0.72292327880859375,
475.39999999999998,0.702484130859375,
475.5,0.7075958251953125,
475.60000000000002,0.7357025146484375,
475.69999999999999,0.75614166259765625,
475.80000000000001,0.80213165283203125,
475.89999999999998,0.91455078125,
476,1.0244140625,
476.10000000000002,1.070404052734375,
476.19999999999999,1.1215057373046875,
476.30000000000001,1.2109298706054688,
476.39999999999998,1.310577392578125,
476.5,1.4178848266601562,
476.60000000000002,1.5430755615234375,
476.69999999999999,1.6912689208984375,
476.80000000000001,1.8726730346679688,
476.89999999999998,2.064300537109375,
477,2.2329254150390625,
477.10000000000002,2.3708953857421875,
477.19999999999999,2.5012054443359375,
477.30000000000001,2.60595703125,
477.39999999999998,2.6851654052734375,
477.5,2.7797012329101562,
477.60000000000002,2.8793411254882812,
477.69999999999999,2.9329986572265625,
477.80000000000001,2.927886962890625,
477.89999999999998,2.8972320556640625,
478,2.8512420654296875,
478.10000000000002,2.8103561401367188,
478.19999999999999,2.7285995483398438,
478.30000000000001,2.5395278930664062,
478.39999999999998,2.33001708984375,
478.5,2.1511688232421875,
478.60000000000002,1.9365463256835938,
478.69999999999999,1.7219314575195312,
478.80000000000001,1.54052734375,
478.89999999999998,1.3897781372070312,
479,1.2671356201171875,
479.10000000000002,1.19049072265625,
479.19999999999999,1.1547164916992188,
479.30000000000001,1.11639404296875,
479.39999999999998,1.070404052734375,
479.5,1.0295257568359375,
479.60000000000002,0.9886474609375,
479.69999999999999,0.94776153564453125,
479.80000000000001,0.9094390869140625,
479.89999999999998,0.876220703125,
480,0.8455657958984375,10.169490814208984
480.10000000000002,0.80213165283203125,
480.19999999999999,0.758697509765625,
480.30000000000001,0.74591827392578125,
480.39999999999998,0.74847412109375,
480.5,0.75614166259765625,
480.60000000000002,0.7535858154296875,
480.69999999999999,0.75614166259765625,
480.80000000000001,0.75614166259765625,
480.89999999999998,0.758697509765625,
481,0.82512664794921875,
481.10000000000002,0.92987823486328125,
481.19999999999999,0.97075653076171875,
481.30000000000001,0.9656524658203125,
481.39999999999998,0.942657470703125,
481.5,0.91199493408203125,
481.60000000000002,0.89411163330078125,
481.69999999999999,0.886444091796875,
481.80000000000001,0.88899993896484375,
481.89999999999998,0.89411163330078125,
482,0.89411163330078125,
482.10000000000002,0.886444091796875,
482.19999999999999,0.88388824462890625,
482.30000000000001,0.876220703125,
482.39999999999998,0.86600494384765625,
482.5,0.8532257080078125,
482.60000000000002,0.8353424072265625,
482.69999999999999,0.82001495361328125,
482.80000000000001,0.82257080078125,
482.89999999999998,0.8276824951171875,
483,0.850677490234375,
483.10000000000002,0.98609161376953125,
483.19999999999999,1.2313690185546875,
483.30000000000001,1.48431396484375,
483.39999999999998,1.7065963745117188,
483.5,1.9033355712890625,
483.60000000000002,2.0898513793945312,
483.69999999999999,2.301910400390625,
483.80000000000001,2.5753021240234375,
483.89999999999998,2.8486862182617188,
484,3.0224227905273438,
484.10000000000002,2.9994277954101562,
484.19999999999999,2.8282470703125,
484.30000000000001,2.669830322265625,
484.39999999999998,2.5548553466796875,
484.5,2.4271087646484375,
484.60000000000002,2.2686996459960938,
484.69999999999999,2.1332855224609375,
484.80000000000001,2.008087158203125,
484.89999999999998,1.842010498046875,
485,1.6427230834960938,
485.10000000000002,1.4868698120117188,
485.19999999999999,1.4306564331054688,
485.30000000000001,1.3718948364257812,
485.39999999999998,1.26458740234375,
485.5,1.162384033203125,
485.60000000000002,1.0985107421875,
485.69999999999999,1.0474090576171875,
485.80000000000001,0.996307373046875,
485.89999999999998,0.960540771484375,
486,0.93498992919921875,
486.10000000000002,0.88899993896484375,
486.19999999999999,0.87877655029296875,
486.30000000000001,0.92476654052734375,
486.39999999999998,1.0244140625,
486.5,1.1112823486328125,
486.60000000000002,1.106170654296875,
486.69999999999999,1.0627365112304688,
486.80000000000001,1.034637451171875,
486.89999999999998,0.996307373046875,
487,0.9452056884765625,
487.10000000000002,0.9273223876953125,
487.19999999999999,0.942657470703125,
487.30000000000001,0.9375457763671875,
487.39999999999998,0.904327392578125,
487.5,0.87111663818359375,
487.60000000000002,0.85833740234375,
487.69999999999999,0.87111663818359375,
487.80000000000001,0.8915557861328125,
487.89999999999998,0.89666748046875,
488,0.90688323974609375,
488.10000000000002,0.9273223876953125,
488.19999999999999,0.94010162353515625,
488.30000000000001,0.93498992919921875,
488.39999999999998,0.93243408203125,
488.5,0.9554290771484375,
488.60000000000002,0.95798492431640625,
488.69999999999999,0.9375457763671875,
488.80000000000001,0.92476654052734375,
488.89999999999998,0.92476654052734375,
489,0.92476654052734375,
489.10000000000002,0.9273223876953125,
489.19999999999999,0.922210693359375,
489.30000000000001,0.91199493408203125,
489.39999999999998,0.9554290771484375,
489.5,1.0857315063476562,
489.60000000000002,1.290130615234375,
489.69999999999999,1.5507431030273438,
489.80000000000001,1.81646728515625,
489.89999999999998,2.0540771484375,
490,2.29425048828125,5.2724075317382812
490.10000000000002,2.598297119140625,
490.19999999999999,2.9355545043945312,
490.30000000000001,3.2447052001953125,
490.39999999999998,3.4925460815429688,
490.5,3.6611709594726562,
490.60000000000002,3.7889251708984375,
490.69999999999999,3.886016845703125,
490.80000000000001,3.9575576782226562,
490.89999999999998,4.0163192749023438,
491,4.0009918212890625,
491.10000000000002,3.8451309204101562,
491.19999999999999,3.5972976684570312,
491.30000000000001,3.3111419677734375,
491.39999999999998,3.0428619384765625,
491.5,2.8716812133789062,
491.60000000000002,2.7388153076171875,
491.69999999999999,2.5906295776367188,
491.80000000000001,2.4245529174804688,
491.89999999999998,2.2252655029296875,
492,2.025970458984375,
492.10000000000002,1.842010498046875,
492.19999999999999,1.640167236328125,
492.30000000000001,1.438323974609375,
492.39999999999998,1.2850265502929688,
492.5,1.172607421875,
492.60000000000002,1.088287353515625,
492.69999999999999,1.034637451171875,
492.80000000000001,0.9886474609375,
492.89999999999998,0.9452056884765625,
493,0.91455078125,
493.10000000000002,0.904327392578125,
493.19999999999999,0.89666748046875,
493.30000000000001,0.88899993896484375,
493.39999999999998,0.87877655029296875,
493.5,0.850677490234375,
493.60000000000002,0.82001495361328125,
493.69999999999999,0.80979156494140625,
493.80000000000001,0.8174591064453125,
493.89999999999998,0.812347412109375,
494,0.812347412109375,
494.10000000000002,0.82001495361328125,
494.19999999999999,0.8276824951171875,
494.30000000000001,0.83789825439453125,
494.39999999999998,0.84812164306640625,
494.5,0.85578155517578125,
494.60000000000002,0.85833740234375,
494.69999999999999,0.86089324951171875,
494.80000000000001,0.85578155517578125,
494.89999999999998,0.8404541015625,
495,0.8404541015625,
495.10000000000002,0.84812164306640625,
495.19999999999999,0.8532257080078125,
495.30000000000001,0.85833740234375,
495.39999999999998,0.868560791015625,
495.5,0.8736724853515625,
495.60000000000002,0.8813323974609375,
495.69999999999999,0.88899993896484375,
495.80000000000001,0.8915557861328125,
495.89999999999998,0.8915557861328125,
496,0.8992156982421875,
496.10000000000002,0.89666748046875,
496.19999999999999,0.8736724853515625,
496.30000000000001,0.850677490234375,
496.39999999999998,0.8404541015625,
496.5,0.8455657958984375,
496.60000000000002,0.8532257080078125,
496.69999999999999,0.850677490234375,
496.80000000000001,0.8634490966796875,
496.89999999999998,0.88899993896484375,
497,0.904327392578125,
497.10000000000002,0.904327392578125,
497.19999999999999,0.89666748046875,
497.30000000000001,0.89666748046875,
497.39999999999998,0.89666748046875,
497.5,0.87111663818359375,
497.60000000000002,0.8455657958984375,
497.69999999999999,0.8404541015625,
497.80000000000001,0.84812164306640625,
497.89999999999998,0.8532257080078125,
498,0.8532257080078125,
498.10000000000002,0.8532257080078125,
498.19999999999999,0.85578155517578125,
498.30000000000001,0.8532257080078125,
498.39999999999998,0.8455657958984375,
498.5,0.82512664794921875,
498.60000000000002,0.812347412109375,
498.69999999999999,0.83278656005859375,
498.80000000000001,0.8404541015625,
498.89999999999998,0.830230712890625,
499,0.83278656005859375,
499.10000000000002,0.8404541015625,
499.19999999999999,0.86600494384765625,
499.30000000000001,0.97075653076171875,
499.39999999999998,1.15216064453125,
499.5,1.3540115356445312,
499.60000000000002,1.5379714965820312,
499.69999999999999,1.732147216796875,
499.80000000000001,1.9595413208007812,
499.89999999999998,2.174163818359375,
500,2.3351287841796875,9.2118730545043945
500.10000000000002,2.467987060546875,
500.19999999999999,2.6570587158203125,
500.30000000000001,2.864013671875,
500.39999999999998,2.9943161010742188,
500.5,3.0505294799804688,
500.60000000000002,2.9815444946289062,
500.69999999999999,2.8052520751953125,
500.80000000000001,2.5931854248046875,
500.89999999999998,2.38623046875,
501,2.192047119140625,
501.10000000000002,1.972320556640625,
501.19999999999999,1.770477294921875,
501.30000000000001,1.5277481079101562,
501.39999999999998,1.3386764526367188,
501.5,1.2134857177734375,
501.60000000000002,1.1291656494140625,
501.69999999999999,1.0601806640625,
501.80000000000001,1.0039749145507812,
501.89999999999998,0.9656524658203125,
502,0.942657470703125,
502.10000000000002,0.92476654052734375,
502.19999999999999,0.91710662841796875,
502.30000000000001,0.91455078125,
502.39999999999998,0.89411163330078125,
502.5,0.86089324951171875,
502.60000000000002,0.8404541015625,
502.69999999999999,0.83278656005859375,
502.80000000000001,0.8455657958984375,
502.89999999999998,0.89666748046875,
503,0.942657470703125,
503.10000000000002,0.9503173828125,
503.19999999999999,0.9554290771484375,
503.30000000000001,1.0014190673828125,
503.39999999999998,1.0678482055664062,
503.5,1.1087265014648438,
503.60000000000002,1.11639404296875,
503.69999999999999,1.0627365112304688,
503.80000000000001,1.0014190673828125,
503.89999999999998,1.0014190673828125,
504,1.0320816040039062,
504.10000000000002,1.0678482055664062,
504.19999999999999,1.0857315063476562,
504.30000000000001,1.08062744140625,
504.39999999999998,1.070404052734375,
504.5,1.0601806640625,
504.60000000000002,1.0601806640625,
504.69999999999999,1.0448532104492188,
504.80000000000001,1.0295257568359375,
504.89999999999998,1.0320816040039062,
505,1.0167465209960938,
505.10000000000002,0.9835357666015625,
505.19999999999999,0.9911956787109375,
505.30000000000001,1.0193023681640625,
505.39999999999998,1.0218582153320312,
505.5,1.0193023681640625,
505.60000000000002,1.0269699096679688,
505.69999999999999,1.0397415161132812,
505.80000000000001,1.0474090576171875,
505.89999999999998,1.052520751953125,
506,1.0448532104492188,
506.10000000000002,1.034637451171875,
506.19999999999999,1.0371856689453125,
506.30000000000001,1.0320816040039062,
506.39999999999998,1.0831756591796875,
506.5,1.2134857177734375,
506.60000000000002,1.2926864624023438,
506.69999999999999,1.310577392578125,
506.80000000000001,1.3540115356445312,
506.89999999999998,1.456207275390625,
507,1.6478347778320312,
507.10000000000002,1.9237747192382812,
507.19999999999999,2.2227096557617188,
507.30000000000001,2.5318603515625,
507.39999999999998,2.9125595092773438,
507.5,3.2855911254882812,
507.60000000000002,3.5743026733398438,
507.69999999999999,3.903900146484375,
507.80000000000001,4.2871475219726562,
507.89999999999998,4.6167449951171875,
508,4.9003524780273438,
508.10000000000002,5.1226348876953125,
508.19999999999999,5.2759323120117188,
508.30000000000001,5.3883514404296875,
508.39999999999998,5.3781356811523438,
508.5,5.2018356323242188,
508.60000000000002,4.97955322265625,
508.69999999999999,4.7266082763671875,
508.80000000000001,4.4302291870117188,
508.89999999999998,4.1261825561523438,
509,3.811920166015625,
509.10000000000002,3.4516677856445312,
509.19999999999999,3.13995361328125,
509.30000000000001,2.9253311157226562,
509.39999999999998,2.7107162475585938,
509.5,2.577850341796875,
509.60000000000002,2.450103759765625,
509.69999999999999,2.2124862670898438,
509.80000000000001,2.0055313110351562,
509.89999999999998,1.9135513305664062,
510,1.824127197265625,3.4522440433502197
510.10000000000002,1.7219314575195312,
510.19999999999999,1.678497314453125,
510.30000000000001,1.5992889404296875,
510.39999999999998,1.494537353515625,
510.5,1.4281005859375,
510.60000000000002,1.3693389892578125,
510.69999999999999,1.3488998413085938,
510.80000000000001,1.3591156005859375,
510.89999999999998,1.3565673828125,
511,1.3488998413085938,
511.10000000000002,1.3591156005859375,
511.19999999999999,1.3897781372070312,
511.30000000000001,1.4357681274414062,
511.39999999999998,1.502197265625,
511.5,1.5890655517578125,
511.60000000000002,1.7065963745117188,
511.69999999999999,1.8317947387695312,
511.80000000000001,1.92633056640625,
511.89999999999998,1.9697647094726562,
512,1.9697647094726562,
512.10000000000002,1.96209716796875,
512.20000000000005,1.933990478515625,
512.29999999999995,1.8496780395507812,
512.39999999999998,1.7474822998046875,
512.5,1.7295913696289062,
512.60000000000002,1.7679214477539062,
512.70000000000005,1.770477294921875,
512.79999999999995,1.806243896484375,
512.89999999999998,1.9007797241210938,
513,1.972320556640625,
513.10000000000002,2.0106430053710938,
513.20000000000005,2.0438613891601562,
513.29999999999995,2.082183837890625,
513.39999999999998,2.1332855224609375,
513.5,2.1894912719726562,
513.60000000000002,2.2738113403320312,
513.70000000000005,2.43988037109375,
513.79999999999995,2.7004928588867188,
513.89999999999998,2.9789886474609375,
514,3.1884994506835938,
514.10000000000002,3.352020263671875,
514.20000000000005,3.5691909790039062,
514.29999999999995,3.8502426147460938,
514.39999999999998,4.0853042602539062,
514.5,4.31781005859375,
514.60000000000002,4.5988616943359375,
514.70000000000005,4.8645782470703125,
514.79999999999995,5.0843124389648438,
514.89999999999998,5.2222824096679688,
515,5.1226348876953125,
515.10000000000002,4.7879257202148438,
515.20000000000005,4.3765716552734375,
515.29999999999995,3.977996826171875,
515.39999999999998,3.61773681640625,
515.5,3.260040283203125,
515.60000000000002,2.9483261108398438,
515.70000000000005,2.690277099609375,
515.79999999999995,2.4603271484375,
515.89999999999998,2.2763671875,
516,2.1230621337890625,
516.10000000000002,1.990203857421875,
516.20000000000005,1.8675613403320312,
516.29999999999995,1.7525863647460938,
516.39999999999998,1.6606063842773438,
516.5,1.5890655517578125,
516.60000000000002,1.5149765014648438,
516.70000000000005,1.4689865112304688,
516.79999999999995,1.4613189697265625,
516.89999999999998,1.438323974609375,
517,1.364227294921875,
517.10000000000002,1.272247314453125,
517.20000000000005,1.2160415649414062,
517.29999999999995,1.1956024169921875,
517.39999999999998,1.1649398803710938,
517.5,1.1138381958007812,
517.60000000000002,1.0729598999023438,
517.70000000000005,1.034637451171875,
517.79999999999995,1.0039749145507812,
517.89999999999998,0.996307373046875,
518,0.99886322021484375,
518.10000000000002,1.0116424560546875,
518.20000000000005,1.0218582153320312,
518.29999999999995,1.00653076171875,
518.39999999999998,0.97586822509765625,
518.5,0.98609161376953125,
518.60000000000002,1.0371856689453125,
518.70000000000005,1.0780715942382812,
518.79999999999995,1.0857315063476562,
518.89999999999998,1.0780715942382812,
519,1.08062744140625,
519.10000000000002,1.0755157470703125,
519.20000000000005,1.0627365112304688,
519.29999999999995,1.0550765991210938,
519.39999999999998,1.052520751953125,
519.5,1.0576324462890625,
519.60000000000002,1.0627365112304688,
519.70000000000005,1.052520751953125,
519.79999999999995,1.0550765991210938,
519.89999999999998,1.0857315063476562,
520,1.1547164916992188,5.0083475112915039
520.10000000000002,1.282470703125,
520.20000000000005,1.502197265625,
520.29999999999995,1.76025390625,
520.39999999999998,1.9953155517578125,
520.5,2.2329254150390625,
520.60000000000002,2.485870361328125,
520.70000000000005,2.7464828491210938,
520.79999999999995,3.0224227905273438,
520.89999999999998,3.2855911254882812,
521,3.5027618408203125,
521.10000000000002,3.6713943481445312,
521.20000000000005,3.8170318603515625,
521.29999999999995,3.9268951416015625,
521.39999999999998,3.9703292846679688,
521.5,4.0265426635742188,
521.60000000000002,4.1108551025390625,
521.70000000000005,4.215606689453125,
521.79999999999995,4.3714675903320312,
521.89999999999998,4.5528717041015625,
522,4.68572998046875,
522.10000000000002,4.8824615478515625,
522.20000000000005,5.3065948486328125,
522.29999999999995,5.697509765625,
522.39999999999998,5.8227005004882812,
522.5,5.761383056640625,
522.60000000000002,5.5748672485351562,
522.70000000000005,5.32958984375,
522.79999999999995,5.1073074340820312,
522.89999999999998,4.9233474731445312,
523,4.6525115966796875,
523.10000000000002,4.2411575317382812,
523.20000000000005,3.6662826538085938,
523.29999999999995,3.3545761108398438,
523.39999999999998,3.203826904296875,
523.5,3.083740234375,
523.60000000000002,3.0173110961914062,
523.70000000000005,3.001983642578125,
523.79999999999995,2.9866561889648438,
523.89999999999998,2.9406661987304688,
524,2.8665695190429688,
524.10000000000002,2.800140380859375,
524.20000000000005,2.7873611450195312,
524.29999999999995,2.8052520751953125,
524.39999999999998,2.7311553955078125,
524.5,2.5293121337890625,
524.60000000000002,2.2686996459960938,
524.70000000000005,1.9927597045898438,
524.79999999999995,1.7117080688476562,
524.89999999999998,1.4664306640625,
525,1.26458740234375,
525.10000000000002,1.1087265014648438,
525.20000000000005,0.996307373046875,
525.29999999999995,0.91199493408203125,
525.39999999999998,0.84300994873046875,
525.5,0.776580810546875,
525.60000000000002,0.7075958251953125,
525.70000000000005,0.64882659912109375,
525.79999999999995,0.6334991455078125,
525.89999999999998,0.6437225341796875,
526,0.65393829345703125,
526.10000000000002,0.666717529296875,
526.20000000000005,0.68204498291015625,
526.29999999999995,0.6922607421875,
526.39999999999998,0.70503997802734375,
526.5,0.71781158447265625,
526.60000000000002,0.72803497314453125,
526.70000000000005,0.72803497314453125,
526.79999999999995,0.7254791259765625,
526.89999999999998,0.7152557373046875,
527,0.69992828369140625,
527.10000000000002,0.6973724365234375,
527.20000000000005,0.7152557373046875,
527.29999999999995,0.72803497314453125,
527.39999999999998,0.7433624267578125,
527.5,0.76380157470703125,
527.60000000000002,0.80979156494140625,
527.70000000000005,0.876220703125,
527.79999999999995,0.93243408203125,
527.89999999999998,0.97586822509765625,
528,1.0039749145507812,
528.10000000000002,0.99886322021484375,
528.20000000000005,0.95798492431640625,
528.29999999999995,0.90688323974609375,
528.39999999999998,0.87111663818359375,
528.5,0.86600494384765625,
528.60000000000002,0.9503173828125,
528.70000000000005,1.0985107421875,
528.79999999999995,1.2569198608398438,
528.89999999999998,1.456207275390625,
529,1.7117080688476562,
529.10000000000002,2.0029754638671875,
529.20000000000005,2.3198013305664062,
529.29999999999995,2.6570587158203125,
529.39999999999998,2.99176025390625,
529.5,3.295806884765625,
529.60000000000002,3.5768585205078125,
529.70000000000005,3.8502426147460938,
529.79999999999995,4.0290908813476562,
529.89999999999998,4.16961669921875,
530,4.3970108032226562,8.3179302215576172
530.10000000000002,4.6550674438476562,
530.20000000000005,4.8007049560546875,
530.29999999999995,4.9003524780273438,
530.39999999999998,4.989776611328125,
530.5,5.0051040649414062,
530.60000000000002,5.0383224487304688,
530.70000000000005,5.08941650390625,
530.79999999999995,5.0664215087890625,
530.89999999999998,4.9769973754882812,
531,4.8134765625,
531.10000000000002,4.547760009765625,
531.20000000000005,4.197723388671875,
531.29999999999995,3.8783493041992188,
531.39999999999998,3.663726806640625,
531.5,3.4874343872070312,
531.60000000000002,3.2753677368164062,
531.70000000000005,3.037750244140625,
531.79999999999995,2.7771453857421875,
531.89999999999998,2.5037612915039062,
532,2.2789154052734375,
532.10000000000002,2.07196044921875,
532.20000000000005,1.8828964233398438,
532.29999999999995,1.7576980590820312,
532.39999999999998,1.6759414672851562,
532.5,1.604400634765625,
532.60000000000002,1.5277481079101562,
532.70000000000005,1.420440673828125,
532.79999999999995,1.30035400390625,
532.89999999999998,1.2058181762695312,
533,1.1470565795898438,
533.10000000000002,1.088287353515625,
533.20000000000005,1.0244140625,
533.29999999999995,0.978424072265625,
533.39999999999998,0.9503173828125,
533.5,0.9196624755859375,
533.60000000000002,0.8992156982421875,
533.70000000000005,0.886444091796875,
533.79999999999995,0.8736724853515625,
533.89999999999998,0.86600494384765625,
534,0.868560791015625,
534.10000000000002,0.9273223876953125,
534.20000000000005,1.0014190673828125,
534.29999999999995,1.0014190673828125,
534.39999999999998,0.960540771484375,
534.5,0.92987823486328125,
534.60000000000002,0.9094390869140625,
534.70000000000005,0.904327392578125,
534.79999999999995,0.91199493408203125,
534.89999999999998,0.91455078125,
535,0.92476654052734375,
535.10000000000002,0.93498992919921875,
535.20000000000005,0.94010162353515625,
535.29999999999995,0.9375457763671875,
535.39999999999998,0.91710662841796875,
535.5,0.8992156982421875,
535.60000000000002,0.88899993896484375,
535.70000000000005,0.89411163330078125,
535.79999999999995,0.90177154541015625,
535.89999999999998,0.8992156982421875,
536,0.904327392578125,
536.10000000000002,0.91199493408203125,
536.20000000000005,0.9196624755859375,
536.29999999999995,0.9273223876953125,
536.39999999999998,0.9375457763671875,
536.5,0.94776153564453125,
536.60000000000002,0.9452056884765625,
536.70000000000005,0.9196624755859375,
536.79999999999995,0.90177154541015625,
536.89999999999998,0.90688323974609375,
537,0.9196624755859375,
537.10000000000002,0.9273223876953125,
537.20000000000005,0.93498992919921875,
537.29999999999995,0.942657470703125,
537.39999999999998,0.9452056884765625,
537.5,0.94776153564453125,
537.60000000000002,0.95287322998046875,
537.70000000000005,0.9554290771484375,
537.79999999999995,0.95798492431640625,
537.89999999999998,0.94010162353515625,
538,0.9094390869140625,
538.10000000000002,0.8992156982421875,
538.20000000000005,0.8992156982421875,
538.29999999999995,0.89411163330078125,
538.39999999999998,0.89666748046875,
538.5,0.8992156982421875,
538.60000000000002,0.9094390869140625,
538.70000000000005,0.9196624755859375,
538.79999999999995,0.922210693359375,
538.89999999999998,0.92476654052734375,
539,0.9196624755859375,
539.10000000000002,0.904327392578125,
539.20000000000005,0.88899993896484375,
539.29999999999995,0.88388824462890625,
539.39999999999998,0.8915557861328125,
539.5,0.90177154541015625,
539.60000000000002,0.88899993896484375,
539.70000000000005,0.86089324951171875,
539.79999999999995,0.86089324951171875,
539.89999999999998,0.93498992919921875,
540,1.0755157470703125,7.6142129898071289
540.10000000000002,1.236480712890625,
540.20000000000005,1.4255523681640625,
540.29999999999995,1.6708297729492188,
540.39999999999998,1.9518814086914062,
540.5,2.238037109375,
540.60000000000002,2.49609375,
540.70000000000005,2.7209320068359375,
540.79999999999995,2.9534378051757812,
540.89999999999998,3.1476211547851562,
541,3.2549285888671875,
541.10000000000002,3.3264694213867188,
541.20000000000005,3.3750152587890625,
541.29999999999995,3.479766845703125,
541.39999999999998,3.6790618896484375,
541.5,3.8911209106445312,
541.60000000000002,4.0929718017578125,
541.70000000000005,4.3101425170898438,
541.79999999999995,4.4659957885742188,
541.89999999999998,4.5043258666992188,
542,4.491546630859375,
542.10000000000002,4.381683349609375,
542.20000000000005,4.1772842407226562,
542.29999999999995,4.0290908813476562,
542.39999999999998,3.9652175903320312,
542.5,3.886016845703125,
542.60000000000002,3.748046875,
542.70000000000005,3.5640869140625,
542.79999999999995,3.3034744262695312,
542.89999999999998,2.9432220458984375,
543,2.598297119140625,
543.10000000000002,2.3453521728515625,
543.20000000000005,2.1307296752929688,
543.29999999999995,1.9314422607421875,
543.39999999999998,1.7832489013671875,
543.5,1.6606063842773438,
543.60000000000002,1.502197265625,
543.70000000000005,1.3412322998046875,
543.79999999999995,1.2032623291015625,
543.89999999999998,1.0550765991210938,
544,0.93243408203125,
544.10000000000002,0.868560791015625,
544.20000000000005,0.8353424072265625,
544.29999999999995,0.81490325927734375,
544.39999999999998,0.80979156494140625,
544.5,0.7995758056640625,
544.60000000000002,0.78424072265625,
544.70000000000005,0.766357421875,
544.79999999999995,0.77402496337890625,
544.89999999999998,0.79701995849609375,
545,0.82001495361328125,
545.10000000000002,0.81490325927734375,
545.20000000000005,0.77913665771484375,
545.29999999999995,0.76891326904296875,
545.39999999999998,0.79190826416015625,
545.5,0.82001495361328125,
545.60000000000002,0.830230712890625,
545.70000000000005,0.82001495361328125,
545.79999999999995,0.812347412109375,
545.89999999999998,0.82001495361328125,
546,0.82257080078125,
546.10000000000002,0.8174591064453125,
546.20000000000005,0.8072357177734375,
546.29999999999995,0.794464111328125,
546.39999999999998,0.79701995849609375,
546.5,0.8072357177734375,
546.60000000000002,0.8174591064453125,
546.70000000000005,0.82512664794921875,
546.79999999999995,0.8404541015625,
546.89999999999998,0.84812164306640625,
547,0.8532257080078125,
547.10000000000002,0.86089324951171875,
547.20000000000005,0.85833740234375,
547.29999999999995,0.8634490966796875,
547.39999999999998,0.86600494384765625,
547.5,0.84300994873046875,
547.60000000000002,0.82001495361328125,
547.70000000000005,0.81490325927734375,
547.79999999999995,0.8276824951171875,
547.89999999999998,0.84300994873046875,
548,0.850677490234375,
548.10000000000002,0.868560791015625,
548.20000000000005,0.9375457763671875,
548.29999999999995,1.0678482055664062,
548.39999999999998,1.2058181762695312,
548.5,1.3616714477539062,
548.60000000000002,1.5711822509765625,
548.70000000000005,1.8036880493164062,
548.79999999999995,2.03619384765625,
548.89999999999998,2.248260498046875,
549,2.4577713012695312,
549.10000000000002,2.6928253173828125,
549.20000000000005,2.9253311157226562,
549.29999999999995,3.129730224609375,
549.39999999999998,3.3111419677734375,
549.5,3.4567718505859375,
549.60000000000002,3.599853515625,
549.70000000000005,3.7276077270507812,
549.79999999999995,3.7403793334960938,
549.89999999999998,3.6049652099609375,
550,3.3903427124023438,6.5934062004089355
550.10000000000002,3.1578369140625,
550.20000000000005,2.9023361206054688,
550.29999999999995,2.6315078735351562,
550.39999999999998,2.3070220947265625,
550.5,1.9365463256835938,
550.60000000000002,1.6299514770507812,
550.70000000000005,1.4051055908203125,
550.79999999999995,1.2390365600585938,
550.89999999999998,1.1240615844726562,
551,1.0116424560546875,
551.10000000000002,0.91199493408203125,
551.20000000000005,0.85578155517578125,
551.29999999999995,0.83278656005859375,
551.39999999999998,0.830230712890625,
551.5,0.8353424072265625,
551.60000000000002,0.830230712890625,
551.70000000000005,0.82001495361328125,
551.79999999999995,0.81490325927734375,
551.89999999999998,0.80979156494140625,
552,0.8046875,
552.10000000000002,0.80213165283203125,
552.20000000000005,0.79701995849609375,
552.29999999999995,0.77402496337890625,
552.39999999999998,0.758697509765625,
552.5,0.76380157470703125,
552.60000000000002,0.77913665771484375,
552.70000000000005,0.78679656982421875,
552.79999999999995,0.79190826416015625,
552.89999999999998,0.7995758056640625,
553,0.80213165283203125,
553.10000000000002,0.794464111328125,
553.20000000000005,0.7816925048828125,
553.29999999999995,0.78424072265625,
553.39999999999998,0.830230712890625,
553.5,0.88388824462890625,
553.60000000000002,0.91455078125,
553.70000000000005,0.9554290771484375,
553.79999999999995,1.0090866088867188,
553.89999999999998,1.0576324462890625,
554,1.0857315063476562,
554.10000000000002,1.088287353515625,
554.20000000000005,1.0678482055664062,
554.29999999999995,1.0627365112304688,
554.39999999999998,1.0627365112304688,
554.5,1.04229736328125,
554.60000000000002,1.0269699096679688,
554.70000000000005,1.0218582153320312,
554.79999999999995,0.99375152587890625,
554.89999999999998,0.94010162353515625,
555,0.91199493408203125,
555.10000000000002,0.9196624755859375,
555.20000000000005,0.92987823486328125,
555.29999999999995,0.93498992919921875,
555.39999999999998,0.9273223876953125,
555.5,0.92987823486328125,
555.60000000000002,0.9911956787109375,
555.70000000000005,1.144500732421875,
555.79999999999995,1.37445068359375,
555.89999999999998,1.6171722412109375,
556,1.842010498046875,
556.10000000000002,2.0515213012695312,
556.20000000000005,2.2584762573242188,
556.29999999999995,2.4705429077148438,
556.39999999999998,2.6851654052734375,
556.5,2.8972320556640625,
556.60000000000002,3.1092910766601562,
556.70000000000005,3.3162460327148438,
556.79999999999995,3.5155410766601562,
556.89999999999998,3.7173843383789062,
557,3.9141159057617188,
557.10000000000002,4.0367584228515625,
557.20000000000005,4.0725326538085938,
557.29999999999995,4.0418701171875,
557.39999999999998,3.9090118408203125,
557.5,3.7071609497070312,
557.60000000000002,3.5129852294921875,
557.70000000000005,3.3290252685546875,
557.79999999999995,3.1144027709960938,
557.89999999999998,2.8435745239257812,
558,2.5369720458984375,
558.10000000000002,2.2124862670898438,
558.20000000000005,1.8956680297851562,
558.29999999999995,1.6069564819335938,
558.39999999999998,1.3897781372070312,
558.5,1.2466964721679688,
558.60000000000002,1.1368331909179688,
558.70000000000005,1.0474090576171875,
558.79999999999995,0.9835357666015625,
558.89999999999998,0.94010162353515625,
559,0.90688323974609375,
559.10000000000002,0.88388824462890625,
559.20000000000005,0.86600494384765625,
559.29999999999995,0.8404541015625,
559.39999999999998,0.80213165283203125,
559.5,0.77402496337890625,
559.60000000000002,0.776580810546875,
559.70000000000005,0.79701995849609375,
559.79999999999995,0.81490325927734375,
559.89999999999998,0.82257080078125,
560,0.82512664794921875,6.7924528121948242
560.10000000000002,0.82512664794921875,
560.20000000000005,0.830230712890625,
560.29999999999995,0.84300994873046875,
560.39999999999998,0.850677490234375,
560.5,0.85578155517578125,
560.60000000000002,0.8404541015625,
560.70000000000005,0.80979156494140625,
560.79999999999995,0.794464111328125,
560.89999999999998,0.79190826416015625,
561,0.80213165283203125,
561.10000000000002,0.80979156494140625,
561.20000000000005,0.8276824951171875,
561.29999999999995,0.9196624755859375,
561.39999999999998,1.0755157470703125,
561.5,1.2620315551757812,
561.60000000000002,1.4817581176757812,
561.70000000000005,1.70404052734375,
561.79999999999995,1.9186630249023438,
561.89999999999998,2.1613922119140625,
562,2.4373321533203125,
562.10000000000002,2.743927001953125,
562.20000000000005,3.129730224609375,
562.29999999999995,3.5129852294921875,
562.39999999999998,3.755706787109375,
562.5,3.9268951416015625,
562.60000000000002,4.0112075805664062,
562.70000000000005,4.0827484130859375,
562.79999999999995,4.2615966796875,
562.89999999999998,4.42767333984375,
563,4.4787750244140625,
563.10000000000002,4.381683349609375,
563.20000000000005,4.179840087890625,
563.29999999999995,3.9626617431640625,
563.39999999999998,3.748046875,
563.5,3.5257568359375,
563.60000000000002,3.3009185791015625,
563.70000000000005,3.0862960815429688,
563.79999999999995,2.8946762084960938,
563.89999999999998,2.7337112426757812,
564,2.5804061889648438,
564.10000000000002,2.3990020751953125,
564.20000000000005,2.2227096557617188,
564.29999999999995,2.0694122314453125,
564.39999999999998,1.9186630249023438,
564.5,1.770477294921875,
564.60000000000002,1.622283935546875,
564.70000000000005,1.4894256591796875,
564.79999999999995,1.3846664428710938,
564.89999999999998,1.2850265502929688,
565,1.198150634765625,
565.10000000000002,1.1240615844726562,
565.20000000000005,1.0550765991210938,
565.29999999999995,0.97586822509765625,
565.39999999999998,0.886444091796875,
565.5,0.8174591064453125,
565.60000000000002,0.78679656982421875,
565.70000000000005,0.7714691162109375,
565.79999999999995,0.7612457275390625,
565.89999999999998,0.76380157470703125,
566,0.766357421875,
566.10000000000002,0.766357421875,
566.20000000000005,0.758697509765625,
566.29999999999995,0.75102996826171875,
566.39999999999998,0.74080657958984375,
566.5,0.7357025146484375,
566.60000000000002,0.73314666748046875,
566.70000000000005,0.702484130859375,
566.79999999999995,0.67182159423828125,
566.89999999999998,0.6692657470703125,
567,0.6794891357421875,
567.10000000000002,0.68715667724609375,
567.20000000000005,0.69992828369140625,
567.29999999999995,0.71015167236328125,
567.39999999999998,0.6922607421875,
567.5,0.67693328857421875,
567.60000000000002,0.69992828369140625,
567.70000000000005,0.68715667724609375,
567.79999999999995,0.64116668701171875,
567.89999999999998,0.63605499267578125,
568,0.71015167236328125,
568.10000000000002,0.80213165283203125,
568.20000000000005,0.8455657958984375,
568.29999999999995,0.868560791015625,
568.39999999999998,0.8992156982421875,
568.5,0.92476654052734375,
568.60000000000002,0.95287322998046875,
568.70000000000005,1.0090866088867188,
568.79999999999995,1.13427734375,
568.89999999999998,1.310577392578125,
569,1.530303955078125,
569.10000000000002,1.8036880493164062,
569.20000000000005,2.0924072265625,
569.29999999999995,2.358123779296875,
569.39999999999998,2.5957412719726562,
569.5,2.7771453857421875,
569.60000000000002,2.9892120361328125,
569.70000000000005,3.3060302734375,
569.79999999999995,3.6330718994140625,
569.89999999999998,3.9115676879882812,
570,4.1287384033203125,8.5470085144042969
570.10000000000002,4.3203659057617188,
570.20000000000005,4.565643310546875,
570.29999999999995,4.7751541137695312,
570.39999999999998,4.9207916259765625,
570.5,5.1021957397460938,
570.60000000000002,5.23760986328125,
570.70000000000005,5.2146148681640625,
570.79999999999995,5.1481857299804688,
570.89999999999998,5.1226348876953125,
571,5.1124114990234375,
571.10000000000002,5.1047515869140625,
571.20000000000005,5.0510940551757812,
571.29999999999995,4.9361190795898438,
571.39999999999998,4.8007049560546875,
571.5,4.6474075317382812,
571.60000000000002,4.4583358764648438,
571.70000000000005,4.1900558471679688,
571.79999999999995,3.886016845703125,
571.89999999999998,3.61773681640625,
572,3.32391357421875,
572.10000000000002,3.0045394897460938,
572.20000000000005,2.7311553955078125,
572.29999999999995,2.47821044921875,
572.39999999999998,2.2252655029296875,
572.5,1.9672088623046875,
572.60000000000002,1.7551422119140625,
572.70000000000005,1.5737380981445312,
572.79999999999995,1.392333984375,
572.89999999999998,1.2492523193359375,
573,1.1393890380859375,
573.10000000000002,1.0550765991210938,
573.20000000000005,0.98097991943359375,
573.29999999999995,0.922210693359375,
573.39999999999998,0.8915557861328125,
573.5,0.850677490234375,
573.60000000000002,0.79701995849609375,
573.70000000000005,0.766357421875,
573.79999999999995,0.7714691162109375,
573.89999999999998,0.7893524169921875,
574,0.7893524169921875,
574.10000000000002,0.78679656982421875,
574.20000000000005,0.79701995849609375,
574.29999999999995,0.8072357177734375,
574.39999999999998,0.82001495361328125,
574.5,0.8353424072265625,
574.60000000000002,0.8455657958984375,
574.70000000000005,0.84812164306640625,
574.79999999999995,0.83789825439453125,
574.89999999999998,0.8174591064453125,
575,0.82512664794921875,
575.10000000000002,0.850677490234375,
575.20000000000005,0.8532257080078125,
575.29999999999995,0.86600494384765625,
575.39999999999998,0.89666748046875,
575.5,0.90688323974609375,
575.60000000000002,0.90177154541015625,
575.70000000000005,0.89411163330078125,
575.79999999999995,0.8813323974609375,
575.89999999999998,0.868560791015625,
576,0.850677490234375,
576.10000000000002,0.8353424072265625,
576.20000000000005,0.8276824951171875,
576.29999999999995,0.7995758056640625,
576.39999999999998,0.76891326904296875,
576.5,0.77402496337890625,
576.60000000000002,0.79701995849609375,
576.70000000000005,0.82257080078125,
576.79999999999995,0.8404541015625,
576.89999999999998,0.850677490234375,
577,0.8634490966796875,
577.10000000000002,0.886444091796875,
577.20000000000005,0.92476654052734375,
577.29999999999995,0.98097991943359375,
577.39999999999998,1.106170654296875,
577.5,1.3207931518554688,
577.60000000000002,1.5814056396484375,
577.70000000000005,1.8573455810546875,
577.79999999999995,2.138397216796875,
577.89999999999998,2.40411376953125,
578,2.651947021484375,
578.10000000000002,2.9227752685546875,
578.20000000000005,3.1910552978515625,
578.29999999999995,3.444000244140625,
578.39999999999998,3.6713943481445312,
578.5,3.8502426147460938,
578.60000000000002,4.013763427734375,
578.70000000000005,4.1670608520507812,
578.79999999999995,4.3254776000976562,
578.89999999999998,4.4302291870117188,
579,4.4864425659179688,
579.10000000000002,4.5605316162109375,
579.20000000000005,4.6244125366210938,
579.29999999999995,4.6729507446289062,
579.39999999999998,4.7342758178710938,
579.5,4.75982666015625,
579.60000000000002,4.7419357299804688,
579.70000000000005,4.70361328125,
579.79999999999995,4.6141891479492188,
579.89999999999998,4.5043258666992188,
580,4.4430007934570312,8.1411123275756836
580.10000000000002,4.4097900390625,
580.20000000000005,4.3433609008789062,
580.29999999999995,4.2743759155273438,
580.39999999999998,4.1849517822265625,
580.5,4.0571975708007812,
580.60000000000002,3.9141159057617188,
580.70000000000005,3.7454910278320312,
580.79999999999995,3.5896377563476562,
580.89999999999998,3.4746627807617188,
581,3.3392410278320312,
581.10000000000002,3.1373977661132812,
581.20000000000005,2.9048919677734375,
581.29999999999995,2.66217041015625,
581.39999999999998,2.4271087646484375,
581.5,2.1818313598632812,
581.60000000000002,1.9237747192382812,
581.70000000000005,1.7091522216796875,
581.79999999999995,1.5635223388671875,
581.89999999999998,1.4689865112304688,
582,1.4000015258789062,
582.10000000000002,1.3207931518554688,
582.20000000000005,1.2211456298828125,
582.29999999999995,1.1368331909179688,
582.39999999999998,1.0755157470703125,
582.5,1.00653076171875,
582.60000000000002,0.94776153564453125,
582.70000000000005,0.90688323974609375,
582.79999999999995,0.85578155517578125,
582.89999999999998,0.82257080078125,
583,0.82001495361328125,
583.10000000000002,0.812347412109375,
583.20000000000005,0.81490325927734375,
583.29999999999995,0.81490325927734375,
583.39999999999998,0.8072357177734375,
583.5,0.8046875,
583.60000000000002,0.79701995849609375,
583.70000000000005,0.7995758056640625,
583.79999999999995,0.80979156494140625,
583.89999999999998,0.8072357177734375,
584,0.79190826416015625,
584.10000000000002,0.78424072265625,
584.20000000000005,0.78679656982421875,
584.29999999999995,0.7893524169921875,
584.39999999999998,0.80213165283203125,
584.5,0.82257080078125,
584.60000000000002,0.8532257080078125,
584.70000000000005,0.8992156982421875,
584.79999999999995,0.98097991943359375,
584.89999999999998,1.0831756591796875,
585,1.1496124267578125,
585.10000000000002,1.19049072265625,
585.20000000000005,1.2288131713867188,
585.29999999999995,1.2466964721679688,
585.39999999999998,1.2977981567382812,
585.5,1.4996414184570312,
585.60000000000002,1.7960205078125,
585.70000000000005,2.0694122314453125,
585.79999999999995,2.3172454833984375,
585.89999999999998,2.5625228881835938,
586,2.8103561401367188,
586.10000000000002,3.0888519287109375,
586.20000000000005,3.3928985595703125,
586.29999999999995,3.709716796875,
586.39999999999998,4.0035476684570312,
586.5,4.253936767578125,
586.60000000000002,4.4889907836914062,
586.70000000000005,4.7291641235351562,
586.79999999999995,4.9591140747070312,
586.89999999999998,5.1200790405273438,
587,5.1456298828125,
587.10000000000002,5.025543212890625,
587.20000000000005,4.7853775024414062,
587.29999999999995,4.5170974731445312,
587.39999999999998,4.24371337890625,
587.5,3.9013442993164062,
587.60000000000002,3.518096923828125,
587.70000000000005,3.1655044555664062,
587.79999999999995,2.9176712036132812,
587.89999999999998,2.6417312622070312,
588,2.3913421630859375,
588.10000000000002,2.1639404296875,
588.20000000000005,1.9595413208007812,
588.29999999999995,1.788360595703125,
588.39999999999998,1.63250732421875,
588.5,1.474090576171875,
588.60000000000002,1.3207931518554688,
588.70000000000005,1.1777114868164062,
588.79999999999995,1.0652923583984375,
588.89999999999998,0.996307373046875,
589,0.9554290771484375,
589.10000000000002,0.93498992919921875,
589.20000000000005,0.91199493408203125,
589.29999999999995,0.8915557861328125,
589.39999999999998,0.87877655029296875,
589.5,0.87111663818359375,
589.60000000000002,0.87111663818359375,
589.70000000000005,0.868560791015625,
589.79999999999995,0.87877655029296875,
589.89999999999998,0.88388824462890625,
590,0.86600494384765625,7.5125207901000977
590.10000000000002,0.8455657958984375,
590.20000000000005,0.8455657958984375,
590.29999999999995,0.85578155517578125,
590.39999999999998,0.86600494384765625,
590.5,0.8736724853515625,
590.60000000000002,0.8736724853515625,
590.70000000000005,0.87111663818359375,
590.79999999999995,0.876220703125,
590.89999999999998,0.88388824462890625,
591,0.8813323974609375,
591.10000000000002,0.8532257080078125,
591.20000000000005,0.8404541015625,
591.29999999999995,0.86089324951171875,
591.39999999999998,0.87877655029296875,
591.5,0.8915557861328125,
591.60000000000002,0.89411163330078125,
591.70000000000005,0.88899993896484375,
591.79999999999995,0.89666748046875,
591.89999999999998,0.91710662841796875,
592,0.9273223876953125,
592.10000000000002,0.92476654052734375,
592.20000000000005,0.922210693359375,
592.29999999999995,0.92476654052734375,
592.39999999999998,0.94010162353515625,
592.5,0.9503173828125,
592.60000000000002,0.94010162353515625,
592.70000000000005,0.92987823486328125,
592.79999999999995,0.93498992919921875,
592.89999999999998,0.9452056884765625,
593,0.95287322998046875,
593.10000000000002,0.960540771484375,
593.20000000000005,0.97075653076171875,
593.29999999999995,0.98097991943359375,
593.39999999999998,0.9911956787109375,
593.5,1.0167465209960938,
593.60000000000002,1.0857315063476562,
593.70000000000005,1.2211456298828125,
593.79999999999995,1.392333984375,
593.89999999999998,1.5839614868164062,
594,1.8087997436523438,
594.10000000000002,2.046417236328125,
594.20000000000005,2.2865829467773438,
594.29999999999995,2.5318603515625,
594.39999999999998,2.7771453857421875,
594.5,3.0096511840820312,
594.60000000000002,3.2344894409179688,
594.70000000000005,3.4772109985351562,
594.79999999999995,3.7276077270507812,
594.89999999999998,3.9064559936523438,
595,4.0086517333984375,
595.10000000000002,4.0980758666992188,
595.20000000000005,4.2028350830078125,
595.29999999999995,4.2488250732421875,
595.39999999999998,4.1645126342773438,
595.5,4.05975341796875,
595.60000000000002,4.0086517333984375,
595.70000000000005,3.9626617431640625,
595.79999999999995,3.9320068359375,
595.89999999999998,3.8834609985351562,
596,3.7991409301757812,
596.10000000000002,3.709716796875,
596.20000000000005,3.627960205078125,
596.29999999999995,3.5487518310546875,
596.39999999999998,3.4848785400390625,
596.5,3.4235610961914062,
596.60000000000002,3.334136962890625,
596.70000000000005,3.2370452880859375,
596.79999999999995,3.1603927612304688,
596.89999999999998,3.0914077758789062,
597,2.9764328002929688,
597.10000000000002,2.818023681640625,
597.20000000000005,2.6545028686523438,
597.29999999999995,2.524200439453125,
597.39999999999998,2.4194412231445312,
597.5,2.3121337890625,
597.60000000000002,2.192047119140625,
597.70000000000005,2.0591888427734375,
597.79999999999995,1.9416580200195312,
597.89999999999998,1.824127197265625,
598,1.6759414672851562,
598.10000000000002,1.5277481079101562,
598.20000000000005,1.392333984375,
598.29999999999995,1.26458740234375,
598.39999999999998,1.1700515747070312,
598.5,1.1138381958007812,
598.60000000000002,1.0652923583984375,
598.70000000000005,1.00653076171875,
598.79999999999995,0.95287322998046875,
598.89999999999998,0.91199493408203125,
599,0.88388824462890625,
599.10000000000002,0.87111663818359375,
599.20000000000005,0.85833740234375,
599.29999999999995,0.84300994873046875,
599.39999999999998,0.83278656005859375,
599.5,0.81490325927734375,
599.60000000000002,0.78424072265625,
599.70000000000005,0.7714691162109375,
599.79999999999995,0.77402496337890625,
599.89999999999998,0.78424072265625,
600,0.8046875,7.3051948547363281
