"Data Set 1:Time(s)","Data Set 1:Force(N)","Data Set 1:Respiration Rate(bpm)"
0,3.5768585205078125,4.698512077331543
0.10000000000000001,3.3443527221679688,
0.20000000000000001,3.0914077758789062,
0.29999999999999999,3.0479736328125,
0.40000000000000002,2.973876953125,
0.5,2.8512420654296875,
0.59999999999999998,2.6851654052734375,
0.69999999999999996,2.5012054443359375,
0.80000000000000004,2.33001708984375,
0.90000000000000002,2.18438720703125,
1,2.0745162963867188,
1.1000000000000001,1.9953155517578125,
1.2,1.9365463256835938,
1.3,1.8956680297851562,
1.3999999999999999,1.8701171875,
1.5,1.85223388671875,
1.6000000000000001,1.8190155029296875,
1.7,1.7551422119140625,
1.8,1.696380615234375,
1.8999999999999999,1.6631622314453125,
2,1.6248397827148438,
2.1000000000000001,1.5814056396484375,
2.2000000000000002,1.548187255859375,
2.2999999999999998,1.52008056640625,
2.3999999999999999,1.502197265625,
2.5,1.5098648071289062,
2.6000000000000001,1.5354156494140625,
2.7000000000000002,1.5635223388671875,
2.7999999999999998,1.5737380981445312,
2.8999999999999999,1.5711822509765625,
3,1.5635223388671875,
3.1000000000000001,1.54052734375,
3.2000000000000002,1.52008056640625,
3.2999999999999998,1.5354156494140625,
3.3999999999999999,1.5507431030273438,
3.5,1.5558547973632812,
3.6000000000000001,1.5558547973632812,
3.7000000000000002,1.5430755615234375,
3.7999999999999998,1.5251922607421875,
3.8999999999999999,1.512420654296875,
4,1.5073089599609375,
4.0999999999999996,1.4996414184570312,
4.2000000000000002,1.494537353515625,
4.2999999999999998,1.4868698120117188,
4.4000000000000004,1.4587631225585938,
4.5,1.4408798217773438,
4.5999999999999996,1.438323974609375,
4.7000000000000002,1.4459915161132812,
4.7999999999999998,1.456207275390625,
4.9000000000000004,1.4587631225585938,
5,1.4638748168945312,
5.0999999999999996,1.4919815063476562,
5.2000000000000002,1.586517333984375,
5.2999999999999998,1.7449264526367188,
5.4000000000000004,1.972320556640625,
5.5,2.2789154052734375,
5.5999999999999996,2.5829620361328125,
5.7000000000000002,2.864013671875,
5.7999999999999998,3.150177001953125,
5.9000000000000004,3.4210052490234375,
6,3.6892776489257812,
6.0999999999999996,3.9626617431640625,
6.2000000000000002,4.2334976196289062,
6.2999999999999998,4.5222091674804688,
6.4000000000000004,4.8569107055664062,
6.5,5.2018356323242188,
6.5999999999999996,5.49566650390625,
6.7000000000000002,5.7664947509765625,
6.7999999999999998,6.04754638671875,
6.9000000000000004,6.331146240234375,
7,6.6275253295898438,
7.0999999999999996,6.9188003540039062,
7.2000000000000002,7.1334152221679688,
7.2999999999999998,7.2381744384765625,
7.4000000000000004,7.325042724609375,
7.5,7.4476852416992188,
7.5999999999999996,7.4681243896484375,
7.7000000000000002,7.2253952026367188,
7.7999999999999998,6.9469070434570312,
7.9000000000000004,6.8676986694335938,
8,6.8421478271484375,
8.0999999999999996,6.7859420776367188,
8.1999999999999993,6.4997787475585938,
8.3000000000000007,6.0628738403320312,
8.4000000000000004,5.8150405883789062,
8.5,5.7000656127929688,
8.5999999999999996,5.6131973266601562,
8.6999999999999993,5.5518722534179688,
8.8000000000000007,5.4828872680664062,
8.9000000000000004,5.4522323608398438,
9,5.4241256713867188,
9.0999999999999996,5.3500289916992188,
9.1999999999999993,5.2580490112304688,
9.3000000000000007,5.1839523315429688,
9.4000000000000004,5.1405181884765625,
9.5,5.1073074340820312,
9.5999999999999996,5.0587615966796875,
9.6999999999999993,4.961669921875,
9.8000000000000007,4.851806640625,
9.9000000000000004,4.8007049560546875,
10,4.7725982666015625,4.5385780334472656
10.1,4.749603271484375,
10.199999999999999,4.7291641235351562,
10.300000000000001,4.7725982666015625,
10.4,4.859466552734375,
10.5,4.8799057006835938,
10.6,4.86968994140625,
10.699999999999999,4.8824615478515625,
10.800000000000001,4.8313674926757812,
10.9,4.7112808227539062,
11,4.583526611328125,
11.1,4.4123458862304688,
11.199999999999999,4.2181625366210938,
11.300000000000001,4.0214309692382812,
11.4,3.8144760131835938,
11.5,3.5947418212890625,
11.6,3.35968017578125,
11.699999999999999,3.1169586181640625,
11.800000000000001,2.8793411254882812,
11.9,2.66217041015625,
12,2.4475479125976562,
12.1,2.2329254150390625,
12.199999999999999,2.0617446899414062,
12.300000000000001,1.9569854736328125,
12.4,1.9416580200195312,
12.5,1.9850921630859375,
12.6,1.9774322509765625,
12.699999999999999,1.898223876953125,
12.800000000000001,1.8113555908203125,
12.9,1.7525863647460938,
13,1.6938247680664062,
13.1,1.6427230834960938,
13.199999999999999,1.6095123291015625,
13.300000000000001,1.5507431030273438,
13.4,1.512420654296875,
13.5,1.52008056640625,
13.6,1.5098648071289062,
13.699999999999999,1.4766464233398438,
13.800000000000001,1.4434356689453125,
13.9,1.420440673828125,
14,1.402557373046875,
14.1,1.3693389892578125,
14.199999999999999,1.3335723876953125,
14.300000000000001,1.3156814575195312,
14.4,1.3054656982421875,
14.5,1.3029098510742188,
14.6,1.3131256103515625,
14.699999999999999,1.310577392578125,
14.800000000000001,1.310577392578125,
14.9,1.3437881469726562,
15,1.3488998413085938,
15.1,1.3131256103515625,
15.199999999999999,1.2952423095703125,
15.300000000000001,1.3080215454101562,
15.4,1.3259048461914062,
15.5,1.3233489990234375,
15.6,1.30035400390625,
15.699999999999999,1.2773590087890625,
15.800000000000001,1.2594757080078125,
15.9,1.2492523193359375,
16,1.2466964721679688,
16.100000000000001,1.2339248657226562,
16.199999999999999,1.2134857177734375,
16.300000000000001,1.2007064819335938,
16.399999999999999,1.198150634765625,
16.5,1.19049072265625,
16.600000000000001,1.1853790283203125,
16.699999999999999,1.180267333984375,
16.800000000000001,1.1649398803710938,
16.899999999999999,1.15216064453125,
17,1.1470565795898438,
17.100000000000001,1.1572723388671875,
17.199999999999999,1.15216064453125,
17.300000000000001,1.0985107421875,
17.399999999999999,1.0755157470703125,
17.5,1.1496124267578125,
17.600000000000001,1.3335723876953125,
17.699999999999999,1.5890655517578125,
17.800000000000001,1.77813720703125,
17.899999999999999,1.8547897338867188,
18,1.9109954833984375,
18.100000000000001,2.0336380004882812,
18.199999999999999,2.3044662475585938,
18.300000000000001,2.7030487060546875,
18.399999999999999,3.1322860717773438,
18.5,3.5564193725585938,
18.600000000000001,3.9243392944335938,
18.699999999999999,4.2615966796875,
18.800000000000001,4.5809707641601562,
18.899999999999999,4.8671340942382812,
19,5.1686248779296875,
19.100000000000001,5.467559814453125,
19.199999999999999,5.7102813720703125,
19.300000000000001,5.9019088745117188,
19.399999999999999,6.0219955444335938,
19.5,6.129302978515625,
19.600000000000001,6.277496337890625,
19.699999999999999,6.4435653686523438,
19.800000000000001,6.5738754272460938,
19.899999999999999,6.6735153198242188,
20,6.8217086791992188,4.9140048027038574
20.100000000000001,7.066986083984375,
20.199999999999999,7.3097152709960938,
20.300000000000001,7.4527969360351562,
20.399999999999999,7.51922607421875,
20.5,7.8641510009765625,
20.600000000000001,8.042999267578125,
20.699999999999999,7.5728759765625,
20.800000000000001,7.141082763671875,
20.899999999999999,6.9315719604492188,
21,6.6326370239257812,
21.100000000000001,6.34136962890625,
21.199999999999999,6.0347671508789062,
21.300000000000001,5.761383056640625,
21.399999999999999,5.9785614013671875,
21.5,6.3899154663085938,
21.600000000000001,6.45123291015625,
21.699999999999999,6.3515853881835938,
21.800000000000001,6.2698287963867188,
21.899999999999999,6.1318588256835938,
22,5.9376754760742188,
22.100000000000001,5.7358322143554688,
22.199999999999999,5.5161056518554688,
22.300000000000001,5.3219223022460938,
22.399999999999999,5.1711807250976562,
22.5,5.0383224487304688,
22.600000000000001,4.9182357788085938,
22.699999999999999,4.8032608032226562,
22.800000000000001,4.7061691284179688,
22.899999999999999,4.639739990234375,
23,4.5988616943359375,
23.100000000000001,4.5452041625976562,
23.199999999999999,4.437896728515625,
23.300000000000001,4.3152542114257812,
23.399999999999999,4.2283859252929688,
23.5,4.1594009399414062,
23.600000000000001,4.1031875610351562,
23.699999999999999,4.0495376586914062,
23.800000000000001,3.87579345703125,
23.899999999999999,3.5947418212890625,
24,3.3315811157226562,
24.100000000000001,3.10418701171875,
24.199999999999999,2.8946762084960938,
24.300000000000001,2.708160400390625,
24.399999999999999,2.5676345825195312,
24.5,2.4935379028320312,
24.600000000000001,2.4449920654296875,
24.699999999999999,2.3785629272460938,
24.800000000000001,2.3095779418945312,
24.899999999999999,2.266143798828125,
25,2.2457046508789062,
25.100000000000001,2.1792755126953125,
25.199999999999999,2.100067138671875,
25.300000000000001,2.0872955322265625,
25.399999999999999,2.0872955322265625,
25.5,2.0387496948242188,
25.600000000000001,1.9518814086914062,
25.699999999999999,1.8599014282226562,
25.800000000000001,1.7679214477539062,
25.899999999999999,1.6836013793945312,
26,1.6299514770507812,
26.100000000000001,1.5839614868164062,
26.199999999999999,1.5328598022460938,
26.300000000000001,1.4715423583984375,
26.399999999999999,1.3897781372070312,
26.5,1.3233489990234375,
26.600000000000001,1.30035400390625,
26.699999999999999,1.3029098510742188,
26.800000000000001,1.30035400390625,
26.899999999999999,1.3488998413085938,
27,1.4510955810546875,
27.100000000000001,1.5073089599609375,
27.199999999999999,1.5251922607421875,
27.300000000000001,1.5532989501953125,
27.399999999999999,1.5635223388671875,
27.5,1.52008056640625,
27.600000000000001,1.4613189697265625,
27.699999999999999,1.4255523681640625,
27.800000000000001,1.4153289794921875,
27.899999999999999,1.4229965209960938,
28,1.4229965209960938,
28.100000000000001,1.4051055908203125,
28.199999999999999,1.392333984375,
28.300000000000001,1.402557373046875,
28.399999999999999,1.420440673828125,
28.5,1.4408798217773438,
28.600000000000001,1.4434356689453125,
28.699999999999999,1.4332122802734375,
28.800000000000001,1.4306564331054688,
28.899999999999999,1.4434356689453125,
29,1.4587631225585938,
29.100000000000001,1.4613189697265625,
29.199999999999999,1.4613189697265625,
29.300000000000001,1.4715423583984375,
29.399999999999999,1.4894256591796875,
29.5,1.4996414184570312,
29.600000000000001,1.4919815063476562,
29.699999999999999,1.4766464233398438,
29.800000000000001,1.438323974609375,
29.899999999999999,1.3693389892578125,
30,1.3233489990234375,4.615384578704834
30.100000000000001,1.3310165405273438,
30.199999999999999,1.3718948364257812,
30.300000000000001,1.402557373046875,
30.399999999999999,1.4178848266601562,
30.5,1.4408798217773438,
30.600000000000001,1.4587631225585938,
30.699999999999999,1.4587631225585938,
30.800000000000001,1.4587631225585938,
30.899999999999999,1.4638748168945312,
31,1.4638748168945312,
31.100000000000001,1.4638748168945312,
31.199999999999999,1.4919815063476562,
31.300000000000001,1.5609664916992188,
31.399999999999999,1.6427230834960938,
31.5,1.7117080688476562,
31.600000000000001,1.7832489013671875,
31.699999999999999,1.8471221923828125,
31.800000000000001,1.8599014282226562,
31.899999999999999,1.8343505859375,
32,1.806243896484375,
32.100000000000001,1.7474822998046875,
32.200000000000003,1.678497314453125,
32.299999999999997,1.6350555419921875,
32.399999999999999,1.6299514770507812,
32.5,1.7653656005859375,
32.600000000000001,2.2278213500976562,
32.700000000000003,2.7975845336914062,
32.799999999999997,3.203826904296875,
32.899999999999999,3.4695510864257812,
33,3.6995010375976562,
33.100000000000001,4.0009918212890625,
33.200000000000003,4.3254776000976562,
33.299999999999997,4.6039657592773438,
33.399999999999999,4.841583251953125,
33.5,5.1149673461914062,
33.600000000000001,5.4650039672851562,
33.700000000000003,5.8661422729492188,
33.799999999999997,6.239166259765625,
33.899999999999999,6.553436279296875,
34,6.7987136840820312,
34.100000000000001,6.9954452514648438,
34.200000000000003,7.3301544189453125,
34.299999999999997,7.6852951049804688,
34.399999999999999,7.8437118530273438,
34.5,7.8181610107421875,
34.600000000000001,7.62908935546875,
34.700000000000003,7.3914718627929688,
34.799999999999997,7.1947402954101562,
34.899999999999999,7.0082244873046875,
35,6.7578353881835938,
35.100000000000001,6.41546630859375,
35.200000000000003,6.0168838500976562,
35.299999999999997,5.7077255249023438,
35.399999999999999,5.5263214111328125,
35.5,5.3525848388671875,
35.600000000000001,5.1226348876953125,
35.700000000000003,4.9386749267578125,
35.799999999999997,4.7879257202148438,
35.899999999999999,4.61163330078125,
36,4.4634475708007812,
36.100000000000001,4.35357666015625,
36.200000000000003,4.2769317626953125,
36.299999999999997,4.2283859252929688,
36.399999999999999,4.1900558471679688,
36.5,4.1645126342773438,
36.600000000000001,4.2002792358398438,
36.700000000000003,4.2871475219726562,
36.799999999999997,4.3612442016601562,
36.899999999999999,4.4021224975585938,
37,4.3893508911132812,
37.100000000000001,4.3254776000976562,
37.200000000000003,4.2232742309570312,
37.299999999999997,4.1134109497070312,
37.399999999999999,3.995880126953125,
37.5,3.8681259155273438,
37.600000000000001,3.7710418701171875,
37.700000000000003,3.6969451904296875,
37.799999999999997,3.6305160522460938,
37.899999999999999,3.599853515625,
38,3.571746826171875,
38.100000000000001,3.5436477661132812,
38.200000000000003,3.50787353515625,
38.299999999999997,3.4133377075195312,
38.399999999999999,3.3009185791015625,
38.5,3.2191619873046875,
38.600000000000001,3.1578369140625,
38.700000000000003,3.1169586181640625,
38.799999999999997,3.0556411743164062,
38.899999999999999,2.9151153564453125,
39,2.726043701171875,
39.100000000000001,2.542083740234375,
39.200000000000003,2.347900390625,
39.299999999999997,2.1818313598632812,
39.399999999999999,2.0489654541015625,
39.5,1.9212188720703125,
39.600000000000001,1.8292388916015625,
39.700000000000003,1.7858047485351562,
39.799999999999997,1.7679214477539062,
39.899999999999999,1.7755813598632812,
40,1.8087997436523438,5.0083475112915039
40.100000000000001,1.8573455810546875,
40.200000000000003,1.8777847290039062,
40.299999999999997,1.8650054931640625,
40.399999999999999,1.8547897338867188,
40.5,1.8190155029296875,
40.600000000000001,1.7091522216796875,
40.700000000000003,1.4919815063476562,
40.799999999999997,1.26458740234375,
40.899999999999999,1.13427734375,
41,1.0499649047851562,
41.100000000000001,1.0014190673828125,
41.200000000000003,0.9835357666015625,
41.299999999999997,0.98609161376953125,
41.399999999999999,1.034637451171875,
41.5,1.13427734375,
41.600000000000001,1.2569198608398438,
41.700000000000003,1.4178848266601562,
41.799999999999997,1.5251922607421875,
41.899999999999999,1.5175323486328125,
42,1.4894256591796875,
42.100000000000001,1.5073089599609375,
42.200000000000003,1.5251922607421875,
42.299999999999997,1.530303955078125,
42.399999999999999,1.5456314086914062,
42.5,1.5839614868164062,
42.600000000000001,1.604400634765625,
42.700000000000003,1.5711822509765625,
42.799999999999997,1.5609664916992188,
42.899999999999999,1.6069564819335938,
43,1.6555023193359375,
43.100000000000001,1.7091522216796875,
43.200000000000003,1.7755813598632812,
43.299999999999997,1.862457275390625,
43.399999999999999,1.97998046875,
43.5,2.0847396850585938,
43.600000000000001,2.1690521240234375,
43.700000000000003,2.2686996459960938,
43.799999999999997,2.3836746215820312,
43.899999999999999,2.4705429077148438,
44,2.5037612915039062,
44.100000000000001,2.4884262084960938,
44.200000000000003,2.4475479125976562,
44.299999999999997,2.4066696166992188,
44.399999999999999,2.3734512329101562,
44.5,2.3504562377929688,
44.600000000000001,2.3351287841796875,
44.700000000000003,2.3198013305664062,
44.799999999999997,2.3172454833984375,
44.899999999999999,2.3453521728515625,
45,2.4449920654296875,
45.100000000000001,2.6493911743164062,
45.200000000000003,2.8972320556640625,
45.299999999999997,3.1373977661132812,
45.399999999999999,3.39801025390625,
45.5,3.6662826538085938,
45.600000000000001,3.9141159057617188,
45.700000000000003,4.1364059448242188,
45.799999999999997,4.3408050537109375,
45.899999999999999,4.5119857788085938,
46,4.6678466796875,
46.100000000000001,4.8875732421875,
46.200000000000003,5.1967315673828125,
46.299999999999997,5.5109939575195312,
46.399999999999999,5.8278121948242188,
46.5,6.1829605102539062,
46.600000000000001,6.5100021362304688,
46.700000000000003,6.791046142578125,
46.799999999999997,7.0261077880859375,
46.899999999999999,7.29693603515625,
47,7.6725234985351562,
47.100000000000001,7.9765701293945312,
47.200000000000003,8.1222000122070312,
47.299999999999997,8.1503067016601562,
47.399999999999999,8.0302200317382812,
47.5,7.7926101684570312,
47.600000000000001,7.3914718627929688,
47.700000000000003,6.9443511962890625,
47.799999999999997,6.6377487182617188,
47.899999999999999,6.4001312255859375,
48,6.1778488159179688,
48.100000000000001,5.9606704711914062,
48.200000000000003,5.7562713623046875,
48.299999999999997,5.6106414794921875,
48.399999999999999,5.5365447998046875,
48.5,5.4547805786132812,
48.600000000000001,5.32958984375,
48.700000000000003,5.2171707153320312,
48.799999999999997,5.099639892578125,
48.899999999999999,4.9565582275390625,
49,4.8262557983398438,
49.100000000000001,4.7061691284179688,
49.200000000000003,4.6014175415039062,
49.299999999999997,4.4941024780273438,
49.399999999999999,4.345916748046875,
49.5,4.1670608520507812,
49.600000000000001,4.0112075805664062,
49.700000000000003,3.903900146484375,
49.799999999999997,3.84002685546875,
49.899999999999999,3.7965927124023438,
50,3.7710418701171875,4.4943819046020508
50.100000000000001,3.7403793334960938,
50.200000000000003,3.69183349609375,
50.299999999999997,3.6305160522460938,
50.399999999999999,3.5691909790039062,
50.5,3.4976577758789062,
50.600000000000001,3.3954544067382812,
50.700000000000003,3.2906951904296875,
50.799999999999997,3.2293777465820312,
50.899999999999999,3.1808319091796875,
51,3.1450653076171875,
51.100000000000001,3.1220703125,
51.200000000000003,3.0505294799804688,
51.299999999999997,2.8997802734375,
51.399999999999999,2.6928253173828125,
51.5,2.4577713012695312,
51.600000000000001,2.2329254150390625,
51.700000000000003,2.0617446899414062,
51.799999999999997,1.9365463256835938,
51.899999999999999,1.842010498046875,
52,1.7985763549804688,
52.100000000000001,1.788360595703125,
52.200000000000003,1.7985763549804688,
52.299999999999997,1.81646728515625,
52.399999999999999,1.7858047485351562,
52.5,1.6733856201171875,
52.600000000000001,1.548187255859375,
52.700000000000003,1.4868698120117188,
52.799999999999997,1.4306564331054688,
52.899999999999999,1.3540115356445312,
53,1.272247314453125,
53.100000000000001,1.2032623291015625,
53.200000000000003,1.1649398803710938,
53.299999999999997,1.1393890380859375,
53.399999999999999,1.1291656494140625,
53.5,1.1240615844726562,
53.600000000000001,1.13427734375,
53.700000000000003,1.1751556396484375,
53.799999999999997,1.2083740234375,
53.899999999999999,1.218597412109375,
54,1.218597412109375,
54.100000000000001,1.2237014770507812,
54.200000000000003,1.2211456298828125,
54.299999999999997,1.2083740234375,
54.399999999999999,1.2058181762695312,
54.5,1.2032623291015625,
54.600000000000001,1.2109298706054688,
54.700000000000003,1.2211456298828125,
54.799999999999997,1.2339248657226562,
54.899999999999999,1.2492523193359375,
55,1.2518081665039062,
55.100000000000001,1.2518081665039062,
55.200000000000003,1.2518081665039062,
55.299999999999997,1.2415924072265625,
55.399999999999999,1.2160415649414062,
55.5,1.198150634765625,
55.600000000000001,1.2007064819335938,
55.700000000000003,1.2211456298828125,
55.799999999999997,1.2390365600585938,
55.899999999999999,1.254364013671875,
56,1.272247314453125,
56.100000000000001,1.2799148559570312,
56.200000000000003,1.282470703125,
56.299999999999997,1.2850265502929688,
56.399999999999999,1.2875823974609375,
56.5,1.2850265502929688,
56.600000000000001,1.2799148559570312,
56.700000000000003,1.3412322998046875,
56.799999999999997,1.5226364135742188,
56.899999999999999,1.880340576171875,
57,2.3325729370117188,
57.100000000000001,2.761810302734375,
57.200000000000003,3.17572021484375,
57.299999999999997,3.58197021484375,
57.399999999999999,3.9882125854492188,
57.5,4.3663558959960938,
57.600000000000001,4.6933975219726562,
57.700000000000003,4.9974365234375,
57.799999999999997,5.3142623901367188,
57.899999999999999,5.6566314697265625,
58,6.0449905395507812,
58.100000000000001,6.4103546142578125,
58.200000000000003,6.6658554077148438,
58.299999999999997,6.9009170532226562,
58.399999999999999,7.307159423828125,
58.5,7.7823867797851562,
58.600000000000001,8.07110595703125,
58.700000000000003,8.18096923828125,
58.799999999999997,8.1758575439453125,
58.899999999999999,8.1758575439453125,
59,8.1298675537109375,
59.100000000000001,7.894805908203125,
59.200000000000003,7.6520843505859375,
59.299999999999997,7.4885635375976562,
59.399999999999999,7.3275985717773438,
59.5,7.123199462890625,
59.600000000000001,6.89324951171875,
59.700000000000003,6.7067337036132812,
59.799999999999997,6.5125503540039062,
59.899999999999999,6.3004913330078125,
60,6.1241912841796875,4.9423394203186035
60.100000000000001,5.9887771606445312,
60.200000000000003,5.853363037109375,
60.299999999999997,5.7102813720703125,
60.399999999999999,5.595306396484375,
60.5,5.5927505493164062,
60.600000000000001,5.54931640625,
60.700000000000003,5.3781356811523438,
60.799999999999997,5.16351318359375,
60.899999999999999,4.9258956909179688,
61,4.72149658203125,
61.100000000000001,4.5452041625976562,
61.200000000000003,4.3765716552734375,
61.299999999999997,4.2309417724609375,
61.399999999999999,4.1134109497070312,
61.5,4.02398681640625,
61.600000000000001,3.9550018310546875,
61.700000000000003,3.85791015625,
61.799999999999997,3.7352676391601562,
61.899999999999999,3.6381759643554688,
62,3.5615310668945312,
62.100000000000001,3.518096923828125,
62.200000000000003,3.5206527709960938,
62.299999999999997,3.518096923828125,
62.399999999999999,3.4644393920898438,
62.5,3.35968017578125,
62.600000000000001,3.260040283203125,
62.700000000000003,3.1782760620117188,
62.799999999999997,3.1067352294921875,
62.899999999999999,3.03009033203125,
63,2.8895645141601562,
63.100000000000001,2.7107162475585938,
63.200000000000003,2.5037612915039062,
63.299999999999997,2.284027099609375,
63.399999999999999,2.100067138671875,
63.5,1.9442138671875,
63.600000000000001,1.8190155029296875,
63.700000000000003,1.7347030639648438,
63.799999999999997,1.6887130737304688,
63.899999999999999,1.6708297729492188,
64,1.6631622314453125,
64.099999999999994,1.6452789306640625,
64.200000000000003,1.59417724609375,
64.299999999999997,1.5149765014648438,
64.400000000000006,1.4459915161132812,
64.5,1.3795623779296875,
64.599999999999994,1.328460693359375,
64.700000000000003,1.2952423095703125,
64.799999999999997,1.2620315551757812,
64.900000000000006,1.218597412109375,
65,1.1751556396484375,
65.099999999999994,1.1419448852539062,
65.200000000000003,1.11639404296875,
65.299999999999997,1.1010665893554688,
65.400000000000006,1.0755157470703125,
65.5,1.0550765991210938,
65.599999999999994,1.0576324462890625,
65.700000000000003,1.0652923583984375,
65.799999999999997,1.0857315063476562,
65.900000000000006,1.1112823486328125,
66,1.1240615844726562,
66.099999999999994,1.1291656494140625,
66.200000000000003,1.15216064453125,
66.299999999999997,1.1751556396484375,
66.400000000000006,1.1828231811523438,
66.5,1.180267333984375,
66.599999999999994,1.1649398803710938,
66.700000000000003,1.15216064453125,
66.799999999999997,1.15216064453125,
66.900000000000006,1.1598281860351562,
67,1.1674957275390625,
67.099999999999994,1.172607421875,
67.200000000000003,1.1674957275390625,
67.299999999999997,1.1649398803710938,
67.400000000000006,1.1674957275390625,
67.5,1.1674957275390625,
67.599999999999994,1.1598281860351562,
67.700000000000003,1.144500732421875,
67.799999999999997,1.1317214965820312,
67.900000000000006,1.1291656494140625,
68,1.1317214965820312,
68.099999999999994,1.1393890380859375,
68.200000000000003,1.172607421875,
68.299999999999997,1.2799148559570312,
68.400000000000006,1.4434356689453125,
68.5,1.81646728515625,
68.599999999999994,2.3606796264648438,
68.700000000000003,2.7873611450195312,
68.799999999999997,3.1169586181640625,
68.900000000000006,3.444000244140625,
69,3.7735977172851562,
69.099999999999994,4.0393142700195312,
69.200000000000003,4.253936767578125,
69.299999999999997,4.5094375610351562,
69.400000000000006,4.749603271484375,
69.5,4.9744415283203125,
69.599999999999994,5.2350540161132812,
69.700000000000003,5.4777755737304688,
69.799999999999997,5.7026214599609375,
69.900000000000006,5.9478988647460938,
70,6.1625213623046875,5.2863435745239258
70.099999999999994,6.3745803833007812,
70.200000000000003,6.6224212646484375,
70.299999999999997,6.8498153686523438,
70.400000000000006,7.0695419311523438,
70.5,7.2483901977539062,
70.599999999999994,7.2816085815429688,
70.700000000000003,7.26116943359375,
70.799999999999997,7.0925369262695312,
70.900000000000006,6.74505615234375,
71,6.4461212158203125,
71.099999999999994,6.23150634765625,
71.200000000000003,6.0245513916015625,
71.299999999999997,5.7869338989257812,
71.400000000000006,5.5850906372070312,
71.5,5.4139022827148438,
71.599999999999994,5.3398056030273438,
71.700000000000003,5.3806915283203125,
71.799999999999997,5.4011306762695312,
71.900000000000006,5.3832473754882812,
72,5.3602523803710938,
72.099999999999994,5.2887115478515625,
72.200000000000003,5.191619873046875,
72.299999999999997,5.1021957397460938,
72.400000000000006,5.0051040649414062,
72.5,4.897796630859375,
72.599999999999994,4.7725982666015625,
72.700000000000003,4.6499557495117188,
72.799999999999997,4.5860824584960938,
72.900000000000006,4.53753662109375,
73,4.4404525756835938,
73.099999999999994,4.2999267578125,
73.200000000000003,4.1594009399414062,
73.299999999999997,4.0750808715820312,
73.400000000000006,4.0265426635742188,
73.5,3.9550018310546875,
73.599999999999994,3.8834609985351562,
73.700000000000003,3.8425827026367188,
73.799999999999997,3.8144760131835938,
73.900000000000006,3.7608184814453125,
74,3.709716796875,
74.099999999999994,3.6151809692382812,
74.200000000000003,3.4031219482421875,
74.299999999999997,3.111846923828125,
74.400000000000006,2.782257080078125,
74.5,2.4603271484375,
74.599999999999994,2.1971588134765625,
74.700000000000003,1.9876480102539062,
74.799999999999997,1.8190155029296875,
74.900000000000006,1.6836013793945312,
75,1.566070556640625,
75.099999999999994,1.5098648071289062,
75.200000000000003,1.4817581176757812,
75.299999999999997,1.3795623779296875,
75.400000000000006,1.30035400390625,
75.5,1.328460693359375,
75.599999999999994,1.3974456787109375,
75.700000000000003,1.438323974609375,
75.799999999999997,1.4051055908203125,
75.900000000000006,1.3514556884765625,
76,1.3259048461914062,
76.099999999999994,1.290130615234375,
76.200000000000003,1.2569198608398438,
76.299999999999997,1.272247314453125,
76.400000000000006,1.272247314453125,
76.5,1.2211456298828125,
76.599999999999994,1.1777114868164062,
76.700000000000003,1.15216064453125,
76.799999999999997,1.1240615844726562,
76.900000000000006,1.088287353515625,
77,1.0218582153320312,
77.099999999999994,0.9452056884765625,
77.200000000000003,0.94010162353515625,
77.299999999999997,0.9835357666015625,
77.400000000000006,1.014190673828125,
77.5,1.0193023681640625,
77.599999999999994,0.996307373046875,
77.700000000000003,0.96309661865234375,
77.799999999999997,0.942657470703125,
77.900000000000006,0.93498992919921875,
78,0.9375457763671875,
78.099999999999994,0.9503173828125,
78.200000000000003,0.96309661865234375,
78.299999999999997,0.9656524658203125,
78.400000000000006,0.9656524658203125,
78.5,0.9656524658203125,
78.599999999999994,0.97075653076171875,
78.700000000000003,0.97586822509765625,
78.799999999999997,0.9733123779296875,
78.900000000000006,0.98609161376953125,
79,1.0116424560546875,
79.099999999999994,1.0397415161132812,
79.200000000000003,1.088287353515625,
79.299999999999997,1.1674957275390625,
79.400000000000006,1.2748031616210938,
79.5,1.346343994140625,
79.599999999999994,1.364227294921875,
79.700000000000003,1.3897781372070312,
79.799999999999997,1.4357681274414062,
79.900000000000006,1.5073089599609375,
80,1.6248397827148438,5.0590219497680664
80.099999999999994,1.788360595703125,
80.200000000000003,1.9978713989257812,
80.299999999999997,2.248260498046875,
80.400000000000006,2.5446395874023438,
80.5,2.9151153564453125,
80.599999999999994,3.3750152587890625,
80.700000000000003,3.8553543090820312,
80.799999999999997,4.2360458374023438,
80.900000000000006,4.5784225463867188,
81,4.951446533203125,
81.099999999999994,5.2887115478515625,
81.200000000000003,5.64129638671875,
81.299999999999997,6.0705413818359375,
81.400000000000006,6.5048904418945312,
81.5,6.8549270629882812,
81.599999999999994,7.0823211669921875,
81.700000000000003,7.18707275390625,
81.799999999999997,7.215179443359375,
81.900000000000006,7.2816085815429688,
82,7.5115585327148438,
82.099999999999994,7.7772750854492188,
82.200000000000003,7.8181610107421875,
82.299999999999997,7.5575485229492188,
82.400000000000006,7.2560577392578125,
82.5,7.0848770141601562,
82.599999999999994,6.865142822265625,
82.700000000000003,6.5636520385742188,
82.799999999999997,6.2877120971679688,
82.900000000000006,6.0654296875,
83,5.8840255737304688,
83.099999999999994,5.7230606079101562,
83.200000000000003,5.5902023315429688,
83.299999999999997,5.4777755737304688,
83.400000000000006,5.3602523803710938,
83.5,5.2427215576171875,
83.599999999999994,5.1303024291992188,
83.700000000000003,5.0051040649414062,
83.799999999999997,4.8824615478515625,
83.900000000000006,4.7777099609375,
84,4.6959457397460938,
84.099999999999994,4.6320724487304688,
84.200000000000003,4.5784225463867188,
84.299999999999997,4.4941024780273438,
84.400000000000006,4.3867950439453125,
84.5,4.2871475219726562,
84.599999999999994,4.179840087890625,
84.700000000000003,4.0980758666992188,
84.799999999999997,4.0418701171875,
84.900000000000006,3.9728851318359375,
85,3.886016845703125,
85.099999999999994,3.8042526245117188,
85.200000000000003,3.7327117919921875,
85.299999999999997,3.6713943481445312,
85.400000000000006,3.6126327514648438,
85.5,3.5589752197265625,
85.599999999999994,3.5232009887695312,
85.700000000000003,3.4976577758789062,
85.799999999999997,3.4746627807617188,
85.900000000000006,3.4516677856445312,
86,3.4669952392578125,
86.099999999999994,3.4593276977539062,
86.200000000000003,3.4133377075195312,
86.299999999999997,3.3724594116210938,
86.400000000000006,3.3213577270507812,
86.5,3.2677001953125,
86.599999999999994,3.2114944458007812,
86.700000000000003,3.0914077758789062,
86.799999999999997,2.9023361206054688,
86.900000000000006,2.69793701171875,
87,2.49609375,
87.099999999999994,2.2968063354492188,
87.200000000000003,2.1230621337890625,
87.299999999999997,2.0234222412109375,
87.400000000000006,2.0029754638671875,
87.5,2.0234222412109375,
87.599999999999994,2.0770721435546875,
87.700000000000003,2.1639404296875,
87.799999999999997,2.2252655029296875,
87.900000000000006,2.2508163452148438,
88,2.284027099609375,
88.099999999999994,2.29425048828125,
88.200000000000003,2.248260498046875,
88.299999999999997,2.1716079711914062,
88.400000000000006,2.11029052734375,
88.5,2.0515213012695312,
88.599999999999994,1.9697647094726562,
88.700000000000003,1.8905563354492188,
88.799999999999997,1.8292388916015625,
88.900000000000006,1.8215713500976562,
89,1.824127197265625,
89.099999999999994,1.81646728515625,
89.200000000000003,1.8369064331054688,
89.299999999999997,1.8777847290039062,
89.400000000000006,1.9391021728515625,
89.5,2.0234222412109375,
89.599999999999994,2.0898513793945312,
89.700000000000003,2.1051788330078125,
89.799999999999997,2.0745162963867188,
89.900000000000006,2.0515213012695312,
90,2.064300537109375,5.4200544357299805
90.099999999999994,2.0949554443359375,
90.200000000000003,2.1205062866210938,
90.299999999999997,2.1358413696289062,
90.400000000000006,2.1358413696289062,
90.5,2.1358413696289062,
90.599999999999994,2.1409454345703125,
90.700000000000003,2.1435012817382812,
90.799999999999997,2.1486129760742188,
90.900000000000006,2.1409454345703125,
91,2.11029052734375,
91.099999999999994,2.0949554443359375,
91.200000000000003,2.1026229858398438,
91.299999999999997,2.1256179809570312,
91.400000000000006,2.14605712890625,
91.5,2.1537246704101562,
91.599999999999994,2.1613922119140625,
91.700000000000003,2.174163818359375,
91.799999999999997,2.1869354248046875,
91.900000000000006,2.1946029663085938,
92,2.2252655029296875,
92.099999999999994,2.2763671875,
92.200000000000003,2.347900390625,
92.299999999999997,2.5625228881835938,
92.400000000000006,3.0147552490234375,
92.5,3.5513076782226562,
92.599999999999994,4.0009918212890625,
92.700000000000003,4.4046783447265625,
92.799999999999997,4.8824615478515625,
92.900000000000006,5.3883514404296875,
93,5.8380355834960938,
93.099999999999994,6.2698287963867188,
93.200000000000003,6.78338623046875,
93.299999999999997,7.3301544189453125,
93.400000000000006,7.7747268676757812,
93.5,8.134979248046875,
93.599999999999994,8.3572616577148438,
93.700000000000003,8.3598175048828125,
93.799999999999997,8.2831649780273438,
93.900000000000006,8.2473983764648438,
94,8.0992050170898438,
94.099999999999994,7.8973617553710938,
94.200000000000003,7.7466201782226562,
94.299999999999997,7.5601043701171875,
94.400000000000006,7.3173751831054688,
94.5,6.92901611328125,
94.599999999999994,6.4870071411132812,
94.700000000000003,6.2417221069335938,
94.799999999999997,6.0705413818359375,
94.900000000000006,5.8150405883789062,
95,5.669403076171875,
95.099999999999994,5.6183013916015625,
95.200000000000003,5.503326416015625,
95.299999999999997,5.3398056030273438,
95.400000000000006,5.173736572265625,
95.5,5.0766448974609375,
95.599999999999994,5.071533203125,
95.700000000000003,5.1456298828125,
95.799999999999997,5.2171707153320312,
95.900000000000006,5.2120590209960938,
96,5.12774658203125,
96.099999999999994,4.9821090698242188,
96.200000000000003,4.8671340942382812,
96.299999999999997,4.8083724975585938,
96.400000000000006,4.7342758178710938,
96.5,4.6269607543945312,
96.599999999999994,4.5170974731445312,
96.700000000000003,4.437896728515625,
96.799999999999997,4.3663558959960938,
96.900000000000006,4.271820068359375,
97,4.1900558471679688,
97.099999999999994,4.1287384033203125,
97.200000000000003,4.0980758666992188,
97.299999999999997,4.07763671875,
97.400000000000006,3.9933242797851562,
97.5,3.8783493041992188,
97.599999999999994,3.7761459350585938,
97.700000000000003,3.7148284912109375,
97.799999999999997,3.6892776489257812,
97.900000000000006,3.6509552001953125,
98,3.58197021484375,
98.099999999999994,3.4823226928710938,
98.200000000000003,3.369903564453125,
98.299999999999997,3.2063827514648438,
98.400000000000006,2.9815444946289062,
98.5,2.7183761596679688,
98.599999999999994,2.4552154541015625,
98.700000000000003,2.248260498046875,
98.799999999999997,2.0949554443359375,
98.900000000000006,1.9825363159179688,
99,1.9212188720703125,
99.099999999999994,1.9442138671875,
99.200000000000003,2.0489654541015625,
99.299999999999997,2.1613922119140625,
99.400000000000006,2.2405929565429688,
99.5,2.3044662475585938,
99.599999999999994,2.3070220947265625,
99.700000000000003,2.2175979614257812,
99.799999999999997,2.0591888427734375,
99.900000000000006,1.8854522705078125,
100,1.74237060546875,5.2128582000732422
100.09999999999999,1.6478347778320312,
100.2,1.5788497924804688,
100.3,1.5251922607421875,
100.40000000000001,1.4689865112304688,
100.5,1.41021728515625,
100.59999999999999,1.3540115356445312,
100.7,1.3156814575195312,
100.8,1.2594757080078125,
100.90000000000001,1.2083740234375,
101,1.1930465698242188,
101.09999999999999,1.2109298706054688,
101.2,1.2977981567382812,
101.3,1.4178848266601562,
101.40000000000001,1.4715423583984375,
101.5,1.44854736328125,
101.59999999999999,1.4255523681640625,
101.7,1.4229965209960938,
101.8,1.438323974609375,
101.90000000000001,1.4434356689453125,
102,1.4153289794921875,
102.09999999999999,1.3948898315429688,
102.2,1.3897781372070312,
102.3,1.3897781372070312,
102.40000000000001,1.3872222900390625,
102.5,1.382110595703125,
102.59999999999999,1.37445068359375,
102.7,1.37445068359375,
102.8,1.3718948364257812,
102.90000000000001,1.3718948364257812,
103,1.364227294921875,
103.09999999999999,1.33612060546875,
103.2,1.3207931518554688,
103.3,1.3233489990234375,
103.40000000000001,1.33612060546875,
103.5,1.3514556884765625,
103.59999999999999,1.3693389892578125,
103.7,1.392333984375,
103.8,1.4229965209960938,
103.90000000000001,1.4715423583984375,
104,1.5430755615234375,
104.09999999999999,1.6248397827148438,
104.2,1.7117080688476562,
104.3,1.8343505859375,
104.40000000000001,2.0770721435546875,
104.5,2.4219970703125,
104.59999999999999,2.7592620849609375,
104.7,3.01220703125,
104.8,3.2089385986328125,
104.90000000000001,3.4158935546875,
105,3.663726806640625,
105.09999999999999,3.9294509887695312,
105.2,4.1364059448242188,
105.3,4.3126983642578125,
105.40000000000001,4.5579757690429688,
105.5,4.8492507934570312,
105.59999999999999,5.1124114990234375,
105.7,5.3500289916992188,
105.8,5.6029739379882812,
105.90000000000001,5.871246337890625,
106,6.1446304321289062,
106.09999999999999,6.3975753784179688,
106.2,6.571319580078125,
106.3,6.6326370239257812,
106.40000000000001,6.6837387084960938,
106.5,6.8958053588867188,
106.59999999999999,7.2458419799804688,
106.7,7.5703201293945312,
106.8,7.7721710205078125,
106.90000000000001,7.8283767700195312,
107,7.7006301879882812,
107.09999999999999,7.3122711181640625,
107.2,6.81915283203125,
107.3,6.4921112060546875,
107.40000000000001,6.3566970825195312,
107.5,6.277496337890625,
107.59999999999999,6.1701812744140625,
107.7,6.037322998046875,
107.8,5.8482513427734375,
107.90000000000001,5.6489639282226562,
108,5.4879989624023438,
108.09999999999999,5.3398056030273438,
108.2,5.1456298828125,
108.3,4.94378662109375,
108.40000000000001,4.8109207153320312,
108.5,4.7521591186523438,
108.59999999999999,4.7112808227539062,
108.7,4.6499557495117188,
108.8,4.57586669921875,
108.90000000000001,4.5145416259765625,
109,4.5349807739257812,
109.09999999999999,4.5860824584960938,
109.2,4.5733108520507812,
109.3,4.50177001953125,
109.40000000000001,4.4200057983398438,
109.5,4.3408050537109375,
109.59999999999999,4.2283859252929688,
109.7,4.1134109497070312,
109.8,4.0648651123046875,
109.90000000000001,4.0520858764648438,
110,4.0163192749023438,4.8543691635131836
110.09999999999999,3.9652175903320312,
110.2,3.8681259155273438,
110.3,3.65606689453125,
110.40000000000001,3.35968017578125,
110.5,3.0607452392578125,
110.59999999999999,2.77203369140625,
110.7,2.5088653564453125,
110.8,2.29425048828125,
110.90000000000001,2.1307296752929688,
111,2.0029754638671875,
111.09999999999999,1.908447265625,
111.2,1.842010498046875,
111.3,1.7730255126953125,
111.40000000000001,1.6887130737304688,
111.5,1.6299514770507812,
111.59999999999999,1.5814056396484375,
111.7,1.54052734375,
111.8,1.512420654296875,
111.90000000000001,1.4817581176757812,
112,1.456207275390625,
112.09999999999999,1.4281005859375,
112.2,1.4000015258789062,
112.3,1.3667831420898438,
112.40000000000001,1.3335723876953125,
112.5,1.310577392578125,
112.59999999999999,1.3029098510742188,
112.7,1.3029098510742188,
112.8,1.2850265502929688,
112.90000000000001,1.254364013671875,
113,1.218597412109375,
113.09999999999999,1.1930465698242188,
113.2,1.1879348754882812,
113.3,1.1930465698242188,
113.40000000000001,1.2083740234375,
113.5,1.2237014770507812,
113.59999999999999,1.2415924072265625,
113.7,1.254364013671875,
113.8,1.26458740234375,
113.90000000000001,1.272247314453125,
114,1.2773590087890625,
114.09999999999999,1.272247314453125,
114.2,1.2569198608398438,
114.3,1.236480712890625,
114.40000000000001,1.2288131713867188,
114.5,1.2339248657226562,
114.59999999999999,1.2466964721679688,
114.7,1.2569198608398438,
114.8,1.26458740234375,
114.90000000000001,1.2748031616210938,
115,1.2850265502929688,
115.09999999999999,1.290130615234375,
115.2,1.2977981567382812,
115.3,1.2977981567382812,
115.40000000000001,1.2773590087890625,
115.5,1.2620315551757812,
115.59999999999999,1.26458740234375,
115.7,1.2850265502929688,
115.8,1.310577392578125,
115.90000000000001,1.3233489990234375,
116,1.3412322998046875,
116.09999999999999,1.364227294921875,
116.2,1.402557373046875,
116.3,1.4792022705078125,
116.40000000000001,1.5967330932617188,
116.5,1.8190155029296875,
116.59999999999999,2.0949554443359375,
116.7,2.3070220947265625,
116.8,2.5344161987304688,
116.90000000000001,2.8665695190429688,
117,3.2523727416992188,
117.09999999999999,3.599853515625,
117.2,3.886016845703125,
117.3,4.1568450927734375,
117.40000000000001,4.4430007934570312,
117.5,4.7087249755859375,
117.59999999999999,4.9488906860351562,
117.7,5.1941757202148438,
117.8,5.4777755737304688,
117.90000000000001,5.78948974609375,
118,6.0858688354492188,
118.09999999999999,6.3541412353515625,
118.2,6.6198654174804688,
118.3,6.89324951171875,
118.40000000000001,7.158966064453125,
118.5,7.4093551635742188,
118.59999999999999,7.6776351928710938,
118.7,8.0072250366210938,
118.8,8.36492919921875,
118.90000000000001,8.612762451171875,
119,8.6153182983398438,
119.09999999999999,8.36492919921875,
119.2,7.933135986328125,
119.3,7.4783401489257812,
119.40000000000001,7.1002044677734375,
119.5,6.7782745361328125,
119.59999999999999,6.5176620483398438,
119.7,6.3260421752929688,
119.8,6.1957321166992188,
119.90000000000001,6.093536376953125,
120,5.9887771606445312,4.7468352317810059
120.09999999999999,5.8559188842773438,
120.2,5.7000656127929688,
120.3,5.5620956420898438,
120.40000000000001,5.4547805786132812,
120.5,5.3347015380859375,
120.59999999999999,5.2197265625,
120.7,5.1379623413085938,
120.8,5.0740890502929688,
120.90000000000001,5.0357666015625,
121,4.9846649169921875,
121.09999999999999,4.9258956909179688,
121.2,4.8620223999023438,
121.3,4.7981491088867188,
121.40000000000001,4.713836669921875,
121.5,4.5733108520507812,
121.59999999999999,4.4583358764648438,
121.7,4.4251174926757812,
121.8,4.4634475708007812,
121.90000000000001,4.4966583251953125,
122,4.4506683349609375,
122.09999999999999,4.3842391967773438,
122.2,4.335693359375,
122.3,4.2871475219726562,
122.40000000000001,4.2181625366210938,
122.5,4.1312942504882812,
122.59999999999999,4.0546417236328125,
122.7,3.9422225952148438,
122.8,3.6509552001953125,
122.90000000000001,3.2396011352539062,
123,2.8844528198242188,
123.09999999999999,2.62384033203125,
123.2,2.4526596069335938,
123.3,2.3453521728515625,
123.40000000000001,2.25592041015625,
123.5,2.1256179809570312,
123.59999999999999,1.9825363159179688,
123.7,1.8650054931640625,
123.8,1.7525863647460938,
123.90000000000001,1.6350555419921875,
124,1.5251922607421875,
124.09999999999999,1.41021728515625,
124.2,1.2850265502929688,
124.3,1.1853790283203125,
124.40000000000001,1.1215057373046875,
124.5,1.0857315063476562,
124.59999999999999,1.0601806640625,
124.7,1.0244140625,
124.8,0.99375152587890625,
124.90000000000001,0.9886474609375,
125,0.9911956787109375,
125.09999999999999,0.996307373046875,
125.2,1.0014190673828125,
125.3,1.0039749145507812,
125.40000000000001,1.0193023681640625,
125.5,1.0397415161132812,
125.59999999999999,1.0627365112304688,
125.7,1.1138381958007812,
125.8,1.1777114868164062,
125.90000000000001,1.2134857177734375,
126,1.2466964721679688,
126.09999999999999,1.30035400390625,
126.2,1.346343994140625,
126.3,1.3693389892578125,
126.40000000000001,1.3718948364257812,
126.5,1.3616714477539062,
126.59999999999999,1.3540115356445312,
126.7,1.3514556884765625,
126.8,1.3616714477539062,
126.90000000000001,1.3667831420898438,
127,1.364227294921875,
127.09999999999999,1.3616714477539062,
127.2,1.364227294921875,
127.3,1.3693389892578125,
127.40000000000001,1.37445068359375,
127.5,1.3667831420898438,
127.59999999999999,1.3514556884765625,
127.7,1.33612060546875,
127.8,1.3386764526367188,
127.90000000000001,1.3616714477539062,
128,1.3974456787109375,
128.09999999999999,1.4357681274414062,
128.19999999999999,1.4996414184570312,
128.30000000000001,1.5609664916992188,
128.40000000000001,1.650390625,
128.5,1.8394622802734375,
128.59999999999999,2.1486129760742188,
128.69999999999999,2.4730987548828125,
128.80000000000001,2.743927001953125,
128.90000000000001,3.0454177856445312,
129,3.3545761108398438,
129.09999999999999,3.6535110473632812,
129.19999999999999,3.9677734375,
129.30000000000001,4.3024826049804688,
129.40000000000001,4.6448516845703125,
129.5,4.989776611328125,
129.59999999999999,5.31170654296875,
129.69999999999999,5.5978622436523438,
129.80000000000001,5.8610305786132812,
129.90000000000001,6.1957321166992188,
130,6.6888504028320312,5.1948051452636719
130.09999999999999,7.1768569946289062,
130.19999999999999,7.66485595703125,
130.30000000000001,8.2295150756835938,
130.40000000000001,8.6178741455078125,
130.5,8.796722412109375,
130.59999999999999,8.80694580078125,
130.69999999999999,8.7302932739257812,
130.80000000000001,8.651092529296875,
130.90000000000001,8.3777008056640625,
131,7.9407958984375,
131.09999999999999,7.4962310791015625,
131.19999999999999,7.0286636352539062,
131.30000000000001,6.63519287109375,
131.40000000000001,6.4129104614257812,
131.5,6.2800521850585938,
131.59999999999999,6.1625213623046875,
131.69999999999999,6.0705413818359375,
131.80000000000001,5.963226318359375,
131.90000000000001,5.8380355834960938,
132,5.6949539184570312,
132.09999999999999,5.5569839477539062,
132.19999999999999,5.4650039672851562,
132.30000000000001,5.4087905883789062,
132.40000000000001,5.3244781494140625,
132.5,5.1967315673828125,
132.59999999999999,5.099639892578125,
132.69999999999999,5.0664215087890625,
132.80000000000001,5.0204315185546875,
132.90000000000001,4.9310073852539062,
133,4.8466949462890625,
133.09999999999999,4.7700424194335938,
133.19999999999999,4.6601791381835938,
133.30000000000001,4.5324325561523438,
133.40000000000001,4.4123458862304688,
133.5,4.289703369140625,
133.59999999999999,4.1875076293945312,
133.69999999999999,4.1210708618164062,
133.80000000000001,4.0725326538085938,
133.90000000000001,3.9754409790039062,
134,3.811920166015625,
134.09999999999999,3.6688385009765625,
134.19999999999999,3.571746826171875,
134.30000000000001,3.4925460815429688,
134.40000000000001,3.4286651611328125,
134.5,3.3315811157226562,
134.59999999999999,3.1220703125,
134.69999999999999,2.84613037109375,
134.80000000000001,2.5957412719726562,
134.90000000000001,2.3708953857421875,
135,2.14605712890625,
135.09999999999999,1.916107177734375,
135.19999999999999,1.7168197631835938,
135.30000000000001,1.5788497924804688,
135.40000000000001,1.4996414184570312,
135.5,1.4434356689453125,
135.59999999999999,1.420440673828125,
135.69999999999999,1.420440673828125,
135.80000000000001,1.4178848266601562,
135.90000000000001,1.4153289794921875,
136,1.4153289794921875,
136.09999999999999,1.420440673828125,
136.19999999999999,1.4076614379882812,
136.30000000000001,1.37445068359375,
136.40000000000001,1.3437881469726562,
136.5,1.3259048461914062,
136.59999999999999,1.328460693359375,
136.69999999999999,1.3233489990234375,
136.80000000000001,1.3080215454101562,
136.90000000000001,1.2952423095703125,
137,1.2850265502929688,
137.09999999999999,1.282470703125,
137.19999999999999,1.2799148559570312,
137.30000000000001,1.2875823974609375,
137.40000000000001,1.2926864624023438,
137.5,1.2799148559570312,
137.59999999999999,1.2773590087890625,
137.69999999999999,1.2748031616210938,
137.80000000000001,1.2773590087890625,
137.90000000000001,1.2799148559570312,
138,1.282470703125,
138.09999999999999,1.2875823974609375,
138.19999999999999,1.290130615234375,
138.30000000000001,1.2926864624023438,
138.40000000000001,1.2952423095703125,
138.5,1.2952423095703125,
138.59999999999999,1.2773590087890625,
138.69999999999999,1.26458740234375,
138.80000000000001,1.2696914672851562,
138.90000000000001,1.2799148559570312,
139,1.290130615234375,
139.09999999999999,1.2926864624023438,
139.19999999999999,1.2952423095703125,
139.30000000000001,1.3029098510742188,
139.40000000000001,1.3054656982421875,
139.5,1.3080215454101562,
139.59999999999999,1.3054656982421875,
139.69999999999999,1.2850265502929688,
139.80000000000001,1.272247314453125,
139.90000000000001,1.2773590087890625,
140,1.290130615234375,5.1724138259887695
140.09999999999999,1.3029098510742188,
140.19999999999999,1.3080215454101562,
140.30000000000001,1.3131256103515625,
140.40000000000001,1.3259048461914062,
140.5,1.3437881469726562,
140.59999999999999,1.456207275390625,
140.69999999999999,1.7065963745117188,
140.80000000000001,2.0438613891601562,
140.90000000000001,2.38623046875,
141,2.6877212524414062,
141.09999999999999,3.0224227905273438,
141.19999999999999,3.4133377075195312,
141.30000000000001,3.794036865234375,
141.40000000000001,4.1185226440429688,
141.5,4.4327850341796875,
141.59999999999999,4.7547149658203125,
141.69999999999999,5.0689773559570312,
141.80000000000001,5.3628005981445312,
141.90000000000001,5.6566314697265625,
142,5.963226318359375,
142.09999999999999,6.28515625,
142.19999999999999,6.5815353393554688,
142.30000000000001,6.8319320678710938,
142.40000000000001,7.0542144775390625,
142.5,7.2279510498046875,
142.59999999999999,7.3403701782226562,
142.69999999999999,7.3914718627929688,
142.80000000000001,7.417022705078125,
142.90000000000001,7.4962310791015625,
143,7.565216064453125,
143.09999999999999,7.5319976806640625,
143.19999999999999,7.388916015625,
143.30000000000001,7.1717453002929688,
143.40000000000001,6.9903411865234375,
143.5,6.8498153686523438,
143.59999999999999,6.645416259765625,
143.69999999999999,6.3975753784179688,
143.80000000000001,6.1982879638671875,
143.90000000000001,6.111419677734375,
144,6.0756454467773438,
144.09999999999999,5.9938888549804688,
144.19999999999999,5.8661422729492188,
144.30000000000001,5.7486114501953125,
144.40000000000001,5.669403076171875,
144.5,5.6157455444335938,
144.59999999999999,5.6080856323242188,
144.69999999999999,5.6234130859375,
144.80000000000001,5.6029739379882812,
144.90000000000001,5.5186614990234375,
145,5.4190139770507812,
145.09999999999999,5.2887115478515625,
145.19999999999999,5.1149673461914062,
145.30000000000001,4.989776611328125,
145.40000000000001,4.9488906860351562,
145.5,4.9412307739257812,
145.59999999999999,4.9386749267578125,
145.69999999999999,4.9105682373046875,
145.80000000000001,4.8773574829101562,
145.90000000000001,4.9591140747070312,
146,5.1762924194335938,
146.09999999999999,5.3372573852539062,
146.19999999999999,5.3883514404296875,
146.30000000000001,5.4241256713867188,
146.40000000000001,5.4471206665039062,
146.5,5.5569839477539062,
146.59999999999999,5.6540756225585938,
146.69999999999999,5.439453125,
146.80000000000001,4.9258956909179688,
146.90000000000001,4.3254776000976562,
147,3.7889251708984375,
147.09999999999999,3.405670166015625,
147.19999999999999,3.1169586181640625,
147.30000000000001,2.8486862182617188,
147.40000000000001,2.5625228881835938,
147.5,2.2993621826171875,
147.59999999999999,2.128173828125,
147.69999999999999,2.0106430053710938,
147.80000000000001,1.898223876953125,
147.90000000000001,1.788360595703125,
148,1.6733856201171875,
148.09999999999999,1.5737380981445312,
148.19999999999999,1.502197265625,
148.30000000000001,1.4408798217773438,
148.40000000000001,1.3948898315429688,
148.5,1.37445068359375,
148.59999999999999,1.3514556884765625,
148.69999999999999,1.3182373046875,
148.80000000000001,1.282470703125,
148.90000000000001,1.244140625,
149,1.1879348754882812,
149.09999999999999,1.1291656494140625,
149.19999999999999,1.0933990478515625,
149.30000000000001,1.0755157470703125,
149.40000000000001,1.0729598999023438,
149.5,1.088287353515625,
149.59999999999999,1.1189498901367188,
149.69999999999999,1.1189498901367188,
149.80000000000001,1.0652923583984375,
149.90000000000001,1.0295257568359375,
150,1.0371856689453125,5.2128582000732422
150.09999999999999,1.0652923583984375,
150.19999999999999,1.0933990478515625,
150.30000000000001,1.1036224365234375,
150.40000000000001,1.1138381958007812,
150.5,1.1240615844726562,
150.59999999999999,1.13427734375,
150.69999999999999,1.1419448852539062,
150.80000000000001,1.15216064453125,
150.90000000000001,1.1598281860351562,
151,1.1572723388671875,
151.09999999999999,1.1572723388671875,
151.19999999999999,1.1649398803710938,
151.30000000000001,1.1828231811523438,
151.40000000000001,1.2007064819335938,
151.5,1.2083740234375,
151.59999999999999,1.2160415649414062,
151.69999999999999,1.2237014770507812,
151.80000000000001,1.236480712890625,
151.90000000000001,1.2671356201171875,
152,1.30035400390625,
152.09999999999999,1.3054656982421875,
152.19999999999999,1.282470703125,
152.30000000000001,1.2696914672851562,
152.40000000000001,1.2748031616210938,
152.5,1.290130615234375,
152.59999999999999,1.3259048461914062,
152.69999999999999,1.4792022705078125,
152.80000000000001,1.74237060546875,
152.90000000000001,1.9595413208007812,
153,2.1358413696289062,
153.09999999999999,2.3657913208007812,
153.19999999999999,2.6647262573242188,
153.30000000000001,2.945770263671875,
153.40000000000001,3.1987152099609375,
153.5,3.4951019287109375,
153.59999999999999,3.8093643188476562,
153.69999999999999,4.1210708618164062,
153.80000000000001,4.4353408813476562,
153.90000000000001,4.7266082763671875,
154,4.9974365234375,
154.09999999999999,5.2784881591796875,
154.19999999999999,5.559539794921875,
154.30000000000001,5.8329238891601562,
154.40000000000001,6.1037521362304688,
154.5,6.3950271606445312,
154.59999999999999,6.7195053100585938,
154.69999999999999,7.0439910888671875,
154.80000000000001,7.3480377197265625,
154.90000000000001,7.6367568969726562,
155,7.88714599609375,
155.09999999999999,8.07110595703125,
155.19999999999999,8.1860809326171875,
155.30000000000001,8.1937408447265625,
155.40000000000001,8.0455551147460938,
155.5,7.7568359375,
155.59999999999999,7.4400177001953125,
155.69999999999999,7.1155319213867188,
155.80000000000001,6.7399520874023438,
155.90000000000001,6.3720321655273438,
156,6.0960922241210938,
156.09999999999999,5.89935302734375,
156.19999999999999,5.697509765625,
156.30000000000001,5.467559814453125,
156.40000000000001,5.27337646484375,
156.5,5.1379623413085938,
156.59999999999999,5.0485382080078125,
156.69999999999999,4.9821090698242188,
156.80000000000001,4.9131240844726562,
156.90000000000001,4.8569107055664062,
157,4.79559326171875,
157.09999999999999,4.7444915771484375,
157.19999999999999,4.72149658203125,
157.30000000000001,4.6831741333007812,
157.40000000000001,4.6269607543945312,
157.5,4.57586669921875,
157.59999999999999,4.5196533203125,
157.69999999999999,4.4634475708007812,
157.80000000000001,4.4225616455078125,
157.90000000000001,4.381683349609375,
158,4.3331375122070312,
158.09999999999999,4.2743759155273438,
158.19999999999999,4.2105026245117188,
158.30000000000001,4.1466217041015625,
158.40000000000001,4.0904159545898438,
158.5,3.995880126953125,
158.59999999999999,3.8681259155273438,
158.69999999999999,3.7224960327148438,
158.80000000000001,3.5155410766601562,
158.90000000000001,3.260040283203125,
159,3.01220703125,
159.09999999999999,2.7694778442382812,
159.19999999999999,2.5318603515625,
159.30000000000001,2.3325729370117188,
159.40000000000001,2.1716079711914062,
159.5,2.0540771484375,
159.59999999999999,1.9876480102539062,
159.69999999999999,1.92633056640625,
159.80000000000001,1.8317947387695312,
159.90000000000001,1.7219314575195312,
160,1.6248397827148438,4.858299732208252
160.09999999999999,1.5328598022460938,
160.19999999999999,1.44854736328125,
160.30000000000001,1.3795623779296875,
160.40000000000001,1.3080215454101562,
160.5,1.2415924072265625,
160.59999999999999,1.1956024169921875,
160.69999999999999,1.1700515747070312,
160.80000000000001,1.162384033203125,
160.90000000000001,1.1649398803710938,
161,1.1649398803710938,
161.09999999999999,1.1700515747070312,
161.19999999999999,1.1828231811523438,
161.30000000000001,1.2109298706054688,
161.40000000000001,1.2390365600585938,
161.5,1.2696914672851562,
161.59999999999999,1.2926864624023438,
161.69999999999999,1.2926864624023438,
161.80000000000001,1.2850265502929688,
161.90000000000001,1.282470703125,
162,1.2850265502929688,
162.09999999999999,1.2875823974609375,
162.19999999999999,1.290130615234375,
162.30000000000001,1.282470703125,
162.40000000000001,1.272247314453125,
162.5,1.2875823974609375,
162.59999999999999,1.3156814575195312,
162.69999999999999,1.3335723876953125,
162.80000000000001,1.328460693359375,
162.90000000000001,1.3182373046875,
163,1.3233489990234375,
163.09999999999999,1.346343994140625,
163.19999999999999,1.3667831420898438,
163.30000000000001,1.3667831420898438,
163.40000000000001,1.3770065307617188,
163.5,1.37445068359375,
163.59999999999999,1.3514556884765625,
163.69999999999999,1.3412322998046875,
163.80000000000001,1.3540115356445312,
163.90000000000001,1.3846664428710938,
164,1.4306564331054688,
164.09999999999999,1.4868698120117188,
164.19999999999999,1.5635223388671875,
164.30000000000001,1.6657180786132812,
164.40000000000001,1.7985763549804688,
164.5,2.0387496948242188,
164.59999999999999,2.3606796264648438,
164.69999999999999,2.66217041015625,
164.80000000000001,2.9508819580078125,
164.90000000000001,3.2728118896484375,
165,3.6330718994140625,
165.09999999999999,4.0163192749023438,
165.19999999999999,4.4174575805664062,
165.30000000000001,4.8364715576171875,
165.40000000000001,5.2452774047851562,
165.5,5.5927505493164062,
165.59999999999999,5.9019088745117188,
165.69999999999999,6.1982879638671875,
165.80000000000001,6.4589004516601562,
165.90000000000001,6.7425003051757812,
166,7.11297607421875,
166.09999999999999,7.5141143798828125,
166.19999999999999,7.876922607421875,
166.30000000000001,8.1017608642578125,
166.40000000000001,8.1554183959960938,
166.5,8.1017608642578125,
166.59999999999999,8.0506668090820312,
166.69999999999999,7.8181610107421875,
166.80000000000001,7.3173751831054688,
166.90000000000001,6.829376220703125,
167,6.497222900390625,
167.09999999999999,6.2596054077148438,
167.19999999999999,6.037322998046875,
167.30000000000001,5.8329238891601562,
167.40000000000001,5.6566314697265625,
167.5,5.54931640625,
167.59999999999999,5.5058822631835938,
167.69999999999999,5.4624481201171875,
167.80000000000001,5.3832473754882812,
167.90000000000001,5.2810440063476562,
168,5.181396484375,
168.09999999999999,5.081756591796875,
168.19999999999999,4.9769973754882812,
168.30000000000001,4.8824615478515625,
168.40000000000001,4.7802658081054688,
168.5,4.6474075317382812,
168.59999999999999,4.4992141723632812,
168.69999999999999,4.3842391967773438,
168.80000000000001,4.2845916748046875,
168.90000000000001,4.1287384033203125,
169,3.9754409790039062,
169.09999999999999,3.8885726928710938,
169.19999999999999,3.8349151611328125,
169.30000000000001,3.794036865234375,
169.40000000000001,3.7454910278320312,
169.5,3.6841659545898438,
169.59999999999999,3.627960205078125,
169.69999999999999,3.5972976684570312,
169.80000000000001,3.5691909790039062,
169.90000000000001,3.5308685302734375,
170,3.4951019287109375,5.1413884162902832
170.09999999999999,3.4516677856445312,
170.19999999999999,3.3571319580078125,
170.30000000000001,3.1936111450195312,
170.40000000000001,2.9713211059570312,
170.5,2.7337112426757812,
170.59999999999999,2.5318603515625,
170.69999999999999,2.3427963256835938,
170.80000000000001,2.1588363647460938,
170.90000000000001,1.9978713989257812,
171,1.880340576171875,
171.09999999999999,1.7934722900390625,
171.19999999999999,1.7295913696289062,
171.30000000000001,1.6733856201171875,
171.40000000000001,1.6197280883789062,
171.5,1.5507431030273438,
171.59999999999999,1.4817581176757812,
171.69999999999999,1.4332122802734375,
171.80000000000001,1.392333984375,
171.90000000000001,1.3540115356445312,
172,1.3259048461914062,
172.09999999999999,1.2926864624023438,
172.19999999999999,1.244140625,
172.30000000000001,1.2032623291015625,
172.40000000000001,1.2058181762695312,
172.5,1.2390365600585938,
172.59999999999999,1.2799148559570312,
172.69999999999999,1.30035400390625,
172.80000000000001,1.3029098510742188,
172.90000000000001,1.3054656982421875,
173,1.3131256103515625,
173.09999999999999,1.3233489990234375,
173.19999999999999,1.3412322998046875,
173.30000000000001,1.3693389892578125,
173.40000000000001,1.37445068359375,
173.5,1.364227294921875,
173.59999999999999,1.3437881469726562,
173.69999999999999,1.33612060546875,
173.80000000000001,1.3488998413085938,
173.90000000000001,1.3565673828125,
174,1.3565673828125,
174.09999999999999,1.3591156005859375,
174.19999999999999,1.3540115356445312,
174.30000000000001,1.3565673828125,
174.40000000000001,1.3565673828125,
174.5,1.3386764526367188,
174.59999999999999,1.3207931518554688,
174.69999999999999,1.3182373046875,
174.80000000000001,1.328460693359375,
174.90000000000001,1.3386764526367188,
175,1.3437881469726562,
175.09999999999999,1.3540115356445312,
175.19999999999999,1.3846664428710938,
175.30000000000001,1.4153289794921875,
175.40000000000001,1.4281005859375,
175.5,1.4281005859375,
175.59999999999999,1.4051055908203125,
175.69999999999999,1.382110595703125,
175.80000000000001,1.3872222900390625,
175.90000000000001,1.4127731323242188,
176,1.586517333984375,
176.09999999999999,1.9442138671875,
176.19999999999999,2.2635879516601562,
176.30000000000001,2.542083740234375,
176.40000000000001,2.9611053466796875,
176.5,3.5002059936523438,
176.59999999999999,3.9550018310546875,
176.69999999999999,4.2769317626953125,
176.80000000000001,4.5963058471679688,
176.90000000000001,4.933563232421875,
177,5.301483154296875,
177.09999999999999,5.6642913818359375,
177.19999999999999,5.9197921752929688,
177.30000000000001,6.0526504516601562,
177.40000000000001,6.2059555053710938,
177.5,6.3924713134765625,
177.59999999999999,6.553436279296875,
177.69999999999999,6.7246170043945312,
177.80000000000001,7.049102783203125,
177.90000000000001,7.4195785522460938,
178,7.6776351928710938,
178.09999999999999,7.8386001586914062,
178.19999999999999,7.841156005859375,
178.30000000000001,7.6214218139648438,
178.40000000000001,7.4655685424804688,
178.5,7.5498809814453125,
178.59999999999999,7.7134017944335938,
178.69999999999999,7.7593917846679688,
178.80000000000001,7.526885986328125,
178.90000000000001,7.1845169067382812,
179,6.9545669555664062,
179.09999999999999,6.7041778564453125,
179.19999999999999,6.3796920776367188,
179.30000000000001,6.147186279296875,
179.40000000000001,5.9964447021484375,
179.5,5.8686904907226562,
179.59999999999999,5.7383880615234375,
179.69999999999999,5.577423095703125,
179.80000000000001,5.3985748291015625,
179.90000000000001,5.1992874145507812,
180,5.0127716064453125,5.2447552680969238
180.09999999999999,4.8901290893554688,
180.19999999999999,4.7981491088867188,
180.30000000000001,4.6933975219726562,
180.40000000000001,4.5784225463867188,
180.5,4.4711074829101562,
180.59999999999999,4.4174575805664062,
180.69999999999999,4.3893508911132812,
180.80000000000001,4.3280258178710938,
180.90000000000001,4.2692642211914062,
181,4.2283859252929688,
181.09999999999999,4.1670608520507812,
181.19999999999999,4.0980758666992188,
181.30000000000001,4.0469818115234375,
181.40000000000001,3.9933242797851562,
181.5,3.9115676879882812,
181.59999999999999,3.829803466796875,
181.69999999999999,3.7735977172851562,
181.80000000000001,3.7224960327148438,
181.90000000000001,3.6432876586914062,
182,3.5615310668945312,
182.09999999999999,3.535980224609375,
182.19999999999999,3.5385360717773438,
182.30000000000001,3.4746627807617188,
182.40000000000001,3.3162460327148438,
182.5,3.0862960815429688,
182.59999999999999,2.853790283203125,
182.69999999999999,2.6493911743164062,
182.80000000000001,2.4475479125976562,
182.90000000000001,2.248260498046875,
183,2.0949554443359375,
183.09999999999999,2.0924072265625,
183.19999999999999,2.1971588134765625,
183.30000000000001,2.2227096557617188,
183.40000000000001,2.2124862670898438,
183.5,2.3453521728515625,
183.59999999999999,2.5012054443359375,
183.69999999999999,2.51397705078125,
183.80000000000001,2.4654312133789062,
183.90000000000001,2.3990020751953125,
184,2.2635879516601562,
184.09999999999999,2.0515213012695312,
184.19999999999999,1.842010498046875,
184.30000000000001,1.6836013793945312,
184.40000000000001,1.5609664916992188,
184.5,1.4587631225585938,
184.59999999999999,1.382110595703125,
184.69999999999999,1.3310165405273438,
184.80000000000001,1.2977981567382812,
184.90000000000001,1.2594757080078125,
185,1.2211456298828125,
185.09999999999999,1.2007064819335938,
185.19999999999999,1.1956024169921875,
185.30000000000001,1.2058181762695312,
185.40000000000001,1.2339248657226562,
185.5,1.2569198608398438,
185.59999999999999,1.272247314453125,
185.69999999999999,1.2773590087890625,
185.80000000000001,1.282470703125,
185.90000000000001,1.290130615234375,
186,1.30035400390625,
186.09999999999999,1.3080215454101562,
186.19999999999999,1.3156814575195312,
186.30000000000001,1.3080215454101562,
186.40000000000001,1.2799148559570312,
186.5,1.2671356201171875,
186.59999999999999,1.2748031616210938,
186.69999999999999,1.2926864624023438,
186.80000000000001,1.3029098510742188,
186.90000000000001,1.310577392578125,
187,1.3156814575195312,
187.09999999999999,1.3182373046875,
187.19999999999999,1.3131256103515625,
187.30000000000001,1.3080215454101562,
187.40000000000001,1.2875823974609375,
187.5,1.26458740234375,
187.59999999999999,1.2620315551757812,
187.69999999999999,1.2773590087890625,
187.80000000000001,1.2977981567382812,
187.90000000000001,1.3233489990234375,
188,1.3591156005859375,
188.09999999999999,1.4051055908203125,
188.19999999999999,1.4613189697265625,
188.30000000000001,1.530303955078125,
188.40000000000001,1.6733856201171875,
188.5,2.0796279907226562,
188.59999999999999,2.651947021484375,
188.69999999999999,3.1450653076171875,
188.80000000000001,3.5691909790039062,
188.90000000000001,3.9626617431640625,
189,4.3280258178710938,
189.09999999999999,4.68572998046875,
189.19999999999999,5.0587615966796875,
189.30000000000001,5.4777755737304688,
189.40000000000001,5.9657821655273438,
189.5,6.4435653686523438,
189.59999999999999,6.8395919799804688,
189.69999999999999,7.2253952026367188,
189.80000000000001,7.7210693359375,
189.90000000000001,8.170745849609375,
190,8.4722366333007812,5.0847454071044922
190.09999999999999,8.6178741455078125,
190.19999999999999,8.4160308837890625,
190.30000000000001,7.9816818237304688,
190.40000000000001,7.6878509521484375,
190.5,7.6444168090820312,
190.59999999999999,7.600982666015625,
190.69999999999999,7.3301544189453125,
190.80000000000001,6.9060211181640625,
190.90000000000001,6.5917587280273438,
191,6.3490371704101562,
191.09999999999999,6.1599655151367188,
191.19999999999999,6.1190872192382812,
191.30000000000001,6.0858688354492188,
191.40000000000001,6.0909805297851562,
191.5,6.19317626953125,
191.59999999999999,6.3337020874023438,
191.69999999999999,6.3848037719726562,
191.80000000000001,6.2570571899414062,
191.90000000000001,6.0679855346679688,
192,5.8584747314453125,
192.09999999999999,5.6642913818359375,
192.19999999999999,5.5339889526367188,
192.30000000000001,5.449676513671875,
192.40000000000001,5.3628005981445312,
192.5,5.2682723999023438,
192.59999999999999,5.1967315673828125,
192.69999999999999,5.1379623413085938,
192.80000000000001,5.0638656616210938,
192.90000000000001,4.97955322265625,
193,4.9003524780273438,
193.09999999999999,4.841583251953125,
193.19999999999999,4.8390274047851562,
193.30000000000001,4.8671340942382812,
193.40000000000001,4.8824615478515625,
193.5,4.8773574829101562,
193.59999999999999,4.823699951171875,
193.69999999999999,4.749603271484375,
193.80000000000001,4.7061691284179688,
193.90000000000001,4.6933975219726562,
194,4.6601791381835938,
194.09999999999999,4.57586669921875,
194.19999999999999,4.4353408813476562,
194.30000000000001,4.2743759155273438,
194.40000000000001,4.0929718017578125,
194.5,3.7991409301757812,
194.59999999999999,3.39801025390625,
194.69999999999999,3.01220703125,
194.80000000000001,2.7107162475585938,
194.90000000000001,2.4654312133789062,
195,2.2508163452148438,
195.09999999999999,2.03619384765625,
195.19999999999999,1.8292388916015625,
195.30000000000001,1.6708297729492188,
195.40000000000001,1.5762939453125,
195.5,1.512420654296875,
195.59999999999999,1.4664306640625,
195.69999999999999,1.4459915161132812,
195.80000000000001,1.4281005859375,
195.90000000000001,1.3872222900390625,
196,1.3514556884765625,
196.09999999999999,1.3335723876953125,
196.19999999999999,1.3412322998046875,
196.30000000000001,1.310577392578125,
196.40000000000001,1.2211456298828125,
196.5,1.1419448852539062,
196.59999999999999,1.106170654296875,
196.69999999999999,1.1036224365234375,
196.80000000000001,1.0985107421875,
196.90000000000001,1.0933990478515625,
197,1.0678482055664062,
197.09999999999999,1.0218582153320312,
197.19999999999999,0.98097991943359375,
197.30000000000001,0.95798492431640625,
197.40000000000001,0.95287322998046875,
197.5,0.95287322998046875,
197.59999999999999,0.960540771484375,
197.69999999999999,0.9733123779296875,
197.80000000000001,0.98609161376953125,
197.90000000000001,1.0014190673828125,
198,1.014190673828125,
198.09999999999999,1.0244140625,
198.19999999999999,1.0218582153320312,
198.30000000000001,1.0167465209960938,
198.40000000000001,1.0167465209960938,
198.5,1.0269699096679688,
198.59999999999999,1.0371856689453125,
198.69999999999999,1.0474090576171875,
198.80000000000001,1.0601806640625,
198.90000000000001,1.070404052734375,
199,1.0755157470703125,
199.09999999999999,1.0831756591796875,
199.19999999999999,1.0908432006835938,
199.30000000000001,1.0831756591796875,
199.40000000000001,1.0755157470703125,
199.5,1.088287353515625,
199.59999999999999,1.1138381958007812,
199.69999999999999,1.1393890380859375,
199.80000000000001,1.1547164916992188,
199.90000000000001,1.1598281860351562,
200,1.1598281860351562,5.0251255035400391
200.09999999999999,1.1547164916992188,
200.19999999999999,1.15216064453125,
200.30000000000001,1.15216064453125,
200.40000000000001,1.1496124267578125,
200.5,1.1777114868164062,
200.59999999999999,1.4408798217773438,
200.69999999999999,1.7679214477539062,
200.80000000000001,1.9825363159179688,
200.90000000000001,2.2789154052734375,
201,2.66217041015625,
201.09999999999999,3.0530853271484375,
201.19999999999999,3.4312210083007812,
201.30000000000001,3.8068084716796875,
201.40000000000001,4.2053909301757812,
201.5,4.5988616943359375,
201.59999999999999,4.9718856811523438,
201.69999999999999,5.3372573852539062,
201.80000000000001,5.6770706176757812,
201.90000000000001,5.9913330078125,
202,6.2110671997070312,
202.09999999999999,6.3260421752929688,
202.19999999999999,6.4716720581054688,
202.30000000000001,6.80126953125,
202.40000000000001,7.2407302856445312,
202.5,7.5779876708984375,
202.59999999999999,7.7721710205078125,
202.69999999999999,7.9101409912109375,
202.80000000000001,7.9024734497070312,
202.90000000000001,7.9024734497070312,
203,8.0506668090820312,
203.09999999999999,8.0634384155273438,
203.19999999999999,7.784942626953125,
203.30000000000001,7.4195785522460938,
203.40000000000001,7.233062744140625,
203.5,7.1257553100585938,
203.59999999999999,6.9443511962890625,
203.69999999999999,6.7144012451171875,
203.80000000000001,6.4537887573242188,
203.90000000000001,6.1318588256835938,
204,5.761383056640625,
204.09999999999999,5.449676513671875,
204.19999999999999,5.2554931640625,
204.30000000000001,5.135406494140625,
204.40000000000001,5.0766448974609375,
204.5,5.0280990600585938,
204.59999999999999,4.951446533203125,
204.69999999999999,4.8671340942382812,
204.80000000000001,4.7853775024414062,
204.90000000000001,4.6985015869140625,
205,4.6141891479492188,
205.09999999999999,4.5196533203125,
205.19999999999999,4.42767333984375,
205.30000000000001,4.3305816650390625,
205.40000000000001,4.24371337890625,
205.5,4.2053909301757812,
205.59999999999999,4.1926116943359375,
205.69999999999999,4.1466217041015625,
205.80000000000001,4.0853042602539062,
205.90000000000001,4.0648651123046875,
206,4.0495376586914062,
206.09999999999999,4.0188751220703125,
206.19999999999999,3.9754409790039062,
206.30000000000001,3.9013442993164062,
206.40000000000001,3.7812576293945312,
206.5,3.5564193725585938,
206.59999999999999,3.2804794311523438,
206.69999999999999,3.01220703125,
206.80000000000001,2.7592620849609375,
206.90000000000001,2.5344161987304688,
207,2.3376846313476562,
207.09999999999999,2.1818313598632812,
207.19999999999999,2.0566329956054688,
207.30000000000001,1.9467697143554688,
207.40000000000001,1.8215713500976562,
207.5,1.6555023193359375,
207.59999999999999,1.5609664916992188,
207.69999999999999,1.566070556640625,
207.80000000000001,1.6427230834960938,
207.90000000000001,1.6887130737304688,
208,1.7091522216796875,
208.09999999999999,1.7525863647460938,
208.19999999999999,1.8190155029296875,
208.30000000000001,1.9007797241210938,
208.40000000000001,1.9672088623046875,
208.5,1.9493255615234375,
208.59999999999999,1.9672088623046875,
208.69999999999999,1.97998046875,
208.80000000000001,1.8599014282226562,
208.90000000000001,1.6989364624023438,
209,1.566070556640625,
209.09999999999999,1.4792022705078125,
209.19999999999999,1.4153289794921875,
209.30000000000001,1.3667831420898438,
209.40000000000001,1.3310165405273438,
209.5,1.3131256103515625,
209.59999999999999,1.3080215454101562,
209.69999999999999,1.310577392578125,
209.80000000000001,1.30035400390625,
209.90000000000001,1.2671356201171875,
210,1.244140625,5.2038159370422363
210.09999999999999,1.2518081665039062,
210.19999999999999,1.272247314453125,
210.30000000000001,1.2977981567382812,
210.40000000000001,1.3259048461914062,
210.5,1.3693389892578125,
210.59999999999999,1.4153289794921875,
210.69999999999999,1.4332122802734375,
210.80000000000001,1.4229965209960938,
210.90000000000001,1.4153289794921875,
211,1.392333984375,
211.09999999999999,1.3616714477539062,
211.19999999999999,1.3514556884765625,
211.30000000000001,1.3591156005859375,
211.40000000000001,1.3693389892578125,
211.5,1.37445068359375,
211.59999999999999,1.3770065307617188,
211.69999999999999,1.3974456787109375,
211.80000000000001,1.4434356689453125,
211.90000000000001,1.512420654296875,
212,1.6555023193359375,
212.09999999999999,1.8036880493164062,
212.19999999999999,1.8828964233398438,
212.30000000000001,2.1077346801757812,
212.40000000000001,2.5829620361328125,
212.5,3.0888519287109375,
212.59999999999999,3.5053176879882812,
212.69999999999999,3.903900146484375,
212.80000000000001,4.3152542114257812,
212.90000000000001,4.7163925170898438,
213,5.1047515869140625,
213.09999999999999,5.4420089721679688,
213.19999999999999,5.7230606079101562,
213.30000000000001,6.0501022338867188,
213.40000000000001,6.4921112060546875,
213.5,7.1002044677734375,
213.59999999999999,7.6520843505859375,
213.69999999999999,7.986785888671875,
213.80000000000001,8.2397308349609375,
213.90000000000001,8.2473983764648438,
214,8.1145401000976562,
214.09999999999999,8.2882766723632812,
214.19999999999999,8.668975830078125,
214.30000000000001,8.7558441162109375,
214.40000000000001,8.3853683471679688,
214.5,7.8437118530273438,
214.59999999999999,7.37103271484375,
214.69999999999999,7.07720947265625,
214.80000000000001,7.1564102172851562,
214.90000000000001,7.342926025390625,
215,7.2381744384765625,
215.09999999999999,6.9724502563476562,
215.19999999999999,6.7067337036132812,
215.30000000000001,6.4870071411132812,
215.40000000000001,6.295379638671875,
215.5,6.1420822143554688,
215.59999999999999,6.0245513916015625,
215.69999999999999,5.917236328125,
215.80000000000001,5.835479736328125,
215.90000000000001,5.7664947509765625,
216,5.7383880615234375,
216.09999999999999,5.697509765625,
216.19999999999999,5.5825347900390625,
216.30000000000001,5.4471206665039062,
216.40000000000001,5.3270339965820312,
216.5,5.227386474609375,
216.59999999999999,5.1226348876953125,
216.69999999999999,5.0357666015625,
216.80000000000001,4.9821090698242188,
216.90000000000001,4.9284515380859375,
217,4.8466949462890625,
217.09999999999999,4.6959457397460938,
217.19999999999999,4.547760009765625,
217.30000000000001,4.455780029296875,
217.40000000000001,4.381683349609375,
217.5,4.2973709106445312,
217.59999999999999,4.2283859252929688,
217.69999999999999,4.1568450927734375,
217.80000000000001,4.0904159545898438,
217.90000000000001,4.0163192749023438,
218,3.8987884521484375,
218.09999999999999,3.6892776489257812,
218.19999999999999,3.3750152587890625,
218.30000000000001,3.0607452392578125,
218.40000000000001,2.7694778442382812,
218.5,2.485870361328125,
218.59999999999999,2.2584762573242188,
218.69999999999999,2.0975112915039062,
218.80000000000001,1.9774322509765625,
218.90000000000001,1.8599014282226562,
219,1.7576980590820312,
219.09999999999999,1.6887130737304688,
219.19999999999999,1.6171722412109375,
219.30000000000001,1.52008056640625,
219.40000000000001,1.420440673828125,
219.5,1.3693389892578125,
219.59999999999999,1.346343994140625,
219.69999999999999,1.3080215454101562,
219.80000000000001,1.2620315551757812,
219.90000000000001,1.2237014770507812,
220,1.19049072265625,4.9710025787353516
220.09999999999999,1.1572723388671875,
220.19999999999999,1.126617431640625,
220.30000000000001,1.106170654296875,
220.40000000000001,1.1010665893554688,
220.5,1.1112823486328125,
220.59999999999999,1.1419448852539062,
220.69999999999999,1.180267333984375,
220.80000000000001,1.1751556396484375,
220.90000000000001,1.1368331909179688,
221,1.1112823486328125,
221.09999999999999,1.1010665893554688,
221.19999999999999,1.1087265014648438,
221.30000000000001,1.1419448852539062,
221.40000000000001,1.180267333984375,
221.5,1.2058181762695312,
221.59999999999999,1.2160415649414062,
221.69999999999999,1.2313690185546875,
221.80000000000001,1.244140625,
221.90000000000001,1.2466964721679688,
222,1.2415924072265625,
222.09999999999999,1.218597412109375,
222.19999999999999,1.2109298706054688,
222.30000000000001,1.2211456298828125,
222.40000000000001,1.2390365600585938,
222.5,1.254364013671875,
222.59999999999999,1.2569198608398438,
222.69999999999999,1.26458740234375,
222.80000000000001,1.282470703125,
222.90000000000001,1.290130615234375,
223,1.2850265502929688,
223.09999999999999,1.2748031616210938,
223.19999999999999,1.2313690185546875,
223.30000000000001,1.1879348754882812,
223.40000000000001,1.1930465698242188,
223.5,1.2109298706054688,
223.59999999999999,1.2237014770507812,
223.69999999999999,1.2415924072265625,
223.80000000000001,1.26458740234375,
223.90000000000001,1.310577392578125,
224,1.3846664428710938,
224.09999999999999,1.4536514282226562,
224.19999999999999,1.5175323486328125,
224.30000000000001,1.5686264038085938,
224.40000000000001,1.566070556640625,
224.5,1.7628097534179688,
224.59999999999999,2.2635879516601562,
224.69999999999999,2.782257080078125,
224.80000000000001,3.1936111450195312,
224.90000000000001,3.571746826171875,
225,3.9550018310546875,
225.09999999999999,4.3586883544921875,
225.19999999999999,4.767486572265625,
225.30000000000001,5.1609573364257812,
225.40000000000001,5.5391006469726562,
225.5,5.8840255737304688,
225.59999999999999,6.2059555053710938,
225.69999999999999,6.4921112060546875,
225.80000000000001,6.7016220092773438,
225.90000000000001,6.8089370727539062,
226,6.7961578369140625,
226.09999999999999,6.8574752807617188,
226.19999999999999,7.1155319213867188,
226.30000000000001,7.3863601684570312,
226.40000000000001,7.6086502075195312,
226.5,7.7823867797851562,
226.59999999999999,7.8309326171875,
226.69999999999999,7.7185134887695312,
226.80000000000001,7.4630126953125,
226.90000000000001,7.0337753295898438,
227,6.6198654174804688,
227.09999999999999,6.3643646240234375,
227.19999999999999,6.2059555053710938,
227.30000000000001,6.1446304321289062,
227.40000000000001,6.1139755249023438,
227.5,6.037322998046875,
227.59999999999999,5.8942413330078125,
227.69999999999999,5.7409439086914062,
227.80000000000001,5.6234130859375,
227.90000000000001,5.5212173461914062,
228,5.393463134765625,
228.09999999999999,5.283599853515625,
228.19999999999999,5.2222824096679688,
228.30000000000001,5.1379623413085938,
228.40000000000001,4.989776611328125,
228.5,4.8441390991210938,
228.59999999999999,4.7521591186523438,
228.69999999999999,4.6933975219726562,
228.80000000000001,4.621856689453125,
228.90000000000001,4.565643310546875,
229,4.5247650146484375,
229.09999999999999,4.4685516357421875,
229.19999999999999,4.3867950439453125,
229.30000000000001,4.3024826049804688,
229.40000000000001,4.24371337890625,
229.5,4.2130508422851562,
229.59999999999999,4.1951675415039062,
229.69999999999999,4.16961669921875,
229.80000000000001,4.1261825561523438,
229.90000000000001,4.07763671875,
230,4.0342025756835938,5.1063828468322754
230.09999999999999,3.9754409790039062,
230.19999999999999,3.9268951416015625,
230.30000000000001,3.8042526245117188,
230.40000000000001,3.5410919189453125,
230.5,3.2370452880859375,
230.59999999999999,2.973876953125,
230.69999999999999,2.7694778442382812,
230.80000000000001,2.5829620361328125,
230.90000000000001,2.4066696166992188,
231,2.2610321044921875,
231.09999999999999,2.1409454345703125,
231.19999999999999,2.025970458984375,
231.30000000000001,1.8828964233398438,
231.40000000000001,1.6912689208984375,
231.5,1.502197265625,
231.59999999999999,1.402557373046875,
231.69999999999999,1.382110595703125,
231.80000000000001,1.3667831420898438,
231.90000000000001,1.33612060546875,
232,1.3233489990234375,
232.09999999999999,1.3259048461914062,
232.19999999999999,1.33612060546875,
232.30000000000001,1.3616714477539062,
232.40000000000001,1.4127731323242188,
232.5,1.4434356689453125,
232.59999999999999,1.420440673828125,
232.69999999999999,1.3591156005859375,
232.80000000000001,1.282470703125,
232.90000000000001,1.2160415649414062,
233,1.1674957275390625,
233.09999999999999,1.1291656494140625,
233.19999999999999,1.0933990478515625,
233.30000000000001,1.0601806640625,
233.40000000000001,1.04229736328125,
233.5,1.0320816040039062,
233.59999999999999,1.0320816040039062,
233.69999999999999,1.0397415161132812,
233.80000000000001,1.04229736328125,
233.90000000000001,1.052520751953125,
234,1.0678482055664062,
234.09999999999999,1.0831756591796875,
234.19999999999999,1.1087265014648438,
234.30000000000001,1.1368331909179688,
234.40000000000001,1.1496124267578125,
234.5,1.1572723388671875,
234.59999999999999,1.172607421875,
234.69999999999999,1.1879348754882812,
234.80000000000001,1.1930465698242188,
234.90000000000001,1.1930465698242188,
235,1.1879348754882812,
235.09999999999999,1.172607421875,
235.19999999999999,1.1598281860351562,
235.30000000000001,1.162384033203125,
235.40000000000001,1.1751556396484375,
235.5,1.1828231811523438,
235.59999999999999,1.1853790283203125,
235.69999999999999,1.1930465698242188,
235.80000000000001,1.2083740234375,
235.90000000000001,1.2313690185546875,
236,1.2748031616210938,
236.09999999999999,1.3437881469726562,
236.19999999999999,1.4076614379882812,
236.30000000000001,1.5328598022460938,
236.40000000000001,1.66827392578125,
236.5,1.8471221923828125,
236.59999999999999,2.1946029663085938,
236.69999999999999,2.5727462768554688,
236.80000000000001,2.8870086669921875,
236.90000000000001,3.1808319091796875,
237,3.4874343872070312,
237.09999999999999,3.8195877075195312,
237.19999999999999,4.1772842407226562,
237.30000000000001,4.5528717041015625,
237.40000000000001,4.9131240844726562,
237.5,5.2606048583984375,
237.59999999999999,5.6183013916015625,
237.69999999999999,5.963226318359375,
237.80000000000001,6.2826004028320312,
237.90000000000001,6.5662078857421875,
238,6.8498153686523438,
238.09999999999999,7.2024002075195312,
238.19999999999999,7.5779876708984375,
238.30000000000001,8.0276718139648438,
238.40000000000001,8.4977874755859375,
238.5,8.73284912109375,
238.59999999999999,8.7200775146484375,
238.69999999999999,8.6332015991210938,
238.80000000000001,8.3981475830078125,
238.90000000000001,7.9586868286132812,
239,7.51922607421875,
239.09999999999999,7.1819610595703125,
239.19999999999999,6.9366836547851562,
239.30000000000001,6.6760711669921875,
239.40000000000001,6.4742279052734375,
239.5,6.2902679443359375,
239.59999999999999,6.1011962890625,
239.69999999999999,5.8789138793945312,
239.80000000000001,5.669403076171875,
239.90000000000001,5.5084381103515625,
240,5.357696533203125,4.9464139938354492
240.09999999999999,5.2120590209960938,
240.19999999999999,5.0766448974609375,
240.30000000000001,4.9718856811523438,
240.40000000000001,4.90545654296875,
240.5,4.8134765625,
240.59999999999999,4.6985015869140625,
240.69999999999999,4.5988616943359375,
240.80000000000001,4.50177001953125,
240.90000000000001,4.4097900390625,
241,4.3254776000976562,
241.09999999999999,4.2692642211914062,
241.19999999999999,4.215606689453125,
241.30000000000001,4.1364059448242188,
241.40000000000001,4.0546417236328125,
241.5,3.9677734375,
241.59999999999999,3.9064559936523438,
241.69999999999999,3.8630218505859375,
241.80000000000001,3.8068084716796875,
241.90000000000001,3.7633743286132812,
242,3.7301559448242188,
242.09999999999999,3.6867218017578125,
242.19999999999999,3.6356277465820312,
242.30000000000001,3.5691909790039062,
242.40000000000001,3.4848785400390625,
242.5,3.39801025390625,
242.59999999999999,3.2677001953125,
242.69999999999999,3.0786361694335938,
242.80000000000001,2.864013671875,
242.90000000000001,2.6493911743164062,
243,2.450103759765625,
243.09999999999999,2.2789154052734375,
243.19999999999999,2.1230621337890625,
243.30000000000001,1.972320556640625,
243.40000000000001,1.85223388671875,
243.5,1.7679214477539062,
243.59999999999999,1.6657180786132812,
243.69999999999999,1.5686264038085938,
243.80000000000001,1.5098648071289062,
243.90000000000001,1.4766464233398438,
244,1.4536514282226562,
244.09999999999999,1.4306564331054688,
244.19999999999999,1.3897781372070312,
244.30000000000001,1.346343994140625,
244.40000000000001,1.3335723876953125,
244.5,1.3233489990234375,
244.59999999999999,1.2875823974609375,
244.69999999999999,1.2288131713867188,
244.80000000000001,1.1496124267578125,
244.90000000000001,1.1010665893554688,
245,1.08062744140625,
245.09999999999999,1.0627365112304688,
245.19999999999999,1.04229736328125,
245.30000000000001,1.0320816040039062,
245.40000000000001,1.0371856689453125,
245.5,1.0448532104492188,
245.59999999999999,1.0601806640625,
245.69999999999999,1.0857315063476562,
245.80000000000001,1.106170654296875,
245.90000000000001,1.0985107421875,
246,1.0755157470703125,
246.09999999999999,1.0550765991210938,
246.19999999999999,1.0550765991210938,
246.30000000000001,1.0755157470703125,
246.40000000000001,1.106170654296875,
246.5,1.1317214965820312,
246.59999999999999,1.1470565795898438,
246.69999999999999,1.1547164916992188,
246.80000000000001,1.1572723388671875,
246.90000000000001,1.1598281860351562,
247,1.1547164916992188,
247.09999999999999,1.1368331909179688,
247.19999999999999,1.1240615844726562,
247.30000000000001,1.1291656494140625,
247.40000000000001,1.1496124267578125,
247.5,1.172607421875,
247.59999999999999,1.1930465698242188,
247.69999999999999,1.2160415649414062,
247.80000000000001,1.2492523193359375,
247.90000000000001,1.2773590087890625,
248,1.2926864624023438,
248.09999999999999,1.2926864624023438,
248.19999999999999,1.2748031616210938,
248.30000000000001,1.2594757080078125,
248.40000000000001,1.2518081665039062,
248.5,1.2594757080078125,
248.59999999999999,1.2748031616210938,
248.69999999999999,1.2875823974609375,
248.80000000000001,1.4715423583984375,
248.90000000000001,1.8726730346679688,
249,2.2712554931640625,
249.09999999999999,2.5753021240234375,
249.19999999999999,2.8384628295898438,
249.30000000000001,3.1195144653320312,
249.40000000000001,3.426116943359375,
249.5,3.7429351806640625,
249.59999999999999,4.0367584228515625,
249.69999999999999,4.363800048828125,
249.80000000000001,4.7266082763671875,
249.90000000000001,5.0766448974609375,
250,5.4190139770507812,5.1282052993774414
250.09999999999999,5.743499755859375,
250.19999999999999,6.0577621459960938,
250.30000000000001,6.3439254760742188,
250.40000000000001,6.6045303344726562,
250.5,6.8753662109375,
250.59999999999999,7.2253952026367188,
250.69999999999999,7.6852951049804688,
250.80000000000001,7.9893417358398438,
250.90000000000001,8.060882568359375,
251,8.18096923828125,
251.09999999999999,8.4977874755859375,
251.19999999999999,8.6613082885742188,
251.30000000000001,8.375152587890625,
251.40000000000001,7.8743667602539062,
251.5,7.4298019409179688,
251.59999999999999,7.1564102172851562,
251.69999999999999,6.957122802734375,
251.80000000000001,6.7399520874023438,
251.90000000000001,6.52532958984375,
252,6.2749404907226562,
252.09999999999999,6.0296554565429688,
252.19999999999999,5.8789138793945312,
252.30000000000001,5.7920455932617188,
252.40000000000001,5.7000656127929688,
252.5,5.5902023315429688,
252.59999999999999,5.4292373657226562,
252.69999999999999,5.2529373168945312,
252.80000000000001,5.173736572265625,
252.90000000000001,5.135406494140625,
253,5.0689773559570312,
253.09999999999999,4.9948806762695312,
253.19999999999999,4.9258956909179688,
253.30000000000001,4.8211441040039062,
253.40000000000001,4.6882858276367188,
253.5,4.6039657592773438,
253.59999999999999,4.59375,
253.69999999999999,4.61163330078125,
253.80000000000001,4.5988616943359375,
253.90000000000001,4.5554275512695312,
254,4.48388671875,
254.09999999999999,4.3867950439453125,
254.19999999999999,4.2845916748046875,
254.30000000000001,4.1364059448242188,
254.40000000000001,3.8962326049804688,
254.5,3.6228485107421875,
254.59999999999999,3.3673477172851562,
254.69999999999999,3.1220703125,
254.80000000000001,2.8895645141601562,
254.90000000000001,2.66217041015625,
255,2.4526596069335938,
255.09999999999999,2.2635879516601562,
255.19999999999999,2.0770721435546875,
255.30000000000001,1.9007797241210938,
255.40000000000001,1.7347030639648438,
255.5,1.5788497924804688,
255.59999999999999,1.4792022705078125,
255.69999999999999,1.4127731323242188,
255.80000000000001,1.3386764526367188,
255.90000000000001,1.2671356201171875,
256,1.2237014770507812,
256.10000000000002,1.2007064819335938,
256.19999999999999,1.162384033203125,
256.30000000000001,1.1036224365234375,
256.39999999999998,1.0116424560546875,
256.5,0.92987823486328125,
256.60000000000002,0.90688323974609375,
256.69999999999999,0.9196624755859375,
256.80000000000001,0.89666748046875,
256.89999999999998,0.85578155517578125,
257,0.83278656005859375,
257.10000000000002,0.8174591064453125,
257.19999999999999,0.84812164306640625,
257.30000000000001,0.904327392578125,
257.39999999999998,0.9452056884765625,
257.5,0.95798492431640625,
257.60000000000002,0.94776153564453125,
257.69999999999999,0.94010162353515625,
257.80000000000001,0.9452056884765625,
257.89999999999998,0.93498992919921875,
258,0.92987823486328125,
258.10000000000002,0.94776153564453125,
258.19999999999999,0.978424072265625,
258.30000000000001,1.0193023681640625,
258.39999999999998,1.0448532104492188,
258.5,1.0474090576171875,
258.60000000000002,1.0601806640625,
258.69999999999999,1.1010665893554688,
258.80000000000001,1.1470565795898438,
258.89999999999998,1.1879348754882812,
259,1.2134857177734375,
259.10000000000002,1.236480712890625,
259.19999999999999,1.2696914672851562,
259.30000000000001,1.2926864624023438,
259.39999999999998,1.3080215454101562,
259.5,1.3156814575195312,
259.60000000000002,1.3131256103515625,
259.69999999999999,1.3131256103515625,
259.80000000000001,1.3156814575195312,
259.89999999999998,1.3182373046875,
260,1.3233489990234375,4.7468352317810059
260.10000000000002,1.3156814575195312,
260.19999999999999,1.3029098510742188,
260.30000000000001,1.2977981567382812,
260.39999999999998,1.30035400390625,
260.5,1.30035400390625,
260.60000000000002,1.30035400390625,
260.69999999999999,1.3335723876953125,
260.80000000000001,1.438323974609375,
260.89999999999998,1.622283935546875,
261,1.8343505859375,
261.10000000000002,2.0336380004882812,
261.19999999999999,2.301910400390625,
261.30000000000001,2.644287109375,
261.39999999999998,2.973876953125,
261.5,3.277923583984375,
261.60000000000002,3.5691909790039062,
261.69999999999999,3.85791015625,
261.80000000000001,4.1542892456054688,
261.89999999999998,4.4685516357421875,
262,4.8032608032226562,
262.10000000000002,5.1405181884765625,
262.19999999999999,5.4777755737304688,
262.30000000000001,5.82525634765625,
262.39999999999998,6.1906204223632812,
262.5,6.5176620483398438,
262.60000000000002,6.7757186889648438,
262.69999999999999,6.9724502563476562,
262.80000000000001,7.1308670043945312,
262.89999999999998,7.2483901977539062,
263,7.2586135864257812,
263.10000000000002,7.2049560546875,
263.19999999999999,7.1896286010742188,
263.30000000000001,7.1385269165039062,
263.39999999999998,7.0337753295898438,
263.5,6.8447036743164062,
263.60000000000002,6.5329971313476562,
263.69999999999999,6.2110671997070312,
263.80000000000001,5.9581222534179688,
263.89999999999998,5.7869338989257812,
264,5.6540756225585938,
264.10000000000002,5.5467605590820312,
264.19999999999999,5.45733642578125,
264.30000000000001,5.32958984375,
264.39999999999998,5.191619873046875,
264.5,5.0970840454101562,
264.60000000000002,5.0332107543945312,
264.69999999999999,4.9463424682617188,
264.80000000000001,4.8441390991210938,
264.89999999999998,4.7393875122070312,
265,4.6320724487304688,
265.10000000000002,4.5273208618164062,
265.19999999999999,4.4506683349609375,
265.30000000000001,4.3689117431640625,
265.39999999999998,4.2769317626953125,
265.5,4.2334976196289062,
265.60000000000002,4.20794677734375,
265.69999999999999,4.1364059448242188,
265.80000000000001,4.0623092651367188,
265.89999999999998,3.98565673828125,
266,3.8962326049804688,
266.10000000000002,3.80169677734375,
266.19999999999999,3.6995010375976562,
266.30000000000001,3.6075210571289062,
266.39999999999998,3.4976577758789062,
266.5,3.3775711059570312,
266.60000000000002,3.3034744262695312,
266.69999999999999,3.2114944458007812,
266.80000000000001,3.0505294799804688,
266.89999999999998,2.8205795288085938,
267,2.5727462768554688,
267.10000000000002,2.3555679321289062,
267.19999999999999,2.1613922119140625,
267.30000000000001,2.018310546875,
267.39999999999998,1.9365463256835938,
267.5,1.9135513305664062,
267.60000000000002,1.9186630249023438,
267.69999999999999,1.916107177734375,
267.80000000000001,1.8854522705078125,
267.89999999999998,1.8266830444335938,
268,1.7372589111328125,
268.10000000000002,1.6146163940429688,
268.19999999999999,1.4510955810546875,
268.30000000000001,1.3054656982421875,
268.39999999999998,1.2211456298828125,
268.5,1.1828231811523438,
268.60000000000002,1.15216064453125,
268.69999999999999,1.1087265014648438,
268.80000000000001,1.0780715942382812,
268.89999999999998,1.0652923583984375,
269,1.0499649047851562,
269.10000000000002,1.0167465209960938,
269.19999999999999,0.9911956787109375,
269.30000000000001,0.9733123779296875,
269.39999999999998,0.97075653076171875,
269.5,1.0039749145507812,
269.60000000000002,1.0601806640625,
269.69999999999999,1.0933990478515625,
269.80000000000001,1.0985107421875,
269.89999999999998,1.1010665893554688,
270,1.11639404296875,5.2310376167297363
270.10000000000002,1.13427734375,
270.19999999999999,1.15216064453125,
270.30000000000001,1.172607421875,
270.39999999999998,1.1828231811523438,
270.5,1.1777114868164062,
270.60000000000002,1.1700515747070312,
270.69999999999999,1.1649398803710938,
270.80000000000001,1.1649398803710938,
270.89999999999998,1.1547164916992188,
271,1.1317214965820312,
271.10000000000002,1.1291656494140625,
271.19999999999999,1.1419448852539062,
271.30000000000001,1.162384033203125,
271.39999999999998,1.172607421875,
271.5,1.1674957275390625,
271.60000000000002,1.1649398803710938,
271.69999999999999,1.1700515747070312,
271.80000000000001,1.180267333984375,
271.89999999999998,1.1879348754882812,
272,1.1853790283203125,
272.10000000000002,1.162384033203125,
272.19999999999999,1.1317214965820312,
272.30000000000001,1.1240615844726562,
272.39999999999998,1.1470565795898438,
272.5,1.2007064819335938,
272.60000000000002,1.2492523193359375,
272.69999999999999,1.3054656982421875,
272.80000000000001,1.5430755615234375,
272.89999999999998,1.8956680297851562,
273,2.266143798828125,
273.10000000000002,2.6647262573242188,
273.19999999999999,3.0224227905273438,
273.30000000000001,3.3724594116210938,
273.39999999999998,3.7429351806640625,
273.5,4.1517333984375,
273.60000000000002,4.6193008422851562,
273.69999999999999,5.1021957397460938,
273.80000000000001,5.541656494140625,
273.89999999999998,5.9402313232421875,
274,6.3260421752929688,
274.10000000000002,6.7118453979492188,
274.19999999999999,7.0363311767578125,
274.30000000000001,7.4298019409179688,
274.39999999999998,7.8973617553710938,
274.5,8.134979248046875,
274.60000000000002,8.1681900024414062,
274.69999999999999,8.1426467895507812,
274.80000000000001,8.1835250854492188,
274.89999999999998,8.3572616577148438,
275,8.5105667114257812,
275.10000000000002,8.5744400024414062,
275.19999999999999,8.4236907958984375,
275.30000000000001,8.0276718139648438,
275.39999999999998,7.5856552124023438,
275.5,7.1666336059570312,
275.60000000000002,6.6377487182617188,
275.69999999999999,6.0449905395507812,
275.80000000000001,5.687286376953125,
275.89999999999998,5.5161056518554688,
276,5.3781356811523438,
276.10000000000002,5.2478256225585938,
276.19999999999999,5.1303024291992188,
276.30000000000001,5.0204315185546875,
276.39999999999998,4.9003524780273438,
276.5,4.7853775024414062,
276.60000000000002,4.7061691284179688,
276.69999999999999,4.6320724487304688,
276.80000000000001,4.5503158569335938,
276.89999999999998,4.4813308715820312,
277,4.4353408813476562,
277.10000000000002,4.3714675903320312,
277.19999999999999,4.2641525268554688,
277.30000000000001,4.16961669921875,
277.39999999999998,4.1517333984375,
277.5,4.1823959350585938,
277.60000000000002,4.1670608520507812,
277.69999999999999,4.115966796875,
277.80000000000001,4.05975341796875,
277.89999999999998,4.0086517333984375,
278,3.9192276000976562,
278.10000000000002,3.794036865234375,
278.19999999999999,3.6765060424804688,
278.30000000000001,3.5794143676757812,
278.39999999999998,3.4951019287109375,
278.5,3.39801025390625,
278.60000000000002,3.2549285888671875,
278.69999999999999,3.0147552490234375,
278.80000000000001,2.73626708984375,
278.89999999999998,2.4986495971679688,
279,2.284027099609375,
279.10000000000002,2.064300537109375,
279.19999999999999,1.8496780395507812,
279.30000000000001,1.6427230834960938,
279.39999999999998,1.456207275390625,
279.5,1.328460693359375,
279.60000000000002,1.2799148559570312,
279.69999999999999,1.2799148559570312,
279.80000000000001,1.2696914672851562,
279.89999999999998,1.2211456298828125,
280,1.1674957275390625,5.0251255035400391
280.10000000000002,1.1240615844726562,
280.19999999999999,1.0908432006835938,
280.30000000000001,1.0729598999023438,
280.39999999999998,1.1496124267578125,
280.5,1.2696914672851562,
280.60000000000002,1.30035400390625,
280.69999999999999,1.2926864624023438,
280.80000000000001,1.290130615234375,
280.89999999999998,1.2620315551757812,
281,1.22625732421875,
281.10000000000002,1.22625732421875,
281.19999999999999,1.2211456298828125,
281.30000000000001,1.2134857177734375,
281.39999999999998,1.2594757080078125,
281.5,1.2773590087890625,
281.60000000000002,1.2237014770507812,
281.69999999999999,1.1598281860351562,
281.80000000000001,1.106170654296875,
281.89999999999998,1.0755157470703125,
282,1.0601806640625,
282.10000000000002,1.0576324462890625,
282.19999999999999,1.052520751953125,
282.30000000000001,1.0474090576171875,
282.39999999999998,1.0320816040039062,
282.5,1.0014190673828125,
282.60000000000002,1.00653076171875,
282.69999999999999,1.0371856689453125,
282.80000000000001,1.0474090576171875,
282.89999999999998,1.0371856689453125,
283,1.0295257568359375,
283.10000000000002,1.0269699096679688,
283.19999999999999,1.0320816040039062,
283.30000000000001,1.0397415161132812,
283.39999999999998,1.0550765991210938,
283.5,1.0755157470703125,
283.60000000000002,1.0933990478515625,
283.69999999999999,1.1010665893554688,
283.80000000000001,1.106170654296875,
283.89999999999998,1.1036224365234375,
284,1.08062744140625,
284.10000000000002,1.0652923583984375,
284.19999999999999,1.0678482055664062,
284.30000000000001,1.0857315063476562,
284.39999999999998,1.1189498901367188,
284.5,1.2671356201171875,
284.60000000000002,1.6095123291015625,
284.69999999999999,1.9288864135742188,
284.80000000000001,2.1486129760742188,
284.89999999999998,2.3887863159179688,
285,2.644287109375,
285.10000000000002,2.9176712036132812,
285.19999999999999,3.2293777465820312,
285.30000000000001,3.5870819091796875,
285.39999999999998,3.9677734375,
285.5,4.3280258178710938,
285.60000000000002,4.6831741333007812,
285.69999999999999,5.0408706665039062,
285.80000000000001,5.3730239868164062,
285.89999999999998,5.6745147705078125,
286,5.9504547119140625,
286.10000000000002,6.2621612548828125,
286.19999999999999,6.5866470336914062,
286.30000000000001,6.8702545166015625,
286.39999999999998,7.059326171875,
286.5,7.0925369262695312,
286.60000000000002,7.1564102172851562,
286.69999999999999,7.3684768676757812,
286.80000000000001,7.5013351440429688,
286.89999999999998,7.4298019409179688,
287,7.3122711181640625,
287.10000000000002,7.15130615234375,
287.19999999999999,6.8881378173828125,
287.30000000000001,6.6658554077148438,
287.39999999999998,6.4946670532226562,
287.5,6.3209304809570312,
287.60000000000002,6.129302978515625,
287.69999999999999,5.917236328125,
287.80000000000001,5.7332763671875,
287.89999999999998,5.5902023315429688,
288,5.449676513671875,
288.10000000000002,5.319366455078125,
288.19999999999999,5.1941757202148438,
288.30000000000001,5.0613174438476562,
288.39999999999998,4.933563232421875,
288.5,4.7879257202148438,
288.60000000000002,4.657623291015625,
288.69999999999999,4.59375,
288.80000000000001,4.5503158569335938,
288.89999999999998,4.4813308715820312,
289,4.4097900390625,
289.10000000000002,4.3484725952148438,
289.19999999999999,4.2564926147460938,
289.30000000000001,4.1440658569335938,
289.39999999999998,4.0546417236328125,
289.5,3.9652175903320312,
289.60000000000002,3.8630218505859375,
289.69999999999999,3.7914810180664062,
289.80000000000001,3.7812576293945312,
289.89999999999998,3.8042526245117188,
290,3.7965927124023438,5.0335569381713867
290.10000000000002,3.7608184814453125,
290.19999999999999,3.7046127319335938,
290.30000000000001,3.6535110473632812,
290.39999999999998,3.6126327514648438,
290.5,3.5053176879882812,
290.60000000000002,3.2447052001953125,
290.69999999999999,2.874237060546875,
290.80000000000001,2.5165328979492188,
290.89999999999998,2.2252655029296875,
291,1.9774322509765625,
291.10000000000002,1.76025390625,
291.19999999999999,1.59417724609375,
291.30000000000001,1.494537353515625,
291.39999999999998,1.4357681274414062,
291.5,1.3846664428710938,
291.60000000000002,1.3335723876953125,
291.69999999999999,1.2518081665039062,
291.80000000000001,1.1674957275390625,
291.89999999999998,1.1189498901367188,
292,1.0959548950195312,
292.10000000000002,1.08062744140625,
292.19999999999999,1.0550765991210938,
292.30000000000001,1.0244140625,
292.39999999999998,1.0116424560546875,
292.5,1.0039749145507812,
292.60000000000002,0.98609161376953125,
292.69999999999999,0.9656524658203125,
292.80000000000001,0.95287322998046875,
292.89999999999998,0.94010162353515625,
293,0.922210693359375,
293.10000000000002,0.91455078125,
293.19999999999999,0.922210693359375,
293.30000000000001,0.92476654052734375,
293.39999999999998,0.9094390869140625,
293.5,0.8915557861328125,
293.60000000000002,0.8813323974609375,
293.69999999999999,0.8813323974609375,
293.80000000000001,0.886444091796875,
293.89999999999998,0.89411163330078125,
294,0.9094390869140625,
294.10000000000002,0.922210693359375,
294.19999999999999,0.93498992919921875,
294.30000000000001,0.94776153564453125,
294.39999999999998,0.942657470703125,
294.5,0.92476654052734375,
294.60000000000002,0.91710662841796875,
294.69999999999999,0.9273223876953125,
294.80000000000001,0.9452056884765625,
294.89999999999998,0.960540771484375,
295,0.96820068359375,
295.10000000000002,0.9733123779296875,
295.19999999999999,0.9733123779296875,
295.30000000000001,0.97586822509765625,
295.39999999999998,0.978424072265625,
295.5,0.97586822509765625,
295.60000000000002,0.96309661865234375,
295.69999999999999,0.94776153564453125,
295.80000000000001,0.9554290771484375,
295.89999999999998,0.98609161376953125,
296,1.0193023681640625,
296.10000000000002,1.0295257568359375,
296.19999999999999,1.0474090576171875,
296.30000000000001,1.1572723388671875,
296.39999999999998,1.4792022705078125,
296.5,1.9109954833984375,
296.60000000000002,2.2916946411132812,
296.69999999999999,2.62384033203125,
296.80000000000001,2.9355545043945312,
296.89999999999998,3.277923583984375,
297,3.7071609497070312,
297.10000000000002,4.1594009399414062,
297.19999999999999,4.5605316162109375,
297.30000000000001,4.9207916259765625,
297.39999999999998,5.2912673950195312,
297.5,5.7000656127929688,
297.60000000000002,6.1037521362304688,
297.69999999999999,6.5048904418945312,
297.80000000000001,6.89324951171875,
297.89999999999998,7.1717453002929688,
298,7.3327102661132812,
298.10000000000002,7.4502410888671875,
298.19999999999999,7.657196044921875,
298.30000000000001,7.9305801391601562,
298.39999999999998,7.968902587890625,
298.5,7.7619476318359375,
298.60000000000002,7.5141143798828125,
298.69999999999999,7.2407302856445312,
298.80000000000001,6.9188003540039062,
298.89999999999998,6.5943145751953125,
299,6.2647171020507812,
299.10000000000002,5.9019088745117188,
299.19999999999999,5.5902023315429688,
299.30000000000001,5.3857955932617188,
299.39999999999998,5.2478256225585938,
299.5,5.1379623413085938,
299.60000000000002,5.0459823608398438,
299.69999999999999,4.9591140747070312,
299.80000000000001,4.8492507934570312,
299.89999999999998,4.7342758178710938,
300,4.6525115966796875,5.1546392440795898
