Timestamp,Breath Rate
20.684526443481445,4.412640128530469
20.685515642166138,4.414069158090231
20.685515642166138,4.415223435362076
20.686516046524048,4.4161585188218195
20.687519073486328,4.416925329211896
20.687519073486328,4.417489101404295
20.68851590156555,4.418008296273703
20.689516067504883,4.4184019853290835
20.689516067504883,4.418631722157564
20.690518379211426,4.418603436383416
20.691526412963867,4.418409939641
20.69251775741577,4.418007131878681
20.69251775741577,4.417368102910987
20.693516969680786,4.416502759424648
20.694514751434326,4.4153541419716715
20.694514751434326,4.413975840772124
20.69551706314087,4.4123500929323525
20.69551706314087,4.410440080741943
20.696516513824463,4.408243291806521
20.69751811027527,4.40576096651485
20.69751811027527,4.403020297201399
20.69851565361023,4.399956699732055
20.699516534805298,4.3966348125285855
20.699516534805298,4.39305618486167
20.70051670074463,4.389155729800766
20.70151686668396,4.3850371804405945
20.70151686668396,4.380658957934448
20.70151686668396,4.376000147735533
20.70299530029297,4.371042708783016
20.70338249206543,4.36589854802226
20.704391479492188,4.3604892123404815
20.704391479492188,4.3548385297243355
20.704391479492188,4.348876786603623
20.705809116363525,4.342574497124827
20.705809116363525,4.335901730429395
20.706878185272217,4.328804132430521
20.706878185272217,4.321201509397731
20.707887649536133,4.313036499523541
20.707887649536133,4.304365570923082
20.70901656150818,4.295221846044959
20.70901656150818,4.28562297280682
20.710026025772095,4.275588245166775
20.710026025772095,4.265263671444173
20.711021423339844,4.254616102260617
20.711068391799927,4.243776732458639
20.711068391799927,4.232756554067448
27.494712352752686,4.221655678190366
27.495921850204468,4.210504532050592
27.498487949371338,4.199473386715549
27.499416828155518,4.18860536669891
27.501788854599,4.177934595732347
27.503787517547607,4.167426171238536
27.505784034729004,4.157408542682724
27.50778341293335,4.147865454717082
27.50878643989563,4.139098033555674
27.510782718658447,4.130908684423598
27.51178216934204,4.123338542624681
27.513787269592285,4.116444058849189
27.51578450202942,4.110132819916677
27.516783237457275,4.104670991094419
27.51778221130371,4.100112776842025
27.519784927368164,4.096573672615075
27.52078413963318,4.094042071020422
27.522781372070312,4.092443186260669
27.523781538009644,4.091462557292545
27.524782419204712,4.090944667661531
27.52578067779541,4.090363483004991
27.52678394317627,4.089433077528452
27.527779817581177,4.088093898998638
27.528779983520508,4.086237338532401
27.528779983520508,4.083665188958874
27.52977991104126,4.080604528748465
27.530778169631958,4.077213428191565
27.53177833557129,4.073256968188006
27.53177833557129,4.068631230441454
27.533278942108154,4.06319062717413
27.533278942108154,4.057039214835551
27.534720420837402,4.050020888574242
27.534720420837402,4.041836479020396
27.534720420837402,4.032064698530249
27.536128282546997,4.020639254889614
27.537570238113403,4.0075422854729705
27.538732528686523,3.992964215589074
27.538732528686523,3.9769129643483443
27.539748191833496,3.9593717408491735
27.54073929786682,3.940407990863098
27.541740894317627,3.9199982227926693
27.542739391326904,3.8985226156594446
27.542739391326904,3.8759130005502302
27.54373860359192,3.852018295746127
27.544740200042725,3.8267801392896565
27.545741319656372,3.8000179870706505
27.545741319656372,3.771188824577484
27.5468647480011,3.740719626437303
27.547871828079224,3.7075995339393573
27.547871828079224,3.672176442477132
27.548869609832764,3.6327958721103633
27.548869609832764,3.5887192498073723
27.54987144470215,3.539716485569701
27.550870895385742,3.5025390906503127
27.550870895385742,3.477515148012511
27.551870822906494,3.4508779488302515
27.552871465682983,3.4228318997524374
27.552871465682983,3.3939074426527225
27.553871154785156,3.364318352988289
27.55488157272339,3.3342958234322415
27.55488157272339,3.303500993441072
27.555869579315186,3.272527850346914
27.555869579315186,3.2416932410440342
27.55687141418457,3.212099888253324
27.557870626449585,3.1832156401141254
27.557870626449585,3.1541205794085174
27.558870553970337,3.1248655838895707
27.559870958328247,3.095762161756812
27.559870958328247,3.066543763247272
27.560869932174683,3.0375504346660684
27.560869932174683,3.008900373864371
27.56187081336975,2.9803927959354404
27.56287121772766,2.950821360084459
27.56287121772766,2.921034276351927
27.563870191574097,2.8904310889044647
27.56487011909485,2.8594152488251265
27.56487011909485,2.827468757518717
27.565869569778442,2.794730073298244
27.565869569778442,17.1836402944607
27.56687021255493,17.09294750826126
27.56687021255493,17.016230874784764
27.567870140075684,16.950616777811575
27.567870140075684,16.89370377259023
27.568876266479492,16.843849881908916
27.568876266479492,16.799447619372152
27.569870471954346,16.75998422515287
27.570871114730835,16.72402545060867
27.570871114730835,16.690605698809545
27.571869611740112,16.65940715904525
27.571869611740112,16.629367371626962
27.571869611740112,16.600828670969005
27.572870016098022,16.573875028097792
27.572870016098022,16.548296636409777
27.572870016098022,16.52403766416474
27.57387089729309,16.500873191859554
27.57387089729309,16.479014134125936
27.574870347976685,16.458399177631648
27.574870347976685,16.43935104646441
27.575870513916016,16.42185667094575
27.575870513916016,16.406011127526227
27.575870513916016,16.391670281725762
27.57723045349121,16.378790841848726
27.57723045349121,16.367436460889156
27.57823610305786,16.357421089774824
27.57823610305786,16.348508924252773
27.579235792160034,16.340430989308864
27.579235792160034,16.33263018632556
27.580235481262207,16.324808522308462
27.580235481262207,16.317097543567574
27.580235481262207,16.309708959217684
27.58123517036438,16.30236278854342
27.58123517036438,16.295010391726723
27.582234621047974,16.287513433544294
27.582234621047974,16.279571482692067
27.582234621047974,16.27102842539524
27.583234786987305,16.261504452920487
27.583234786987305,16.25098548202161
27.584245443344116,16.23920816025305
27.584245443344116,16.226380452284662
27.585235834121704,16.21235265408845
27.585235834121704,16.19720502894733
27.585235834121704,16.18145742566505
27.58623504638672,16.165189852369373
27.58623504638672,16.148883390288184
27.58723545074463,16.132617656536954
27.58723545074463,16.116018026623454
27.58723545074463,16.09939756810181
27.5882351398468,16.082638618371657
27.58924627304077,16.065794753008785
27.58924627304077,16.04877134018768
27.58924627304077,16.031624522253402
27.59023404121399,16.014356678159402
27.59023404121399,15.997028116199182
27.59023404121399,15.97984655176178
27.591235399246216,15.962781883145796
27.591235399246216,15.94620230371764
27.59223484992981,15.930029352249779
34.358606815338135,15.914014864805177
34.36057472229004,15.897969590354005
34.361591815948486,15.881918981303611
34.362656593322754,15.866140618622957
34.364675760269165,15.85049206894819
34.36567449569702,15.834568099493362
34.36666703224182,15.818524357795114
34.36766743659973,15.802722104623442
34.36866569519043,15.787204819389439
34.369664907455444,15.772243680280196
34.37066721916199,15.757564552526933
34.371665954589844,15.743193782035746
34.37266778945923,15.72896370142077
34.37366533279419,15.714650001907223
34.3746657371521,15.700469559869084
34.3746657371521,15.6863759570294
34.37566518783569,15.672521459033087
34.37666368484497,15.658967543341603
34.37766623497009,15.645738614730357
34.37866544723511,15.632506368332578
34.40467357635498,3.591109428126563
34.406686782836914,3.607660119709941
34.407675981521606,3.623380755098127
34.409759759902954,3.6386465386525373
34.410675048828125,3.6536175874102055
34.41267013549805,3.667756697465528
34.41374588012695,3.6813247737423875
34.4147264957428,3.694503321386737
34.41573119163513,3.706909715408851
34.41876268386841,3.7189104375492095
34.41968393325806,3.7303298979568456
34.42267465591431,3.741378290121135
34.42574334144592,3.7523878649782634
34.42867588996887,3.7629027371572814
34.43066883087158,3.773415942144562
34.4316828250885,3.7840533910936474
34.432679176330566,3.7946503225031436
34.434672832489014,3.805252584677024
34.43566942214966,3.815395667213837
34.43766379356384,3.8248026429407167
34.43866324424744,3.834003287925867
34.43967080116272,3.843212877122213
34.43967080116272,3.8521212571863805
34.44067120552063,3.8608517695239892
34.44166445732117,3.8697901486724726
34.44267272949219,3.8789224042924997
34.44367051124573,3.888535999452418
34.444663524627686,3.898299873123718
34.44567036628723,3.9084196236608797
34.44667029380798,3.918760656044144
34.447669982910156,3.929319827892177
34.44866681098938,3.9400717731418764
34.45067548751831,3.9508213270236063
34.453670501708984,3.961497279105632
34.45566987991333,3.9723448395290566
34.457664489746094,3.9833722700234935
34.45836091041565,3.994747593944567
34.460389614105225,4.00615590527861
34.460389614105225,4.017905018401109
34.460389614105225,4.029708734486522
34.46406960487366,4.041811366231586
34.4650776386261,4.05361394309028
34.46769118309021,4.0659157420003345
34.46870279312134,4.078049820478764
34.46970176696777,4.090306264223799
34.470702171325684,4.102254197570413
34.4717013835907,4.114098882287433
34.47270131111145,4.126131964683355
34.47369599342346,4.138296975130189
34.47470283508301,4.1505832052485765
34.47470283508301,4.16286149183833
34.475725173950195,4.175100628287606
34.47684025764465,4.187490422484694
34.477928161621094,4.199975585672788
34.47893810272217,4.2124597902537655
34.47893810272217,4.22494221263459
34.47989845275879,4.237073727795164
34.48092722892761,4.248933446488093
34.48196363449097,4.261292591449345
34.48292422294617,4.274172570246189
34.48384165763855,4.2876602359991765
34.4849169254303,4.301743720101507
34.4859299659729,4.316436931945892
34.48687934875488,4.331561886647186
34.48794674873352,4.347105516531292
34.48888564109802,4.3628890941125205
34.48993396759033,4.378904387466192
34.49093151092529,4.395158640192658
34.491918325424194,4.411539999169225
34.49284386634827,4.427920319589608
34.49388909339905,4.444300891679255
34.49484157562256,4.460545552814569
34.49584341049194,4.4766378414740835
34.49584341049194,4.492503488996032
34.49688529968262,4.508177523628772
34.49688529968262,4.5238275546428826
34.4978404045105,4.539211062926972
34.4978404045105,4.554361969108489
34.498838901519775,4.569176239360296
34.498838901519775,4.5836977066211855
34.4998414516449,4.598010165931954
34.50084662437439,4.612114762385404
34.50084662437439,4.62610343248201
34.50183820724487,4.639918270641886
34.50183820724487,4.653692780293788
34.50183820724487,4.667290703806277
34.502845287323,4.680776307605949
34.502845287323,4.6941588416720155
34.50384545326233,4.707502289502968
34.50384545326233,4.72088657630644
34.50384545326233,4.7343415638753505
34.504839181900024,4.747851822487013
34.504839181900024,4.76146231914304
34.50584697723389,4.775232723379236
34.50584697723389,4.789074710576211
34.50584697723389,4.803007444860036
34.50683856010437,4.816975972654255
34.507838010787964,4.830981946707868
34.507838010787964,4.844965206017044
34.507838010787964,4.859022157881123
41.23323607444763,4.87314499695641
41.23523712158203,4.887315009195838
41.236236333847046,4.901587179808031
41.23823928833008,4.915874979060873
41.239235162734985,4.930208694897525
41.24023699760437,4.944565168947817
41.24223327636719,4.958928881288282
41.243231773376465,4.973307640282866
41.244232177734375,4.987593005246461
41.24523067474365,5.001860980271009
41.24623346328735,5.0161405894184155
41.24623346328735,5.030481933458198
41.248230934143066,5.044995936947146
41.248230934143066,5.059683282278261
41.2492299079895,5.074569775657775
41.250261306762695,5.089771887028882
41.250261306762695,5.105313648623756
41.25122952461243,5.121285884230636
41.25222969055176,5.137709052629888
41.25222969055176,5.15468201105568
41.2531955242157,5.17213397741848
41.253835916519165,5.190288806227064
41.253835916519165,5.209079839962806
41.2548406124115,5.228497715602914
41.2548406124115,5.248355683634624
41.256219148635864,5.268485363771532
41.25722551345825,5.2889011310047085
41.25722551345825,5.309658749472539
41.25822901725769,5.330601515056286
41.25822901725769,5.351864903036876
41.259225606918335,5.373448258239729
41.259225606918335,5.395569453345544
41.26022458076477,5.41782453970387
41.26022458076477,5.440079125859312
41.2613365650177,5.462499708665294
41.2613365650177,5.484538355239597
41.26222586631775,5.506293668795907
41.26222586631775,5.527938218992884
41.26322555541992,5.549118715318178
41.264225482940674,5.569969291568208
41.264225482940674,5.590126343898291
41.26522612571716,5.609317296939867
41.26522612571716,5.62749997216007
41.26622700691223,5.644792806218482
41.26622700691223,5.661517308479581
41.26722455024719,5.6781454105669775
41.26722455024719,5.6944757208992085
41.26822566986084,5.710763606114511
41.269230365753174,5.727116345532479
41.27022671699524,5.743020492565852
41.27022671699524,5.758772018943375
41.2712824344635,5.774752654791609
41.2712824344635,5.790606995445396
41.272287368774414,5.806282362145902
41.27328872680664,5.821814428906004
41.27328872680664,5.8375837388408005
41.274298906326294,5.853667468081893
41.274298906326294,5.8698103196307825
41.27528738975525,5.885978513463154
41.27528738975525,5.902561132821109
41.27628803253174,5.919657251729771
41.27728843688965,5.937218268965541
41.27828812599182,5.955755169383837
41.27828812599182,5.97513424804382
41.27929353713989,5.995374682330366
41.28028964996338,6.016908489627327
41.28028964996338,6.039034371450947
41.28173804283142,6.061168234702511
41.28274369239807,6.083421484422257
41.28274369239807,6.105638426754696
41.28374886512756,6.127974534576144
41.28474450111389,6.150792416192284
41.28574514389038,6.17413104036715
41.286747455596924,6.1983258880818415
41.28775596618652,6.2232125620884835
41.28875017166138,6.249019214369441
41.28974628448486,6.275400941298033
41.29074430465698,6.302457392301014
41.29175806045532,6.330040422320378
41.29274582862854,6.357889632667592
41.29374623298645,6.386079395403003
41.294745445251465,6.414624962728823
41.29574394226074,6.443476522008014
41.29674530029297,6.472790681825897
41.2977454662323,6.502632076742579
41.298747062683105,6.533507513341393
41.299755573272705,6.565340892682173
41.299755573272705,6.598055385259277
41.30074381828308,6.632131254455887
41.301746129989624,6.667696362698041
41.302746057510376,6.705285768394598
41.30374479293823,6.745391160184935
41.304744243621826,6.78896330188402
41.30574631690979,6.837105088353292
41.30674505233765,6.891631304802388
41.30774545669556,6.955002492459741
41.30875039100647,7.030518164168102
41.30875039100647,7.1236449832234845
41.30974292755127,7.2430446395091685
41.310744285583496,7.40233281725817
41.31219434738159,7.627013529483368
41.31219434738159,7.96869380046895
41.313798904418945,8.505141180867042
41.313798904418945,8.86028050229553
41.31537199020386,9.073639788255933
41.31638264656067,9.216499000406488
41.31745743751526,9.319298595064412
41.318466901779175,9.396988665343594
41.318466901779175,9.457799123570712
41.31984996795654,9.506804135336376
41.32101488113403,9.547198832362206
41.32203269004822,9.581064055322095
41.32203269004822,9.610001572054138
41.32302188873291,9.635387786598503
41.324023485183716,9.658235485010866
41.325021743774414,9.6792864054618
41.32602286338806,9.698994680771275
41.327025175094604,9.71774661897542
41.327025175094604,9.735760135655452
41.32802391052246,9.75324840648479
41.3290228843689,9.770166681191851
41.33002758026123,9.786552432157542
41.33102297782898,9.802402405643328
41.33102297782898,9.81764571928719
41.33202290534973,9.832192068840971
41.33302187919617,9.846035091961449
41.33402109146118,9.859162592365852
41.33402109146118,9.871571898096622
41.335021018981934,9.883239624838954
41.336023807525635,9.894091569260151
41.33702230453491,9.904031374562965
41.338021993637085,9.91291201332234
41.33902096748352,9.920693810794853
41.34002208709717,9.927363786831044
41.34126353263855,9.932996363745392
41.34227466583252,9.937728362830628
41.34227466583252,9.941723993482123
48.09934973716736,9.945107066192483
48.10137367248535,9.94799333199445
48.103373527526855,9.95046875129099
48.10544276237488,9.952622331180908
48.10636568069458,9.95452450616609
48.10876941680908,9.956197477291953
48.109779596328735,9.957753994003996
48.11170148849487,9.959241931395956
48.11270236968994,9.960759048181762
48.113702058792114,9.962355998874584
48.11470055580139,9.9639818698039
48.1153678894043,9.965573808672204
48.11652731895447,9.967118568816261
48.117475748062134,9.96858981622105
48.11848425865173,9.97000892190521
48.11848425865173,9.971363211927294
48.11947250366211,9.97270686771428
48.12047791481018,9.974021648576317
48.12047791481018,9.975328577881838
48.12247276306152,9.976646899803253
48.12247276306152,9.978032856023109
48.12347197532654,9.979478088223615
48.12347197532654,9.980924423203728
48.12447786331177,9.982373846421828
48.12447786331177,9.983833242010473
48.12547850608826,9.985334168742307
48.12647318840027,9.9869254711481
48.12748384475708,9.988605127326936
48.12748384475708,9.990446508986691
48.12847852706909,9.992430164765096
48.12847852706909,9.994573225276984
48.12947177886963,9.996887827751223
48.12947177886963,9.999271307435832
48.1304726600647,10.001751409635158
48.13187336921692,10.004320733627829
48.13187336921692,10.00683447704724
48.13287901878357,10.009204331253722
48.13287901878357,10.011372003204333
48.13387894630432,10.013231441689284
48.134881019592285,10.014642069087406
48.134881019592285,10.01555126307312
48.13587760925293,10.015966006922088
48.13587760925293,10.01590579297284
48.13688063621521,10.01550605105669
48.13788890838623,10.01489427239728
48.13788890838623,10.014208527536017
48.1388795375824,10.013544455735286
48.1388795375824,10.012928813562342
48.13988018035889,10.012357717141771
48.14088416099548,10.011866162832924
48.14088416099548,10.011453085025241
48.14187836647034,10.011038954145556
48.14287996292114,10.010476063070497
48.14287996292114,10.009827732278827
48.14387893676758,10.009041761581155
48.14387893676758,10.00813151122162
48.144877433776855,10.006999210280853
48.144877433776855,10.005489187654442
48.1458842754364,10.003495271539883
48.146878480911255,10.000827825597444
48.14787793159485,9.997285105188535
48.14787793159485,9.992812864255644
48.14887714385986,9.987302759006766
48.14887714385986,9.980912930791945
48.149877071380615,9.97375027163193
48.149877071380615,9.965875732019779
48.15087866783142,9.957336802074797
48.15087866783142,9.948333582449166
48.151878118515015,9.939130604001225
48.151878118515015,9.929797656589987
48.15287685394287,9.920417590851573
48.15287685394287,9.911103830342475
48.1538770198822,9.901909049247289
48.1538770198822,9.892897163716304
48.15487885475159,9.883986881060945
48.15487885475159,9.875694784497743
48.155887603759766,9.868214620228084
48.155887603759766,9.861666473993592
48.156877756118774,9.856082013917622
48.156877756118774,9.851435596276586
48.15787696838379,9.84755518450867
48.15787696838379,9.844412886202585
48.15787696838379,9.841906355950337
48.15887689590454,9.839928249008224
48.15887689590454,9.838388235343697
48.15987801551819,9.837121306626376
48.15987801551819,9.83617030811177
48.15987801551819,9.835503284977424
48.16088342666626,9.835201744428119
48.16088342666626,9.83525264429428
48.16187787055969,9.83562099136077
48.16187787055969,9.836444168919908
48.162883281707764,9.83758004188985
48.162883281707764,9.838997251413337
48.163877964019775,9.840791458759487
48.163877964019775,9.843008517619733
48.163877964019775,9.845473422906005
48.164884090423584,9.848319590391613
48.164884090423584,9.851600215926004
48.164884090423584,9.855453786485652
48.16587686538696,9.859853022962298
48.16587686538696,9.86480929680553
48.16587686538696,9.870622759491665
48.16687750816345,9.877183878894398
48.16687750816345,9.88476356064302
48.1678786277771,9.893572874853854
48.1678786277771,9.903777588242969
48.168888568878174,9.915539224240867
48.168888568878174,9.928869896881373
48.16987752914429,9.944065800514776
48.16987752914429,9.96109210634813
48.16987752914429,9.980179494320813
48.17087697982788,10.001180125315948
48.17087697982788,10.02413363239553
48.17187809944153,10.048912924114358
48.17187809944153,10.07563837620291
48.17289137840271,10.104212787866329
48.17289137840271,10.134560916397017
48.17387795448303,10.166555013026477
48.17387795448303,10.200283183512532
48.174877882003784,10.23547678211528
48.174877882003784,10.272436759319453
48.17587733268738,10.311360495418612
48.17587733268738,10.352681758878294
48.176878690719604,10.396957229597293
48.176878690719604,10.44453602958406
48.17789816856384,10.495646801825421
48.17789816856384,10.547896024627084
48.17789816856384,10.563464989228358
48.178876876831055,10.579048874992672
48.178876876831055,10.594806892253304
48.179877042770386,10.610699162402206
48.179877042770386,10.626814828493808
48.179877042770386,10.643205074081877
48.180877923965454,10.659993960741184
48.180877923965454,10.677227837042468
48.18187665939331,10.694947596625832
48.18187665939331,10.71312193323654
54.97683835029602,10.731576902826303
54.97876501083374,10.750240619074972
54.98082375526428,10.768902207325235
54.98278045654297,10.78750360613486
54.98476028442383,10.805757206862951
54.98577952384949,10.82367835282145
54.987868547439575,10.84128056610467
54.98979687690735,10.85861605868057
54.99179434776306,10.87580512279251
54.994795083999634,10.893090459686677
54.997801542282104,10.91067111357824
54.99979543685913,10.928549400466075
55.000792264938354,10.946790909511403
55.00279140472412,10.965276143659088
55.00379133224487,10.983920811860365
55.004794120788574,11.002659907070365
55.00678777694702,11.021395725896346
55.00779175758362,11.040018122061108
55.00878977775574,11.058448191648202
55.00978970527649,11.076687578187364
55.010788917541504,11.094729506053952
55.01179027557373,11.112536287333143
55.01179027557373,11.130097625707217
55.012789487838745,11.14743128038922
55.01378846168518,11.164513316691686
55.014790058135986,11.18130114402608
55.014790058135986,11.197875148770022
55.015788316726685,11.214238217993215
55.01678919792175,11.23046038824492
55.01779079437256,11.246474741581457
55.018797874450684,11.26220068441904
55.018797874450684,11.277710612260456
55.019789695739746,11.292999010337047
55.020790100097656,11.308134619151359
55.021790742874146,11.323071616847432
55.02279257774353,11.337724457486505
55.02279257774353,11.352102025982502
55.02378964424133,11.366175053607009
55.02378964424133,11.379878029473772
55.0247917175293,11.393149416598579
55.0257887840271,11.40598279577105
55.026790142059326,11.418426811025332
55.026790142059326,11.43060311862453
55.027788400650024,11.442641772872074
55.027788400650024,11.45466094899551
55.028789043426514,11.466705180472418
55.028789043426514,11.47873789051404
55.02978873252869,11.490791274095567
55.030789613723755,11.502826113097099
55.030789613723755,11.514850040026278
55.03178882598877,11.526731319732217
55.03205871582031,11.538418492786287
55.032596826553345,11.549871591010929
55.032596826553345,11.561022505024384
55.03360605239868,11.571847892874223
55.03461170196533,11.58236088356569
55.03461170196533,11.59258121269975
55.03461170196533,11.602553086829909
55.035611152648926,11.612270632432477
55.035611152648926,11.621724018163713
55.03660464286804,11.630895515368687
55.03660464286804,11.639750870138963
55.03760623931885,11.648345599047495
55.03760623931885,11.656672944888664
55.038612604141235,11.66474475421753
55.038888454437256,11.672577599876696
55.038888454437256,11.680189881855632
55.03990697860718,11.687600825598022
55.03990697860718,11.694850275434401
55.03990697860718,11.701967237213376
55.04090642929077,11.708980464299506
55.04090642929077,11.715921450725206
55.041910886764526,11.722823900911369
55.041910886764526,11.729643013497059
55.04290795326233,11.736401433431958
55.04290795326233,11.742963156022785
55.04390072822571,11.749323571208574
55.04390072822571,11.755435799261392
55.04489994049072,11.761306823259618
55.04489994049072,11.766934211525422
55.0459086894989,11.772327255959048
55.0459086894989,11.777447666557935
55.04690074920654,11.782280062727523
55.04690074920654,11.786789119499614
55.04690074920654,11.79089886082432
55.04790139198303,11.794544386363889
55.04790139198303,11.797764620025461
55.04890704154968,11.800572886319866
55.04890704154968,11.803025024336334
55.04990029335022,11.80518794352738
55.05089998245239,11.807070494218522
55.05089998245239,11.808694645668025
55.05089998245239,11.810120479299172
55.05190658569336,11.811411812203016
55.05190658569336,11.812612964092876
55.05290246009827,11.813760938016074
55.05290246009827,11.8148597041794
55.053900718688965,11.81591142033539
55.053900718688965,11.816877385855072
55.054901123046875,11.817730250210184
55.054901123046875,11.818452780141943
55.05591344833374,11.81904687027824
55.05591344833374,11.819499133847156
55.05690002441406,11.819880055305642
55.05690002441406,11.820222151790892
55.05690002441406,11.820562002012464
55.05790185928345,11.820961467696055
55.05790185928345,11.821475097808674
55.05890083312988,11.822115527304486
55.05890083312988,11.822900011800423
55.05989956855774,11.823833868909384
55.05989956855774,11.824842156848783
55.05989956855774,11.825890359553062
55.0609073638916,11.826962456770417
55.0609073638916,11.828012035542585
55.0618999004364,11.829021042593574
55.0618999004364,11.829980570239119
55.062901735305786,11.830874511732015
55.062901735305786,11.831727131773942
55.06390047073364,11.832530386156794
55.06390047073364,11.833266666921473
55.06390047073364,11.83401241220865
55.064899921417236,11.834796397829178
55.064899921417236,11.83561859125673
55.06590962409973,11.83655856035965
55.06690001487732,11.837570920617479
55.06690001487732,11.838700595713467
55.06690001487732,11.839969527076248
55.06790065765381,11.841360099635274
55.06790065765381,11.842852637050042
55.06890678405762,11.844389276183035
55.06890678405762,11.845924521735864
55.06890678405762,11.847336980764167
55.069899559020996,11.848572754412528
55.069899559020996,11.84956570866952
55.07090640068054,11.850183204820965
55.07090640068054,11.85049535622409
61.83598613739014,11.850514317407848
61.83898568153381,11.850254249842283
61.84198999404907,11.849778957462409
61.843985080718994,11.849190630590362
61.845982789993286,11.848530578230237
61.84798192977905,11.847859420532037
61.84798192977905,11.847309030242162
61.84897804260254,11.846895706010404
61.84997797012329,11.846578784912012
61.84997797012329,11.846282495251407
61.85098052024841,11.84597904735789
61.85197877883911,11.84554098103716
61.85297918319702,11.845022782036807
61.85397815704346,11.844489926535722
61.85497856140137,11.843886901016601
61.85497856140137,11.843137215989321
61.855979442596436,11.842128230090687
61.85697841644287,11.840900771625174
61.85697841644287,11.839424540203346
61.85797739028931,11.837817757637163
61.85797739028931,11.836072952134584
61.8589768409729,11.83423154742879
61.8589768409729,11.832332434766766
61.85997676849365,11.830415051644401
61.85997676849365,11.8284977272446
61.860976696014404,11.826641961366082
61.86197781562805,11.824941685217125
61.86298990249634,11.82350995455152
61.86298990249634,11.822400451350973
61.86397743225098,11.821607867397676
61.86397743225098,11.821023896496419
61.86497664451599,11.820722867436649
61.86497664451599,11.820676293608972
61.86597919464111,11.820825515008195
61.86597919464111,11.821144377380483
61.86597919464111,11.821711233541253
61.86697721481323,11.822462854069093
61.86697721481323,11.823481146159248
61.86697721481323,11.824643597954537
61.867976665496826,11.825952537166119
61.867976665496826,11.827299113408232
61.86897683143616,11.828796873119543
61.86897683143616,11.83040112633616
61.86897683143616,11.832183997874733
61.869977712631226,11.834063784658372
61.869977712631226,11.836219516793623
61.87097787857056,11.838745947720838
61.87097787857056,11.841643742391067
61.87097787857056,11.845068722025399
61.87197709083557,11.849154194467022
61.87197709083557,11.85382988558122
61.87197709083557,11.859193909292042
61.8729784488678,11.86522669113553
61.8729784488678,11.871972268113032
61.87397813796997,11.87936637695581
61.87397813796997,11.8871981643503
61.874977827072144,11.895287226632156
61.874977827072144,11.903514687928206
61.8759765625,11.912068892469517
61.8759765625,11.921094663703558
61.8759765625,11.930647853254207
61.87697649002075,11.940885923295667
61.87697649002075,11.95157194629913
61.87697649002075,11.962854574290072
61.87797784805298,11.97452461168161
61.87797784805298,11.986538342319314
61.87897801399231,11.998687894950633
61.87897801399231,12.010889726647838
61.879976749420166,12.023079541758682
61.879976749420166,12.035269178541059
61.879976749420166,12.047287771993693
61.88097620010376,12.059307068056091
61.88097620010376,12.07117973747646
61.88097620010376,12.082753774445079
61.88097620010376,12.093865399986168
61.88197660446167,12.104455716058657
61.88297748565674,12.11457817718501
61.88297748565674,12.12416801075457
61.88397717475891,12.133185552261795
61.88397717475891,12.14176293399733
61.884976387023926,12.150206905007185
61.884976387023926,12.158879750453107
61.884976387023926,12.167774623180721
61.885976791381836,12.177498715858457
61.885976791381836,12.187819131335408
61.8869788646698,12.199122122640947
61.8869788646698,12.211314592205575
61.887977600097656,12.224492728340534
61.887977600097656,12.238570635404118
61.887977600097656,12.253571408121262
61.888978004455566,12.269387188248636
61.888978004455566,12.285954626998073
61.88997745513916,12.30320986387087
61.88997745513916,3.581570055116847
61.89097881317139,3.5821961721695406
61.89097881317139,3.583590122829764
61.89097881317139,3.5853627663707024
61.891977310180664,3.58713571493262
61.891977310180664,3.5886296306088608
61.891977310180664,3.5892699629823808
61.89297676086426,3.588466561881382
61.89297676086426,3.586241361495604
61.89297676086426,3.5828241650371067
61.89398741722107,3.578453932953008
61.89398741722107,3.5734698993578076
61.89497780799866,3.5681204134751163
61.89497780799866,3.562627737255655
61.89597749710083,3.5572596696941057
61.89597749710083,3.5520500915102944
61.89597749710083,3.5469553172790214
61.896976947784424,3.5420117264027433
61.896976947784424,3.537221400411651
61.896976947784424,3.532580807682027
61.89797639846802,3.528139229798534
61.89797639846802,3.52389709552615
61.89897799491882,3.5198240341640283
61.89897799491882,3.515967797533129
61.89897799491882,3.512208393925405
61.899977684020996,3.508583721947639
61.899977684020996,3.505106115071888
61.899977684020996,3.5017725383804477
61.90097641944885,3.4986449993876163
61.90097641944885,3.4958542900734453
61.90097641944885,3.4934836147871398
61.901976346969604,3.491545215452253
61.901976346969604,3.4899117805787903
61.901976346969604,3.4884715307552323
61.90297889709473,3.4870649188309373
61.90297889709473,3.485539125152789
61.90397787094116,3.483849690081607
61.90397787094116,3.4819565096847853
61.90497660636902,3.4798914631587383
61.90497660636902,3.477679287477713
61.90497660636902,3.475445263253672
61.90597629547119,3.4733023295407115
61.90597629547119,3.471298023166963
61.90597629547119,3.469555771555545
68.71781897544861,3.4682425821529157
68.719895362854,3.4672971426275088
68.72178506851196,3.4668065017926857
68.72471737861633,3.4669094238518143
68.72679018974304,3.4674928801570344
68.72871232032776,3.4686731270934317
68.73171758651733,3.470339428191543
68.73371577262878,3.47255796770515
68.73572063446045,3.47535439449354
68.73771047592163,3.4786383498319036
68.74010634422302,3.4822949567508923
68.7411208152771,3.4864689664940074
68.74412059783936,3.4912778855792435
68.74511790275574,3.496709432671931
68.74612331390381,3.5029141289635866
68.74811863899231,3.509831697467029
68.74912095069885,3.516887515965214
68.75019454956055,3.522752952097977
68.7512059211731,3.5287302952457225
68.75213575363159,3.534893016794045
68.7531168460846,3.541284101119988
68.75412559509277,3.5475809094757356
68.75412559509277,3.553796419885902
68.75512099266052,3.5598266007105654
68.75611686706543,3.5657793885521287
68.75711727142334,3.5716537091457674
68.75711727142334,3.577392551880834
68.75812721252441,3.5829699841886837
68.7591142654419,3.5884126502465477
68.76011395454407,3.5937127873818167
68.76011395454407,3.5988083338599477
68.76111793518066,3.603650208543376
68.76212525367737,3.6079136673059184
68.76212525367737,3.6115787746650576
68.76311445236206,3.61439331630157
68.76311445236206,3.6164112111859583
68.76412177085876,3.617722644066073
68.76511693000793,3.618130751474909
68.76612424850464,3.6178090960099145
68.76612424850464,3.616796006510897
68.76712465286255,3.6152485080252617
68.76712465286255,3.613311446673176
68.76811337471008,3.6109049962130726
68.76811337471008,3.6083218798251524
68.76811337471008,3.6055220585031176
68.76911473274231,3.6027187250276493
68.76911473274231,3.6000615243263
68.7701141834259,3.5979147993138714
68.7701141834259,3.595943624943741
68.77112531661987,3.594129048775969
68.77112531661987,3.5924022478709063
68.77212023735046,3.590855733848213
68.77212023735046,3.589473169938614
68.77311563491821,3.5882372823417876
68.77311563491821,3.5869231987087624
68.7741231918335,3.5851587283820416
68.7741231918335,3.582908049471463
68.7751157283783,3.580689597592193
68.7751157283783,3.5782551778780816
68.7761161327362,3.575432986100852
68.7761161327362,3.572900524149764
68.77711510658264,3.570313160084091
68.77711510658264,3.5675348011736423
68.77711510658264,3.564451720157524
68.77811431884766,3.561469515304483
68.77811431884766,3.5583100806281154
68.77912402153015,3.5548160339147388
68.77912402153015,3.5511185192114736
68.77912402153015,3.5472869508251117
68.7801148891449,3.54357468285532
68.7801148891449,3.539787386939855
68.7801148891449,3.536026254853383
68.78112244606018,3.5323915092230855
68.78112244606018,3.5286032560345912
68.78211665153503,3.5244818866423873
68.78211665153503,3.520349824978782
68.78304624557495,3.515994032951309
68.78304624557495,3.5133063781176372
68.78304624557495,3.510563512023284
68.78304624557495,3.5077554383596565
68.78412055969238,3.504856044410357
68.78412055969238,3.5018623891092306
68.78412055969238,3.4986622186716043
68.78412055969238,3.4951284613120386
68.78550815582275,3.49132341031126
68.78550815582275,3.487348205080528
68.78550815582275,3.483330270083645
68.78709030151367,3.47921610707923
68.78709030151367,3.4750298081323194
68.78709030151367,3.470770213270733
68.78810596466064,3.466565241435342
68.78810596466064,3.4622655440162036
68.78810596466064,3.457742025782917
68.78810596466064,3.4530817138695165
68.78919124603271,3.4484896913800167
68.78919124603271,3.4439459519949054
68.79019904136658,3.439287818380314
68.79071283340454,3.434544963430507
68.79122304916382,3.429978377261096
68.79122304916382,3.425622926460407
68.79122304916382,3.421266936550973
68.79222965240479,3.4163761410589353
68.79222965240479,3.4108543372494773
68.79274272918701,3.4050099158763834
68.79274272918701,3.3987106743274307
68.79375410079956,3.391939087669498
68.79375410079956,3.3846497761718597
68.79475831985474,3.376774530560352
68.79475831985474,3.3685345378337543
68.79575514793396,3.3599402958221405
68.79575514793396,3.3509450509899956
68.79675841331482,3.341596257157476
68.79675841331482,3.3317909579779736
68.79675841331482,3.321715187083753
68.79775476455688,3.3114136679080666
68.79775476455688,3.300865170506355
68.79875898361206,3.2902848651704595
68.79875898361206,3.279614134884922
68.7997510433197,3.2688622333232358
68.7997510433197,3.2579129181995947
68.80074977874756,3.2468256580747323
68.80074977874756,3.235509872262116
68.80074977874756,3.2239292055615763
68.8017508983612,3.2119995395312797
68.8027503490448,3.2000148877202457
68.8027503490448,3.187980342132804
68.8027503490448,3.1760542099341165
68.80375027656555,3.164402228446406
68.80375027656555,3.1529279231821947
68.80375027656555,3.1416202215073414
68.80475068092346,3.1307025891298004
68.80475068092346,3.120014923377907
68.80575013160706,3.1095737194734454
68.80575013160706,3.0994034228427356
68.80575013160706,3.089553580712167
68.80675053596497,3.079994832108191
68.80675053596497,3.0707552941607794
68.80775046348572,3.0618758413037206
75.57854771614075,3.0532821062013724
75.58060002326965,3.044888905111053
75.58353304862976,3.0368840765888634
75.58553433418274,3.0291901821931617
75.5885362625122,3.021637079284721
75.59100937843323,3.0143343852469306
75.5933427810669,3.0072528635084024
75.59536719322205,3.0006227728553467
75.59836173057556,2.994404358947083
75.60036206245422,2.988563147657098
75.60236430168152,2.9830973946428565
75.6043803691864,2.978079630121682
75.60742378234863,2.9736951894736423
75.60844373703003,2.9699127945270587
75.61043763160706,2.9667964651250562
75.61243963241577,2.9642395511168305
75.61343669891357,2.962195102587968
75.61543655395508,2.960718563398473
75.61743927001953,2.9595997801024003
75.61843800544739,2.9588258539807075
75.62052488327026,2.958449531076077
75.62143611907959,2.9583053356791513
75.6224365234375,2.9584676618972883
75.62444615364075,2.9588841303247517
75.62543869018555,2.959583540466291
75.62643480300903,2.960497440603661
75.6274344921112,2.961784538168933
75.6274344921112,2.963865810421906
75.62843370437622,2.9663748244397055
75.6294333934784,2.969465444426545
75.63043403625488,2.9730179476829903
75.6314344406128,2.9771325054704523
75.6314344406128,2.982004734317033
75.63243508338928,2.9872812187113085
75.63343334197998,2.9929591651254674
75.63343334197998,2.998955031750132
75.63443303108215,3.005084489599729
75.63543462753296,3.011359975924707
75.63643527030945,3.017757296934092
75.63643527030945,3.024315266634281
75.63743352890015,3.0309962734515725
75.63743352890015,3.0377039762017426
75.63882398605347,3.0444725647010284
75.63882398605347,3.05111791283836
75.63983035087585,3.0577016753653825
75.64083504676819,3.0641957732169733
75.64083504676819,3.0705040421371796
75.6418285369873,3.0765400911705343
75.6418285369873,3.073713169624363
75.64283037185669,3.0693861313476423
75.64382982254028,3.06464297353744
75.64382982254028,3.0597356662752278
75.64483523368835,3.054879195174603
75.64483523368835,3.050236031124571
75.64582800865173,3.0459832953852946
75.64582800865173,3.0423143187352273
75.64682841300964,3.0392678572678973
75.64783024787903,3.03692761072108
75.64783024787903,3.035041596807961
75.64884233474731,3.033350211234127
75.6498351097107,3.031646977216538
75.6498351097107,3.0298450880890475
75.65083479881287,3.027589045239682
75.65183019638062,3.0248725062902304
75.65183019638062,3.021329684769382
75.65282964706421,3.016981128923523
75.65282964706421,3.01171503505599
75.6538360118866,3.005395585878246
75.65482950210571,2.9981252244132515
75.65583062171936,2.990188931210118
75.65583062171936,2.9815728832346875
75.65683054924011,2.9728631820108973
75.65783452987671,2.964021769515893
75.65783452987671,2.955519632096093
75.65883421897888,2.9475065416242296
75.65983152389526,2.940551778898103
75.66083359718323,2.934543108631111
75.66083359718323,2.9300682546484094
75.6618299484253,2.9270918173734337
75.66282987594604,2.925706519431642
75.66282987594604,2.926171667160217
75.66383004188538,2.9283555975437925
75.66383004188538,2.932556260756579
75.66482973098755,2.938800066606771
75.66582942008972,2.947153464603979
75.66582942008972,2.957554245779916
75.66682863235474,2.970173642641506
75.66783213615417,2.9851194965692103
75.66783213615417,3.002115517071042
75.66883063316345,9.750312380448191
75.66982960700989,9.740571919022946
75.66982960700989,9.730729701864984
75.67082858085632,9.720915762480981
75.67082858085632,9.711659494311734
75.67182898521423,9.70290414917502
75.67282938957214,9.69483050147719
75.67282938957214,9.688930170958736
75.67383861541748,9.687786064856578
75.67383861541748,9.692777319273864
75.67482829093933,9.7008228883944
75.67482829093933,9.709462508243755
75.67582821846008,9.71763981079539
75.67582821846008,9.725152967837246
75.67683053016663,9.73174662320806
75.67783570289612,9.737396476055048
75.67783570289612,9.74216282696678
75.67882966995239,9.74613740440034
75.67882966995239,9.749711956202379
75.67983841896057,9.752548782168887
75.68083000183105,9.755509286236624
75.68183588981628,9.758120038857605
75.68183588981628,9.760533446381565
75.68283104896545,9.762884350345956
75.68382954597473,9.765164204348961
75.68482971191406,9.766938281650315
75.68482971191406,9.76806348479508
75.68583011627197,9.768570463178124
75.6868360042572,9.768774720896431
75.6868360042572,9.768807720743492
75.68783330917358,9.768178612168109
75.6888313293457,9.766602209867946
75.68983006477356,9.763755266602583
75.68983006477356,9.760238490620706
75.69083857536316,9.755672227102819
75.6918306350708,9.750416868599787
75.69283080101013,9.744595786570624
75.69383144378662,9.73842627443346
75.694833278656,9.732072256650786
75.694833278656,9.725430957807342
75.69583916664124,9.71871428433792
75.69683027267456,9.711865420954073
75.69683027267456,9.70496439287645
75.69813394546509,9.697828440405925
75.69914102554321,9.690478948498512
75.7001404762268,9.682511145666226
75.7001404762268,9.674092851355319
75.7011411190033,9.665246967327063
82.4510805606842,9.655718060721815
82.45306015014648,9.645502393743493
82.45400738716125,9.634885264046519
82.45601463317871,9.623818975066468
82.45644545555115,9.612496498871156
82.4586911201477,9.600741307369809
82.45969438552856,9.5886608701433
82.46068978309631,9.576528030436942
82.46170043945312,9.564873320016973
82.46263241767883,9.554008411083402
82.46464538574219,9.543780091053566
82.46464538574219,9.533365812538786
82.46570754051208,9.522350624340731
82.46668648719788,9.510651027441144
82.46764492988586,9.498423112007812
82.46864604949951,9.48583928413464
82.46964454650879,9.4730985336938
82.47064447402954,9.460123900774244
82.47164368629456,9.447121261730866
82.47264266014099,9.434176143683663
82.47264266014099,9.421452653228782
82.4736430644989,9.408732296490829
82.4736430644989,9.396108429705063
82.47464561462402,9.38343107440661
82.47564363479614,9.370627294690996
82.47664213180542,9.35793277076346
82.47664213180542,9.34533494634123
82.47764182090759,9.33276704361119
82.47764182090759,9.32033753325045
82.47864127159119,9.308242973740283
82.47964286804199,9.296338477038804
82.47964286804199,9.284327181500656
82.480642080307,9.272400197008615
82.48096799850464,9.260542559493311
82.48096799850464,9.248755313744317
82.48208427429199,9.237001566905315
82.48306202888489,9.225289990219611
82.48306202888489,9.21383005064951
82.48445677757263,9.202481504493434
82.48546195030212,9.191494791512685
82.48546195030212,9.180693760710325
82.48646783828735,9.169723611827786
82.48746752738953,9.158157073855742
82.48846316337585,9.145819075386243
82.48946690559387,9.13261486976666
82.48946690559387,9.118560782843744
82.4904613494873,9.103783911790217
82.4904613494873,9.088102267533346
82.4924623966217,9.072066872250476
82.4924623966217,9.055717701020507
82.49345350265503,9.039487196271297
82.49446940422058,9.023260514849573
82.49446940422058,9.007066039529905
82.49446940422058,8.99092865369699
82.4958930015564,8.97499082184967
82.4958930015564,8.959182113921448
82.49689769744873,8.943509027602632
82.49736881256104,8.928196853075981
82.49736881256104,8.913118164816488
82.49837636947632,8.898117775462982
82.49837636947632,8.883061103347892
82.49938559532166,8.867830309450385
82.50037550926208,8.852377680674227
82.50137710571289,8.836610102863208
82.50137710571289,8.820512376534392
82.50137710571289,8.803820672423429
82.50237560272217,8.786645337233152
82.50237560272217,8.768902461740078
82.50337529182434,8.75071844536832
82.50337529182434,8.732102699200302
82.50437664985657,8.71308760278175
82.50537610054016,8.693997729782097
82.50537610054016,8.674546459814716
82.50637674331665,8.655057290884377
82.50637674331665,8.635254442734816
82.50637674331665,8.615489443941446
82.50737595558167,8.595542478607806
82.50737595558167,8.575183501970017
82.50837540626526,8.554350659240658
82.50837540626526,8.532982259916235
82.50938868522644,8.511095548466098
82.50938868522644,8.48870837735417
82.51037836074829,8.465468312711122
82.51037836074829,8.441642525147811
82.51137614250183,8.416271537026882
82.51137614250183,8.389812938665445
82.51137614250183,8.362061451227131
82.51237511634827,8.333512866573768
82.51237511634827,8.304365007444796
82.51337599754333,8.27535765956172
82.51337599754333,8.245703577917329
82.51437616348267,8.215869636883735
82.51437616348267,8.194429772550404
82.51437616348267,8.179360514125376
82.51537561416626,8.165431878865617
82.51537561416626,8.152436849947154
82.51537561416626,8.1402026401885
82.51670551300049,8.128494336274827
82.51670551300049,8.11664074681019
82.51771211624146,8.104877260836524
82.51771211624146,8.092521394491504
82.51872086524963,8.07981253170372
82.51872086524963,8.066579492513124
82.51971054077148,8.052358817839666
82.51971054077148,8.03689812611047
82.51971054077148,8.020794349593812
82.52071118354797,8.004256088665501
82.52171206474304,7.987336513521846
82.52171206474304,7.970582074187961
82.52271103858948,7.954174027103898
82.52271103858948,7.938020657105005
82.52371120452881,7.921367455438039
82.52371120452881,7.904352265191386
82.52371120452881,7.887179504624515
82.52471017837524,7.869799498950345
82.52471017837524,7.852342782707026
82.52571058273315,7.835046742146308
82.52571058273315,7.81803011274978
82.5267105102539,7.80109976686582
82.5267105102539,7.784119304154776
82.52771067619324,7.767036940879906
82.52771067619324,7.750016717735285
82.52771067619324,7.732936760620833
82.52849912643433,7.71572132040718
82.52952480316162,7.698479063746439
82.52952480316162,7.681517944894209
82.53052544593811,7.664760872900567
82.53052544593811,7.648101436700478
82.53052544593811,7.631561282731475
82.5315351486206,7.615142555305113
82.5315351486206,7.598793886386371
82.53252339363098,7.582273909758254
82.53252339363098,7.565814666078153
82.53352427482605,7.549497578795876
82.53352427482605,7.533159595902795
82.5345242023468,7.516994488120737
82.5345242023468,7.501102062743495
82.5345242023468,7.485365731301744
89.31370830535889,7.469892191554075
89.31677389144897,7.454400812700023
89.3187747001648,7.439213773402674
89.31977438926697,7.4236161877206195
89.3219621181488,7.4086506818302
89.32348847389221,7.393891624655854
89.32448697090149,7.379153502860599
89.32556653022766,7.364488932753395
89.32800126075745,7.349784578585463
89.32901501655579,7.3350531376668675
89.33013963699341,7.320256234423054
89.33115124702454,7.3053424753088
89.3331527709961,7.290617903174675
89.33414673805237,7.275619410554145
89.33558320999146,7.260652919454438
89.33663511276245,7.24553127683671
89.33859777450562,7.230129537370701
89.33959436416626,7.214479473351388
89.3405933380127,7.1984766844017365
89.34159421920776,7.182000713998057
89.34259247779846,7.165169883654278
89.34364581108093,7.14792983184782
89.34465265274048,7.130409316042088
89.34565258026123,7.112838215884466
89.34565258026123,7.095381455467724
89.3466534614563,7.078277454171478
89.3466534614563,7.061353368799571
89.34811472892761,7.044821608111063
89.34950947761536,7.028342155820892
89.34950947761536,7.012151622348832
89.3505175113678,6.996228084583094
89.3505175113678,6.980495182847906
89.35192203521729,6.9651613209620455
89.35192203521729,6.95034182933281
89.35192203521729,6.936309645627887
89.35293316841125,6.923054100159922
89.35293316841125,6.910134744518131
89.35293316841125,6.897998174681702
89.35421752929688,6.886571324519103
89.35421752929688,6.8757494737758185
89.3552234172821,6.865325428249445
89.3552234172821,6.855413839082732
89.3552234172821,6.845905433598921
89.3552234172821,6.836479834744204
89.3567111492157,6.827205738527584
89.3567111492157,6.81810394587591
89.35807394981384,6.808956629848678
89.35807394981384,6.800150938349555
89.35907888412476,6.79097796692663
89.35907888412476,6.781532828503988
89.35907888412476,6.771812671041706
89.36045384407043,6.761919637020268
89.36095905303955,6.752041277593431
89.36095905303955,6.742289743680851
89.36095905303955,6.731896553336949
89.36245155334473,6.721398803608865
89.36360836029053,6.7111138542844655
89.36360836029053,6.700569719630887
89.36360836029053,6.690022879400896
89.3647813796997,6.679306819362817
89.36528754234314,6.66834967637538
89.36528754234314,6.657008136889917
89.36528754234314,6.644901348257906
89.36660838127136,6.632223489594611
89.36660838127136,6.618868309625707
89.36660838127136,6.60486024294822
89.36788296699524,6.590268464553072
89.36788296699524,6.574506355777266
89.36888861656189,6.55811499846963
89.36888861656189,6.541085728243023
89.36888861656189,6.522875647976033
89.36988663673401,6.5031687922741375
89.36988663673401,6.482312800469915
89.37101674079895,6.460113831564016
89.37101674079895,6.436830085837801
89.37202024459839,6.412886127802175
89.37202024459839,6.38877565994702
89.37202024459839,6.3640277023986105
89.3730206489563,6.338719279276174
89.3730206489563,6.312882396858777
89.37402081489563,6.286941845057383
89.37402081489563,6.261040437411055
89.37502074241638,6.234934475216771
89.37502074241638,6.208345041191426
89.37603878974915,6.181024683661836
89.37603878974915,6.152752120284298
89.37603878974915,6.123118699139484
89.37603878974915,6.091794384064241
89.37702012062073,6.0584400583163305
89.37702012062073,6.022705864897491
89.37802052497864,5.984510786090718
89.37802052497864,5.9436082236836825
89.37802052497864,5.900019352184831
89.37902092933655,5.855545885938502
89.37902092933655,5.82348940873255
89.38001990318298,5.791957484063291
89.38001990318298,5.760966525677199
89.38001990318298,5.7307250923819355
89.38001990318298,5.70132914232706
89.38101959228516,5.672778870177887
89.38101959228516,5.644980260994111
89.38101959228516,5.618009819629243
89.38201951980591,5.591909641239742
89.38201951980591,5.56653091915554
89.38201951980591,5.54192150832784
89.38302183151245,5.517920970842272
89.38302183151245,5.49463191743938
89.38403081893921,5.472014340626263
89.38403081893921,5.44991370801872
89.38403081893921,5.428394697117221
89.38502740859985,5.4073833516514735
89.38502740859985,5.386857790518295
89.38502740859985,5.366761453264292
89.38601994514465,5.3470903324144
89.38601994514465,5.3277792005726905
89.38702034950256,5.30882634823647
89.38702034950256,5.290098090003237
89.38802123069763,5.271467785553006
89.38802123069763,5.252889676253593
89.38802123069763,5.234288970655426
89.38902711868286,5.215611221897353
89.38902711868286,5.196849099208552
89.39001989364624,5.177932524513577
89.39001989364624,5.158885061317133
89.39001989364624,5.139696120361653
89.39101982116699,5.120385339335642
89.39101982116699,5.100857040758216
89.39202237129211,5.081005125414067
89.39202237129211,5.060812979306776
89.39302349090576,5.040277838380606
89.39302349090576,5.019465891178151
89.39402556419373,4.9984070091143895
89.39502263069153,4.977167486368095
89.39502263069153,4.955900404006767
89.3960211277008,4.934766383900828
89.3960211277008,4.913662909334803
89.39702272415161,4.892635939399771
96.17407536506653,4.87163882410312
96.1757926940918,4.850643842574916
96.17671632766724,4.829613491884948
96.1772198677063,4.808582439796577
96.17824840545654,4.787618215097495
96.17922949790955,4.766793199818392
96.18123173713684,4.746186333223547
96.18224668502808,4.7258181294016
96.18323016166687,4.705813011295378
96.1842291355133,4.686189329645323
96.18584609031677,4.667014278500268
96.1868462562561,4.6483922513422655
96.1878457069397,4.630315530110528
96.18884348869324,4.612749885561188
96.18884348869324,4.595640975835233
96.18984484672546,4.578980216882133
96.19084358215332,4.5628464483436995
96.19084358215332,4.547102341130323
96.19184422492981,4.531739965144938
96.19184422492981,4.516569022411576
96.19284248352051,4.501612278771491
96.19384241104126,4.486726690104202
96.19384241104126,4.472001394197902
96.19484400749207,4.457334818756309
96.19584465026855,4.442664805038669
96.19684362411499,4.428105052512414
96.19784474372864,4.413542833604276
96.19884419441223,4.3990246622657665
96.19884419441223,4.384685877785916
96.19984531402588,4.370751352149185
96.20084476470947,4.357064401188479
96.20148849487305,4.343433017081134
96.20254564285278,4.329855137355673
96.20354390144348,4.316237442913088
96.20354390144348,4.302615245816504
96.20454454421997,4.288703388155286
96.20560026168823,4.2742881489406335
96.20654392242432,4.259507989926631
96.20754671096802,4.244250565187215
96.20854473114014,4.228705377036809
96.20955014228821,4.212958684176906
96.21055173873901,4.196849422393904
96.21154618263245,4.180310531257897
96.21254444122314,4.162928825753192
96.21355271339417,4.144729369006354
96.21454286575317,4.1257140954066855
96.21454286575317,4.105558536002082
96.21554517745972,4.084399606181527
96.21654295921326,4.062017398361129
96.21754455566406,4.038024010091849
96.21854281425476,4.012424504989643
96.21954298019409,3.985405432426562
96.21954298019409,3.9568084928291976
96.22054386138916,3.9263261524773454
96.22154307365417,3.893833942595934
96.22255229949951,3.859127254320016
96.22255229949951,3.822318756148515
96.22354435920715,3.783760726954937
96.22454333305359,3.743360168536619
96.22555327415466,3.7009632697916532
96.22555327415466,3.6569763982155803
96.22654294967651,3.6113146870622734
96.22754287719727,3.5643191484317924
96.22854256629944,3.515806324071223
96.22854256629944,3.4812090280104897
96.22955513000488,3.4488993685600047
96.2305428981781,3.418804581722784
96.2305428981781,3.390752710502685
96.23154258728027,3.3647120534463535
96.23254323005676,3.3402956105630297
96.23354244232178,3.3173344667590463
96.23354244232178,3.2958317280854286
96.23454165458679,3.2754027488205884
96.23454165458679,3.256079674614265
96.23554134368896,3.2376547940043197
96.23654246330261,3.2201148268107294
96.23762059211731,3.2034165874161014
96.23762059211731,3.1880145424102673
96.23862409591675,3.174202102953193
96.23862409591675,3.1614171761863052
96.23962378501892,3.148824359307866
96.23962378501892,3.1355945805779544
96.24062466621399,3.1231862736940963
96.24062466621399,3.110940533826807
96.24062466621399,3.0967187756474237
96.24209856987,3.0814295674992938
96.24209856987,3.066078316153401
96.24310231208801,3.050831587582951
96.24310231208801,3.0355172280119156
96.24410223960876,3.0203005979867545
96.24510288238525,3.005174328711434
96.24510288238525,2.9902802200513228
96.24510288238525,2.975662189384345
96.24611353874207,2.9614748008654366
96.24611353874207,2.947776735945564
96.24711322784424,2.9345315087044668
96.24711322784424,2.9220174072475578
96.24711322784424,2.910254675135656
96.24852299690247,2.8994097580586877
96.24852299690247,2.8894684697124497
96.24965047836304,2.880316375063248
96.24965047836304,2.87203880458556
96.24965047836304,2.8643866579254116
96.2506537437439,2.8573375931365375
96.2506537437439,2.850846297494212
96.2506537437439,2.8448044064480396
96.25198984146118,2.8392943326674187
96.25198984146118,2.834180305981996
96.25198984146118,2.829258664348358
96.25299382209778,2.8246565479723884
96.25299382209778,2.820376749167249
96.25399351119995,2.8163250945006855
96.25399351119995,2.8127199931633964
96.25399351119995,2.809493511808394
96.25499272346497,2.8065750627374464
96.25499272346497,2.803968859454107
96.25499272346497,2.8017695072515902
96.25599265098572,2.799960765849306
96.25599265098572,2.798462321782427
96.25699400901794,2.7974256112379994
96.25699400901794,2.79683674814624
96.25799441337585,2.7965257051184294
96.25799441337585,2.7964743670542225
96.25799441337585,2.7968058740391335
96.25899338722229,2.7975131377866345
96.25899338722229,2.798500990256727
96.26000142097473,2.7997659776489185
96.26000142097473,2.801323355046151
96.26000142097473,2.8030229574743504
96.26099348068237,2.804758979506475
96.26099348068237,2.806531546151941
96.26207160949707,2.808388037128816
96.26207160949707,2.8102542364948575
96.26207160949707,2.812036395181272
96.26308417320251,2.8136909652180466
96.26308417320251,2.8151359059850263
96.26308417320251,2.8144099085068293
103.02788305282593,2.8050278001190145
103.02888417243958,2.7952977844100815
103.0294861793518,2.7852326850879154
103.0305688381195,2.7748014160219716
103.03157925605774,2.764073949086949
103.03258657455444,2.7530135575720807
103.03358817100525,2.7415504996691373
103.03458571434021,2.729670141132266
103.03566098213196,2.717493486053284
103.03658509254456,2.705136154645334
103.03758668899536,2.692746858143366
103.03758668899536,2.6803485684103605
103.03958702087402,2.6680915881063045
103.03958702087402,2.6558971894939543
103.04058623313904,2.6438065390063747
103.04158663749695,2.6316495332977676
103.04258608818054,2.6195001554058575
103.04258608818054,2.6071923684349048
103.04358530044556,2.5948487374215152
103.04458498954773,2.582451371367781
103.04458498954773,2.5700485439070784
103.04558563232422,2.5576363817504753
103.04558563232422,2.5452526264150297
103.04658341407776,2.53291510485251
103.04658341407776,2.520680886806963
103.04758501052856,2.5086212428777035
103.04758501052856,2.496722500845777
103.04858565330505,2.484879988132086
103.04958510398865,2.472902221763212
103.04958510398865,2.4608738000859125
103.05058479309082,2.4485817124329277
103.05058479309082,2.436096471027206
103.05158519744873,2.4232440064108287
103.05258584022522,2.4099623941877626
103.05258584022522,2.3961967457181426
103.05358457565308,2.381814922436469
103.05458760261536,2.3666608844821293
103.05458760261536,2.350816478124019
103.05558586120605,2.334120517899141
103.05558586120605,2.3165523222210695
103.05658650398254,2.298022708553094
103.05658650398254,2.2786654282030336
103.05758762359619,2.2586838174725683
103.05758762359619,2.238180697347379
103.05858588218689,2.2172660550200467
103.05858588218689,2.1962844241322954
103.05958557128906,2.1751520720427098
103.05958557128906,2.1539038757466815
103.06058549880981,2.1325140426836056
103.06058549880981,2.110913354647284
103.06158542633057,2.0889598864872716
103.06158542633057,2.0665056442611056
103.06158542633057,2.0435317706079457
103.06258463859558,2.0198319542053262
103.06258463859558,1.9953556563102663
103.06258463859558,1.9700686150747444
103.06358456611633,1.9439959053262
103.06358456611633,1.9174028097080638
103.0645854473114,10.830005605978023
103.0645854473114,10.847358502290831
103.06558537483215,10.864737288130478
103.06558537483215,10.882189253701084
103.06558537483215,10.899855206712035
103.06558537483215,10.917813436340971
103.0665853023529,10.936011231037018
103.0665853023529,10.954340540345681
103.0665853023529,10.972775542914825
103.06758451461792,10.990906555471819
103.06758451461792,11.008835144961788
103.06858944892883,11.0263609426818
103.06858944892883,11.04342339559571
103.0696005821228,11.060234513276374
103.0696005821228,11.076521333053332
103.0705885887146,11.092232924506547
103.0705885887146,11.10735940748378
103.0705885887146,11.122012660752647
103.07158732414246,11.136151400018706
103.07158732414246,11.15004068590493
103.07258534431458,11.163581597655693
103.07258534431458,11.176690654429462
103.07358455657959,11.189523522939277
103.07358455657959,11.201997464246196
103.07358455657959,11.214103761985017
103.07458448410034,11.226018182979118
103.07458448410034,11.237516743589238
103.07458448410034,11.248597830952097
103.07558512687683,11.259159178609304
103.07558512687683,11.269498793222985
103.07558512687683,11.279817019743533
103.07658576965332,11.290305072591005
103.07658576965332,11.300926080345414
103.07758593559265,11.311736924652283
103.07758593559265,11.322940585129814
103.07758593559265,11.334875108520041
103.07858610153198,11.347612291212466
103.07858610153198,11.361131450654431
103.07858610153198,11.375514503217484
103.0795841217041,11.390593568951674
103.0795841217041,11.406092032810502
103.08058500289917,11.421843637597188
103.08058500289917,11.43758098896584
103.08058500289917,11.453170214045342
103.08158445358276,11.468307574853625
103.08158445358276,11.4829302395286
103.08258557319641,11.496935061763239
103.0830466747284,11.510168051208469
103.0830466747284,11.522660041164551
103.08405113220215,11.534486653127747
103.08405113220215,11.54552092680409
103.08505606651306,11.555907970054571
103.08505606651306,11.565749133393211
103.08610248565674,11.574982141404947
103.08610248565674,11.583638538151918
103.08610248565674,11.59183847549714
103.08710718154907,11.59967827941795
103.08710718154907,11.606985183445554
103.08710718154907,11.613820082587196
103.08710718154907,11.620367087155657
103.08835506439209,11.626672521295898
103.08835506439209,11.632684809958613
103.08986616134644,11.638467767784467
103.09037160873413,11.644100892419766
103.09037160873413,11.64969366774902
103.09037160873413,11.655293789308896
103.0913770198822,11.661041560337475
103.0913770198822,11.667010291104214
103.0913770198822,11.673340131983025
103.0913770198822,11.680046813545365
103.09250855445862,11.68728955729584
103.09250855445862,11.694871260738022
103.09351301193237,11.70274355264527
103.09351301193237,11.71090919355888
103.09451293945312,11.719213887866974
103.09451293945312,11.727550342590643
103.09451293945312,11.735942341650253
103.09551334381104,11.74438966374384
103.09551334381104,11.752972669122547
109.8835859298706,11.761680445699472
109.88644695281982,11.770651854449442
109.88846564292908,11.779920723019302
109.89046502113342,11.78943513172771
109.89285373687744,11.79910440667365
109.89385199546814,11.808883922367075
109.89585208892822,11.818668489430868
109.8968493938446,11.828341372864031
109.89885139465332,11.837847298249622
109.8999080657959,11.847136924282974
109.90084767341614,11.856103780434921
109.90287637710571,11.864663225389958
109.90390086174011,11.872868354144098
109.90584778785706,11.880738061878587
109.90685033798218,11.888349447981977
109.9078471660614,11.895786375540494
109.90984630584717,11.903116515791085
109.90984630584717,11.91039810730862
109.91084551811218,11.91772815082074
109.91178059577942,11.925135626914395
109.91278672218323,11.932670855534734
109.9137876033783,11.940324689807124
109.91478776931763,11.948146039375818
109.91522550582886,11.956109596836637
109.91624164581299,11.964229475781746
109.91624164581299,11.972453298552514
109.91724419593811,11.980701401868233
109.91724419593811,11.988951836931598
109.9182403087616,11.9971274995232
109.9182403087616,12.005209351523469
109.91923928260803,12.013279542171972
109.91923928260803,12.021417604510779
109.91923928260803,12.029531160133281
109.9202389717102,12.037599922479366
109.9202389717102,12.045511511661283
109.92123889923096,12.053214918287424
109.92123889923096,12.0607419424383
109.92223954200745,12.06811451504858
109.92223954200745,12.075368366095232
109.92323994636536,12.082535113518773
109.92323994636536,12.089672996414999
109.92423939704895,12.096801943629275
109.92423939704895,12.10391308879967
109.92423939704895,12.111018731335701
109.92523860931396,12.118092978762935
109.92523860931396,12.12516829117595
109.92624115943909,12.132227660618879
109.92624115943909,12.139314750346397
109.92624115943909,12.14647093192326
109.9272391796112,12.153757124012747
109.9272391796112,12.16120419580825
109.92823958396912,12.168850237746778
109.92823958396912,12.17672191374361
109.92823958396912,12.184847446041834
109.92923879623413,12.19323501494442
109.92923879623413,12.20185574636303
109.93023943901062,12.210702982071592
109.93023943901062,12.21978340056934
109.93123936653137,12.229141642243825
109.93123936653137,12.238816053288572
109.93123936653137,12.248826625168013
109.93223857879639,12.2591454246279
109.93223857879639,12.26980743468354
109.93324875831604,12.280757781461862
109.93324875831604,12.291927677647353
109.93423986434937,12.30320102055673
109.93423986434937,12.314422773302208
109.93523955345154,12.325466050277337
109.93523955345154,12.336266739945346
109.93523955345154,12.346796902448366
109.93623852729797,12.357074550759584
109.93623852729797,12.367109810861972
109.93623852729797,12.376956159376926
109.93723917007446,12.386670642175615
109.93723917007446,12.39632248595557
109.93824028968811,12.405963146699554
109.93824028968811,12.415624649153042
109.93923950195312,12.425315732588736
109.93923950195312,12.435033338952703
109.93923950195312,12.444764124275158
109.94023871421814,12.454484917313229
109.94023871421814,12.46415156981353
109.94123864173889,12.473702983177061
109.94123864173889,12.483055911372437
109.9422402381897,12.492113890843521
109.9422402381897,12.50080621422098
109.94348096847534,12.50912625019052
109.94348096847534,12.517164491632773
109.94348096847534,12.5250648478614
109.94448375701904,12.532998590091541
109.94448375701904,12.541066845273473
109.94448375701904,12.549288318257904
109.94448375701904,12.557610074750528
109.94548344612122,12.565926322560102
109.94548344612122,12.574123774581292
109.94548344612122,12.58210221474323
109.94648504257202,12.58977939834849
109.94748544692993,12.59709484864955
109.94748544692993,12.604030414249994
109.94748544692993,12.610649177494615
109.94848465919495,12.617071179726805
109.94848465919495,12.623441786232574
109.94848465919495,12.629904272466746
109.94948387145996,12.636562691449674
109.94948387145996,12.643464030278995
109.94948387145996,12.65056949581711
109.95048379898071,12.657793658638901
109.95148491859436,12.665055755804802
109.95148491859436,12.672272738377387
109.95148491859436,12.679356043207925
109.95148491859436,12.6862053333724
109.95294404029846,12.692704502551962
109.95294404029846,12.698769415767341
109.95294404029846,12.70441276972702
109.95394730567932,12.70979060694236
109.95394730567932,12.715114309082477
109.95394730567932,12.720633417232909
109.95494842529297,12.726564903236579
109.95494842529297,12.733116977540476
109.95494842529297,12.740513740679248
109.9559485912323,12.748937438549639
109.9559485912323,12.758538171958788
109.9559485912323,12.769426369585137
109.95694756507874,12.781672949995375
109.95694756507874,12.795280728624524
109.95694756507874,12.810166085873133
109.95796489715576,12.826221971152629
109.95796489715576,12.84328194511687
109.95796489715576,12.861112441252704
109.95894813537598,12.879467906662315
109.95894813537598,12.899405442929307
109.95994925498962,12.920797135469309
109.95994925498962,12.941541075299213
109.95994925498962,12.961762306078615
109.9609477519989,12.981613680043425
109.9609477519989,13.001237129796296
109.9609477519989,13.020754336027462
116.74336242675781,13.040205725139577
116.74635982513428,13.059596265721229
116.74835991859436,13.07890617684757
116.75136184692383,13.098100198009373
116.75336813926697,13.117142679803178
116.75636386871338,13.135957699666646
116.75936269760132,13.154442387559811
116.76236248016357,13.172532997208805
116.7633626461029,13.19020690581901
116.76536297798157,13.207492092091533
116.76736116409302,13.224453062212625
116.7693612575531,13.241142997606588
116.77035927772522,13.257615103904403
116.77135920524597,13.27388380282863
116.77343797683716,13.289978799580474
116.77535843849182,13.305930358857491
116.7764060497284,13.32174072260502
116.77696490287781,13.337383967350304
116.77803039550781,13.352848305748186
116.7789797782898,13.368121158833597
116.7799813747406,13.383247425906601
116.7809796333313,13.398294850069982
116.78199887275696,13.413386628899838
116.78199887275696,13.428690214706798
116.78318977355957,13.44435236313431
116.78419613838196,13.460452979107409
116.78419613838196,13.476979475696249
116.78519558906555,13.493914912887115
116.7861955165863,13.511135125374867
116.7861955165863,13.528555207497392
116.78719782829285,13.54617249669738
116.7881965637207,13.564000821378743
116.78920292854309,13.582006311208689
116.78920292854309,13.600100819817694
116.79019474983215,13.618182828623697
116.79019474983215,13.636193083579613
116.79119515419006,13.654115327114257
116.7922010421753,13.671943558086873
116.7992033958435,13.689665210104668
116.80121159553528,13.707259493151712
116.80320572853088,13.724694779759705
116.80620050430298,13.7419403163213
116.8092029094696,13.758958141986762
116.81219840049744,13.775709947269759
116.81520175933838,13.792167341826236
116.81620168685913,13.808287863616982
116.81820178031921,13.82404024998485
116.82019972801208,13.839378176659883
116.82219624519348,13.854296125404394
116.82420134544373,13.868788917683487
116.82519888877869,13.882861803751783
116.82619857788086,13.896528621391843
116.82729697227478,13.909792420235224
116.82828307151794,13.922669282171634
116.82919645309448,13.935160508184248
116.83030605316162,13.947269009659426
116.8311972618103,13.958984462473436
116.83219623565674,13.970293561998352
116.83319735527039,13.981203362067467
116.83419632911682,13.991709678903138
116.83519625663757,14.001832870976074
116.83719539642334,14.011574965322698
116.83819580078125,4.189182648825517
116.8392813205719,4.206272559159759
116.84027409553528,4.223123772255147
116.84027409553528,4.239704802957444
116.84128284454346,4.255997760649004
116.84219527244568,4.2719157272664505
116.84327697753906,4.287362720929567
116.84427618980408,4.302406052997232
116.84523963928223,4.317062855458214
116.84523963928223,4.331378854892192
116.84727644920349,4.34552244663786
116.84820199012756,4.359585203542118
116.84919500350952,4.373607228386719
116.85119771957397,4.3876371636587
116.85320138931274,4.401706327581076
116.85520267486572,4.4156928199883705
116.85619807243347,4.429574456733384
116.85719442367554,4.443304568314717
116.85819840431213,4.456719145533974
116.85920000076294,4.469696527760707
116.86021995544434,4.4820797230466445
116.8612015247345,4.4938074501716425
116.86219477653503,4.504747606715612
116.8631944656372,4.514705861790427
116.86375880241394,4.5235971055639
116.86449360847473,4.531401747330755
116.86552095413208,4.538162648049578
116.86650824546814,4.543886512718851
116.86750936508179,4.5488083357164575
116.86750936508179,4.55309104566653
116.86851525306702,4.556907606285984
116.86951470375061,4.560485520360329
116.87050795555115,4.564103110624118
116.87050795555115,4.568017832436107
116.87150835990906,4.572341048850508
116.87221813201904,4.57713228053124
116.87322735786438,4.582304185796686
116.87422585487366,4.587707650396264
116.87422585487366,4.593216748328076
116.87522792816162,4.598598943988256
116.87623572349548,4.603810519418322
116.87723231315613,4.6087955129719305
116.87822651863098,4.61344360359525
116.87822651863098,4.617649135599212
116.87922620773315,4.621305426432635
116.87922620773315,4.624429652671324
116.88023328781128,4.627179916268414
116.8812325000763,4.629664968141295
116.8812325000763,4.63181446719272
116.88223242759705,4.633594648055657
116.88322615623474,4.634997230109802
116.88422775268555,4.636146200047831
116.88522577285767,4.6371644594409664
116.88623261451721,4.638240535413671
116.88623261451721,4.639615893844045
116.88722681999207,4.641298224417595
116.8882257938385,4.643355227745138
116.8882257938385,4.645682866018939
116.88922595977783,4.648239439628455
116.8902370929718,4.65095364346709
116.8902370929718,4.653749305834061
116.89123296737671,4.656525858643349
116.89222598075867,4.659222141852107
116.89222598075867,4.661797870879154
116.89322686195374,4.6642068470676
116.89422535896301,4.6663871715209675
116.89422535896301,4.66825259000888
116.89522671699524,4.669738705558097
116.89522671699524,4.670872432513427
116.89622616767883,4.671691399730179
116.89722657203674,4.672160202806738
116.89822506904602,4.672356020044404
116.89822506904602,4.672364935054279
116.89915060997009,4.672041274807416
116.90016984939575,4.671470262574884
123.600750207901,4.670617957780408
123.6027557849884,4.669458396461735
123.60426115989685,4.6680332498017
123.60719227790833,4.666288518432726
123.60919451713562,4.664224747406985
123.61218976974487,4.661888658206342
123.61427140235901,4.659313931342986
123.61619067192078,4.656515958525913
123.61818742752075,4.653486622535731
123.62023997306824,4.650283382147152
123.62219619750977,4.646914552493152
123.62418746948242,4.643358601251891
123.62518858909607,4.639632890999875
123.62718510627747,4.635731753135667
123.62818598747253,4.631666728793482
123.63018822669983,4.627492869310298
123.63118314743042,4.623195590372728
123.63218426704407,4.618833195365645
123.63318514823914,4.614378656886551
123.63418483734131,4.609830866462222
123.63511085510254,4.605187614939659
123.63711881637573,4.600490090134202
123.63816595077515,4.5956873089374035
123.6391167640686,4.590793662929501
123.64012622833252,4.5858477236808
123.64027738571167,4.580818688219337
123.6413049697876,4.575785819724563
123.64230346679688,4.570762072546837
123.64230346679688,4.5657601546652575
123.64330959320068,4.560779123225427
123.64430356025696,4.55585612448087
123.64530372619629,4.551029525081384
123.64530372619629,4.5463206385426576
123.64630556106567,4.541712340878831
123.64687275886536,4.5372736756471355
123.6478796005249,4.533049340927806
123.6478796005249,4.528975564422591
123.64887928962708,4.525068010061575
123.64987993240356,4.521372817043447
123.64987993240356,4.517773782338213
123.65088033676147,4.514217448244491
123.65088033676147,4.510681351366622
123.6518907546997,4.507242957370711
123.6518907546997,4.503878366551905
123.65288090705872,4.500625575870551
123.65388059616089,4.497514268583048
123.65388059616089,4.494569656408362
123.65488028526306,4.491783697307923
123.65488028526306,4.489128714781629
123.65589618682861,4.48662090935376
123.65687942504883,4.48427918659023
123.65687942504883,4.482100408639332
123.65787982940674,4.480169681312936
123.65887975692749,4.478476051080712
123.65887975692749,4.4769753688455864
123.65987944602966,4.475697637308421
123.65987944602966,4.474613615289971
123.66087889671326,4.473720977768738
123.66187977790833,4.472993055709037
123.66187977790833,4.4724107835326095
123.66287899017334,4.471983221897427
123.66287899017334,4.47162108752672
123.66387987136841,4.471366542896778
123.66387987136841,4.471172274449256
123.66487860679626,4.4710556049779955
123.66587901115417,4.470988202830376
123.66587901115417,4.470962000425949
123.66587901115417,4.470978922005089
123.6668951511383,4.471046057708109
123.6668951511383,4.471080369875235
123.66787838935852,4.471082397928827
123.66787838935852,4.4710654587836745
123.66887903213501,4.471055518325343
123.66887903213501,4.471058943686795
123.66987991333008,4.47119269004199
123.66987991333008,4.471450770308883
123.67088198661804,4.471836524140103
123.67088198661804,4.472301070257008
123.67188024520874,4.472764632691219
123.67188024520874,4.473118375323093
123.67288970947266,4.473416060008404
123.67387986183167,4.473682783583761
123.67488098144531,4.473953374183007
123.67488098144531,4.473997716118788
123.67588090896606,4.473839285533417
123.67588090896606,4.473505466901747
123.67687845230103,4.472967124884334
123.67687845230103,4.47242044654061
123.67788553237915,4.4719129607436745
123.67888045310974,4.4715799059015895
123.67888045310974,4.4714291997412445
123.67987966537476,4.471543560463152
123.67987966537476,4.471971345943088
123.68087840080261,4.472772335597257
123.68087840080261,4.4739820482936565
123.68187952041626,4.475549095425167
123.68187952041626,4.477421264241032
123.68287992477417,4.479693161492535
123.68287992477417,4.482257102316254
123.68387961387634,4.4850605242855135
123.68387961387634,4.4880879219322765
123.68488669395447,4.491332513135156
123.68488669395447,4.494771090812863
123.68587851524353,4.498453094261256
123.68587851524353,4.50233550287599
123.68687915802002,4.506511832704164
123.68687915802002,4.510981865461017
123.68788051605225,4.51563886029834
123.68788051605225,4.520635911897385
123.68887901306152,4.52606130991667
123.68887901306152,4.5319201769150474
123.68987989425659,4.538341319495901
123.68987989425659,4.5454218637473724
123.6908802986145,4.553135845862944
123.6908802986145,4.5613611727386525
123.69188117980957,4.570181328897111
123.69188117980957,4.579594977452125
123.69288086891174,4.589436636912572
123.69288086891174,4.5996215965142735
123.69388103485107,4.609985064856614
123.69388103485107,4.620447000031529
123.69488000869751,4.631032969096209
123.69488000869751,4.6417101002040155
123.69587969779968,4.652493183384095
123.69587969779968,4.6633189181346895
123.69687986373901,4.674208639500549
123.69788026809692,4.685284392100434
123.69788026809692,4.696613579969667
123.69888043403625,4.708286220713054
123.69888043403625,4.7201305991676055
123.69987988471985,4.73227622389768
123.69987988471985,4.7448172181934005
123.70087933540344,4.757633401276531
123.70087933540344,4.770718099237327
123.70187950134277,4.783953967142181
123.70288133621216,4.797365387100706
123.70288133621216,4.811129586959298
123.70388007164001,4.825320166395357
130.46046686172485,4.839816789669835
130.46347332000732,4.854441329078216
130.46646666526794,4.86916728717509
130.46847581863403,4.883747738052895
130.47047185897827,4.898521139162095
130.47446370124817,4.91327993386987
130.4774739742279,4.927991413936309
130.48046827316284,4.942682721399428
130.48346662521362,4.95740576431415
130.48646593093872,4.97222755615079
130.4894621372223,4.987059754519419
130.49246382713318,5.002044239326177
130.49446511268616,5.017141782488291
130.49546551704407,5.032289293490426
130.4974639415741,5.047569612238188
130.49846053123474,5.062894441440091
130.49946069717407,5.078282017498789
130.50046014785767,5.0938045653526345
130.501460313797,5.109372873056946
130.50246262550354,5.124858074532582
130.5034601688385,5.140364655900804
130.5044605731964,5.155982546625403
130.5054681301117,5.171673171976141
130.50645899772644,5.187534326186589
130.50645899772644,5.203469617447676
130.50745916366577,5.21950453361644
130.50846004486084,5.235641419450916
130.50947093963623,5.251738618362933
130.50947093963623,5.267900849696359
130.5104603767395,5.283860836604452
130.5104603767395,5.299752184048702
130.51145887374878,5.315389092851348
130.51145887374878,5.330789334326721
130.51245760917664,5.34602358427471
130.51346468925476,5.3611155302317
130.51346468925476,5.376114225923674
130.51445817947388,5.391019875477581
130.51445817947388,5.405695514520579
130.5154583454132,5.420859383327968
130.5154583454132,5.436104978019428
130.51646065711975,5.451464994557598
130.51745772361755,5.467506157279943
130.51745772361755,5.483958972637717
130.5184576511383,5.500999061177692
130.5184576511383,5.518360448803508
130.51945900917053,5.536708131958295
130.51945900917053,5.5562268835578
130.5204668045044,5.576386115496083
130.52145767211914,5.597522656829324
130.52145767211914,5.619343033931868
130.5224573612213,5.64151933881268
130.5224573612213,5.6648399670632
130.52345895767212,5.689037860936077
130.5244596004486,5.7133573160688425
130.5245373249054,5.738404994629566
130.52557253837585,5.764025285406964
130.52557253837585,5.790311412997119
130.5264446735382,5.816643643835587
130.5274567604065,5.842684999848892
130.5274567604065,5.869655256459204
130.52845668792725,5.898168150928312
130.52845668792725,5.924769746921175
130.52945613861084,5.94957675136759
130.5304627418518,5.97254690453048
130.5304627418518,5.9942930537743715
130.53145694732666,6.014488623969948
130.53145694732666,6.033716537757766
130.53245782852173,6.052272674616508
130.53245782852173,6.070518777262486
130.5331676006317,6.088295923159727
130.53418517112732,6.105689808401466
130.53418517112732,6.122465538254019
130.53418517112732,6.1384428360512455
130.53520393371582,6.1536014870685865
130.5361852645874,6.16807928111917
130.5361852645874,6.181710352683209
130.5371835231781,6.1949320003205095
130.53818273544312,6.207489203721112
130.53818273544312,6.2196133535806535
130.5391833782196,6.231173428671993
130.5391833782196,6.242027191909977
130.54018378257751,6.251683974587694
130.54018378257751,6.262007332518941
130.54118371009827,6.2712235233249185
130.54118371009827,6.279920498494102
130.54218411445618,6.287861150870033
130.54218411445618,6.295832104582251
130.54319024085999,6.304373148070483
130.54319024085999,6.312983213309795
130.54418444633484,6.32189116578352
130.54418444633484,6.330593210844651
130.54518342018127,6.3391359149586535
130.54518342018127,6.347322258589104
130.54618334770203,6.355957760861323
130.54618334770203,6.365333732659825
130.54718279838562,6.374855930975755
130.54718279838562,6.384137291719859
130.5481836795807,6.393371315152262
130.5481836795807,6.402762125716315
130.54918384552002,6.411492867964468
130.54918384552002,6.41970463598504
130.5500454902649,6.42735306532283
130.55106949806213,6.4346331632527765
130.55106949806213,6.441588080052218
130.55205988883972,6.448731775411029
130.55205988883972,6.455889474120167
130.55306005477905,6.462991417553002
130.55306005477905,6.469909951889624
130.55405950546265,6.476780034396226
130.5544421672821,6.483690789836261
130.55545687675476,6.4904358107865905
130.55545687675476,6.496986735372645
130.55645728111267,6.5032512744852085
130.55645728111267,6.50934189733548
130.55745720863342,6.515046796093373
130.55745720863342,6.52030266681894
130.55745720863342,6.525046167987125
130.5584578514099,6.5292926179416515
130.5584578514099,6.532936648504767
130.5594573020935,6.535892658935275
130.56045722961426,6.5382294287378615
130.56045722961426,6.540303869818767
130.5614573955536,6.5420724842624915
130.56246972084045,6.543370848365794
130.56246972084045,6.544123596060214
130.56246972084045,6.544359964174541
130.56345796585083,12.271095592625906
130.56345796585083,12.270429376255128
130.56445717811584,12.268834961443284
130.56445717811584,12.265558795667367
130.56545758247375,12.260650874393662
130.56545758247375,12.254982756720567
130.5664665699005,12.249139756440957
130.5664665699005,12.243381999739562
130.56743121147156,12.23779148722133
130.56844782829285,12.232411835099908
130.56844782829285,12.227282289756047
137.31098461151123,12.22238703692091
137.3139932155609,12.217690414274768
137.31591415405273,12.213168402131195
137.31896328926086,12.208824128999158
137.32196235656738,12.20459794058631
137.323961019516,12.200469528677802
137.32695984840393,12.196416824933454
137.32895755767822,12.192424528852772
137.33096194267273,12.188478255562664
137.33295941352844,12.184478326586905
137.3339581489563,12.180383145337748
137.33595871925354,12.176092373319452
137.33795809745789,12.171536160956968
137.33995580673218,12.166560609457417
137.34095644950867,12.16106014689724
137.3419542312622,12.154790958059648
137.34296369552612,12.147756574429351
137.34573674201965,12.139941672754478
137.34573674201965,12.131397260709548
137.3483784198761,12.122054298469722
137.3483784198761,12.111985963713765
137.3509714603424,12.101102064424722
137.35258531570435,12.089394980259055
137.35359930992126,12.07680119309631
137.35459756851196,12.063384521970221
137.3565957546234,12.049516989917853
137.3565957546234,12.03539500910284
137.35759925842285,12.020858321859823
137.35859513282776,12.005700382373035
137.35959458351135,11.989977285611067
137.36059474945068,11.973748552461483
137.36159563064575,11.956997011342864
137.36359786987305,11.939838529320443
137.36459755897522,11.92226941063519
137.3656017780304,11.904315520316928
137.36659502983093,11.88605540341351
137.36759305000305,11.867429106690862
137.3685963153839,11.848417357868438
137.3685963153839,11.829121605436109
137.3696093559265,11.809604094335814
137.3705930709839,11.789911846046962
137.37159943580627,11.770186853352334
137.37259435653687,11.75053972528962
137.37359428405762,11.730956605481893
137.37459635734558,11.711365565396699
137.37459635734558,11.69178135410739
137.37560439109802,11.672155123839612
137.37659573554993,11.652441883273827
137.37659573554993,11.632652617920588
137.37759518623352,11.61281471122656
137.3787500858307,11.592926871737845
137.3797571659088,11.572961770042332
137.3807590007782,11.552876818338152
137.3807590007782,11.532668230537382
137.38175702095032,11.512327300332874
137.3827555179596,11.491859983706455
137.3827555179596,11.471250494943664
137.38375616073608,11.450486443227557
137.38475799560547,11.429561209429828
137.3857569694519,11.408474342468978
137.3857569694519,11.387225024947965
137.38675618171692,11.365871959438016
137.38776278495789,11.344441842261457
137.38776278495789,11.322980094490264
137.38875651359558,11.301530388029024
137.38975596427917,11.280115361744626
137.38975596427917,11.258730617578735
137.39075469970703,11.237376859241644
137.39075469970703,11.21601307107953
137.39175462722778,11.19456181281113
137.39275789260864,11.172918237222618
137.39275789260864,11.15106730896519
137.39375638961792,11.128981175778334
137.39375638961792,11.106625709039545
137.39475631713867,11.083956935941467
137.3957552909851,11.060976927983504
137.3957552909851,11.037710908734725
137.39675450325012,11.014196297538216
137.39675450325012,10.990488973428622
137.3977563381195,10.966667628270368
137.3977563381195,10.942869471752816
137.3987557888031,10.919164669472128
137.3987557888031,10.89565824797464
137.3997676372528,10.872503827038809
137.4007556438446,10.849796252209778
137.4007556438446,10.8275784618903
137.40175580978394,10.805865849535321
137.40175580978394,10.784588250095709
137.4027554988861,10.763684814440964
137.4027554988861,10.743094225992301
137.4038164615631,10.7227465811948
137.4038164615631,10.70259025497705
137.40482115745544,10.68258043011584
137.40482115745544,10.662682347204337
137.40582180023193,10.642861734542004
137.40582180023193,10.623140985109568
137.40682125091553,10.603515379275553
137.40682125091553,10.584013854816089
137.40682125091553,10.564622589448287
137.40782618522644,10.541685768796189
137.40782618522644,10.480337241162308
137.40882110595703,10.426728952967052
137.40882110595703,10.379321755700628
137.40882110595703,10.33674634704283
137.4098207950592,10.298025345756267
137.4098207950592,10.262532523691567
137.41082072257996,10.229380001990632
137.41082072257996,10.19811542575209
137.41082072257996,10.168663093486904
137.4118196964264,10.140719760827087
137.4118196964264,10.114130047197646
137.4118196964264,10.088837113959551
137.41281962394714,10.064906483119598
137.41281962394714,10.042388646460083
137.41281962394714,10.021130031934858
137.41382098197937,10.001140898608432
137.41382098197937,9.982334943773678
137.41482067108154,9.964609026280778
137.41482067108154,9.947961119065212
137.41582012176514,9.932322306247316
137.41594338417053,9.917629842929262
137.41594338417053,9.90381330550887
137.41698384284973,9.890728147033476
137.41698384284973,9.8782710597015
137.41797399520874,9.86633855511463
137.4189736843109,9.854976450374702
137.4189736843109,9.84415347819272
137.41997361183167,9.833912311722763
137.41997361183167,9.824259642693661
137.41997361183167,9.815232990103427
137.42097520828247,9.80678926976112
137.42097520828247,9.798896080648925
137.42097520828247,9.791506529989208
137.42197465896606,9.784571346723443
137.4229748249054,9.778114971306527
137.4229748249054,9.77202775411249
137.4239730834961,9.766337921541815
144.17048597335815,9.761098692681436
144.17439699172974,9.756301062420231
144.1768672466278,9.75180947276138
144.1798632144928,9.747604078349124
144.18193244934082,9.74360804593028
144.1853859424591,9.739812770303493
144.18738675117493,9.736211638545303
144.19038033485413,9.73284151716737
144.19238018989563,9.729759387271159
144.19537734985352,9.727004850308582
144.1983859539032,9.72453576606599
144.19937777519226,9.722260927745838
144.20138120651245,9.720264243584092
144.20337677001953,9.718453780473338
144.20537304878235,9.716870935911647
144.20637321472168,9.715521719810774
144.2084846496582,9.714420840530192
144.2104799747467,9.71348845339139
144.21247720718384,9.712636156001423
144.2144787311554,9.711826572966089
144.2164809703827,9.71091228340129
144.21748089790344,9.709841409209856
144.21947956085205,9.708624184495193
144.22047877311707,9.70725477345742
144.22248101234436,9.705732886957346
144.22347903251648,9.704067089753702
144.22547721862793,9.702321148228808
144.22748565673828,9.700514515800075
144.2294774055481,9.698740775487142
144.23048210144043,9.697031924757509
144.23248291015625,9.695311996983346
144.23347902297974,9.693574083976335
144.23547983169556,9.691726825625357
144.23647737503052,9.689796760673278
144.23847842216492,9.687775125611122
144.23947715759277,9.685681840849767
144.24047780036926,9.683485061441711
144.2424774169922,9.681231243603879
144.24347853660583,9.678905329744222
144.244478225708,9.676528392012317
144.24547481536865,9.674119992565899
144.24647688865662,9.67177238549712
144.24747705459595,9.669433740956762
144.24833297729492,9.667098002596036
144.24934673309326,9.664840157534792
144.25034832954407,9.66263396791497
144.25136542320251,9.660451450260934
144.2523455619812,9.658300125181231
144.2533450126648,9.656167216986487
144.25434803962708,9.65402352001573
144.25534796714783,9.65194924323118
144.2563455104828,9.649988890530416
144.25734567642212,9.64813104682552
144.25835847854614,9.646408115937595
144.2593457698822,9.644838143205478
144.2593457698822,9.64339055080218
144.2603566646576,9.642054584932827
144.26134610176086,9.640764231300182
144.26234650611877,9.639528948158498
144.26334404945374,9.638315345364958
144.26334404945374,9.637067894945735
144.26434755325317,9.635770597431753
144.2653467655182,9.6346132349445
144.26634645462036,9.633333079786166
144.26734471321106,9.631981359792752
144.2683446407318,9.63053455159382
144.2683446407318,9.629000456847146
144.2693431377411,9.62746050865024
144.27034401893616,9.625815787937048
144.27134561538696,9.624066375959506
144.27134561538696,9.622143292504157
144.27334642410278,9.620064572704385
144.27334642410278,9.617890405779638
144.27434396743774,9.61564133629893
144.27534365653992,9.613380803186645
144.27534365653992,9.611093796176963
144.27634382247925,9.608834004831293
144.27634382247925,9.606620751289633
144.27734351158142,9.604476894998065
144.27734351158142,9.602517670055155
144.27834343910217,9.600677388940547
144.27834343910217,9.598932039199953
144.2793436050415,9.597206654390366
144.2803454399109,9.59535007155192
144.2803454399109,9.593325387696744
144.2803454399109,9.591222006235233
144.28134560585022,9.589048190869661
144.28134560585022,9.58682375416718
144.28234386444092,9.584535367912354
144.28234386444092,9.582218095688365
144.28334307670593,9.579916320232968
144.28334307670593,9.577551208033762
144.28434419631958,9.57510158372334
144.28434419631958,9.57257053359401
144.28434419631958,9.569991262694497
144.2853422164917,9.567289089257827
144.2853422164917,9.564589587748676
144.2853422164917,9.561798726461177
144.28634333610535,9.559092402745238
144.28634333610535,9.5563423958404
144.28734302520752,9.553645587855621
144.28734302520752,9.550955764908249
144.2883424758911,9.548258100017744
144.2883424758911,9.54551178833602
144.28934144973755,9.542747022565743
144.28934144973755,9.539998739983746
144.28934144973755,9.53725983925967
144.28934144973755,9.534551990851254
144.29035186767578,9.531817111862132
144.29035186767578,9.529084878504822
144.29035186767578,9.526362240453794
144.29134821891785,9.523610753772203
144.29134821891785,9.520813018336895
144.29234194755554,9.517945975246185
144.29234194755554,9.515011676280109
144.29334211349487,9.512053433033708
144.29334211349487,9.50906742895214
144.29434657096863,9.506065856553157
144.29534363746643,9.503036956967819
144.29534363746643,9.500002549774893
144.29634404182434,9.49694157128057
144.29634404182434,9.493892193598926
144.2973437309265,9.490811503248851
144.2973928451538,9.487748084820192
144.2973928451538,9.484725271992753
144.29844641685486,9.481698247543804
144.29844641685486,9.478684198052331
144.29945755004883,9.475634722581269
144.29945755004883,9.472508903525634
144.30045628547668,9.46924033479662
144.30045628547668,9.465895305269779
144.30145573616028,9.462445441490942
144.30145573616028,9.45890585159982
144.3024570941925,9.45525130681361
144.3024570941925,9.451397518474364
144.3024570941925,9.447314891409286
144.30345559120178,9.443015557893204
151.0182089805603,9.438480197305982
151.02013206481934,9.433835527043303
151.0221300125122,9.429346824779337
151.02412915229797,9.425159187728884
151.02612924575806,9.420937326055306
151.0271303653717,9.41670266145402
151.02913093566895,9.41241198880688
151.03012990951538,9.408069931757106
151.03112936019897,9.403805735900615
151.03312611579895,9.39964369039024
151.0341281890869,9.3955855647415
151.03512597084045,9.391548256305395
151.03643441200256,9.387477013700144
151.03744268417358,9.383298008112433
151.0384407043457,9.379185291676457
151.0384407043457,9.375063562436118
151.03944158554077,9.371115313742836
151.04045176506042,9.367315038720738
151.04045176506042,9.363632036353232
151.04244232177734,9.360151291438376
151.04244232177734,9.357037959242883
151.04344201087952,9.35403248251387
151.04444670677185,9.351038034224288
151.0447223186493,9.348082444159115
151.04572987556458,9.345115316879218
151.04572987556458,9.342266910870087
151.04711079597473,9.33950008556888
151.04811930656433,9.336685059678816
151.04811930656433,9.333935745142352
151.0491180419922,9.331452934597042
151.05011796951294,9.329342968860358
151.05011796951294,9.327637055994547
151.05121040344238,9.326241935453007
151.05211806297302,9.325091585663763
151.05211806297302,9.324156358343215
151.05311918258667,9.323417159838641
151.05411887168884,9.32281478755646
151.05512499809265,9.322468868455214
151.05512499809265,9.322247967764714
151.05611777305603,9.322058655814251
151.05611777305603,9.321895556698847
151.0571174621582,9.321663389730775
151.0581181049347,9.321337871740118
151.0581181049347,9.32098374095743
151.05911684036255,9.320615704826235
151.05911684036255,9.320204820725186
151.06011843681335,9.319687388052953
151.06111860275269,9.31894263314003
151.06111860275269,9.318112782497419
151.06211733818054,9.317144197622039
151.0631172657013,9.31607590076265
151.0631172657013,9.314913943969366
151.06411838531494,9.313688981348795
151.06411838531494,9.312345497736478
151.06511878967285,9.310968609093585
151.06511878967285,9.309562953514089
151.06511878967285,9.30818575194562
151.06611704826355,9.306813001233161
151.06611704826355,9.305411217425819
151.06711673736572,9.30394847239641
151.06711673736572,9.302409640635782
151.06811809539795,9.300706368938208
151.06811809539795,9.299006057958863
151.06811809539795,9.297230561091427
151.06911754608154,9.29545814690627
151.06911754608154,9.293788037673732
151.06911754608154,9.292151982868058
151.07011580467224,9.290628714559931
151.07011580467224,9.289149982696587
151.07111597061157,9.287717198501086
151.07111597061157,9.286323215325153
151.07211709022522,9.285067319794265
151.07211709022522,9.283929797610112
151.07211709022522,9.28303188752382
151.07311701774597,9.282315533612834
151.07311701774597,9.28185999297431
151.07311701774597,9.28176431494698
151.07411646842957,9.282204098056338
151.07411646842957,9.283160785064862
151.07511639595032,9.284629636490182
151.07511639595032,9.286504071531747
151.07511639595032,9.28875583768442
151.07611632347107,9.291441241625604
151.07611632347107,9.29456022812153
151.07711696624756,9.298078126990706
151.07711696624756,9.3018795188954
151.07711696624756,9.305848544578005
151.07811665534973,9.309907234522095
151.07811665534973,9.313927868414332
151.0791175365448,9.317807759050035
151.0791175365448,9.321576672092181
151.0791175365448,9.325268986422008
151.08011746406555,9.328966575963431
151.08011746406555,9.332781580222292
151.08011746406555,9.336719264453123
151.08011746406555,9.340775931906471
151.081116437912,9.344884603869911
151.081116437912,9.34905634882251
151.08211708068848,9.353239200862722
151.08211708068848,9.357328803994367
151.08311820030212,9.361322085815258
151.08311820030212,9.36513808484377
151.08411741256714,9.368752109829765
151.08411741256714,9.372143632761567
151.08511638641357,9.375262456820606
151.08511638641357,9.378033345611833
151.0861246585846,9.38031403491482
151.0861246585846,9.382027323436356
151.08711647987366,9.383095280253755
151.08711647987366,9.38340890870676
151.08811807632446,9.382891573035707
151.08811807632446,9.381408304098557
151.08811807632446,9.378868681064422
151.08911752700806,9.375197153266308
151.08911752700806,9.370342863350407
151.08911752700806,9.36424127777953
151.09011721611023,9.356963271472768
151.09011721611023,9.348612086668943
151.09011721611023,9.339308778065543
151.09111738204956,9.32922256452899
151.09111738204956,9.318540634504764
151.09712314605713,9.307399288440747
151.1011199951172,9.295919925376408
151.10211849212646,9.284262421981044
151.10611748695374,9.27256492448139
151.1071813106537,9.26091269628702
151.10911965370178,9.249292500829847
151.11120343208313,9.237818805318923
151.1121380329132,9.226388900360936
151.11512088775635,9.215132569257007
151.1161172389984,9.203963998376905
151.1181194782257,9.192941145606426
151.12011885643005,9.182044368766995
151.1211178302765,9.171047681725964
151.1211178302765,9.159815599885622
151.1222083568573,9.148177910309652
151.12316823005676,9.136071498512955
157.8803482055664,9.123447471435911
157.8823471069336,9.110397711442596
157.8832814693451,9.096908667605263
157.8852801322937,9.083206528961265
157.88765907287598,9.069322653369893
157.8886604309082,9.055227445038222
157.88965463638306,9.040931282440464
157.89177536964417,9.026280644368644
157.89177536964417,9.011230274358542
157.893381357193,8.99591323526679
157.89528012275696,8.980250923547285
157.89627957344055,8.964254811142137
157.89720487594604,8.948024480012117
157.89921879768372,8.931623084488386
157.90037178993225,8.91509943238988
157.9013798236847,8.898480835451648
157.903382062912,8.881808345163046
157.90438032150269,8.865082938997759
157.9053852558136,8.848193238919333
157.90664863586426,8.831008914431903
157.90767192840576,8.813483502959444
157.90867161750793,8.795444632110048
157.90969038009644,8.776850399375414
157.91066908836365,8.757627903688483
157.91166853904724,4.488863807624846
157.91266918182373,4.49862271247816
157.9136688709259,4.509556345536016
157.9136688709259,4.521620583150914
157.91514897346497,4.535060214723269
157.91615772247314,4.549979896298618
157.91615772247314,4.566335919055289
157.91715550422668,4.5841890222635095
157.91760802268982,4.603497297464008
157.91760802268982,4.624405190012356
157.91861629486084,4.646864102994324
157.91961574554443,4.670568835402494
157.91961574554443,4.69553226397637
157.92061591148376,4.721316983179571
157.92061591148376,4.747968182228236
157.92061591148376,4.775174718582236
157.92201042175293,4.8028498535957205
157.92201042175293,4.830721057845201
157.92301416397095,4.858816922520945
157.92401552200317,4.886875099246038
157.92401552200317,4.914541942896462
157.92501521110535,4.941330829352214
157.92501521110535,4.96726447523402
157.9260139465332,4.99209278113249
157.9260139465332,5.015509849275996
157.9260139465332,5.037384170402569
157.92701387405396,5.057639800800292
157.92701387405396,5.076141404503354
157.92701387405396,5.09277505088571
157.92801523208618,5.1075335746973725
157.92801523208618,5.120225072138245
157.9290144443512,5.13115266984512
157.9290144443512,5.140310309567074
157.93001580238342,5.148112070535112
157.93001580238342,5.154844343679329
157.93001580238342,5.160534668383258
157.93101453781128,5.1653516260464984
157.93101453781128,5.169603993919081
157.9320158958435,5.1732779098945025
157.9320158958435,5.176419799821067
157.93301653862,5.178943811141302
157.93301653862,5.1808462423891495
157.93401551246643,5.182185234900619
157.93401551246643,5.1828743820745276
157.9350152015686,5.182921093143762
157.9350152015686,5.18236155543728
157.93601512908936,5.1813115498828415
157.93601512908936,5.179793302447804
157.93701553344727,5.177865264304741
157.93701553344727,5.175693145360283
157.9380145072937,5.173332586174044
157.9380145072937,5.170588733552763
157.9390151500702,5.167366630904058
157.9390151500702,5.1636771010163764
157.94001507759094,5.159509646206061
157.94001507759094,5.154901071460116
157.9410150051117,5.149788429582255
157.9410150051117,5.1443836051084055
157.94201493263245,5.138832780690511
157.94201493263245,5.133240623909981
157.94201493263245,5.127741709943717
157.94301390647888,5.122296762370004
157.94301390647888,5.117014470385954
157.94301390647888,5.1119124249964285
157.94301390647888,5.106930391790468
157.94401335716248,5.102033403866578
157.94401335716248,5.097184318618549
157.94501447677612,5.092343091809494
157.94501447677612,5.087508459628336
157.9460153579712,5.082612127905957
157.9460153579712,5.077624631637497
157.9460153579712,5.07257684501778
157.94702792167664,5.067384690867597
157.94702792167664,5.061996368801655
157.94702792167664,5.05640034148118
157.94801497459412,5.050559458249649
157.94801497459412,5.044453108247904
157.94901514053345,5.038052190366242
157.94901514053345,5.031298511728587
157.9500138759613,5.024101333894398
157.9500138759613,5.016450695464157
157.95101380348206,5.008307090079046
157.95101380348206,4.999737066596788
157.95101380348206,4.990743634369313
157.95201301574707,4.9814119679553714
157.95201301574707,4.971799690923826
157.95301413536072,4.961947292104555
157.95301413536072,4.951941352526082
157.95301413536072,4.941801112633589
157.95401430130005,4.93154785776793
157.95401430130005,4.921195941826352
157.95501446723938,4.910731339876807
157.95501446723938,4.900156656150429
157.95501446723938,4.88947792608619
157.95601391792297,4.878684876562065
157.95601391792297,4.8677825900771285
157.95601391792297,4.856777279018627
157.95701432228088,4.845714206334148
157.95701432228088,4.8346224749281195
157.95801520347595,4.823484694577491
157.95801520347595,4.8123014234222525
157.95901346206665,4.801040581677146
157.95901346206665,4.789723276144629
157.95901346206665,4.778296945247957
157.96001386642456,4.766794329228069
157.96001386642456,4.755225314929841
157.9610149860382,4.7435954382071355
157.9610149860382,4.731889623839022
157.9620144367218,4.720080814992599
157.9620144367218,4.708136393475402
157.9620144367218,4.6960491990619415
157.96301364898682,4.683858153413756
157.96301364898682,4.671540805037903
164.72448801994324,4.659082476275748
164.72548627853394,4.646481365788982
164.72648429870605,4.633765476914071
164.72748637199402,4.6209405580167875
164.72848749160767,4.6080250527003255
164.72948503494263,4.595030010684253
164.7304127216339,4.581930492767819
164.73142194747925,4.568747519500431
164.73242282867432,4.555518471716035
164.7334909439087,4.542228475108192
164.7341287136078,4.528913055641872
164.73514008522034,4.515603056330995
164.73713660240173,4.502266067935687
164.73813819885254,4.4889278467361144
164.73921585083008,4.475569331550081
164.73921585083008,4.4622201578028635
164.74013948440552,4.448893607433217
164.74113655090332,4.435575150875191
164.7421362400055,4.422248737622959
164.74313879013062,4.408940410669019
164.74313879013062,4.3956811208386215
164.7441372871399,4.382492531403474
164.74524402618408,4.3694448253311124
164.74625158309937,4.35648276013217
164.74625158309937,4.3436578400535355
164.74749207496643,4.330919212530475
164.74849820137024,4.318290795460354
164.74954557418823,4.30578303436725
164.74954557418823,4.293431867401891
164.75049805641174,4.2811906252076914
164.75049805641174,4.269122136481553
164.7519416809082,4.257149831417211
164.7529468536377,4.245206134962066
164.7529468536377,4.2333568356163855
164.7529468536377,4.22150493622582
164.75394558906555,4.209640635676176
164.75394558906555,4.1976609815502695
164.75494575500488,4.1856727707963755
164.75494575500488,4.173696947754266
164.7559461593628,4.1617822830495115
164.7559461593628,4.149891098774712
164.75718784332275,4.1380565501237365
164.75718784332275,4.126111218239241
164.75718784332275,4.114101417759132
164.75819087028503,4.101991173284706
164.75819087028503,4.089788333425774
164.75819087028503,4.077703307971059
164.7591907978058,4.065754508111473
164.7591907978058,4.054014968507037
164.7591907978058,4.042523759426865
164.7601912021637,4.031199656623164
164.7601912021637,4.020125018775716
164.76119327545166,4.0092146681754715
164.76119327545166,3.9984198270034907
164.76219201087952,3.9878357910032136
164.76219201087952,3.9773215357906495
164.76219201087952,3.9669945331454004
164.76319098472595,3.9567696926611906
164.76319098472595,3.946667933534476
164.76319098472595,3.9368257982133628
164.76419162750244,3.9271636169464093
164.76419162750244,3.9176187261696795
164.76519203186035,3.9082003955549802
164.76519203186035,3.898744745279091
164.76519203186035,3.889320027138231
164.7661907672882,3.88007493554072
164.7661907672882,3.870999723836588
164.7661907672882,3.8619062342081834
164.76719164848328,3.8527239833949167
164.7675633430481,3.843378657150755
164.7675633430481,3.8339529660424687
164.7685742378235,3.8244429676647815
164.7685742378235,3.8149754722490035
164.7695722579956,3.8057489393829007
164.7695722579956,3.7968550086770705
164.7695722579956,3.7884522755631176
164.7705717086792,3.7805564052462954
164.7705717086792,3.7731498138666746
164.7715723514557,3.76615593731492
164.7715723514557,3.759656218402108
164.77218675613403,3.7537691532132
164.77218675613403,3.748620050499095
164.77319645881653,3.744009570588376
164.77319645881653,3.7399439490759074
164.77419567108154,3.736468645475662
164.77419567108154,3.7335936102113236
164.77419567108154,3.7313683384683967
164.77519512176514,3.7296828477179886
164.77519512176514,3.728467140533759
164.77519512176514,3.727717705634917
164.7761950492859,3.727484869710719
164.7761950492859,3.7278183293918996
164.7771954536438,3.7286830067200603
164.7771954536438,3.7300140146609317
164.7771954536438,3.731793468251122
164.77823686599731,3.7340088975601686
164.77823686599731,3.7366271930119352
164.77823686599731,3.7397177357129348
164.7792468070984,3.743196811533631
164.7792468070984,3.7470047050539286
164.7792468070984,3.7510484147414807
164.78024554252625,3.7552061253634954
164.78024554252625,3.759544573630061
164.78124570846558,3.764065999410965
164.78124570846558,3.768723746161556
164.78224754333496,3.773567639946302
164.78224754333496,3.7786963624752326
164.78224754333496,3.784025509355256
164.78324604034424,3.7895284276034693
164.78324604034424,3.795194086817625
164.78324604034424,3.8009027028136724
164.78424501419067,3.806721531378354
164.78424501419067,3.812645054419418
164.78424501419067,3.818620194961
164.7852463722229,3.8246411504396867
164.7852463722229,3.8306541613687677
164.78624606132507,3.8367729844200427
164.78624606132507,3.8429919720467836
164.78724646568298,3.8493017170457415
164.78724646568298,3.855663784007733
164.78724646568298,3.8621707440113564
164.78824496269226,3.868834316788069
164.78824496269226,3.8756984483469
164.78824496269226,3.8827766056470074
164.7892472743988,3.890116417831771
164.7892472743988,3.8976183258628714
164.7892472743988,3.905267416642661
164.79026222229004,3.9131110303340604
164.79026222229004,3.9210432614940807
164.7912459373474,3.9291632980501507
164.7912459373474,3.9374432722703405
164.79224634170532,3.9458741283123255
164.79224634170532,3.954556508703429
164.7932472229004,3.963452966003991
164.7932472229004,3.9726183855322854
164.7942464351654,3.982072693525112
164.7942464351654,3.9918402540428435
171.59135556221008,4.001912137441243
171.59434747695923,4.012232384554059
171.59735250473022,4.02278375397275
171.59928679466248,4.033591319379314
171.60235929489136,4.044699708135847
171.6052849292755,4.05605080035704
171.60828852653503,4.067632210188722
171.6102843284607,4.079481596707932
171.61229610443115,4.091522394632286
171.61428022384644,4.1037076918317155
171.61627745628357,4.115964090201361
171.61827659606934,4.128366276533269
171.61927819252014,4.140885168656062
171.6202757358551,4.153557426305121
171.62127494812012,4.16635585076355
171.62227320671082,4.179363789517425
171.62227320671082,4.192573553944398
171.62327313423157,4.206038698483793
171.62327313423157,4.219750551313351
171.624272108078,4.233774590973168
171.62527418136597,4.24808384338405
171.62527418136597,4.262750285524418
171.62627243995667,4.277731428116792
171.62627243995667,4.29305826456157
171.62727236747742,4.308715389071117
171.62727236747742,4.324771230132106
171.62812089920044,4.341185413510939
171.62812089920044,4.3579037018043
171.629234790802,4.374879343298858
171.63023161888123,4.391960939762003
171.63023161888123,4.409059360259217
171.63132238388062,4.4260971980966834
171.63206672668457,4.443086217364286
171.63271498680115,4.459879644247018
171.63381266593933,4.476460647377743
171.63381266593933,4.4928188143692225
171.63472747802734,4.508946945698737
171.6357409954071,4.524873371267894
171.636727809906,4.5405371430584145
171.63773727416992,4.555954122844013
171.6388385295868,4.571073225899225
171.6388385295868,4.585881577299676
171.63984656333923,4.600377754272622
171.64084434509277,4.614603716944639
171.64084434509277,4.628529175108931
171.6418435573578,4.642162804839661
171.6418435573578,4.655546126463666
171.64284658432007,4.668687523956285
171.64384531974792,4.681543159964743
171.64384531974792,4.694162915995991
171.64512825012207,4.7065321344150135
171.64613604545593,4.71872662820348
171.6474723815918,4.730691744501071
171.64848065376282,4.742422684350046
171.64948058128357,4.753943559785088
171.65047979354858,4.765296779473838
171.6514811515808,4.776423211168684
171.6514811515808,4.787364854954736
171.65232110023499,4.798096410533303
171.65333008766174,4.808650683834254
171.65432953834534,4.8190580533385035
171.65533351898193,4.82931063548392
171.65633153915405,4.839420658475243
171.65732979774475,4.849306718034545
171.6583273410797,4.85906690744891
171.6593279838562,4.868650850004457
171.6603298187256,4.878031233666331
171.6603298187256,4.887205318594788
171.6613290309906,4.896186548556776
171.66232776641846,4.905001904768973
171.66332864761353,4.913593441902581
171.6643304824829,4.921972143187971
171.66533541679382,4.930149143475666
171.66533541679382,4.938112012968782
171.6663293838501,4.945887231675162
171.6663293838501,4.953424921666401
171.66732811927795,4.960738992595416
171.66832876205444,4.967876584943754
171.6693274974823,4.974732068644217
171.6693274974823,4.9813393973519355
171.67032742500305,4.987646900816499
171.67132878303528,4.993703296523265
171.67232847213745,4.999502345737564
171.67332863807678,5.005017196586248
171.67332863807678,5.010273025572895
171.67433428764343,5.015320499117295
171.67533421516418,5.020102517705361
171.67533421516418,5.024691660534453
171.67632842063904,5.029109735841686
171.6773386001587,5.0333045778363905
171.6773386001587,5.037363551191208
171.67832732200623,5.041112990425145
171.67832732200623,5.044656844488419
171.67932677268982,5.047917930952426
171.67932677268982,5.050958297607189
171.6803276538849,5.05371345712759
171.68132781982422,5.056167226706215
171.68132781982422,5.058291785621566
171.6823263168335,5.060088067458451
171.6823263168335,5.061505189191889
171.68332862854004,5.062512327728384
171.68332862854004,5.063008152363614
171.68432712554932,5.063022292991815
171.68532800674438,5.062530659919279
171.68532800674438,5.061591389088909
171.68632793426514,5.060205403498623
171.68632793426514,5.058422585379053
171.68732857704163,5.0563039447458085
171.68732857704163,5.0538433287129845
171.68832683563232,5.0510938081196475
171.6893274784088,5.048092781114272
171.6893274784088,12.385731018452688
171.69032740592957,12.386848635838563
171.69032740592957,12.389442032231095
171.69132709503174,12.3932577149986
171.69132709503174,12.398026503620665
171.69132709503174,12.403512538536111
171.69232630729675,12.409480499277374
171.6933286190033,12.41572844599194
171.6933286190033,12.422096436633167
171.694326877594,12.428461230313156
171.694326877594,12.43478529203056
171.694326877594,12.44105776247572
171.695326089859,12.447265714265903
171.695326089859,12.4533411019417
171.6963279247284,12.459203445382085
171.6963279247284,12.464802396214887
171.6973271369934,12.47013917726285
171.6973271369934,12.475239935413628
171.69832611083984,12.480163457377513
171.69832611083984,12.485052166558251
171.69832611083984,12.49007965207481
171.69932579994202,12.495491601164291
171.69932579994202,12.501532835095809
171.69932579994202,12.508329712246434
171.69932579994202,12.51589773243438
171.70032572746277,12.52420456570639
178.43241786956787,12.533160280183054
178.43440914154053,12.54264130097907
178.43621945381165,12.552496233892253
178.43915843963623,12.5626015797401
178.44116377830505,12.572873423576944
178.4435567855835,12.58330036431165
178.44557356834412,12.593912706732002
178.4475748538971,12.604783027379115
178.44982743263245,12.615965164249669
178.45082712173462,12.62749262758021
178.4528260231018,12.639400293436257
178.45482563972473,12.65174162189085
178.45688486099243,12.664584739508497
178.45894026756287,12.677990270161656
178.45995473861694,12.692019234781961
178.46095275878906,12.706730756785849
178.4629521369934,12.722160224631116
178.46395111083984,12.73829978200277
178.46510004997253,12.755131931463227
178.46618390083313,12.772661080568968
178.467143535614,12.790887934129401
178.46857285499573,12.809777537662235
178.46958017349243,12.829258858335892
178.47058200836182,12.849219791758847
178.47158098220825,12.869536309550961
178.47504568099976,12.890092006390834
178.47804641723633,12.903117013024957
178.47903680801392,12.915816635786722
178.47903680801392,12.928355167476738
178.48003554344177,12.940717030128933
178.48003554344177,12.952844722108003
178.48003554344177,12.964671453149695
178.48103523254395,12.976105566670313
178.48103523254395,12.987053193341904
178.48103523254395,12.997445644070275
178.48203587532043,13.00723566657174
178.48203587532043,13.01640635398706
178.48303508758545,13.024961706630524
178.48303508758545,13.032919505920614
178.48429036140442,13.040306408847597
178.48429036140442,13.047146586848257
178.48529481887817,13.053471232553736
178.48529481887817,13.05932159498085
178.48529481887817,13.064756840052869
178.48629426956177,13.069852417104721
178.48629426956177,13.074709051688242
178.48629426956177,13.079459059808608
178.487295627594,13.084250607948308
178.487295627594,13.089214356558507
178.48829627037048,13.094496444539839
178.48829627037048,13.10019035810756
178.48929476737976,13.10637966652966
178.48942494392395,13.113123717128804
178.48942494392395,13.120455643135825
178.49030089378357,13.128382379824915
178.49030089378357,13.136869376597826
178.49030089378357,13.145851538468737
178.49030089378357,13.155237543465539
178.49131393432617,13.164915369903536
178.49131393432617,13.174793597880905
178.49230551719666,13.18484834069102
178.49331378936768,13.195112289966387
178.49430394172668,13.205656834231812
178.49430394172668,13.216532921435821
178.49530482292175,13.227716255640082
178.49530482292175,13.239172966034035
178.49630522727966,13.250908797268433
178.49730706214905,13.26294323769243
178.49730706214905,13.275288582775238
178.4983139038086,13.287933595569134
178.4983139038086,13.30085488144013
178.4983139038086,13.314012320737476
178.49931120872498,13.32733631062245
178.49931120872498,13.340762631998365
178.50030541419983,13.35421163364038
178.50030541419983,13.367598263795182
178.5013062953949,13.380831875089529
178.50231218338013,13.39381264822468
178.50330471992493,13.406453853548706
178.50330471992493,13.418684521538392
178.50430464744568,13.430438689620521
178.50530552864075,13.441679210671666
178.5063121318817,13.452401176051834
178.50731086730957,13.462571019376966
178.50830459594727,13.472161386205402
178.50830459594727,13.481157590171463
178.5093069076538,13.48956239748253
178.51031970977783,13.497393183964382
178.51031970977783,13.504678409968799
178.51131105422974,13.51145481575229
178.51131105422974,13.517781531021944
178.512305021286,13.52375921742614
178.512305021286,13.52948908721354
178.51330542564392,13.535104740626887
178.51431155204773,13.54068622413462
178.51431155204773,13.546311283623576
178.51530623435974,13.552038249281269
178.5163152217865,13.55787317142116
178.5173077583313,13.563805825749302
178.51830673217773,13.56980336305848
178.51830673217773,13.575795139886639
178.5193088054657,13.581660913709456
178.5193088054657,13.587322387770222
178.5213053226471,13.592670768113567
178.52230763435364,13.597645665865599
178.52330684661865,13.602196589500764
178.52330684661865,13.606317174007122
178.52430629730225,13.609972603904616
178.52530527114868,13.613124033078055
178.52530527114868,13.615736326378448
178.52630758285522,13.617752850039714
178.52730989456177,13.619161492215198
178.52730989456177,13.61995523163572
178.52830600738525,13.6201739071931
178.52830600738525,13.619833254753008
178.52930569648743,13.618930342792474
178.53030633926392,13.617479663534585
178.53030633926392,13.615461567640041
178.53131866455078,13.612880947298182
178.5323190689087,13.609753630209072
178.5323190689087,13.606092639871804
178.53330659866333,13.601909334486443
178.53330659866333,13.597246263198816
178.53431367874146,13.592137532446053
178.53431367874146,13.586639721241996
178.53530526161194,13.580786861709338
178.53530526161194,13.574639506137963
178.53631567955017,13.568259291804573
178.53631567955017,13.561714794833502
178.53731155395508,13.555065075652465
178.53731155395508,13.548341678962151
178.53830456733704,13.541553455824838
178.53830456733704,13.534692934687616
178.53931188583374,13.527739290264748
178.53931188583374,13.520639711331617
178.54024648666382,13.513365906777201
178.5412654876709,13.505876835157387
185.30083203315735,13.49806174758866
185.30383372306824,13.48986227133877
185.3068344593048,13.481197740108168
185.30983662605286,13.472044502541484
185.3118326663971,13.462381348118251
185.31483364105225,13.452241436893452
185.3178322315216,13.441591078640249
185.3208315372467,13.430468942179289
185.32283353805542,13.41891214390127
185.3238341808319,13.406890217612727
185.32583045959473,13.394405591800608
185.32682943344116,13.381441031734795
185.32882976531982,13.368006751481866
185.32983112335205,13.354006125639819
185.33084177970886,13.339325927937079
185.33184266090393,13.32387501480405
185.33483839035034,13.307645984630291
185.33584070205688,13.290502697736422
185.33683943748474,13.272410603671656
185.3378393650055,13.253235668609044
185.33883953094482,13.232956141599828
185.33883953094482,13.211395975852254
185.33983826637268,13.188624100295964
185.34083771705627,13.164134946198972
185.34184384346008,13.137490087113743
185.34184384346008,13.108516689659814
185.34283828735352,13.077106205168091
185.34283828735352,13.043197698254028
185.34383916854858,13.006814917795552
185.3448667526245,12.967978952348318
185.3448667526245,12.926722135816537
185.3458378314972,12.885022377952767
185.3458378314972,12.851328674166265
185.34688663482666,12.818064707404455
185.34688663482666,12.785193347026112
185.34783673286438,12.752723862814033
185.34783673286438,12.720571768254302
185.34883666038513,12.688659140783734
185.34883666038513,12.656973690568567
185.3498375415802,12.625664515492492
185.3498375415802,12.594751830532408
185.35083675384521,12.56440744642466
185.35083675384521,12.534604354888724
185.35183763504028,12.505465983922496
185.35183763504028,12.47697454922195
185.35183763504028,12.449123132333021
185.3528368473053,12.421918482996208
185.3528368473053,12.395352104744237
185.35383653640747,12.369450349260825
185.35383653640747,12.34423319770121
185.35483741760254,12.319677611376779
185.35483741760254,12.295825238367387
185.35483741760254,12.272750246256518
185.35583639144897,12.250314931102556
185.35583639144897,12.22853871945003
185.35583639144897,12.207310685738726
185.35683679580688,12.186561182409587
185.35683679580688,12.166223915433692
185.35783696174622,12.14630561439435
185.35783696174622,12.126720153419736
185.35883784294128,12.10735821920036
185.35883784294128,12.088156453677906
185.35883784294128,12.069042620146686
185.35883784294128,12.04993831694266
185.35983610153198,12.030836673373873
185.35983610153198,12.011729227687548
185.3608374595642,11.992527895870117
185.3608374595642,11.973272879761085
185.36183714866638,11.953947341961738
185.36183714866638,11.934571221775634
185.36183714866638,11.91516220642518
185.36283659934998,11.895682991515134
185.36318230628967,11.876197347263881
185.36318230628967,11.856752636892535
185.36318230628967,11.837444154360378
185.36418890953064,11.818316667272084
185.36418890953064,11.799465474349594
185.36518812179565,11.780839465297047
185.36618876457214,11.762485249969977
185.36618876457214,11.744394548558603
185.36618876457214,11.726536059908256
185.36718797683716,11.708973003361752
185.36718797683716,11.691687708044295
185.36718797683716,11.674720969865785
185.36818742752075,11.65810532142036
185.36818742752075,11.641874516743188
185.36818742752075,11.62598484469239
185.36818742752075,11.61043433405044
185.36918711662292,11.595243486974848
185.36918711662292,11.58040355498766
185.37018847465515,11.565837802536999
185.37018847465515,11.551636049440056
185.37118887901306,11.5377165617592
185.37118887901306,11.524058956433658
185.37118887901306,11.510644459721762
185.3721945285797,11.497478448426023
185.3721945285797,11.484526373867187
185.37318801879883,11.471822752919536
185.37318801879883,11.459465501253248
185.37318801879883,11.447392106388747
185.37418866157532,11.435616915616569
185.37418866157532,11.424155620035133
185.3751883506775,11.412925209738999
185.3751883506775,11.401833532193976
185.37618851661682,11.390850835520332
185.37618851661682,11.380058277901142
185.37618851661682,11.369324042982376
185.377188205719,11.358783546994623
185.377188205719,11.348339673597518
185.377188205719,11.337879912670473
185.3781886100769,11.327259642264085
185.3781886100769,11.316449342189154
185.379545211792,11.305436912617155
185.379545211792,11.294226108466821
185.379545211792,11.282902810989267
185.3805491924286,11.271495878295935
185.3805491924286,11.260005607450422
185.38154888153076,11.248536402482914
185.38154888153076,11.237144114626133
185.38254928588867,11.225916862367734
185.38254928588867,11.214928032972608
185.38254928588867,11.204277914380915
185.38356709480286,11.194159890781275
185.38356709480286,11.184684155049164
185.38457679748535,11.175790689787013
185.38457679748535,11.167675528780336
185.38457679748535,11.16017368469797
185.38457679748535,11.153380649978423
185.38557624816895,11.147322943638091
185.38557624816895,11.142006575410699
185.38657641410828,11.13748013113789
185.38657641410828,11.133858465678605
185.38757586479187,11.13101742574635
185.38757586479187,11.129115734969178
185.38757586479187,11.128003422149654
185.3885748386383,11.127595106353096
185.3885748386383,11.127823985940694
192.15703868865967,11.128672271575018
192.16004133224487,11.130129257164112
192.161963224411,11.132171118373197
192.16496181488037,11.134697245667596
192.16703057289124,11.137910271920882
192.1699607372284,11.141603426703881
192.1719720363617,11.145908614919573
192.17395639419556,11.15065492051949
192.17695689201355,11.155763349890847
192.1799578666687,11.161177572870933
192.1819519996643,11.167003654179519
192.1839575767517,11.173042458600314
192.1859586238861,11.17925466159081
192.18795347213745,11.185443766364887
192.18895173072815,11.191476195727997
192.1899538040161,11.197265981207895
192.19195652008057,11.202973991403443
192.19216418266296,11.208469109214745
192.1941738128662,11.21372379265486
192.1951732635498,11.218724751918794
192.19617581367493,11.223532830731653
192.1981716156006,11.228220670834121
192.19917130470276,11.232974634273477
192.2001724243164,11.237880009084519
192.20117092132568,11.24322002524227
192.20216941833496,11.249094195763488
192.20316982269287,11.255791121139103
192.20417094230652,11.263435906608013
192.20516920089722,11.272213109971508
192.20516920089722,11.282444680617512
192.20616960525513,11.294435139182466
192.20717000961304,11.308523860908174
192.2081696987152,11.324664998001829
192.2081696987152,11.343275859539713
192.20916867256165,11.364667120290756
192.20916867256165,11.389127532401474
192.21017050743103,11.41743922287397
192.21116948127747,11.449887302065061
192.21116948127747,11.486509171063963
192.21216917037964,11.527575603949014
192.21216917037964,11.573684866796233
192.21316814422607,11.625172144864099
192.21316814422607,11.682755235071177
192.21416759490967,11.747428161702903
192.21416759490967,11.820000274040295
192.21525931358337,11.902409159812484
192.21525931358337,11.99565463780678
192.21626448631287,12.102979569545406
192.21626448631287,12.227159519228795
192.21626448631287,12.3718524806582
192.21726369857788,12.541797190177078
192.21726369857788,12.743200703053763
192.21826338768005,12.90775128844761
192.2186360359192,12.953346626320826
192.21964693069458,12.9976003170808
192.21964693069458,13.040720090816462
192.21964693069458,13.082654548684387
192.22073793411255,13.123519285164775
192.22168612480164,13.163405227482055
192.22168612480164,13.202362008150459
192.22168612480164,13.240392669023786
192.22272300720215,13.277277880894221
192.22272300720215,13.312907639082422
192.22364568710327,13.34742698225411
192.22364568710327,13.380904343952494
192.22364568710327,13.413448143873811
192.22464513778687,13.44500479172188
192.22464513778687,13.475639036002052
192.22565507888794,13.50545349672538
192.22565507888794,13.534474850765191
192.22565507888794,13.562891943002876
192.2266571521759,13.590762553421877
192.2266571521759,13.618193665367345
192.2266571521759,13.645243819796711
192.22775840759277,13.671825217952279
192.22775840759277,13.697825513972523
192.2287621498108,13.722979215937698
192.2287621498108,13.747286786047692
192.2287621498108,13.770690758510845
192.22976636886597,13.793238694225737
192.22976636886597,13.814761882778457
192.22976636886597,13.835405794212264
192.23077273368835,13.855127817451638
192.23077273368835,13.873922654861797
192.23176383972168,13.89173125768703
192.23176383972168,13.908681481033486
192.23176383972168,13.924625820542389
192.2327733039856,13.939717871556235
192.2327733039856,13.95411706921657
192.23380708694458,13.967645439320165
192.23380708694458,13.980287738444016
192.23380708694458,13.99208580520702
192.23481011390686,14.00325433800249
192.23481011390686,14.013663262283844
192.23481011390686,14.023491824790813
192.23581051826477,14.032757741697981
192.23581051826477,14.041539378982632
192.23581051826477,14.050083546926238
192.23682022094727,14.058487075453753
192.23682022094727,14.066844144050659
192.23682022094727,14.075128642549972
192.2378170490265,14.083354053736224
192.2378170490265,14.091435513908756
192.23880982398987,14.099448615995533
192.23880982398987,14.107405869573332
192.23880982398987,14.115324829354584
192.23981022834778,14.123179032181506
192.23981022834778,14.130928121023905
192.2409098148346,14.138709989968678
192.2409098148346,14.146445084722798
192.24193239212036,14.154013530536206
192.24193239212036,14.161399126296423
192.24291896820068,14.168544949486373
192.24291896820068,14.175314392994434
192.24291896820068,14.181727407169593
192.24291896820068,14.187612927283233
192.24391913414001,14.193228110802435
192.24492144584656,14.198443191502859
192.24492144584656,14.20302346988886
192.24492144584656,14.206917247169194
192.24592566490173,14.210264620513504
192.24592566490173,14.213044010902308
192.24592566490173,14.215325521978592
192.24691915512085,14.21717173975791
192.24691915512085,14.21853907607375
192.24791979789734,14.219323372126913
192.24791979789734,14.219560039250641
192.24892044067383,14.219578150715014
192.24892044067383,14.219224333828295
192.249920129776,14.21849590558625
192.249920129776,14.21727177957885
192.249920129776,14.215467363206344
192.249920129776,14.21305557538094
192.2509310245514,14.210059501825064
192.2509310245514,14.206496626482691
192.25192952156067,14.202433192078189
192.25192952156067,14.197848000097785
192.25292015075684,14.192819532587793
199.00162625312805,14.1874116330006
199.004629611969,14.181617914277046
199.00662899017334,14.175583209331787
199.00870180130005,14.169354401014074
199.01063013076782,14.162998985246963
199.01362562179565,14.156489069429142
199.01563000679016,14.149786265870857
199.01763033866882,14.142905242531352
199.01962852478027,14.135802628295187
199.02162861824036,14.1284905946866
199.02363967895508,14.120968994808251
199.02464127540588,14.113194244250911
199.02665734291077,14.105163009632061
199.02765607833862,14.096903762582896
199.0286567211151,14.088394539962923
199.03065705299377,14.079655867824522
199.03165578842163,14.070690800113182
199.03265619277954,14.061518447611745
199.03369975090027,14.05214472306854
199.03470945358276,14.04257942104665
199.0357105731964,14.03277852229582
199.03825092315674,14.022737416977767
199.03924465179443,14.01244671799975
199.03924465179443,14.001877682551019
199.0404064655304,13.991001970159731
199.04141497612,13.97978553800788
199.04141497612,13.968236736336458
199.0424132347107,13.956376824211457
199.04341435432434,13.94422707662331
199.04341435432434,13.931730068968234
199.04441452026367,13.918897818348235
199.04441452026367,13.905715668410258
199.04590368270874,13.892155254973082
199.04590368270874,13.878128387338963
199.04690742492676,13.86367637108337
199.04690742492676,13.84872670314021
199.04790949821472,13.833227338325752
199.04790949821472,13.817151910636465
199.04912996292114,13.800448580025487
199.04912996292114,13.78335450699575
199.05012798309326,13.76580743467677
199.05012798309326,13.747887707095845
199.05112862586975,13.729621956807193
199.05213594436646,13.711123783373367
199.05213594436646,13.692431774472649
199.05313062667847,13.673569553511685
199.05313062667847,13.654540609178005
199.05413937568665,13.635266520430767
199.05413937568665,13.615751965803714
199.05513620376587,13.595926074014193
199.0561294555664,13.576035602949936
199.0561294555664,13.556190409940998
199.05712914466858,13.536507279663663
199.05712914466858,13.517150210829898
199.05812978744507,13.49805776586535
199.05812978744507,13.47935530469733
199.05912947654724,13.46094208095377
199.0601303577423,13.442815785034922
199.0601303577423,13.424850509247094
199.0611298084259,13.407125126092097
199.0611298084259,13.3894587364217
199.06212782859802,13.371793850862822
199.06212782859802,13.353949965403467
199.06212782859802,13.335954695398692
199.06312894821167,13.31774771897676
199.064129114151,13.299301181749767
199.064129114151,13.280445388465651
199.064129114151,13.261039791374154
199.06513833999634,13.240974885793463
199.06513833999634,13.220202989038334
199.0661280155182,13.198491440642451
199.0661280155182,13.175839912061107
199.0661280155182,13.152032307044928
199.06712913513184,13.126989776812328
199.06813025474548,13.100637440664451
199.06813025474548,13.072837082718499
199.06912922859192,13.043673961114607
199.06912922859192,13.013031561603917
199.06912922859192,12.980782080374643
199.07012796401978,12.947104582922636
199.07012796401978,12.91216237852237
199.07012796401978,12.871121101963073
199.07112765312195,12.824248421914488
199.07112765312195,12.779364658886239
199.07112765312195,12.736822140514787
199.07212853431702,12.696641897109897
199.07312893867493,12.658911037846167
199.07312893867493,12.6236371711971
199.07312893867493,12.590694072072024
199.07412838935852,12.559963956895979
199.07412838935852,12.531299081304292
199.07412838935852,12.5040191355351
199.07512784004211,12.477983700437152
199.07512784004211,12.45284035237942
199.07512784004211,12.428812888241998
199.07612895965576,12.405523882193847
199.07712984085083,12.383116463573483
199.07712984085083,12.361962146132468
199.07712984085083,12.341817532485793
199.07812929153442,12.322586275070744
199.07812929153442,12.303812229843855
199.07812929153442,12.285252380240427
199.07912945747375,12.267145576101536
199.07912945747375,12.24934401657912
199.07912945747375,12.231855061969757
199.0801293849945,12.214818098312465
199.0801293849945,12.197923376311202
199.08112835884094,12.180976287353898
199.08112835884094,12.164123215009335
199.08213996887207,12.147180935225222
199.08213996887207,12.130148069237123
199.08312964439392,12.112859331759728
199.08312964439392,12.095576033990568
199.08312964439392,12.078165910588869
199.08412766456604,12.060504713479801
199.08412766456604,12.042455241132444
199.08512949943542,12.023945439173923
199.08512949943542,12.004866218293419
199.08512949943542,11.985216767610215
199.08612823486328,11.964688896179482
199.08612823486328,11.9432024688792
199.08612823486328,11.920692578649303
199.08612823486328,11.89671383609242
199.08712792396545,11.871171763600891
199.08712792396545,11.844037964760151
199.08712792396545,11.815319761900984
199.08812832832336,11.784902493309081
199.08812832832336,11.753009137649617
199.08912873268127,11.719697518006901
199.08912873268127,11.68518484380027
199.09012866020203,11.649460303214413
199.09012866020203,11.612653103336454
199.09012866020203,11.574929001363746
199.09112787246704,11.536123304192364
199.09112787246704,11.496573874114972
199.09112787246704,11.456108851428127
199.0921275615692,11.414596089421531
205.87092471122742,11.372148218862593
205.87192726135254,11.328527698332637
205.87392234802246,11.283658094609171
205.87592601776123,11.237399250844469
205.8769247531891,11.189504308642535
205.8779215812683,11.140229219671971
205.87992358207703,11.089252110236012
205.88092041015625,11.0365348867322
205.88191986083984,10.982267373209172
205.8829185962677,10.926386731073755
205.8839192390442,10.86845642287151
205.88493752479553,10.807291518287329
205.88592505455017,10.743373541834808
205.88691878318787,10.676978124311217
205.88892579078674,10.608642388648912
205.8899199962616,10.536100670434696
205.89182090759277,10.446990188224783
205.8948211669922,10.358992632403055
205.89582180976868,10.27155909785435
205.89781951904297,10.184428453406467
205.90082478523254,10.097371670257115
205.9028205871582,10.010317490950902
205.90581727027893,9.923457046158452
205.90782165527344,9.83698633727677
205.90982174873352,9.751615367437319
205.91281723976135,9.667779357762443
205.91582131385803,9.585696913522144
205.91681504249573,9.505500423774855
205.9178171157837,9.427584100815578
205.9198215007782,9.352294727524843
205.9226312637329,9.279095854236335
205.92363262176514,9.20805318502026
205.9256272315979,9.13941523136895
205.92662739753723,9.072584081770932
205.92763257026672,9.007589442432142
205.92963314056396,8.943888521930765
205.93163394927979,8.881241710354635
205.93263363838196,8.819641649582131
205.93362617492676,8.759053951245502
205.93462753295898,8.699109991461158
205.93462753295898,8.639018937847286
205.9356391429901,5.70703776309353
205.93663334846497,5.723461280785706
205.9376254081726,5.740213443367085
205.93864226341248,5.757596303135283
205.93864226341248,5.775998854102881
205.93963313102722,5.795695797305897
205.94063234329224,5.817043777933024
205.94121098518372,5.8399872713614736
205.94222903251648,6.040720641044745
205.94222903251648,6.4507850953345365
205.94323754310608,6.6032915699753
205.94423508644104,6.683326793664016
205.94423508644104,6.732881542313235
205.94523525238037,6.765397323959921
205.94622802734375,6.787195636060405
205.94622802734375,6.803387369243097
205.94622802734375,6.814429171030316
205.94723510742188,6.82283379970898
205.94823575019836,6.828994590130415
205.94923496246338,6.833057209271228
205.94923496246338,6.835011426237234
205.95022821426392,6.835630891385378
205.95022821426392,6.8358728219096845
205.95122838020325,6.8361451433115965
205.9522349834442,6.835344151681266
205.95323514938354,6.834001866498909
205.95323514938354,6.831597761917006
205.95423483848572,6.828728485425927
205.95522928237915,6.825400124247315
205.9562349319458,6.821904541263512
205.9562349319458,6.818280646266119
205.95723485946655,6.814819214803496
205.95723485946655,6.811159559545173
205.9582347869873,6.807756845577153
205.95922899246216,6.803918637817058
205.95922899246216,6.800429468359672
205.96023654937744,6.796687353591479
205.96123504638672,6.792283731560218
205.96123504638672,6.787382075333846
205.96223521232605,6.782633752116249
205.963228225708,6.777423556836736
205.96423768997192,6.7725418951593666
205.96523547172546,6.767646141126164
205.96623492240906,6.762795216948879
205.96723532676697,6.75785706335793
205.96723532676697,6.752716384147201
205.96823525428772,6.747275161388809
205.96823525428772,6.741070739148395
205.96923518180847,6.734552184471547
205.97022819519043,6.728292942966208
205.97022819519043,6.722062110457628
205.97122883796692,6.716057078139598
205.9722285270691,6.7102694882285325
205.97322821617126,6.704514936737489
205.97338724136353,6.698507086358987
205.97338724136353,6.692615893555712
205.97441053390503,6.686882308493354
205.97540950775146,6.681214753373013
205.97540950775146,6.676159420849224
205.97640800476074,6.671159710045014
205.97640800476074,6.667023340963198
205.9774067401886,6.663881090498506
205.9774067401886,6.6612576280303895
205.9774067401886,6.659231492092989
205.97841382026672,6.657524076806951
205.97841382026672,6.656371392554548
205.97841382026672,6.656442923239747
205.97940754890442,6.657774158759287
205.9804084300995,6.660690968193436
205.9804084300995,6.664611965939363
205.9804084300995,6.669367464699612
205.98141479492188,6.674608751704006
205.98141479492188,6.680658527455352
205.98141479492188,6.686900278853028
205.9824137687683,6.693486997947957
205.9824137687683,6.700113265939285
205.9824137687683,6.706471582156387
205.98341727256775,6.712768324072705
205.98341727256775,6.718878110698349
205.9844205379486,6.725029854633386
205.9844205379486,6.731032231960115
205.9854073524475,6.736957786589011
205.9854073524475,6.742664378547302
205.9854073524475,6.747764166265692
205.98640632629395,6.752476162268468
205.98640632629395,6.756467874235387
205.98640632629395,6.759893277510031
205.98741364479065,6.7633710522157395
205.98840808868408,6.766770583862871
205.98840808868408,6.769818695625784
205.98941135406494,6.772575942066921
205.98941135406494,6.774697527787967
205.98941135406494,6.77620090262493
205.99043202400208,6.777585286034002
205.99043202400208,6.778526007865267
205.99144959449768,6.779402524300637
212.71484684944153,6.780036104191675
212.7180142402649,6.7806614759369035
212.72070837020874,6.781132456427085
212.72263598442078,6.781448416220113
212.72563481330872,6.781861498751976
212.72771430015564,6.782132868822937
212.7306308746338,6.782027825160959
212.73163080215454,6.781961161557343
212.73362970352173,6.781825984551878
212.73571038246155,6.7815676341225535
212.73763990402222,6.781242863547895
212.7406361103058,6.780627987693825
212.7436306476593,6.779898834901225
212.74562788009644,6.779101813144177
212.74662494659424,6.778487922754352
212.7476282119751,6.777961596902125
212.74962639808655,6.777520954224762
212.75062537193298,6.7773575508538695
212.75162744522095,6.77745711791639
212.75262832641602,6.777534648944832
212.75362920761108,6.77802308987717
212.7546262741089,6.778733886340613
212.75562620162964,6.7798322264302895
212.75662636756897,6.781402175413564
212.75662636756897,6.783358740151118
212.75762462615967,6.78579827717898
212.75862455368042,6.788664980003138
212.75862455368042,6.79199707104822
212.759624004364,6.79577836108499
212.76062321662903,6.799859742198096
212.76062321662903,6.804239699672466
212.7616229057312,6.80894243477158
212.7616229057312,6.813813605038121
212.762624502182,6.8189387187456045
212.76362419128418,6.824345516687202
212.76362419128418,6.829997947477814
212.76462388038635,6.8360022383774774
212.76462388038635,6.842463699177934
212.76462388038635,6.849438702535398
212.76564025878906,6.856962365825117
212.7666254043579,6.86504468808086
212.7666254043579,6.873761500523641
212.76762437820435,6.883392714307744
212.76862382888794,6.893741456475893
212.76862382888794,6.904666709924905
212.76962566375732,6.916166898257962
212.76962566375732,6.928315542116166
212.77062487602234,6.941008891179738
212.77062487602234,6.954293956055623
212.77162384986877,6.967919260784685
212.77162384986877,6.981819071370368
212.77262926101685,6.996219360840247
212.77262926101685,7.0111670562486
212.7736358642578,7.026625275873546
212.7746238708496,7.042478626439315
212.7746238708496,7.058767225381316
212.7754681110382,7.075428489112756
212.77607226371765,7.092412403968719
212.77607226371765,7.109873920519331
212.77702164649963,7.127910494460597
212.77755331993103,7.146466156112546
212.77755331993103,7.16562115296577
212.77856183052063,7.1853060088040275
212.77856183052063,7.205526199519403
212.77956175804138,7.226278734021207
212.77956175804138,7.247532004591949
212.78056168556213,7.268952207811246
212.78056168556213,7.290667051864348
212.78155994415283,7.3129703678764395
212.78155994415283,7.335933892740178
212.78256058692932,7.359798068968236
212.78256058692932,7.384626114877289
212.78356075286865,7.410346776591136
212.78356075286865,7.437240133218043
212.78456044197083,7.465910344226826
212.78456044197083,7.496094114770258
212.78456044197083,7.527448410779393
212.78555989265442,7.559789426848896
212.78555989265442,7.593222628157667
212.78656125068665,7.627397735072
212.78656125068665,7.66380479462573
212.7875623703003,7.701169411877079
212.7875623703003,7.739818754975935
212.78856134414673,7.780582238027071
212.78856134414673,7.824781798760757
212.78856134414673,7.872438674775108
212.78956055641174,7.922943800659611
212.78956055641174,7.977911555880854
212.78956055641174,8.037435537647521
212.79055976867676,8.1030760773601
212.79055976867676,13.757776226420315
212.79156041145325,13.73682810366529
212.79156041145325,13.715439966741638
212.79255962371826,13.692914070727614
212.79255962371826,13.670158662668642
212.79255962371826,13.647417146041747
212.793559551239,13.624424379097276
212.793559551239,13.601024115026656
212.7945613861084,13.577259085430702
212.7945613861084,13.552830900667727
212.7945613861084,13.528352752665942
212.79556155204773,13.503358221569224
212.79556155204773,13.477915177944931
212.79656076431274,13.451783330997628
212.79656076431274,13.425318225286286
212.79755973815918,13.398838482350952
212.7978265285492,13.372167946209931
212.7978265285492,13.345519257365304
212.7988350391388,13.319033759046231
212.7988350391388,13.29249263447721
212.79983472824097,9.720915016194088
212.80052995681763,9.789294982171572
212.80105328559875,9.856550100063075
212.80105328559875,9.921759034948197
212.80207705497742,9.985187779198403
212.80207705497742,10.046975638080852
212.80306839942932,10.106967871236591
212.80407047271729,10.165068905352673
212.80407047271729,10.221223112309376
212.8050684928894,10.276003920695034
212.8050684928894,10.329345135250552
212.8050684928894,10.38130618893507
212.80606818199158,10.432057141688405
212.80606818199158,10.482125438318574
212.80606818199158,10.531126984913296
212.80706787109375,11.475377361963899
212.80706787109375,11.63217036349063
212.80806851387024,11.684299420227397
212.80806851387024,11.711358837887262
212.80906915664673,11.727288963941385
212.80906915664673,11.73849405043036
212.81006789207458,11.745786720719334
212.81006789207458,11.751084597681459
212.81006789207458,11.75477225821236
212.81006789207458,11.757342364835539
212.81106781959534,11.758681127629476
212.81106781959534,11.759697615246534
218.15645027160645,11.760026358890462
218.1584849357605,11.759885693173336
218.1604814529419,11.759113762739776
218.1624801158905,11.757784270934252
218.1654064655304,11.756485596454459
218.16740679740906,11.75492455917209
218.1684055328369,11.753096467314217
218.17040395736694,11.751401156881762
218.17340421676636,11.749278138716013
218.17540311813354,11.747061456352878
218.17840385437012,11.744848363972157
218.18140602111816,11.74264430821111
218.1844027042389,11.740741769148679
218.18545413017273,11.738893592263246
218.18746662139893,11.73745974953916
218.18940234184265,11.736213260592866
218.19140768051147,11.735317848929189
218.1934871673584,11.734746191897184
218.19540405273438,11.734960959979656
218.19740414619446,11.735785592173759
218.19840574264526,11.736771783539464
218.20040082931519,11.737889087169632
218.20140075683594,11.73902673668968
218.20239853858948,11.740082773383312
218.20339679718018,11.741028187734964
218.20439648628235,11.741897144348616
218.20539903640747,11.742630218334925
218.20539903640747,11.743151015910499
218.20639634132385,11.743448996441762
218.20739722251892,11.743506196972119
218.20739722251892,11.74314374628369
218.2084460258484,11.742415515309345
218.2084460258484,11.741201032341829
218.20939707756042,11.739556540984857
218.20939707756042,11.737488421165057
218.2104091644287,11.735047171479184
218.2104091644287,11.732284835844093
218.21139693260193,11.729323417739487
218.2123966217041,11.726259577137107
218.2123966217041,11.723256809958519
218.21340417861938,11.720260828302504
218.21340417861938,11.717272817762067
218.21439695358276,11.714412588835765
218.21439695358276,11.711600814424084
218.215402841568,11.708934529207989
218.21639680862427,11.706358173638147
218.21639680862427,11.703821816654136
218.21739554405212,11.701387095879145
218.21739554405212,11.699165784421856
218.21839570999146,11.69704638047231
218.21839570999146,11.694959296602892
218.2193956375122,11.69302355230312
218.2203996181488,11.691140324723921
218.2203996181488,11.68922718044659
218.22139763832092,11.687338499377713
218.22139763832092,11.68550371666861
218.22139763832092,11.68355585134399
218.2223973274231,11.681525042661532
218.2223973274231,11.679265445955693
218.2223973274231,11.676666423325443
218.2233965396881,11.673812124678026
218.2233965396881,11.670889006001477
218.22439765930176,11.667848385881157
218.22439765930176,11.664653944579221
218.2253978252411,11.661381663884688
218.2253978252411,11.658000847642073
218.2253978252411,11.654607593677689
218.22639775276184,11.651329956314896
218.22639775276184,11.647915811931458
218.22739601135254,11.644283205752751
218.22739601135254,11.640593155610542
218.22839641571045,11.636817477389684
218.22839641571045,11.632989028763712
218.22940039634705,11.629228172146085
218.22940039634705,11.62559215143248
218.23039722442627,11.62207196610281
218.23039722442627,11.618754338866063
218.23039722442627,11.6157200560619
218.23139715194702,11.612874335099864
218.23139715194702,11.610297373854957
218.23139715194702,11.608044322684332
218.2323968410492,11.605987756713525
218.2323968410492,11.603992233418232
218.23339748382568,11.602205433483237
218.23339748382568,11.600784914415005
218.23339748382568,11.599669787971708
218.23439693450928,11.598661679761108
218.23439693450928,11.597808006940477
218.23539757728577,11.596893099551012
218.23539757728577,11.595447148813719
218.23539757728577,11.593641542146022
218.2363977432251,11.593907697236638
218.2363977432251,11.595400548252297
218.2363977432251,11.596805915253897
218.23787379264832,11.598186541273044
218.23787379264832,11.599083702731576
218.23787379264832,11.599463983558294
218.23887705802917,11.598943390037572
218.23902487754822,11.597860725154005
218.23902487754822,11.59643073871955
218.24003314971924,11.594942344743064
218.24003314971924,11.593243809127456
218.2410328388214,11.591420204029484
218.2410328388214,11.589472118314422
218.2410328388214,11.587370293091626
218.2420310974121,11.585569643179028
218.2420310974121,11.583890903464416
218.2420310974121,11.582197536745163
218.24303007125854,11.580360147503425
225.00221586227417,11.578362989810744
225.00421166419983,11.576349983935783
225.00522136688232,11.574389936076372
225.00728344917297,11.572616554748217
225.00921654701233,11.570961365249604
225.01021671295166,11.56993052395768
225.0122148990631,11.569345754415904
225.0132122039795,11.569063616044787
225.01521396636963,11.568836753119584
225.01621675491333,11.568421338788545
225.01621675491333,11.56789332386985
225.0172085762024,11.567228052319795
225.0172085762024,11.566362443195807
225.01820826530457,11.565280703062495
225.01920866966248,11.564124337389497
225.01920866966248,11.562639846781188
225.02020955085754,11.560825183222793
225.02020955085754,11.558422244908026
225.02120995521545,11.555701191127827
225.02120995521545,11.55301875970389
225.02120995521545,11.550166740731228
225.02240324020386,11.547479711577783
225.02341485023499,11.54489109127104
225.0244152545929,11.542693362692166
225.0254147052765,11.541025944989471
225.0254147052765,11.53962456558194
225.0264139175415,11.53769545441574
225.02741360664368,11.53563667009457
225.02741360664368,11.5337526933927
225.0284140110016,11.531932728968464
225.0284140110016,11.530324112835492
225.029226064682,11.529595187414884
225.029226064682,11.52953075249002
225.03023076057434,11.529704076881526
225.03023076057434,11.530009005047532
225.03123116493225,11.530622992035369
225.0322780609131,11.531410366219772
225.0322780609131,11.532327296161714
225.0322780609131,11.533244747542176
225.03326225280762,11.534085104842596
225.03326225280762,11.534827355576057
225.03423047065735,11.535367127126602
225.03423047065735,11.535703534473281
225.03523063659668,11.535820632000263
225.03523063659668,11.535731063100549
225.03633570671082,11.535611380373622
225.03633570671082,11.53533726734108
225.0373411178589,11.535026628603594
225.0373411178589,11.534876308716191
225.03834223747253,11.535048334530595
225.03834223747253,11.535180655336571
225.0393409729004,11.535387347844747
225.0393409729004,11.535768766375721
225.04033994674683,11.536388055933232
225.04033994674683,11.537260077990046
225.04134154319763,11.538187592595044
225.04134154319763,11.538951819609427
225.04134154319763,11.539374921109953
225.04234051704407,11.53946673573045
225.04234051704407,11.539275261306406
225.04234051704407,11.538673184640007
225.04334139823914,11.537521182024662
225.04434061050415,11.535692319685921
225.04434061050415,11.533294184180013
225.04434061050415,11.530228600397527
225.04534125328064,11.526246869300605
225.04534125328064,11.521365724610202
225.0463523864746,11.515129787375265
225.0463523864746,11.507502793137578
225.0463523864746,11.498651220339754
225.04734635353088,11.488861923589855
225.04734635353088,11.478062710657923
225.04834079742432,11.466420485997157
225.04834079742432,5.7581436371737045
225.0493404865265,5.743822139432528
225.0493404865265,5.730020337803273
225.0493404865265,5.71644046530843
225.05034041404724,5.703001485146617
225.05034041404724,5.690069298270272
225.05134081840515,5.677596187635073
225.05134081840515,5.6655464064442675
225.0523407459259,5.654001225251168
225.0523407459259,5.6430927137259514
225.0533413887024,5.632228967676839
225.0533413887024,5.62170875139107
225.0533413887024,5.611628366763179
225.05434131622314,5.601717378309413
225.05434131622314,5.591985799691887
225.05434131622314,5.583046109275375
225.05434131622314,5.57419316063084
225.05534029006958,5.565989571156307
225.05634093284607,5.558233626423508
225.05634093284607,5.55096499610617
225.05734086036682,5.544277117121436
225.05734086036682,5.537898582337195
225.05734086036682,5.531697074471861
225.058340549469,5.525855236627863
225.058340549469,5.5204138889314915
225.058340549469,5.515246842524531
225.0593400001526,5.510324293174624
225.0593400001526,5.505746161042186
225.0603415966034,5.5014348199553496
225.0603415966034,5.497435636654818
225.06150102615356,5.493604449617129
225.06150102615356,5.489981860830961
225.06250643730164,5.486308267553259
225.06250643730164,5.482550375046324
225.06250643730164,5.478498521966102
225.06250643730164,5.47450597962607
225.06350779533386,5.470497711419988
225.0645055770874,5.466677576954803
225.0645055770874,5.4631652305802385
225.0645055770874,5.4600516919791655
225.06550693511963,5.457007738975278
225.06550693511963,5.45382968411464
225.06650686264038,5.450566583854804
225.06650686264038,5.447265607513695
225.06650686264038,5.443716274346712
225.06750655174255,5.440101506999247
225.06750655174255,5.436831015057704
225.06750655174255,5.433756651738515
225.068505525589,5.4310860331672774
225.068505525589,5.4280267418287025
225.06950664520264,5.424285765114611
225.06950664520264,5.41967049749038
225.06950664520264,5.414785955959026
225.0708396434784,5.410207466819078
225.0708396434784,5.405977419328651
225.0718445777893,5.402036002975101
225.07216787338257,5.3980792184794115
225.07216787338257,5.39351200248992
225.07317733764648,5.388604402733161
225.07317733764648,5.383729170652972
225.07417678833008,5.379466372967235
225.07417678833008,5.37348190223463
225.07417678833008,5.368372182676246
225.07417678833008,5.362964976445545
231.86383318901062,5.357923206898601
231.86583280563354,5.352705490602087
231.86683630943298,5.347975242945933
231.8678333759308,5.343173413314146
231.8698329925537,5.338578659871795
231.87083792686462,5.334593457022349
231.87183380126953,5.331082554298593
231.87283444404602,5.327620801454944
231.8738329410553,5.325073592740424
231.87483429908752,5.322866674518758
231.87583255767822,5.321121612597856
231.87683272361755,5.3199168866735995
231.87783193588257,5.318815603800272
231.8788332939148,5.317264232252347
231.8788332939148,5.315301712099036
231.8798668384552,5.313495060832304
231.8808307647705,5.311712538517764
231.8818323612213,5.310362358775294
231.8828320503235,5.309229581171948
231.8828320503235,5.308226779746217
231.8838312625885,5.30736478910639
231.8838312625885,5.3067405664958605
231.88483142852783,5.306275282470716
231.88583159446716,5.306185402135333
231.88583159446716,5.30635449814786
231.88583159446716,5.307001146059964
231.88683104515076,5.308089280705141
231.88683104515076,5.309521312466891
231.88784408569336,5.311707864301216
231.88883256912231,5.314328530185538
231.8898322582245,5.317172699425508
231.8898322582245,5.320109580401688
231.890860080719,5.323437797580113
231.890860080719,5.326388579348389
231.89186573028564,5.329938684792119
231.89286494255066,5.333785136408014
231.89286494255066,5.337380760336978
231.89386630058289,5.340835365034634
231.89424324035645,5.344080653132959
231.89525318145752,5.347782696976625
231.89525318145752,5.352486167897153
231.8962528705597,5.357906731781378
231.89725399017334,5.364963413893042
231.89725399017334,5.371712298067953
231.89825296401978,5.379725846658847
231.89925146102905,5.386761799311653
231.89925146102905,5.393078364695287
231.90025806427002,5.399624423573425
231.90125441551208,5.406221234550853
231.90225315093994,5.412968411100358
231.90325498580933,5.419109623824967
231.9042534828186,5.424316936613834
231.9042534828186,5.430474213865261
231.90525317192078,5.4355897728587
231.90625667572021,5.43983496918396
231.90726113319397,5.4446452403545305
231.90726113319397,5.448911181932258
231.90826058387756,5.451895783689383
231.90925407409668,5.452702617357561
231.91025376319885,5.452999268381336
231.91125464439392,5.45360608602612
231.9122519493103,5.454425811989783
231.9132583141327,5.454640384215333
231.91425585746765,5.4534679505898795
231.91525840759277,5.451193699150384
231.91625475883484,5.448281307483166
231.91725897789001,5.445221935048905
231.9182550907135,5.441936259926498
231.91926383972168,5.438519652708452
231.91926383972168,5.434646236241291
231.92025232315063,5.429893536945698
231.92125415802002,5.423966457425591
231.9222550392151,5.416891419308309
231.9232532978058,5.409548991115652
231.92425322532654,5.401775657623182
231.9252519607544,5.394227982330205
231.92625308036804,5.386616868334815
231.92725586891174,5.379247877791875
231.92725586891174,5.371983084596997
231.9282534122467,5.36521575513416
231.92925262451172,5.358570366538842
231.93025660514832,5.352457407820983
231.93125581741333,5.346403554045467
231.9322543144226,5.3404436684824095
231.93325281143188,5.335387423509168
231.93325281143188,5.331508701973359
231.93425273895264,5.328036241063124
231.9352536201477,5.325139027382942
231.93625378608704,5.323025631843761
231.93725419044495,5.32021658193081
231.9382541179657,10.72162369623518
231.93925404548645,10.736416230210086
231.9402630329132,10.750687875915911
231.9412591457367,10.76431949933973
231.9412591457367,10.77751346219396
231.94225311279297,10.790406581032027
231.94325423240662,10.803030942459694
231.94425344467163,10.815426316359718
231.94525241851807,10.827417210566468
231.94525241851807,10.839125502041757
231.94725584983826,10.850384169745325
231.94826340675354,10.861305998015997
231.94826340675354,10.872126287003983
231.94925904273987,10.883147823304126
231.95025277137756,10.894689606732385
231.95125460624695,10.906559540748823
231.95225429534912,10.91904262364222
231.95325374603271,10.93211895435041
231.95425271987915,10.945536621422274
231.95525479316711,10.95880704516288
231.9562554359436,10.971690429099294
231.957261800766,10.984166898260934
231.9582555294037,10.997167078148383
231.95925426483154,11.008971557726895
231.9602551460266,11.020807740231612
231.9612636566162,11.031769503997465
231.9612636566162,11.042558289553613
231.9622528553009,11.053331769468748
231.96325373649597,11.06311052621598
231.9642550945282,11.071051642806749
231.96525311470032,11.07645687644207
231.96625900268555,11.079497234597275
231.96625900268555,11.080760066342622
231.96725225448608,11.080613224039393
231.96825432777405,11.079225773330386
231.96925497055054,11.07726031859961
231.9702537059784,11.074792864898258
231.97125387191772,11.070890010392155
231.9722547531128,11.0652298163487
231.97325539588928,11.05824664695351
231.97425603866577,11.04986083152706
231.97525787353516,11.039852367110859
231.97725629806519,11.029510746451383
231.97825622558594,11.020526545578514
231.97925543785095,11.01186602828125
231.9802544116974,11.003944300681473
231.98125457763672,10.99775737938839
238.70284819602966,10.995114909033035
238.7049276828766,10.993239016504857
238.70587396621704,10.993453260181509
238.70687651634216,10.995446991216424
238.70905303955078,10.99843688602507
238.71005368232727,11.002233737288913
238.7110562324524,11.006915666695711
238.71205139160156,11.012365641200935
238.71305108070374,11.018425038466667
238.7150535583496,11.027320943167517
238.71605324745178,11.03793589145387
238.7170524597168,11.049394516165702
238.7180519104004,11.061170981688027
238.71905040740967,11.072366771865497
238.7203016281128,11.083891614007163
238.72130966186523,11.09654916709647
238.72230887413025,11.110831466429897
238.723308801651,11.12622390568493
238.7237434387207,11.142632986473822
238.72475385665894,11.159982043000225
238.7257513999939,11.178793843987368
238.72675323486328,11.199402378248903
238.72775435447693,11.2214477992858
238.72875475883484,11.244144382897124
238.72975397109985,11.266520036303595
238.73075246810913,11.288671656610362
238.73075246810913,11.310274127096214
238.73175263404846,11.331007315069487
238.73275136947632,11.351788565526173
238.73375129699707,11.37301682646621
238.73375129699707,11.394293847631948
238.73525762557983,11.41624219743554
238.7373445034027,11.439189131268286
238.73927426338196,11.462651419287532
238.74127316474915,11.486215684072642
238.74127316474915,11.510630895441984
238.74226355552673,11.536240264746862
238.74226355552673,11.564061405046377
238.74326419830322,11.59441220671173
238.74326419830322,11.627030091988784
238.74326419830322,11.661999413942826
238.74426579475403,11.701062367265235
238.74426579475403,11.747449063985785
238.74526596069336,11.80437548025664
238.74526596069336,11.877372217134175
238.74626541137695,11.974148068595566
238.74726629257202,12.107658151434546
238.74832677841187,12.306729640162018
238.74832677841187,12.64047446821932
238.74926352500916,12.904772534420939
238.75026488304138,12.93112155812851
238.7512640953064,12.956928888611163
238.7512640953064,12.98199495078866
238.7522749900818,13.006145806820225
238.753262758255,13.02954338744807
238.7542645931244,13.05216044567134
238.75526428222656,13.073869686437005
238.75526428222656,13.094557771572115
238.7566783428192,13.114131268939042
238.7566783428192,13.132757391190749
238.75769782066345,13.150297320009328
238.7586863040924,4.0978611454195235
238.75968647003174,4.10703789481301
238.76068544387817,4.116252637230543
238.7616970539093,4.125564326972412
238.7616970539093,4.134991091766887
238.76268649101257,4.144493481485118
238.76368641853333,4.1541153328176685
238.7646963596344,4.164002991564978
238.7646963596344,4.17446982950586
238.76568460464478,4.185916823075433
238.76668643951416,4.198956560913148
238.7676875591278,4.214059171499322
238.76869010925293,4.231488752544266
238.76869010925293,4.2508298911089435
238.76968932151794,4.271470674635201
238.77068901062012,4.292862654047037
238.77068901062012,4.314739415134393
238.77168560028076,4.336871693117152
238.77268600463867,4.359160592014343
238.77268600463867,4.381665875001994
238.77369165420532,4.4043240263838985
238.77369165420532,4.427127529909527
238.7746844291687,4.450088414131695
238.77568554878235,4.473143403454404
238.77568554878235,4.496253479319891
238.77669644355774,4.5194334733214445
238.77768421173096,4.542551698882511
238.77768421173096,4.56564599418973
238.77868938446045,4.588542572595716
238.77968621253967,4.611216396725071
238.77968621253967,4.633650818036719
238.78068566322327,4.655768261164958
238.78068566322327,4.677658270399914
238.78168487548828,4.699349773347481
238.78168487548828,4.72076733272611
238.78168487548828,4.741873546720903
238.78268432617188,4.762740355250644
238.78268432617188,4.783388430393682
238.78368663787842,4.803761341866055
238.78368663787842,4.823930914066288
238.78468585014343,4.84379320111547
238.78468585014343,4.863388847876302
238.7856867313385,4.882736861806819
238.78668594360352,4.9018171810950655
238.78768515586853,4.920694115062341
238.78768515586853,4.939371951590377
238.78868508338928,4.957904831693083
238.78868508338928,4.976315736298686
238.78968453407288,4.994627102907212
238.78968453407288,5.0127773494921675
238.79068446159363,5.030838880283541
238.79068446159363,5.0488231395893735
238.79168462753296,5.066737410653087
238.79168462753296,5.084522000637735
238.79168462753296,5.102228942285346
238.7926845550537,5.119853688832294
238.7926845550537,5.13728216590189
238.7936840057373,5.1545562696235026
238.7936840057373,5.171639987660301
238.79468393325806,5.18852158431746
238.79468393325806,5.205292805382637
238.79468393325806,5.222058031915041
238.79568433761597,5.2388641287104205
238.79668974876404,5.255612141524131
238.79668974876404,5.2721123840282145
238.79668974876404,5.2883818180758855
238.79768443107605,5.304423753080954
238.79768443107605,5.320366561188986
238.79768443107605,5.336286031569758
238.79869079589844,5.352193073337701
238.79869079589844,5.368137666947922
238.79869079589844,5.3841555847830955
238.79969024658203,5.400459678040605
238.79969024658203,5.417141602831571
238.79969024658203,5.434384457302757
238.8006854057312,5.452085017023682
245.57267665863037,5.470342204521716
245.57367372512817,5.488975931264429
245.5756778717041,5.508165291766807
245.57667422294617,5.527746949089574
245.5776789188385,5.547400493944996
245.57925248146057,5.567103900401818
245.58024954795837,5.586757434994169
245.5812487602234,5.606414337399638
245.58325576782227,5.625903072808465
245.5842480659485,5.645234487381401
245.58624744415283,5.664439358478394
245.58724856376648,5.683484189617617
245.5882465839386,5.7022775359593405
245.58908677101135,5.72069541840976
245.59111523628235,5.738623871315318
245.59211492538452,5.755790224027164
245.593115568161,5.771890044486848
245.5932903289795,5.786585763551999
245.59530472755432,5.799589676295487
245.59530472755432,5.810662353425855
245.5963032245636,5.819747384804197
245.59730195999146,5.827016786916089
245.59830713272095,5.832507479910338
245.59930276870728,5.836073423687032
245.60030341148376,5.837535746835084
245.60130167007446,5.836915941228717
245.60230255126953,5.834303695098461
245.60330176353455,5.83001075218143
245.60430264472961,5.824402024978934
245.60430264472961,5.817752683222562
245.60530138015747,5.810331109598199
245.60630106925964,5.802376580938662
245.60630106925964,5.794029458297047
245.6073021888733,5.785357264295445
245.6083037853241,5.7766820935119325
245.60930275917053,5.768226478107429
245.6103024482727,5.760046949655877
245.6103024482727,5.752209785954369
245.6123023033142,5.744781779302906
245.61330103874207,5.7377566046314215
245.61330103874207,5.731148328680351
245.6143033504486,5.72487273624777
245.6153039932251,5.7188851805466925
245.61730408668518,5.713052531267251
245.61830592155457,5.707344526085015
245.61830592155457,5.701812714897879
245.62030267715454,5.696453141026731
245.62030267715454,5.691288625095808
245.62130641937256,5.6862670536749045
245.62230324745178,5.681393855013033
245.62330293655396,5.676659728273971
245.62330293655396,5.672042883064158
245.62430238723755,5.667518009640416
245.6253023147583,5.663109090239528
245.6253023147583,5.658807152054748
245.62630033493042,5.654575324272168
245.62630033493042,5.650391119302864
245.62630033493042,5.646263735430013
245.62730240821838,5.642164393159005
245.62830185890198,5.638114784232394
245.62830185890198,5.63411268609811
245.62930154800415,5.630139443731051
245.62930154800415,5.626149890328464
245.63030076026917,5.62207021782437
245.63030076026917,5.617840547954437
245.6313009262085,5.613422686133621
245.6313009262085,5.6087672597381815
245.6321623325348,5.603825169649492
245.63317275047302,5.598584006010241
245.63317275047302,5.593128601842507
245.6342008113861,5.587509729188341
245.6347620487213,5.581733501347166
245.6347620487213,5.575820167777412
245.6357810497284,5.569743384845642
245.63677191734314,5.563472914669277
245.6377730369568,5.5569514158734705
245.63877725601196,5.5501179795879905
245.63877725601196,5.5429031275286
245.63977074623108,5.535246892198969
245.64077186584473,5.527080662575305
245.64077186584473,5.5183695718217844
245.64177203178406,5.509112415728906
245.64258289337158,5.499337259020512
245.64359378814697,5.489052085425413
245.6446008682251,5.478296172202267
245.6446008682251,5.467106367543584
245.64559364318848,5.455443138388278
245.6465940475464,5.443277070888966
245.6465940475464,5.430618614619815
245.64760613441467,5.417453315610243
245.64859294891357,5.403788452065987
245.64959526062012,5.38965916791752
245.64959526062012,5.375060246263034
245.65060567855835,5.3600258973071675
245.65159368515015,5.344535972895083
245.65259408950806,5.32858381226393
245.65359711647034,5.312132755240102
245.65459871292114,5.295164763723444
245.65560841560364,5.277672481046466
245.65560841560364,5.259731285119838
245.6565957069397,5.241398056379398
245.6575951576233,5.222753722170401
245.65859699249268,5.203933736198081
245.6595950126648,5.185032896585408
245.6605930328369,5.166110637240909
245.6615936756134,5.147271336701016
245.6625964641571,5.12855117102686
245.6625964641571,5.109980708098018
245.66360592842102,5.091614402199456
245.66459584236145,5.073490191358307
245.665598154068,5.055603451373652
245.666597366333,5.038002697348693
245.66759872436523,5.0206823245146115
245.66759872436523,5.00362691818665
245.66860365867615,4.986841373293733
245.66959881782532,4.970256035732286
245.6705939769745,4.953927115437392
245.67159581184387,4.937842172816839
245.672602891922,4.922067888319078
245.67359972000122,4.9066573542782095
245.6745982170105,4.891679893727691
245.6755964756012,4.877184020302621
245.67659974098206,4.863187440279461
245.67760252952576,4.849707936789194
245.67859411239624,4.836737101013525
245.67859411239624,4.824307732376071
245.6796498298645,4.812442852690398
245.6806664466858,4.801118476071264
245.68265867233276,4.790298640811292
245.68365669250488,4.779956423014473
245.6846628189087,4.770038750600378
245.68566179275513,4.760500530642202
245.68665862083435,4.751225139498759
245.68765902519226,4.742186701030413
245.68866539001465,4.733382555783569
245.69065833091736,4.724777374200104
245.69367146492004,4.716358073947127
252.41346311569214,4.708079237171533
252.41346311569214,4.699901451422335
252.41451168060303,4.691785747292768
252.41546320915222,4.683707616540405
252.41546320915222,4.675675003710589
252.41646218299866,4.667675447096194
252.41646218299866,4.6597110988969295
252.41746258735657,4.6518040322682035
252.41746258735657,4.643971286860752
252.41846084594727,4.636154357343117
252.41846084594727,4.628386393039724
252.41946244239807,4.620721837615292
252.42146825790405,4.6131634163633475
252.42247104644775,4.605734899468497
252.42446899414062,4.598454011806281
252.425466299057,4.59132828084269
252.42646718025208,4.584441628018469
252.42746710777283,4.577771464581786
252.42946481704712,4.5712938489440225
252.4304645061493,4.56500237905353
252.43146443367004,4.5588911226006985
252.4324667453766,4.55297973527877
252.4334638118744,4.54728901021707
252.43446326255798,4.54178547844849
252.4354636669159,4.536485885585035
252.43646502494812,4.531376921732965
252.43746376037598,4.526521342908878
252.43746376037598,4.521935888963395
252.4384639263153,4.517663546781369
252.43946170806885,4.5137128857142255
252.44046306610107,4.510102777927584
252.44046306610107,4.506858890699593
252.44132447242737,4.503998231177649
252.44239926338196,4.501514932733295
252.44280791282654,4.499306893551995
252.4438202381134,4.497310115213388
252.4438202381134,4.495397461165964
252.44581818580627,4.493514180135501
252.4468195438385,4.491631752885576
252.44781947135925,4.489761515738678
252.44881916046143,4.487943954327853
252.4498188495636,4.4862058897661425
252.4498188495636,4.484617794686116
252.45082592964172,4.483255104640289
252.45181918144226,4.482146612143206
252.45281863212585,4.481284224499215
252.45381999015808,4.480693435597457
252.4548201560974,4.4803677141995575
252.4548201560974,4.480322729115253
252.45581936836243,4.480552337557663
252.45681881904602,4.4810551655440705
252.45782923698425,4.481877372451132
252.458820104599,4.482979033311243
252.45982098579407,4.484416562963852
252.45982098579407,4.4862202785476155
252.46081924438477,4.4884657456131825
252.46181917190552,4.491174143305753
252.46281909942627,4.49440158432704
252.4638214111328,4.498152036570382
252.4638214111328,4.502392295388706
252.4648187160492,4.507128313987663
252.46581888198853,4.512306751642854
252.46581888198853,4.517828101871225
252.46697354316711,4.523706879329745
252.46798992156982,4.529900978126699
252.46798992156982,4.536367764201538
252.46897912025452,4.543056739276194
252.46998023986816,4.5499708918871935
252.4709804058075,4.557244146805442
252.4709804058075,4.564944721641658
252.47209548950195,4.572982142722118
252.4731023311615,4.581445971515282
252.4731023311615,4.590358444559872
252.47410249710083,4.599651022839757
252.47410249710083,4.609330714592337
252.47510266304016,4.61940866883648
252.47510266304016,10.191096443937521
252.47610330581665,10.182198116986015
252.47610330581665,10.17293894370102
252.4771032333374,10.163264445926172
252.47810244560242,10.153092346703716
252.47810244560242,10.142426462064599
252.4791030883789,10.131310107863932
252.4791030883789,10.119712427699442
252.4791030883789,10.107567538443186
252.48010349273682,10.094916605999957
252.48010349273682,10.081714772738998
252.48110270500183,10.067942785755713
252.48110270500183,10.05362734428651
252.4821012020111,10.038725037949048
252.4821012020111,10.02329811225595
252.48310136795044,10.007273343414004
252.48310136795044,9.990612637611989
252.48410201072693,9.97336276379206
252.48410201072693,9.95560004261518
252.48410201072693,9.937363130123408
252.48510122299194,9.918772252658943
252.48510122299194,9.899964031795292
252.4861023426056,9.881151848770598
252.4861023426056,9.86243434575163
252.48710083961487,9.843847620014882
252.48710083961487,9.825410222319688
252.48811054229736,9.807059260024003
252.48811054229736,9.788754574788783
252.48811054229736,9.770510278634724
252.48811054229736,9.752390416940333
252.4891004562378,9.734448005348707
252.4891004562378,9.716848190957698
252.49010109901428,9.699723396001872
252.49010109901428,9.683148402640665
252.4911024570465,9.667152880312265
252.4911024570465,9.65164934932033
252.4921019077301,9.636603461164052
252.4921019077301,9.62193407378751
252.49310207366943,9.607527947861012
252.49339771270752,9.593312167810378
252.49339771270752,9.579336991462188
252.4944064617157,9.565719591100658
252.4944064617157,9.552566376694651
252.4954071044922,9.539802249876644
252.4954071044922,9.527404438028583
252.4964029788971,9.515329249273229
252.4964029788971,9.503494606034678
252.49740386009216,9.491895753885158
252.49740386009216,9.480577185313614
252.49840426445007,9.469540575812454
252.49840426445007,9.458806239382417
252.49941730499268,9.448379482280998
252.49941730499268,9.438171050536882
252.50040435791016,9.428252197887272
252.50040435791016,9.418544326482756
252.50140404701233,9.409088006194544
252.50140404701233,9.399894703061914
252.50240468978882,9.39095606036705
252.50240468978882,9.3822203727372
252.503404378891,9.373731305903224
252.503404378891,9.365498976338714
259.2818691730499,9.357611951248666
259.2849795818329,9.349982233042615
259.2868912220001,9.342717925270794
259.28888964653015,9.335809402765452
259.29138803482056,9.329172534659895
259.29340744018555,9.322841537990994
259.29540824890137,9.316744617420696
259.29940581321716,9.310939784720539
259.30040431022644,9.3053163737013
259.30340218544006,9.299981255304564
259.3044033050537,9.294961829090967
259.3061339855194,9.290294900368835
259.307541847229,9.286049115680406
259.30869913101196,9.282177921393743
259.31021308898926,9.27876300439656
259.3107180595398,9.275849188098428
259.311723947525,9.273392036469355
259.311723947525,9.271416973254697
259.3132700920105,9.26993592402684
259.3132700920105,9.268900594478279
259.3148458003998,9.26829996131637
259.315851688385,9.268108571515615
259.315851688385,9.268331819551458
259.3168513774872,9.268956797000088
259.3178503513336,9.269988355454409
259.3188531398773,9.271452157682843
259.3188531398773,9.273348252008
259.31985211372375,9.275694494706832
259.32087445259094,9.27850583269702
259.32087445259094,9.281732401920996
259.32196378707886,9.285387261283933
259.32296323776245,9.289443212240743
259.32296323776245,9.293909147468066
259.3239622116089,9.298750742354681
259.3249623775482,9.30396148796989
259.3249623775482,9.309526858078543
259.3259630203247,9.31540855466076
259.3259630203247,9.321576608807511
259.3269648551941,9.328025787401785
259.3279666900635,9.334714853079245
259.32859444618225,9.341644728124328
259.32960391044617,9.348818303638689
259.32960391044617,9.356222672466005
259.3306016921997,9.363857942435788
259.3316032886505,9.37173902898274
259.3316032886505,9.379852170824735
259.3326017856598,9.388201013002886
259.3326017856598,9.396776544839376
259.3336000442505,9.405573907849037
259.3336000442505,9.4145898608837
259.33460807800293,9.42381958293441
259.3356018066406,9.433242695429977
259.33660221099854,9.442860052328362
259.33660221099854,9.452650592194956
259.33760142326355,9.462590852693381
259.33760142326355,9.472679303485219
259.33860039711,9.482896461039608
259.33960151672363,9.493222749783403
259.33960151672363,9.50363728175463
259.3403470516205,9.514127496133023
259.34137892723083,9.52467755878791
259.34137892723083,9.535287435966874
259.3423662185669,9.545967614525837
259.3433692455292,9.556712713367588
259.3433692455292,9.567538439138735
259.3443691730499,9.578464205494786
259.3453667163849,9.589493413815601
259.3453667163849,9.600642799762499
259.34636640548706,9.61189330570424
259.3473677635193,9.623217597103517
259.3473677635193,9.634593089199642
259.3483681678772,9.645982948317355
259.3493673801422,9.657404082132752
259.3493673801422,9.668852018774688
259.35036611557007,9.680372544314896
259.35136675834656,9.692007006295064
259.35136675834656,9.703857412875825
259.35236716270447,9.71598561319341
259.3528039455414,9.728450212616233
259.35381174087524,9.74128241591959
259.35381174087524,9.754539951742677
259.3548095226288,9.768243754095396
259.3548095226288,9.782461202816814
259.35581135749817,9.7972186360021
259.35581135749817,9.812430346939623
259.3568124771118,9.828078271489225
259.3568124771118,9.84408703463351
259.3578214645386,9.860397868008763
259.35881066322327,9.876984672224857
259.35881066322327,9.89384030840035
259.35981035232544,9.910955685963657
259.35981035232544,9.92834834939235
259.36081051826477,9.946026886112847
259.3618230819702,9.9639673266662
259.3618230819702,9.9821329663726
259.3628101348877,10.000550014532816
259.3628101348877,10.019158795980601
259.36380982398987,10.037908968277886
259.3648111820221,10.05681252590249
259.36581158638,10.075857870480643
259.36581158638,10.094947172103154
259.36681056022644,10.11411708068963
259.3678123950958,10.133333087095302
259.3678123950958,10.152574282925455
259.36881160736084,10.171823654854927
259.36981177330017,10.19106429746386
259.36981177330017,10.21023835653865
259.37081122398376,10.229344461970475
259.37081122398376,10.248407370027081
259.37181305885315,10.267480668628842
259.3728115558624,10.286622865978273
259.37381291389465,10.305912675064054
259.3748228549957,10.325356376442192
259.3748228549957,10.344998808293376
259.3758120536804,10.364875584495902
259.37681102752686,10.384985376715981
259.3778119087219,10.405388238297196
259.37881731987,10.426068506208667
259.37881731987,10.447024271184102
259.37981033325195,10.468336333238554
259.38081073760986,10.489975590883866
259.38081073760986,10.511942789072041
259.38181948661804,10.534232049639787
259.38281202316284,10.554022963667679
259.38382029533386,10.570202283939206
259.38382029533386,10.586279989846973
259.38481092453003,10.602285201115803
259.38581347465515,10.61816251453369
259.38682317733765,10.633922191310758
259.38682317733765,10.649596676146507
259.3878118991852,10.665234072535073
259.3878118991852,10.680848706885225
259.3888189792633,10.69645639518435
259.38981223106384,10.712077563029945
259.3908112049103,10.727704796498967
259.3908112049103,10.74333045648442
259.3918104171753,10.758951860127638
266.1281397342682,10.774522534258363
266.12979888916016,10.790019066865144
266.13180589675903,10.805439555282131
266.13380765914917,10.820815496852674
266.13680768013,10.836159728530303
266.13980984687805,10.851503803143551
266.14080905914307,10.866846408442683
266.14280581474304,10.882186109474928
266.1448063850403,10.897510153899585
266.14680790901184,10.912854927796456
266.1478090286255,10.928237954342341
266.14981293678284,10.943756915197127
266.1508057117462,10.95945243567449
266.1528627872467,10.975356046750068
266.1532094478607,10.99147820783648
266.155234336853,11.007799285505335
266.15623331069946,11.024245254391419
266.1572334766388,11.040792532660086
266.15923261642456,11.057366130048463
266.16023349761963,11.07392182793163
266.16023349761963,11.090428559966453
266.1611866950989,11.10683399112669
266.1621949672699,11.123058815446507
266.1631956100464,11.139101140596097
266.1641948223114,11.154901604099033
266.1641948223114,11.17043450083983
266.16519594192505,11.185713537824247
266.16619539260864,11.200762061216913
266.16619539260864,11.21557673989242
266.16719460487366,11.230206782339048
266.16819405555725,11.244690669501216
266.1691930294037,11.259072653036473
266.1691930294037,11.273396637384455
266.1701934337616,11.287725116993023
266.1701934337616,11.302060485238531
266.17119431495667,11.316420939634657
266.172194480896,11.330811810893701
266.17319440841675,11.345238298199178
266.17319440841675,11.359696037200553
266.17319440841675,11.374181589268094
266.1741933822632,11.388680241628196
266.1741933822632,11.40318446001042
266.1741933822632,11.417667368397252
266.17519330978394,11.432096669550564
266.17519330978394,11.446437627494094
266.17619371414185,11.460658639089875
266.17619371414185,11.474740199022909
266.1771926879883,11.488689794017365
266.1771926879883,11.502491749291922
266.17826676368713,11.51613968124963
266.17826676368713,11.529654802147716
266.17927145957947,11.543064396494568
266.17927145957947,11.556386338023684
266.1802718639374,11.569639527594047
266.181271314621,11.582837534461627
266.181271314621,11.596000084714257
266.181271314621,11.609135433757968
266.1822717189789,11.622237862888177
266.1822717189789,11.635327526015274
266.18327140808105,11.648407514059386
266.18327140808105,11.66146496520028
266.18427205085754,11.674518825744043
266.18427205085754,11.687594082365235
266.18527150154114,11.700712625064305
266.18527150154114,11.71389661982491
266.18627190589905,11.727179443579654
266.18627190589905,11.740603111316432
266.18627190589905,11.754211745111052
266.1872720718384,11.768038220426273
266.1872720718384,11.782132440663931
266.1882722377777,11.796530293348413
266.1882722377777,11.811276398281095
266.18927121162415,11.826405338953649
266.19027066230774,11.841975325540883
266.19027066230774,11.858004670748445
266.19027066230774,11.874540786927025
266.19147992134094,11.891677091524114
266.19147992134094,11.909498218463272
266.1924841403961,11.9280911047861
266.1924841403961,11.947507838164059
266.19348406791687,11.96776847114924
266.19348406791687,11.988866564994735
266.19448471069336,12.010789184848454
266.19448471069336,12.03355529800334
266.19448471069336,12.057179929655916
266.1954846382141,12.081664890572672
266.1954846382141,12.107047414181695
266.1954846382141,12.133291667934609
266.1964840888977,12.160359323042671
266.1964840888977,12.18818641644697
266.1964840888977,12.216701903351458
266.1974835395813,12.245844400573803
266.1974835395813,12.275540803098131
266.19848465919495,12.305740945055378
266.19848465919495,12.33638848903618
266.19848465919495,12.367469550331695
266.19948387145996,12.398998645353691
266.19948387145996,12.431028224557958
266.2004840373993,12.463643933909868
266.2004840373993,12.496932186169477
266.20148515701294,12.530981018936084
266.20148515701294,12.56590358651205
266.2024848461151,12.601787086678318
266.2024848461151,12.638811594684743
266.2024848461151,12.677151816119085
266.20348477363586,12.71700320347464
266.20348477363586,12.758676365154377
266.20348477363586,12.802523159837026
266.2044835090637,12.848858534898998
266.2044835090637,12.897304264297999
266.2054913043976,12.94181561596948
266.2054913043976,12.984717998121008
266.20649123191833,13.026006094889052
266.20649123191833,13.065790113737574
266.20748496055603,13.104058289087924
266.20748496055603,13.14080913346055
266.20748496055603,13.17602773998966
266.20848417282104,13.209661248664585
266.20848417282104,13.241676511604588
266.20848417282104,13.272026337955774
266.2094843387604,13.300704279055017
266.2094843387604,13.32770274808688
266.2094843387604,13.35305334357319
266.21048498153687,13.376830555961426
266.21048498153687,13.399128638615782
266.2114841938019,13.420082288103774
266.2114841938019,13.439845302395842
266.2114841938019,13.458586959152713
266.2124843597412,13.476464007766007
266.2124843597412,13.493602001405513
266.2124843597412,13.510108178553555
266.2134838104248,13.526068808237417
266.2134838104248,13.54157011722073
266.2134838104248,13.556707951396499
266.21448397636414,13.571577880791475
266.21448397636414,13.586285027758068
266.21448397636414,13.600930913185897
272.99235129356384,13.615595016239359
272.9953444004059,13.630335822952194
272.9973487854004,13.645197273719956
272.9983334541321,13.660205862637204
272.9983334541321,13.675378085565926
272.9993896484375,13.690717812468987
273.00033259391785,13.706217818235405
273.00033259391785,13.721857767007009
273.00033259391785,13.737606065900358
273.0017890930176,13.7534105953759
273.0017890930176,13.769213313577659
273.0027987957001,13.784958481001903
273.0027987957001,13.800601887737658
273.0027987957001,13.81611218366063
273.0037987232208,13.831471683534685
273.0037987232208,13.846666668116422
273.0047996044159,13.861687639965345
273.0047996044159,13.87652026447937
273.00579953193665,13.891153345357766
273.00579953193665,13.905571014508306
273.0067992210388,13.919754830079402
273.0067992210388,13.933686967366263
273.00779819488525,13.947352285878406
273.00880241394043,13.960747764486877
273.00980281829834,13.97387610460088
273.0108172893524,13.986730908647493
273.01180386543274,13.99930787867585
273.0128002166748,14.011597198776965
273.0138032436371,14.023585443465212
273.01480531692505,14.03526420453269
273.0157997608185,14.04662375225062
273.01679968833923,14.057655985797874
273.0178003311157,14.068375441379118
273.0188012123108,14.078793592200034
273.0188012123108,14.08893381746055
273.0198004245758,14.098810804895185
273.0208008289337,14.108431720740642
273.02180004119873,14.117801702024456
273.02180004119873,14.126923773941956
273.02280020713806,14.135795610087007
273.0238125324249,14.144423643711873
273.0238125324249,14.152822090014661
273.0247993469238,14.160993299600356
273.02579951286316,14.168952859029162
273.02579951286316,14.176693024886712
273.0267996788025,14.184199266956032
273.0267996788025,14.191441434683552
273.02779936790466,14.198402779721453
273.02779936790466,14.205069959693484
273.028799533844,14.21146358804315
273.02980518341064,14.217600563804405
273.02980518341064,14.223521533259094
273.03079867362976,14.22927769288087
273.0313022136688,14.2349124664172
273.0313022136688,14.240463486824698
273.0313022136688,14.245952774979175
273.0326638221741,14.25141070679853
273.0336699485779,14.256845838723583
273.0336699485779,14.262295199233469
273.03466868400574,14.267778709337705
273.03466868400574,14.273271978746818
273.03566789627075,14.278754205660944
273.03566789627075,14.284181259544832
273.0366690158844,14.289529669320434
273.0366690158844,14.294766790410602
273.0376696586609,14.299857181726548
273.0376696586609,14.304777662088837
273.0388813018799,14.309511424461556
273.0388813018799,14.314068855789749
273.0388813018799,14.318454885427109
273.0398850440979,14.322690242275005
273.0398850440979,14.326776395536665
273.0398850440979,14.33072343893618
273.0408844947815,14.334525169841129
273.0408844947815,14.338184474895776
273.04188680648804,14.341699759784596
273.04188680648804,14.34508579896304
273.0426650047302,14.348335044964484
273.0426650047302,14.35144761257093
273.04367232322693,14.35440359537724
273.04367232322693,14.357184719888965
273.04367232322693,14.359771462848357
273.04467153549194,14.362164356733677
273.0456714630127,14.364359632766787
273.0456714630127,14.366364544267368
273.0466718673706,14.36818906539646
273.0466718673706,14.36983187939837
273.04767775535583,14.371304843145342
273.0486776828766,14.372622875370865
273.0486776828766,14.373805344762035
273.0496735572815,14.374872328871682
273.0506782531738,14.37584296022201
273.0506782531738,14.376722652541764
273.0516839027405,14.377504737694553
273.0516839027405,14.378178230973036
273.05302476882935,14.378734993950776
273.0540335178375,14.379162086619822
273.0550332069397,14.379458961648968
273.05603194236755,14.379635242265344
273.05603194236755,14.379682310741446
273.0570373535156,14.379601470690536
273.0570373535156,14.379375738840201
273.0580313205719,14.37898968848691
273.0590307712555,14.378437830819413
273.0590307712555,14.37770449025483
273.06003069877625,14.376791696982528
273.0610330104828,14.375719902738213
273.0610330104828,14.374516273644621
273.06203055381775,14.373220002641856
273.06203055381775,14.371866218149274
273.06303191185,14.370483284570247
273.06303191185,14.36908392554893
273.0640299320221,14.367674489033869
273.0640299320221,14.36625709390421
273.06503105163574,14.36482972074686
273.06503105163574,14.363383577476954
273.06503105163574,14.36190045553127
273.066029548645,14.360354858990757
273.066029548645,14.358711982833624
273.06703090667725,14.356938855473224
273.06703090667725,14.355002002447558
273.06703090667725,14.352864074614175
273.0680294036865,14.350488129200142
273.0680294036865,14.347836111194885
273.0680294036865,14.344878278402998
273.0690290927887,14.341583962034699
273.0690290927887,14.337922405030533
273.0690290927887,14.33387367669963
273.07003021240234,14.329419256366304
273.07003021240234,14.324556813331073
273.0710322856903,14.319289047646064
273.0710322856903,14.313630309268575
273.0710322856903,14.307606019658968
273.07202982902527,14.301248819509972
273.07202982902527,14.294589442472862
273.07202982902527,14.287666751346165
273.0730290412903,14.280509796743537
279.8318645954132,14.27314130291978
279.8328592777252,14.265579339083262
279.83392000198364,14.257834350566366
279.83498883247375,14.249914388407408
279.8359971046448,14.241839815498647
279.83699917793274,14.233631393283389
279.83799839019775,14.225319203780392
279.83899784088135,14.216930716165773
279.8399975299835,14.208513777428479
279.84099793434143,14.200094721660433
279.84099793434143,14.1917058838254
279.8423204421997,14.18338659874476
279.8433299064636,14.17515996583628
279.8443307876587,14.167039774731522
279.845330953598,14.159035108515488
279.845330953598,14.151135153295979
279.846426486969,14.143321663864977
279.8473279476166,14.13556611617089
279.8483307361603,14.12782073100753
279.84932947158813,14.120053770976984
279.85032773017883,14.112230762232638
279.85032773017883,14.104301662920028
279.85154724121094,14.096242741803891
279.8526222705841,14.088040022525618
279.8526222705841,14.079694026126171
279.85355401039124,14.071177372547181
279.854553937912,14.062425922316999
279.854553937912,14.053333356664105
279.854553937912,14.04381833866981
279.8560152053833,14.03384955434336
279.85702204704285,14.023363345689237
279.85702204704285,14.012353906971416
279.85802030563354,14.000813414504162
279.85853600502014,13.988743369776241
279.85853600502014,13.97615805566761
279.8595538139343,13.963046786239337
279.8599810600281,13.949427124516301
279.8599810600281,13.93530967650777
279.86098647117615,13.92072476838847
279.8619873523712,13.905698369467894
279.8619873523712,13.890254589152454
279.8619873523712,13.874405236064025
279.8629848957062,13.858174132324821
279.8629848957062,13.841575223638415
279.86398458480835,13.824630084590487
279.86398458480835,13.80733478559496
279.86398458480835,13.789701813177684
279.8649854660034,13.771754794079085
279.8659851551056,13.753516424503172
279.8659851551056,13.735008548588803
279.8659851551056,13.716244579173575
279.8669853210449,13.69723380571141
279.8669853210449,13.677971151660092
279.8669853210449,13.658444590640412
279.8679838180542,13.638664900855268
279.8679838180542,13.618666880877983
279.8679838180542,13.598554151087699
279.86898374557495,13.578398693808108
279.86898374557495,13.55832837967202
279.8699848651886,13.538409527608456
279.8699848651886,13.518706592666268
279.8709855079651,13.499257627365045
279.8709855079651,13.480060614912427
279.8709855079651,13.461071466819785
279.8719849586487,13.442169794873799
279.8719849586487,13.423246299136661
279.8719849586487,13.404139809471829
279.8729839324951,13.384673127725993
279.8729839324951,13.364665399172681
279.87398505210876,13.34397220155662
279.87398505210876,13.322501103651591
279.8749861717224,13.300189886024464
279.8749861717224,13.27700547309093
279.8749861717224,13.252914492387328
279.8759882450104,13.227911093492821
279.8759882450104,13.202001315020173
279.87698435783386,13.175136642270376
279.87698435783386,13.147340253227291
279.87698435783386,13.118568008403642
279.8779847621918,13.088766093518275
279.8779847621918,13.057921316608038
279.8789851665497,13.02592253472191
279.8789851665497,12.99279600169498
279.8789851665497,12.958580870928548
279.87998366355896,12.923339913910107
279.87998366355896,12.886724250844333
279.87998366355896,12.846859123299216
279.8809850215912,12.80841822585701
279.8809850215912,12.771405444080568
279.8809850215912,12.735802180379633
279.8819839954376,12.70163149747166
279.882985830307,12.668811725831915
279.882985830307,12.637300848264195
279.882985830307,12.607007168255834
279.8839852809906,12.577840667954685
279.8839852809906,12.54964335736996
279.8839852809906,12.522261904540636
279.8849837779999,12.495517800996867
279.8849837779999,12.46927165149485
279.8859851360321,12.443414760541772
279.8859851360321,12.417860900592984
279.8869867324829,12.392612366473225
279.8869867324829,12.367683143218706
279.8869867324829,12.34313181144868
279.8879840373993,12.319012732674434
279.8879840373993,12.29536900847339
279.8879840373993,12.272237718443304
279.8889842033386,12.249633241183334
279.8889842033386,12.227555799665097
279.8889842033386,12.20599862630134
279.8899836540222,12.184930472734798
279.8899836540222,12.164315980781563
279.89098620414734,12.144155993888388
279.89098620414734,12.124444468880304
279.891987323761,12.10519060071864
279.891987323761,12.086415421055573
279.8929843902588,12.068148630396564
279.8929843902588,12.050394821605577
279.8929843902588,12.03315389436403
279.8929843902588,12.016407437184732
279.8939838409424,12.000183606128632
279.8939838409424,11.984549193635075
279.89498472213745,11.96955290906764
279.8959846496582,11.955234085085602
279.8959846496582,11.941599871218136
279.8959846496582,11.928630952323545
279.8969850540161,11.916279993030553
279.8969850540161,11.90449281910278
279.8969850540161,11.893211275932813
279.8979845046997,11.882381346925138
279.8979845046997,11.871944225447514
279.89898467063904,11.861845814589223
279.89898467063904,11.852042430790844
279.89998483657837,11.842503748111112
279.89998483657837,11.833216624028658
279.9009864330292,11.824171520099863
279.9009864330292,11.815365594607773
286.7061519622803,11.806818852371725
286.70812702178955,11.79853019914332
286.70907831192017,11.79051295156412
286.71107816696167,11.78277016994143
286.71207666397095,11.775293381217613
286.71307492256165,11.768076130714483
286.71407437324524,11.761088264902751
286.71407437324524,11.754300790846955
286.71507477760315,11.747671864913308
286.71507477760315,11.741206313521923
286.71607422828674,11.73486493706888
286.71607422828674,11.728642541989082
286.71607422828674,11.72253638013214
286.717072725296,11.716522348598437
286.7180724143982,11.710629216315654
286.7180724143982,11.704847582674429
286.71907329559326,11.69920717266955
286.71907329559326,11.693717482251772
286.7200722694397,11.688375359894506
286.7200722694397,11.683188922346078
286.721072435379,11.678152763846814
286.721072435379,11.67327783490862
286.7220733165741,11.668512948942809
286.7220733165741,11.663787378485058
286.7230725288391,11.658894182308693
286.7230725288391,11.653426018072617
286.72407269477844,11.6469163675553
286.7250761985779,11.63940205549559
286.7250761985779,11.631382704426313
286.7260732650757,11.623281333126949
286.7260732650757,11.61532034239039
286.7270727157593,11.607599513343365
286.7270727157593,11.600194739054766
286.72807359695435,11.593142897190477
286.72807359695435,11.586475766091805
286.72807359695435,11.580205691921945
286.72907280921936,11.574361390002666
286.72907280921936,11.568953788448974
286.73007225990295,11.563993899174816
286.73007225990295,11.559476621761121
286.73007225990295,11.555406576213343
286.7310724258423,11.551750189481973
286.7310724258423,11.548514371678571
286.73207449913025,11.545685887306199
286.73207449913025,11.54323485219578
286.73307275772095,11.541149100395437
286.734073638916,11.539417706197385
286.734073638916,11.53802697310646
286.734073638916,11.536954097888295
286.7350721359253,11.536168337547597
286.7350721359253,11.535629460011762
286.7360737323761,11.535282245350666
286.7360737323761,11.535089107962312
286.7370729446411,11.535008638526845
286.7370729446411,11.53500371514229
286.7370729446411,11.535037865274472
286.73808217048645,11.535080749083576
286.73808217048645,11.535115273153385
286.73907351493835,11.53512481180521
286.73907351493835,11.535105482001555
286.74007391929626,11.53506509240237
286.74007391929626,11.535018265053052
286.7410731315613,11.534974839969447
286.7410731315613,11.53494502525073
286.7420792579651,11.534943361495277
286.7420792579651,11.53499544135608
286.7430729866028,11.535130456633608
286.7430729866028,11.535376710090937
286.7440745830536,11.535752021205115
286.7440745830536,11.536270603248353
286.7450740337372,11.536941559920729
286.74608635902405,11.537769995340371
286.74608635902405,11.538761992442431
286.74707293510437,11.539914188801534
286.74707293510437,11.541208616482669
286.74807596206665,11.54263906874995
286.74807596206665,11.544220489042672
286.7490744590759,11.54597316520723
286.75007343292236,11.547918143007756
286.75007343292236,11.5500666950294
286.7510726451874,11.552436290526497
286.7510726451874,11.555039779805155
286.75207257270813,11.557885184263593
286.75307393074036,11.561010256476127
286.75307393074036,11.564441382159803
286.7540760040283,11.5682148686739
286.7540760040283,11.572362757005164
286.755074262619,11.576912591381669
286.755074262619,11.581918151619595
286.75607347488403,11.58740599632672
286.7570745944977,11.593380427722865
286.7570745944977,11.599813030027754
286.75807332992554,11.606672006401535
286.75807332992554,11.613892387252616
286.7590751647949,11.621403475330096
286.7600734233856,11.629141783189263
286.7600734233856,11.637021129511288
286.76107382774353,11.64497958339183
286.7620759010315,11.652971019960386
286.7620759010315,11.660946485599805
286.76307344436646,11.668869451160072
286.76307344436646,11.676705116808638
286.76307344436646,11.684411162815818
286.7640731334686,11.691968459251278
286.7640731334686,11.699347581907723
286.76507449150085,11.706538671474602
286.76507449150085,11.713539549750008
286.7660746574402,11.720344740059161
286.7660746574402,11.726959456230079
286.7660746574402,11.733390367547766
286.767071723938,11.739658626058555
286.767071723938,11.745784975712887
286.767071723938,11.75177699887529
286.76807141304016,11.757655624855577
286.76807141304016,11.763436983749376
286.76807141304016,11.769128351440429
286.76907229423523,11.774749682012823
286.76907229423523,11.780300690296867
286.7700901031494,11.785812088047905
286.7700901031494,11.791297049875466
286.77107310295105,11.796779029363812
286.77107310295105,11.8022668161365
286.77107310295105,11.807780597707431
286.7720715999603,11.813324511124204
286.7720715999603,11.818920412262418
286.7720715999603,11.824570050406086
286.7730734348297,11.83029464973257
286.7730734348297,11.836098804173602
286.7730734348297,11.842001280363297
286.7740728855133,11.848008575089668
286.7740728855133,11.85412556116719
286.7740728855133,11.860360795494056
286.7750720977783,11.866703480691463
286.7750720977783,11.87312830039455
286.7750720977783,11.879621446217318
286.7760715484619,11.886160602031325
286.7760715484619,11.892722822953608
286.7760715484619,11.899283437557427
293.55079102516174,11.90582220106728
293.55278992652893,11.912328515928186
293.5547938346863,11.918779361983791
293.5557906627655,11.925166089449426
293.55779910087585,11.931459552851303
293.5597925186157,11.93765150036945
293.5607953071594,11.943714626156927
293.5617895126343,11.949642257012155
293.56278896331787,11.95542066602041
293.56278896331787,11.961037089179543
293.56380128860474,11.966487937652035
293.5647885799408,11.971761309958962
293.56578850746155,11.976866974555477
293.56578850746155,11.981799075337479
293.5667955875397,11.986575696986591
293.5677881240845,11.991203437162811
293.5677881240845,11.995675752877098
293.56878757476807,11.999983747108406
293.5697875022888,12.004112988453635
293.5697875022888,12.008062406134409
293.5697875022888,12.011830106322874
293.5707862377167,12.015405475920327
293.571786403656,12.018800474646598
293.571786403656,12.022021225431205
293.5727872848511,12.025061106951382
293.5727872848511,12.027923656960192
293.5737874507904,12.030621004212572
293.5737874507904,12.033160169859729
293.57478642463684,12.035547542259895
293.57478642463684,12.037798576031584
293.57578706741333,12.039916459243111
293.5767903327942,12.041919535128104
293.5767903327942,12.043815038013308
293.57778787612915,12.04560562230567
293.57778787612915,12.047288633108147
293.5787863731384,12.048863115088972
293.5787863731384,12.050332705739995
293.5787863731384,12.051704332249795
293.5787863731384,12.052987812032308
293.57978653907776,12.054197340076067
293.57978653907776,12.055344193104917
293.58078718185425,12.056434341304344
293.58078718185425,12.057473780264791
293.581787109375,12.058477413966383
293.581787109375,12.059472162169083
293.581787109375,12.060498682554332
293.5827877521515,12.06161067802747
293.58378648757935,12.06284755235361
293.58378648757935,12.064234222123975
293.5847873687744,12.065783925264883
293.5847873687744,12.067508350083266
293.5847873687744,12.069427402303763
293.5857870578766,12.071534273069647
293.5857870578766,12.073803765990286
293.5857870578766,12.076181494984235
293.58678698539734,12.078608531904166
293.58678698539734,12.081018708397865
293.58778977394104,12.083343518696664
293.5887894630432,12.085514575936187
293.5887894630432,12.087477811378818
293.58978843688965,12.08918938153838
293.58978843688965,12.090618326631352
293.58978843688965,12.091746768211614
293.59078669548035,12.092563339330281
293.59078669548035,12.093066693401708
293.59078669548035,12.093256891684566
293.5917866230011,12.093139354196703
293.5917866230011,12.092715557059698
293.5927894115448,12.09199546818021
293.59378719329834,12.09098375783106
293.59378719329834,12.089684293731919
293.59378719329834,12.088103782878786
293.59478640556335,12.086249369754618
293.59478640556335,12.084138502799725
293.59478640556335,12.081795122924992
293.5957865715027,12.079246425791249
293.5957865715027,12.076531724245688
293.5957865715027,12.073676750672725
293.5967869758606,12.070709759833733
293.5967869758606,12.067658665821433
293.5977931022644,12.064552848840615
293.59878730773926,12.061427479263543
293.59878730773926,12.058313401587407
293.59878730773926,12.055236905871636
293.5997862815857,12.052205463707102
293.5997862815857,12.049235780100231
293.5997862815857,12.046347326820586
293.600786447525,12.0435520773373
293.600786447525,12.040869241465892
293.60178899765015,12.038308912061563
293.60178899765015,12.035894133739857
293.60178899765015,12.03364499529668
293.6027867794037,12.031588892878917
293.6027867794037,12.029754477557123
293.6027867794037,12.02815777606714
293.60378646850586,12.026788394795888
293.60378646850586,12.02563874229493
293.60378646850586,12.024699267642308
293.60478615760803,12.02395194421599
293.60478615760803,12.023380025880225
293.60578751564026,12.022970384758297
293.60578751564026,12.022696191271734
293.60578751564026,12.022522786099122
293.606787443161,12.022414798564052
293.606787443161,12.022337249839591
293.60778760910034,12.022262155576241
293.60778760910034,12.022166370704563
293.60778760910034,12.022034875743556
293.60778760910034,12.021858265198505
293.6087863445282,12.021632639293465
293.6087863445282,12.021351054028356
293.60978746414185,12.02100993620626
293.60978746414185,12.020592780026538
293.61078786849976,12.020082814178375
293.61078786849976,12.019463738142871
293.61078786849976,12.018721757044379
293.61178755760193,12.017840961338385
293.61178755760193,12.016807205236478
293.61278796195984,12.01560325787923
293.61278796195984,12.014213433365676
293.61278796195984,12.012623339514473
293.6137878894806,12.010829661391504
293.6137878894806,12.008834479974025
293.61478757858276,12.00664074268484
293.61478757858276,12.004259095457432
293.6157867908478,12.001701455575875
293.6157867908478,11.998980186747866
293.6157867908478,11.996106188243512
293.61678647994995,11.993085128055908
293.61678647994995,11.989926518617938
293.6177878379822,11.986640073255357
293.61878871917725,11.983237537949986
293.61878871917725,11.979733623527208
293.61878871917725,11.976153896621264
293.61978697776794,11.972527531141823
293.61978697776794,11.968887785423249
293.61978697776794,11.96525048339672
300.4153380393982,11.961623491499713
300.4162881374359,11.958008806101047
300.41728615760803,11.954410682856107
300.4182848930359,11.950838540713075
300.4192900657654,11.94730963732696
300.4192900657654,11.943851425186612
300.4202811717987,11.940509003782799
300.4212827682495,11.9373292126338
300.4212827682495,11.934356116509742
300.42228293418884,11.931634624684534
300.42228293418884,11.929199264389872
300.42328333854675,11.927075858186544
300.42328333854675,11.925273662123155
300.4242835044861,11.923801153733368
300.4242835044861,11.922676114889626
300.42528223991394,11.921923582009251
300.4262845516205,11.92154646545381
300.4262845516205,11.921511036677469
300.42728209495544,11.921754389180531
300.42728209495544,11.922196419750218
300.42828249931335,11.922752860713661
300.4292850494385,11.923343923519342
300.4302821159363,11.92390086615058
300.4302821159363,11.924364683773613
300.43128275871277,11.924681842281473
300.43328046798706,11.924811085064842
300.43328046798706,11.924720550289612
300.43428206443787,11.9243896426601
300.43428206443787,11.923805949348667
300.43528151512146,11.922965125030231
300.43528151512146,11.921871430034251
300.43632340431213,11.920527660457306
300.43632340431213,11.91894684958759
300.4372823238373,11.917145390746763
300.4372823238373,11.915143297556122
300.4382815361023,11.912958838990289
300.4382815361023,11.910614792286706
300.43928241729736,11.908140898095906
300.43928241729736,11.905564141134995
300.4402949810028,11.902912144669818
300.4402949810028,11.900208412163439
300.4412829875946,11.89747966378358
300.4412829875946,11.89475234568698
300.4422812461853,11.892053736207334
300.4432816505432,11.889410899007988
300.4442949295044,11.886847996501855
300.4452803134918,11.884391009192155
300.44628047943115,11.88206886649191
300.4472806453705,11.879903798043486
300.4482877254486,11.877918930056753
300.4492828845978,11.876125312654246
300.45028805732727,11.874530957686206
300.45128893852234,11.87313822786784
300.4522821903229,11.87194882391639
300.45329332351685,11.870967969410277
300.4542875289917,11.87019213493722
300.4552872180939,11.869605239545493
300.45628094673157,11.869172331768125
300.45628094673157,11.86886066817234
300.45728850364685,11.868654044549944
300.45828771591187,11.868539796339247
300.4592807292938,11.868517984797068
300.4602839946747,11.868586093033135
300.46128964424133,11.868729021302999
300.46228313446045,11.868934641055272
300.46329402923584,11.869196227635662
300.46428775787354,11.869509761309986
300.4652805328369,11.869875274697513
300.4662868976593,11.870290691437848
300.4672932624817,11.870747078423111
300.4682891368866,11.871227310447825
300.4682891368866,11.871712725379536
300.4692816734314,11.872183752438525
300.4702801704407,11.872630918282807
300.4712805747986,11.873049391736945
300.47228813171387,11.873435903459766
300.47328877449036,11.873787683085858
300.47328877449036,11.874106058669236
300.47428011894226,11.874396919338018
300.47528052330017,11.874672562849728
300.47628808021545,11.874947415739586
300.47628808021545,11.87523209151693
300.4772961139679,11.875538414158276
300.4782876968384,11.875880641474962
300.47928071022034,11.876284780432163
300.48028779029846,11.876777633966851
300.4812808036804,11.877386590321965
300.4812808036804,11.878138815986146
300.4822874069214,11.879061699961154
300.4842836856842,11.880181091193233
300.48528385162354,11.881524354116562
300.48628306388855,11.883116330001995
300.4872827529907,11.884981873910412
300.4882826805115,11.88713687705388
300.4892816543579,11.88959314651969
300.4902822971344,11.892347289097053
300.49128246307373,11.8953843594975
300.49128246307373,11.898678736001012
300.4922811985016,11.902199267618677
300.49328446388245,11.905913359265336
300.49428629875183,11.90979145155184
300.49528336524963,11.913809297538934
300.49528336524963,11.917956589013281
300.4962854385376,11.92224059106765
300.49728536605835,11.926673112630448
300.49828147888184,11.93126372742258
300.49928426742554,11.936019991058437
300.5002820491791,11.940946552680991
300.5012831687927,11.946059745906572
300.50228476524353,11.951386025272969
300.5032856464386,11.95696207745458
300.5032856464386,11.962826972195115
300.5042827129364,11.969011818743082
300.5052840709686,11.975536283849113
300.5062823295593,11.982405710857488
300.5062823295593,11.989617608966295
300.508282661438,11.997158254609165
300.508282661438,12.00501021801932
300.509286403656,12.013148269918341
300.5112817287445,12.021550510382285
300.51228857040405,12.030206974944306
300.5132918357849,12.039113302088055
300.5132918357849,12.048271879711624
300.514280796051,12.057685074739979
300.51528787612915,12.067360599248552
300.5162875652313,12.077304960714626
300.51728773117065,12.08752427332052
300.5182876586914,12.098025136878398
300.5182876586914,12.108814169604956
300.51928782463074,12.119899011474043
300.52028036117554,12.131297616180332
300.52128767967224,12.143036684381892
300.52228355407715,12.155148552268113
300.52228355407715,12.167657980248018
300.5232877731323,12.180576411834188
300.5242874622345,12.193908585865374
300.5252802371979,12.207663551599248
307.2625021934509,12.221870273166934
307.26359152793884,12.236582738452459
307.26449966430664,12.251875122808473
307.26449966430664,12.267822896794375
307.2655086517334,12.284483856386345
307.26650977134705,12.301887817858962
307.2685077190399,12.320032701499908
307.26950240135193,12.338894656503673
307.26950240135193,12.358451118759707
307.2705018520355,12.378691960721325
307.2715001106262,12.3996207864623
307.2715001106262,12.421245752557025
307.27250027656555,12.443572726181614
307.27349972724915,12.466604651318942
307.27349972724915,12.490339916181819
307.27450227737427,12.514771279387956
307.2755084037781,12.539877212652751
307.27650690078735,12.56563723275057
307.27750182151794,12.592049192238203
307.2795076370239,12.619132570002463
307.28050923347473,12.646919888807846
307.2815046310425,12.675440186903119
307.2835032939911,12.704721084762113
307.2845096588135,12.734797567163431
307.28550481796265,12.76571655161903
307.2865045070648,12.797537506505329
307.28851222991943,12.830355689552668
307.28950691223145,12.864323533315938
307.2905070781708,12.898648838213276
307.29150462150574,12.930608925835159
307.292503118515,12.962686942930926
307.2935001850128,12.994984007800948
307.2945055961609,13.027611087479666
307.29550075531006,13.060677009347442
307.2965021133423,13.094262481012104
307.29751420021057,13.128387444162408
307.2985017299652,13.162992510909667
307.2995014190674,13.197946338653411
307.30051040649414,13.233068255118914
307.3015010356903,13.268166755653835
307.3025007247925,13.30306482451814
307.30350160598755,13.337617226649328
307.30450463294983,13.371691316467459
307.30550265312195,13.405163850649432
307.3065011501312,13.437922178553109
307.30750155448914,13.469865546102714
307.30850434303284,13.500920372435312
307.30950140953064,13.531029662709239
307.3105003833771,13.560159437139962
307.311505317688,13.5883054677861
307.31250262260437,13.615487920947123
307.3135027885437,13.641730634103995
307.31451439857483,13.667055249355768
307.3155062198639,13.69148497896491
307.3165032863617,13.715040916680323
307.31750679016113,13.737773451239063
307.3185029029846,13.759759260929552
307.31950998306274,13.781082568940413
307.3205027580261,13.801825690332077
307.3215148448944,13.822074598879748
307.3215148448944,13.841908824429172
307.3225095272064,13.86140150283051
307.32350969314575,13.880616224879656
307.3245005607605,13.899603482374973
307.3255090713501,13.918403028843347
307.3255090713501,13.937031595823283
307.3265073299408,13.955495563775731
307.32749915122986,13.973802442950461
307.32749915122986,13.991962004858443
307.3285002708435,14.009982073810972
307.32950091362,14.0278752352328
307.33050560951233,14.045660166205794
307.33050560951233,14.063341822113562
307.3315007686615,14.080931689602153
307.33250188827515,14.098429139238798
307.3335008621216,14.115831289997473
307.33450984954834,14.133151246542143
307.33450984954834,14.150401084245889
307.33549904823303,14.167592299846298
307.33549904823303,14.18472805278938
307.33650517463684,14.201794883222535
307.3374993801117,14.218759187979728
307.3374993801117,14.235583542284028
307.3385009765625,14.252226840789298
307.3385009765625,14.268655773105534
307.3395092487335,14.284848359134509
307.340505361557,14.300789645357375
307.340505361557,14.316474119209289
307.34149956703186,14.331901239703626
307.3424994945526,14.3470730792686
307.3424994945526,14.361983389405035
307.3434987068176,14.376632712621687
307.3434987068176,14.391000627686429
307.34449887275696,14.405083464017642
307.34550642967224,14.418876888129853
307.34550642967224,14.432379561176715
307.3464994430542,14.445592474580714
307.3464994430542,14.45851396193501
307.34750604629517,14.471137611057934
307.34750604629517,14.483470347398548
307.3485062122345,14.495521320194499
307.34950160980225,14.507315636053118
307.34950160980225,14.51887502938764
307.35050106048584,14.530226160046505
307.35050106048584,14.541401012423345
307.3515079021454,14.552435290271594
307.3515079021454,14.563361433156075
307.3525061607361,14.574201858008726
307.35349917411804,14.58497155128117
307.35349917411804,14.595692889574229
307.35449981689453,14.606393618730928
307.3555061817169,14.617100468855524
307.3555061817169,14.627824976664865
307.35649943351746,14.638555171541466
307.35649943351746,14.649254567857804
307.35750818252563,14.659874705613305
307.35849928855896,14.670357501039097
307.35849928855896,14.68065070602801
307.35950469970703,14.690732707575291
307.3605008125305,14.700594399766779
307.3605008125305,14.710204308218053
307.3614993095398,14.71953717731973
307.36250734329224,14.728582938673794
307.36250734329224,14.737304748588812
307.3634989261627,14.745674673943293
307.3634989261627,14.753642128424687
307.3645052909851,14.761181794465484
307.36549949645996,14.768291112918856
307.36549949645996,14.774999093004595
307.36650586128235,14.78135134002507
307.3674991130829,14.787406109745351
307.3674991130829,14.793225992420806
307.3684992790222,14.798869598084355
307.3684992790222,14.8043984126952
307.3694987297058,14.809865599343938
307.3694987297058,14.815316146101802
307.3705053329468,14.820791586724923
314.11501288414,14.826327518728538
314.11795449256897,14.8319510347127
314.1199460029602,14.83767123655529
314.1209444999695,14.843486177150929
314.12295031547546,14.84937528398098
314.1259489059448,14.855308076186196
314.1279466152191,14.861236050227
314.1299455165863,14.867112402270486
314.131952047348,14.87291168759488
314.1339521408081,14.878612911723192
314.1359465122223,14.8842102208404
314.1379539966583,14.889718917429274
314.13969707489014,14.895158914776989
314.1414647102356,14.90053046659196
314.14248609542847,14.905834837006129
314.14409470558167,14.911069378585525
314.14570212364197,14.916239981634837
314.1477346420288,14.92137712246588
314.1503121852875,14.926502490546557
314.15132331848145,14.931613913954108
314.1523153781891,14.936671108038244
314.15432715415955,14.941606782158864
314.1563186645508,14.946330138307756
314.1583137512207,14.950763922938988
314.1603190898895,14.95483726048
314.1623122692108,14.95849408405624
314.1633098125458,14.961685296146488
314.16430830955505,14.964359833569228
314.1663100719452,14.96647955391309
314.167307138443,14.968012645795756
314.1683158874512,14.968941160996495
314.16930627822876,14.969262767194934
314.1713149547577,14.968976273252599
314.1723189353943,14.968090380046918
314.17331075668335,14.966646279395743
314.1743094921112,14.964712555029479
314.1753091812134,14.962352882778815
314.17630887031555,14.959657774979698
314.17630887031555,14.956734218721657
314.1773102283478,14.95370018782519
314.1783096790314,14.95068499286177
314.1793134212494,14.947835623244819
314.180317401886,14.945293234786583
314.18130564689636,14.943179973075345
314.18230867385864,14.941586790150245
314.18230867385864,14.94055995287212
314.18330693244934,14.940103617461263
314.18330693244934,14.940171608598842
314.1843054294586,14.940699499706112
314.1853094100952,14.94158605734348
314.1853094100952,14.942727941255246
314.1863079071045,14.94403771325066
314.1863079071045,14.94542840191371
314.1873071193695,14.946851990132563
314.18830585479736,14.948301602230313
314.18830585479736,14.949811246359427
314.18930411338806,14.951426884031244
314.1903054714203,14.953173828898967
314.1913139820099,14.955048274573022
314.19232153892517,14.957050075910704
314.1943094730377,14.959152419834492
314.19530987739563,14.961300570391087
314.19631838798523,14.963403308607948
314.1973102092743,14.965331069987737
314.1973102092743,14.966945798361527
314.1983118057251,14.96809699747724
314.19931054115295,14.968666598497515
314.20032572746277,14.968525581096797
314.20032572746277,14.96758524449792
314.2013056278229,14.965795354195487
314.2013056278229,14.963129786060662
314.2023057937622,14.959607631814427
314.2023057937622,14.955273304148507
314.2033088207245,14.95018884003544
314.20430731773376,14.944467367816205
314.20430731773376,14.938246578527929
314.2053053379059,14.931654483792617
314.206312417984,14.924809875015455
314.20730686187744,14.917811334130676
314.20730686187744,14.910747152888858
314.2083065509796,14.903701315092366
314.2083065509796,14.896747309819148
314.20930767059326,14.889962976218797
314.21032428741455,14.883419488951587
314.21032428741455,14.877179000690063
314.2113082408905,14.871282515296564
314.2113082408905,14.865754365282763
314.2123067378998,14.860604821951426
314.2123067378998,14.855834706731816
314.2133059501648,14.851437583929174
314.2133059501648,14.847400266579426
314.2143051624298,14.843704549049727
314.2143051624298,14.840323994784562
314.21530532836914,14.837219910207255
314.21530532836914,14.834353451760869
314.21630692481995,14.831693871774537
314.2173066139221,14.82921656391252
314.2173066139221,14.826911738505645
314.2183063030243,14.824765402553275
314.2183063030243,14.822748791878725
314.21930861473083,14.82082161414274
314.21930861473083,14.818932872983474
314.2203061580658,14.817041210242023
314.2203061580658,14.815095304778227
314.22130489349365,14.813069166672655
314.2223036289215,14.810945868930162
314.2223036289215,14.808723510599906
314.22330713272095,14.806395337269588
314.22330713272095,14.803944565102967
314.2243094444275,14.80134926014183
314.2243094444275,14.798583747293323
314.22530484199524,14.795622089305631
314.22530484199524,14.792445822010611
314.2263081073761,14.78905033938673
314.2273073196411,14.785432274221764
314.2273073196411,14.78158379396971
314.2283082008362,14.77748530206279
314.2283082008362,14.773121375220214
314.22930788993835,14.76847476122963
314.22930788993835,14.76354418710123
314.2303066253662,14.758334675338462
314.2303066253662,14.752869011273116
314.2313041687012,14.747178256485899
314.2323076725006,14.741316356764155
314.2323076725006,14.73532839984722
314.2333085536957,14.729259522000213
314.2343065738678,14.723132052637858
314.2353096008301,14.716967916457875
314.2353096008301,14.710789710308998
314.236310005188,14.704622581109533
314.2373070716858,14.69850209365852
314.2373070716858,14.692480150537467
314.2383089065552,14.686626270138634
314.2383089065552,14.681008020508937
314.2393066883087,14.67568930226504
314.2403073310852,14.67072665618938
314.2403073310852,14.666159140802414
320.96806597709656,14.661996052908323
320.9699981212616,14.658232780870419
320.9720115661621,14.654847195477288
320.9730010032654,14.651803295611836
320.9749252796173,14.649052927603552
320.97592401504517,14.646533571076272
320.97792315483093,14.644163851663683
320.9799213409424,14.641855959316153
320.98092222213745,14.639515037837125
320.98192167282104,14.637055125849097
320.9839839935303,14.634411526529114
320.9849224090576,14.631522732042509
320.98597717285156,14.62835346558048
320.9879198074341,14.624866436473908
320.98892092704773,14.621035014130776
320.9899182319641,14.616850852339967
320.9929232597351,14.612331910683583
320.9939172267914,14.607489517807933
320.9949245452881,14.602367980282638
320.99591588974,14.597003849765276
320.99591588974,14.59143529503682
320.99692153930664,14.585716005252317
320.99791622161865,14.57989744358214
320.9989159107208,14.574025633913163
320.99992394447327,14.56814372640202
320.99992394447327,14.56230506489348
321.00091576576233,14.556545010957446
321.0019156932831,14.550894652527012
321.0029170513153,14.545378236355027
321.00391578674316,14.540019386274281
321.004921913147,14.534838037111497
321.0059173107147,14.529849778069547
321.00691747665405,14.52506576466639
321.00691747665405,14.520488640416174
321.00792169570923,14.516110296414722
321.00892210006714,14.511916854568598
321.00991582870483,14.507901792184963
321.0109164714813,14.50405797883146
321.0109164714813,14.500395861661202
321.01191449165344,14.496926623832447
321.01291584968567,14.493645795000567
321.01291584968567,14.490548544298917
321.01392126083374,14.48760943534585
321.01491594314575,14.484789465021912
321.01491594314575,14.482047962346936
321.0159239768982,14.479337481679485
321.0159239768982,14.47660945410236
321.01692152023315,14.47382342183938
321.01692152023315,14.470944474531143
321.01692152023315,14.46795147459966
321.0179214477539,14.464816724396382
321.0189151763916,14.46152911146341
321.0189151763916,14.458071318365919
321.0199155807495,14.454422258635478
321.0199155807495,14.450572934359055
321.0209147930145,14.44651334803029
321.0209147930145,14.442244659435893
321.02192211151123,14.43775378337207
321.02192211151123,14.433045240349774
321.0229194164276,14.42812922533846
321.0229194164276,14.423017299506046
321.0239236354828,14.417708666326918
321.0239236354828,14.412212483549894
321.0249218940735,14.406543461926248
321.0249218940735,14.400739442093172
321.0249218940735,14.394828179957342
321.0259141921997,14.388861244320708
321.0259141921997,14.38287526493356
321.0269148349762,14.376912588176298
321.0269148349762,14.37100715651807
321.02791476249695,14.365200170709297
321.02791476249695,14.359521618153199
321.02791476249695,14.354019667968284
321.02892088890076,14.34874423554168
321.02892088890076,14.343742330096594
321.02892088890076,14.33904089650955
321.02892088890076,14.334635645086403
321.02992153167725,14.330514655440098
321.02992153167725,14.326648974573226
321.03091621398926,14.322988985589308
321.0319187641144,14.319492257402642
321.0319187641144,14.31610195084847
321.0319187641144,14.312776720223999
321.0329146385193,14.309492300939127
321.0329146385193,14.30623080593237
321.0339138507843,14.302980468185172
321.0339138507843,14.29975444922511
321.0339138507843,14.296572345779502
321.0349152088165,14.293460328010735
321.03591680526733,14.290428926980224
321.03591680526733,14.287502498575321
321.03692603111267,14.284724460719264
321.03692603111267,14.28211816750306
321.03692603111267,14.279684521125503
321.03791427612305,14.277411942640322
321.03791427612305,14.27526469397472
321.03791427612305,14.273172856643082
321.038920879364,14.271095454588028
321.038920879364,14.268988264203623
321.0399146080017,14.26682102532642
321.0399146080017,14.264587936941805
321.0399146080017,14.262295798057421
321.0409142971039,14.259933726828326
321.0409142971039,14.257540038073106
321.0409142971039,14.255112407148838
321.04191422462463,14.252659537431217
321.04191422462463,14.250208699498819
321.04191422462463,14.247792444039879
321.04292154312134,14.245423391079765
321.04292154312134,14.243106884920666
321.0439178943634,14.240886953907875
321.0439178943634,14.23874466412186
321.0439178943634,14.236672347934375
321.0449278354645,14.2346776030179
321.0449278354645,14.2327548481188
321.0449278354645,14.230914606291236
321.04591488838196,14.229153207431738
321.04591488838196,14.227467286803373
321.04591488838196,14.22586690020394
321.0469250679016,14.224355736625938
321.0469250679016,14.222924047847355
321.04791474342346,14.221559365440772
321.04791474342346,14.220249179331338
321.04791474342346,14.21895744336079
321.0489225387573,14.217646224113283
321.0489225387573,14.216298160853565
321.0489225387573,14.21493421894301
321.0499210357666,14.21356477540101
321.0499210357666,14.212190798001563
321.0499210357666,14.21081457142274
321.0509147644043,14.209439421599338
321.0519149303436,14.208076810115664
321.0519149303436,14.206722525115113
321.0529146194458,14.205382876797833
321.0539138317108,14.204098911407455
321.0539138317108,14.202880934909636
321.0549249649048,14.201744100522307
327.8281350135803,14.200677275828054
